timestamp,open,high,low,close,volume
2026-03-08 01:00:00+00:00,0.0827,0.0831,0.0826,0.0829,446408.0
2026-03-08 02:00:00+00:00,0.0829,0.083,0.0821,0.0821,944825.0
2026-03-08 03:00:00+00:00,0.0821,0.0825,0.082,0.0822,558752.0
2026-03-08 04:00:00+00:00,0.0823,0.0825,0.0817,0.082,638694.0
2026-03-08 05:00:00+00:00,0.082,0.0827,0.082,0.0824,473192.0
2026-03-08 06:00:00+00:00,0.0824,0.0825,0.082,0.0824,684777.0
2026-03-08 07:00:00+00:00,0.0824,0.0828,0.0823,0.0826,585602.0
2026-03-08 08:00:00+00:00,0.0826,0.0827,0.0821,0.0826,451583.0
2026-03-08 09:00:00+00:00,0.0825,0.0831,0.0824,0.0829,786038.0
2026-03-08 10:00:00+00:00,0.083,0.0838,0.083,0.0835,889063.0
2026-03-08 11:00:00+00:00,0.0835,0.0835,0.0829,0.0832,345957.0
2026-03-08 12:00:00+00:00,0.0831,0.0835,0.0825,0.083,1343716.0
2026-03-08 13:00:00+00:00,0.0831,0.0831,0.0822,0.0827,1270869.0
2026-03-08 14:00:00+00:00,0.0827,0.0829,0.0822,0.0825,979702.0
2026-03-08 15:00:00+00:00,0.0825,0.0825,0.0818,0.082,705637.0
2026-03-08 16:00:00+00:00,0.082,0.0822,0.0817,0.0819,771955.0
2026-03-08 17:00:00+00:00,0.0819,0.0824,0.0818,0.0822,640015.0
2026-03-08 18:00:00+00:00,0.0822,0.0823,0.0819,0.0823,448036.0
2026-03-08 19:00:00+00:00,0.0823,0.0832,0.0821,0.0829,1047488.0
2026-03-08 20:00:00+00:00,0.083,0.0833,0.0825,0.0829,682359.0
2026-03-08 21:00:00+00:00,0.0827,0.0829,0.0823,0.0827,281425.0
2026-03-08 22:00:00+00:00,0.0825,0.0825,0.081,0.0821,2279438.0
2026-03-08 23:00:00+00:00,0.0821,0.0824,0.0816,0.0818,1571982.0
2026-03-09 00:00:00+00:00,0.0817,0.0829,0.0817,0.0822,2156178.0
2026-03-09 01:00:00+00:00,0.0822,0.0827,0.0818,0.0819,1532567.0
2026-03-09 02:00:00+00:00,0.0819,0.0827,0.0815,0.0825,1520006.0
2026-03-09 03:00:00+00:00,0.0824,0.0839,0.0824,0.0829,2100784.0
2026-03-09 04:00:00+00:00,0.083,0.0835,0.0829,0.083,1385645.0
2026-03-09 05:00:00+00:00,0.0831,0.0845,0.0829,0.0841,1535413.0
2026-03-09 06:00:00+00:00,0.0841,0.0842,0.0831,0.0832,837134.0
2026-03-09 07:00:00+00:00,0.0832,0.0833,0.0825,0.0831,1192958.0
2026-03-09 08:00:00+00:00,0.0832,0.0836,0.0831,0.0832,1255868.0
2026-03-09 09:00:00+00:00,0.0831,0.0839,0.0829,0.0832,1498274.0
2026-03-09 10:00:00+00:00,0.0833,0.0833,0.0829,0.083,1085260.0
2026-03-09 11:00:00+00:00,0.0829,0.0832,0.0825,0.0831,889314.0
2026-03-09 12:00:00+00:00,0.0831,0.0838,0.083,0.0834,973371.0
2026-03-09 13:00:00+00:00,0.0834,0.0844,0.0834,0.084,2766978.0
2026-03-09 14:00:00+00:00,0.084,0.0846,0.0836,0.0839,5241079.0
2026-03-09 15:00:00+00:00,0.0839,0.084,0.0834,0.0835,1609007.0
2026-03-09 16:00:00+00:00,0.0836,0.0838,0.0831,0.0833,1003025.0
2026-03-09 17:00:00+00:00,0.0833,0.0836,0.0831,0.0834,1281038.0
2026-03-09 18:00:00+00:00,0.0833,0.0836,0.0829,0.0831,1014660.0
2026-03-09 19:00:00+00:00,0.0832,0.0847,0.083,0.0838,2467922.0
2026-03-09 20:00:00+00:00,0.0838,0.084,0.0834,0.0838,1026956.0
2026-03-09 21:00:00+00:00,0.0838,0.084,0.0837,0.0839,715129.0
2026-03-09 22:00:00+00:00,0.0841,0.0841,0.0831,0.0832,406721.0
2026-03-09 23:00:00+00:00,0.0831,0.0834,0.0831,0.0833,616663.0
2026-03-10 00:00:00+00:00,0.0832,0.0842,0.0832,0.0838,864133.0
2026-03-10 01:00:00+00:00,0.0838,0.084,0.0833,0.0837,1007415.0
2026-03-10 02:00:00+00:00,0.0837,0.085,0.0835,0.0844,1820965.0
2026-03-10 03:00:00+00:00,0.0845,0.0851,0.0841,0.0843,3608072.0
2026-03-10 04:00:00+00:00,0.0844,0.0853,0.0844,0.0852,1367494.0
2026-03-10 05:00:00+00:00,0.0852,0.0854,0.0848,0.0848,570550.0
2026-03-10 06:00:00+00:00,0.0848,0.0851,0.0846,0.0851,473509.0
2026-03-10 07:00:00+00:00,0.0851,0.0859,0.085,0.0855,1369201.0
2026-03-10 08:00:00+00:00,0.0856,0.0864,0.0856,0.0863,1687557.0
2026-03-10 09:00:00+00:00,0.0863,0.0883,0.0863,0.0882,845128.0
2026-03-10 10:00:00+00:00,0.0882,0.0886,0.0875,0.0882,1989852.0
2026-03-10 11:00:00+00:00,0.0882,0.0884,0.0871,0.0872,1513082.0
2026-03-10 12:00:00+00:00,0.0872,0.0875,0.0867,0.0875,647024.0
2026-03-10 13:00:00+00:00,0.0875,0.0885,0.0867,0.0867,2834698.0
2026-03-10 14:00:00+00:00,0.0868,0.0894,0.086,0.0893,3039836.0
2026-03-10 15:00:00+00:00,0.0894,0.0896,0.0878,0.0884,2613925.0
2026-03-10 16:00:00+00:00,0.0885,0.0891,0.0881,0.0883,1561623.0
2026-03-10 17:00:00+00:00,0.0884,0.0886,0.0873,0.0873,1741632.0
2026-03-10 18:00:00+00:00,0.0872,0.0875,0.0858,0.0864,2901878.0
2026-03-10 19:00:00+00:00,0.0863,0.0864,0.0853,0.0856,1634837.0
2026-03-10 20:00:00+00:00,0.0855,0.086,0.0855,0.0858,768411.0
2026-03-10 21:00:00+00:00,0.0857,0.0861,0.0849,0.0851,738602.0
2026-03-10 22:00:00+00:00,0.0851,0.0855,0.0849,0.0851,452924.0
2026-03-10 23:00:00+00:00,0.0852,0.0856,0.0851,0.0853,1023079.0
2026-03-11 00:00:00+00:00,0.0854,0.0857,0.0849,0.0855,1041488.0
2026-03-11 01:00:00+00:00,0.0855,0.0856,0.0851,0.0852,462021.0
2026-03-11 02:00:00+00:00,0.0852,0.0853,0.085,0.0852,417643.0
2026-03-11 03:00:00+00:00,0.0852,0.0855,0.0849,0.0851,456597.0
2026-03-11 04:00:00+00:00,0.085,0.0854,0.0848,0.0854,1614763.0
2026-03-11 05:00:00+00:00,0.0854,0.0855,0.0842,0.0844,533773.0
2026-03-11 06:00:00+00:00,0.0845,0.0852,0.0844,0.0849,506453.0
2026-03-11 07:00:00+00:00,0.0849,0.0852,0.0845,0.0848,507428.0
2026-03-11 08:00:00+00:00,0.0848,0.085,0.0846,0.0848,547548.0
2026-03-11 09:00:00+00:00,0.0849,0.0852,0.0847,0.0848,741175.0
2026-03-11 10:00:00+00:00,0.0849,0.0855,0.0848,0.0852,441611.0
2026-03-11 11:00:00+00:00,0.0851,0.0856,0.0851,0.0854,422110.0
2026-03-11 12:00:00+00:00,0.0854,0.0866,0.0851,0.0859,1226175.0
2026-03-11 13:00:00+00:00,0.0859,0.0877,0.0858,0.0866,2496934.0
2026-03-11 14:00:00+00:00,0.0867,0.0874,0.0865,0.0868,2536174.0
2026-03-11 15:00:00+00:00,0.0868,0.0869,0.0857,0.0865,2051939.0
2026-03-11 16:00:00+00:00,0.0865,0.0867,0.0858,0.0863,1762794.0
2026-03-11 17:00:00+00:00,0.0863,0.087,0.086,0.0865,1509614.0
2026-03-11 18:00:00+00:00,0.0865,0.087,0.0864,0.0868,1565100.0
2026-03-11 19:00:00+00:00,0.0869,0.0869,0.0861,0.0865,1630317.0
2026-03-11 20:00:00+00:00,0.0864,0.0867,0.0862,0.0866,337159.0
2026-03-11 21:00:00+00:00,0.0867,0.087,0.0864,0.0869,422731.0
2026-03-11 22:00:00+00:00,0.0869,0.087,0.0863,0.0864,689506.0
2026-03-11 23:00:00+00:00,0.0865,0.0867,0.086,0.0862,597861.0
2026-03-12 00:00:00+00:00,0.0862,0.0865,0.086,0.0862,444602.0
2026-03-12 01:00:00+00:00,0.0863,0.0863,0.0857,0.0858,439720.0
2026-03-12 02:00:00+00:00,0.0858,0.086,0.0851,0.0852,556739.0
2026-03-12 03:00:00+00:00,0.0853,0.0859,0.085,0.0854,1592111.0
2026-03-12 04:00:00+00:00,0.0853,0.0856,0.085,0.0851,382135.0
2026-03-12 05:00:00+00:00,0.0851,0.0853,0.0849,0.0852,498753.0
2026-03-12 06:00:00+00:00,0.0853,0.0857,0.0852,0.0857,408187.0
2026-03-12 07:00:00+00:00,0.0857,0.0859,0.0856,0.0857,639021.0
2026-03-12 08:00:00+00:00,0.0857,0.0861,0.0855,0.0859,560196.0
2026-03-12 09:00:00+00:00,0.0859,0.0867,0.0856,0.0862,503157.0
2026-03-12 10:00:00+00:00,0.0862,0.0869,0.0861,0.0867,1165922.0
2026-03-12 11:00:00+00:00,0.0867,0.0868,0.0863,0.0865,720698.0
2026-03-12 12:00:00+00:00,0.0865,0.0872,0.0863,0.0869,686459.0
2026-03-12 13:00:00+00:00,0.0869,0.0871,0.0859,0.0862,1808925.0
2026-03-12 14:00:00+00:00,0.0862,0.0869,0.0852,0.0858,2146113.0
2026-03-12 15:00:00+00:00,0.0858,0.0868,0.0857,0.0866,1269916.0
2026-03-12 16:00:00+00:00,0.0866,0.0872,0.0861,0.0869,1197455.0
2026-03-12 17:00:00+00:00,0.087,0.088,0.0869,0.0873,2044505.0
2026-03-12 18:00:00+00:00,0.0873,0.0882,0.0871,0.0876,2094110.0
2026-03-12 19:00:00+00:00,0.0876,0.0885,0.0876,0.0883,1325791.0
2026-03-12 20:00:00+00:00,0.0882,0.0883,0.0875,0.0877,1240347.0
2026-03-12 21:00:00+00:00,0.0877,0.0885,0.0877,0.0884,689616.0
2026-03-12 22:00:00+00:00,0.0884,0.0889,0.0884,0.0887,859242.0
2026-03-12 23:00:00+00:00,0.0886,0.0892,0.0885,0.089,874614.0
2026-03-13 00:00:00+00:00,0.0891,0.0917,0.0891,0.0908,6148016.0
2026-03-13 01:00:00+00:00,0.0909,0.0921,0.0908,0.0918,2063958.0
2026-03-13 02:00:00+00:00,0.0918,0.092,0.091,0.0913,1519982.0
2026-03-13 03:00:00+00:00,0.0914,0.092,0.0907,0.0919,3561067.0
2026-03-13 04:00:00+00:00,0.092,0.0922,0.091,0.0911,1163109.0
2026-03-13 05:00:00+00:00,0.0911,0.0914,0.0909,0.091,794093.0
2026-03-13 06:00:00+00:00,0.091,0.0912,0.0905,0.0905,1231766.0
2026-03-13 07:00:00+00:00,0.0905,0.0908,0.0902,0.0906,1452354.0
2026-03-13 08:00:00+00:00,0.0907,0.0915,0.0905,0.0911,1201416.0
2026-03-13 09:00:00+00:00,0.0911,0.0917,0.0911,0.0913,829074.0
2026-03-13 10:00:00+00:00,0.0913,0.0943,0.0913,0.0941,3942976.0
2026-03-13 11:00:00+00:00,0.0941,0.0945,0.0931,0.0939,3787628.0
2026-03-13 12:00:00+00:00,0.0939,0.0965,0.0939,0.0957,4924633.0
2026-03-13 13:00:00+00:00,0.0957,0.0968,0.0952,0.0962,5347850.0
2026-03-13 14:00:00+00:00,0.0963,0.0969,0.094,0.0943,4876254.0
2026-03-13 15:00:00+00:00,0.0942,0.0957,0.0939,0.0941,6381354.0
2026-03-13 16:00:00+00:00,0.0941,0.0948,0.0937,0.0942,2988484.0
2026-03-13 17:00:00+00:00,0.0943,0.0943,0.0925,0.0927,2336564.0
2026-03-13 18:00:00+00:00,0.0927,0.0934,0.0925,0.0931,934244.0
2026-03-13 19:00:00+00:00,0.0932,0.0942,0.093,0.0937,2709846.0
2026-03-13 20:00:00+00:00,0.0938,0.0939,0.0931,0.0938,811046.0
2026-03-13 21:00:00+00:00,0.0938,0.0949,0.0938,0.094,2082925.0
2026-03-13 22:00:00+00:00,0.094,0.0941,0.093,0.0933,3256260.0
2026-03-13 23:00:00+00:00,0.0932,0.0942,0.0931,0.0939,644889.0
2026-03-14 00:00:00+00:00,0.0939,0.0943,0.0928,0.093,2566627.0
2026-03-14 01:00:00+00:00,0.0929,0.0934,0.0927,0.0932,1752154.0
2026-03-14 02:00:00+00:00,0.0931,0.0936,0.0928,0.0931,771549.0
2026-03-14 03:00:00+00:00,0.0931,0.0939,0.0931,0.0934,535436.0
2026-03-14 04:00:00+00:00,0.0934,0.0965,0.0932,0.095,6111999.0
2026-03-14 05:00:00+00:00,0.0951,0.0951,0.0936,0.094,1043559.0
2026-03-14 06:00:00+00:00,0.094,0.0942,0.0922,0.0923,4866749.0
2026-03-14 07:00:00+00:00,0.0922,0.0924,0.0918,0.0921,688068.0
2026-03-14 08:00:00+00:00,0.0921,0.0924,0.0919,0.0921,674752.0
2026-03-14 09:00:00+00:00,0.092,0.0924,0.0912,0.0915,1772691.0
2026-03-14 10:00:00+00:00,0.0915,0.0915,0.091,0.0912,821624.0
2026-03-14 11:00:00+00:00,0.0913,0.0917,0.0912,0.0913,405944.0
2026-03-14 12:00:00+00:00,0.0914,0.0914,0.0909,0.0911,443579.0
2026-03-14 13:00:00+00:00,0.0911,0.0912,0.0907,0.0907,1400481.0
2026-03-14 14:00:00+00:00,0.0907,0.0912,0.0906,0.0911,2092438.0
2026-03-14 15:00:00+00:00,0.0912,0.0917,0.0909,0.0913,1385723.0
2026-03-14 16:00:00+00:00,0.0913,0.0915,0.0911,0.0914,419481.0
2026-03-14 17:00:00+00:00,0.0913,0.0916,0.0912,0.0913,476802.0
2026-03-14 18:00:00+00:00,0.0913,0.0913,0.0906,0.0907,1099040.0
2026-03-14 19:00:00+00:00,0.0907,0.0907,0.0899,0.09,501541.0
2026-03-14 20:00:00+00:00,0.0899,0.0902,0.0897,0.09,759852.0
2026-03-14 21:00:00+00:00,0.0899,0.0905,0.0898,0.0905,630010.0
2026-03-14 22:00:00+00:00,0.0905,0.0908,0.0904,0.0905,378451.0
2026-03-14 23:00:00+00:00,0.0906,0.0911,0.0905,0.091,796689.0
2026-03-15 00:00:00+00:00,0.0911,0.0912,0.0901,0.0901,3312238.0
2026-03-15 01:00:00+00:00,0.0902,0.0905,0.0899,0.0904,1173564.0
2026-03-15 02:00:00+00:00,0.0905,0.0909,0.0903,0.0907,883755.0
2026-03-15 03:00:00+00:00,0.0907,0.0908,0.0898,0.0898,1442122.0
2026-03-15 04:00:00+00:00,0.0899,0.0902,0.0893,0.0897,1768298.0
2026-03-15 05:00:00+00:00,0.0897,0.0906,0.0895,0.0901,5486217.0
2026-03-15 06:00:00+00:00,0.0901,0.0902,0.0896,0.0901,450690.0
2026-03-15 07:00:00+00:00,0.0901,0.0907,0.0901,0.0906,1083687.0
2026-03-15 08:00:00+00:00,0.0905,0.0907,0.0905,0.0907,453307.0
2026-03-15 09:00:00+00:00,0.0908,0.0922,0.0907,0.0917,1990689.0
2026-03-15 10:00:00+00:00,0.0918,0.0923,0.0913,0.0921,1842665.0
2026-03-15 11:00:00+00:00,0.092,0.0925,0.0918,0.092,1100026.0
2026-03-15 12:00:00+00:00,0.092,0.0928,0.0918,0.0924,1716167.0
2026-03-15 13:00:00+00:00,0.0923,0.0924,0.0912,0.0921,1855424.0
2026-03-15 14:00:00+00:00,0.0922,0.0923,0.0913,0.0915,1356371.0
2026-03-15 15:00:00+00:00,0.0915,0.0917,0.0913,0.0916,730129.0
2026-03-15 16:00:00+00:00,0.0916,0.0919,0.0913,0.0914,528939.0
2026-03-15 17:00:00+00:00,0.0913,0.092,0.0913,0.0917,400559.0
2026-03-15 18:00:00+00:00,0.0918,0.0918,0.091,0.0912,583259.0
2026-03-15 19:00:00+00:00,0.0912,0.0919,0.0912,0.0919,581325.0
2026-03-15 20:00:00+00:00,0.0918,0.0923,0.0915,0.0919,686435.0
2026-03-15 21:00:00+00:00,0.0918,0.0924,0.0918,0.0923,780275.0
2026-03-15 22:00:00+00:00,0.0922,0.0931,0.0917,0.0928,2541253.0
2026-03-15 23:00:00+00:00,0.093,0.093,0.0919,0.0926,1643615.0
2026-03-16 00:00:00+00:00,0.0927,0.0929,0.0921,0.0924,1618324.0
2026-03-16 01:00:00+00:00,0.0923,0.0924,0.0919,0.0924,1017788.0
2026-03-16 02:00:00+00:00,0.0923,0.0925,0.0917,0.0924,960523.0
2026-03-16 03:00:00+00:00,0.0923,0.0944,0.0923,0.0935,2505573.0
2026-03-16 04:00:00+00:00,0.0935,0.0949,0.0935,0.0944,2989676.0
2026-03-16 05:00:00+00:00,0.0944,0.095,0.094,0.0949,1097303.0
2026-03-16 06:00:00+00:00,0.0949,0.095,0.0941,0.0946,2144830.0
2026-03-16 07:00:00+00:00,0.0947,0.0954,0.0947,0.0949,1413204.0
2026-03-16 08:00:00+00:00,0.095,0.0956,0.0944,0.0946,1917354.0
2026-03-16 09:00:00+00:00,0.0946,0.0951,0.0945,0.0945,1405913.0
2026-03-16 10:00:00+00:00,0.0946,0.0948,0.094,0.0945,1126415.0
2026-03-16 11:00:00+00:00,0.0944,0.0946,0.0939,0.0945,1361812.0
2026-03-16 12:00:00+00:00,0.0945,0.0948,0.0942,0.0945,1241648.0
2026-03-16 13:00:00+00:00,0.0944,0.0957,0.0942,0.0951,3296139.0
2026-03-16 14:00:00+00:00,0.0951,0.0954,0.0938,0.0952,4126922.0
2026-03-16 15:00:00+00:00,0.0952,0.0959,0.0949,0.095,2572383.0
2026-03-16 16:00:00+00:00,0.0949,0.0959,0.0949,0.0958,1485569.0
2026-03-16 17:00:00+00:00,0.0959,0.0965,0.0958,0.0964,984399.0
2026-03-16 18:00:00+00:00,0.0963,0.097,0.0957,0.0957,5243299.0
2026-03-16 19:00:00+00:00,0.0957,0.0962,0.0953,0.0956,1002413.0
2026-03-16 20:00:00+00:00,0.0956,0.0965,0.0954,0.0962,978633.0
2026-03-16 21:00:00+00:00,0.0963,0.0973,0.0962,0.097,1348688.0
2026-03-16 22:00:00+00:00,0.097,0.098,0.097,0.0977,1564501.0
2026-03-16 23:00:00+00:00,0.0977,0.0977,0.097,0.0972,906422.0
2026-03-17 00:00:00+00:00,0.0972,0.0977,0.0969,0.0973,2462197.0
2026-03-17 01:00:00+00:00,0.0973,0.0977,0.0969,0.0971,2392661.0
2026-03-17 02:00:00+00:00,0.0972,0.0977,0.0965,0.0968,7643624.0
2026-03-17 03:00:00+00:00,0.0967,0.0969,0.0949,0.0955,2489371.0
2026-03-17 04:00:00+00:00,0.0955,0.0956,0.0941,0.0946,1652163.0
2026-03-17 05:00:00+00:00,0.0945,0.0946,0.0941,0.0944,941578.0
2026-03-17 06:00:00+00:00,0.0943,0.0947,0.094,0.0944,1089799.0
2026-03-17 07:00:00+00:00,0.0944,0.0952,0.0944,0.095,870201.0
2026-03-17 08:00:00+00:00,0.095,0.0955,0.095,0.0952,737908.0
2026-03-17 09:00:00+00:00,0.0952,0.0957,0.095,0.0954,1428931.0
2026-03-17 10:00:00+00:00,0.0954,0.0956,0.0951,0.0955,881931.0
2026-03-17 11:00:00+00:00,0.0956,0.096,0.0952,0.0953,634457.0
2026-03-17 12:00:00+00:00,0.0953,0.0953,0.0942,0.0943,1104594.0
2026-03-17 13:00:00+00:00,0.0943,0.0949,0.094,0.0944,2073581.0
2026-03-17 14:00:00+00:00,0.0944,0.0949,0.0941,0.0946,2219599.0
2026-03-17 15:00:00+00:00,0.0947,0.0953,0.0942,0.0949,2283888.0
2026-03-17 16:00:00+00:00,0.0949,0.0953,0.0947,0.0949,1355006.0
2026-03-17 17:00:00+00:00,0.0949,0.0954,0.0948,0.0954,628091.0
2026-03-17 18:00:00+00:00,0.0953,0.0959,0.0952,0.0956,775466.0
2026-03-17 19:00:00+00:00,0.0957,0.0959,0.0953,0.0953,646421.0
2026-03-17 20:00:00+00:00,0.0954,0.0959,0.0954,0.0957,330138.0
2026-03-17 21:00:00+00:00,0.0957,0.0964,0.0956,0.0962,509939.0
2026-03-17 22:00:00+00:00,0.0961,0.0964,0.0955,0.0956,391111.0
2026-03-17 23:00:00+00:00,0.0957,0.0957,0.0947,0.0947,1285281.0
2026-03-18 00:00:00+00:00,0.0948,0.095,0.0941,0.0944,802428.0
2026-03-18 01:00:00+00:00,0.0945,0.0951,0.0945,0.0947,363594.0
2026-03-18 02:00:00+00:00,0.0947,0.0955,0.0946,0.0955,350990.0
2026-03-18 03:00:00+00:00,0.0954,0.0967,0.0953,0.0957,6023201.0
2026-03-18 04:00:00+00:00,0.0956,0.0957,0.0949,0.0953,1104500.0
2026-03-18 05:00:00+00:00,0.0953,0.096,0.0951,0.0951,774712.0
2026-03-18 06:00:00+00:00,0.0952,0.0955,0.0949,0.0949,298256.0
2026-03-18 07:00:00+00:00,0.0948,0.0949,0.0944,0.0947,672704.0
2026-03-18 08:00:00+00:00,0.0947,0.0952,0.0946,0.0946,1564500.0
2026-03-18 09:00:00+00:00,0.0947,0.0949,0.0942,0.0945,1507324.0
2026-03-18 10:00:00+00:00,0.0946,0.0946,0.0932,0.0935,1301229.0
2026-03-18 11:00:00+00:00,0.0935,0.0938,0.0918,0.0921,2487134.0
2026-03-18 12:00:00+00:00,0.092,0.092,0.0907,0.0908,3519030.0
2026-03-18 13:00:00+00:00,0.0907,0.0914,0.0904,0.0909,2658146.0
2026-03-18 14:00:00+00:00,0.091,0.0911,0.0895,0.0896,3063554.0
2026-03-18 15:00:00+00:00,0.0897,0.0902,0.0892,0.0898,2729661.0
2026-03-18 16:00:00+00:00,0.0898,0.0901,0.0894,0.0899,1108341.0
2026-03-18 17:00:00+00:00,0.0899,0.091,0.0896,0.0907,1608053.0
2026-03-18 18:00:00+00:00,0.0908,0.0916,0.0897,0.09,2624684.0
2026-03-18 19:00:00+00:00,0.0901,0.0906,0.0899,0.0902,1150424.0
2026-03-18 20:00:00+00:00,0.0902,0.0905,0.0896,0.0905,1625960.0
2026-03-18 21:00:00+00:00,0.0904,0.0909,0.0903,0.0907,1170350.0
2026-03-18 22:00:00+00:00,0.0906,0.0906,0.0901,0.0903,333530.0
2026-03-18 23:00:00+00:00,0.0903,0.0903,0.09,0.0901,447703.0
2026-03-19 00:00:00+00:00,0.0902,0.0904,0.0901,0.0902,959318.0
2026-03-19 01:00:00+00:00,0.0903,0.0905,0.0901,0.0904,448900.0
2026-03-19 02:00:00+00:00,0.0903,0.0905,0.0901,0.0904,574769.0
2026-03-19 03:00:00+00:00,0.0904,0.0913,0.0903,0.0907,463217.0
2026-03-19 04:00:00+00:00,0.0908,0.0908,0.0904,0.0904,455255.0
2026-03-19 05:00:00+00:00,0.0904,0.0905,0.09,0.09,613314.0
2026-03-19 06:00:00+00:00,0.0901,0.0903,0.0898,0.0901,706491.0
2026-03-19 07:00:00+00:00,0.0901,0.0902,0.0889,0.0894,1602217.0
2026-03-19 08:00:00+00:00,0.0894,0.0898,0.0892,0.0892,1103315.0
2026-03-19 09:00:00+00:00,0.0893,0.0899,0.0891,0.0896,926107.0
2026-03-19 10:00:00+00:00,0.0896,0.0897,0.089,0.089,416464.0
2026-03-19 11:00:00+00:00,0.0889,0.089,0.0884,0.0885,466026.0
2026-03-19 12:00:00+00:00,0.0884,0.0885,0.0873,0.0874,1331218.0
2026-03-19 13:00:00+00:00,0.0874,0.0891,0.0866,0.0889,12579356.0
2026-03-19 14:00:00+00:00,0.089,0.0893,0.088,0.0886,1529949.0
2026-03-19 15:00:00+00:00,0.0886,0.0887,0.0874,0.0882,1647528.0
2026-03-19 16:00:00+00:00,0.0882,0.0882,0.0876,0.0877,1704716.0
2026-03-19 17:00:00+00:00,0.0877,0.0883,0.0873,0.0881,1055616.0
2026-03-19 18:00:00+00:00,0.0881,0.0885,0.0879,0.0884,412347.0
2026-03-19 19:00:00+00:00,0.0885,0.0895,0.0884,0.0889,1654836.0
2026-03-19 20:00:00+00:00,0.0888,0.0891,0.0886,0.089,567862.0
2026-03-19 21:00:00+00:00,0.089,0.0895,0.089,0.0893,566824.0
2026-03-19 22:00:00+00:00,0.0894,0.0895,0.0885,0.0888,551021.0
2026-03-19 23:00:00+00:00,0.0889,0.0893,0.0886,0.0893,1130835.0
2026-03-20 00:00:00+00:00,0.0893,0.0895,0.0889,0.0894,934378.0
2026-03-20 01:00:00+00:00,0.0895,0.0902,0.0895,0.09,1469040.0
2026-03-20 02:00:00+00:00,0.09,0.0901,0.0895,0.09,737146.0
2026-03-20 03:00:00+00:00,0.0899,0.0902,0.0898,0.0901,667739.0
2026-03-20 04:00:00+00:00,0.0901,0.0905,0.0899,0.0904,614475.0
2026-03-20 05:00:00+00:00,0.0905,0.0917,0.0904,0.0914,2125492.0
2026-03-20 06:00:00+00:00,0.0915,0.0917,0.0906,0.0907,2377191.0
2026-03-20 07:00:00+00:00,0.0907,0.0908,0.0901,0.0907,730775.0
2026-03-20 08:00:00+00:00,0.0908,0.0914,0.0906,0.0908,658301.0
2026-03-20 09:00:00+00:00,0.0907,0.0907,0.09,0.0903,694018.0
2026-03-20 10:00:00+00:00,0.0904,0.0905,0.0899,0.0904,299283.0
2026-03-20 11:00:00+00:00,0.0904,0.0908,0.09,0.0904,896665.0
2026-03-20 12:00:00+00:00,0.0904,0.0907,0.0901,0.0902,447233.0
2026-03-20 13:00:00+00:00,0.0903,0.0908,0.0896,0.0896,1644013.0
2026-03-20 14:00:00+00:00,0.0897,0.0901,0.0891,0.0892,1368640.0
2026-03-20 15:00:00+00:00,0.0893,0.0897,0.0889,0.0897,3148460.0
2026-03-20 16:00:00+00:00,0.0896,0.09,0.0894,0.0898,1432854.0
2026-03-20 17:00:00+00:00,0.0898,0.0899,0.0894,0.0899,916215.0
2026-03-20 18:00:00+00:00,0.0899,0.0905,0.0892,0.0893,1465399.0
2026-03-20 19:00:00+00:00,0.0894,0.0897,0.0889,0.0897,599635.0
2026-03-20 20:00:00+00:00,0.0896,0.0898,0.0888,0.0895,654771.0
2026-03-20 21:00:00+00:00,0.0895,0.0903,0.0893,0.09,805316.0
2026-03-20 22:00:00+00:00,0.0901,0.0906,0.0901,0.0902,239542.0
2026-03-20 23:00:00+00:00,0.0902,0.0902,0.0896,0.0898,414979.0
2026-03-21 00:00:00+00:00,0.0899,0.0905,0.0899,0.0902,627549.0
2026-03-21 01:00:00+00:00,0.0903,0.0904,0.0897,0.0898,323842.0
2026-03-21 02:00:00+00:00,0.0898,0.0901,0.0896,0.0899,305898.0
2026-03-21 03:00:00+00:00,0.09,0.09,0.0897,0.0897,102357.0
2026-03-21 04:00:00+00:00,0.0897,0.09,0.0895,0.0896,479543.0
2026-03-21 05:00:00+00:00,0.0895,0.0901,0.0895,0.0898,263199.0
2026-03-21 06:00:00+00:00,0.0898,0.0902,0.0896,0.0901,616880.0
2026-03-21 07:00:00+00:00,0.0901,0.0902,0.0897,0.0897,587750.0
2026-03-21 08:00:00+00:00,0.0898,0.09,0.0895,0.0897,616578.0
2026-03-21 09:00:00+00:00,0.0896,0.0897,0.0892,0.0892,420668.0
2026-03-21 10:00:00+00:00,0.0892,0.0893,0.0889,0.0891,213739.0
2026-03-21 11:00:00+00:00,0.0892,0.0892,0.0888,0.0891,165516.0
2026-03-21 12:00:00+00:00,0.0891,0.0892,0.0888,0.0889,151909.0
2026-03-21 13:00:00+00:00,0.0888,0.089,0.0886,0.0889,438343.0
2026-03-21 14:00:00+00:00,0.0889,0.0896,0.0889,0.0891,554097.0
2026-03-21 15:00:00+00:00,0.089,0.0898,0.089,0.0898,630518.0
2026-03-21 16:00:00+00:00,0.0898,0.0899,0.0892,0.0893,270499.0
2026-03-21 17:00:00+00:00,0.0893,0.0893,0.089,0.0892,180803.0
2026-03-21 18:00:00+00:00,0.0891,0.0892,0.0889,0.0889,316356.0
2026-03-21 19:00:00+00:00,0.0888,0.0889,0.0883,0.0884,368217.0
2026-03-21 20:00:00+00:00,0.0883,0.0891,0.0882,0.0891,454175.0
2026-03-21 21:00:00+00:00,0.0891,0.0891,0.0887,0.0887,250528.0
2026-03-21 22:00:00+00:00,0.0888,0.0888,0.0885,0.0886,403250.0
2026-03-21 23:00:00+00:00,0.0887,0.0887,0.0864,0.0868,2375658.0
2026-03-22 00:00:00+00:00,0.0869,0.0873,0.0856,0.0869,3635898.0
2026-03-22 01:00:00+00:00,0.0869,0.0871,0.0863,0.0868,716529.0
2026-03-22 02:00:00+00:00,0.0868,0.0877,0.0867,0.0871,543888.0
2026-03-22 03:00:00+00:00,0.0871,0.0878,0.087,0.0871,471426.0
2026-03-22 04:00:00+00:00,0.0871,0.0876,0.0871,0.0874,484571.0
2026-03-22 05:00:00+00:00,0.0875,0.0875,0.087,0.0871,280677.0
2026-03-22 06:00:00+00:00,0.087,0.0871,0.0868,0.087,334738.0
2026-03-22 07:00:00+00:00,0.0871,0.0872,0.0867,0.0867,387620.0
2026-03-22 08:00:00+00:00,0.0867,0.087,0.0865,0.0869,542090.0
2026-03-22 09:00:00+00:00,0.0869,0.087,0.0865,0.0867,665905.0
2026-03-22 10:00:00+00:00,0.0866,0.0866,0.086,0.0861,874737.0
2026-03-22 11:00:00+00:00,0.0861,0.0862,0.0858,0.086,422057.0
2026-03-22 12:00:00+00:00,0.086,0.0867,0.086,0.0864,273278.0
2026-03-22 13:00:00+00:00,0.0864,0.0867,0.086,0.0862,371579.0
2026-03-22 14:00:00+00:00,0.0862,0.0864,0.086,0.086,298881.0
2026-03-22 15:00:00+00:00,0.0861,0.0864,0.0859,0.0861,269033.0
2026-03-22 16:00:00+00:00,0.0861,0.0863,0.0861,0.0862,172547.0
2026-03-22 17:00:00+00:00,0.0861,0.0862,0.086,0.0861,299284.0
2026-03-22 18:00:00+00:00,0.0861,0.0861,0.0856,0.0859,1090216.0
2026-03-22 19:00:00+00:00,0.0859,0.0859,0.0856,0.0857,740667.0
2026-03-22 20:00:00+00:00,0.0858,0.0859,0.0855,0.0856,337951.0
2026-03-22 21:00:00+00:00,0.0856,0.0857,0.0847,0.0855,2238897.0
2026-03-22 22:00:00+00:00,0.0855,0.086,0.0851,0.0858,929361.0
2026-03-22 23:00:00+00:00,0.0858,0.086,0.0855,0.0855,736830.0
2026-03-23 00:00:00+00:00,0.0856,0.086,0.0851,0.0858,951391.0
2026-03-23 01:00:00+00:00,0.0857,0.0863,0.0855,0.0858,1175187.0
2026-03-23 02:00:00+00:00,0.0857,0.0864,0.0856,0.0862,905381.0
2026-03-23 03:00:00+00:00,0.0863,0.0867,0.0859,0.086,422608.0
2026-03-23 04:00:00+00:00,0.086,0.0866,0.0859,0.0865,197703.0
2026-03-23 05:00:00+00:00,0.0866,0.0867,0.0862,0.0865,909358.0
2026-03-23 06:00:00+00:00,0.0865,0.0865,0.0853,0.0854,454424.0
2026-03-23 07:00:00+00:00,0.0854,0.0855,0.0846,0.0851,1483229.0
2026-03-23 08:00:00+00:00,0.0852,0.0855,0.0848,0.085,554734.0
2026-03-23 09:00:00+00:00,0.085,0.085,0.0845,0.0849,787210.0
2026-03-23 10:00:00+00:00,0.085,0.0854,0.0848,0.085,480947.0
2026-03-23 11:00:00+00:00,0.085,0.0888,0.0849,0.0875,9883609.0
2026-03-23 12:00:00+00:00,0.0874,0.0881,0.087,0.088,1380384.0
2026-03-23 13:00:00+00:00,0.088,0.089,0.0879,0.0888,1325499.0
2026-03-23 14:00:00+00:00,0.0889,0.089,0.0881,0.0886,1213526.0
2026-03-23 15:00:00+00:00,0.0885,0.0889,0.0877,0.0877,1609023.0
2026-03-23 16:00:00+00:00,0.0878,0.088,0.0872,0.0875,963861.0
2026-03-23 17:00:00+00:00,0.0876,0.0878,0.0872,0.0874,706042.0
2026-03-23 18:00:00+00:00,0.0874,0.0877,0.0871,0.0876,606185.0
2026-03-23 19:00:00+00:00,0.0875,0.0879,0.0869,0.0869,543629.0
2026-03-23 20:00:00+00:00,0.0868,0.0877,0.0867,0.0876,822628.0
2026-03-23 21:00:00+00:00,0.0876,0.0878,0.0876,0.0877,321164.0
2026-03-23 22:00:00+00:00,0.0876,0.0876,0.087,0.0871,243898.0
2026-03-23 23:00:00+00:00,0.0871,0.0876,0.0867,0.0875,786765.0
2026-03-24 00:00:00+00:00,0.0875,0.0877,0.0864,0.0868,1730618.0
2026-03-24 01:00:00+00:00,0.0867,0.0868,0.0862,0.0865,664509.0
2026-03-24 02:00:00+00:00,0.0866,0.0875,0.0865,0.0873,1397766.0
2026-03-24 03:00:00+00:00,0.0873,0.0876,0.0872,0.0874,765792.0
2026-03-24 04:00:00+00:00,0.0874,0.0874,0.0868,0.0869,1274678.0
2026-03-24 05:00:00+00:00,0.087,0.0873,0.0867,0.087,407448.0
2026-03-24 06:00:00+00:00,0.087,0.0873,0.0869,0.0873,446614.0
2026-03-24 07:00:00+00:00,0.0872,0.0884,0.0872,0.0882,1137122.0
2026-03-24 08:00:00+00:00,0.0882,0.0887,0.0882,0.0884,804882.0
2026-03-24 09:00:00+00:00,0.0883,0.0884,0.0878,0.0882,644201.0
2026-03-24 10:00:00+00:00,0.0882,0.0882,0.0877,0.0879,369052.0
2026-03-24 11:00:00+00:00,0.0879,0.0879,0.0872,0.0874,1307597.0
2026-03-24 12:00:00+00:00,0.0874,0.0876,0.0871,0.0875,407214.0
2026-03-24 13:00:00+00:00,0.0874,0.0875,0.0866,0.0867,971009.0
2026-03-24 14:00:00+00:00,0.0868,0.0871,0.0862,0.0867,1808161.0
2026-03-24 15:00:00+00:00,0.0868,0.0871,0.0866,0.0866,556057.0
2026-03-24 16:00:00+00:00,0.0867,0.0869,0.0863,0.0865,339514.0
2026-03-24 17:00:00+00:00,0.0866,0.0866,0.0855,0.0857,1079222.0
2026-03-24 18:00:00+00:00,0.0857,0.0861,0.0855,0.0859,641972.0
2026-03-24 19:00:00+00:00,0.0858,0.0863,0.0858,0.0861,161203.0
2026-03-24 20:00:00+00:00,0.0861,0.0875,0.086,0.0872,866960.0
2026-03-24 21:00:00+00:00,0.0873,0.0874,0.0867,0.0873,561252.0
2026-03-24 22:00:00+00:00,0.0874,0.0876,0.0868,0.087,587117.0
2026-03-24 23:00:00+00:00,0.087,0.0874,0.0869,0.0872,307848.0
2026-03-25 00:00:00+00:00,0.0872,0.0877,0.087,0.0875,665513.0
2026-03-25 01:00:00+00:00,0.0875,0.0878,0.0872,0.0874,345664.0
2026-03-25 02:00:00+00:00,0.0874,0.0875,0.0871,0.0872,229891.0
2026-03-25 03:00:00+00:00,0.0871,0.0873,0.0865,0.0866,2026455.0
2026-03-25 04:00:00+00:00,0.0867,0.0869,0.0863,0.0869,631740.0
2026-03-25 05:00:00+00:00,0.0868,0.0872,0.0867,0.0869,669677.0
2026-03-25 06:00:00+00:00,0.0869,0.0869,0.0865,0.0866,410112.0
2026-03-25 07:00:00+00:00,0.0866,0.0872,0.0865,0.0868,612617.0
2026-03-25 08:00:00+00:00,0.0868,0.0876,0.0868,0.0872,646198.0
2026-03-25 09:00:00+00:00,0.0872,0.0873,0.087,0.0872,587563.0
2026-03-25 10:00:00+00:00,0.0871,0.0876,0.0871,0.0875,325280.0
2026-03-25 11:00:00+00:00,0.0874,0.0878,0.0872,0.0877,624118.0
2026-03-25 12:00:00+00:00,0.0876,0.0881,0.087,0.0878,683866.0
2026-03-25 13:00:00+00:00,0.0878,0.0887,0.0878,0.0881,1545575.0
2026-03-25 14:00:00+00:00,0.0882,0.0885,0.0879,0.0882,605808.0
2026-03-25 15:00:00+00:00,0.0882,0.0885,0.0871,0.0875,983690.0
2026-03-25 16:00:00+00:00,0.0874,0.088,0.0872,0.0876,915087.0
2026-03-25 17:00:00+00:00,0.0876,0.088,0.0875,0.0879,623006.0
2026-03-25 18:00:00+00:00,0.0878,0.0882,0.0875,0.0876,531594.0
2026-03-25 19:00:00+00:00,0.0876,0.0879,0.0875,0.0878,392236.0
2026-03-25 20:00:00+00:00,0.0879,0.0879,0.0871,0.0873,646131.0
2026-03-25 21:00:00+00:00,0.0872,0.0874,0.0871,0.0873,233783.0
2026-03-25 22:00:00+00:00,0.0873,0.0878,0.087,0.0877,516087.0
2026-03-25 23:00:00+00:00,0.0876,0.0877,0.0873,0.0875,176339.0
2026-03-26 00:00:00+00:00,0.0876,0.0882,0.0875,0.0882,378972.0
2026-03-26 01:00:00+00:00,0.0882,0.0891,0.0882,0.0883,1749758.0
2026-03-26 02:00:00+00:00,0.0883,0.0884,0.0875,0.0877,1029598.0
2026-03-26 03:00:00+00:00,0.0877,0.0877,0.087,0.0874,487059.0
2026-03-26 04:00:00+00:00,0.0873,0.0874,0.0871,0.0872,289423.0
2026-03-26 05:00:00+00:00,0.0871,0.0872,0.0863,0.0863,819722.0
2026-03-26 06:00:00+00:00,0.0863,0.0865,0.0859,0.0861,480562.0
2026-03-26 07:00:00+00:00,0.0861,0.0864,0.0854,0.0858,2912086.0
2026-03-26 08:00:00+00:00,0.0857,0.0858,0.0852,0.0855,1014531.0
2026-03-26 09:00:00+00:00,0.0854,0.0856,0.0843,0.0844,2588496.0
2026-03-26 10:00:00+00:00,0.0844,0.0848,0.0843,0.0846,1135625.0
2026-03-26 11:00:00+00:00,0.0846,0.0847,0.0842,0.0844,689573.0
2026-03-26 12:00:00+00:00,0.0844,0.0848,0.0842,0.0847,657285.0
2026-03-26 13:00:00+00:00,0.0846,0.0853,0.0843,0.085,1560503.0
2026-03-26 14:00:00+00:00,0.0851,0.0854,0.0845,0.0848,631811.0
2026-03-26 15:00:00+00:00,0.0848,0.0849,0.084,0.0841,1638300.0
2026-03-26 16:00:00+00:00,0.0842,0.0845,0.0841,0.0841,344480.0
2026-03-26 17:00:00+00:00,0.0841,0.0844,0.0837,0.0838,417376.0
2026-03-26 18:00:00+00:00,0.0838,0.084,0.0835,0.0839,318255.0
2026-03-26 19:00:00+00:00,0.0839,0.084,0.0835,0.0836,340197.0
2026-03-26 20:00:00+00:00,0.0836,0.0848,0.0833,0.084,1884514.0
2026-03-26 21:00:00+00:00,0.084,0.0846,0.0839,0.0843,507194.0
2026-03-26 22:00:00+00:00,0.0843,0.0843,0.0838,0.0843,392595.0
2026-03-26 23:00:00+00:00,0.0843,0.0844,0.0839,0.084,791328.0
2026-03-27 00:00:00+00:00,0.084,0.0843,0.0836,0.0838,574366.0
2026-03-27 01:00:00+00:00,0.0838,0.0843,0.0837,0.0841,283082.0
2026-03-27 02:00:00+00:00,0.0842,0.0844,0.084,0.084,333118.0
2026-03-27 03:00:00+00:00,0.0841,0.0841,0.0837,0.0837,281110.0
2026-03-27 04:00:00+00:00,0.0837,0.0839,0.0832,0.0838,657955.0
2026-03-27 05:00:00+00:00,0.0838,0.0841,0.0836,0.0837,263620.0
2026-03-27 06:00:00+00:00,0.0837,0.0839,0.0836,0.0837,195695.0
2026-03-27 07:00:00+00:00,0.0837,0.0841,0.0836,0.084,207540.0
2026-03-27 08:00:00+00:00,0.084,0.0843,0.0831,0.0835,1005653.0
2026-03-27 09:00:00+00:00,0.0835,0.0835,0.0826,0.083,673206.0
2026-03-27 10:00:00+00:00,0.0829,0.0831,0.0816,0.0818,2387144.0
2026-03-27 11:00:00+00:00,0.0818,0.0819,0.0812,0.0816,1706800.0
2026-03-27 12:00:00+00:00,0.0816,0.0816,0.0811,0.0812,1174764.0
2026-03-27 13:00:00+00:00,0.0813,0.0815,0.0807,0.0811,1861654.0
2026-03-27 14:00:00+00:00,0.0812,0.0817,0.0809,0.0816,1098801.0
2026-03-27 15:00:00+00:00,0.0817,0.082,0.0812,0.0814,2210761.0
2026-03-27 16:00:00+00:00,0.0814,0.0814,0.0809,0.0813,716754.0
2026-03-27 17:00:00+00:00,0.0813,0.0818,0.0808,0.0811,726535.0
2026-03-27 18:00:00+00:00,0.0811,0.0813,0.0808,0.0811,663951.0
2026-03-27 19:00:00+00:00,0.081,0.0813,0.0808,0.0812,558715.0
2026-03-27 20:00:00+00:00,0.0812,0.0815,0.0809,0.0814,343735.0
2026-03-27 21:00:00+00:00,0.0815,0.0817,0.0813,0.0813,225915.0
2026-03-27 22:00:00+00:00,0.0813,0.0815,0.0811,0.0815,322216.0
2026-03-27 23:00:00+00:00,0.0815,0.0816,0.0812,0.0815,383403.0
2026-03-28 00:00:00+00:00,0.0815,0.0816,0.0813,0.0816,366371.0
2026-03-28 01:00:00+00:00,0.0815,0.0815,0.0808,0.0814,496527.0
2026-03-28 02:00:00+00:00,0.0813,0.0818,0.081,0.0812,491825.0
2026-03-28 03:00:00+00:00,0.0812,0.0815,0.0811,0.0814,257526.0
2026-03-28 04:00:00+00:00,0.0815,0.0816,0.0812,0.0815,338432.0
2026-03-28 05:00:00+00:00,0.0816,0.082,0.0814,0.0819,284418.0
2026-03-28 06:00:00+00:00,0.082,0.0821,0.0815,0.0816,577500.0
2026-03-28 07:00:00+00:00,0.0816,0.0822,0.0815,0.0822,258068.0
2026-03-28 08:00:00+00:00,0.0823,0.0825,0.0822,0.0823,325863.0
2026-03-28 09:00:00+00:00,0.0823,0.0825,0.082,0.0821,747087.0
2026-03-28 10:00:00+00:00,0.0822,0.0825,0.0817,0.082,546756.0
2026-03-28 11:00:00+00:00,0.082,0.0823,0.0819,0.0822,416582.0
2026-03-28 12:00:00+00:00,0.0823,0.0823,0.0817,0.0819,606556.0
2026-03-28 13:00:00+00:00,0.0819,0.0831,0.0819,0.0828,1082481.0
2026-03-28 14:00:00+00:00,0.0829,0.0829,0.0824,0.0825,436759.0
2026-03-28 15:00:00+00:00,0.0826,0.0834,0.0826,0.0828,621319.0
2026-03-28 16:00:00+00:00,0.0828,0.0831,0.0828,0.0831,220334.0
2026-03-28 17:00:00+00:00,0.0831,0.0832,0.0825,0.0826,245538.0
2026-03-28 18:00:00+00:00,0.0827,0.0833,0.0827,0.0832,803062.0
2026-03-28 19:00:00+00:00,0.0831,0.0832,0.0823,0.0826,853364.0
2026-03-28 20:00:00+00:00,0.0827,0.0832,0.0825,0.0829,1384004.0
2026-03-28 21:00:00+00:00,0.0829,0.083,0.0824,0.0826,421665.0
2026-03-28 22:00:00+00:00,0.0826,0.0826,0.0824,0.0825,191009.0
2026-03-28 23:00:00+00:00,0.0825,0.0825,0.0815,0.0816,867094.0
2026-03-29 00:00:00+00:00,0.0817,0.0818,0.0813,0.0817,512857.0
2026-03-29 01:00:00+00:00,0.0818,0.0822,0.0818,0.0821,395193.0
2026-03-29 02:00:00+00:00,0.082,0.0822,0.0818,0.0821,244867.0
2026-03-29 03:00:00+00:00,0.0821,0.0824,0.082,0.0823,129324.0
2026-03-29 04:00:00+00:00,0.0823,0.0823,0.0819,0.082,170035.0
2026-03-29 05:00:00+00:00,0.082,0.0821,0.0816,0.0818,812577.0
2026-03-29 06:00:00+00:00,0.0818,0.0819,0.0815,0.0817,545923.0
2026-03-29 07:00:00+00:00,0.0817,0.0817,0.0814,0.0814,279043.0
2026-03-29 08:00:00+00:00,0.0813,0.0816,0.0813,0.0815,68720.0
2026-03-29 09:00:00+00:00,0.0815,0.0816,0.0812,0.0814,400590.0
2026-03-29 10:00:00+00:00,0.0813,0.0813,0.0809,0.0811,714561.0
2026-03-29 11:00:00+00:00,0.0811,0.0816,0.081,0.0814,723309.0
2026-03-29 12:00:00+00:00,0.0814,0.0814,0.0809,0.0812,522721.0
2026-03-29 13:00:00+00:00,0.0811,0.0813,0.0808,0.0809,490961.0
2026-03-29 14:00:00+00:00,0.081,0.0813,0.0808,0.081,851293.0
2026-03-29 15:00:00+00:00,0.081,0.0811,0.0807,0.0811,566706.0
2026-03-29 16:00:00+00:00,0.0811,0.0812,0.0809,0.081,207808.0
2026-03-29 17:00:00+00:00,0.081,0.0811,0.0806,0.0809,745408.0
2026-03-29 18:00:00+00:00,0.0809,0.081,0.0807,0.081,255093.0
2026-03-29 19:00:00+00:00,0.081,0.081,0.0807,0.0809,563945.0
2026-03-29 20:00:00+00:00,0.081,0.0814,0.081,0.0812,495667.0
2026-03-29 21:00:00+00:00,0.0813,0.0817,0.0811,0.0816,694913.0
2026-03-29 22:00:00+00:00,0.0816,0.0817,0.0794,0.0807,3797870.0
2026-03-29 23:00:00+00:00,0.0808,0.0813,0.0806,0.0812,1089000.0
2026-03-30 00:00:00+00:00,0.0812,0.0823,0.0811,0.0818,1019449.0
2026-03-30 01:00:00+00:00,0.0818,0.0824,0.0818,0.0823,413463.0
2026-03-30 02:00:00+00:00,0.0822,0.083,0.0822,0.0827,1076864.0
2026-03-30 03:00:00+00:00,0.0826,0.0828,0.0825,0.0827,416554.0
2026-03-30 04:00:00+00:00,0.0827,0.0831,0.0827,0.0828,301107.0
2026-03-30 05:00:00+00:00,0.0829,0.083,0.0825,0.0826,118689.0
2026-03-30 06:00:00+00:00,0.0826,0.0827,0.0824,0.0827,133141.0
2026-03-30 07:00:00+00:00,0.0826,0.0837,0.0826,0.0836,519924.0
2026-03-30 08:00:00+00:00,0.0837,0.0843,0.0837,0.0837,1084361.0
2026-03-30 09:00:00+00:00,0.0838,0.0839,0.0829,0.083,285864.0
2026-03-30 10:00:00+00:00,0.0829,0.0833,0.0829,0.0831,451329.0
2026-03-30 11:00:00+00:00,0.0832,0.0842,0.0832,0.0835,828585.0
2026-03-30 12:00:00+00:00,0.0835,0.084,0.0835,0.0838,438408.0
2026-03-30 13:00:00+00:00,0.0838,0.0839,0.083,0.0831,601055.0
2026-03-30 14:00:00+00:00,0.0832,0.0835,0.0826,0.0834,584413.0
2026-03-30 15:00:00+00:00,0.0835,0.0838,0.0829,0.0835,1017957.0
2026-03-30 16:00:00+00:00,0.0835,0.0837,0.0832,0.0833,308218.0
2026-03-30 17:00:00+00:00,0.0833,0.0836,0.0824,0.0826,795865.0
2026-03-30 18:00:00+00:00,0.0825,0.0825,0.0818,0.0819,492578.0
2026-03-30 19:00:00+00:00,0.0819,0.0823,0.0815,0.0822,281348.0
2026-03-30 20:00:00+00:00,0.0823,0.0824,0.0822,0.0823,1040949.0
2026-03-30 21:00:00+00:00,0.0822,0.0832,0.0822,0.083,409088.0
2026-03-30 22:00:00+00:00,0.0829,0.0831,0.0827,0.0827,290528.0
2026-03-30 23:00:00+00:00,0.0827,0.0827,0.0819,0.0822,376976.0
2026-03-31 00:00:00+00:00,0.0822,0.0825,0.082,0.0823,683451.0
2026-03-31 01:00:00+00:00,0.0824,0.0837,0.0823,0.0834,924488.0
2026-03-31 02:00:00+00:00,0.0834,0.0838,0.0833,0.0836,373864.0
2026-03-31 03:00:00+00:00,0.0835,0.0835,0.0832,0.0834,391109.0
2026-03-31 04:00:00+00:00,0.0833,0.0833,0.0829,0.0831,125166.0
2026-03-31 05:00:00+00:00,0.0831,0.0844,0.083,0.0842,2600351.0
2026-03-31 06:00:00+00:00,0.0842,0.0846,0.0838,0.0845,1116475.0
2026-03-31 07:00:00+00:00,0.0846,0.0859,0.0842,0.0857,2616394.0
2026-03-31 08:00:00+00:00,0.0858,0.0874,0.0854,0.0867,6783239.0
2026-03-31 09:00:00+00:00,0.0867,0.0867,0.0845,0.0866,6158684.0
2026-03-31 10:00:00+00:00,0.0867,0.0881,0.0854,0.0858,8156415.0
2026-03-31 11:00:00+00:00,0.0858,0.088,0.0856,0.0863,3364154.0
2026-03-31 12:00:00+00:00,0.0864,0.0869,0.0853,0.0858,6007908.0
2026-03-31 13:00:00+00:00,0.0858,0.0875,0.0857,0.087,3283493.0
2026-03-31 14:00:00+00:00,0.087,0.0882,0.0862,0.0879,4206755.0
2026-03-31 15:00:00+00:00,0.0879,0.0896,0.0878,0.0888,3618741.0
2026-03-31 16:00:00+00:00,0.0889,0.0917,0.0889,0.0909,5143725.0
2026-03-31 17:00:00+00:00,0.0908,0.0923,0.09,0.0905,5906534.0
2026-03-31 18:00:00+00:00,0.0905,0.0913,0.0903,0.091,2550134.0
2026-03-31 19:00:00+00:00,0.091,0.093,0.091,0.0928,4312233.0
2026-03-31 20:00:00+00:00,0.0927,0.094,0.0919,0.0932,5753679.0
2026-03-31 21:00:00+00:00,0.093,0.0936,0.0915,0.0921,2460763.0
2026-03-31 22:00:00+00:00,0.0921,0.0933,0.0911,0.093,4091385.0
2026-03-31 23:00:00+00:00,0.0931,0.0944,0.093,0.0939,3117844.0
2026-04-01 00:00:00+00:00,0.0939,0.0977,0.0936,0.0968,7382317.0
2026-04-01 01:00:00+00:00,0.0969,0.0999,0.0968,0.0978,5984383.0
2026-04-01 02:00:00+00:00,0.0979,0.0987,0.0955,0.0961,5279321.0
2026-04-01 03:00:00+00:00,0.096,0.0997,0.0959,0.0992,5719966.0
2026-04-01 04:00:00+00:00,0.0992,0.1023,0.0991,0.1012,13125378.0
2026-04-01 05:00:00+00:00,0.1013,0.1037,0.0999,0.1035,8459663.0
2026-04-01 06:00:00+00:00,0.1035,0.1056,0.1009,0.1011,13076210.0
2026-04-01 07:00:00+00:00,0.101,0.1016,0.0993,0.0996,4677624.0
2026-04-01 08:00:00+00:00,0.0996,0.1043,0.0996,0.1032,9238040.0
2026-04-01 09:00:00+00:00,0.1033,0.105,0.1024,0.1031,8893803.0
2026-04-01 10:00:00+00:00,0.1031,0.1054,0.103,0.1044,3303480.0
2026-04-01 11:00:00+00:00,0.1045,0.1068,0.1036,0.1066,4989680.0
2026-04-01 12:00:00+00:00,0.1066,0.1102,0.1063,0.1065,14002054.0
2026-04-01 13:00:00+00:00,0.1066,0.1086,0.1039,0.1067,12675960.0
2026-04-01 14:00:00+00:00,0.1067,0.1076,0.1041,0.1045,5900460.0
2026-04-01 15:00:00+00:00,0.1045,0.1089,0.1035,0.1064,7363084.0
2026-04-01 16:00:00+00:00,0.1064,0.1064,0.1046,0.1059,4649298.0
2026-04-01 17:00:00+00:00,0.106,0.1068,0.1035,0.1051,7050010.0
2026-04-01 18:00:00+00:00,0.1052,0.1058,0.1032,0.1033,4070136.0
2026-04-01 19:00:00+00:00,0.1033,0.1042,0.1022,0.1031,4938928.0
2026-04-01 20:00:00+00:00,0.1032,0.1037,0.1016,0.1017,3024919.0
2026-04-01 21:00:00+00:00,0.1017,0.1037,0.1017,0.1031,1547759.0
2026-04-01 22:00:00+00:00,0.1031,0.1032,0.1014,0.1027,3672529.0
2026-04-01 23:00:00+00:00,0.1027,0.1035,0.1009,0.1026,4991694.0
2026-04-02 00:00:00+00:00,0.1026,0.104,0.1019,0.1032,5310262.0
2026-04-02 01:00:00+00:00,0.1032,0.1036,0.0998,0.101,6248740.0
2026-04-02 02:00:00+00:00,0.1011,0.1021,0.0995,0.1004,4116329.0
2026-04-02 03:00:00+00:00,0.1004,0.101,0.0986,0.0991,3422675.0
2026-04-02 04:00:00+00:00,0.0991,0.0995,0.0981,0.0983,2108128.0
2026-04-02 05:00:00+00:00,0.0982,0.1,0.0981,0.0994,2981702.0
2026-04-02 06:00:00+00:00,0.0994,0.1004,0.0987,0.1002,2948329.0
2026-04-02 07:00:00+00:00,0.1002,0.1027,0.0995,0.1016,4894026.0
2026-04-02 08:00:00+00:00,0.1016,0.1031,0.1015,0.1016,4805926.0
2026-04-02 09:00:00+00:00,0.1016,0.1041,0.1012,0.1038,6070280.0
2026-04-02 10:00:00+00:00,0.1037,0.1045,0.102,0.1035,5228505.0
2026-04-02 11:00:00+00:00,0.1034,0.1056,0.1027,0.1027,6217453.0
2026-04-02 12:00:00+00:00,0.1028,0.1034,0.1009,0.1033,4360753.0
2026-04-02 13:00:00+00:00,0.1034,0.1046,0.1019,0.1043,6647900.0
2026-04-02 14:00:00+00:00,0.1043,0.1087,0.104,0.1072,7659873.0
2026-04-02 15:00:00+00:00,0.1071,0.1098,0.1053,0.1093,9186369.0
2026-04-02 16:00:00+00:00,0.1093,0.11,0.1058,0.107,10169021.0
2026-04-02 17:00:00+00:00,0.1069,0.1084,0.1063,0.1071,5049652.0
2026-04-02 18:00:00+00:00,0.1071,0.1107,0.1068,0.1088,4551697.0
2026-04-02 19:00:00+00:00,0.1089,0.1091,0.1066,0.1068,4035989.0
2026-04-02 20:00:00+00:00,0.1067,0.1073,0.1053,0.1056,4173659.0
2026-04-02 21:00:00+00:00,0.1057,0.1067,0.104,0.1067,3760093.0
2026-04-02 22:00:00+00:00,0.1066,0.1077,0.1057,0.107,2797558.0
2026-04-02 23:00:00+00:00,0.107,0.1078,0.106,0.1064,3043116.0
2026-04-03 00:00:00+00:00,0.1065,0.1107,0.1065,0.1106,5422624.0
2026-04-03 01:00:00+00:00,0.1106,0.1125,0.1082,0.1103,15407162.0
2026-04-03 02:00:00+00:00,0.1103,0.1137,0.1101,0.1109,6216010.0
2026-04-03 03:00:00+00:00,0.1109,0.1156,0.1103,0.1144,6588784.0
2026-04-03 04:00:00+00:00,0.1144,0.1187,0.1139,0.1172,9982256.0
2026-04-03 05:00:00+00:00,0.1173,0.1184,0.1158,0.1176,8640862.0
2026-04-03 06:00:00+00:00,0.1175,0.1227,0.1175,0.122,10156856.0
2026-04-03 07:00:00+00:00,0.1221,0.1225,0.1176,0.1203,15662120.0
2026-04-03 08:00:00+00:00,0.1202,0.1213,0.118,0.1184,8845684.0
2026-04-03 09:00:00+00:00,0.1185,0.1216,0.1177,0.1207,6446360.0
2026-04-03 10:00:00+00:00,0.1207,0.1229,0.1199,0.1203,6829490.0
2026-04-03 11:00:00+00:00,0.1202,0.1202,0.1153,0.1169,12295516.0
2026-04-03 12:00:00+00:00,0.117,0.1207,0.1168,0.118,7001658.0
2026-04-03 13:00:00+00:00,0.118,0.1213,0.1178,0.1202,5218827.0
2026-04-03 14:00:00+00:00,0.1203,0.1214,0.1189,0.1206,6548267.0
2026-04-03 15:00:00+00:00,0.1206,0.1213,0.119,0.1201,6446832.0
2026-04-03 16:00:00+00:00,0.1202,0.1215,0.1196,0.1207,4212194.0
2026-04-03 17:00:00+00:00,0.1207,0.1225,0.1195,0.1214,4459052.0
2026-04-03 18:00:00+00:00,0.1213,0.1238,0.1197,0.1198,10093905.0
2026-04-03 19:00:00+00:00,0.1199,0.1222,0.1181,0.1219,4420567.0
2026-04-03 20:00:00+00:00,0.1219,0.1229,0.1209,0.1222,4033278.0
2026-04-03 21:00:00+00:00,0.1222,0.1265,0.1222,0.1244,16600410.0
2026-04-03 22:00:00+00:00,0.1245,0.1261,0.1218,0.122,8859398.0
2026-04-03 23:00:00+00:00,0.1219,0.1237,0.121,0.1232,3734233.0
2026-04-04 00:00:00+00:00,0.1232,0.1242,0.1204,0.1225,6469214.0
2026-04-04 01:00:00+00:00,0.1224,0.123,0.1203,0.1212,3598540.0
2026-04-04 02:00:00+00:00,0.1213,0.1229,0.1206,0.1211,2532607.0
2026-04-04 03:00:00+00:00,0.1212,0.1222,0.1204,0.1213,1832884.0
2026-04-04 04:00:00+00:00,0.1213,0.1262,0.121,0.1246,5012908.0
2026-04-04 05:00:00+00:00,0.1246,0.1246,0.1196,0.1216,8454221.0
2026-04-04 06:00:00+00:00,0.1217,0.127,0.121,0.1244,5784667.0
2026-04-04 07:00:00+00:00,0.1245,0.1247,0.1212,0.1212,2858406.0
2026-04-04 08:00:00+00:00,0.1213,0.1221,0.1205,0.1218,4544664.0
2026-04-04 09:00:00+00:00,0.1217,0.1221,0.1202,0.1212,3181276.0
2026-04-04 10:00:00+00:00,0.1211,0.1221,0.1199,0.1218,5579413.0
2026-04-04 11:00:00+00:00,0.1219,0.1251,0.1214,0.1239,7722502.0
2026-04-04 12:00:00+00:00,0.1238,0.1252,0.1231,0.1238,3759204.0
2026-04-04 13:00:00+00:00,0.1238,0.1238,0.1213,0.1233,3844482.0
2026-04-04 14:00:00+00:00,0.1234,0.1242,0.1209,0.1212,4010809.0
2026-04-04 15:00:00+00:00,0.1211,0.1214,0.1179,0.1184,10688792.0
2026-04-04 16:00:00+00:00,0.1184,0.1209,0.1179,0.1199,4702696.0
2026-04-04 17:00:00+00:00,0.12,0.121,0.1189,0.119,2425307.0
2026-04-04 18:00:00+00:00,0.1189,0.1193,0.1183,0.1185,2306339.0
2026-04-04 19:00:00+00:00,0.1184,0.1194,0.1183,0.1191,2739645.0
2026-04-04 20:00:00+00:00,0.1191,0.1193,0.1186,0.1193,754120.0
2026-04-04 21:00:00+00:00,0.1193,0.1209,0.1191,0.1206,1390160.0
2026-04-04 22:00:00+00:00,0.1206,0.1212,0.1193,0.1198,1214861.0
2026-04-04 23:00:00+00:00,0.1198,0.1206,0.1192,0.1205,1030231.0
2026-04-05 00:00:00+00:00,0.1204,0.1213,0.1185,0.1193,2352258.0
2026-04-05 01:00:00+00:00,0.1193,0.1195,0.1167,0.1172,4151454.0
2026-04-05 02:00:00+00:00,0.1172,0.1202,0.1172,0.1188,3461556.0
2026-04-05 03:00:00+00:00,0.1188,0.1188,0.1167,0.1175,3399679.0
2026-04-05 04:00:00+00:00,0.1175,0.1192,0.1173,0.1181,1618872.0
2026-04-05 05:00:00+00:00,0.118,0.1189,0.1177,0.1182,580657.0
2026-04-05 06:00:00+00:00,0.1181,0.1182,0.1168,0.1174,1582499.0
2026-04-05 07:00:00+00:00,0.1174,0.1177,0.116,0.1161,2042951.0
2026-04-05 08:00:00+00:00,0.116,0.1165,0.1152,0.1159,3389148.0
2026-04-05 09:00:00+00:00,0.1159,0.1162,0.1142,0.1158,3385423.0
2026-04-05 10:00:00+00:00,0.1158,0.1175,0.1154,0.1165,3296943.0
2026-04-05 11:00:00+00:00,0.1165,0.117,0.1148,0.1155,1411778.0
2026-04-05 12:00:00+00:00,0.1156,0.116,0.1146,0.1155,1748587.0
2026-04-05 13:00:00+00:00,0.1155,0.1197,0.1147,0.1186,5674888.0
2026-04-05 14:00:00+00:00,0.1186,0.1195,0.1176,0.1181,3178868.0
2026-04-05 15:00:00+00:00,0.1181,0.1196,0.1167,0.1184,3089147.0
2026-04-05 16:00:00+00:00,0.1184,0.1201,0.1179,0.1183,1761609.0
2026-04-05 17:00:00+00:00,0.1184,0.1201,0.1184,0.1192,1360089.0
2026-04-05 18:00:00+00:00,0.1193,0.1195,0.1178,0.1191,1966586.0
2026-04-05 19:00:00+00:00,0.119,0.1197,0.1186,0.1191,1104343.0
2026-04-05 20:00:00+00:00,0.1192,0.1223,0.1192,0.1222,3990005.0
2026-04-05 21:00:00+00:00,0.1223,0.1248,0.1212,0.1238,4906792.0
2026-04-05 22:00:00+00:00,0.1239,0.1252,0.1217,0.1225,5625976.0
2026-04-05 23:00:00+00:00,0.1226,0.125,0.1206,0.1215,6517701.0
2026-04-06 00:00:00+00:00,0.1216,0.1228,0.1186,0.1195,4256970.0
2026-04-06 01:00:00+00:00,0.1195,0.1209,0.1188,0.1199,3479970.0
2026-04-06 02:00:00+00:00,0.12,0.1202,0.1188,0.1202,2304482.0
2026-04-06 03:00:00+00:00,0.1202,0.1217,0.1194,0.1216,2127630.0
2026-04-06 04:00:00+00:00,0.1217,0.1247,0.1214,0.1243,4280530.0
2026-04-06 05:00:00+00:00,0.1244,0.1247,0.1225,0.123,2262575.0
2026-04-06 06:00:00+00:00,0.1229,0.1269,0.1228,0.1265,3561876.0
2026-04-06 07:00:00+00:00,0.1265,0.1265,0.1238,0.1241,2504088.0
2026-04-06 08:00:00+00:00,0.1241,0.1247,0.1233,0.1237,1871003.0
2026-04-06 09:00:00+00:00,0.1236,0.1246,0.1228,0.1245,3117021.0
2026-04-06 10:00:00+00:00,0.1245,0.1266,0.1231,0.1234,3665109.0
2026-04-06 11:00:00+00:00,0.1233,0.1263,0.123,0.1251,3442924.0
2026-04-06 12:00:00+00:00,0.125,0.1266,0.1238,0.124,4219146.0
2026-04-06 13:00:00+00:00,0.1239,0.1241,0.1213,0.1216,6048663.0
2026-04-06 14:00:00+00:00,0.1215,0.1238,0.1209,0.1224,5975121.0
2026-04-06 15:00:00+00:00,0.1224,0.1234,0.1221,0.1226,1492670.0
2026-04-06 16:00:00+00:00,0.1228,0.1236,0.122,0.123,1979847.0
2026-04-06 17:00:00+00:00,0.1231,0.1242,0.1222,0.1238,1325511.0
2026-04-06 18:00:00+00:00,0.1238,0.1246,0.1228,0.123,1893203.0
2026-04-06 19:00:00+00:00,0.1229,0.1229,0.1207,0.1208,1435083.0
2026-04-06 20:00:00+00:00,0.1207,0.1211,0.1202,0.1211,957220.0
2026-04-06 21:00:00+00:00,0.1212,0.1212,0.1195,0.1199,1440636.0
2026-04-06 22:00:00+00:00,0.1199,0.1201,0.1187,0.1188,2593111.0
2026-04-06 23:00:00+00:00,0.1189,0.1203,0.1185,0.1186,1848630.0
2026-04-07 00:00:00+00:00,0.1185,0.1192,0.1164,0.1166,3315793.0
2026-04-07 01:00:00+00:00,0.1165,0.1175,0.115,0.1154,3099134.0
2026-04-07 02:00:00+00:00,0.1152,0.1153,0.1142,0.1146,2899282.0
2026-04-07 03:00:00+00:00,0.1147,0.1161,0.1136,0.1152,4809917.0
2026-04-07 04:00:00+00:00,0.1152,0.1152,0.1124,0.1131,5502275.0
2026-04-07 05:00:00+00:00,0.1131,0.1134,0.1121,0.1124,1780477.0
2026-04-07 06:00:00+00:00,0.1124,0.1129,0.1117,0.112,2100203.0
2026-04-07 07:00:00+00:00,0.112,0.1135,0.1118,0.1131,1487432.0
2026-04-07 08:00:00+00:00,0.1131,0.1145,0.1131,0.1142,2071051.0
2026-04-07 09:00:00+00:00,0.1141,0.1153,0.1139,0.1145,1116832.0
2026-04-07 10:00:00+00:00,0.1145,0.1152,0.1125,0.1127,2247771.0
2026-04-07 11:00:00+00:00,0.1127,0.1129,0.1118,0.1122,1288414.0
2026-04-07 12:00:00+00:00,0.1122,0.1129,0.1115,0.1127,3873383.0
2026-04-07 13:00:00+00:00,0.1128,0.1145,0.1127,0.1137,2195292.0
2026-04-07 14:00:00+00:00,0.1138,0.1168,0.1131,0.1157,7963396.0
2026-04-07 15:00:00+00:00,0.1157,0.1157,0.1137,0.1142,3689567.0
2026-04-07 16:00:00+00:00,0.1143,0.1153,0.1121,0.1125,3375128.0
2026-04-07 17:00:00+00:00,0.1126,0.1132,0.1117,0.1125,1326490.0
2026-04-07 18:00:00+00:00,0.1125,0.1125,0.1108,0.1109,1140570.0
2026-04-07 19:00:00+00:00,0.1109,0.1122,0.1107,0.112,2403293.0
2026-04-07 20:00:00+00:00,0.112,0.1129,0.1111,0.1121,2531710.0
2026-04-07 21:00:00+00:00,0.1121,0.1144,0.112,0.1138,4642137.0
2026-04-07 22:00:00+00:00,0.1138,0.1154,0.1134,0.1154,5021277.0
2026-04-07 23:00:00+00:00,0.1155,0.1202,0.1149,0.1171,10178897.0
2026-04-08 00:00:00+00:00,0.1171,0.1193,0.1166,0.1179,5955175.0
2026-04-08 01:00:00+00:00,0.1178,0.1191,0.1168,0.1184,3745263.0
2026-04-08 02:00:00+00:00,0.1184,0.1203,0.1173,0.1195,3190411.0
2026-04-08 03:00:00+00:00,0.1195,0.1196,0.1182,0.1183,1883917.0
2026-04-08 04:00:00+00:00,0.1182,0.1226,0.1179,0.1216,5574607.0
2026-04-08 05:00:00+00:00,0.1215,0.1247,0.1208,0.1235,4161121.0
2026-04-08 06:00:00+00:00,0.1235,0.1241,0.1214,0.1222,4180395.0
2026-04-08 07:00:00+00:00,0.1222,0.1241,0.1221,0.1232,2879843.0
2026-04-08 08:00:00+00:00,0.1232,0.1242,0.1221,0.1225,3003057.0
2026-04-08 09:00:00+00:00,0.1225,0.1231,0.122,0.1225,2347040.0
2026-04-08 10:00:00+00:00,0.1225,0.1232,0.1217,0.1225,3217054.0
2026-04-08 11:00:00+00:00,0.1225,0.123,0.1215,0.1215,2792187.0
2026-04-08 12:00:00+00:00,0.1214,0.1215,0.1196,0.1196,3679436.0
2026-04-08 13:00:00+00:00,0.1197,0.1204,0.1186,0.119,2657388.0
2026-04-08 14:00:00+00:00,0.119,0.1195,0.1163,0.1166,2959171.0
2026-04-08 15:00:00+00:00,0.1166,0.1172,0.1155,0.1158,2172021.0
2026-04-08 16:00:00+00:00,0.1157,0.1168,0.1156,0.1167,968758.0
2026-04-08 17:00:00+00:00,0.1168,0.117,0.1163,0.1166,1005394.0
2026-04-08 18:00:00+00:00,0.1165,0.1166,0.1156,0.1159,1235633.0
2026-04-08 19:00:00+00:00,0.1159,0.1161,0.1154,0.1161,566194.0
2026-04-08 20:00:00+00:00,0.1161,0.1164,0.1155,0.116,712468.0
2026-04-08 21:00:00+00:00,0.1161,0.1182,0.1159,0.1181,1628083.0
2026-04-08 22:00:00+00:00,0.1182,0.1182,0.1161,0.1162,1666254.0
2026-04-08 23:00:00+00:00,0.1161,0.1161,0.1139,0.1141,2806655.0
2026-04-09 00:00:00+00:00,0.114,0.1146,0.113,0.1137,2653368.0
2026-04-09 01:00:00+00:00,0.1137,0.1137,0.1121,0.1122,1297277.0
2026-04-09 02:00:00+00:00,0.1123,0.1133,0.1117,0.1128,2715976.0
2026-04-09 03:00:00+00:00,0.1129,0.113,0.1103,0.1105,7828754.0
2026-04-09 04:00:00+00:00,0.1104,0.1111,0.1091,0.1095,3238129.0
2026-04-09 05:00:00+00:00,0.1095,0.1104,0.1095,0.1098,1380326.0
2026-04-09 06:00:00+00:00,0.1097,0.111,0.1094,0.1105,1811277.0
2026-04-09 07:00:00+00:00,0.1106,0.1115,0.1106,0.1109,1518792.0
2026-04-09 08:00:00+00:00,0.1109,0.1122,0.1109,0.1116,1320443.0
2026-04-09 09:00:00+00:00,0.1116,0.1116,0.1107,0.1111,1607648.0
2026-04-09 10:00:00+00:00,0.1111,0.1116,0.1107,0.1109,805909.0
2026-04-09 11:00:00+00:00,0.1109,0.1121,0.1104,0.1118,2869861.0
2026-04-09 12:00:00+00:00,0.1119,0.1123,0.1107,0.1111,4407434.0
2026-04-09 13:00:00+00:00,0.1112,0.1139,0.1107,0.1132,5789793.0
2026-04-09 14:00:00+00:00,0.1133,0.1162,0.1122,0.1149,10053397.0
2026-04-09 15:00:00+00:00,0.115,0.1153,0.1137,0.1148,2882673.0
2026-04-09 16:00:00+00:00,0.1149,0.1159,0.114,0.1143,2538242.0
2026-04-09 17:00:00+00:00,0.1142,0.1146,0.1127,0.1133,3667970.0
2026-04-09 18:00:00+00:00,0.1133,0.1135,0.1113,0.1127,5903726.0
2026-04-09 19:00:00+00:00,0.1127,0.1132,0.1118,0.1121,1537185.0
2026-04-09 20:00:00+00:00,0.1121,0.1132,0.1119,0.1127,1590716.0
2026-04-09 21:00:00+00:00,0.1128,0.115,0.1128,0.1136,2831505.0
2026-04-09 22:00:00+00:00,0.1136,0.1155,0.1131,0.1132,4276545.0
2026-04-09 23:00:00+00:00,0.1132,0.1132,0.1118,0.1122,1876828.0
2026-04-10 00:00:00+00:00,0.1121,0.1128,0.1111,0.1114,2153882.0
2026-04-10 01:00:00+00:00,0.1114,0.1127,0.1113,0.1117,965609.0
2026-04-10 02:00:00+00:00,0.1117,0.1121,0.111,0.111,767800.0
2026-04-10 03:00:00+00:00,0.1111,0.1115,0.1107,0.1109,847142.0
2026-04-10 04:00:00+00:00,0.1109,0.1119,0.1109,0.1115,789406.0
2026-04-10 05:00:00+00:00,0.1115,0.1117,0.1108,0.111,2783543.0
2026-04-10 06:00:00+00:00,0.111,0.1112,0.1096,0.1103,2423210.0
2026-04-10 07:00:00+00:00,0.1104,0.1108,0.1098,0.1106,1359855.0
2026-04-10 08:00:00+00:00,0.1106,0.1107,0.1095,0.1099,727639.0
2026-04-10 09:00:00+00:00,0.1099,0.1103,0.1093,0.1094,1032084.0
2026-04-10 10:00:00+00:00,0.1094,0.1101,0.109,0.1094,1310944.0
2026-04-10 11:00:00+00:00,0.1093,0.1101,0.1092,0.1098,2318735.0
2026-04-10 12:00:00+00:00,0.1098,0.1119,0.1094,0.1099,4788280.0
2026-04-10 13:00:00+00:00,0.1099,0.1102,0.1093,0.11,1038179.0
2026-04-10 14:00:00+00:00,0.1099,0.1122,0.1099,0.112,6005831.0
2026-04-10 15:00:00+00:00,0.112,0.1128,0.1117,0.1122,2429011.0
2026-04-10 16:00:00+00:00,0.1123,0.1132,0.1107,0.1115,2365843.0
2026-04-10 17:00:00+00:00,0.1115,0.1116,0.1107,0.1114,1136122.0
2026-04-10 18:00:00+00:00,0.1114,0.112,0.1106,0.1118,2146870.0
2026-04-10 19:00:00+00:00,0.1118,0.1124,0.1115,0.1121,1430440.0
2026-04-10 20:00:00+00:00,0.112,0.1121,0.1112,0.1118,547275.0
2026-04-10 21:00:00+00:00,0.1118,0.1118,0.1103,0.1113,837919.0
2026-04-10 22:00:00+00:00,0.1114,0.1114,0.11,0.1101,400071.0
2026-04-10 23:00:00+00:00,0.1101,0.1102,0.1096,0.1102,709923.0
2026-04-11 00:00:00+00:00,0.1101,0.1104,0.1095,0.11,1084502.0
2026-04-11 01:00:00+00:00,0.1099,0.1101,0.1084,0.1088,2837097.0
2026-04-11 02:00:00+00:00,0.1089,0.1101,0.1089,0.1097,614004.0
2026-04-11 03:00:00+00:00,0.1097,0.1099,0.1086,0.1087,387315.0
2026-04-11 04:00:00+00:00,0.1087,0.1094,0.1085,0.1088,589866.0
2026-04-11 05:00:00+00:00,0.1089,0.1091,0.1074,0.1076,1976932.0
2026-04-11 06:00:00+00:00,0.1076,0.1076,0.1068,0.1069,664953.0
2026-04-11 07:00:00+00:00,0.1069,0.1072,0.1064,0.1064,1223570.0
2026-04-11 08:00:00+00:00,0.1063,0.1072,0.1057,0.1069,1331029.0
2026-04-11 09:00:00+00:00,0.1069,0.1074,0.1066,0.1069,420896.0
2026-04-11 10:00:00+00:00,0.1069,0.108,0.1067,0.1078,2146473.0
2026-04-11 11:00:00+00:00,0.1078,0.1086,0.1076,0.1081,1741210.0
2026-04-11 12:00:00+00:00,0.1081,0.1084,0.1072,0.1072,619799.0
2026-04-11 13:00:00+00:00,0.1073,0.1078,0.1068,0.1074,778043.0
2026-04-11 14:00:00+00:00,0.1075,0.1076,0.1067,0.1069,588120.0
2026-04-11 15:00:00+00:00,0.1068,0.1082,0.1068,0.1076,856726.0
2026-04-11 16:00:00+00:00,0.1077,0.1085,0.1075,0.108,881750.0
2026-04-11 17:00:00+00:00,0.1079,0.1088,0.1075,0.1084,2237704.0
2026-04-11 18:00:00+00:00,0.1083,0.1106,0.108,0.1099,3787387.0
2026-04-11 19:00:00+00:00,0.1099,0.1105,0.1095,0.11,1766224.0
2026-04-11 20:00:00+00:00,0.11,0.1101,0.1087,0.1089,645629.0
2026-04-11 21:00:00+00:00,0.1088,0.1093,0.1084,0.1093,629691.0
2026-04-11 22:00:00+00:00,0.1093,0.1097,0.1083,0.1083,654168.0
2026-04-11 23:00:00+00:00,0.1083,0.1086,0.1076,0.1083,1404536.0
2026-04-12 00:00:00+00:00,0.1082,0.1085,0.1073,0.1084,799709.0
2026-04-12 01:00:00+00:00,0.1085,0.1087,0.1059,0.1062,2134011.0
2026-04-12 02:00:00+00:00,0.106,0.1063,0.1049,0.1058,2675184.0
2026-04-12 03:00:00+00:00,0.1058,0.1063,0.1055,0.1055,602077.0
2026-04-12 04:00:00+00:00,0.1055,0.1058,0.1054,0.1058,348836.0
2026-04-12 05:00:00+00:00,0.1057,0.1065,0.1057,0.1058,521306.0
2026-04-12 06:00:00+00:00,0.1059,0.1061,0.1055,0.1059,269712.0
2026-04-12 07:00:00+00:00,0.1058,0.1058,0.1052,0.1053,478284.0
2026-04-12 08:00:00+00:00,0.1053,0.1055,0.1051,0.1052,365151.0
2026-04-12 09:00:00+00:00,0.1053,0.1055,0.1047,0.1048,969431.0
2026-04-12 10:00:00+00:00,0.1048,0.1052,0.1048,0.1048,371657.0
2026-04-12 11:00:00+00:00,0.1048,0.1049,0.1043,0.1049,389133.0
2026-04-12 12:00:00+00:00,0.1048,0.1049,0.104,0.1042,483188.0
2026-04-12 13:00:00+00:00,0.1042,0.1044,0.1031,0.1033,1737877.0
2026-04-12 14:00:00+00:00,0.1034,0.104,0.1028,0.103,1595317.0
2026-04-12 15:00:00+00:00,0.1029,0.103,0.1023,0.1023,1591524.0
2026-04-12 16:00:00+00:00,0.1023,0.1027,0.1017,0.1024,1361494.0
2026-04-12 17:00:00+00:00,0.1025,0.1037,0.1023,0.1036,1919563.0
2026-04-12 18:00:00+00:00,0.1037,0.1041,0.1035,0.1035,441478.0
2026-04-12 19:00:00+00:00,0.1035,0.1038,0.1032,0.1033,131971.0
2026-04-12 20:00:00+00:00,0.1033,0.1038,0.103,0.1035,411800.0
2026-04-12 21:00:00+00:00,0.1035,0.1037,0.1025,0.1028,689709.0
2026-04-12 22:00:00+00:00,0.1028,0.1029,0.1021,0.1024,1485303.0
2026-04-12 23:00:00+00:00,0.1024,0.1024,0.1015,0.1018,1187593.0
2026-04-13 00:00:00+00:00,0.1019,0.1026,0.1018,0.1022,951044.0
2026-04-13 01:00:00+00:00,0.1023,0.1027,0.1022,0.1023,1035491.0
2026-04-13 02:00:00+00:00,0.1023,0.1026,0.1019,0.1021,1117819.0
2026-04-13 03:00:00+00:00,0.1021,0.1024,0.1019,0.1023,451361.0
2026-04-13 04:00:00+00:00,0.1022,0.1023,0.1014,0.1015,467163.0
2026-04-13 05:00:00+00:00,0.1015,0.1021,0.1015,0.102,376792.0
2026-04-13 06:00:00+00:00,0.102,0.1022,0.1017,0.1018,543461.0
2026-04-13 07:00:00+00:00,0.1019,0.1019,0.1008,0.101,445136.0
2026-04-13 08:00:00+00:00,0.101,0.1012,0.1007,0.1009,793892.0
2026-04-13 09:00:00+00:00,0.1009,0.1014,0.1008,0.1011,329110.0
2026-04-13 10:00:00+00:00,0.1011,0.1019,0.101,0.1017,812135.0
2026-04-13 11:00:00+00:00,0.1017,0.1024,0.1017,0.1023,838930.0
2026-04-13 12:00:00+00:00,0.1024,0.1034,0.1017,0.1032,571080.0
2026-04-13 13:00:00+00:00,0.1033,0.1046,0.1029,0.1043,2440818.0
2026-04-13 14:00:00+00:00,0.1043,0.1054,0.1038,0.1047,3576315.0
2026-04-13 15:00:00+00:00,0.1048,0.1051,0.103,0.1031,1688445.0
2026-04-13 16:00:00+00:00,0.103,0.1039,0.1023,0.1029,3033359.0
2026-04-13 17:00:00+00:00,0.1029,0.1041,0.1026,0.1028,1001756.0
2026-04-13 18:00:00+00:00,0.1027,0.1036,0.1025,0.1035,1158348.0
2026-04-13 19:00:00+00:00,0.1035,0.1055,0.1033,0.1039,2434234.0
2026-04-13 20:00:00+00:00,0.1039,0.1041,0.1032,0.1037,1102166.0
2026-04-13 21:00:00+00:00,0.1037,0.1049,0.1035,0.1048,578830.0
2026-04-13 22:00:00+00:00,0.1048,0.1064,0.1047,0.1055,2489310.0
2026-04-13 23:00:00+00:00,0.1054,0.1096,0.105,0.1092,5434328.0
2026-04-14 00:00:00+00:00,0.1091,0.111,0.1088,0.1101,3908130.0
2026-04-14 01:00:00+00:00,0.1102,0.1115,0.1098,0.1109,3725865.0
2026-04-14 02:00:00+00:00,0.1109,0.1112,0.1101,0.111,4280819.0
2026-04-14 03:00:00+00:00,0.111,0.1122,0.1106,0.1119,2145597.0
2026-04-14 04:00:00+00:00,0.112,0.1144,0.1119,0.1141,4297169.0
2026-04-14 05:00:00+00:00,0.1141,0.1143,0.111,0.1113,2965445.0
2026-04-14 06:00:00+00:00,0.1113,0.112,0.1106,0.1115,1722822.0
2026-04-14 07:00:00+00:00,0.1116,0.1135,0.1116,0.113,2679097.0
2026-04-14 08:00:00+00:00,0.113,0.1142,0.1124,0.1131,2089313.0
2026-04-14 09:00:00+00:00,0.113,0.1142,0.1123,0.1141,1579980.0
2026-04-14 10:00:00+00:00,0.1141,0.1141,0.1118,0.1122,2883412.0
2026-04-14 11:00:00+00:00,0.1121,0.1127,0.1103,0.1116,2795414.0
2026-04-14 12:00:00+00:00,0.1116,0.1117,0.1101,0.1106,1168444.0
2026-04-14 13:00:00+00:00,0.1105,0.1119,0.1098,0.1116,3102242.0
2026-04-14 14:00:00+00:00,0.1115,0.1116,0.1103,0.1106,3113306.0
2026-04-14 15:00:00+00:00,0.1106,0.1111,0.1087,0.1088,3557853.0
2026-04-14 16:00:00+00:00,0.1089,0.1093,0.108,0.1083,2931352.0
2026-04-14 17:00:00+00:00,0.1083,0.1086,0.1071,0.1078,2892759.0
2026-04-14 18:00:00+00:00,0.1078,0.1081,0.1066,0.1067,1539614.0
2026-04-14 19:00:00+00:00,0.1067,0.1074,0.1064,0.1074,1693319.0
2026-04-14 20:00:00+00:00,0.1073,0.1074,0.1064,0.1067,2418245.0
2026-04-14 21:00:00+00:00,0.1068,0.1077,0.1068,0.1076,1203529.0
2026-04-14 22:00:00+00:00,0.1075,0.1077,0.107,0.1074,1042207.0
2026-04-14 23:00:00+00:00,0.1073,0.1079,0.1072,0.1078,1021345.0
2026-04-15 00:00:00+00:00,0.1078,0.1088,0.1078,0.1079,1576429.0
2026-04-15 01:00:00+00:00,0.108,0.1093,0.108,0.1087,2550652.0
2026-04-15 02:00:00+00:00,0.1086,0.1096,0.1086,0.1094,1248538.0
2026-04-15 03:00:00+00:00,0.1095,0.1095,0.108,0.1084,1061552.0
2026-04-15 04:00:00+00:00,0.1084,0.1096,0.1084,0.1091,1117631.0
2026-04-15 05:00:00+00:00,0.1092,0.1105,0.1088,0.1099,1992746.0
2026-04-15 06:00:00+00:00,0.11,0.1109,0.1097,0.1104,1216711.0
2026-04-15 07:00:00+00:00,0.1105,0.1117,0.1099,0.1115,1657879.0
2026-04-15 08:00:00+00:00,0.1115,0.1126,0.1114,0.1122,3448521.0
2026-04-15 09:00:00+00:00,0.1122,0.114,0.1119,0.1138,2837844.0
2026-04-15 10:00:00+00:00,0.1139,0.1141,0.1113,0.1114,3548577.0
2026-04-15 11:00:00+00:00,0.1115,0.1123,0.1108,0.1114,2164011.0
2026-04-15 12:00:00+00:00,0.1114,0.1122,0.1112,0.112,1493559.0
2026-04-15 13:00:00+00:00,0.1119,0.1122,0.1104,0.1106,1651154.0
2026-04-15 14:00:00+00:00,0.1105,0.1112,0.1101,0.1111,1338192.0
2026-04-15 15:00:00+00:00,0.111,0.1127,0.1108,0.112,2379117.0
2026-04-15 16:00:00+00:00,0.1119,0.1128,0.1114,0.1116,1546669.0
2026-04-15 17:00:00+00:00,0.1116,0.1119,0.1112,0.1116,827031.0
2026-04-15 18:00:00+00:00,0.1116,0.113,0.1116,0.1129,1650012.0
2026-04-15 19:00:00+00:00,0.1129,0.1146,0.1129,0.1138,3674506.0
2026-04-15 20:00:00+00:00,0.1138,0.1142,0.1126,0.113,1691697.0
2026-04-15 21:00:00+00:00,0.1131,0.1137,0.1124,0.1136,661636.0
2026-04-15 22:00:00+00:00,0.1136,0.1142,0.1129,0.1131,859901.0
2026-04-15 23:00:00+00:00,0.1131,0.1133,0.1123,0.1126,841325.0
2026-04-16 00:00:00+00:00,0.1126,0.1132,0.1122,0.1132,1070009.0
2026-04-16 01:00:00+00:00,0.1132,0.1132,0.1123,0.1125,448077.0
2026-04-16 02:00:00+00:00,0.1126,0.1126,0.1118,0.1121,663564.0
2026-04-16 03:00:00+00:00,0.112,0.1133,0.1119,0.1132,1010244.0
2026-04-16 04:00:00+00:00,0.1132,0.114,0.113,0.1133,1939726.0
2026-04-16 05:00:00+00:00,0.1133,0.114,0.1131,0.1139,1456147.0
2026-04-16 06:00:00+00:00,0.114,0.1143,0.1135,0.1139,1562832.0
2026-04-16 07:00:00+00:00,0.1139,0.1139,0.1128,0.1131,1808995.0
2026-04-16 08:00:00+00:00,0.1131,0.1133,0.1125,0.1131,1008023.0
2026-04-16 09:00:00+00:00,0.113,0.1142,0.113,0.1132,1245944.0
2026-04-16 10:00:00+00:00,0.1132,0.1132,0.1116,0.1116,1490561.0
2026-04-16 11:00:00+00:00,0.1116,0.1126,0.1115,0.1121,899756.0
2026-04-16 12:00:00+00:00,0.1121,0.1127,0.1118,0.1125,957741.0
2026-04-16 13:00:00+00:00,0.1125,0.1143,0.1122,0.1131,3233874.0
2026-04-16 14:00:00+00:00,0.1131,0.1131,0.1109,0.111,1677706.0
2026-04-16 15:00:00+00:00,0.111,0.1121,0.1107,0.1116,1411969.0
2026-04-16 16:00:00+00:00,0.1116,0.1125,0.1112,0.1116,2224118.0
2026-04-16 17:00:00+00:00,0.1116,0.1122,0.1107,0.1116,1292182.0
2026-04-16 18:00:00+00:00,0.1116,0.1133,0.1113,0.1126,798338.0
2026-04-16 19:00:00+00:00,0.1127,0.1141,0.1123,0.114,1716854.0
2026-04-16 20:00:00+00:00,0.114,0.115,0.1136,0.1137,2172888.0
2026-04-16 21:00:00+00:00,0.1138,0.1158,0.1136,0.1147,5101753.0
2026-04-16 22:00:00+00:00,0.1147,0.117,0.1145,0.1168,1886452.0
2026-04-16 23:00:00+00:00,0.1168,0.1176,0.1155,0.1157,2124144.0
2026-04-17 00:00:00+00:00,0.1158,0.1166,0.1151,0.1164,2556513.0
2026-04-17 01:00:00+00:00,0.1164,0.1166,0.1147,0.1153,2579710.0
2026-04-17 02:00:00+00:00,0.1153,0.1159,0.1145,0.1151,1181149.0
2026-04-17 03:00:00+00:00,0.1151,0.1155,0.1142,0.1143,1392574.0
2026-04-17 04:00:00+00:00,0.1143,0.1153,0.1143,0.1144,729076.0
2026-04-17 05:00:00+00:00,0.1144,0.1144,0.1132,0.1136,874908.0
2026-04-17 06:00:00+00:00,0.1136,0.115,0.1136,0.1149,1180220.0
2026-04-17 07:00:00+00:00,0.1149,0.1156,0.1146,0.1154,1621238.0
2026-04-17 08:00:00+00:00,0.1154,0.1173,0.1149,0.1168,2064867.0
2026-04-17 09:00:00+00:00,0.1167,0.1178,0.1159,0.1176,1776926.0
2026-04-17 10:00:00+00:00,0.1177,0.1178,0.115,0.1152,1390997.0
2026-04-17 11:00:00+00:00,0.1152,0.1158,0.1151,0.1156,1159882.0
2026-04-17 12:00:00+00:00,0.1156,0.1165,0.115,0.1162,1594983.0
2026-04-17 13:00:00+00:00,0.1161,0.1178,0.116,0.1175,5333057.0
2026-04-17 14:00:00+00:00,0.1175,0.1178,0.1164,0.117,2506286.0
2026-04-17 15:00:00+00:00,0.117,0.117,0.1139,0.1142,4987128.0
2026-04-17 16:00:00+00:00,0.1142,0.1149,0.1133,0.1149,3375774.0
2026-04-17 17:00:00+00:00,0.1148,0.1149,0.1129,0.113,2254250.0
2026-04-17 18:00:00+00:00,0.1131,0.1134,0.1122,0.1122,1137252.0
2026-04-17 19:00:00+00:00,0.1122,0.1124,0.1115,0.112,1976834.0
2026-04-17 20:00:00+00:00,0.112,0.1123,0.1115,0.1121,949653.0
2026-04-17 21:00:00+00:00,0.1121,0.113,0.112,0.1125,2313352.0
2026-04-17 22:00:00+00:00,0.1125,0.1138,0.1117,0.1119,2125899.0
2026-04-17 23:00:00+00:00,0.112,0.112,0.1103,0.111,1697760.0
2026-04-18 00:00:00+00:00,0.111,0.1113,0.1105,0.1106,1023575.0
2026-04-18 01:00:00+00:00,0.1106,0.1116,0.1103,0.1106,2064230.0
2026-04-18 02:00:00+00:00,0.1107,0.1121,0.1105,0.1116,2413810.0
2026-04-18 03:00:00+00:00,0.1116,0.112,0.1108,0.1109,1380524.0
2026-04-18 04:00:00+00:00,0.1109,0.1114,0.1105,0.1107,832392.0
2026-04-18 05:00:00+00:00,0.1108,0.1113,0.1108,0.1112,720365.0
2026-04-18 06:00:00+00:00,0.1112,0.1118,0.111,0.1116,960844.0
2026-04-18 07:00:00+00:00,0.1115,0.1117,0.1112,0.1115,675358.0
2026-04-18 08:00:00+00:00,0.1114,0.1115,0.1099,0.1104,1789560.0
2026-04-18 09:00:00+00:00,0.1104,0.1106,0.11,0.1102,2236901.0
2026-04-18 10:00:00+00:00,0.1102,0.1102,0.1082,0.1087,2201924.0
2026-04-18 11:00:00+00:00,0.1087,0.1087,0.1076,0.108,1633945.0
2026-04-18 12:00:00+00:00,0.108,0.1084,0.1078,0.1084,1387687.0
2026-04-18 13:00:00+00:00,0.1083,0.1088,0.1072,0.1088,2111072.0
2026-04-18 14:00:00+00:00,0.1088,0.1091,0.1086,0.1088,542859.0
2026-04-18 15:00:00+00:00,0.1089,0.1107,0.1086,0.1093,1845432.0
2026-04-18 16:00:00+00:00,0.1094,0.1102,0.1089,0.1096,3024197.0
2026-04-18 17:00:00+00:00,0.1096,0.1096,0.1088,0.1088,620936.0
2026-04-18 18:00:00+00:00,0.1088,0.1088,0.1078,0.1079,758684.0
2026-04-18 19:00:00+00:00,0.108,0.1086,0.1076,0.1078,1267182.0
2026-04-18 20:00:00+00:00,0.108,0.108,0.1072,0.1072,894765.0
2026-04-18 21:00:00+00:00,0.1072,0.1076,0.1066,0.1073,1333070.0
2026-04-18 22:00:00+00:00,0.1074,0.1077,0.107,0.1074,527173.0
2026-04-18 23:00:00+00:00,0.1074,0.1076,0.1064,0.1064,614841.0
2026-04-19 00:00:00+00:00,0.1064,0.1068,0.1061,0.1064,1204016.0
2026-04-19 01:00:00+00:00,0.1065,0.1067,0.1056,0.106,853615.0
2026-04-19 02:00:00+00:00,0.106,0.1061,0.1054,0.1058,598989.0
2026-04-19 03:00:00+00:00,0.1057,0.1064,0.1052,0.1057,972301.0
2026-04-19 04:00:00+00:00,0.1057,0.1061,0.1054,0.1058,940716.0
2026-04-19 05:00:00+00:00,0.1058,0.1059,0.105,0.105,545711.0
2026-04-19 06:00:00+00:00,0.105,0.106,0.105,0.1057,904040.0
2026-04-19 07:00:00+00:00,0.1057,0.1057,0.1047,0.1053,1098390.0
2026-04-19 08:00:00+00:00,0.1053,0.1056,0.1047,0.1048,942303.0
2026-04-19 09:00:00+00:00,0.1048,0.1049,0.1041,0.1042,807848.0
2026-04-19 10:00:00+00:00,0.1042,0.1045,0.104,0.1044,593961.0
2026-04-19 11:00:00+00:00,0.1045,0.1054,0.1044,0.1054,745478.0
2026-04-19 12:00:00+00:00,0.1054,0.1058,0.1049,0.1056,962503.0
2026-04-19 13:00:00+00:00,0.1056,0.1065,0.1054,0.1055,1725969.0
2026-04-19 14:00:00+00:00,0.1055,0.106,0.105,0.1058,760225.0
2026-04-19 15:00:00+00:00,0.1059,0.1062,0.1049,0.1062,1160680.0
2026-04-19 16:00:00+00:00,0.1061,0.1063,0.1052,0.1053,982515.0
2026-04-19 17:00:00+00:00,0.1053,0.1055,0.1042,0.1042,2573147.0
2026-04-19 18:00:00+00:00,0.1043,0.1045,0.103,0.1035,3993856.0
2026-04-19 19:00:00+00:00,0.1035,0.1043,0.1035,0.1038,733332.0
2026-04-19 20:00:00+00:00,0.1038,0.1039,0.1028,0.1033,1430912.0
2026-04-19 21:00:00+00:00,0.1033,0.1035,0.1028,0.1029,533265.0
2026-04-19 22:00:00+00:00,0.1029,0.1029,0.1013,0.102,2969534.0
2026-04-19 23:00:00+00:00,0.1019,0.102,0.1014,0.1015,619744.0
2026-04-20 00:00:00+00:00,0.1015,0.1025,0.1015,0.1022,720115.0
2026-04-20 01:00:00+00:00,0.1023,0.1024,0.1015,0.1023,1121499.0
2026-04-20 02:00:00+00:00,0.1022,0.1024,0.1016,0.1018,1545253.0
2026-04-20 03:00:00+00:00,0.1019,0.1021,0.1015,0.1018,913818.0
2026-04-20 04:00:00+00:00,0.1018,0.1022,0.1012,0.1022,987224.0
2026-04-20 05:00:00+00:00,0.1022,0.1022,0.1013,0.1015,855596.0
2026-04-20 06:00:00+00:00,0.1015,0.1029,0.1014,0.1025,1273156.0
2026-04-20 07:00:00+00:00,0.1025,0.1035,0.1021,0.1025,1781253.0
2026-04-20 08:00:00+00:00,0.1026,0.103,0.1022,0.1024,1005353.0
2026-04-20 09:00:00+00:00,0.1025,0.1035,0.1022,0.1023,1912183.0
2026-04-20 10:00:00+00:00,0.1023,0.1031,0.1022,0.1025,1181495.0
2026-04-20 11:00:00+00:00,0.1025,0.1026,0.1021,0.1025,1283845.0
2026-04-20 12:00:00+00:00,0.1024,0.1035,0.1023,0.1032,1538713.0
2026-04-20 13:00:00+00:00,0.1033,0.1038,0.1024,0.1031,2311141.0
2026-04-20 14:00:00+00:00,0.1031,0.1033,0.1019,0.1021,1330531.0
2026-04-20 15:00:00+00:00,0.1021,0.1025,0.1016,0.1018,1348814.0
2026-04-20 16:00:00+00:00,0.1017,0.1027,0.1011,0.1021,2770748.0
2026-04-20 17:00:00+00:00,0.1021,0.1034,0.102,0.1034,1278598.0
2026-04-20 18:00:00+00:00,0.1035,0.1053,0.1035,0.1049,1750537.0
2026-04-20 19:00:00+00:00,0.1049,0.1056,0.104,0.1045,1264142.0
2026-04-20 20:00:00+00:00,0.1045,0.1045,0.1039,0.1042,957019.0
2026-04-20 21:00:00+00:00,0.1042,0.1045,0.1036,0.104,590931.0
2026-04-20 22:00:00+00:00,0.104,0.1041,0.1035,0.1037,323303.0
2026-04-20 23:00:00+00:00,0.1036,0.1036,0.103,0.1034,714072.0
2026-04-21 00:00:00+00:00,0.1035,0.1041,0.1032,0.104,1099176.0
2026-04-21 01:00:00+00:00,0.104,0.1044,0.1037,0.104,535507.0
2026-04-21 02:00:00+00:00,0.1039,0.1041,0.1031,0.1035,597777.0
2026-04-21 03:00:00+00:00,0.1034,0.1036,0.1025,0.1026,1551881.0
2026-04-21 04:00:00+00:00,0.1026,0.1032,0.102,0.1032,672497.0
2026-04-21 05:00:00+00:00,0.1031,0.1038,0.1028,0.1028,558026.0
2026-04-21 06:00:00+00:00,0.1029,0.103,0.1021,0.1029,871326.0
2026-04-21 07:00:00+00:00,0.1029,0.1036,0.1028,0.1032,1017180.0
2026-04-21 08:00:00+00:00,0.1031,0.1038,0.1028,0.1033,666722.0
2026-04-21 09:00:00+00:00,0.1033,0.1037,0.1029,0.1034,618540.0
2026-04-21 10:00:00+00:00,0.1034,0.1051,0.1031,0.1048,1696774.0
2026-04-21 11:00:00+00:00,0.1047,0.1054,0.1039,0.1048,1732804.0
2026-04-21 12:00:00+00:00,0.1048,0.1051,0.1032,0.1041,1479885.0
2026-04-21 13:00:00+00:00,0.1041,0.1047,0.1035,0.1046,1678684.0
2026-04-21 14:00:00+00:00,0.1046,0.1052,0.1039,0.1041,1921193.0
2026-04-21 15:00:00+00:00,0.1042,0.1045,0.1038,0.104,1380311.0
2026-04-21 16:00:00+00:00,0.1041,0.1043,0.1029,0.103,779338.0
2026-04-21 17:00:00+00:00,0.103,0.1035,0.1024,0.1028,2476251.0
2026-04-21 18:00:00+00:00,0.1029,0.1031,0.1021,0.1027,662114.0
2026-04-21 19:00:00+00:00,0.1028,0.1033,0.1014,0.1017,1236429.0
2026-04-21 20:00:00+00:00,0.1017,0.1031,0.1015,0.1025,1500080.0
2026-04-21 21:00:00+00:00,0.1025,0.1026,0.1022,0.1024,505841.0
2026-04-21 22:00:00+00:00,0.1023,0.1027,0.102,0.1025,488524.0
2026-04-21 23:00:00+00:00,0.1025,0.1034,0.1025,0.1032,613806.0
2026-04-22 00:00:00+00:00,0.1033,0.1034,0.1026,0.1027,403696.0
2026-04-22 01:00:00+00:00,0.1026,0.1031,0.1024,0.1029,600829.0
2026-04-22 02:00:00+00:00,0.1029,0.1048,0.1028,0.1046,1060721.0
2026-04-22 03:00:00+00:00,0.1046,0.1047,0.1036,0.1039,1842597.0
2026-04-22 04:00:00+00:00,0.1039,0.105,0.1038,0.1047,559686.0
2026-04-22 05:00:00+00:00,0.1047,0.1064,0.1045,0.1057,1703531.0
2026-04-22 06:00:00+00:00,0.1056,0.1066,0.1055,0.1066,1747730.0
2026-04-22 07:00:00+00:00,0.1066,0.1067,0.1059,0.1062,1012807.0
2026-04-22 08:00:00+00:00,0.1063,0.1065,0.1058,0.106,556438.0
2026-04-22 09:00:00+00:00,0.106,0.1063,0.1057,0.1059,635777.0
2026-04-22 10:00:00+00:00,0.1058,0.106,0.1053,0.1054,1253535.0
2026-04-22 11:00:00+00:00,0.1054,0.1062,0.1054,0.1061,712551.0
2026-04-22 12:00:00+00:00,0.1061,0.1061,0.1052,0.1055,1635909.0
2026-04-22 13:00:00+00:00,0.1056,0.1057,0.1047,0.1048,2102500.0
2026-04-22 14:00:00+00:00,0.1048,0.1053,0.1046,0.1049,1510529.0
2026-04-22 15:00:00+00:00,0.105,0.1052,0.1046,0.1047,1426098.0
2026-04-22 16:00:00+00:00,0.1048,0.1052,0.1041,0.1046,1322577.0
2026-04-22 17:00:00+00:00,0.1046,0.105,0.104,0.1044,905441.0
2026-04-22 18:00:00+00:00,0.1044,0.1047,0.104,0.1041,622967.0
2026-04-22 19:00:00+00:00,0.1041,0.1043,0.1034,0.1039,1170943.0
2026-04-22 20:00:00+00:00,0.104,0.104,0.1037,0.1037,703821.0
2026-04-22 21:00:00+00:00,0.1037,0.1042,0.1036,0.1039,293471.0
2026-04-22 22:00:00+00:00,0.104,0.1041,0.103,0.1033,928724.0
2026-04-22 23:00:00+00:00,0.1033,0.1034,0.1027,0.1029,1134228.0
2026-04-23 00:00:00+00:00,0.1029,0.1034,0.1022,0.1027,1658904.0
2026-04-23 01:00:00+00:00,0.1027,0.1028,0.1021,0.1025,744569.0
2026-04-23 02:00:00+00:00,0.1026,0.1026,0.1015,0.102,934300.0
2026-04-23 03:00:00+00:00,0.102,0.1021,0.1007,0.1011,1811036.0
2026-04-23 04:00:00+00:00,0.101,0.1015,0.1009,0.1014,914278.0
2026-04-23 05:00:00+00:00,0.1015,0.1019,0.1014,0.1017,561158.0
2026-04-23 06:00:00+00:00,0.1018,0.1024,0.1018,0.1021,227789.0
2026-04-23 07:00:00+00:00,0.1021,0.1021,0.1015,0.1016,1042441.0
2026-04-23 08:00:00+00:00,0.1016,0.1019,0.1015,0.1015,639734.0
2026-04-23 09:00:00+00:00,0.1016,0.1016,0.101,0.1014,1024320.0
2026-04-23 10:00:00+00:00,0.1013,0.1014,0.1007,0.1009,849371.0
2026-04-23 11:00:00+00:00,0.1009,0.102,0.1009,0.1019,560945.0
2026-04-23 12:00:00+00:00,0.1019,0.1029,0.1018,0.1024,3003853.0
2026-04-23 13:00:00+00:00,0.1024,0.1028,0.1022,0.1022,1238909.0
2026-04-23 14:00:00+00:00,0.1023,0.103,0.1021,0.103,634708.0
2026-04-23 15:00:00+00:00,0.103,0.1047,0.1028,0.1039,2770801.0
2026-04-23 16:00:00+00:00,0.1039,0.1043,0.1034,0.1035,1826630.0
2026-04-23 17:00:00+00:00,0.1034,0.1035,0.1016,0.1024,2012207.0
2026-04-23 18:00:00+00:00,0.1023,0.1033,0.1022,0.1026,2547417.0
2026-04-23 19:00:00+00:00,0.1025,0.1033,0.1022,0.1029,1669027.0
2026-04-23 20:00:00+00:00,0.1029,0.1037,0.1028,0.1035,941051.0
2026-04-23 21:00:00+00:00,0.1034,0.1044,0.1032,0.1042,659301.0
2026-04-23 22:00:00+00:00,0.1042,0.1049,0.1041,0.1044,893525.0
2026-04-23 23:00:00+00:00,0.1044,0.1051,0.104,0.1044,1462584.0
2026-04-24 00:00:00+00:00,0.1044,0.1069,0.1044,0.1068,3602658.0
2026-04-24 01:00:00+00:00,0.1069,0.1075,0.1061,0.1071,3249791.0
2026-04-24 02:00:00+00:00,0.1071,0.1079,0.1061,0.1062,2475448.0
2026-04-24 03:00:00+00:00,0.1062,0.1062,0.1045,0.1052,945241.0
2026-04-24 04:00:00+00:00,0.1052,0.1058,0.1047,0.1056,1114330.0
2026-04-24 05:00:00+00:00,0.1056,0.106,0.1047,0.1058,799943.0
2026-04-24 06:00:00+00:00,0.1059,0.1064,0.1053,0.1055,1243349.0
2026-04-24 07:00:00+00:00,0.1054,0.1058,0.1051,0.1053,588257.0
2026-04-24 08:00:00+00:00,0.1053,0.107,0.1053,0.106,1088583.0
2026-04-24 09:00:00+00:00,0.106,0.1065,0.1052,0.1063,1451540.0
2026-04-24 10:00:00+00:00,0.1063,0.1072,0.1061,0.1069,1404408.0
2026-04-24 11:00:00+00:00,0.1068,0.1085,0.1068,0.1072,1768478.0
2026-04-24 12:00:00+00:00,0.1072,0.1084,0.107,0.1073,1437716.0
2026-04-24 13:00:00+00:00,0.1073,0.108,0.1067,0.1069,1269881.0
2026-04-24 14:00:00+00:00,0.1068,0.107,0.1061,0.1062,998864.0
2026-04-24 15:00:00+00:00,0.1063,0.1092,0.1056,0.1091,1853092.0
2026-04-24 16:00:00+00:00,0.1091,0.1093,0.1078,0.109,3121795.0
2026-04-24 17:00:00+00:00,0.1089,0.1095,0.1076,0.1079,1807408.0
2026-04-24 18:00:00+00:00,0.108,0.1083,0.1071,0.1075,493170.0
2026-04-24 19:00:00+00:00,0.1075,0.1087,0.1072,0.1085,392726.0
2026-04-24 20:00:00+00:00,0.1085,0.1094,0.1083,0.1088,1885706.0
2026-04-24 21:00:00+00:00,0.1087,0.1097,0.1078,0.1091,4893247.0
2026-04-24 22:00:00+00:00,0.1092,0.1104,0.1087,0.1092,3969473.0
2026-04-24 23:00:00+00:00,0.1093,0.1102,0.109,0.1098,1044478.0
2026-04-25 00:00:00+00:00,0.1097,0.1101,0.1083,0.11,2844314.0
2026-04-25 01:00:00+00:00,0.1099,0.1107,0.1093,0.1097,1683447.0
2026-04-25 02:00:00+00:00,0.1098,0.1108,0.1094,0.1105,944660.0
2026-04-25 03:00:00+00:00,0.1106,0.1122,0.1106,0.112,1620202.0
2026-04-25 04:00:00+00:00,0.112,0.1122,0.1112,0.1121,1775295.0
2026-04-25 05:00:00+00:00,0.112,0.1145,0.1115,0.1143,3551607.0
2026-04-25 06:00:00+00:00,0.1143,0.1156,0.1138,0.114,5889968.0
2026-04-25 07:00:00+00:00,0.1139,0.1161,0.1136,0.1153,4307786.0
2026-04-25 08:00:00+00:00,0.1152,0.117,0.1145,0.1163,4209414.0
2026-04-25 09:00:00+00:00,0.1162,0.1175,0.1153,0.1174,4216883.0
2026-04-25 10:00:00+00:00,0.1174,0.1176,0.1153,0.1161,4881006.0
2026-04-25 11:00:00+00:00,0.1162,0.1173,0.1139,0.1145,4183223.0
2026-04-25 12:00:00+00:00,0.1145,0.1146,0.1132,0.1139,3480086.0
2026-04-25 13:00:00+00:00,0.1138,0.1165,0.1138,0.1159,3032150.0
2026-04-25 14:00:00+00:00,0.1159,0.1169,0.1151,0.1156,2707998.0
2026-04-25 15:00:00+00:00,0.1157,0.1162,0.1148,0.1151,2246640.0
2026-04-25 16:00:00+00:00,0.1151,0.1158,0.1141,0.1147,2003117.0
2026-04-25 17:00:00+00:00,0.1148,0.1156,0.1145,0.1153,1256926.0
2026-04-25 18:00:00+00:00,0.1153,0.117,0.1153,0.116,4394931.0
2026-04-25 19:00:00+00:00,0.116,0.1184,0.1156,0.1177,5156324.0
2026-04-25 20:00:00+00:00,0.1178,0.1185,0.1155,0.1163,4580653.0
2026-04-25 21:00:00+00:00,0.1163,0.117,0.115,0.1152,1681934.0
2026-04-25 22:00:00+00:00,0.1152,0.116,0.1149,0.1154,720687.0
2026-04-25 23:00:00+00:00,0.1154,0.1158,0.1149,0.1152,805935.0
2026-04-26 00:00:00+00:00,0.1153,0.1153,0.1136,0.1136,2297406.0
2026-04-26 01:00:00+00:00,0.1137,0.116,0.1136,0.1157,2885420.0
2026-04-26 02:00:00+00:00,0.1156,0.1174,0.1154,0.1168,2301776.0
2026-04-26 03:00:00+00:00,0.1168,0.1176,0.1163,0.117,2230166.0
2026-04-26 04:00:00+00:00,0.1169,0.1171,0.1156,0.1161,1594626.0
2026-04-26 05:00:00+00:00,0.1161,0.1161,0.1147,0.1152,4520476.0
2026-04-26 06:00:00+00:00,0.1153,0.1173,0.1153,0.1172,2454452.0
2026-04-26 07:00:00+00:00,0.1172,0.118,0.1161,0.1165,2380863.0
2026-04-26 08:00:00+00:00,0.1165,0.1192,0.1163,0.1187,4011180.0
2026-04-26 09:00:00+00:00,0.1188,0.1193,0.1178,0.119,3072617.0
2026-04-26 10:00:00+00:00,0.119,0.121,0.1189,0.1203,4091346.0
2026-04-26 11:00:00+00:00,0.1203,0.1213,0.1196,0.1209,3374717.0
2026-04-26 12:00:00+00:00,0.1209,0.1211,0.1174,0.1182,2806344.0
2026-04-26 13:00:00+00:00,0.1183,0.1188,0.1176,0.1178,1705062.0
2026-04-26 14:00:00+00:00,0.1178,0.1195,0.1177,0.1192,1397071.0
2026-04-26 15:00:00+00:00,0.1192,0.1201,0.1184,0.1185,1634745.0
2026-04-26 16:00:00+00:00,0.1186,0.1195,0.1183,0.1193,1776534.0
2026-04-26 17:00:00+00:00,0.1192,0.1192,0.1177,0.1179,1868193.0
2026-04-26 18:00:00+00:00,0.1179,0.1183,0.1172,0.1178,1202081.0
2026-04-26 19:00:00+00:00,0.1179,0.1195,0.1179,0.1185,1002151.0
2026-04-26 20:00:00+00:00,0.1185,0.1195,0.118,0.1188,1292566.0
2026-04-26 21:00:00+00:00,0.1188,0.1197,0.1188,0.1195,1300659.0
2026-04-26 22:00:00+00:00,0.1195,0.1209,0.1194,0.1202,2030492.0
2026-04-26 23:00:00+00:00,0.1202,0.1206,0.1193,0.12,1236997.0
2026-04-27 00:00:00+00:00,0.1201,0.1208,0.1193,0.1198,1718821.0
2026-04-27 01:00:00+00:00,0.1198,0.1211,0.1198,0.1206,2055209.0
2026-04-27 02:00:00+00:00,0.1206,0.1208,0.1191,0.1207,2158278.0
2026-04-27 03:00:00+00:00,0.1207,0.121,0.1192,0.1192,2568907.0
2026-04-27 04:00:00+00:00,0.1192,0.1194,0.1176,0.1179,2791274.0
2026-04-27 05:00:00+00:00,0.1179,0.1179,0.1154,0.1155,3674784.0
2026-04-27 06:00:00+00:00,0.1156,0.116,0.1147,0.1151,2429435.0
2026-04-27 07:00:00+00:00,0.1151,0.1157,0.1144,0.1152,2597129.0
2026-04-27 08:00:00+00:00,0.1153,0.1165,0.1149,0.1159,1871605.0
2026-04-27 09:00:00+00:00,0.1159,0.1175,0.1156,0.1167,1734351.0
2026-04-27 10:00:00+00:00,0.1167,0.1171,0.1156,0.1158,2238493.0
2026-04-27 11:00:00+00:00,0.1157,0.1159,0.1151,0.1157,1339671.0
2026-04-27 12:00:00+00:00,0.1157,0.1166,0.115,0.1157,1380215.0
2026-04-27 13:00:00+00:00,0.1156,0.1163,0.115,0.1156,1559830.0
2026-04-27 14:00:00+00:00,0.1156,0.1165,0.1152,0.1164,1591457.0
2026-04-27 15:00:00+00:00,0.1164,0.1178,0.1158,0.1174,3793239.0
2026-04-27 16:00:00+00:00,0.1174,0.12,0.1174,0.1179,3978397.0
2026-04-27 17:00:00+00:00,0.1179,0.1191,0.1172,0.1172,1378877.0
2026-04-27 18:00:00+00:00,0.1173,0.1185,0.1168,0.1185,761006.0
2026-04-27 19:00:00+00:00,0.1184,0.1191,0.1163,0.1163,2546871.0
2026-04-27 20:00:00+00:00,0.1163,0.1167,0.1154,0.1156,1192492.0
2026-04-27 21:00:00+00:00,0.1155,0.1163,0.1151,0.1159,985597.0
2026-04-27 22:00:00+00:00,0.1158,0.1163,0.1155,0.1158,539125.0
2026-04-27 23:00:00+00:00,0.1158,0.1171,0.1155,0.1166,831295.0
2026-04-28 00:00:00+00:00,0.1166,0.1172,0.1162,0.1166,1229135.0
2026-04-28 01:00:00+00:00,0.1166,0.1172,0.1162,0.1171,928583.0
2026-04-28 02:00:00+00:00,0.117,0.1171,0.1151,0.1155,1421036.0
2026-04-28 03:00:00+00:00,0.1155,0.1157,0.1146,0.1149,2187464.0
2026-04-28 04:00:00+00:00,0.1149,0.1155,0.1141,0.1148,1709295.0
2026-04-28 05:00:00+00:00,0.1148,0.1153,0.1148,0.1149,720334.0
2026-04-28 06:00:00+00:00,0.1148,0.1158,0.1143,0.1147,1075257.0
2026-04-28 07:00:00+00:00,0.1146,0.115,0.114,0.1143,953732.0
2026-04-28 08:00:00+00:00,0.1142,0.1144,0.1132,0.1136,2078714.0
2026-04-28 09:00:00+00:00,0.1137,0.1145,0.1136,0.1142,1390333.0
2026-04-28 10:00:00+00:00,0.1142,0.115,0.1134,0.1144,1439041.0
2026-04-28 11:00:00+00:00,0.1144,0.1147,0.1135,0.1138,850783.0
2026-04-28 12:00:00+00:00,0.1138,0.1144,0.1135,0.114,1767654.0
2026-04-28 13:00:00+00:00,0.114,0.114,0.1119,0.1127,3732337.0
2026-04-28 14:00:00+00:00,0.1127,0.1127,0.1116,0.1121,2231884.0
2026-04-28 15:00:00+00:00,0.1121,0.1124,0.1116,0.1123,2056301.0
2026-04-28 16:00:00+00:00,0.1123,0.1129,0.1115,0.1119,1329106.0
2026-04-28 17:00:00+00:00,0.1118,0.1122,0.1112,0.1113,1114405.0
2026-04-28 18:00:00+00:00,0.1113,0.1119,0.1109,0.1119,693964.0
2026-04-28 19:00:00+00:00,0.1119,0.1127,0.111,0.1124,1420756.0
2026-04-28 20:00:00+00:00,0.1124,0.1127,0.1118,0.1123,866914.0
2026-04-28 21:00:00+00:00,0.1123,0.113,0.112,0.1124,1648099.0
2026-04-28 22:00:00+00:00,0.1124,0.1132,0.112,0.1123,1093483.0
2026-04-28 23:00:00+00:00,0.1123,0.1124,0.1117,0.1118,786090.0
2026-04-29 00:00:00+00:00,0.1119,0.1133,0.1117,0.113,1248988.0
2026-04-29 01:00:00+00:00,0.1131,0.1131,0.1121,0.1122,1071201.0
2026-04-29 02:00:00+00:00,0.1123,0.1127,0.112,0.1124,1126635.0
2026-04-29 03:00:00+00:00,0.1123,0.1131,0.1121,0.1129,812545.0
2026-04-29 04:00:00+00:00,0.113,0.1135,0.1127,0.1133,1147192.0
2026-04-29 05:00:00+00:00,0.1133,0.1142,0.1131,0.1138,1322734.0
2026-04-29 06:00:00+00:00,0.1138,0.1142,0.1131,0.1133,912754.0
2026-04-29 07:00:00+00:00,0.1132,0.1134,0.1128,0.1128,712152.0
2026-04-29 08:00:00+00:00,0.1129,0.113,0.1122,0.1123,886414.0
2026-04-29 09:00:00+00:00,0.1123,0.1137,0.1123,0.1131,1242358.0
2026-04-29 10:00:00+00:00,0.1132,0.1138,0.113,0.1135,1988593.0
2026-04-29 11:00:00+00:00,0.1135,0.1138,0.1126,0.1127,1883302.0
2026-04-29 12:00:00+00:00,0.1127,0.1128,0.1119,0.1122,1485967.0
2026-04-29 13:00:00+00:00,0.1123,0.1124,0.1109,0.1115,2145899.0
2026-04-29 14:00:00+00:00,0.1114,0.1116,0.1108,0.111,1257401.0
2026-04-29 15:00:00+00:00,0.1111,0.1111,0.11,0.1103,2015993.0
2026-04-29 16:00:00+00:00,0.1103,0.1107,0.1096,0.1102,3743329.0
2026-04-29 17:00:00+00:00,0.1103,0.1106,0.1098,0.1106,1598977.0
2026-04-29 18:00:00+00:00,0.1107,0.1107,0.1082,0.1094,3249750.0
2026-04-29 19:00:00+00:00,0.1095,0.1097,0.109,0.1093,1538997.0
2026-04-29 20:00:00+00:00,0.1093,0.11,0.1092,0.1097,1225647.0
2026-04-29 21:00:00+00:00,0.1097,0.111,0.1094,0.1105,1251995.0
2026-04-29 22:00:00+00:00,0.1105,0.1108,0.1102,0.1104,725565.0
2026-04-29 23:00:00+00:00,0.1103,0.1107,0.1101,0.1104,522990.0
2026-04-30 00:00:00+00:00,0.1104,0.1119,0.1103,0.1119,717080.0
2026-04-30 01:00:00+00:00,0.1118,0.112,0.1112,0.1114,843086.0
2026-04-30 02:00:00+00:00,0.1114,0.112,0.1105,0.1108,1579078.0
2026-04-30 03:00:00+00:00,0.1107,0.1116,0.1105,0.1113,1078426.0
2026-04-30 04:00:00+00:00,0.1113,0.1113,0.1099,0.1101,864303.0
2026-04-30 05:00:00+00:00,0.1101,0.1109,0.1097,0.1103,1067021.0
2026-04-30 06:00:00+00:00,0.1103,0.111,0.1101,0.1109,745196.0
2026-04-30 07:00:00+00:00,0.1108,0.1116,0.1106,0.1114,1344338.0
2026-04-30 08:00:00+00:00,0.1114,0.1119,0.111,0.1111,848909.0
2026-04-30 09:00:00+00:00,0.1112,0.1114,0.1108,0.111,437832.0
2026-04-30 10:00:00+00:00,0.1109,0.1112,0.1105,0.1111,487850.0
2026-04-30 11:00:00+00:00,0.1111,0.1116,0.1106,0.1112,837342.0
2026-04-30 12:00:00+00:00,0.1112,0.112,0.111,0.1111,401261.0
2026-04-30 13:00:00+00:00,0.1111,0.1113,0.1107,0.1109,847442.0
2026-04-30 14:00:00+00:00,0.1109,0.1114,0.1105,0.1112,1027306.0
2026-04-30 15:00:00+00:00,0.1113,0.1115,0.1107,0.1113,498313.0
2026-04-30 16:00:00+00:00,0.1112,0.1115,0.1107,0.1107,418420.0
2026-04-30 17:00:00+00:00,0.1108,0.111,0.1105,0.1107,238588.0
2026-04-30 18:00:00+00:00,0.1107,0.1112,0.1106,0.1107,296329.0
2026-04-30 19:00:00+00:00,0.1108,0.111,0.1106,0.1108,284535.0
2026-04-30 20:00:00+00:00,0.1107,0.1107,0.1101,0.1106,476149.0
2026-04-30 21:00:00+00:00,0.1105,0.111,0.1105,0.1106,310779.0
2026-04-30 22:00:00+00:00,0.1106,0.1107,0.1101,0.1103,172747.0
2026-04-30 23:00:00+00:00,0.1103,0.1105,0.11,0.1104,194504.0
2026-05-01 00:00:00+00:00,0.1103,0.1105,0.1095,0.1098,732409.0
2026-05-01 01:00:00+00:00,0.1099,0.1103,0.1095,0.1098,773617.0
2026-05-01 02:00:00+00:00,0.1098,0.11,0.1095,0.1099,476795.0
2026-05-01 03:00:00+00:00,0.1098,0.1109,0.1095,0.11,1239880.0
2026-05-01 04:00:00+00:00,0.1101,0.1103,0.1095,0.1097,717239.0
2026-05-01 05:00:00+00:00,0.1097,0.1101,0.1096,0.1098,556792.0
2026-05-01 06:00:00+00:00,0.1099,0.1099,0.1089,0.1093,756360.0
2026-05-01 07:00:00+00:00,0.1092,0.1094,0.1089,0.1093,510136.0
2026-05-01 08:00:00+00:00,0.1093,0.1097,0.1092,0.1095,463820.0
2026-05-01 09:00:00+00:00,0.1094,0.1095,0.1087,0.109,1419327.0
2026-05-01 10:00:00+00:00,0.109,0.1091,0.1084,0.1089,562818.0
2026-05-01 11:00:00+00:00,0.1089,0.1089,0.1079,0.1083,911902.0
2026-05-01 12:00:00+00:00,0.1083,0.1085,0.1073,0.1076,1939101.0
2026-05-01 13:00:00+00:00,0.1077,0.1093,0.1077,0.109,1490232.0
2026-05-01 14:00:00+00:00,0.109,0.1092,0.1083,0.1087,1563075.0
2026-05-01 15:00:00+00:00,0.1086,0.1097,0.1078,0.1096,2994933.0
2026-05-01 16:00:00+00:00,0.1097,0.1099,0.1086,0.1089,1536939.0
2026-05-01 17:00:00+00:00,0.1088,0.1089,0.1079,0.1086,880431.0
2026-05-01 18:00:00+00:00,0.1085,0.1094,0.1083,0.1087,1935304.0
2026-05-01 19:00:00+00:00,0.1087,0.1095,0.1087,0.1089,795052.0
2026-05-01 20:00:00+00:00,0.1089,0.1092,0.1084,0.1086,638551.0
2026-05-01 21:00:00+00:00,0.1086,0.1089,0.1083,0.1089,457981.0
2026-05-01 22:00:00+00:00,0.1089,0.1094,0.1083,0.1085,688167.0
2026-05-01 23:00:00+00:00,0.1085,0.1088,0.1078,0.1088,800633.0
2026-05-02 00:00:00+00:00,0.1088,0.1089,0.1077,0.1079,1485595.0
2026-05-02 01:00:00+00:00,0.1079,0.108,0.1076,0.1077,638901.0
2026-05-02 02:00:00+00:00,0.1077,0.1077,0.1067,0.1069,1379440.0
2026-05-02 03:00:00+00:00,0.1069,0.107,0.1062,0.1068,1943195.0
2026-05-02 04:00:00+00:00,0.1067,0.107,0.1061,0.1066,1074649.0
2026-05-02 05:00:00+00:00,0.1066,0.1067,0.1061,0.1061,530735.0
2026-05-02 06:00:00+00:00,0.1062,0.1065,0.106,0.1064,500969.0
2026-05-02 07:00:00+00:00,0.1064,0.1067,0.1057,0.1057,908921.0
2026-05-02 08:00:00+00:00,0.1057,0.1064,0.1057,0.1062,757322.0
2026-05-02 09:00:00+00:00,0.1062,0.1069,0.1062,0.1064,582181.0
2026-05-02 10:00:00+00:00,0.1065,0.1076,0.1064,0.1075,773692.0
2026-05-02 11:00:00+00:00,0.1075,0.1079,0.1067,0.1071,698946.0
2026-05-02 12:00:00+00:00,0.1071,0.1073,0.1068,0.1071,568022.0
2026-05-02 13:00:00+00:00,0.1071,0.108,0.107,0.1072,490552.0
2026-05-02 14:00:00+00:00,0.1072,0.1094,0.1072,0.1088,3222471.0
2026-05-02 15:00:00+00:00,0.1089,0.1089,0.108,0.1084,394718.0
2026-05-02 16:00:00+00:00,0.1085,0.1091,0.1083,0.1087,834354.0
2026-05-02 17:00:00+00:00,0.1087,0.1088,0.108,0.108,396751.0
2026-05-02 18:00:00+00:00,0.108,0.1096,0.1078,0.1093,1292539.0
2026-05-02 19:00:00+00:00,0.1093,0.1134,0.1093,0.1112,13870256.0
2026-05-02 20:00:00+00:00,0.1112,0.1117,0.1105,0.1112,1627188.0
2026-05-02 21:00:00+00:00,0.1112,0.1123,0.1105,0.1118,1649668.0
2026-05-02 22:00:00+00:00,0.1118,0.1129,0.1116,0.1118,1165707.0
2026-05-02 23:00:00+00:00,0.1118,0.1132,0.1114,0.1131,2661371.0
2026-05-03 00:00:00+00:00,0.1131,0.1134,0.1121,0.1123,1567925.0
2026-05-03 01:00:00+00:00,0.1123,0.1123,0.1109,0.1111,1390341.0
2026-05-03 02:00:00+00:00,0.1111,0.1118,0.1108,0.1117,477284.0
2026-05-03 03:00:00+00:00,0.1117,0.1143,0.1112,0.114,4380547.0
2026-05-03 04:00:00+00:00,0.114,0.115,0.1133,0.1149,2952708.0
2026-05-03 05:00:00+00:00,0.115,0.1157,0.114,0.1155,4752675.0
2026-05-03 06:00:00+00:00,0.1155,0.1164,0.1147,0.1157,4847509.0
2026-05-03 07:00:00+00:00,0.1156,0.1178,0.115,0.1176,5305234.0
2026-05-03 08:00:00+00:00,0.1175,0.1189,0.1168,0.117,6413626.0
2026-05-03 09:00:00+00:00,0.117,0.118,0.1161,0.1178,4566845.0
2026-05-03 10:00:00+00:00,0.1178,0.1184,0.1158,0.1159,3229682.0
2026-05-03 11:00:00+00:00,0.1159,0.1167,0.1154,0.1157,4880949.0
2026-05-03 12:00:00+00:00,0.1158,0.1173,0.115,0.1151,4708185.0
2026-05-03 13:00:00+00:00,0.1152,0.1154,0.114,0.1144,2205426.0
2026-05-03 14:00:00+00:00,0.1144,0.1149,0.1141,0.1148,925644.0
2026-05-03 15:00:00+00:00,0.1147,0.1155,0.1137,0.1146,4487907.0
2026-05-03 16:00:00+00:00,0.1145,0.1147,0.1137,0.1139,1194678.0
2026-05-03 17:00:00+00:00,0.1139,0.1145,0.1136,0.1142,665191.0
2026-05-03 18:00:00+00:00,0.1142,0.1147,0.1135,0.1137,1933773.0
2026-05-03 19:00:00+00:00,0.1138,0.1141,0.1133,0.1137,1189349.0
2026-05-03 20:00:00+00:00,0.1137,0.1151,0.1137,0.1144,1472101.0
2026-05-03 21:00:00+00:00,0.1144,0.115,0.113,0.1138,4692046.0
2026-05-03 22:00:00+00:00,0.1138,0.1148,0.1138,0.1138,1299399.0
2026-05-03 23:00:00+00:00,0.1139,0.114,0.1131,0.1133,527250.0
2026-05-04 00:00:00+00:00,0.1133,0.1136,0.1122,0.1132,2399246.0
2026-05-04 01:00:00+00:00,0.1132,0.1137,0.1121,0.1135,1737816.0
2026-05-04 02:00:00+00:00,0.1136,0.1153,0.1133,0.1151,3714674.0
2026-05-04 03:00:00+00:00,0.115,0.116,0.1146,0.1155,943479.0
2026-05-04 04:00:00+00:00,0.1155,0.1161,0.1154,0.1157,1070536.0
2026-05-04 05:00:00+00:00,0.1157,0.1163,0.1152,0.116,1130031.0
2026-05-04 06:00:00+00:00,0.1159,0.1164,0.1155,0.1158,1928225.0
2026-05-04 07:00:00+00:00,0.1158,0.1159,0.1142,0.1144,786264.0
2026-05-04 08:00:00+00:00,0.1143,0.1151,0.1143,0.1148,1409730.0
2026-05-04 09:00:00+00:00,0.1149,0.1159,0.1142,0.1156,1039154.0
2026-05-04 10:00:00+00:00,0.1156,0.1156,0.1119,0.1122,4266671.0
2026-05-04 11:00:00+00:00,0.1121,0.1126,0.1119,0.1126,834233.0
2026-05-04 12:00:00+00:00,0.1127,0.1137,0.1123,0.1127,1131487.0
2026-05-04 13:00:00+00:00,0.1126,0.1133,0.1122,0.1125,1426430.0
2026-05-04 14:00:00+00:00,0.1124,0.1146,0.112,0.1142,2308381.0
2026-05-04 15:00:00+00:00,0.1141,0.1145,0.113,0.114,2432826.0
2026-05-04 16:00:00+00:00,0.114,0.1145,0.1134,0.1136,1345547.0
2026-05-04 17:00:00+00:00,0.1136,0.115,0.1136,0.1144,819872.0
2026-05-04 18:00:00+00:00,0.1144,0.1147,0.1137,0.1141,629105.0
2026-05-04 19:00:00+00:00,0.1141,0.1143,0.1134,0.1135,307997.0
2026-05-04 20:00:00+00:00,0.1136,0.1137,0.1126,0.1131,672347.0
2026-05-04 21:00:00+00:00,0.113,0.1133,0.1124,0.1131,839894.0
2026-05-04 22:00:00+00:00,0.1131,0.1134,0.1125,0.1126,1637882.0
2026-05-04 23:00:00+00:00,0.1125,0.1129,0.1116,0.1117,997292.0
2026-05-05 00:00:00+00:00,0.1118,0.1128,0.1115,0.1127,1960128.0
2026-05-05 01:00:00+00:00,0.1127,0.1152,0.1125,0.1147,2612584.0
2026-05-05 02:00:00+00:00,0.1147,0.1164,0.1144,0.1153,2811881.0
2026-05-05 03:00:00+00:00,0.1154,0.117,0.1148,0.1169,1733066.0
2026-05-05 04:00:00+00:00,0.1169,0.1176,0.116,0.1175,3447705.0
2026-05-05 05:00:00+00:00,0.1174,0.1207,0.1166,0.1192,6951330.0
2026-05-05 06:00:00+00:00,0.1192,0.1203,0.1188,0.1191,2794359.0
2026-05-05 07:00:00+00:00,0.1192,0.121,0.1189,0.1197,5103456.0
2026-05-05 08:00:00+00:00,0.1196,0.1203,0.1185,0.1203,4914113.0
2026-05-05 09:00:00+00:00,0.1203,0.1205,0.1186,0.1204,3086899.0
2026-05-05 10:00:00+00:00,0.1203,0.122,0.12,0.1214,4047820.0
2026-05-05 11:00:00+00:00,0.1215,0.1218,0.1206,0.1216,3104848.0
2026-05-05 12:00:00+00:00,0.1215,0.122,0.1206,0.1208,2394182.0
2026-05-05 13:00:00+00:00,0.1208,0.1209,0.1194,0.1195,2356448.0
2026-05-05 14:00:00+00:00,0.1196,0.1204,0.1191,0.1194,1617201.0
2026-05-05 15:00:00+00:00,0.1195,0.1197,0.1175,0.1175,3480343.0
2026-05-05 16:00:00+00:00,0.1176,0.1178,0.1161,0.1173,1608158.0
2026-05-05 17:00:00+00:00,0.1173,0.1182,0.1168,0.118,1039504.0
2026-05-05 18:00:00+00:00,0.118,0.1183,0.117,0.1178,1268843.0
2026-05-05 19:00:00+00:00,0.1178,0.1188,0.1177,0.1183,789383.0
2026-05-05 20:00:00+00:00,0.1184,0.1198,0.1184,0.1195,2373353.0
2026-05-05 21:00:00+00:00,0.1196,0.1211,0.1194,0.1202,3131253.0
2026-05-05 22:00:00+00:00,0.1202,0.1207,0.1193,0.1204,1586667.0
2026-05-05 23:00:00+00:00,0.1203,0.1206,0.1188,0.1201,2318350.0
2026-05-06 00:00:00+00:00,0.12,0.12,0.1178,0.1185,2556395.0
2026-05-06 01:00:00+00:00,0.1186,0.1197,0.1182,0.1194,1275571.0
2026-05-06 02:00:00+00:00,0.1194,0.1195,0.1181,0.1188,798427.0
2026-05-06 03:00:00+00:00,0.1189,0.1196,0.1184,0.1196,1455134.0
2026-05-06 04:00:00+00:00,0.1195,0.1199,0.1182,0.1186,1697411.0
2026-05-06 05:00:00+00:00,0.1186,0.1195,0.1181,0.1193,1946394.0
2026-05-06 06:00:00+00:00,0.1193,0.1217,0.1183,0.1211,3935100.0
2026-05-06 07:00:00+00:00,0.1211,0.1241,0.1211,0.1238,5285162.0
2026-05-06 08:00:00+00:00,0.1239,0.1246,0.1227,0.1241,2987013.0
2026-05-06 09:00:00+00:00,0.124,0.1244,0.1227,0.1233,2388668.0
2026-05-06 10:00:00+00:00,0.1234,0.1236,0.1222,0.1228,1448805.0
2026-05-06 11:00:00+00:00,0.1227,0.1231,0.1223,0.1225,861405.0
2026-05-06 12:00:00+00:00,0.1226,0.1238,0.122,0.1237,1495347.0
2026-05-06 13:00:00+00:00,0.1236,0.1238,0.1208,0.1212,2769523.0
2026-05-06 14:00:00+00:00,0.1211,0.1213,0.1199,0.1204,2381735.0
2026-05-06 15:00:00+00:00,0.1205,0.1216,0.1198,0.12,1462954.0
2026-05-06 16:00:00+00:00,0.1199,0.1207,0.119,0.1204,1879963.0
2026-05-06 17:00:00+00:00,0.1205,0.1208,0.1196,0.1204,768235.0
2026-05-06 18:00:00+00:00,0.1204,0.1205,0.1195,0.12,876179.0
2026-05-06 19:00:00+00:00,0.1199,0.12,0.1191,0.1195,545894.0
2026-05-06 20:00:00+00:00,0.1194,0.1207,0.1193,0.1197,528718.0
2026-05-06 21:00:00+00:00,0.1198,0.121,0.1195,0.1201,637004.0
2026-05-06 22:00:00+00:00,0.1201,0.1202,0.1189,0.119,668012.0
2026-05-06 23:00:00+00:00,0.119,0.1199,0.1184,0.1198,789777.0
2026-05-07 00:00:00+00:00,0.1199,0.12,0.1188,0.1198,1465429.0
2026-05-07 01:00:00+00:00,0.1199,0.1202,0.1189,0.1192,2244355.0
2026-05-07 02:00:00+00:00,0.1191,0.1216,0.1191,0.1212,2693052.0
2026-05-07 03:00:00+00:00,0.1212,0.1225,0.1206,0.1221,3139989.0
2026-05-07 04:00:00+00:00,0.1221,0.1269,0.122,0.1268,7346315.0
2026-05-07 05:00:00+00:00,0.1268,0.1271,0.1245,0.126,5485639.0
2026-05-07 06:00:00+00:00,0.1261,0.1292,0.1251,0.1291,5437445.0
2026-05-07 07:00:00+00:00,0.1291,0.1301,0.1287,0.1289,5332444.0
2026-05-07 08:00:00+00:00,0.1289,0.1299,0.127,0.1272,3704689.0
2026-05-07 09:00:00+00:00,0.1272,0.131,0.1271,0.1278,4973141.0
2026-05-07 10:00:00+00:00,0.1279,0.1286,0.1263,0.1265,3047174.0
2026-05-07 11:00:00+00:00,0.1265,0.1278,0.1262,0.127,1928752.0
2026-05-07 12:00:00+00:00,0.1269,0.1282,0.1268,0.1272,1048289.0
2026-05-07 13:00:00+00:00,0.1271,0.1279,0.1255,0.1257,2791198.0
2026-05-07 14:00:00+00:00,0.1257,0.1273,0.1251,0.1267,3392314.0
2026-05-07 15:00:00+00:00,0.1268,0.1274,0.125,0.1268,2540034.0
2026-05-07 16:00:00+00:00,0.1268,0.1276,0.1259,0.1275,1680792.0
2026-05-07 17:00:00+00:00,0.1275,0.128,0.126,0.1268,1769852.0
2026-05-07 18:00:00+00:00,0.1269,0.1278,0.1256,0.1259,1228023.0
2026-05-07 19:00:00+00:00,0.1259,0.1261,0.1249,0.1252,1059376.0
2026-05-07 20:00:00+00:00,0.1252,0.1271,0.1251,0.1262,2201590.0
2026-05-07 21:00:00+00:00,0.1263,0.1288,0.1255,0.1274,1358822.0
2026-05-07 22:00:00+00:00,0.1273,0.1286,0.1264,0.1283,2060173.0
2026-05-07 23:00:00+00:00,0.1283,0.1292,0.1277,0.1285,819640.0
2026-05-08 00:00:00+00:00,0.1286,0.1292,0.1254,0.1257,3375968.0
2026-05-08 01:00:00+00:00,0.1257,0.1266,0.125,0.1265,926156.0
2026-05-08 02:00:00+00:00,0.1266,0.1274,0.1252,0.1262,2071906.0
2026-05-08 03:00:00+00:00,0.1262,0.1286,0.1257,0.1284,1865228.0
2026-05-08 04:00:00+00:00,0.1282,0.1293,0.1272,0.1289,3302914.0
2026-05-08 05:00:00+00:00,0.1288,0.1309,0.1285,0.1293,3000693.0
2026-05-08 06:00:00+00:00,0.1294,0.1295,0.1273,0.1285,2548921.0
2026-05-08 07:00:00+00:00,0.1285,0.1285,0.1269,0.1274,1667746.0
2026-05-08 08:00:00+00:00,0.1274,0.1294,0.1272,0.1291,1570861.0
2026-05-08 09:00:00+00:00,0.1292,0.1306,0.1276,0.1282,1708039.0
2026-05-08 10:00:00+00:00,0.1281,0.13,0.1278,0.1294,2281262.0
2026-05-08 11:00:00+00:00,0.1294,0.1303,0.1285,0.1294,1869976.0
2026-05-08 12:00:00+00:00,0.1294,0.1299,0.1283,0.1289,1266170.0
2026-05-08 13:00:00+00:00,0.1289,0.1291,0.1276,0.128,1579631.0
2026-05-08 14:00:00+00:00,0.128,0.1286,0.1268,0.1276,1731104.0
2026-05-08 15:00:00+00:00,0.1276,0.1293,0.1269,0.1292,1540932.0
2026-05-08 16:00:00+00:00,0.1292,0.13,0.128,0.1287,2423466.0
2026-05-08 17:00:00+00:00,0.1288,0.1294,0.128,0.1282,1551610.0
2026-05-08 18:00:00+00:00,0.1283,0.1318,0.1283,0.1312,3506469.0
2026-05-08 19:00:00+00:00,0.1312,0.1331,0.1309,0.1316,2387422.0
2026-05-08 20:00:00+00:00,0.1317,0.1334,0.1304,0.1332,1858674.0
2026-05-08 21:00:00+00:00,0.1333,0.1371,0.1333,0.1344,5791243.0
2026-05-08 22:00:00+00:00,0.1343,0.135,0.1326,0.1336,1533585.0
2026-05-08 23:00:00+00:00,0.1335,0.1341,0.1327,0.1336,1041166.0
2026-05-09 00:00:00+00:00,0.1335,0.1336,0.1319,0.1331,2451239.0
2026-05-09 01:00:00+00:00,0.1331,0.1341,0.1323,0.1323,3359015.0
2026-05-09 02:00:00+00:00,0.1322,0.1332,0.1322,0.1327,1389337.0
2026-05-09 03:00:00+00:00,0.1327,0.1329,0.1309,0.1322,1024347.0
2026-05-09 04:00:00+00:00,0.1321,0.133,0.1307,0.1309,1155935.0
2026-05-09 05:00:00+00:00,0.1309,0.1315,0.1308,0.1311,838913.0
2026-05-09 06:00:00+00:00,0.1311,0.1319,0.1304,0.1314,3387893.0
2026-05-09 07:00:00+00:00,0.1313,0.1314,0.1304,0.1305,877211.0
2026-05-09 08:00:00+00:00,0.1306,0.1313,0.1303,0.1308,597599.0
2026-05-09 09:00:00+00:00,0.1308,0.1308,0.1292,0.1296,1065490.0
2026-05-09 10:00:00+00:00,0.1296,0.13,0.1291,0.1299,881984.0
2026-05-09 11:00:00+00:00,0.1299,0.1308,0.1299,0.1303,823918.0
2026-05-09 12:00:00+00:00,0.1303,0.1314,0.1302,0.1312,1229803.0
2026-05-09 13:00:00+00:00,0.1312,0.1326,0.1307,0.1321,1624320.0
2026-05-09 14:00:00+00:00,0.132,0.1325,0.1304,0.1305,1652081.0
2026-05-09 15:00:00+00:00,0.1305,0.1305,0.1293,0.1294,1097784.0
2026-05-09 16:00:00+00:00,0.1295,0.1302,0.129,0.1296,905250.0
2026-05-09 17:00:00+00:00,0.1296,0.131,0.1296,0.1304,2329403.0
2026-05-09 18:00:00+00:00,0.1304,0.1307,0.1301,0.1307,821168.0
2026-05-09 19:00:00+00:00,0.1307,0.1308,0.1303,0.1305,359723.0
2026-05-09 20:00:00+00:00,0.1305,0.1306,0.1296,0.1299,433052.0
2026-05-09 21:00:00+00:00,0.13,0.1301,0.1293,0.1294,633823.0
2026-05-09 22:00:00+00:00,0.1294,0.1301,0.1293,0.13,500073.0
2026-05-09 23:00:00+00:00,0.13,0.13,0.1286,0.1287,390240.0
2026-05-10 00:00:00+00:00,0.1286,0.1287,0.1273,0.1277,1751482.0
2026-05-10 01:00:00+00:00,0.1276,0.1277,0.1269,0.1271,808949.0
2026-05-10 02:00:00+00:00,0.127,0.1278,0.1261,0.1264,1493479.0
2026-05-10 03:00:00+00:00,0.1264,0.127,0.1261,0.1265,1312771.0
2026-05-10 04:00:00+00:00,0.1265,0.1269,0.1261,0.1262,506655.0
2026-05-10 05:00:00+00:00,0.1261,0.1283,0.1259,0.128,2715410.0
2026-05-10 06:00:00+00:00,0.1281,0.1288,0.1275,0.1283,1120229.0
2026-05-10 07:00:00+00:00,0.1283,0.1298,0.1281,0.1286,1278410.0
2026-05-10 08:00:00+00:00,0.1285,0.1297,0.1283,0.1291,521329.0
2026-05-10 09:00:00+00:00,0.1292,0.1294,0.1282,0.1286,569015.0
2026-05-10 10:00:00+00:00,0.1285,0.129,0.1277,0.1289,622114.0
2026-05-10 11:00:00+00:00,0.1289,0.1291,0.1281,0.1281,571511.0
2026-05-10 12:00:00+00:00,0.1281,0.1286,0.1274,0.1285,748873.0
2026-05-10 13:00:00+00:00,0.1285,0.1288,0.1277,0.1287,1088759.0
2026-05-10 14:00:00+00:00,0.1287,0.129,0.1276,0.128,666660.0
2026-05-10 15:00:00+00:00,0.1279,0.1295,0.1278,0.1293,1282499.0
2026-05-10 16:00:00+00:00,0.1293,0.1306,0.1293,0.1301,2032454.0
2026-05-10 17:00:00+00:00,0.1302,0.1306,0.1293,0.1299,1603620.0
2026-05-10 18:00:00+00:00,0.13,0.1302,0.1293,0.1296,1051162.0
2026-05-10 19:00:00+00:00,0.1296,0.1305,0.1288,0.1301,1242437.0
2026-05-10 20:00:00+00:00,0.1301,0.1312,0.1256,0.1268,4594565.0
2026-05-10 21:00:00+00:00,0.1267,0.1277,0.1255,0.1273,1202333.0
2026-05-10 22:00:00+00:00,0.1272,0.1295,0.127,0.1294,1777040.0
2026-05-10 23:00:00+00:00,0.1295,0.1297,0.1287,0.129,1053740.0
2026-05-11 00:00:00+00:00,0.1291,0.1293,0.1259,0.1263,4111636.0
2026-05-11 01:00:00+00:00,0.1263,0.1273,0.1257,0.1265,4606828.0
2026-05-11 02:00:00+00:00,0.1265,0.1269,0.1254,0.1255,2440346.0
2026-05-11 03:00:00+00:00,0.1255,0.1256,0.123,0.1239,3435893.0
2026-05-11 04:00:00+00:00,0.1239,0.1244,0.1233,0.1241,730657.0
2026-05-11 05:00:00+00:00,0.1241,0.1249,0.1239,0.1242,557712.0
2026-05-11 06:00:00+00:00,0.1243,0.1247,0.1239,0.124,547582.0
2026-05-11 07:00:00+00:00,0.124,0.124,0.1228,0.1231,998058.0
2026-05-11 08:00:00+00:00,0.123,0.1234,0.1227,0.1231,702194.0
2026-05-11 09:00:00+00:00,0.1232,0.1238,0.1225,0.123,1167492.0
2026-05-11 10:00:00+00:00,0.1231,0.1234,0.1225,0.1227,1073748.0
2026-05-11 11:00:00+00:00,0.1228,0.1235,0.1223,0.1229,1336673.0
2026-05-11 12:00:00+00:00,0.123,0.1243,0.1229,0.1235,1189219.0
2026-05-11 13:00:00+00:00,0.1235,0.1241,0.123,0.123,1205271.0
2026-05-11 14:00:00+00:00,0.1231,0.1236,0.1214,0.1223,1889560.0
2026-05-11 15:00:00+00:00,0.1223,0.1232,0.1218,0.1223,1519653.0
2026-05-11 16:00:00+00:00,0.1222,0.1231,0.122,0.1225,1567321.0
2026-05-11 17:00:00+00:00,0.1226,0.1239,0.1222,0.1235,1339580.0
2026-05-11 18:00:00+00:00,0.1235,0.1241,0.1224,0.1228,1138257.0
2026-05-11 19:00:00+00:00,0.1229,0.1238,0.1227,0.1234,686696.0
2026-05-11 20:00:00+00:00,0.1234,0.1235,0.1223,0.1233,1912340.0
2026-05-11 21:00:00+00:00,0.1233,0.124,0.1229,0.1235,1015306.0
2026-05-11 22:00:00+00:00,0.1235,0.1239,0.1232,0.1233,559046.0
2026-05-11 23:00:00+00:00,0.1234,0.1234,0.1228,0.123,354682.0
2026-05-12 00:00:00+00:00,0.123,0.1231,0.1225,0.1227,373127.0
2026-05-12 01:00:00+00:00,0.1226,0.1227,0.1201,0.1211,1436741.0
2026-05-12 02:00:00+00:00,0.1211,0.1222,0.1211,0.1218,658251.0
2026-05-12 03:00:00+00:00,0.1219,0.1231,0.1219,0.1226,1302045.0
2026-05-12 04:00:00+00:00,0.1226,0.1243,0.1223,0.1241,1223797.0
2026-05-12 05:00:00+00:00,0.1241,0.126,0.1238,0.1256,1964808.0
2026-05-12 06:00:00+00:00,0.1256,0.127,0.1254,0.126,2722041.0
2026-05-12 07:00:00+00:00,0.126,0.1275,0.125,0.1264,2910063.0
2026-05-12 08:00:00+00:00,0.1263,0.1266,0.1236,0.1241,2155539.0
2026-05-12 09:00:00+00:00,0.1241,0.1246,0.1233,0.1237,909668.0
2026-05-12 10:00:00+00:00,0.1238,0.1247,0.1226,0.1232,1401025.0
2026-05-12 11:00:00+00:00,0.1232,0.1232,0.122,0.1228,995868.0
2026-05-12 12:00:00+00:00,0.1227,0.1241,0.1219,0.124,1312443.0
2026-05-12 13:00:00+00:00,0.124,0.1256,0.1229,0.1233,1985774.0
2026-05-12 14:00:00+00:00,0.1233,0.1252,0.1221,0.1229,3494987.0
2026-05-12 15:00:00+00:00,0.1229,0.1235,0.1204,0.1211,3069326.0
2026-05-12 16:00:00+00:00,0.1211,0.1217,0.1198,0.1205,1286262.0
2026-05-12 17:00:00+00:00,0.1206,0.1218,0.1205,0.1212,866727.0
2026-05-12 18:00:00+00:00,0.1212,0.1219,0.1211,0.1215,619502.0
2026-05-12 19:00:00+00:00,0.1214,0.1225,0.1213,0.122,449880.0
2026-05-12 20:00:00+00:00,0.122,0.123,0.122,0.1222,1069304.0
2026-05-12 21:00:00+00:00,0.1222,0.1224,0.1212,0.1213,1187324.0
2026-05-12 22:00:00+00:00,0.1214,0.1223,0.1213,0.1219,622168.0
2026-05-12 23:00:00+00:00,0.1219,0.1223,0.1213,0.1223,386774.0
2026-05-13 00:00:00+00:00,0.1223,0.1236,0.1218,0.1234,1505838.0
2026-05-13 01:00:00+00:00,0.1235,0.1251,0.1234,0.1244,861479.0
2026-05-13 02:00:00+00:00,0.1243,0.125,0.1236,0.1241,1117538.0
2026-05-13 03:00:00+00:00,0.1242,0.1243,0.1232,0.1234,882153.0
2026-05-13 04:00:00+00:00,0.1235,0.1247,0.1234,0.1243,697671.0
2026-05-13 05:00:00+00:00,0.1242,0.1245,0.1228,0.1231,772878.0
2026-05-13 06:00:00+00:00,0.1231,0.1238,0.123,0.1232,221130.0
2026-05-13 07:00:00+00:00,0.1232,0.1237,0.1227,0.1233,289304.0
2026-05-13 08:00:00+00:00,0.1234,0.1234,0.1225,0.1225,612111.0
2026-05-13 09:00:00+00:00,0.1225,0.1237,0.1225,0.1237,447526.0
2026-05-13 10:00:00+00:00,0.1236,0.1238,0.1224,0.1225,773580.0
2026-05-13 11:00:00+00:00,0.1225,0.1229,0.1212,0.1212,1566154.0
2026-05-13 12:00:00+00:00,0.1212,0.1214,0.1182,0.1191,2002272.0
2026-05-13 13:00:00+00:00,0.1192,0.1197,0.1184,0.1188,983054.0
2026-05-13 14:00:00+00:00,0.1189,0.1189,0.1177,0.1182,2298950.0
2026-05-13 15:00:00+00:00,0.1182,0.1183,0.1162,0.1165,2173629.0
2026-05-13 16:00:00+00:00,0.1165,0.118,0.1162,0.1171,985914.0
2026-05-13 17:00:00+00:00,0.1172,0.1176,0.117,0.1173,249809.0
2026-05-13 18:00:00+00:00,0.1175,0.1186,0.1174,0.1181,638733.0
2026-05-13 19:00:00+00:00,0.1181,0.1181,0.1174,0.1176,303056.0
2026-05-13 20:00:00+00:00,0.1177,0.119,0.1177,0.1186,267626.0
2026-05-13 21:00:00+00:00,0.1187,0.1187,0.1171,0.1173,861438.0
2026-05-13 22:00:00+00:00,0.1173,0.1181,0.1169,0.1178,646345.0
2026-05-13 23:00:00+00:00,0.1178,0.1183,0.1176,0.1179,1077383.0
2026-05-14 00:00:00+00:00,0.1179,0.1199,0.1176,0.1196,3130942.0
2026-05-14 01:00:00+00:00,0.1197,0.1202,0.1184,0.1187,608185.0
2026-05-14 02:00:00+00:00,0.1188,0.1194,0.1183,0.1185,583484.0
2026-05-14 03:00:00+00:00,0.1185,0.1189,0.1165,0.1167,916724.0
2026-05-14 04:00:00+00:00,0.1168,0.1175,0.1167,0.1172,494420.0
2026-05-14 05:00:00+00:00,0.1173,0.1179,0.1171,0.1174,301588.0
2026-05-14 06:00:00+00:00,0.1174,0.1182,0.1172,0.1178,369002.0
2026-05-14 07:00:00+00:00,0.1177,0.1179,0.117,0.117,307403.0
2026-05-14 08:00:00+00:00,0.1169,0.1177,0.1165,0.1168,631557.0
2026-05-14 09:00:00+00:00,0.1169,0.1171,0.1165,0.1168,443849.0
2026-05-14 10:00:00+00:00,0.1168,0.1179,0.1167,0.1176,325240.0
2026-05-14 11:00:00+00:00,0.1177,0.118,0.1169,0.117,482972.0
2026-05-14 12:00:00+00:00,0.1171,0.1176,0.1166,0.1174,701293.0
2026-05-14 13:00:00+00:00,0.1174,0.1183,0.1173,0.1176,899307.0
2026-05-14 14:00:00+00:00,0.1175,0.12,0.1174,0.1198,1225396.0
2026-05-14 15:00:00+00:00,0.1199,0.1215,0.1197,0.121,1796602.0
2026-05-14 16:00:00+00:00,0.121,0.1217,0.1197,0.1208,1512553.0
2026-05-14 17:00:00+00:00,0.1207,0.1218,0.1204,0.1211,1243869.0
2026-05-14 18:00:00+00:00,0.1211,0.1219,0.1202,0.1214,1147020.0
2026-05-14 19:00:00+00:00,0.1214,0.1216,0.1201,0.1203,1046885.0
2026-05-14 20:00:00+00:00,0.1204,0.1205,0.1197,0.1203,563352.0
2026-05-14 21:00:00+00:00,0.1204,0.1204,0.1196,0.12,375163.0
2026-05-14 22:00:00+00:00,0.12,0.1201,0.1193,0.1194,327772.0
2026-05-14 23:00:00+00:00,0.1193,0.1195,0.1186,0.1186,319719.0
2026-05-15 00:00:00+00:00,0.1186,0.1199,0.1186,0.1197,725894.0
2026-05-15 01:00:00+00:00,0.1197,0.12,0.1187,0.1189,1013617.0
2026-05-15 02:00:00+00:00,0.1188,0.1193,0.1175,0.1189,971046.0
2026-05-15 03:00:00+00:00,0.1188,0.119,0.1185,0.1188,319249.0
2026-05-15 04:00:00+00:00,0.1187,0.1188,0.1171,0.1171,757178.0
2026-05-15 05:00:00+00:00,0.117,0.1173,0.1153,0.1157,1446082.0
2026-05-15 06:00:00+00:00,0.1156,0.1165,0.1154,0.1162,816237.0
2026-05-15 07:00:00+00:00,0.1162,0.117,0.116,0.1163,600996.0
2026-05-15 08:00:00+00:00,0.1163,0.1164,0.1153,0.1162,769113.0
2026-05-15 09:00:00+00:00,0.1161,0.1163,0.1154,0.1157,466503.0
2026-05-15 10:00:00+00:00,0.1158,0.1172,0.1157,0.1168,469791.0
2026-05-15 11:00:00+00:00,0.1169,0.117,0.1162,0.1165,368242.0
2026-05-15 12:00:00+00:00,0.1164,0.1167,0.1159,0.116,742562.0
2026-05-15 13:00:00+00:00,0.116,0.1161,0.1117,0.1122,2327715.0
2026-05-15 14:00:00+00:00,0.1122,0.1133,0.1118,0.1129,1585304.0
2026-05-15 15:00:00+00:00,0.1129,0.1129,0.1113,0.112,1176429.0
2026-05-15 16:00:00+00:00,0.1121,0.1133,0.1117,0.1132,751322.0
2026-05-15 17:00:00+00:00,0.1133,0.1138,0.1132,0.1138,328811.0
2026-05-15 18:00:00+00:00,0.1138,0.1139,0.1131,0.1132,329528.0
2026-05-15 19:00:00+00:00,0.1132,0.1133,0.1125,0.1126,351808.0
2026-05-15 20:00:00+00:00,0.1127,0.1127,0.1121,0.1123,269201.0
2026-05-15 21:00:00+00:00,0.1124,0.1131,0.1123,0.1124,892426.0
2026-05-15 22:00:00+00:00,0.1125,0.1129,0.1123,0.1129,197921.0
2026-05-15 23:00:00+00:00,0.1129,0.1135,0.1127,0.1133,781857.0
2026-05-16 00:00:00+00:00,0.1132,0.1146,0.1131,0.1141,660386.0
2026-05-16 01:00:00+00:00,0.114,0.1141,0.1135,0.114,239842.0
2026-05-16 02:00:00+00:00,0.114,0.1144,0.1138,0.1143,306101.0
2026-05-16 03:00:00+00:00,0.1143,0.1145,0.1136,0.1136,372817.0
2026-05-16 04:00:00+00:00,0.1136,0.1138,0.1126,0.1129,353401.0
2026-05-16 05:00:00+00:00,0.1129,0.113,0.1125,0.1127,465861.0
2026-05-16 06:00:00+00:00,0.1127,0.1127,0.1114,0.112,2061250.0
2026-05-16 07:00:00+00:00,0.1118,0.1119,0.1097,0.1112,1677922.0
2026-05-16 08:00:00+00:00,0.1112,0.1116,0.111,0.111,401792.0
2026-05-16 09:00:00+00:00,0.111,0.1113,0.1095,0.1101,1290453.0
2026-05-16 10:00:00+00:00,0.1101,0.1104,0.1094,0.1103,852533.0
2026-05-16 11:00:00+00:00,0.1104,0.1109,0.1102,0.1107,771586.0
2026-05-16 12:00:00+00:00,0.1107,0.1112,0.1102,0.1107,754050.0
2026-05-16 13:00:00+00:00,0.1108,0.1112,0.1104,0.1107,592026.0
2026-05-16 14:00:00+00:00,0.1108,0.1114,0.1103,0.111,423219.0
2026-05-16 15:00:00+00:00,0.1111,0.1117,0.111,0.1114,702068.0
2026-05-16 16:00:00+00:00,0.1114,0.112,0.1108,0.1112,640839.0
2026-05-16 17:00:00+00:00,0.1112,0.1115,0.1111,0.1112,326959.0
2026-05-16 18:00:00+00:00,0.1113,0.1114,0.111,0.1111,166059.0
2026-05-16 19:00:00+00:00,0.1112,0.1113,0.1107,0.1109,149335.0
2026-05-16 20:00:00+00:00,0.1109,0.1111,0.1107,0.1108,93286.0
2026-05-16 21:00:00+00:00,0.1109,0.1109,0.1103,0.1103,152376.0
2026-05-16 22:00:00+00:00,0.1104,0.1106,0.11,0.1105,769914.0
2026-05-16 23:00:00+00:00,0.1104,0.1106,0.1102,0.1102,194810.0
2026-05-17 00:00:00+00:00,0.1101,0.1104,0.1097,0.1099,301842.0
2026-05-17 01:00:00+00:00,0.1099,0.1103,0.1092,0.1095,565189.0
2026-05-17 02:00:00+00:00,0.1095,0.11,0.1094,0.1098,343418.0
2026-05-17 03:00:00+00:00,0.1098,0.1105,0.1098,0.1104,368282.0
2026-05-17 04:00:00+00:00,0.1104,0.1109,0.1102,0.1104,260809.0
2026-05-17 05:00:00+00:00,0.1105,0.1109,0.1101,0.1101,247020.0
2026-05-17 06:00:00+00:00,0.1102,0.1102,0.1097,0.1101,238485.0
2026-05-17 07:00:00+00:00,0.1101,0.1107,0.1098,0.1103,339186.0
2026-05-17 08:00:00+00:00,0.1104,0.1104,0.1098,0.11,295509.0
2026-05-17 09:00:00+00:00,0.1101,0.1106,0.11,0.1106,241701.0
2026-05-17 10:00:00+00:00,0.1106,0.1112,0.11,0.1102,412063.0
2026-05-17 11:00:00+00:00,0.1102,0.1104,0.1099,0.1102,273411.0
2026-05-17 12:00:00+00:00,0.1102,0.1104,0.11,0.1101,350971.0
2026-05-17 13:00:00+00:00,0.1101,0.1101,0.1095,0.1098,461883.0
2026-05-17 14:00:00+00:00,0.1098,0.1098,0.1087,0.109,578352.0
2026-05-17 15:00:00+00:00,0.109,0.1092,0.1085,0.109,640237.0
2026-05-17 16:00:00+00:00,0.1091,0.1094,0.1086,0.1086,384866.0
2026-05-17 17:00:00+00:00,0.1087,0.1087,0.1082,0.1086,384727.0
2026-05-17 18:00:00+00:00,0.1086,0.1091,0.1085,0.1091,474685.0
2026-05-17 19:00:00+00:00,0.1091,0.1094,0.1089,0.1092,281898.0
2026-05-17 20:00:00+00:00,0.1092,0.1098,0.1092,0.1096,351607.0
2026-05-17 21:00:00+00:00,0.1096,0.1101,0.1094,0.1099,348730.0
2026-05-17 22:00:00+00:00,0.1099,0.11,0.1088,0.1091,780667.0
2026-05-17 23:00:00+00:00,0.1091,0.1091,0.1051,0.1077,2222631.0
2026-05-18 00:00:00+00:00,0.1078,0.1078,0.1066,0.1073,964112.0
2026-05-18 01:00:00+00:00,0.1074,0.1078,0.1066,0.1076,525732.0
2026-05-18 02:00:00+00:00,0.1075,0.1084,0.1074,0.1079,1403395.0
2026-05-18 03:00:00+00:00,0.1079,0.1082,0.1074,0.1074,335234.0
2026-05-18 04:00:00+00:00,0.1075,0.1083,0.1073,0.1083,534815.0
2026-05-18 05:00:00+00:00,0.1084,0.1086,0.1076,0.1078,680721.0
2026-05-18 06:00:00+00:00,0.1078,0.1082,0.1071,0.1077,1224546.0
2026-05-18 07:00:00+00:00,0.1078,0.108,0.1068,0.1072,827284.0
2026-05-18 08:00:00+00:00,0.1073,0.1076,0.1069,0.1076,391053.0
2026-05-18 09:00:00+00:00,0.1075,0.1075,0.1067,0.1068,139454.0
2026-05-18 10:00:00+00:00,0.1068,0.1068,0.1057,0.1059,507475.0
2026-05-18 11:00:00+00:00,0.1059,0.107,0.1056,0.1063,653155.0
2026-05-18 12:00:00+00:00,0.1063,0.1078,0.1063,0.1075,629787.0
2026-05-18 13:00:00+00:00,0.1076,0.1076,0.1063,0.1069,832994.0
2026-05-18 14:00:00+00:00,0.1068,0.107,0.1053,0.1056,1282293.0
2026-05-18 15:00:00+00:00,0.1055,0.1065,0.105,0.1062,873176.0
2026-05-18 16:00:00+00:00,0.1061,0.1066,0.1056,0.1061,442432.0
2026-05-18 17:00:00+00:00,0.1061,0.1068,0.1059,0.1066,260508.0
2026-05-18 18:00:00+00:00,0.1066,0.1066,0.1052,0.1053,242395.0
2026-05-18 19:00:00+00:00,0.1053,0.1075,0.1053,0.1071,541494.0
2026-05-18 20:00:00+00:00,0.1072,0.1082,0.1072,0.1076,625835.0
2026-05-18 21:00:00+00:00,0.1076,0.109,0.1074,0.109,864161.0
2026-05-18 22:00:00+00:00,0.109,0.1095,0.1085,0.1091,1030409.0
2026-05-18 23:00:00+00:00,0.1091,0.1093,0.1087,0.1088,1064718.0
2026-05-19 00:00:00+00:00,0.1088,0.1094,0.1081,0.1084,1862329.0
2026-05-19 01:00:00+00:00,0.1083,0.1084,0.1075,0.1075,350880.0
2026-05-19 02:00:00+00:00,0.1075,0.1084,0.1073,0.1074,609712.0
2026-05-19 03:00:00+00:00,0.1074,0.1078,0.1071,0.1075,261358.0
2026-05-19 04:00:00+00:00,0.1074,0.1078,0.107,0.1076,429167.0
2026-05-19 05:00:00+00:00,0.1075,0.1082,0.1068,0.108,992569.0
2026-05-19 06:00:00+00:00,0.1079,0.11,0.1079,0.11,1510071.0
2026-05-19 07:00:00+00:00,0.11,0.1111,0.1096,0.1105,1183797.0
2026-05-19 08:00:00+00:00,0.1105,0.1107,0.1093,0.1096,1176014.0
2026-05-19 09:00:00+00:00,0.1096,0.1103,0.1088,0.1089,718969.0
2026-05-19 10:00:00+00:00,0.1089,0.1104,0.1088,0.1101,1112251.0
2026-05-19 11:00:00+00:00,0.1101,0.1103,0.1091,0.1098,910236.0
2026-05-19 12:00:00+00:00,0.1097,0.112,0.1096,0.1119,2100094.0
2026-05-19 13:00:00+00:00,0.112,0.1149,0.1111,0.1143,4082644.0
2026-05-19 14:00:00+00:00,0.1143,0.1147,0.1096,0.11,8538340.0
2026-05-19 15:00:00+00:00,0.1099,0.1109,0.1092,0.1102,1600823.0
2026-05-19 16:00:00+00:00,0.1103,0.1115,0.1088,0.1115,1768766.0
2026-05-19 17:00:00+00:00,0.1114,0.1117,0.1104,0.1115,605773.0
2026-05-19 18:00:00+00:00,0.1115,0.1122,0.1112,0.1113,537593.0
2026-05-19 19:00:00+00:00,0.1113,0.1148,0.1112,0.1131,4302387.0
2026-05-19 20:00:00+00:00,0.1131,0.115,0.1128,0.1134,3454344.0
2026-05-19 21:00:00+00:00,0.1133,0.1144,0.1126,0.1129,882539.0
2026-05-19 22:00:00+00:00,0.1128,0.1132,0.1111,0.1112,1273872.0
2026-05-19 23:00:00+00:00,0.1112,0.1133,0.111,0.1127,1191033.0
2026-05-20 00:00:00+00:00,0.1126,0.1152,0.1121,0.1137,1872229.0
2026-05-20 01:00:00+00:00,0.1136,0.1155,0.1132,0.1155,1359092.0
2026-05-20 02:00:00+00:00,0.1156,0.1172,0.1155,0.1167,1948010.0
2026-05-20 03:00:00+00:00,0.1166,0.1174,0.1142,0.1156,2678044.0
2026-05-20 04:00:00+00:00,0.1157,0.1167,0.1141,0.1166,2048154.0
2026-05-20 05:00:00+00:00,0.1166,0.1181,0.1154,0.1159,2456064.0
2026-05-20 06:00:00+00:00,0.116,0.1164,0.1133,0.1147,3644319.0
2026-05-20 07:00:00+00:00,0.1146,0.1149,0.1137,0.1142,909787.0
2026-05-20 08:00:00+00:00,0.1142,0.1147,0.1137,0.1145,1578924.0
2026-05-20 09:00:00+00:00,0.1145,0.1146,0.1136,0.1139,666479.0
2026-05-20 10:00:00+00:00,0.1139,0.1155,0.1139,0.1141,1213101.0
2026-05-20 11:00:00+00:00,0.114,0.1143,0.1135,0.114,896765.0
2026-05-20 12:00:00+00:00,0.1139,0.116,0.1136,0.1153,1218121.0
2026-05-20 13:00:00+00:00,0.1153,0.1155,0.1137,0.1139,1225873.0
2026-05-20 14:00:00+00:00,0.1139,0.1161,0.1136,0.1155,1259550.0
2026-05-20 15:00:00+00:00,0.1154,0.1176,0.1151,0.117,1359198.0
2026-05-20 16:00:00+00:00,0.117,0.1175,0.1156,0.1158,1197232.0
2026-05-20 17:00:00+00:00,0.1158,0.1197,0.1153,0.1178,3291522.0
2026-05-20 18:00:00+00:00,0.1179,0.119,0.1167,0.1173,1559913.0
2026-05-20 19:00:00+00:00,0.1173,0.1181,0.117,0.1174,765922.0
2026-05-20 20:00:00+00:00,0.1173,0.1183,0.117,0.1183,1039658.0
2026-05-20 21:00:00+00:00,0.1182,0.119,0.1168,0.1169,1354272.0
2026-05-20 22:00:00+00:00,0.1168,0.1169,0.1158,0.1167,595402.0
2026-05-20 23:00:00+00:00,0.1167,0.1178,0.1164,0.1176,613338.0
2026-05-21 00:00:00+00:00,0.1177,0.1186,0.1166,0.1183,1399037.0
2026-05-21 01:00:00+00:00,0.1183,0.1192,0.1182,0.1188,878992.0
2026-05-21 02:00:00+00:00,0.1188,0.1189,0.1181,0.1181,603867.0
2026-05-21 03:00:00+00:00,0.1182,0.1189,0.1181,0.1185,656356.0
2026-05-21 04:00:00+00:00,0.1185,0.1191,0.1184,0.1188,719086.0
2026-05-21 05:00:00+00:00,0.1188,0.119,0.1177,0.1179,463888.0
2026-05-21 06:00:00+00:00,0.1179,0.1184,0.1168,0.1173,615294.0
2026-05-21 07:00:00+00:00,0.1172,0.1174,0.1163,0.1166,831051.0
2026-05-21 08:00:00+00:00,0.1165,0.1167,0.1154,0.1157,1037036.0
2026-05-21 09:00:00+00:00,0.1157,0.1161,0.1154,0.1155,1615210.0
2026-05-21 10:00:00+00:00,0.1155,0.1159,0.1148,0.1152,1451175.0
2026-05-21 11:00:00+00:00,0.1152,0.1156,0.1143,0.1143,1408740.0
2026-05-21 12:00:00+00:00,0.1144,0.1147,0.1139,0.1145,948134.0
2026-05-21 13:00:00+00:00,0.1146,0.115,0.1142,0.1149,791110.0
2026-05-21 14:00:00+00:00,0.1148,0.1157,0.1142,0.1145,1126618.0
2026-05-21 15:00:00+00:00,0.1146,0.1162,0.1138,0.1158,1419567.0
2026-05-21 16:00:00+00:00,0.1158,0.1162,0.1148,0.1152,798690.0
2026-05-21 17:00:00+00:00,0.1153,0.1173,0.1151,0.1171,2318532.0
2026-05-21 18:00:00+00:00,0.117,0.1174,0.1156,0.1162,1231084.0
2026-05-21 19:00:00+00:00,0.1163,0.1163,0.1151,0.1157,926135.0
2026-05-21 20:00:00+00:00,0.1156,0.1156,0.1148,0.1153,731553.0
2026-05-21 21:00:00+00:00,0.1154,0.1155,0.1146,0.1146,642979.0
2026-05-21 22:00:00+00:00,0.1146,0.1151,0.1141,0.1145,704895.0
2026-05-21 23:00:00+00:00,0.1145,0.115,0.1143,0.115,477124.0
2026-05-22 00:00:00+00:00,0.115,0.115,0.1144,0.1144,594936.0
2026-05-22 01:00:00+00:00,0.1144,0.115,0.1129,0.1132,1553997.0
2026-05-22 02:00:00+00:00,0.1133,0.1142,0.1132,0.1142,586743.0
2026-05-22 03:00:00+00:00,0.114,0.1147,0.1139,0.1144,414414.0
2026-05-22 04:00:00+00:00,0.1144,0.1156,0.1144,0.1146,553378.0
2026-05-22 05:00:00+00:00,0.1147,0.1157,0.1146,0.1149,716453.0
2026-05-22 06:00:00+00:00,0.1149,0.1152,0.1139,0.1141,610751.0
2026-05-22 07:00:00+00:00,0.1141,0.1154,0.1139,0.1149,630208.0
2026-05-22 08:00:00+00:00,0.1148,0.116,0.1148,0.1157,1143368.0
2026-05-22 09:00:00+00:00,0.1156,0.1175,0.1155,0.1173,1326781.0
2026-05-22 10:00:00+00:00,0.1174,0.1181,0.1166,0.1179,1367572.0
2026-05-22 11:00:00+00:00,0.118,0.1189,0.1179,0.118,1935767.0
2026-05-22 12:00:00+00:00,0.118,0.12,0.1178,0.1196,3118440.0
2026-05-22 13:00:00+00:00,0.1197,0.1199,0.1172,0.1173,3040398.0
2026-05-22 14:00:00+00:00,0.1174,0.1174,0.116,0.1168,1922483.0
2026-05-22 15:00:00+00:00,0.1168,0.1174,0.1163,0.117,792610.0
2026-05-22 16:00:00+00:00,0.1169,0.1175,0.1167,0.1174,969419.0
2026-05-22 17:00:00+00:00,0.1174,0.1174,0.116,0.1163,883608.0
2026-05-22 18:00:00+00:00,0.1162,0.1165,0.1148,0.1153,1752198.0
2026-05-22 19:00:00+00:00,0.1154,0.1154,0.1118,0.1132,3093205.0
2026-05-22 20:00:00+00:00,0.1133,0.1141,0.1129,0.1141,1359699.0
2026-05-22 21:00:00+00:00,0.1141,0.1144,0.1137,0.1139,403276.0
2026-05-22 22:00:00+00:00,0.1139,0.1143,0.1129,0.1129,475185.0
2026-05-22 23:00:00+00:00,0.113,0.1137,0.1112,0.1117,2287382.0
2026-05-23 00:00:00+00:00,0.1118,0.1126,0.1112,0.1126,746746.0
2026-05-23 01:00:00+00:00,0.1127,0.113,0.1117,0.1123,473845.0
2026-05-23 02:00:00+00:00,0.1124,0.1125,0.1117,0.1123,695464.0
2026-05-23 03:00:00+00:00,0.1123,0.1124,0.1121,0.1121,322255.0
2026-05-23 04:00:00+00:00,0.1121,0.1121,0.1109,0.1114,702697.0
2026-05-23 05:00:00+00:00,0.1114,0.1116,0.1107,0.1113,670938.0
2026-05-23 06:00:00+00:00,0.1113,0.1117,0.1111,0.1114,372670.0
2026-05-23 07:00:00+00:00,0.1114,0.1115,0.1089,0.1093,1979585.0
2026-05-23 08:00:00+00:00,0.1094,0.11,0.1089,0.1098,1272248.0
2026-05-23 09:00:00+00:00,0.1098,0.1101,0.1096,0.1097,427577.0
2026-05-23 10:00:00+00:00,0.1098,0.1105,0.1098,0.1104,553758.0
2026-05-23 11:00:00+00:00,0.1105,0.1106,0.1099,0.11,350844.0
2026-05-23 12:00:00+00:00,0.11,0.111,0.1098,0.1107,359345.0
2026-05-23 13:00:00+00:00,0.1108,0.112,0.1108,0.1116,780869.0
2026-05-23 14:00:00+00:00,0.1116,0.1128,0.1113,0.1126,791554.0
2026-05-23 15:00:00+00:00,0.1127,0.1133,0.1124,0.113,424659.0
2026-05-23 16:00:00+00:00,0.113,0.1132,0.1126,0.113,568792.0
2026-05-23 17:00:00+00:00,0.1131,0.1142,0.1129,0.1132,837464.0
2026-05-23 18:00:00+00:00,0.1132,0.1149,0.1131,0.114,1225800.0
2026-05-23 19:00:00+00:00,0.114,0.1141,0.1131,0.1135,441984.0
2026-05-23 20:00:00+00:00,0.1134,0.1164,0.1131,0.1164,1366404.0
2026-05-23 21:00:00+00:00,0.1165,0.1169,0.1154,0.1158,1063850.0
2026-05-23 22:00:00+00:00,0.1159,0.1165,0.114,0.1146,1061205.0
2026-05-23 23:00:00+00:00,0.1146,0.115,0.1143,0.1148,619491.0
2026-05-24 00:00:00+00:00,0.1148,0.115,0.1138,0.1142,609003.0
2026-05-24 01:00:00+00:00,0.1142,0.1144,0.1136,0.1137,219562.0
2026-05-24 02:00:00+00:00,0.1137,0.1139,0.1131,0.1139,563136.0
2026-05-24 03:00:00+00:00,0.1139,0.1142,0.1131,0.1134,472768.0
2026-05-24 04:00:00+00:00,0.1135,0.114,0.1133,0.1133,391214.0
2026-05-24 05:00:00+00:00,0.1133,0.1133,0.1124,0.1131,618823.0
2026-05-24 06:00:00+00:00,0.1131,0.1136,0.1129,0.1133,231965.0
2026-05-24 07:00:00+00:00,0.1133,0.1136,0.1128,0.113,435765.0
2026-05-24 08:00:00+00:00,0.113,0.1134,0.1127,0.1133,410246.0
2026-05-24 09:00:00+00:00,0.1134,0.1139,0.1133,0.1133,574414.0
2026-05-24 10:00:00+00:00,0.1134,0.1136,0.1124,0.1128,1045298.0
2026-05-24 11:00:00+00:00,0.1128,0.1135,0.1128,0.1132,345113.0
2026-05-24 12:00:00+00:00,0.1131,0.1133,0.1127,0.1131,248279.0
2026-05-24 13:00:00+00:00,0.1132,0.1133,0.112,0.1124,642850.0
2026-05-24 14:00:00+00:00,0.1124,0.1125,0.1114,0.1124,1071629.0
2026-05-24 15:00:00+00:00,0.1123,0.1124,0.112,0.1121,270921.0
2026-05-24 16:00:00+00:00,0.1121,0.113,0.112,0.1125,352147.0
2026-05-24 17:00:00+00:00,0.1126,0.1128,0.1124,0.1124,557505.0
2026-05-24 18:00:00+00:00,0.1123,0.1125,0.1115,0.1117,297731.0
2026-05-24 19:00:00+00:00,0.1117,0.1119,0.1115,0.1117,160689.0
2026-05-24 20:00:00+00:00,0.1118,0.1118,0.111,0.1112,290043.0
2026-05-24 21:00:00+00:00,0.1112,0.1114,0.1098,0.1099,771998.0
2026-05-24 22:00:00+00:00,0.11,0.1119,0.11,0.1112,1619470.0
2026-05-24 23:00:00+00:00,0.1112,0.112,0.1112,0.1118,229575.0
2026-05-25 00:00:00+00:00,0.1118,0.1128,0.1117,0.1125,810093.0
2026-05-25 01:00:00+00:00,0.1126,0.1126,0.1116,0.1116,323179.0
2026-05-25 02:00:00+00:00,0.1117,0.1127,0.1116,0.1116,321615.0
2026-05-25 03:00:00+00:00,0.1117,0.1119,0.1114,0.1117,151629.0
2026-05-25 04:00:00+00:00,0.1118,0.1132,0.1117,0.1131,364638.0
2026-05-25 05:00:00+00:00,0.113,0.1146,0.1128,0.1142,1713708.0
2026-05-25 06:00:00+00:00,0.1142,0.1156,0.1136,0.1154,1408340.0
2026-05-25 07:00:00+00:00,0.1155,0.1163,0.1151,0.116,2382406.0
2026-05-25 08:00:00+00:00,0.116,0.116,0.1145,0.1149,1220964.0
2026-05-25 09:00:00+00:00,0.115,0.115,0.1142,0.1146,1167523.0
2026-05-25 10:00:00+00:00,0.1146,0.1149,0.1142,0.1145,413432.0
2026-05-25 11:00:00+00:00,0.1146,0.115,0.1136,0.1139,589869.0
2026-05-25 12:00:00+00:00,0.1139,0.1146,0.1133,0.1143,786152.0
2026-05-25 13:00:00+00:00,0.1142,0.1151,0.114,0.1141,671323.0
2026-05-25 14:00:00+00:00,0.114,0.1151,0.1139,0.1145,900726.0
2026-05-25 15:00:00+00:00,0.1146,0.1147,0.1136,0.114,497853.0
2026-05-25 16:00:00+00:00,0.114,0.1142,0.1135,0.1136,852979.0
2026-05-25 17:00:00+00:00,0.1137,0.114,0.1135,0.1138,558407.0
2026-05-25 18:00:00+00:00,0.1139,0.1146,0.1136,0.1138,471859.0
2026-05-25 19:00:00+00:00,0.1139,0.114,0.1134,0.1138,305498.0
2026-05-25 20:00:00+00:00,0.1137,0.1142,0.1129,0.113,591597.0
2026-05-25 21:00:00+00:00,0.1131,0.1151,0.1125,0.1132,2879547.0
2026-05-25 22:00:00+00:00,0.1133,0.1135,0.112,0.112,1193183.0
2026-05-25 23:00:00+00:00,0.1119,0.113,0.1118,0.1127,829244.0
2026-05-26 00:00:00+00:00,0.1127,0.1128,0.1109,0.1119,1720247.0
2026-05-26 01:00:00+00:00,0.1118,0.1119,0.1108,0.1111,1113998.0
2026-05-26 02:00:00+00:00,0.1111,0.1117,0.1108,0.1112,434185.0
2026-05-26 03:00:00+00:00,0.1111,0.1114,0.1107,0.1113,249138.0
2026-05-26 04:00:00+00:00,0.1114,0.1121,0.1112,0.1119,414451.0
2026-05-26 05:00:00+00:00,0.1119,0.1131,0.1117,0.1123,795463.0
2026-05-26 06:00:00+00:00,0.1122,0.1122,0.1114,0.1119,531310.0
2026-05-26 07:00:00+00:00,0.112,0.1126,0.1117,0.1121,1409440.0
2026-05-26 08:00:00+00:00,0.112,0.1126,0.1118,0.1121,316195.0
2026-05-26 09:00:00+00:00,0.112,0.1123,0.1117,0.112,829006.0
2026-05-26 10:00:00+00:00,0.1121,0.1141,0.1119,0.1138,961872.0
2026-05-26 11:00:00+00:00,0.1137,0.1138,0.1129,0.1133,879606.0
2026-05-26 12:00:00+00:00,0.1132,0.1135,0.1125,0.1128,735439.0
2026-05-26 13:00:00+00:00,0.1128,0.1129,0.1119,0.1127,928957.0
2026-05-26 14:00:00+00:00,0.1128,0.114,0.1124,0.1124,1253373.0
2026-05-26 15:00:00+00:00,0.1124,0.1125,0.1102,0.1111,1165907.0
2026-05-26 16:00:00+00:00,0.1111,0.1112,0.1096,0.11,1311436.0
2026-05-26 17:00:00+00:00,0.1101,0.1104,0.1082,0.1087,1505736.0
2026-05-26 18:00:00+00:00,0.1086,0.1094,0.1083,0.1087,924657.0
2026-05-26 19:00:00+00:00,0.1087,0.1093,0.1083,0.1091,376503.0
2026-05-26 20:00:00+00:00,0.1091,0.1093,0.1089,0.1091,189612.0
2026-05-26 21:00:00+00:00,0.1092,0.1093,0.1086,0.1087,532791.0
2026-05-26 22:00:00+00:00,0.1088,0.1091,0.1083,0.1084,471354.0
2026-05-26 23:00:00+00:00,0.1085,0.109,0.1085,0.1086,259523.0
2026-05-27 00:00:00+00:00,0.1086,0.1098,0.1086,0.1098,579205.0
2026-05-27 01:00:00+00:00,0.1098,0.1099,0.1089,0.1089,284816.0
2026-05-27 02:00:00+00:00,0.109,0.1092,0.1084,0.1092,466416.0
2026-05-27 03:00:00+00:00,0.1092,0.1094,0.1084,0.1085,580780.0
2026-05-27 04:00:00+00:00,0.1085,0.1085,0.107,0.1082,1428340.0
2026-05-27 05:00:00+00:00,0.1082,0.1091,0.1082,0.109,209102.0
2026-05-27 06:00:00+00:00,0.1089,0.1094,0.1087,0.1094,362344.0
2026-05-27 07:00:00+00:00,0.1093,0.1094,0.1089,0.1092,487268.0
2026-05-27 08:00:00+00:00,0.1093,0.1095,0.1086,0.1087,521597.0
2026-05-27 09:00:00+00:00,0.1087,0.1087,0.1081,0.1082,393724.0
2026-05-27 10:00:00+00:00,0.1082,0.1087,0.108,0.1085,399064.0
2026-05-27 11:00:00+00:00,0.1085,0.109,0.1082,0.1083,291052.0
2026-05-27 12:00:00+00:00,0.1083,0.1094,0.1079,0.1083,1153831.0
2026-05-27 13:00:00+00:00,0.1084,0.1085,0.107,0.1079,1104597.0
2026-05-27 14:00:00+00:00,0.108,0.1083,0.1066,0.1076,1216475.0
2026-05-27 15:00:00+00:00,0.1076,0.1083,0.1074,0.1078,997325.0
2026-05-27 16:00:00+00:00,0.1078,0.1083,0.1073,0.1077,492358.0
2026-05-27 17:00:00+00:00,0.1078,0.1078,0.1061,0.1064,665190.0
2026-05-27 18:00:00+00:00,0.1064,0.1073,0.106,0.1072,386804.0
2026-05-27 19:00:00+00:00,0.1073,0.1076,0.1072,0.1074,441633.0
2026-05-27 20:00:00+00:00,0.1074,0.1082,0.1073,0.1081,382847.0
2026-05-27 21:00:00+00:00,0.1081,0.1083,0.1057,0.1063,1021338.0
2026-05-27 22:00:00+00:00,0.1063,0.107,0.106,0.106,991004.0
2026-05-27 23:00:00+00:00,0.106,0.1066,0.1059,0.1065,410598.0
2026-05-28 00:00:00+00:00,0.1064,0.1068,0.1056,0.1064,1276628.0
2026-05-28 01:00:00+00:00,0.1064,0.1073,0.1057,0.1063,1460772.0
2026-05-28 02:00:00+00:00,0.1063,0.1073,0.1062,0.1072,644788.0
2026-05-28 03:00:00+00:00,0.1071,0.1072,0.1042,0.1043,2749783.0
2026-05-28 04:00:00+00:00,0.1043,0.1047,0.103,0.1045,1745836.0
2026-05-28 05:00:00+00:00,0.1046,0.1048,0.1034,0.1036,686252.0
2026-05-28 06:00:00+00:00,0.1037,0.1049,0.103,0.1046,1556649.0
2026-05-28 07:00:00+00:00,0.1046,0.1056,0.1045,0.1055,1472202.0
2026-05-28 08:00:00+00:00,0.1054,0.1054,0.1045,0.1045,267222.0
2026-05-28 09:00:00+00:00,0.1046,0.1058,0.1045,0.1057,712343.0
2026-05-28 10:00:00+00:00,0.1058,0.1061,0.1049,0.105,496807.0
2026-05-28 11:00:00+00:00,0.1049,0.1057,0.1047,0.1055,504032.0
2026-05-28 12:00:00+00:00,0.1056,0.1066,0.1045,0.1065,1439106.0
2026-05-28 13:00:00+00:00,0.1065,0.1069,0.1047,0.1054,1753933.0
2026-05-28 14:00:00+00:00,0.1053,0.1058,0.1036,0.1049,2561671.0
2026-05-28 15:00:00+00:00,0.1048,0.105,0.1039,0.1042,844926.0
2026-05-28 16:00:00+00:00,0.1041,0.1067,0.1037,0.1063,1092478.0
2026-05-28 17:00:00+00:00,0.1064,0.1096,0.1059,0.1095,2752286.0
2026-05-28 18:00:00+00:00,0.1094,0.1113,0.1091,0.1101,1903293.0
2026-05-28 19:00:00+00:00,0.1101,0.1115,0.1098,0.1098,1479665.0
2026-05-28 20:00:00+00:00,0.1098,0.1108,0.1088,0.1102,1237601.0
2026-05-28 21:00:00+00:00,0.1103,0.1113,0.1098,0.1109,912136.0
2026-05-28 22:00:00+00:00,0.1108,0.1133,0.1106,0.113,2924492.0
2026-05-28 23:00:00+00:00,0.1131,0.116,0.1127,0.1157,5721572.0
2026-05-29 00:00:00+00:00,0.1157,0.1198,0.1157,0.1161,12787867.0
2026-05-29 01:00:00+00:00,0.1161,0.1168,0.1134,0.1135,4057903.0
2026-05-29 02:00:00+00:00,0.1135,0.1151,0.1132,0.1138,2070625.0
2026-05-29 03:00:00+00:00,0.1139,0.1163,0.1139,0.1159,3928866.0
2026-05-29 04:00:00+00:00,0.116,0.1166,0.1128,0.1164,2605843.0
2026-05-29 05:00:00+00:00,0.1163,0.1177,0.1154,0.1168,3216353.0
2026-05-29 06:00:00+00:00,0.1167,0.1187,0.1166,0.1173,4297000.0
2026-05-29 07:00:00+00:00,0.1172,0.119,0.1155,0.1168,3860090.0
2026-05-29 08:00:00+00:00,0.1167,0.1198,0.1166,0.1193,3288029.0
2026-05-29 09:00:00+00:00,0.1194,0.1202,0.1183,0.1188,4124655.0
2026-05-29 10:00:00+00:00,0.1187,0.1192,0.1171,0.1181,1802612.0
2026-05-29 11:00:00+00:00,0.118,0.1184,0.1148,0.1151,2376909.0
2026-05-29 12:00:00+00:00,0.1151,0.1152,0.1134,0.1139,1796839.0
2026-05-29 13:00:00+00:00,0.1138,0.1139,0.1125,0.1136,4346940.0
2026-05-29 14:00:00+00:00,0.1137,0.114,0.1111,0.1126,2536718.0
2026-05-29 15:00:00+00:00,0.1126,0.1171,0.1123,0.1166,3630621.0
2026-05-29 16:00:00+00:00,0.1167,0.1179,0.1158,0.1171,2406978.0
2026-05-29 17:00:00+00:00,0.1171,0.1186,0.1165,0.1177,1538542.0
2026-05-29 18:00:00+00:00,0.1176,0.1188,0.1173,0.1184,1574167.0
2026-05-29 19:00:00+00:00,0.1184,0.1199,0.1166,0.118,4092565.0
2026-05-29 20:00:00+00:00,0.118,0.12,0.118,0.1189,2139126.0
2026-05-29 21:00:00+00:00,0.119,0.1207,0.1175,0.1176,3899875.0
2026-05-29 22:00:00+00:00,0.1178,0.1207,0.1177,0.1206,3436370.0
2026-05-29 23:00:00+00:00,0.1207,0.1232,0.1205,0.1229,8664392.0
2026-05-30 00:00:00+00:00,0.1229,0.1276,0.1223,0.1274,7018419.0
2026-05-30 01:00:00+00:00,0.1274,0.135,0.1268,0.1348,19512171.0
2026-05-30 02:00:00+00:00,0.1348,0.1396,0.1323,0.1333,17926777.0
2026-05-30 03:00:00+00:00,0.1333,0.1345,0.1309,0.1336,7714899.0
2026-05-30 04:00:00+00:00,0.1337,0.1355,0.1295,0.1297,10281180.0
2026-05-30 05:00:00+00:00,0.1297,0.1317,0.1283,0.1291,3699436.0
2026-05-30 06:00:00+00:00,0.1291,0.1294,0.1275,0.1277,3000137.0
2026-05-30 07:00:00+00:00,0.1277,0.1284,0.1268,0.1273,1597749.0
2026-05-30 08:00:00+00:00,0.1273,0.1285,0.1257,0.1262,2516957.0
2026-05-30 09:00:00+00:00,0.1262,0.1305,0.126,0.1303,2521739.0
2026-05-30 10:00:00+00:00,0.1304,0.1309,0.1258,0.1267,5491123.0
2026-05-30 11:00:00+00:00,0.1267,0.1274,0.1253,0.1267,1964847.0
2026-05-30 12:00:00+00:00,0.1267,0.1283,0.1261,0.1264,2831869.0
2026-05-30 13:00:00+00:00,0.1264,0.1298,0.1264,0.1293,2493301.0
2026-05-30 14:00:00+00:00,0.1293,0.1317,0.1276,0.1293,4485683.0
2026-05-30 15:00:00+00:00,0.1294,0.13,0.1264,0.1289,6652548.0
2026-05-30 16:00:00+00:00,0.1288,0.1327,0.1283,0.1309,12163945.0
2026-05-30 17:00:00+00:00,0.1308,0.1339,0.13,0.1304,5822546.0
2026-05-30 18:00:00+00:00,0.1304,0.1304,0.1279,0.1283,2711408.0
2026-05-30 19:00:00+00:00,0.1282,0.1288,0.1274,0.128,1903134.0
2026-05-30 20:00:00+00:00,0.1281,0.1289,0.1272,0.1277,1700242.0
2026-05-30 21:00:00+00:00,0.1277,0.128,0.1261,0.1262,2353849.0
2026-05-30 22:00:00+00:00,0.1262,0.1264,0.1243,0.1249,3016155.0
2026-05-30 23:00:00+00:00,0.1248,0.1257,0.1236,0.1245,1453625.0
2026-05-31 00:00:00+00:00,0.1246,0.1247,0.1234,0.124,2021642.0
2026-05-31 01:00:00+00:00,0.124,0.1249,0.1236,0.1241,1160666.0
2026-05-31 02:00:00+00:00,0.1241,0.1277,0.1241,0.1273,2441781.0
2026-05-31 03:00:00+00:00,0.1274,0.1283,0.1263,0.1275,1220959.0
2026-05-31 04:00:00+00:00,0.1274,0.1284,0.1268,0.1277,2763530.0
2026-05-31 05:00:00+00:00,0.1277,0.1286,0.1275,0.128,1854978.0
2026-05-31 06:00:00+00:00,0.128,0.1309,0.1275,0.1281,2834240.0
2026-05-31 07:00:00+00:00,0.1282,0.1284,0.1263,0.127,2555785.0
2026-05-31 08:00:00+00:00,0.1271,0.1297,0.1266,0.1277,2372030.0
2026-05-31 09:00:00+00:00,0.1277,0.1313,0.1276,0.1282,2956805.0
2026-05-31 10:00:00+00:00,0.1282,0.1297,0.1269,0.1295,1452606.0
2026-05-31 11:00:00+00:00,0.1296,0.1332,0.1296,0.1324,4164730.0
2026-05-31 12:00:00+00:00,0.1324,0.1328,0.13,0.1313,3472841.0
2026-05-31 13:00:00+00:00,0.1314,0.1324,0.1307,0.1309,1746681.0
2026-05-31 14:00:00+00:00,0.1308,0.1313,0.1276,0.1281,3599924.0
2026-05-31 15:00:00+00:00,0.128,0.1302,0.1268,0.127,2317671.0
2026-05-31 16:00:00+00:00,0.1271,0.1277,0.1254,0.1255,2757755.0
2026-05-31 17:00:00+00:00,0.1255,0.1267,0.1241,0.1257,3762190.0
2026-05-31 18:00:00+00:00,0.1257,0.1264,0.1248,0.1255,1497928.0
2026-05-31 19:00:00+00:00,0.1256,0.1262,0.1246,0.1254,1186571.0
2026-05-31 20:00:00+00:00,0.1256,0.1282,0.1255,0.1279,979248.0
2026-05-31 21:00:00+00:00,0.1279,0.1293,0.1275,0.1286,1512105.0
2026-05-31 22:00:00+00:00,0.1287,0.1298,0.1272,0.1293,1788790.0
2026-05-31 23:00:00+00:00,0.1294,0.1298,0.1262,0.1276,1048045.0
2026-06-01 00:00:00+00:00,0.1276,0.1278,0.126,0.1264,1768072.0
2026-06-01 01:00:00+00:00,0.1264,0.1265,0.1237,0.1241,2634454.0
2026-06-01 02:00:00+00:00,0.1242,0.1263,0.124,0.1253,1115762.0
2026-06-01 03:00:00+00:00,0.1254,0.1278,0.1253,0.1261,1862185.0
2026-06-01 04:00:00+00:00,0.1261,0.1264,0.123,0.1237,1560195.0
2026-06-01 05:00:00+00:00,0.1237,0.1239,0.122,0.1225,1340569.0
2026-06-01 06:00:00+00:00,0.1224,0.1225,0.1209,0.1218,2185172.0
2026-06-01 07:00:00+00:00,0.1217,0.1222,0.1204,0.1205,1096240.0
2026-06-01 08:00:00+00:00,0.1206,0.121,0.1199,0.1203,2067047.0
2026-06-01 09:00:00+00:00,0.1203,0.1208,0.12,0.1202,1192962.0
2026-06-01 10:00:00+00:00,0.1202,0.1218,0.1195,0.1216,1829003.0
2026-06-01 11:00:00+00:00,0.1216,0.1218,0.1197,0.1199,1072449.0
2026-06-01 12:00:00+00:00,0.1199,0.1201,0.1185,0.1186,2510578.0
2026-06-01 13:00:00+00:00,0.1187,0.1188,0.1172,0.1178,5018130.0
2026-06-01 14:00:00+00:00,0.1179,0.1183,0.117,0.1172,1655980.0
2026-06-01 15:00:00+00:00,0.1173,0.1193,0.1171,0.119,2406967.0
2026-06-01 16:00:00+00:00,0.119,0.1214,0.118,0.1208,2195208.0
2026-06-01 17:00:00+00:00,0.1208,0.1221,0.1208,0.1216,1746438.0
2026-06-01 18:00:00+00:00,0.1216,0.1225,0.1213,0.1214,763199.0
2026-06-01 19:00:00+00:00,0.1214,0.1223,0.1204,0.121,1206335.0
2026-06-01 20:00:00+00:00,0.1211,0.1215,0.1207,0.121,717779.0
2026-06-01 21:00:00+00:00,0.121,0.121,0.12,0.1201,1487708.0
2026-06-01 22:00:00+00:00,0.1201,0.1207,0.1188,0.1204,1236893.0
2026-06-01 23:00:00+00:00,0.1204,0.121,0.1198,0.1203,1085359.0
2026-06-02 00:00:00+00:00,0.1202,0.1203,0.1193,0.1196,776742.0
2026-06-02 01:00:00+00:00,0.1196,0.12,0.1186,0.1187,1034689.0
2026-06-02 02:00:00+00:00,0.1186,0.12,0.1175,0.12,993915.0
2026-06-02 03:00:00+00:00,0.1201,0.1228,0.1199,0.1227,1178727.0
2026-06-02 04:00:00+00:00,0.1226,0.1234,0.1212,0.1217,1769534.0
2026-06-02 05:00:00+00:00,0.1216,0.1216,0.1199,0.1201,913950.0
2026-06-02 06:00:00+00:00,0.1201,0.1204,0.1165,0.1177,13033666.0
2026-06-02 07:00:00+00:00,0.1178,0.1187,0.1169,0.1183,1351389.0
2026-06-02 08:00:00+00:00,0.1182,0.1184,0.1174,0.1176,757307.0
2026-06-02 09:00:00+00:00,0.1177,0.1178,0.1171,0.1176,1484383.0
2026-06-02 10:00:00+00:00,0.1175,0.1186,0.1173,0.1182,742403.0
2026-06-02 11:00:00+00:00,0.1183,0.1186,0.1173,0.1182,988786.0
2026-06-02 12:00:00+00:00,0.1181,0.1189,0.1177,0.1185,970815.0
2026-06-02 13:00:00+00:00,0.1186,0.1207,0.1183,0.1195,3693320.0
2026-06-02 14:00:00+00:00,0.1196,0.1211,0.1155,0.1177,4263392.0
2026-06-02 15:00:00+00:00,0.1178,0.1183,0.1142,0.1158,3158077.0
2026-06-02 16:00:00+00:00,0.1158,0.1188,0.1155,0.1173,1998249.0
2026-06-02 17:00:00+00:00,0.1174,0.1201,0.1173,0.1183,1778858.0
2026-06-02 18:00:00+00:00,0.1183,0.1189,0.1156,0.1161,1452640.0
2026-06-02 19:00:00+00:00,0.1161,0.1162,0.1132,0.1149,2438743.0
2026-06-02 20:00:00+00:00,0.1148,0.1163,0.1139,0.1149,1316699.0
2026-06-02 21:00:00+00:00,0.1149,0.1159,0.1144,0.1146,1104369.0
2026-06-02 22:00:00+00:00,0.1146,0.1146,0.1114,0.1116,2624148.0
2026-06-02 23:00:00+00:00,0.1117,0.1127,0.1107,0.1124,1476264.0
2026-06-03 00:00:00+00:00,0.1124,0.1135,0.1117,0.1118,1024732.0
2026-06-03 01:00:00+00:00,0.1119,0.1122,0.1108,0.1117,2166102.0
2026-06-03 02:00:00+00:00,0.1116,0.1119,0.1111,0.1117,506633.0
2026-06-03 03:00:00+00:00,0.1117,0.1123,0.1094,0.1097,3669845.0
2026-06-03 04:00:00+00:00,0.1097,0.1116,0.1097,0.1116,1414726.0
2026-06-03 05:00:00+00:00,0.1116,0.1132,0.1115,0.1131,1847046.0
2026-06-03 06:00:00+00:00,0.1131,0.1144,0.1131,0.1131,1496041.0
2026-06-03 07:00:00+00:00,0.1131,0.1144,0.1128,0.1135,1381942.0
2026-06-03 08:00:00+00:00,0.1134,0.1135,0.1127,0.1132,2043441.0
2026-06-03 09:00:00+00:00,0.1131,0.1131,0.1115,0.1121,1259006.0
2026-06-03 10:00:00+00:00,0.1121,0.1129,0.1118,0.1129,1726295.0
2026-06-03 11:00:00+00:00,0.1128,0.1132,0.1112,0.1113,1627002.0
2026-06-03 12:00:00+00:00,0.1113,0.1118,0.1109,0.1118,876909.0
2026-06-03 13:00:00+00:00,0.1119,0.1123,0.1106,0.1115,1751969.0
2026-06-03 14:00:00+00:00,0.1115,0.1116,0.1105,0.1115,1910408.0
2026-06-03 15:00:00+00:00,0.1115,0.1115,0.1092,0.1093,2068865.0
2026-06-03 16:00:00+00:00,0.1093,0.1095,0.1076,0.1085,2609306.0
2026-06-03 17:00:00+00:00,0.1085,0.1093,0.1072,0.1091,1812337.0
2026-06-03 18:00:00+00:00,0.109,0.1091,0.1076,0.109,1688901.0
2026-06-03 19:00:00+00:00,0.109,0.1091,0.1069,0.107,1930195.0
2026-06-03 20:00:00+00:00,0.1071,0.1077,0.1051,0.1057,2939295.0
2026-06-03 21:00:00+00:00,0.1056,0.1088,0.1055,0.1083,2219120.0
2026-06-03 22:00:00+00:00,0.1082,0.1086,0.1069,0.1074,1341220.0
2026-06-03 23:00:00+00:00,0.1073,0.1075,0.1063,0.1066,1529996.0
2026-06-04 00:00:00+00:00,0.1065,0.1069,0.105,0.106,1941276.0
2026-06-04 01:00:00+00:00,0.1061,0.1065,0.1033,0.1035,4706575.0
2026-06-04 02:00:00+00:00,0.1036,0.1052,0.0997,0.1045,8810461.0
2026-06-04 03:00:00+00:00,0.1047,0.1068,0.1044,0.1063,1997788.0
2026-06-04 04:00:00+00:00,0.1063,0.1068,0.1054,0.1056,996235.0
2026-06-04 05:00:00+00:00,0.1057,0.1057,0.1039,0.1043,1804376.0
2026-06-04 06:00:00+00:00,0.1042,0.1061,0.1041,0.1049,1404177.0
2026-06-04 07:00:00+00:00,0.105,0.1052,0.1033,0.1034,1932665.0
2026-06-04 08:00:00+00:00,0.1033,0.1041,0.1028,0.103,1416468.0
2026-06-04 09:00:00+00:00,0.103,0.103,0.1005,0.1018,2733309.0
2026-06-04 10:00:00+00:00,0.1018,0.1019,0.1001,0.1007,2062256.0
2026-06-04 11:00:00+00:00,0.1006,0.1013,0.1,0.1013,1610925.0
2026-06-04 12:00:00+00:00,0.1014,0.1033,0.1004,0.103,1747393.0
2026-06-04 13:00:00+00:00,0.103,0.1061,0.1012,0.106,4487715.0
2026-06-04 14:00:00+00:00,0.106,0.106,0.1038,0.1043,2478219.0
2026-06-04 15:00:00+00:00,0.1042,0.1056,0.1039,0.1051,2026263.0
2026-06-04 16:00:00+00:00,0.105,0.1051,0.1035,0.1041,1600859.0
2026-06-04 17:00:00+00:00,0.1042,0.1044,0.1023,0.103,1511342.0
2026-06-04 18:00:00+00:00,0.1029,0.1034,0.1016,0.1028,1492589.0
2026-06-04 19:00:00+00:00,0.1028,0.1039,0.1026,0.1028,925723.0
2026-06-04 20:00:00+00:00,0.1028,0.1029,0.1013,0.1018,1087833.0
2026-06-04 21:00:00+00:00,0.1018,0.1023,0.0994,0.0997,1717393.0
2026-06-04 22:00:00+00:00,0.0996,0.1006,0.0991,0.1005,1256863.0
2026-06-04 23:00:00+00:00,0.1005,0.1008,0.0995,0.1005,1351482.0
2026-06-05 00:00:00+00:00,0.1005,0.1015,0.1,0.1004,1324510.0
2026-06-05 01:00:00+00:00,0.1004,0.1013,0.0997,0.1004,1424131.0
2026-06-05 02:00:00+00:00,0.1003,0.1003,0.0977,0.0979,2687598.0
2026-06-05 03:00:00+00:00,0.0978,0.0981,0.0965,0.0971,2102751.0
2026-06-05 04:00:00+00:00,0.0972,0.0999,0.0965,0.0996,1700158.0
2026-06-05 05:00:00+00:00,0.0996,0.0997,0.0969,0.097,1060436.0
2026-06-05 06:00:00+00:00,0.0972,0.0975,0.0924,0.0944,5823861.0
2026-06-05 07:00:00+00:00,0.0945,0.0961,0.0931,0.0958,3098695.0
2026-06-05 08:00:00+00:00,0.0957,0.0957,0.0935,0.0937,2943649.0
2026-06-05 09:00:00+00:00,0.0938,0.0957,0.0934,0.0943,2181231.0
2026-06-05 10:00:00+00:00,0.0943,0.0947,0.0932,0.0936,1679411.0
2026-06-05 11:00:00+00:00,0.0936,0.0937,0.0921,0.0925,2343427.0
2026-06-05 12:00:00+00:00,0.0925,0.0935,0.0917,0.0923,2246041.0
2026-06-05 13:00:00+00:00,0.0923,0.0932,0.0899,0.0899,2529277.0
2026-06-05 14:00:00+00:00,0.0899,0.0924,0.0893,0.0919,4731967.0
2026-06-05 15:00:00+00:00,0.0918,0.0928,0.0897,0.0901,4773282.0
2026-06-05 16:00:00+00:00,0.0901,0.0926,0.0888,0.0923,4688706.0
2026-06-05 17:00:00+00:00,0.0923,0.0937,0.0921,0.0927,5019080.0
2026-06-05 18:00:00+00:00,0.0928,0.0932,0.0894,0.0898,3646819.0
2026-06-05 19:00:00+00:00,0.0898,0.0919,0.0881,0.0916,3341608.0
2026-06-05 20:00:00+00:00,0.0916,0.0947,0.0909,0.0946,2765928.0
2026-06-05 21:00:00+00:00,0.0946,0.0955,0.0941,0.0951,2406716.0
2026-06-05 22:00:00+00:00,0.095,0.095,0.0933,0.0939,1574305.0
2026-06-05 23:00:00+00:00,0.094,0.0942,0.0917,0.0933,1375431.0
2026-06-06 00:00:00+00:00,0.0934,0.0952,0.0933,0.0949,1694333.0
2026-06-06 01:00:00+00:00,0.095,0.0954,0.0933,0.0934,836341.0
2026-06-06 02:00:00+00:00,0.0934,0.0935,0.0925,0.0928,630893.0
2026-06-06 03:00:00+00:00,0.0927,0.0928,0.092,0.0922,838346.0
2026-06-06 04:00:00+00:00,0.0921,0.0924,0.0884,0.089,2900564.0
2026-06-06 05:00:00+00:00,0.0889,0.0911,0.0882,0.091,1709829.0
2026-06-06 06:00:00+00:00,0.091,0.0922,0.0909,0.0913,1246168.0
2026-06-06 07:00:00+00:00,0.0913,0.093,0.0911,0.0927,708601.0
2026-06-06 08:00:00+00:00,0.0928,0.0939,0.0926,0.0937,911331.0
2026-06-06 09:00:00+00:00,0.0937,0.0939,0.0924,0.0926,960362.0
2026-06-06 10:00:00+00:00,0.0926,0.0927,0.0908,0.0918,967218.0
2026-06-06 11:00:00+00:00,0.0919,0.0926,0.0915,0.0922,712477.0
2026-06-06 12:00:00+00:00,0.0921,0.0937,0.0919,0.0935,1137486.0
2026-06-06 13:00:00+00:00,0.0934,0.0939,0.0932,0.0937,1454704.0
2026-06-06 14:00:00+00:00,0.0936,0.0952,0.0935,0.0936,2389768.0
2026-06-06 15:00:00+00:00,0.0936,0.0938,0.0922,0.0935,1384052.0
2026-06-06 16:00:00+00:00,0.0934,0.094,0.0922,0.0933,1584719.0
2026-06-06 17:00:00+00:00,0.0934,0.0934,0.0917,0.092,1210934.0
2026-06-06 18:00:00+00:00,0.0919,0.0926,0.0916,0.0922,357720.0
2026-06-06 19:00:00+00:00,0.0922,0.0925,0.0916,0.0916,486315.0
2026-06-06 20:00:00+00:00,0.0916,0.0922,0.0914,0.0921,451572.0
2026-06-06 21:00:00+00:00,0.0921,0.0932,0.092,0.0923,404665.0
2026-06-06 22:00:00+00:00,0.0923,0.0926,0.0919,0.0923,427892.0
2026-06-06 23:00:00+00:00,0.0922,0.0924,0.0919,0.0921,348138.0
2026-06-07 00:00:00+00:00,0.0921,0.0925,0.0917,0.0922,694469.0
2026-06-07 01:00:00+00:00,0.0921,0.0945,0.0921,0.0938,1765576.0
2026-06-07 02:00:00+00:00,0.0937,0.0942,0.0932,0.0939,662313.0
2026-06-07 03:00:00+00:00,0.0939,0.0941,0.0937,0.094,398908.0
2026-06-07 04:00:00+00:00,0.094,0.094,0.093,0.0939,390408.0
2026-06-07 05:00:00+00:00,0.0938,0.0943,0.0934,0.0942,611534.0
2026-06-07 06:00:00+00:00,0.0942,0.0959,0.0938,0.0952,985615.0
2026-06-07 07:00:00+00:00,0.0952,0.0962,0.0951,0.0961,1169024.0
2026-06-07 08:00:00+00:00,0.0961,0.0974,0.0954,0.0968,2267001.0
2026-06-07 09:00:00+00:00,0.0969,0.0972,0.0953,0.0954,1030735.0
2026-06-07 10:00:00+00:00,0.0954,0.0955,0.0944,0.0944,728145.0
2026-06-07 11:00:00+00:00,0.0944,0.0951,0.0941,0.0948,609059.0
2026-06-07 12:00:00+00:00,0.0948,0.0948,0.0929,0.0936,1532761.0
2026-06-07 13:00:00+00:00,0.0936,0.0938,0.0933,0.0934,525372.0
2026-06-07 14:00:00+00:00,0.0933,0.0948,0.0933,0.0943,846618.0
2026-06-07 15:00:00+00:00,0.0943,0.0943,0.0929,0.0935,2856586.0
2026-06-07 16:00:00+00:00,0.0936,0.0937,0.0924,0.0931,3428613.0
2026-06-07 17:00:00+00:00,0.0932,0.0936,0.0929,0.0932,417694.0
2026-06-07 18:00:00+00:00,0.0932,0.0937,0.0927,0.0927,1450742.0
2026-06-07 19:00:00+00:00,0.0926,0.0926,0.0906,0.0914,2735144.0
2026-06-07 20:00:00+00:00,0.0914,0.0928,0.0913,0.0927,1491499.0
2026-06-07 21:00:00+00:00,0.0926,0.0931,0.0921,0.0926,436513.0
2026-06-07 22:00:00+00:00,0.0927,0.0967,0.0926,0.0943,2691111.0
2026-06-07 23:00:00+00:00,0.0942,0.0947,0.094,0.0944,744803.0
2026-06-08 00:00:00+00:00,0.0945,0.0957,0.0938,0.0953,880405.0
2026-06-08 01:00:00+00:00,0.0953,0.0953,0.0933,0.0939,1258635.0
2026-06-08 02:00:00+00:00,0.094,0.094,0.0933,0.0936,485873.0
2026-06-08 03:00:00+00:00,0.0937,0.0939,0.0929,0.0933,502659.0
2026-06-08 04:00:00+00:00,0.0933,0.0936,0.0921,0.0924,738308.0
2026-06-08 05:00:00+00:00,0.0923,0.0924,0.0917,0.0924,794498.0
2026-06-08 06:00:00+00:00,0.0925,0.0934,0.0923,0.0929,1010465.0
2026-06-08 07:00:00+00:00,0.0929,0.0938,0.0926,0.0934,1033206.0
2026-06-08 08:00:00+00:00,0.0933,0.0933,0.0924,0.0929,1363476.0
2026-06-08 09:00:00+00:00,0.0929,0.0937,0.0928,0.0937,852638.0
2026-06-08 10:00:00+00:00,0.0938,0.094,0.0932,0.0935,585919.0
2026-06-08 11:00:00+00:00,0.0935,0.0952,0.0934,0.0946,1056860.0
2026-06-08 12:00:00+00:00,0.0945,0.0952,0.0935,0.0949,1646273.0
2026-06-08 13:00:00+00:00,0.0949,0.0952,0.0942,0.0944,2421583.0
2026-06-08 14:00:00+00:00,0.0943,0.0953,0.0942,0.0953,1353781.0
2026-06-08 15:00:00+00:00,0.0954,0.096,0.0936,0.0937,1800406.0
2026-06-08 16:00:00+00:00,0.0937,0.0942,0.0933,0.0935,862276.0
2026-06-08 17:00:00+00:00,0.0935,0.0939,0.093,0.0938,1636685.0
2026-06-08 18:00:00+00:00,0.0938,0.094,0.093,0.0931,758585.0
2026-06-08 19:00:00+00:00,0.0932,0.0937,0.0928,0.0931,872968.0
2026-06-08 20:00:00+00:00,0.0932,0.0935,0.0924,0.0934,768226.0
2026-06-08 21:00:00+00:00,0.0935,0.0943,0.0934,0.0937,1370029.0
2026-06-08 22:00:00+00:00,0.0936,0.0936,0.0926,0.0927,788621.0
2026-06-08 23:00:00+00:00,0.0926,0.0929,0.0919,0.0923,935128.0
2026-06-09 00:00:00+00:00,0.0923,0.0926,0.0907,0.091,2526176.0
2026-06-09 01:00:00+00:00,0.091,0.0914,0.0908,0.0911,583598.0
2026-06-09 02:00:00+00:00,0.0911,0.0912,0.0904,0.0912,502748.0
2026-06-09 03:00:00+00:00,0.0913,0.0914,0.0907,0.0913,487233.0
2026-06-09 04:00:00+00:00,0.0913,0.0934,0.091,0.0928,1955558.0
2026-06-09 05:00:00+00:00,0.0928,0.0933,0.0926,0.093,802427.0
2026-06-09 06:00:00+00:00,0.093,0.0934,0.0923,0.0925,658151.0
2026-06-09 07:00:00+00:00,0.0925,0.093,0.0923,0.0929,547509.0
2026-06-09 08:00:00+00:00,0.0929,0.0929,0.0921,0.0921,826906.0
2026-06-09 09:00:00+00:00,0.0922,0.0923,0.0912,0.0915,1120704.0
2026-06-09 10:00:00+00:00,0.0915,0.0922,0.0912,0.0919,1137712.0
2026-06-09 11:00:00+00:00,0.092,0.0922,0.0916,0.0921,356512.0
2026-06-09 12:00:00+00:00,0.0921,0.0927,0.0921,0.0926,551711.0
2026-06-09 13:00:00+00:00,0.0926,0.0932,0.0917,0.0919,798732.0
2026-06-09 14:00:00+00:00,0.092,0.0922,0.0892,0.0903,4286038.0
2026-06-09 15:00:00+00:00,0.0903,0.0904,0.0887,0.0887,1828402.0
2026-06-09 16:00:00+00:00,0.0887,0.0898,0.0882,0.0897,2275886.0
2026-06-09 17:00:00+00:00,0.0897,0.0909,0.0895,0.0906,1110929.0
2026-06-09 18:00:00+00:00,0.0905,0.0912,0.0903,0.091,387809.0
2026-06-09 19:00:00+00:00,0.091,0.0919,0.0909,0.0914,847753.0
2026-06-09 20:00:00+00:00,0.0914,0.092,0.0911,0.0919,634008.0
2026-06-09 21:00:00+00:00,0.0919,0.0919,0.0909,0.0911,374095.0
2026-06-09 22:00:00+00:00,0.091,0.0914,0.0908,0.0909,262279.0
2026-06-09 23:00:00+00:00,0.0908,0.0915,0.0908,0.0911,257283.0
2026-06-10 00:00:00+00:00,0.0911,0.0916,0.0908,0.0914,427156.0
2026-06-10 01:00:00+00:00,0.0915,0.0916,0.0911,0.0914,1048170.0
2026-06-10 02:00:00+00:00,0.0914,0.0914,0.0904,0.0907,461643.0
2026-06-10 03:00:00+00:00,0.0906,0.092,0.0904,0.092,330823.0
2026-06-10 04:00:00+00:00,0.0921,0.0927,0.0907,0.0909,643101.0
2026-06-10 05:00:00+00:00,0.0908,0.091,0.0904,0.0907,637636.0
2026-06-10 06:00:00+00:00,0.0907,0.0911,0.0903,0.091,427354.0
2026-06-10 07:00:00+00:00,0.0911,0.0918,0.0909,0.0911,1126761.0
2026-06-10 08:00:00+00:00,0.091,0.091,0.09,0.0902,345443.0
2026-06-10 09:00:00+00:00,0.0902,0.0903,0.0894,0.0899,611789.0
2026-06-10 10:00:00+00:00,0.0899,0.0901,0.0893,0.0901,875127.0
2026-06-10 11:00:00+00:00,0.09,0.0902,0.089,0.0894,1194804.0
2026-06-10 12:00:00+00:00,0.0895,0.091,0.0891,0.0905,1015713.0
2026-06-10 13:00:00+00:00,0.0903,0.092,0.0902,0.0912,1146046.0
2026-06-10 14:00:00+00:00,0.0911,0.0913,0.0901,0.0904,1195810.0
2026-06-10 15:00:00+00:00,0.0904,0.0905,0.0889,0.0899,1397355.0
2026-06-10 16:00:00+00:00,0.0899,0.0904,0.0892,0.0895,1122756.0
2026-06-10 17:00:00+00:00,0.0895,0.0902,0.0888,0.0901,870668.0
2026-06-10 18:00:00+00:00,0.0901,0.0902,0.0894,0.0901,468858.0
2026-06-10 19:00:00+00:00,0.09,0.0901,0.0886,0.0887,657504.0
2026-06-10 20:00:00+00:00,0.0887,0.0891,0.088,0.0883,945818.0
2026-06-10 21:00:00+00:00,0.0883,0.0884,0.0871,0.0874,717834.0
2026-06-10 22:00:00+00:00,0.0874,0.0877,0.0868,0.0869,1275230.0
2026-06-10 23:00:00+00:00,0.087,0.0871,0.0864,0.0865,1152270.0
2026-06-11 00:00:00+00:00,0.0865,0.0878,0.0863,0.0874,1626305.0
2026-06-11 01:00:00+00:00,0.0875,0.0888,0.0874,0.0885,2275239.0
2026-06-11 02:00:00+00:00,0.0886,0.0886,0.0877,0.088,572518.0
2026-06-11 03:00:00+00:00,0.0881,0.0897,0.0879,0.0894,721468.0
2026-06-11 04:00:00+00:00,0.0894,0.0895,0.0884,0.0893,1217490.0
2026-06-11 05:00:00+00:00,0.0892,0.0893,0.0886,0.0888,630512.0
2026-06-11 06:00:00+00:00,0.0889,0.0895,0.0885,0.0887,889832.0
2026-06-11 07:00:00+00:00,0.0887,0.0893,0.0885,0.0889,673340.0
2026-06-11 08:00:00+00:00,0.089,0.0903,0.0889,0.0896,792062.0
2026-06-11 09:00:00+00:00,0.0897,0.0897,0.0889,0.0892,308477.0
2026-06-11 10:00:00+00:00,0.0893,0.0893,0.0889,0.0893,595187.0
2026-06-11 11:00:00+00:00,0.0892,0.0898,0.0891,0.0895,584297.0
2026-06-11 12:00:00+00:00,0.0895,0.0895,0.0879,0.0885,1918204.0
2026-06-11 13:00:00+00:00,0.0885,0.0887,0.0877,0.0878,1425879.0
2026-06-11 14:00:00+00:00,0.0879,0.0883,0.0877,0.0877,1182167.0
2026-06-11 15:00:00+00:00,0.0876,0.088,0.0864,0.0868,1963422.0
2026-06-11 16:00:00+00:00,0.0868,0.0875,0.0866,0.0867,1332109.0
2026-06-11 17:00:00+00:00,0.0866,0.0897,0.0864,0.0892,3222371.0
2026-06-11 18:00:00+00:00,0.0892,0.0897,0.088,0.0881,1529987.0
2026-06-11 19:00:00+00:00,0.088,0.0883,0.0874,0.088,2523577.0
2026-06-11 20:00:00+00:00,0.088,0.088,0.0867,0.0872,1130185.0
2026-06-11 21:00:00+00:00,0.0873,0.0901,0.0873,0.0894,2069831.0
2026-06-11 22:00:00+00:00,0.0894,0.0901,0.089,0.089,1239626.0
2026-06-11 23:00:00+00:00,0.0889,0.0889,0.088,0.0888,1632634.0
2026-06-12 00:00:00+00:00,0.0888,0.0892,0.0884,0.0887,1138389.0
2026-06-12 01:00:00+00:00,0.0886,0.0889,0.0883,0.0889,520733.0
2026-06-12 02:00:00+00:00,0.0889,0.0896,0.0885,0.0891,1418282.0
2026-06-12 03:00:00+00:00,0.0891,0.0891,0.088,0.0887,1160209.0
2026-06-12 04:00:00+00:00,0.0888,0.0892,0.0884,0.0888,637481.0
2026-06-12 05:00:00+00:00,0.0887,0.0888,0.088,0.0882,666769.0
2026-06-12 06:00:00+00:00,0.0881,0.0883,0.0873,0.0875,895630.0
2026-06-12 07:00:00+00:00,0.0875,0.0882,0.0875,0.088,770050.0
2026-06-12 08:00:00+00:00,0.088,0.09,0.088,0.0889,3182702.0
2026-06-12 09:00:00+00:00,0.089,0.0892,0.0887,0.0889,1130448.0
2026-06-12 10:00:00+00:00,0.0888,0.089,0.0884,0.0886,1012779.0
2026-06-12 11:00:00+00:00,0.0885,0.0891,0.0885,0.0887,435684.0
2026-06-12 12:00:00+00:00,0.0887,0.089,0.0884,0.0886,674108.0
2026-06-12 13:00:00+00:00,0.0887,0.0888,0.0874,0.0876,1336856.0
2026-06-12 14:00:00+00:00,0.0876,0.0893,0.0876,0.0891,1877812.0
2026-06-12 15:00:00+00:00,0.089,0.0893,0.0868,0.0869,2559158.0
2026-06-12 16:00:00+00:00,0.0869,0.0879,0.0866,0.0878,1000232.0
2026-06-12 17:00:00+00:00,0.0879,0.0882,0.0874,0.0875,1246420.0
2026-06-12 18:00:00+00:00,0.0875,0.0879,0.0872,0.0875,738545.0
2026-06-12 19:00:00+00:00,0.0876,0.0883,0.0874,0.0876,650908.0
2026-06-12 20:00:00+00:00,0.0875,0.0878,0.0871,0.0872,957186.0
2026-06-12 21:00:00+00:00,0.0873,0.0876,0.0867,0.0868,611465.0
2026-06-12 22:00:00+00:00,0.0869,0.0874,0.0869,0.0872,613440.0
2026-06-12 23:00:00+00:00,0.0872,0.0873,0.0868,0.0873,335695.0
2026-06-13 00:00:00+00:00,0.0873,0.0879,0.087,0.0871,1571885.0
2026-06-13 01:00:00+00:00,0.0871,0.0873,0.0869,0.0872,792961.0
2026-06-13 02:00:00+00:00,0.0872,0.0873,0.0867,0.0869,401167.0
2026-06-13 03:00:00+00:00,0.0869,0.087,0.0864,0.0869,531423.0
2026-06-13 04:00:00+00:00,0.0869,0.0873,0.0867,0.0872,277057.0
2026-06-13 05:00:00+00:00,0.0871,0.0872,0.0867,0.087,348079.0
2026-06-13 06:00:00+00:00,0.0871,0.0888,0.087,0.0886,2630013.0
2026-06-13 07:00:00+00:00,0.0885,0.089,0.088,0.0888,1084363.0
2026-06-13 08:00:00+00:00,0.0888,0.089,0.0882,0.0884,640098.0
2026-06-13 09:00:00+00:00,0.0884,0.0889,0.0882,0.0888,876166.0
2026-06-13 10:00:00+00:00,0.0887,0.089,0.0885,0.0886,1306271.0
2026-06-13 11:00:00+00:00,0.0887,0.0891,0.0883,0.0886,409423.0
2026-06-13 12:00:00+00:00,0.0886,0.0893,0.0885,0.0891,1829446.0
2026-06-13 13:00:00+00:00,0.089,0.0893,0.0884,0.0884,1297896.0
2026-06-13 14:00:00+00:00,0.0885,0.0891,0.0883,0.089,728961.0
2026-06-13 15:00:00+00:00,0.089,0.0895,0.0887,0.0889,1694619.0
2026-06-13 16:00:00+00:00,0.0889,0.0889,0.0876,0.088,1591413.0
2026-06-13 17:00:00+00:00,0.088,0.0884,0.0877,0.0879,917230.0
2026-06-13 18:00:00+00:00,0.0879,0.0883,0.0878,0.088,235830.0
2026-06-13 19:00:00+00:00,0.088,0.0886,0.0877,0.0883,505253.0
2026-06-13 20:00:00+00:00,0.0883,0.0888,0.0881,0.0887,331121.0
2026-06-13 21:00:00+00:00,0.0887,0.0896,0.0885,0.0891,654131.0
2026-06-13 22:00:00+00:00,0.0891,0.0892,0.0888,0.0889,374219.0
2026-06-13 23:00:00+00:00,0.0889,0.0906,0.0888,0.0896,2259463.0
2026-06-14 00:00:00+00:00,0.0897,0.0927,0.0895,0.092,2959535.0
2026-06-14 01:00:00+00:00,0.092,0.0939,0.0918,0.0922,3964641.0
2026-06-14 02:00:00+00:00,0.0921,0.0938,0.0913,0.0914,2317970.0
2026-06-14 03:00:00+00:00,0.0914,0.0932,0.0913,0.0925,2264587.0
2026-06-14 04:00:00+00:00,0.0924,0.0926,0.091,0.0919,3089912.0
2026-06-14 05:00:00+00:00,0.0919,0.0928,0.0913,0.0921,3317565.0
2026-06-14 06:00:00+00:00,0.0922,0.0927,0.0907,0.0907,1809324.0
2026-06-14 07:00:00+00:00,0.0908,0.0918,0.0906,0.0918,1278936.0
2026-06-14 08:00:00+00:00,0.0918,0.092,0.0912,0.0917,1039333.0
2026-06-14 09:00:00+00:00,0.0917,0.0926,0.0913,0.0919,2894553.0
2026-06-14 10:00:00+00:00,0.092,0.0922,0.0912,0.0912,642116.0
2026-06-14 11:00:00+00:00,0.0912,0.0916,0.0911,0.0911,470045.0
2026-06-14 12:00:00+00:00,0.0912,0.0919,0.0906,0.0908,860677.0
2026-06-14 13:00:00+00:00,0.0909,0.0913,0.0903,0.0906,847440.0
2026-06-14 14:00:00+00:00,0.0905,0.0909,0.09,0.0907,1814342.0
2026-06-14 15:00:00+00:00,0.0908,0.091,0.09,0.0901,1815313.0
2026-06-14 16:00:00+00:00,0.0901,0.0913,0.0901,0.0906,1601379.0
2026-06-14 17:00:00+00:00,0.0905,0.0907,0.0895,0.0896,657419.0
2026-06-14 18:00:00+00:00,0.0895,0.0899,0.0893,0.0896,428372.0
2026-06-14 19:00:00+00:00,0.0896,0.0902,0.0895,0.0897,590752.0
2026-06-14 20:00:00+00:00,0.0897,0.0908,0.0896,0.0904,909185.0
2026-06-14 21:00:00+00:00,0.0905,0.0926,0.0904,0.0923,1913109.0
2026-06-14 22:00:00+00:00,0.0923,0.0926,0.0919,0.0921,1431753.0
2026-06-14 23:00:00+00:00,0.0921,0.0943,0.0919,0.0927,3888771.0
2026-06-15 00:00:00+00:00,0.0926,0.093,0.0919,0.0923,2118980.0
2026-06-15 01:00:00+00:00,0.0924,0.0926,0.0919,0.0923,848201.0
2026-06-15 02:00:00+00:00,0.0922,0.093,0.0919,0.0919,1136298.0
2026-06-15 03:00:00+00:00,0.092,0.0928,0.0919,0.0926,716459.0
2026-06-15 04:00:00+00:00,0.0926,0.0932,0.0923,0.0923,1792579.0
2026-06-15 05:00:00+00:00,0.0923,0.0936,0.0922,0.0934,645872.0
2026-06-15 06:00:00+00:00,0.0933,0.094,0.0931,0.0936,759942.0
2026-06-15 07:00:00+00:00,0.0937,0.0946,0.0929,0.093,1603460.0
2026-06-15 08:00:00+00:00,0.0931,0.0955,0.093,0.0953,1813485.0
2026-06-15 09:00:00+00:00,0.0953,0.0961,0.0944,0.0948,1982999.0
2026-06-15 10:00:00+00:00,0.0948,0.0956,0.0939,0.0951,2743165.0
2026-06-15 11:00:00+00:00,0.095,0.096,0.0945,0.0956,2575727.0
2026-06-15 12:00:00+00:00,0.0956,0.0963,0.0951,0.0961,1722039.0
2026-06-15 13:00:00+00:00,0.0961,0.0977,0.0958,0.0961,2373268.0
2026-06-15 14:00:00+00:00,0.0962,0.0962,0.0952,0.0957,1690119.0
2026-06-15 15:00:00+00:00,0.0957,0.0969,0.0953,0.0966,2921779.0
2026-06-15 16:00:00+00:00,0.0966,0.1,0.0965,0.0972,6846201.0
2026-06-15 17:00:00+00:00,0.0971,0.0974,0.0961,0.0972,2337726.0
2026-06-15 18:00:00+00:00,0.0972,0.0974,0.0963,0.0965,693670.0
2026-06-15 19:00:00+00:00,0.0964,0.0969,0.095,0.0953,886068.0
2026-06-15 20:00:00+00:00,0.0953,0.0964,0.0951,0.0962,553436.0
2026-06-15 21:00:00+00:00,0.0963,0.0965,0.0956,0.0958,469326.0
2026-06-15 22:00:00+00:00,0.0957,0.096,0.0943,0.0946,2352511.0
2026-06-15 23:00:00+00:00,0.0946,0.0954,0.0945,0.0951,679541.0
2026-06-16 00:00:00+00:00,0.095,0.0962,0.0948,0.0953,651578.0
2026-06-16 01:00:00+00:00,0.0953,0.0956,0.0948,0.0948,575149.0
2026-06-16 02:00:00+00:00,0.0948,0.095,0.0938,0.0943,1291804.0
2026-06-16 03:00:00+00:00,0.0944,0.0954,0.0941,0.0952,440193.0
2026-06-16 04:00:00+00:00,0.0953,0.0955,0.0944,0.0947,561633.0
2026-06-16 05:00:00+00:00,0.0947,0.0953,0.0947,0.0948,639264.0
2026-06-16 06:00:00+00:00,0.0949,0.0953,0.0948,0.0952,428526.0
2026-06-16 07:00:00+00:00,0.0951,0.0952,0.0946,0.0948,1042993.0
2026-06-16 08:00:00+00:00,0.0948,0.0963,0.0947,0.096,849932.0
2026-06-16 09:00:00+00:00,0.096,0.0971,0.0956,0.0958,4129231.0
2026-06-16 10:00:00+00:00,0.0958,0.0963,0.0956,0.0959,915179.0
2026-06-16 11:00:00+00:00,0.0959,0.0962,0.0955,0.096,928568.0
2026-06-16 12:00:00+00:00,0.0961,0.0966,0.0957,0.0959,848197.0
2026-06-16 13:00:00+00:00,0.0959,0.0963,0.0945,0.0946,1381455.0
2026-06-16 14:00:00+00:00,0.0947,0.0949,0.0927,0.0931,1636795.0
2026-06-16 15:00:00+00:00,0.0931,0.094,0.0931,0.0936,527402.0
2026-06-16 16:00:00+00:00,0.0936,0.0937,0.0931,0.0934,766419.0
2026-06-16 17:00:00+00:00,0.0933,0.0944,0.0933,0.0943,402576.0
2026-06-16 18:00:00+00:00,0.0943,0.0951,0.0942,0.0949,500558.0
2026-06-16 19:00:00+00:00,0.0949,0.0949,0.0941,0.0942,240243.0
2026-06-16 20:00:00+00:00,0.0943,0.0954,0.0942,0.0953,299490.0
2026-06-16 21:00:00+00:00,0.0953,0.0954,0.0945,0.0949,391451.0
2026-06-16 22:00:00+00:00,0.0949,0.0953,0.0946,0.0953,454035.0
2026-06-16 23:00:00+00:00,0.0952,0.0954,0.0944,0.0945,257106.0
2026-06-17 00:00:00+00:00,0.0946,0.0952,0.0945,0.095,312142.0
2026-06-17 01:00:00+00:00,0.095,0.097,0.0949,0.0968,2779470.0
2026-06-17 02:00:00+00:00,0.0969,0.0974,0.096,0.0968,1345451.0
2026-06-17 03:00:00+00:00,0.0968,0.0968,0.0958,0.0965,556792.0
2026-06-17 04:00:00+00:00,0.0966,0.0968,0.0959,0.0959,508139.0
2026-06-17 05:00:00+00:00,0.0959,0.0962,0.0955,0.0958,396664.0
2026-06-17 06:00:00+00:00,0.0959,0.1,0.0957,0.0967,10996302.0
2026-06-17 07:00:00+00:00,0.0966,0.0977,0.0961,0.0976,3301374.0
2026-06-17 08:00:00+00:00,0.0976,0.0977,0.0953,0.0957,1634753.0
2026-06-17 09:00:00+00:00,0.0957,0.0966,0.0956,0.0964,887068.0
2026-06-17 10:00:00+00:00,0.0965,0.0974,0.0963,0.0964,1535434.0
2026-06-17 11:00:00+00:00,0.0964,0.0969,0.0959,0.0964,812016.0
2026-06-17 12:00:00+00:00,0.0964,0.0969,0.0951,0.0968,1696444.0
2026-06-17 13:00:00+00:00,0.0968,0.0969,0.0962,0.0966,667432.0
2026-06-17 14:00:00+00:00,0.0966,0.0972,0.096,0.0967,856035.0
2026-06-17 15:00:00+00:00,0.0967,0.0994,0.0966,0.0992,1149594.0
2026-06-17 16:00:00+00:00,0.0993,0.1004,0.099,0.099,2492907.0
2026-06-17 17:00:00+00:00,0.099,0.0999,0.0988,0.0994,660754.0
2026-06-17 18:00:00+00:00,0.0994,0.1003,0.097,0.1001,2126031.0
2026-06-17 19:00:00+00:00,0.1001,0.1005,0.0958,0.0965,3303338.0
2026-06-17 20:00:00+00:00,0.0966,0.0974,0.0962,0.0972,1431636.0
2026-06-17 21:00:00+00:00,0.0971,0.0973,0.096,0.0963,576176.0
2026-06-17 22:00:00+00:00,0.0962,0.0976,0.0952,0.0975,758485.0
2026-06-17 23:00:00+00:00,0.0976,0.0992,0.0975,0.0992,943776.0
2026-06-18 00:00:00+00:00,0.0993,0.0999,0.0988,0.0992,1437963.0
2026-06-18 01:00:00+00:00,0.0991,0.1012,0.099,0.1004,1766189.0
2026-06-18 02:00:00+00:00,0.1004,0.1017,0.1001,0.1013,1511871.0
2026-06-18 03:00:00+00:00,0.1012,0.1013,0.0993,0.0996,901614.0
2026-06-18 04:00:00+00:00,0.0996,0.0996,0.0973,0.0973,1238844.0
2026-06-18 05:00:00+00:00,0.0974,0.0975,0.0966,0.0971,933917.0
2026-06-18 06:00:00+00:00,0.0972,0.0975,0.0966,0.0971,752909.0
2026-06-18 07:00:00+00:00,0.097,0.0984,0.0968,0.098,1349430.0
2026-06-18 08:00:00+00:00,0.0981,0.0996,0.0977,0.0992,1073400.0
2026-06-18 09:00:00+00:00,0.0991,0.102,0.099,0.1018,2464552.0
2026-06-18 10:00:00+00:00,0.1018,0.1031,0.1003,0.1005,2256222.0
2026-06-18 11:00:00+00:00,0.1006,0.101,0.099,0.1005,1544990.0
2026-06-18 12:00:00+00:00,0.1005,0.1033,0.1001,0.1023,2386020.0
2026-06-18 13:00:00+00:00,0.1023,0.104,0.0999,0.1001,4017602.0
2026-06-18 14:00:00+00:00,0.1002,0.1032,0.1001,0.1009,4209405.0
2026-06-18 15:00:00+00:00,0.1009,0.1009,0.0976,0.0981,3663086.0
2026-06-18 16:00:00+00:00,0.098,0.1,0.0979,0.0995,1904113.0
2026-06-18 17:00:00+00:00,0.0995,0.1003,0.0982,0.0988,1218307.0
2026-06-18 18:00:00+00:00,0.0987,0.1,0.0986,0.0994,1333277.0
2026-06-18 19:00:00+00:00,0.0995,0.1006,0.0994,0.1,1216679.0
2026-06-18 20:00:00+00:00,0.1001,0.1006,0.099,0.0991,1400132.0
2026-06-18 21:00:00+00:00,0.099,0.0997,0.0984,0.0988,1328160.0
2026-06-18 22:00:00+00:00,0.0986,0.0989,0.0978,0.0981,849029.0
2026-06-18 23:00:00+00:00,0.098,0.098,0.0956,0.0964,3401141.0
2026-06-19 00:00:00+00:00,0.0964,0.097,0.0959,0.097,1209527.0
2026-06-19 01:00:00+00:00,0.0969,0.0972,0.0964,0.0972,605384.0
2026-06-19 02:00:00+00:00,0.0971,0.0971,0.0957,0.0961,928674.0
2026-06-19 03:00:00+00:00,0.0962,0.0962,0.0941,0.0952,1472416.0
2026-06-19 04:00:00+00:00,0.0951,0.0951,0.0935,0.0935,1512969.0
2026-06-19 05:00:00+00:00,0.0936,0.0942,0.0933,0.0941,485821.0
2026-06-19 06:00:00+00:00,0.0941,0.0942,0.0932,0.0934,647743.0
2026-06-19 07:00:00+00:00,0.0934,0.0935,0.0923,0.0926,876269.0
2026-06-19 08:00:00+00:00,0.0927,0.093,0.0925,0.0926,546549.0
2026-06-19 09:00:00+00:00,0.0926,0.0927,0.0917,0.0919,739977.0
2026-06-19 10:00:00+00:00,0.0918,0.0921,0.0912,0.0915,759716.0
2026-06-19 11:00:00+00:00,0.0916,0.0928,0.0901,0.0922,1906754.0
2026-06-19 12:00:00+00:00,0.0922,0.0936,0.092,0.0935,900171.0
2026-06-19 13:00:00+00:00,0.0934,0.0952,0.0933,0.095,1324548.0
2026-06-19 14:00:00+00:00,0.0949,0.0959,0.0941,0.0941,1437712.0
2026-06-19 15:00:00+00:00,0.0941,0.0975,0.0938,0.0972,2157031.0
2026-06-19 16:00:00+00:00,0.0973,0.0976,0.0959,0.096,1988248.0
2026-06-19 17:00:00+00:00,0.096,0.0964,0.0955,0.0959,686453.0
2026-06-19 18:00:00+00:00,0.0959,0.0961,0.0947,0.0952,458304.0
2026-06-19 19:00:00+00:00,0.0952,0.0954,0.0944,0.0949,607937.0
2026-06-19 20:00:00+00:00,0.095,0.0952,0.094,0.0948,592527.0
2026-06-19 21:00:00+00:00,0.0947,0.0948,0.0938,0.0942,566147.0
2026-06-19 22:00:00+00:00,0.0942,0.0949,0.0939,0.0948,658709.0
2026-06-19 23:00:00+00:00,0.0949,0.0958,0.0948,0.0956,610513.0
2026-06-20 00:00:00+00:00,0.0957,0.096,0.0948,0.0949,510720.0
2026-06-20 01:00:00+00:00,0.0949,0.0953,0.0945,0.095,398298.0
2026-06-20 02:00:00+00:00,0.095,0.095,0.0935,0.0938,824753.0
2026-06-20 03:00:00+00:00,0.0937,0.0943,0.0934,0.0943,468897.0
2026-06-20 04:00:00+00:00,0.0943,0.0949,0.0943,0.0948,532039.0
2026-06-20 05:00:00+00:00,0.0949,0.0957,0.0945,0.0949,681593.0
2026-06-20 06:00:00+00:00,0.0949,0.0949,0.0942,0.0943,347917.0
2026-06-20 07:00:00+00:00,0.0943,0.0947,0.094,0.0942,520369.0
2026-06-20 08:00:00+00:00,0.0943,0.0945,0.0939,0.094,326209.0
2026-06-20 09:00:00+00:00,0.094,0.0947,0.094,0.0941,350476.0
2026-06-20 10:00:00+00:00,0.0941,0.0946,0.0935,0.0939,465037.0
2026-06-20 11:00:00+00:00,0.0939,0.094,0.0932,0.0936,693204.0
2026-06-20 12:00:00+00:00,0.0936,0.0936,0.0928,0.093,950348.0
2026-06-20 13:00:00+00:00,0.0929,0.0931,0.0924,0.0927,723381.0
2026-06-20 14:00:00+00:00,0.0926,0.0944,0.092,0.0937,1027626.0
2026-06-20 15:00:00+00:00,0.0937,0.0943,0.0934,0.0941,663822.0
2026-06-20 16:00:00+00:00,0.0942,0.0943,0.093,0.0935,255898.0
2026-06-20 17:00:00+00:00,0.0934,0.0934,0.0927,0.0931,1123670.0
2026-06-20 18:00:00+00:00,0.0931,0.0934,0.0928,0.093,275008.0
2026-06-20 19:00:00+00:00,0.0929,0.0932,0.0926,0.0932,250289.0
2026-06-20 20:00:00+00:00,0.0932,0.0933,0.0925,0.0929,156549.0
2026-06-20 21:00:00+00:00,0.0929,0.0937,0.0929,0.0933,198595.0
2026-06-20 22:00:00+00:00,0.0934,0.0943,0.0931,0.0939,900219.0
2026-06-20 23:00:00+00:00,0.094,0.0942,0.0935,0.0937,230023.0
2026-06-21 00:00:00+00:00,0.0938,0.0943,0.0936,0.0943,285480.0
2026-06-21 01:00:00+00:00,0.0944,0.0948,0.0937,0.0942,340066.0
2026-06-21 02:00:00+00:00,0.0942,0.0945,0.0937,0.0943,207537.0
2026-06-21 03:00:00+00:00,0.0943,0.0945,0.094,0.0944,168236.0
2026-06-21 04:00:00+00:00,0.0945,0.0948,0.0935,0.0935,576493.0
2026-06-21 05:00:00+00:00,0.0935,0.0936,0.093,0.0933,246415.0
2026-06-21 06:00:00+00:00,0.0931,0.0935,0.0931,0.0932,203398.0
2026-06-21 07:00:00+00:00,0.0933,0.0935,0.093,0.093,224045.0
2026-06-21 08:00:00+00:00,0.0931,0.0935,0.0923,0.0928,1790853.0
2026-06-21 09:00:00+00:00,0.0929,0.0935,0.0927,0.0935,203812.0
2026-06-21 10:00:00+00:00,0.0936,0.0937,0.093,0.0931,243677.0
2026-06-21 11:00:00+00:00,0.093,0.0931,0.0921,0.0922,405551.0
2026-06-21 12:00:00+00:00,0.0922,0.0924,0.0919,0.0924,422870.0
2026-06-21 13:00:00+00:00,0.0923,0.0926,0.0919,0.0922,1090970.0
2026-06-21 14:00:00+00:00,0.0921,0.0922,0.0916,0.0919,743276.0
2026-06-21 15:00:00+00:00,0.092,0.0923,0.0918,0.0923,666341.0
2026-06-21 16:00:00+00:00,0.0923,0.0923,0.0914,0.0918,395891.0
2026-06-21 17:00:00+00:00,0.0917,0.0923,0.0911,0.0917,1174999.0
2026-06-21 18:00:00+00:00,0.0917,0.0918,0.0911,0.0916,349895.0
2026-06-21 19:00:00+00:00,0.0916,0.0921,0.0914,0.0917,171336.0
2026-06-21 20:00:00+00:00,0.0917,0.0917,0.0908,0.0908,501677.0
2026-06-21 21:00:00+00:00,0.0908,0.0913,0.0901,0.0907,578568.0
2026-06-21 22:00:00+00:00,0.0907,0.091,0.0899,0.09,921849.0
2026-06-21 23:00:00+00:00,0.0899,0.0899,0.089,0.0893,1598195.0
2026-06-22 00:00:00+00:00,0.0894,0.0904,0.0893,0.0902,1154896.0
2026-06-22 01:00:00+00:00,0.0903,0.0912,0.0898,0.0907,772503.0
2026-06-22 02:00:00+00:00,0.0907,0.091,0.0903,0.0904,389738.0
2026-06-22 03:00:00+00:00,0.0903,0.0905,0.0893,0.0896,1321361.0
2026-06-22 04:00:00+00:00,0.0896,0.0899,0.0892,0.0899,930348.0
2026-06-22 05:00:00+00:00,0.0899,0.0904,0.0898,0.0901,563842.0
2026-06-22 06:00:00+00:00,0.0902,0.0902,0.0893,0.0895,597141.0
2026-06-22 07:00:00+00:00,0.0895,0.0905,0.0895,0.0901,589985.0
2026-06-22 08:00:00+00:00,0.0902,0.0902,0.0893,0.0895,808277.0
2026-06-22 09:00:00+00:00,0.0896,0.09,0.0894,0.0896,673761.0
2026-06-22 10:00:00+00:00,0.0897,0.0898,0.0895,0.0896,377597.0
2026-06-22 11:00:00+00:00,0.0896,0.0919,0.0895,0.0916,1858786.0
2026-06-22 12:00:00+00:00,0.0916,0.092,0.0914,0.0916,1118869.0
2026-06-22 13:00:00+00:00,0.0916,0.0925,0.0911,0.0924,1138182.0
2026-06-22 14:00:00+00:00,0.0925,0.0935,0.0906,0.091,2106498.0
2026-06-22 15:00:00+00:00,0.0911,0.0913,0.0903,0.0904,1144368.0
2026-06-22 16:00:00+00:00,0.0905,0.0909,0.0901,0.0905,397495.0
2026-06-22 17:00:00+00:00,0.0905,0.0905,0.0897,0.0901,603632.0
2026-06-22 18:00:00+00:00,0.0902,0.0904,0.0896,0.0897,354461.0
2026-06-22 19:00:00+00:00,0.0897,0.0902,0.0894,0.0901,688031.0
2026-06-22 20:00:00+00:00,0.0901,0.0908,0.09,0.0905,307589.0
2026-06-22 21:00:00+00:00,0.0905,0.0905,0.0897,0.0899,665704.0
2026-06-22 22:00:00+00:00,0.09,0.0904,0.0887,0.0894,995042.0
2026-06-22 23:00:00+00:00,0.0893,0.0897,0.0888,0.0897,277355.0
2026-06-23 00:00:00+00:00,0.0897,0.0903,0.0888,0.0902,514320.0
2026-06-23 01:00:00+00:00,0.0903,0.0909,0.09,0.0908,603712.0
2026-06-23 02:00:00+00:00,0.0908,0.092,0.0904,0.0918,1230685.0
2026-06-23 03:00:00+00:00,0.0916,0.093,0.0912,0.0927,1470583.0
2026-06-23 04:00:00+00:00,0.0928,0.0931,0.0917,0.092,1041989.0
2026-06-23 05:00:00+00:00,0.092,0.0923,0.0911,0.0912,971031.0
2026-06-23 06:00:00+00:00,0.091,0.0912,0.0889,0.0898,1638110.0
2026-06-23 07:00:00+00:00,0.0897,0.0906,0.0897,0.0902,516246.0
2026-06-23 08:00:00+00:00,0.0903,0.0904,0.0882,0.0902,1258339.0
2026-06-23 09:00:00+00:00,0.0902,0.0907,0.0895,0.0905,1485356.0
2026-06-23 10:00:00+00:00,0.0905,0.091,0.0897,0.0902,1015201.0
2026-06-23 11:00:00+00:00,0.09,0.0921,0.09,0.0921,1884944.0
2026-06-23 12:00:00+00:00,0.0921,0.0966,0.092,0.0947,11928791.0
2026-06-23 13:00:00+00:00,0.0947,0.0963,0.0943,0.0952,6246260.0
2026-06-23 14:00:00+00:00,0.0952,0.0966,0.0936,0.0937,4712249.0
2026-06-23 15:00:00+00:00,0.0937,0.095,0.0918,0.0928,4821891.0
2026-06-23 16:00:00+00:00,0.0929,0.0933,0.0923,0.0928,1226451.0
2026-06-23 17:00:00+00:00,0.0927,0.0932,0.0923,0.0927,821966.0
2026-06-23 18:00:00+00:00,0.0928,0.0939,0.0927,0.0938,749754.0
2026-06-23 19:00:00+00:00,0.0939,0.0942,0.0932,0.0941,725146.0
2026-06-23 20:00:00+00:00,0.094,0.0959,0.094,0.0952,1965963.0
2026-06-23 21:00:00+00:00,0.0952,0.0959,0.0951,0.0955,1016942.0
2026-06-23 22:00:00+00:00,0.0955,0.0963,0.095,0.0952,1816023.0
2026-06-23 23:00:00+00:00,0.0951,0.0953,0.0939,0.0946,1424618.0
2026-06-24 00:00:00+00:00,0.0946,0.0965,0.0946,0.096,1299528.0
2026-06-24 01:00:00+00:00,0.096,0.096,0.095,0.0958,1927138.0
2026-06-24 02:00:00+00:00,0.0957,0.0959,0.0947,0.0951,1329756.0
2026-06-24 03:00:00+00:00,0.0951,0.0953,0.094,0.0941,648657.0
2026-06-24 04:00:00+00:00,0.094,0.0942,0.0924,0.093,1023081.0
2026-06-24 05:00:00+00:00,0.093,0.0934,0.0927,0.0928,768807.0
2026-06-24 06:00:00+00:00,0.0928,0.0929,0.0922,0.0924,935426.0
2026-06-24 07:00:00+00:00,0.0924,0.0926,0.0915,0.0916,942500.0
2026-06-24 08:00:00+00:00,0.0916,0.0918,0.0909,0.0913,803678.0
2026-06-24 09:00:00+00:00,0.0912,0.0914,0.0909,0.091,247578.0
2026-06-24 10:00:00+00:00,0.091,0.0928,0.0907,0.0908,2741068.0
2026-06-24 11:00:00+00:00,0.0909,0.0919,0.0903,0.0912,1660979.0
2026-06-24 12:00:00+00:00,0.0913,0.0916,0.0905,0.0906,1663698.0
2026-06-24 13:00:00+00:00,0.0906,0.0908,0.0888,0.0888,3525095.0
2026-06-24 14:00:00+00:00,0.0888,0.0896,0.0882,0.0892,4047291.0
2026-06-24 15:00:00+00:00,0.0891,0.0898,0.0884,0.0891,1274139.0
2026-06-24 16:00:00+00:00,0.0891,0.0917,0.0864,0.0869,4093874.0
2026-06-24 17:00:00+00:00,0.0869,0.0872,0.0854,0.0866,4076504.0
2026-06-24 18:00:00+00:00,0.0867,0.0881,0.0847,0.0871,3775092.0
2026-06-24 19:00:00+00:00,0.0872,0.0874,0.0866,0.0872,996780.0
2026-06-24 20:00:00+00:00,0.0872,0.0897,0.087,0.089,2865673.0
2026-06-24 21:00:00+00:00,0.089,0.0905,0.0887,0.0901,744683.0
2026-06-24 22:00:00+00:00,0.0901,0.0906,0.0895,0.0896,924259.0
2026-06-24 23:00:00+00:00,0.0896,0.0902,0.0896,0.0899,525843.0
2026-06-25 00:00:00+00:00,0.0899,0.09,0.0895,0.0898,1491158.0
2026-06-25 01:00:00+00:00,0.0899,0.0903,0.0894,0.0897,851324.0
2026-06-25 02:00:00+00:00,0.0897,0.0903,0.0896,0.09,1062233.0
2026-06-25 03:00:00+00:00,0.0901,0.0902,0.0892,0.0895,518590.0
2026-06-25 04:00:00+00:00,0.0895,0.0899,0.089,0.0898,656742.0
2026-06-25 05:00:00+00:00,0.0898,0.0907,0.0897,0.0901,709066.0
2026-06-25 06:00:00+00:00,0.0902,0.0906,0.0901,0.0901,536029.0
2026-06-25 07:00:00+00:00,0.0902,0.0903,0.0896,0.0897,420784.0
2026-06-25 08:00:00+00:00,0.0897,0.0898,0.0892,0.0892,645927.0
2026-06-25 09:00:00+00:00,0.0893,0.0897,0.0891,0.0893,611928.0
2026-06-25 10:00:00+00:00,0.0893,0.0893,0.0887,0.089,884592.0
2026-06-25 11:00:00+00:00,0.0889,0.089,0.0885,0.0887,834288.0
2026-06-25 12:00:00+00:00,0.0888,0.0896,0.0884,0.0889,804315.0
2026-06-25 13:00:00+00:00,0.089,0.0892,0.0837,0.084,4545898.0
2026-06-25 14:00:00+00:00,0.0841,0.0873,0.0841,0.0852,4009032.0
2026-06-25 15:00:00+00:00,0.0853,0.0867,0.0844,0.0864,1875720.0
2026-06-25 16:00:00+00:00,0.0864,0.0871,0.0849,0.085,967023.0
2026-06-25 17:00:00+00:00,0.085,0.0857,0.0849,0.0852,683835.0
2026-06-25 18:00:00+00:00,0.0853,0.0853,0.0842,0.0846,1394815.0
2026-06-25 19:00:00+00:00,0.0847,0.0847,0.0841,0.0843,1294416.0
2026-06-25 20:00:00+00:00,0.0843,0.0848,0.0838,0.0839,486771.0
2026-06-25 21:00:00+00:00,0.0839,0.0852,0.0839,0.0851,483272.0
2026-06-25 22:00:00+00:00,0.0851,0.0852,0.0847,0.0849,339180.0
2026-06-25 23:00:00+00:00,0.0849,0.0855,0.0848,0.0849,524402.0
2026-06-26 00:00:00+00:00,0.0849,0.0853,0.0848,0.0849,648169.0
2026-06-26 01:00:00+00:00,0.0848,0.085,0.0839,0.084,928422.0
2026-06-26 02:00:00+00:00,0.0841,0.0841,0.0819,0.0823,2312657.0
2026-06-26 03:00:00+00:00,0.0823,0.0838,0.0819,0.0835,1514264.0
2026-06-26 04:00:00+00:00,0.0836,0.0836,0.083,0.0831,996921.0
2026-06-26 05:00:00+00:00,0.0832,0.0839,0.0831,0.0835,261883.0
2026-06-26 06:00:00+00:00,0.0834,0.0843,0.083,0.0842,1005343.0
2026-06-26 07:00:00+00:00,0.0843,0.0851,0.0842,0.085,1539207.0
2026-06-26 08:00:00+00:00,0.0849,0.085,0.0836,0.0837,1423097.0
2026-06-26 09:00:00+00:00,0.0838,0.0839,0.0829,0.083,1981464.0
2026-06-26 10:00:00+00:00,0.0829,0.0832,0.0824,0.0825,386853.0
2026-06-26 11:00:00+00:00,0.0826,0.0827,0.0823,0.0826,913754.0
2026-06-26 12:00:00+00:00,0.0826,0.0834,0.0817,0.0819,1434160.0
2026-06-26 13:00:00+00:00,0.0819,0.0834,0.0809,0.0831,5035415.0
2026-06-26 14:00:00+00:00,0.083,0.0835,0.0824,0.0829,2183416.0
2026-06-26 15:00:00+00:00,0.0829,0.0845,0.0826,0.084,3234854.0
2026-06-26 16:00:00+00:00,0.0841,0.0847,0.0837,0.0842,2847939.0
2026-06-26 17:00:00+00:00,0.0842,0.0847,0.0839,0.0841,1849282.0
2026-06-26 18:00:00+00:00,0.084,0.0841,0.0831,0.0836,1341082.0
2026-06-26 19:00:00+00:00,0.0836,0.0839,0.0829,0.083,1148841.0
2026-06-26 20:00:00+00:00,0.0831,0.084,0.0827,0.0828,1801074.0
2026-06-26 21:00:00+00:00,0.0828,0.0834,0.0826,0.0828,869149.0
2026-06-26 22:00:00+00:00,0.0828,0.0829,0.0825,0.0826,758589.0
2026-06-26 23:00:00+00:00,0.0826,0.0832,0.0826,0.083,837198.0
2026-06-27 00:00:00+00:00,0.0831,0.0836,0.0828,0.0836,837601.0
2026-06-27 01:00:00+00:00,0.0836,0.0846,0.0836,0.0846,1002782.0
2026-06-27 02:00:00+00:00,0.0846,0.085,0.0843,0.0847,1273811.0
2026-06-27 03:00:00+00:00,0.0846,0.0858,0.0844,0.0856,1009037.0
2026-06-27 04:00:00+00:00,0.0856,0.0865,0.0854,0.086,1157076.0
2026-06-27 05:00:00+00:00,0.086,0.0863,0.0851,0.0856,766580.0
2026-06-27 06:00:00+00:00,0.0857,0.0873,0.0851,0.0865,1505197.0
2026-06-27 07:00:00+00:00,0.0866,0.0869,0.0859,0.0862,1870860.0
2026-06-27 08:00:00+00:00,0.0862,0.0862,0.0854,0.0856,1563490.0
2026-06-27 09:00:00+00:00,0.0855,0.0858,0.0852,0.0856,770067.0
2026-06-27 10:00:00+00:00,0.0856,0.0861,0.0855,0.0859,671588.0
2026-06-27 11:00:00+00:00,0.0858,0.0875,0.0849,0.0875,1814997.0
2026-06-27 12:00:00+00:00,0.0876,0.0883,0.0866,0.0869,2598102.0
2026-06-27 13:00:00+00:00,0.0869,0.0871,0.0861,0.0866,1043789.0
2026-06-27 14:00:00+00:00,0.0866,0.0869,0.0863,0.0865,1107095.0
2026-06-27 15:00:00+00:00,0.0865,0.0871,0.0863,0.0868,1193288.0
2026-06-27 16:00:00+00:00,0.0869,0.0869,0.0862,0.0864,598186.0
2026-06-27 17:00:00+00:00,0.0863,0.0863,0.0853,0.0855,448486.0
2026-06-27 18:00:00+00:00,0.0855,0.0859,0.0853,0.0858,197401.0
2026-06-27 19:00:00+00:00,0.0858,0.086,0.0847,0.0852,1430479.0
2026-06-27 20:00:00+00:00,0.0853,0.0882,0.0852,0.0874,6460836.0
2026-06-27 21:00:00+00:00,0.0874,0.0874,0.0853,0.0855,3490812.0
2026-06-27 22:00:00+00:00,0.0854,0.0859,0.0849,0.0859,867814.0
2026-06-27 23:00:00+00:00,0.0859,0.0863,0.0856,0.086,447575.0
2026-06-28 00:00:00+00:00,0.0861,0.0869,0.0861,0.0867,884183.0
2026-06-28 01:00:00+00:00,0.0867,0.0873,0.0865,0.0871,413282.0
2026-06-28 02:00:00+00:00,0.0872,0.0879,0.0868,0.0877,556025.0
2026-06-28 03:00:00+00:00,0.0877,0.0893,0.0877,0.0887,1494392.0
2026-06-28 04:00:00+00:00,0.0887,0.0887,0.0877,0.0881,1527448.0
2026-06-28 05:00:00+00:00,0.0881,0.0883,0.0873,0.0873,1496705.0
2026-06-28 06:00:00+00:00,0.0873,0.0888,0.0867,0.0884,1569914.0
2026-06-28 07:00:00+00:00,0.0884,0.0889,0.0878,0.088,836696.0
2026-06-28 08:00:00+00:00,0.088,0.0886,0.0877,0.0881,626829.0
2026-06-28 09:00:00+00:00,0.0882,0.0892,0.0869,0.087,1429498.0
2026-06-28 10:00:00+00:00,0.0869,0.0874,0.0865,0.0867,716776.0
2026-06-28 11:00:00+00:00,0.0867,0.0868,0.0862,0.0866,495098.0
2026-06-28 12:00:00+00:00,0.0866,0.0871,0.0864,0.0867,359819.0
2026-06-28 13:00:00+00:00,0.0866,0.0866,0.0859,0.0861,501885.0
2026-06-28 14:00:00+00:00,0.0861,0.0866,0.0861,0.0861,338826.0
2026-06-28 15:00:00+00:00,0.0862,0.0866,0.0861,0.0863,336777.0
2026-06-28 16:00:00+00:00,0.0862,0.0865,0.0859,0.0863,593853.0
2026-06-28 17:00:00+00:00,0.0861,0.0868,0.0861,0.0867,1119485.0
2026-06-28 18:00:00+00:00,0.0868,0.0873,0.0862,0.0867,1544227.0
2026-06-28 19:00:00+00:00,0.0868,0.0869,0.0861,0.0866,958750.0
2026-06-28 20:00:00+00:00,0.0866,0.0876,0.0864,0.0876,756950.0
2026-06-28 21:00:00+00:00,0.0876,0.0879,0.0868,0.0872,2228724.0
2026-06-28 22:00:00+00:00,0.0872,0.088,0.0861,0.0867,1702531.0
2026-06-28 23:00:00+00:00,0.0867,0.0881,0.0866,0.0875,1196031.0
2026-06-29 00:00:00+00:00,0.0874,0.0886,0.0869,0.0886,986539.0
2026-06-29 01:00:00+00:00,0.0886,0.0887,0.088,0.0886,757629.0
2026-06-29 02:00:00+00:00,0.0885,0.0891,0.0878,0.089,615858.0
2026-06-29 03:00:00+00:00,0.089,0.0903,0.0889,0.0896,1178664.0
2026-06-29 04:00:00+00:00,0.0897,0.0899,0.0886,0.0889,360858.0
2026-06-29 05:00:00+00:00,0.0888,0.0888,0.0876,0.088,1206478.0
2026-06-29 06:00:00+00:00,0.088,0.0883,0.0877,0.0878,443103.0
2026-06-29 07:00:00+00:00,0.0877,0.0879,0.0862,0.0865,2660875.0
2026-06-29 08:00:00+00:00,0.0867,0.0871,0.0861,0.0868,975269.0
2026-06-29 09:00:00+00:00,0.0868,0.0875,0.0868,0.0875,834974.0
2026-06-29 10:00:00+00:00,0.0876,0.0879,0.0873,0.0875,291020.0
2026-06-29 11:00:00+00:00,0.0874,0.0878,0.087,0.0874,586010.0
2026-06-29 12:00:00+00:00,0.0874,0.0885,0.087,0.0874,890303.0
2026-06-29 13:00:00+00:00,0.0874,0.0875,0.0864,0.0868,776529.0
2026-06-29 14:00:00+00:00,0.0868,0.088,0.0862,0.087,2192791.0
2026-06-29 15:00:00+00:00,0.0871,0.0871,0.0848,0.0858,1984319.0
2026-06-29 16:00:00+00:00,0.0859,0.0859,0.0848,0.0848,1053066.0
2026-06-29 17:00:00+00:00,0.0849,0.0868,0.0849,0.086,2783237.0
2026-06-29 18:00:00+00:00,0.086,0.0882,0.086,0.0866,3260555.0
2026-06-29 19:00:00+00:00,0.0865,0.0869,0.0862,0.0866,885003.0
2026-06-29 20:00:00+00:00,0.0866,0.0867,0.0859,0.086,1154945.0
2026-06-29 21:00:00+00:00,0.086,0.0864,0.0858,0.0863,367414.0
2026-06-29 22:00:00+00:00,0.0863,0.0865,0.0859,0.086,627485.0
2026-06-29 23:00:00+00:00,0.086,0.0861,0.0852,0.0857,814924.0
2026-06-30 00:00:00+00:00,0.0856,0.0859,0.0849,0.0854,1208146.0
2026-06-30 01:00:00+00:00,0.0853,0.0855,0.085,0.0852,449593.0
2026-06-30 02:00:00+00:00,0.0853,0.0859,0.0849,0.0852,646485.0
2026-06-30 03:00:00+00:00,0.0851,0.0858,0.0851,0.0851,824899.0
2026-06-30 04:00:00+00:00,0.0851,0.086,0.085,0.0859,1056131.0
2026-06-30 05:00:00+00:00,0.086,0.0867,0.0859,0.0865,1095370.0
2026-06-30 06:00:00+00:00,0.0864,0.0866,0.0861,0.0862,733559.0
2026-06-30 07:00:00+00:00,0.0863,0.0868,0.0858,0.0859,1041407.0
2026-06-30 08:00:00+00:00,0.0859,0.0861,0.0852,0.0855,1531916.0
2026-06-30 09:00:00+00:00,0.0854,0.0856,0.0848,0.0851,520109.0
2026-06-30 10:00:00+00:00,0.0851,0.0852,0.0849,0.0851,334171.0
2026-06-30 11:00:00+00:00,0.085,0.0853,0.0839,0.0842,1065543.0
2026-06-30 12:00:00+00:00,0.0842,0.0842,0.083,0.0834,1699277.0
2026-06-30 13:00:00+00:00,0.0835,0.0842,0.0833,0.0839,1684218.0
2026-06-30 14:00:00+00:00,0.0838,0.0845,0.0829,0.0831,1576582.0
2026-06-30 15:00:00+00:00,0.083,0.083,0.0822,0.0824,1653173.0
2026-06-30 16:00:00+00:00,0.0825,0.0829,0.0818,0.0826,2239667.0
2026-06-30 17:00:00+00:00,0.0826,0.0829,0.0821,0.0821,1227831.0
2026-06-30 18:00:00+00:00,0.082,0.0828,0.082,0.0827,906994.0
2026-06-30 19:00:00+00:00,0.0828,0.083,0.0821,0.0821,732453.0
2026-06-30 20:00:00+00:00,0.0821,0.0823,0.0818,0.0818,1282628.0
2026-06-30 21:00:00+00:00,0.0818,0.0835,0.0815,0.0833,3638097.0
2026-06-30 22:00:00+00:00,0.0834,0.0836,0.0823,0.0825,1777633.0
2026-06-30 23:00:00+00:00,0.0825,0.0832,0.0823,0.083,1488970.0
2026-07-01 00:00:00+00:00,0.083,0.083,0.0825,0.0827,1113096.0
2026-07-01 01:00:00+00:00,0.0826,0.0832,0.0813,0.0832,2266286.0
2026-07-01 02:00:00+00:00,0.0832,0.0832,0.0826,0.083,1286138.0
2026-07-01 03:00:00+00:00,0.0831,0.0844,0.0827,0.0836,2566690.0
2026-07-01 04:00:00+00:00,0.0837,0.0838,0.0832,0.0838,622081.0
2026-07-01 05:00:00+00:00,0.0838,0.0838,0.083,0.0833,1303600.0
2026-07-01 06:00:00+00:00,0.0833,0.0834,0.0824,0.0827,356812.0
2026-07-01 07:00:00+00:00,0.0828,0.083,0.0824,0.083,320983.0
2026-07-01 08:00:00+00:00,0.0829,0.0835,0.0827,0.0834,207060.0
2026-07-01 09:00:00+00:00,0.0834,0.0848,0.0832,0.0841,2428272.0
2026-07-01 10:00:00+00:00,0.084,0.0841,0.0833,0.0836,332523.0
2026-07-01 11:00:00+00:00,0.0835,0.0838,0.0832,0.0832,269723.0
2026-07-01 12:00:00+00:00,0.0833,0.0835,0.0827,0.0834,467659.0
2026-07-01 13:00:00+00:00,0.0834,0.0843,0.0825,0.0842,2934649.0
2026-07-01 14:00:00+00:00,0.0842,0.0856,0.0841,0.0853,896070.0
2026-07-01 15:00:00+00:00,0.0853,0.0859,0.085,0.0851,1108178.0
2026-07-01 16:00:00+00:00,0.0851,0.0854,0.0845,0.0845,430979.0
2026-07-01 17:00:00+00:00,0.0846,0.0859,0.0844,0.0858,1195422.0
2026-07-01 18:00:00+00:00,0.0857,0.0871,0.0853,0.0855,1911462.0
2026-07-01 19:00:00+00:00,0.0856,0.0863,0.0854,0.0857,718063.0
2026-07-01 20:00:00+00:00,0.0858,0.0873,0.0853,0.0857,2337973.0
2026-07-01 21:00:00+00:00,0.0856,0.0871,0.0855,0.087,835929.0
2026-07-01 22:00:00+00:00,0.087,0.0871,0.0857,0.086,1378038.0
2026-07-01 23:00:00+00:00,0.086,0.086,0.0843,0.0843,908139.0
2026-07-02 00:00:00+00:00,0.0844,0.0849,0.0842,0.0848,603110.0
2026-07-02 01:00:00+00:00,0.0848,0.0854,0.0847,0.0853,482562.0
2026-07-02 02:00:00+00:00,0.0854,0.0856,0.0851,0.0856,592404.0
2026-07-02 03:00:00+00:00,0.0856,0.0862,0.0851,0.0861,989356.0
2026-07-02 04:00:00+00:00,0.0861,0.0861,0.0856,0.0859,195005.0
2026-07-02 05:00:00+00:00,0.0858,0.086,0.0854,0.0857,650278.0
2026-07-02 06:00:00+00:00,0.0856,0.0857,0.0846,0.0851,1711056.0
2026-07-02 07:00:00+00:00,0.0851,0.0862,0.0849,0.0856,1586988.0
2026-07-02 08:00:00+00:00,0.0857,0.0859,0.0853,0.0857,1198496.0
2026-07-02 09:00:00+00:00,0.0857,0.0865,0.0853,0.0862,2615787.0
2026-07-02 10:00:00+00:00,0.0862,0.0865,0.0859,0.0864,757003.0
2026-07-02 11:00:00+00:00,0.0863,0.0875,0.0862,0.0867,1929534.0
2026-07-02 12:00:00+00:00,0.0867,0.0874,0.0864,0.0866,1701025.0
2026-07-02 13:00:00+00:00,0.0866,0.0879,0.0864,0.0875,1467114.0
2026-07-02 14:00:00+00:00,0.0875,0.0877,0.0863,0.0865,1436213.0
2026-07-02 15:00:00+00:00,0.0865,0.0865,0.086,0.0861,963821.0
2026-07-02 16:00:00+00:00,0.0861,0.0878,0.0858,0.0865,2106495.0
2026-07-02 17:00:00+00:00,0.0866,0.0871,0.0864,0.0867,739097.0
2026-07-02 18:00:00+00:00,0.0867,0.0869,0.0865,0.0866,265782.0
2026-07-02 19:00:00+00:00,0.0865,0.0866,0.0856,0.0856,683460.0
2026-07-02 20:00:00+00:00,0.0857,0.0859,0.0854,0.0859,622031.0
2026-07-02 21:00:00+00:00,0.0859,0.0864,0.0857,0.0863,732725.0
2026-07-02 22:00:00+00:00,0.0862,0.0864,0.086,0.0863,266409.0
2026-07-02 23:00:00+00:00,0.0862,0.0867,0.086,0.0867,377340.0
2026-07-03 00:00:00+00:00,0.0867,0.0882,0.0864,0.0873,2409356.0
2026-07-03 01:00:00+00:00,0.0873,0.0888,0.0872,0.0885,955072.0
2026-07-03 02:00:00+00:00,0.0885,0.0885,0.0862,0.0875,3119735.0
2026-07-03 03:00:00+00:00,0.0875,0.0875,0.0867,0.0871,310626.0
2026-07-03 04:00:00+00:00,0.0871,0.0871,0.0866,0.0869,237827.0
2026-07-03 05:00:00+00:00,0.0868,0.0873,0.0868,0.0871,282046.0
2026-07-03 06:00:00+00:00,0.0871,0.0879,0.087,0.0876,646562.0
2026-07-03 07:00:00+00:00,0.0875,0.088,0.0874,0.0879,921024.0
2026-07-03 08:00:00+00:00,0.0879,0.0883,0.0876,0.0878,473572.0
2026-07-03 09:00:00+00:00,0.0878,0.0883,0.0875,0.0876,500785.0
2026-07-03 10:00:00+00:00,0.0877,0.0882,0.0876,0.0881,968376.0
2026-07-03 11:00:00+00:00,0.0881,0.0886,0.0877,0.0881,948167.0
2026-07-03 12:00:00+00:00,0.0882,0.0889,0.0879,0.0882,1618400.0
2026-07-03 13:00:00+00:00,0.0883,0.0888,0.0882,0.0887,436698.0
2026-07-03 14:00:00+00:00,0.0886,0.0886,0.0878,0.0884,579414.0
2026-07-03 15:00:00+00:00,0.0883,0.0887,0.0882,0.0884,792208.0
2026-07-03 16:00:00+00:00,0.0884,0.0896,0.0883,0.0892,2312867.0
2026-07-03 17:00:00+00:00,0.0892,0.0896,0.089,0.0893,626306.0
2026-07-03 18:00:00+00:00,0.0892,0.0895,0.0888,0.0893,460317.0
2026-07-03 19:00:00+00:00,0.0892,0.0907,0.0891,0.0901,1689506.0
2026-07-03 20:00:00+00:00,0.0902,0.0907,0.0899,0.0903,1204751.0
2026-07-03 21:00:00+00:00,0.0904,0.0906,0.0896,0.0901,907665.0
2026-07-03 22:00:00+00:00,0.09,0.0901,0.0893,0.0897,518128.0
2026-07-03 23:00:00+00:00,0.0896,0.0896,0.0891,0.0894,337433.0
2026-07-04 00:00:00+00:00,0.0894,0.0899,0.0892,0.0898,1065268.0
2026-07-04 01:00:00+00:00,0.0898,0.09,0.0894,0.0899,984100.0
2026-07-04 02:00:00+00:00,0.0899,0.0925,0.0898,0.0899,3485857.0
2026-07-04 03:00:00+00:00,0.0899,0.0902,0.0896,0.0897,514239.0
2026-07-04 04:00:00+00:00,0.0897,0.0899,0.0894,0.0896,519514.0
2026-07-04 05:00:00+00:00,0.0896,0.0896,0.0891,0.0891,509483.0
2026-07-04 06:00:00+00:00,0.089,0.0892,0.0886,0.0892,895649.0
2026-07-04 07:00:00+00:00,0.0891,0.0891,0.0885,0.0886,336827.0
2026-07-04 08:00:00+00:00,0.0886,0.0894,0.0885,0.0893,722861.0
2026-07-04 09:00:00+00:00,0.0893,0.0893,0.0887,0.0887,638290.0
2026-07-04 10:00:00+00:00,0.0887,0.0895,0.0886,0.0893,464287.0
2026-07-04 11:00:00+00:00,0.0894,0.0895,0.0889,0.0894,1115687.0
2026-07-04 12:00:00+00:00,0.0893,0.0899,0.0893,0.0897,570328.0
2026-07-04 13:00:00+00:00,0.0897,0.0898,0.0892,0.0893,403609.0
2026-07-04 14:00:00+00:00,0.0893,0.09,0.0893,0.0899,514110.0
2026-07-04 15:00:00+00:00,0.0899,0.0917,0.0899,0.0909,1231845.0
2026-07-04 16:00:00+00:00,0.0909,0.0912,0.0905,0.0909,726254.0
2026-07-04 17:00:00+00:00,0.0909,0.0925,0.0908,0.092,3461327.0
2026-07-04 18:00:00+00:00,0.092,0.092,0.0909,0.0914,713278.0
2026-07-04 19:00:00+00:00,0.0914,0.0915,0.0907,0.0911,308312.0
2026-07-04 20:00:00+00:00,0.0911,0.0914,0.0906,0.0914,314233.0
2026-07-04 21:00:00+00:00,0.0914,0.0916,0.0912,0.0914,234688.0
2026-07-04 22:00:00+00:00,0.0913,0.0913,0.0904,0.0908,773868.0
2026-07-04 23:00:00+00:00,0.0908,0.0908,0.09,0.0907,430396.0
2026-07-05 00:00:00+00:00,0.0907,0.0908,0.09,0.0905,781033.0
2026-07-05 01:00:00+00:00,0.0905,0.0926,0.0895,0.09,3399872.0
2026-07-05 02:00:00+00:00,0.09,0.09,0.0891,0.0898,1385748.0
2026-07-05 03:00:00+00:00,0.0898,0.0903,0.0898,0.0903,378772.0
2026-07-05 04:00:00+00:00,0.0902,0.0904,0.0893,0.0893,1999988.0
2026-07-05 05:00:00+00:00,0.0893,0.0895,0.089,0.0894,387847.0
2026-07-05 06:00:00+00:00,0.0893,0.0896,0.0889,0.0895,313509.0
2026-07-05 07:00:00+00:00,0.0895,0.0899,0.0893,0.0899,240377.0
2026-07-05 08:00:00+00:00,0.0899,0.0902,0.0897,0.09,426465.0
2026-07-05 09:00:00+00:00,0.0899,0.0904,0.0893,0.0895,537756.0
2026-07-05 10:00:00+00:00,0.0894,0.0899,0.0892,0.0895,271713.0
2026-07-05 11:00:00+00:00,0.0895,0.0897,0.0893,0.0895,251572.0
2026-07-05 12:00:00+00:00,0.0894,0.09,0.0892,0.0898,294643.0
2026-07-05 13:00:00+00:00,0.0899,0.0902,0.0897,0.0899,137720.0
2026-07-05 14:00:00+00:00,0.0899,0.0903,0.0897,0.0902,220644.0
2026-07-05 15:00:00+00:00,0.0901,0.0906,0.0898,0.09,176446.0
2026-07-05 16:00:00+00:00,0.0899,0.0901,0.0897,0.0899,232976.0
2026-07-05 17:00:00+00:00,0.0899,0.0917,0.0898,0.0916,1379820.0
2026-07-05 18:00:00+00:00,0.0916,0.0916,0.0908,0.0908,359584.0
2026-07-05 19:00:00+00:00,0.0908,0.0913,0.0907,0.0908,412447.0
2026-07-05 20:00:00+00:00,0.0909,0.0909,0.0903,0.0905,200273.0
2026-07-05 21:00:00+00:00,0.0904,0.0911,0.0901,0.0908,435357.0
2026-07-05 22:00:00+00:00,0.0907,0.0916,0.0906,0.0911,878194.0
2026-07-05 23:00:00+00:00,0.0912,0.0914,0.0908,0.091,416834.0
2026-07-06 00:00:00+00:00,0.0911,0.0911,0.0902,0.0907,535723.0
2026-07-06 01:00:00+00:00,0.0907,0.091,0.0903,0.0904,262312.0
2026-07-06 02:00:00+00:00,0.0904,0.0906,0.09,0.0901,255076.0
2026-07-06 03:00:00+00:00,0.0901,0.0901,0.0894,0.0896,424974.0
2026-07-06 04:00:00+00:00,0.0896,0.0897,0.0875,0.0885,1582170.0
2026-07-06 05:00:00+00:00,0.0886,0.0888,0.088,0.0881,604483.0
2026-07-06 06:00:00+00:00,0.088,0.0881,0.0878,0.0878,424344.0
2026-07-06 07:00:00+00:00,0.0878,0.0884,0.0876,0.0883,264187.0
2026-07-06 08:00:00+00:00,0.0883,0.0885,0.0872,0.0881,2413829.0
2026-07-06 09:00:00+00:00,0.0882,0.0883,0.0878,0.0881,392186.0
2026-07-06 10:00:00+00:00,0.0881,0.0884,0.0881,0.0884,610954.0
2026-07-06 11:00:00+00:00,0.0883,0.0885,0.0877,0.0877,358162.0
2026-07-06 12:00:00+00:00,0.0876,0.0876,0.0863,0.0869,1072500.0
2026-07-06 13:00:00+00:00,0.0869,0.0877,0.0865,0.0873,802007.0
2026-07-06 14:00:00+00:00,0.0873,0.0876,0.0869,0.0869,715455.0
2026-07-06 15:00:00+00:00,0.0869,0.0886,0.0869,0.0884,872542.0
2026-07-06 16:00:00+00:00,0.0883,0.0893,0.0883,0.0891,1014249.0
2026-07-06 17:00:00+00:00,0.0891,0.0892,0.0887,0.089,235335.0
2026-07-06 18:00:00+00:00,0.0889,0.0892,0.0888,0.0889,204269.0
2026-07-06 19:00:00+00:00,0.089,0.0891,0.0887,0.0888,296753.0
2026-07-06 20:00:00+00:00,0.0888,0.0888,0.0885,0.0886,231504.0
2026-07-06 21:00:00+00:00,0.0886,0.0901,0.0886,0.0896,1726178.0
2026-07-06 22:00:00+00:00,0.0896,0.0897,0.0888,0.0888,411852.0
2026-07-06 23:00:00+00:00,0.0889,0.089,0.0884,0.0885,241236.0
2026-07-07 00:00:00+00:00,0.0885,0.0886,0.0879,0.0883,831321.0
2026-07-07 01:00:00+00:00,0.0883,0.0883,0.0874,0.0876,404113.0
2026-07-07 02:00:00+00:00,0.0875,0.0876,0.0866,0.0866,507627.0
2026-07-07 03:00:00+00:00,0.0866,0.0867,0.0862,0.0862,825502.0
2026-07-07 04:00:00+00:00,0.0862,0.0863,0.0859,0.0862,378637.0
2026-07-07 05:00:00+00:00,0.0862,0.0865,0.0857,0.0864,507049.0
2026-07-07 06:00:00+00:00,0.0863,0.087,0.0862,0.0869,869513.0
2026-07-07 07:00:00+00:00,0.0868,0.087,0.0866,0.0866,329393.0
2026-07-07 08:00:00+00:00,0.0867,0.087,0.0864,0.0865,1244961.0
2026-07-07 09:00:00+00:00,0.0866,0.0871,0.0864,0.087,465182.0
2026-07-07 10:00:00+00:00,0.087,0.0874,0.0867,0.0868,589510.0
2026-07-07 11:00:00+00:00,0.0869,0.0875,0.0868,0.0875,575365.0
2026-07-07 12:00:00+00:00,0.0875,0.0878,0.087,0.0871,438442.0
2026-07-07 13:00:00+00:00,0.0871,0.0871,0.0863,0.0865,767287.0
2026-07-07 14:00:00+00:00,0.0864,0.0872,0.0859,0.0872,1553408.0
2026-07-07 15:00:00+00:00,0.0872,0.0873,0.0866,0.0871,837164.0
2026-07-07 16:00:00+00:00,0.0871,0.0875,0.0866,0.0871,1012094.0
2026-07-07 17:00:00+00:00,0.087,0.0874,0.0868,0.0872,407930.0
2026-07-07 18:00:00+00:00,0.0872,0.0872,0.0865,0.0865,433713.0
2026-07-07 19:00:00+00:00,0.0866,0.0868,0.086,0.0866,683309.0
2026-07-07 20:00:00+00:00,0.0867,0.0869,0.0862,0.0862,347506.0
2026-07-07 21:00:00+00:00,0.0863,0.0864,0.0859,0.086,596121.0
2026-07-07 22:00:00+00:00,0.0861,0.0864,0.0856,0.0863,615964.0
2026-07-07 23:00:00+00:00,0.0863,0.0864,0.086,0.0861,191025.0
2026-07-08 00:00:00+00:00,0.0862,0.0873,0.086,0.0869,1138199.0
2026-07-08 01:00:00+00:00,0.0869,0.087,0.0855,0.0858,784241.0
2026-07-08 02:00:00+00:00,0.0857,0.0857,0.0846,0.0855,790788.0
2026-07-08 03:00:00+00:00,0.0855,0.0856,0.0852,0.0852,278411.0
2026-07-08 04:00:00+00:00,0.0852,0.0856,0.0851,0.0855,644397.0
2026-07-08 05:00:00+00:00,0.0855,0.0857,0.0853,0.0857,571274.0
2026-07-08 06:00:00+00:00,0.0856,0.0856,0.0849,0.0851,482453.0
2026-07-08 07:00:00+00:00,0.0852,0.0859,0.0849,0.085,2235754.0
2026-07-08 08:00:00+00:00,0.085,0.0852,0.0837,0.0842,3154645.0
2026-07-08 09:00:00+00:00,0.0842,0.0843,0.0838,0.084,1665417.0
2026-07-08 10:00:00+00:00,0.084,0.0844,0.0833,0.0843,956853.0
2026-07-08 11:00:00+00:00,0.0844,0.0851,0.0843,0.0848,561957.0
2026-07-08 12:00:00+00:00,0.0847,0.0849,0.0843,0.0843,671347.0
2026-07-08 13:00:00+00:00,0.0843,0.0849,0.0841,0.0847,817972.0
2026-07-08 14:00:00+00:00,0.0847,0.0849,0.0841,0.0844,916219.0
2026-07-08 15:00:00+00:00,0.0845,0.085,0.0838,0.0844,4380134.0
2026-07-08 16:00:00+00:00,0.0844,0.0846,0.0841,0.0846,829893.0
2026-07-08 17:00:00+00:00,0.0846,0.0849,0.0844,0.0845,246332.0
2026-07-08 18:00:00+00:00,0.0846,0.0847,0.0843,0.0845,817109.0
2026-07-08 19:00:00+00:00,0.0845,0.0851,0.0844,0.0849,895384.0
2026-07-08 20:00:00+00:00,0.0849,0.0852,0.0845,0.0845,351838.0
2026-07-08 21:00:00+00:00,0.0845,0.0846,0.0842,0.0846,162362.0
2026-07-08 22:00:00+00:00,0.0845,0.085,0.0845,0.0847,283987.0
2026-07-08 23:00:00+00:00,0.0848,0.0848,0.0845,0.0848,295880.0
2026-07-09 00:00:00+00:00,0.0848,0.0857,0.0845,0.0845,1869904.0
2026-07-09 01:00:00+00:00,0.0846,0.0858,0.0844,0.0853,3168258.0
2026-07-09 02:00:00+00:00,0.0853,0.086,0.0852,0.0852,269028.0
2026-07-09 03:00:00+00:00,0.0853,0.0855,0.085,0.0852,290318.0
2026-07-09 04:00:00+00:00,0.0852,0.0863,0.0849,0.0857,3046593.0
2026-07-09 05:00:00+00:00,0.0857,0.0861,0.0854,0.0859,457278.0
2026-07-09 06:00:00+00:00,0.086,0.0862,0.0859,0.086,201623.0
2026-07-09 07:00:00+00:00,0.086,0.0862,0.0855,0.0856,287011.0
2026-07-09 08:00:00+00:00,0.0857,0.0857,0.0854,0.0855,156015.0
2026-07-09 09:00:00+00:00,0.0855,0.0856,0.0851,0.0852,229465.0
2026-07-09 10:00:00+00:00,0.0853,0.0853,0.0848,0.0849,207623.0
2026-07-09 11:00:00+00:00,0.085,0.0852,0.0847,0.0851,566511.0
2026-07-09 12:00:00+00:00,0.085,0.0852,0.0848,0.0851,533824.0
2026-07-09 13:00:00+00:00,0.0851,0.0861,0.085,0.086,1428135.0
2026-07-09 14:00:00+00:00,0.086,0.0863,0.0857,0.0859,247958.0
2026-07-09 15:00:00+00:00,0.086,0.0862,0.0849,0.0855,1156363.0
2026-07-09 16:00:00+00:00,0.0854,0.0856,0.0848,0.085,445530.0
2026-07-09 17:00:00+00:00,0.085,0.086,0.0849,0.086,679908.0
2026-07-09 18:00:00+00:00,0.086,0.0863,0.0856,0.0858,889651.0
2026-07-09 19:00:00+00:00,0.0857,0.0858,0.0853,0.0854,1293006.0
2026-07-09 20:00:00+00:00,0.0854,0.0856,0.085,0.0851,1115099.0
2026-07-09 21:00:00+00:00,0.0852,0.0856,0.0849,0.0851,1068978.0
2026-07-09 22:00:00+00:00,0.0851,0.0852,0.0848,0.085,1208308.0
2026-07-09 23:00:00+00:00,0.0849,0.085,0.0844,0.0848,1412341.0
2026-07-10 00:00:00+00:00,0.0847,0.0848,0.0836,0.0839,2157138.0
2026-07-10 01:00:00+00:00,0.0839,0.0853,0.0837,0.085,2770705.0
2026-07-10 02:00:00+00:00,0.0851,0.0854,0.0848,0.0852,1762763.0
2026-07-10 03:00:00+00:00,0.0852,0.0852,0.0845,0.0848,1277836.0
2026-07-10 04:00:00+00:00,0.0848,0.0854,0.0847,0.0854,690555.0
2026-07-10 05:00:00+00:00,0.0853,0.0858,0.0851,0.0855,537933.0
2026-07-10 06:00:00+00:00,0.0856,0.0856,0.0853,0.0854,238467.0
2026-07-10 07:00:00+00:00,0.0854,0.0858,0.0851,0.0858,295668.0
2026-07-10 08:00:00+00:00,0.0857,0.0865,0.0857,0.0864,559397.0
2026-07-10 09:00:00+00:00,0.0864,0.087,0.0862,0.0865,477048.0
2026-07-10 10:00:00+00:00,0.0865,0.0869,0.0865,0.0868,400469.0
2026-07-10 11:00:00+00:00,0.0868,0.0872,0.0865,0.0872,698313.0
2026-07-10 12:00:00+00:00,0.0873,0.0876,0.0862,0.0863,1120143.0
2026-07-10 13:00:00+00:00,0.0863,0.0869,0.0853,0.0868,4339869.0
2026-07-10 14:00:00+00:00,0.0867,0.0868,0.0853,0.0857,1601411.0
2026-07-10 15:00:00+00:00,0.0857,0.086,0.0856,0.086,483109.0
2026-07-10 16:00:00+00:00,0.0859,0.0861,0.0857,0.0859,421483.0
2026-07-10 17:00:00+00:00,0.0859,0.0861,0.0855,0.0855,567348.0
2026-07-10 18:00:00+00:00,0.0855,0.0858,0.0852,0.0853,673211.0
2026-07-10 19:00:00+00:00,0.0853,0.0861,0.0853,0.0861,538255.0
2026-07-10 20:00:00+00:00,0.086,0.0863,0.0857,0.0858,690772.0
2026-07-10 21:00:00+00:00,0.0858,0.0862,0.0858,0.0859,370137.0
2026-07-10 22:00:00+00:00,0.0859,0.0864,0.0859,0.0861,1111784.0
2026-07-10 23:00:00+00:00,0.086,0.0861,0.0855,0.0856,802087.0
2026-07-11 00:00:00+00:00,0.0856,0.0861,0.0854,0.086,610537.0
2026-07-11 01:00:00+00:00,0.086,0.0863,0.0857,0.086,615657.0
2026-07-11 02:00:00+00:00,0.086,0.0867,0.086,0.0863,586367.0
2026-07-11 03:00:00+00:00,0.0864,0.0864,0.0859,0.086,360043.0
2026-07-11 04:00:00+00:00,0.086,0.0862,0.0859,0.086,164109.0
2026-07-11 05:00:00+00:00,0.086,0.0866,0.086,0.0862,465902.0
2026-07-11 06:00:00+00:00,0.0862,0.0866,0.086,0.0863,1217906.0
2026-07-11 07:00:00+00:00,0.0863,0.0863,0.0859,0.086,408722.0
2026-07-11 08:00:00+00:00,0.086,0.0861,0.0857,0.086,473567.0
2026-07-11 09:00:00+00:00,0.0861,0.0862,0.0858,0.0859,248824.0
2026-07-11 10:00:00+00:00,0.086,0.0861,0.0857,0.0858,207497.0
2026-07-11 11:00:00+00:00,0.0858,0.0867,0.0858,0.0865,256063.0
2026-07-11 12:00:00+00:00,0.0866,0.0866,0.0864,0.0865,587255.0
2026-07-11 13:00:00+00:00,0.0865,0.087,0.0865,0.0866,435644.0
2026-07-11 14:00:00+00:00,0.0865,0.0871,0.0865,0.0871,522187.0
2026-07-11 15:00:00+00:00,0.0871,0.0874,0.0865,0.0869,694571.0
2026-07-11 16:00:00+00:00,0.0868,0.0871,0.0866,0.087,260596.0
2026-07-11 17:00:00+00:00,0.087,0.0874,0.0869,0.087,138268.0
2026-07-11 18:00:00+00:00,0.0871,0.0872,0.0868,0.0869,696002.0
2026-07-11 19:00:00+00:00,0.0868,0.0869,0.0859,0.0863,1148752.0
2026-07-11 20:00:00+00:00,0.0863,0.0868,0.0862,0.0867,265147.0
2026-07-11 21:00:00+00:00,0.0867,0.0868,0.0855,0.0857,2022579.0
2026-07-11 22:00:00+00:00,0.0858,0.086,0.0853,0.0855,633049.0
2026-07-11 23:00:00+00:00,0.0853,0.0855,0.0841,0.0843,1135153.0
2026-07-12 00:00:00+00:00,0.0843,0.0846,0.0839,0.0841,741200.0
2026-07-12 01:00:00+00:00,0.084,0.0847,0.0839,0.0845,509682.0
2026-07-12 02:00:00+00:00,0.0845,0.0845,0.0841,0.0843,217293.0
2026-07-12 03:00:00+00:00,0.0842,0.0846,0.084,0.0843,244568.0
2026-07-12 04:00:00+00:00,0.0844,0.0845,0.0839,0.084,622823.0
2026-07-12 05:00:00+00:00,0.0841,0.0844,0.0837,0.0844,523806.0
2026-07-12 06:00:00+00:00,0.0843,0.0843,0.0835,0.0837,391466.0
2026-07-12 07:00:00+00:00,0.0837,0.0841,0.0837,0.0838,374557.0
2026-07-12 08:00:00+00:00,0.0838,0.0842,0.0837,0.084,209348.0
2026-07-12 09:00:00+00:00,0.0841,0.0844,0.0839,0.0842,763155.0
2026-07-12 10:00:00+00:00,0.0842,0.0842,0.0837,0.084,900667.0
2026-07-12 11:00:00+00:00,0.084,0.0841,0.0838,0.0841,916387.0
2026-07-12 12:00:00+00:00,0.0841,0.0844,0.084,0.0843,537030.0
2026-07-12 13:00:00+00:00,0.0843,0.0845,0.0838,0.0838,176755.0
2026-07-12 14:00:00+00:00,0.0839,0.0843,0.0837,0.0841,387280.0
2026-07-12 15:00:00+00:00,0.0841,0.0843,0.0839,0.084,276724.0
2026-07-12 16:00:00+00:00,0.0839,0.0841,0.0837,0.084,439062.0
2026-07-12 17:00:00+00:00,0.084,0.0842,0.0837,0.0838,239450.0
2026-07-12 18:00:00+00:00,0.0839,0.0841,0.0838,0.0841,118085.0
2026-07-12 19:00:00+00:00,0.0841,0.0843,0.084,0.0842,212237.0
2026-07-12 20:00:00+00:00,0.0842,0.0844,0.0841,0.0843,316954.0
2026-07-12 21:00:00+00:00,0.0844,0.0844,0.084,0.084,203126.0
2026-07-12 22:00:00+00:00,0.084,0.084,0.0829,0.0834,1449650.0
2026-07-12 23:00:00+00:00,0.0832,0.0837,0.0831,0.0837,453451.0
2026-07-13 00:00:00+00:00,0.0836,0.0848,0.0834,0.0838,1117315.0
2026-07-13 01:00:00+00:00,0.0838,0.084,0.0831,0.0831,428778.0
2026-07-13 02:00:00+00:00,0.0831,0.0833,0.0825,0.0828,1918800.0
2026-07-13 03:00:00+00:00,0.0827,0.0827,0.0818,0.0825,1457868.0
2026-07-13 04:00:00+00:00,0.0825,0.0826,0.0822,0.0822,310327.0
2026-07-13 05:00:00+00:00,0.0822,0.0828,0.082,0.0827,576073.0
2026-07-13 06:00:00+00:00,0.0828,0.0829,0.0826,0.0827,352075.0
2026-07-13 07:00:00+00:00,0.0828,0.0831,0.0827,0.0829,354811.0
2026-07-13 08:00:00+00:00,0.0829,0.0832,0.0828,0.0831,491945.0
2026-07-13 09:00:00+00:00,0.0831,0.0832,0.083,0.0831,165786.0
2026-07-13 10:00:00+00:00,0.083,0.0831,0.0829,0.0831,1147353.0
2026-07-13 11:00:00+00:00,0.0831,0.0833,0.083,0.0831,275741.0
2026-07-13 12:00:00+00:00,0.0831,0.0832,0.0828,0.083,566098.0
2026-07-13 13:00:00+00:00,0.0831,0.0833,0.0827,0.083,449385.0
2026-07-13 14:00:00+00:00,0.0831,0.0845,0.0827,0.0844,2000580.0
2026-07-13 15:00:00+00:00,0.0844,0.0845,0.0834,0.0835,654113.0
2026-07-13 16:00:00+00:00,0.0836,0.0841,0.0833,0.0841,616701.0
2026-07-13 17:00:00+00:00,0.084,0.0843,0.0828,0.0828,757683.0
2026-07-13 18:00:00+00:00,0.0828,0.0834,0.0827,0.0833,949450.0
2026-07-13 19:00:00+00:00,0.0833,0.0836,0.0832,0.0835,514584.0
2026-07-13 20:00:00+00:00,0.0835,0.0836,0.083,0.0831,277674.0
2026-07-13 21:00:00+00:00,0.0831,0.0832,0.0827,0.083,162812.0
2026-07-13 22:00:00+00:00,0.0831,0.0836,0.083,0.083,210430.0
2026-07-13 23:00:00+00:00,0.0831,0.0837,0.083,0.0837,432104.0
2026-07-14 00:00:00+00:00,0.0837,0.0839,0.0834,0.0838,573950.0
2026-07-14 01:00:00+00:00,0.0838,0.0843,0.0835,0.0835,1598173.0
2026-07-14 02:00:00+00:00,0.0835,0.0837,0.0832,0.0835,546548.0
2026-07-14 03:00:00+00:00,0.0835,0.0837,0.083,0.0836,307002.0
2026-07-14 04:00:00+00:00,0.0837,0.0838,0.0836,0.0838,202204.0
2026-07-14 05:00:00+00:00,0.0837,0.0841,0.0836,0.0838,307747.0
2026-07-14 06:00:00+00:00,0.0838,0.0841,0.0836,0.084,343181.0
2026-07-14 07:00:00+00:00,0.084,0.0841,0.0837,0.084,360298.0
2026-07-14 08:00:00+00:00,0.084,0.084,0.0838,0.0838,224527.0
2026-07-14 09:00:00+00:00,0.0838,0.084,0.0837,0.084,454282.0
2026-07-14 10:00:00+00:00,0.0839,0.0845,0.0839,0.0843,736752.0
2026-07-14 11:00:00+00:00,0.0844,0.0844,0.0841,0.0842,143314.0
2026-07-14 12:00:00+00:00,0.0843,0.0852,0.0838,0.0852,1549408.0
2026-07-14 13:00:00+00:00,0.0851,0.0861,0.0848,0.0852,1051864.0
2026-07-14 14:00:00+00:00,0.0851,0.0853,0.0847,0.0851,1142601.0
2026-07-14 15:00:00+00:00,0.085,0.0855,0.0847,0.0849,931069.0
2026-07-14 16:00:00+00:00,0.0849,0.0854,0.0849,0.0849,900551.0
2026-07-14 17:00:00+00:00,0.0849,0.0851,0.0845,0.085,659774.0
2026-07-14 18:00:00+00:00,0.0851,0.0851,0.0845,0.0846,268525.0
2026-07-14 19:00:00+00:00,0.0846,0.085,0.0845,0.0845,550249.0
2026-07-14 20:00:00+00:00,0.0845,0.0846,0.0843,0.0846,73109.0
2026-07-14 21:00:00+00:00,0.0846,0.0847,0.0844,0.0844,272115.0
2026-07-14 22:00:00+00:00,0.0844,0.0848,0.0842,0.0843,807616.0
2026-07-14 23:00:00+00:00,0.0844,0.0849,0.0843,0.0848,251657.0
2026-07-15 00:00:00+00:00,0.0849,0.0854,0.0847,0.0848,517165.0
2026-07-15 01:00:00+00:00,0.0849,0.0849,0.0843,0.0844,177915.0
2026-07-15 02:00:00+00:00,0.0844,0.0845,0.0843,0.0844,69234.0
2026-07-15 03:00:00+00:00,0.0844,0.0848,0.0843,0.0847,173934.0
2026-07-15 04:00:00+00:00,0.0847,0.085,0.0846,0.0849,206334.0
2026-07-15 05:00:00+00:00,0.0849,0.0852,0.0847,0.0852,391287.0
2026-07-15 06:00:00+00:00,0.0852,0.0853,0.0849,0.0851,288400.0
2026-07-15 07:00:00+00:00,0.0851,0.0854,0.0847,0.0847,562803.0
2026-07-15 08:00:00+00:00,0.0848,0.0849,0.0841,0.0847,491625.0
2026-07-15 09:00:00+00:00,0.0847,0.0851,0.0846,0.0847,260626.0
2026-07-15 10:00:00+00:00,0.0846,0.085,0.0846,0.0849,478480.0
2026-07-15 11:00:00+00:00,0.0848,0.0854,0.0848,0.0854,292406.0
2026-07-15 12:00:00+00:00,0.0854,0.086,0.0848,0.0858,1836641.0
2026-07-15 13:00:00+00:00,0.0857,0.0861,0.0853,0.0854,741639.0
2026-07-15 14:00:00+00:00,0.0855,0.0857,0.0852,0.0854,359822.0
2026-07-15 15:00:00+00:00,0.0854,0.0858,0.0852,0.0856,369783.0
2026-07-15 16:00:00+00:00,0.0857,0.0857,0.0845,0.0849,1100137.0
2026-07-15 17:00:00+00:00,0.0849,0.0851,0.0848,0.0851,377695.0
2026-07-15 18:00:00+00:00,0.085,0.0852,0.0843,0.0843,1169777.0
2026-07-15 19:00:00+00:00,0.0843,0.0846,0.0839,0.0841,869913.0
2026-07-15 20:00:00+00:00,0.0841,0.0845,0.0839,0.0845,475770.0
2026-07-15 21:00:00+00:00,0.0844,0.0846,0.0842,0.0845,486304.0
2026-07-15 22:00:00+00:00,0.0844,0.0851,0.0844,0.0848,1160202.0
2026-07-15 23:00:00+00:00,0.0848,0.0853,0.0848,0.085,496122.0
2026-07-16 00:00:00+00:00,0.0851,0.0855,0.0844,0.0853,1858623.0
2026-07-16 01:00:00+00:00,0.0854,0.0858,0.0851,0.0853,676086.0
2026-07-16 02:00:00+00:00,0.0853,0.0854,0.0845,0.0846,905471.0
2026-07-16 03:00:00+00:00,0.0846,0.0847,0.0843,0.0843,1281710.0
2026-07-16 04:00:00+00:00,0.0843,0.0845,0.0842,0.0844,216644.0
2026-07-16 05:00:00+00:00,0.0845,0.0847,0.0841,0.0843,1217696.0
2026-07-16 06:00:00+00:00,0.0843,0.0846,0.0838,0.0838,552349.0
2026-07-16 07:00:00+00:00,0.0838,0.0839,0.0831,0.0834,946712.0
2026-07-16 08:00:00+00:00,0.0834,0.0836,0.0828,0.083,838868.0
2026-07-16 09:00:00+00:00,0.0831,0.0832,0.083,0.083,373690.0
2026-07-16 10:00:00+00:00,0.0831,0.0834,0.0829,0.0833,667670.0
2026-07-16 11:00:00+00:00,0.0834,0.0835,0.083,0.0833,708965.0
2026-07-16 12:00:00+00:00,0.0833,0.0835,0.083,0.0832,1036919.0
2026-07-16 13:00:00+00:00,0.0833,0.0841,0.0831,0.084,699445.0
2026-07-16 14:00:00+00:00,0.084,0.0849,0.0839,0.0843,1041155.0
2026-07-16 15:00:00+00:00,0.0844,0.0844,0.0835,0.0836,514073.0
2026-07-16 16:00:00+00:00,0.0836,0.0842,0.083,0.0832,2192537.0
2026-07-16 17:00:00+00:00,0.0832,0.0833,0.0826,0.0831,955402.0
2026-07-16 18:00:00+00:00,0.0831,0.0834,0.0831,0.0832,161831.0
2026-07-16 19:00:00+00:00,0.0832,0.0833,0.0829,0.083,306302.0
2026-07-16 20:00:00+00:00,0.0829,0.0832,0.0829,0.083,70131.0
2026-07-16 21:00:00+00:00,0.083,0.0833,0.0829,0.083,568336.0
2026-07-16 22:00:00+00:00,0.083,0.0833,0.0828,0.0828,703594.0
2026-07-16 23:00:00+00:00,0.0828,0.0829,0.0821,0.0824,962892.0
2026-07-17 00:00:00+00:00,0.0824,0.0826,0.0815,0.0826,2175098.0
2026-07-17 01:00:00+00:00,0.0826,0.0829,0.0819,0.082,626755.0
2026-07-17 02:00:00+00:00,0.0819,0.0823,0.0816,0.0822,771599.0
2026-07-17 03:00:00+00:00,0.0823,0.0828,0.0821,0.0827,430184.0
2026-07-17 04:00:00+00:00,0.0827,0.0827,0.0821,0.0824,288209.0
2026-07-17 05:00:00+00:00,0.0824,0.0832,0.0819,0.0823,2519378.0
2026-07-17 06:00:00+00:00,0.0824,0.0827,0.0822,0.0826,324397.0
2026-07-17 07:00:00+00:00,0.0827,0.0831,0.0824,0.0825,1219175.0
2026-07-17 08:00:00+00:00,0.0826,0.0828,0.0818,0.0827,695795.0
2026-07-17 09:00:00+00:00,0.0826,0.0828,0.0822,0.0826,1205089.0
2026-07-17 10:00:00+00:00,0.0827,0.0832,0.0827,0.0828,488622.0
2026-07-17 11:00:00+00:00,0.0829,0.0833,0.0826,0.0833,280667.0
2026-07-17 12:00:00+00:00,0.0833,0.0834,0.0827,0.0828,522532.0
2026-07-17 13:00:00+00:00,0.0828,0.0828,0.0813,0.0824,1282922.0
2026-07-17 14:00:00+00:00,0.0825,0.0828,0.0821,0.0822,768114.0
2026-07-17 15:00:00+00:00,0.0822,0.0828,0.0818,0.0827,969895.0
2026-07-17 16:00:00+00:00,0.0827,0.0833,0.0825,0.0831,403803.0
2026-07-17 17:00:00+00:00,0.0831,0.0835,0.0829,0.0829,417589.0
2026-07-17 18:00:00+00:00,0.0828,0.083,0.0827,0.083,290497.0
2026-07-17 19:00:00+00:00,0.083,0.083,0.0824,0.0826,764584.0
2026-07-17 20:00:00+00:00,0.0826,0.0833,0.0824,0.0829,658509.0
2026-07-17 21:00:00+00:00,0.0828,0.083,0.0826,0.0826,177367.0
2026-07-17 22:00:00+00:00,0.0827,0.0828,0.0825,0.0828,152609.0
2026-07-17 23:00:00+00:00,0.0827,0.0829,0.0821,0.0828,1241335.0
2026-07-18 00:00:00+00:00,0.0828,0.0838,0.0828,0.0835,2058248.0
2026-07-18 01:00:00+00:00,0.0835,0.0835,0.0832,0.0832,296491.0
2026-07-18 02:00:00+00:00,0.0833,0.0833,0.0829,0.0831,92023.0
2026-07-18 03:00:00+00:00,0.083,0.0831,0.0827,0.0827,167708.0
2026-07-18 04:00:00+00:00,0.0828,0.0828,0.0825,0.0827,274332.0
2026-07-18 05:00:00+00:00,0.0827,0.0827,0.0822,0.0823,497959.0
2026-07-18 06:00:00+00:00,0.0823,0.0825,0.0822,0.0823,200209.0
2026-07-18 07:00:00+00:00,0.0824,0.0829,0.0822,0.0822,758992.0
2026-07-18 08:00:00+00:00,0.0822,0.0823,0.0822,0.0822,454879.0
2026-07-18 09:00:00+00:00,0.0823,0.0823,0.0821,0.0823,374473.0
2026-07-18 10:00:00+00:00,0.0824,0.0828,0.0823,0.0824,245904.0
2026-07-18 11:00:00+00:00,0.0824,0.0824,0.0822,0.0822,54523.0
2026-07-18 12:00:00+00:00,0.0822,0.0823,0.0819,0.082,710586.0
2026-07-18 13:00:00+00:00,0.082,0.0822,0.0819,0.0819,550427.0
2026-07-18 14:00:00+00:00,0.082,0.0822,0.0817,0.082,567797.0
2026-07-18 15:00:00+00:00,0.082,0.0821,0.0819,0.0821,297656.0
2026-07-18 16:00:00+00:00,0.082,0.0822,0.082,0.0821,475800.0
2026-07-18 17:00:00+00:00,0.0822,0.0828,0.0821,0.0825,630807.0
2026-07-18 18:00:00+00:00,0.0824,0.0827,0.0823,0.0823,244134.0
2026-07-18 19:00:00+00:00,0.0824,0.0829,0.0824,0.0828,658367.0
2026-07-18 20:00:00+00:00,0.0828,0.0832,0.0824,0.0827,1171214.0
2026-07-18 21:00:00+00:00,0.0826,0.0834,0.0825,0.0833,1315694.0
2026-07-18 22:00:00+00:00,0.0833,0.084,0.083,0.0833,1204786.0
2026-07-18 23:00:00+00:00,0.0833,0.0833,0.083,0.0833,178922.0
2026-07-19 00:00:00+00:00,0.0833,0.0834,0.0829,0.0829,478928.0
2026-07-19 01:00:00+00:00,0.083,0.083,0.0826,0.0828,752241.0
2026-07-19 02:00:00+00:00,0.0827,0.0832,0.0827,0.0828,900366.0
2026-07-19 03:00:00+00:00,0.0827,0.0828,0.0825,0.0828,879251.0
2026-07-19 04:00:00+00:00,0.0828,0.0829,0.0826,0.0829,369590.0
2026-07-19 05:00:00+00:00,0.0829,0.083,0.0828,0.0829,109228.0
2026-07-19 06:00:00+00:00,0.0829,0.083,0.0828,0.0828,230930.0
2026-07-19 07:00:00+00:00,0.0828,0.0828,0.0824,0.0824,1297783.0
2026-07-19 08:00:00+00:00,0.0824,0.0826,0.0824,0.0824,180551.0
2026-07-19 09:00:00+00:00,0.0825,0.0827,0.0823,0.0824,687819.0
2026-07-19 10:00:00+00:00,0.0824,0.0828,0.0823,0.0823,733387.0
2026-07-19 11:00:00+00:00,0.0823,0.0825,0.0819,0.0821,487978.0
2026-07-19 12:00:00+00:00,0.0821,0.0823,0.0815,0.0819,1719474.0
2026-07-19 13:00:00+00:00,0.082,0.0823,0.0818,0.0822,939527.0
2026-07-19 14:00:00+00:00,0.0821,0.0825,0.0819,0.0823,438117.0
2026-07-19 15:00:00+00:00,0.0824,0.0826,0.0821,0.0822,254108.0
2026-07-19 16:00:00+00:00,0.0823,0.0823,0.0818,0.082,938643.0
2026-07-19 17:00:00+00:00,0.0821,0.0823,0.0817,0.0823,431605.0
2026-07-19 18:00:00+00:00,0.0823,0.0824,0.0819,0.0824,354103.0
2026-07-19 19:00:00+00:00,0.0825,0.0827,0.0824,0.0826,516802.0
2026-07-19 20:00:00+00:00,0.0827,0.0828,0.0825,0.0827,218054.0
2026-07-19 21:00:00+00:00,0.0827,0.0828,0.0824,0.0825,181385.0
2026-07-19 22:00:00+00:00,0.0825,0.0832,0.0825,0.0829,525230.0
2026-07-19 23:00:00+00:00,0.0829,0.0831,0.0827,0.0829,493016.0
2026-07-20 00:00:00+00:00,0.0828,0.0835,0.0827,0.0827,838470.0
2026-07-20 01:00:00+00:00,0.0827,0.0832,0.0823,0.0823,411989.0
2026-07-20 02:00:00+00:00,0.0823,0.0827,0.0823,0.0824,595285.0
2026-07-20 03:00:00+00:00,0.0825,0.0826,0.0823,0.0824,566230.0
2026-07-20 04:00:00+00:00,0.0824,0.0825,0.082,0.082,316615.0
2026-07-20 05:00:00+00:00,0.082,0.0821,0.0816,0.0818,753374.0
2026-07-20 06:00:00+00:00,0.0818,0.0821,0.0818,0.0818,309263.0
2026-07-20 07:00:00+00:00,0.0818,0.0822,0.0818,0.0821,392997.0
2026-07-20 08:00:00+00:00,0.0821,0.0824,0.0819,0.0821,630602.0
2026-07-20 09:00:00+00:00,0.0821,0.0826,0.0821,0.0825,291713.0
2026-07-20 10:00:00+00:00,0.0824,0.0827,0.0823,0.0826,335801.0
2026-07-20 11:00:00+00:00,0.0826,0.0827,0.0822,0.0827,873645.0
2026-07-20 12:00:00+00:00,0.0827,0.0827,0.0822,0.0822,640798.0
2026-07-20 13:00:00+00:00,0.0822,0.0825,0.0818,0.082,982326.0
2026-07-20 14:00:00+00:00,0.0821,0.0822,0.0817,0.0818,541515.0
2026-07-20 15:00:00+00:00,0.0819,0.0833,0.0819,0.0829,1004561.0
2026-07-20 16:00:00+00:00,0.0829,0.0832,0.0828,0.0832,1438372.0
2026-07-20 17:00:00+00:00,0.0832,0.0835,0.083,0.083,932759.0
2026-07-20 18:00:00+00:00,0.083,0.0834,0.0829,0.083,301887.0
2026-07-20 19:00:00+00:00,0.0829,0.083,0.0826,0.0828,854500.0
2026-07-20 20:00:00+00:00,0.0829,0.0834,0.0828,0.0833,375195.0
2026-07-20 21:00:00+00:00,0.0833,0.0837,0.0833,0.0833,551984.0
2026-07-20 22:00:00+00:00,0.0832,0.0835,0.0831,0.0831,403598.0
2026-07-20 23:00:00+00:00,0.0831,0.0834,0.083,0.0834,518995.0
2026-07-21 00:00:00+00:00,0.0833,0.0835,0.083,0.0835,313740.0
2026-07-21 01:00:00+00:00,0.0834,0.0836,0.083,0.0832,297894.0
2026-07-21 02:00:00+00:00,0.0832,0.0835,0.083,0.0833,516336.0
2026-07-21 03:00:00+00:00,0.0833,0.0839,0.0833,0.0838,302596.0
2026-07-21 04:00:00+00:00,0.0838,0.0839,0.0834,0.0837,524876.0
2026-07-21 05:00:00+00:00,0.0836,0.0843,0.0836,0.0841,577772.0
2026-07-21 06:00:00+00:00,0.0841,0.0851,0.0841,0.0844,1504544.0
2026-07-21 07:00:00+00:00,0.0843,0.0848,0.0843,0.0846,1045417.0
2026-07-21 08:00:00+00:00,0.0846,0.0851,0.0845,0.0849,572751.0
2026-07-21 09:00:00+00:00,0.0849,0.0853,0.0847,0.0851,1117238.0
2026-07-21 10:00:00+00:00,0.0851,0.0851,0.0846,0.0848,953155.0
2026-07-21 11:00:00+00:00,0.0847,0.085,0.0844,0.0848,616340.0
2026-07-21 12:00:00+00:00,0.0848,0.0849,0.0846,0.0847,478343.0
2026-07-21 13:00:00+00:00,0.0846,0.0853,0.0846,0.0852,816089.0
2026-07-21 14:00:00+00:00,0.0852,0.0853,0.0845,0.0846,676657.0
2026-07-21 15:00:00+00:00,0.0847,0.0848,0.0845,0.0847,445292.0
2026-07-21 16:00:00+00:00,0.0846,0.0853,0.0845,0.0845,1025828.0
2026-07-21 17:00:00+00:00,0.0846,0.0846,0.084,0.0842,714882.0
2026-07-21 18:00:00+00:00,0.0842,0.0846,0.0841,0.0845,242342.0
2026-07-21 19:00:00+00:00,0.0844,0.0845,0.0841,0.0843,403237.0
2026-07-21 20:00:00+00:00,0.0842,0.085,0.0841,0.0845,1191923.0
2026-07-21 21:00:00+00:00,0.0844,0.0847,0.0844,0.0845,222905.0
2026-07-21 22:00:00+00:00,0.0845,0.0847,0.0843,0.0844,168415.0
2026-07-21 23:00:00+00:00,0.0844,0.0847,0.0841,0.0846,169243.0
2026-07-22 00:00:00+00:00,0.0847,0.0847,0.0844,0.0846,157833.0
2026-07-22 01:00:00+00:00,0.0846,0.0846,0.0841,0.0843,554810.0
2026-07-22 02:00:00+00:00,0.0842,0.0848,0.0842,0.0843,806277.0
2026-07-22 03:00:00+00:00,0.0842,0.0844,0.084,0.0842,173962.0
2026-07-22 04:00:00+00:00,0.0842,0.0844,0.0842,0.0843,152209.0
2026-07-22 05:00:00+00:00,0.0843,0.0843,0.0836,0.0836,438722.0
2026-07-22 06:00:00+00:00,0.0837,0.0837,0.0833,0.0834,382538.0
2026-07-22 07:00:00+00:00,0.0834,0.0835,0.0832,0.0834,654707.0
2026-07-22 08:00:00+00:00,0.0833,0.0839,0.0832,0.0836,919911.0
2026-07-22 09:00:00+00:00,0.0835,0.0837,0.0834,0.0835,247922.0
2026-07-22 10:00:00+00:00,0.0836,0.0839,0.0836,0.0836,395889.0
2026-07-22 11:00:00+00:00,0.0836,0.0838,0.0835,0.0837,428811.0
2026-07-22 12:00:00+00:00,0.0836,0.0839,0.0832,0.0832,692189.0
2026-07-22 13:00:00+00:00,0.0833,0.0838,0.083,0.0837,995438.0
2026-07-22 14:00:00+00:00,0.0838,0.0841,0.0833,0.0835,561056.0
2026-07-22 15:00:00+00:00,0.0834,0.0843,0.0834,0.0842,503835.0
2026-07-22 16:00:00+00:00,0.0842,0.0853,0.0841,0.0844,3360769.0
2026-07-22 17:00:00+00:00,0.0844,0.0846,0.0841,0.0841,862757.0
2026-07-22 18:00:00+00:00,0.0842,0.0842,0.0835,0.0837,400626.0
2026-07-22 19:00:00+00:00,0.0837,0.0838,0.0833,0.0836,960034.0
2026-07-22 20:00:00+00:00,0.0836,0.084,0.0836,0.0838,410729.0
2026-07-22 21:00:00+00:00,0.0838,0.0844,0.0838,0.0844,166652.0
2026-07-22 22:00:00+00:00,0.0843,0.0845,0.0841,0.0842,696212.0
2026-07-22 23:00:00+00:00,0.0842,0.0845,0.0838,0.0844,207850.0
2026-07-23 00:00:00+00:00,0.0844,0.0845,0.0843,0.0843,248862.0
2026-07-23 01:00:00+00:00,0.0843,0.0845,0.0843,0.0845,195458.0
2026-07-23 02:00:00+00:00,0.0844,0.085,0.0843,0.0847,733498.0
2026-07-23 03:00:00+00:00,0.0848,0.0849,0.0842,0.0843,238886.0
2026-07-23 04:00:00+00:00,0.0843,0.0848,0.0842,0.0845,503838.0
2026-07-23 05:00:00+00:00,0.0845,0.0846,0.0844,0.0845,519211.0
2026-07-23 06:00:00+00:00,0.0844,0.0846,0.0844,0.0845,142823.0
2026-07-23 07:00:00+00:00,0.0844,0.0846,0.0837,0.0838,690243.0
2026-07-23 08:00:00+00:00,0.0838,0.0838,0.0832,0.0837,842239.0
2026-07-23 09:00:00+00:00,0.0837,0.0839,0.0833,0.0833,414194.0
2026-07-23 10:00:00+00:00,0.0833,0.0835,0.0829,0.0831,468518.0
2026-07-23 11:00:00+00:00,0.0831,0.0832,0.0828,0.0829,555353.0
2026-07-23 12:00:00+00:00,0.0828,0.083,0.0825,0.0825,663257.0
2026-07-23 13:00:00+00:00,0.0826,0.0828,0.0821,0.0821,865999.0
2026-07-23 14:00:00+00:00,0.0821,0.0822,0.0818,0.082,1072266.0
2026-07-23 15:00:00+00:00,0.0819,0.0831,0.0817,0.0829,1483118.0
2026-07-23 16:00:00+00:00,0.0829,0.0831,0.0824,0.0825,1322175.0
2026-07-23 17:00:00+00:00,0.0825,0.0827,0.0819,0.082,684984.0
2026-07-23 18:00:00+00:00,0.0819,0.0825,0.0819,0.0823,481474.0
2026-07-23 19:00:00+00:00,0.0824,0.0826,0.0822,0.0826,291059.0
2026-07-23 20:00:00+00:00,0.0826,0.0829,0.0825,0.0829,307586.0
2026-07-23 21:00:00+00:00,0.0829,0.0833,0.0827,0.0833,732864.0
2026-07-23 22:00:00+00:00,0.0833,0.0837,0.083,0.0835,370902.0
2026-07-23 23:00:00+00:00,0.0836,0.0836,0.0831,0.0832,533649.0
2026-07-24 00:00:00+00:00,0.0833,0.0833,0.0826,0.0828,545349.0
2026-07-24 01:00:00+00:00,0.0829,0.083,0.0827,0.0828,179662.0
2026-07-24 02:00:00+00:00,0.0828,0.0828,0.0826,0.0827,126338.0
2026-07-24 03:00:00+00:00,0.0826,0.083,0.0825,0.0829,188253.0
2026-07-24 04:00:00+00:00,0.0829,0.0831,0.0829,0.0829,121811.0
2026-07-24 05:00:00+00:00,0.0829,0.0832,0.0828,0.083,119160.0
2026-07-24 06:00:00+00:00,0.083,0.0834,0.0829,0.0832,413851.0
2026-07-24 07:00:00+00:00,0.0832,0.0837,0.0831,0.0834,541476.0
2026-07-24 08:00:00+00:00,0.0834,0.0836,0.0833,0.0834,306035.0
2026-07-24 09:00:00+00:00,0.0833,0.0835,0.0828,0.0829,455396.0
2026-07-24 10:00:00+00:00,0.0829,0.0831,0.0827,0.0827,340146.0
2026-07-24 11:00:00+00:00,0.0827,0.0828,0.0823,0.0826,274101.0
2026-07-24 12:00:00+00:00,0.0827,0.0828,0.0819,0.082,1542409.0
2026-07-24 13:00:00+00:00,0.0819,0.0823,0.0817,0.082,1259332.0
2026-07-24 14:00:00+00:00,0.082,0.0822,0.0816,0.0821,464274.0
2026-07-24 15:00:00+00:00,0.0822,0.0844,0.0819,0.0838,5505850.0
2026-07-24 16:00:00+00:00,0.0838,0.0839,0.0831,0.0831,460559.0
2026-07-24 17:00:00+00:00,0.0831,0.0839,0.0831,0.0836,351843.0
2026-07-24 18:00:00+00:00,0.0836,0.0839,0.0833,0.0839,585039.0
2026-07-24 19:00:00+00:00,0.0839,0.0848,0.0837,0.0848,990947.0
2026-07-24 20:00:00+00:00,0.0847,0.0864,0.0847,0.0857,2256014.0
2026-07-24 21:00:00+00:00,0.0858,0.0875,0.0858,0.0858,4935227.0
2026-07-24 22:00:00+00:00,0.0858,0.0869,0.0858,0.0867,1784453.0
2026-07-24 23:00:00+00:00,0.0866,0.0872,0.0852,0.0861,2734429.0
2026-07-25 00:00:00+00:00,0.086,0.0885,0.0859,0.0882,3482055.0
2026-07-25 01:00:00+00:00,0.0882,0.0883,0.0854,0.0859,3353632.0
2026-07-25 02:00:00+00:00,0.0859,0.0859,0.0852,0.0853,473148.0
2026-07-25 03:00:00+00:00,0.0853,0.0853,0.0847,0.0848,1360031.0
2026-07-25 04:00:00+00:00,0.0848,0.0851,0.0848,0.0849,262133.0
2026-07-25 05:00:00+00:00,0.0849,0.0852,0.0846,0.0846,415464.0
2026-07-25 06:00:00+00:00,0.0846,0.0846,0.0837,0.0843,1185934.0
2026-07-25 07:00:00+00:00,0.0842,0.0843,0.0839,0.0839,479539.0
2026-07-25 08:00:00+00:00,0.084,0.0843,0.0839,0.0841,252615.0
2026-07-25 09:00:00+00:00,0.0842,0.0846,0.0841,0.0845,206407.0
2026-07-25 10:00:00+00:00,0.0846,0.0847,0.0844,0.0846,440345.0
2026-07-25 11:00:00+00:00,0.0846,0.0848,0.0843,0.0844,420785.0
2026-07-25 12:00:00+00:00,0.0844,0.0846,0.0839,0.084,1442308.0
2026-07-25 13:00:00+00:00,0.0841,0.0843,0.0838,0.0838,921553.0
2026-07-25 14:00:00+00:00,0.0839,0.0841,0.0838,0.084,325908.0
2026-07-25 15:00:00+00:00,0.084,0.0842,0.0838,0.084,846115.0
2026-07-25 16:00:00+00:00,0.084,0.0845,0.084,0.0844,915376.0
2026-07-25 17:00:00+00:00,0.0845,0.0847,0.0844,0.0845,269055.0
2026-07-25 18:00:00+00:00,0.0845,0.0846,0.0843,0.0844,653145.0
2026-07-25 19:00:00+00:00,0.0844,0.0846,0.0844,0.0845,206368.0
2026-07-25 20:00:00+00:00,0.0844,0.0844,0.0841,0.0842,206398.0
2026-07-25 21:00:00+00:00,0.0842,0.0847,0.084,0.0845,1160036.0
2026-07-25 22:00:00+00:00,0.0845,0.0846,0.0843,0.0845,717362.0
2026-07-25 23:00:00+00:00,0.0844,0.0844,0.084,0.0842,410306.0
2026-07-26 00:00:00+00:00,0.0842,0.0843,0.0839,0.084,307510.0
2026-07-26 01:00:00+00:00,0.084,0.0842,0.0837,0.0841,529943.0
2026-07-26 02:00:00+00:00,0.0842,0.0848,0.0841,0.0847,769581.0
2026-07-26 03:00:00+00:00,0.0847,0.0849,0.0844,0.0848,484154.0
2026-07-26 04:00:00+00:00,0.0849,0.0852,0.0846,0.0849,358527.0
2026-07-26 05:00:00+00:00,0.0849,0.0853,0.0847,0.085,518812.0
2026-07-26 06:00:00+00:00,0.0849,0.0851,0.0845,0.085,375189.0
2026-07-26 07:00:00+00:00,0.0851,0.0854,0.0847,0.0847,975948.0
2026-07-26 08:00:00+00:00,0.0848,0.085,0.0847,0.0848,310029.0
2026-07-26 09:00:00+00:00,0.0849,0.0849,0.0847,0.0848,80290.0
2026-07-26 10:00:00+00:00,0.0848,0.0854,0.0848,0.085,1465633.0
2026-07-26 11:00:00+00:00,0.085,0.0853,0.0849,0.0851,377969.0
2026-07-26 12:00:00+00:00,0.0851,0.0853,0.0848,0.0848,637131.0
2026-07-26 13:00:00+00:00,0.0849,0.0849,0.0841,0.0841,352726.0
2026-07-26 14:00:00+00:00,0.0842,0.0845,0.0839,0.0841,607888.0
2026-07-26 15:00:00+00:00,0.0841,0.0844,0.0841,0.0844,388601.0
2026-07-26 16:00:00+00:00,0.0844,0.0849,0.0842,0.0842,872680.0
2026-07-26 17:00:00+00:00,0.0842,0.0843,0.0841,0.0842,163645.0
2026-07-26 18:00:00+00:00,0.0842,0.0843,0.084,0.0841,173383.0
2026-07-26 19:00:00+00:00,0.084,0.0842,0.0839,0.0841,204467.0
2026-07-26 20:00:00+00:00,0.0842,0.0842,0.0839,0.084,153486.0
2026-07-26 21:00:00+00:00,0.0839,0.0842,0.0839,0.084,261209.0
2026-07-26 22:00:00+00:00,0.0841,0.0851,0.0841,0.0849,1320859.0
2026-07-26 23:00:00+00:00,0.0848,0.0851,0.0846,0.0849,596667.0
2026-07-27 00:00:00+00:00,0.0849,0.0849,0.0844,0.0844,303054.0
2026-07-27 01:00:00+00:00,0.0844,0.0846,0.0843,0.0844,352013.0
2026-07-27 02:00:00+00:00,0.0844,0.0846,0.0842,0.0846,784406.0
2026-07-27 03:00:00+00:00,0.0845,0.0846,0.0839,0.0842,1024658.0
2026-07-27 04:00:00+00:00,0.0842,0.0843,0.0839,0.084,695664.0
2026-07-27 05:00:00+00:00,0.0839,0.084,0.0837,0.084,270478.0
2026-07-27 06:00:00+00:00,0.0839,0.0843,0.0839,0.0842,697548.0
2026-07-27 07:00:00+00:00,0.0841,0.0845,0.084,0.084,386104.0
2026-07-27 08:00:00+00:00,0.084,0.084,0.0837,0.0837,549275.0
2026-07-27 09:00:00+00:00,0.0837,0.0837,0.0832,0.0833,367745.0
2026-07-27 10:00:00+00:00,0.0832,0.0836,0.0831,0.0832,310485.0
2026-07-27 11:00:00+00:00,0.0832,0.0833,0.0831,0.0832,457505.0
2026-07-27 12:00:00+00:00,0.0831,0.0834,0.0826,0.0829,768099.0
2026-07-27 13:00:00+00:00,0.0829,0.0833,0.0825,0.0828,641090.0
2026-07-27 14:00:00+00:00,0.0828,0.0828,0.0809,0.0814,3217157.0
2026-07-27 15:00:00+00:00,0.0814,0.0824,0.0811,0.0818,2313791.0
2026-07-27 16:00:00+00:00,0.0819,0.0823,0.0817,0.0821,728227.0
2026-07-27 17:00:00+00:00,0.082,0.0821,0.0816,0.0819,492506.0
2026-07-27 18:00:00+00:00,0.0819,0.0819,0.0813,0.0815,767793.0
2026-07-27 19:00:00+00:00,0.0816,0.0819,0.0814,0.0819,328541.0
2026-07-27 20:00:00+00:00,0.0819,0.082,0.0817,0.0819,222694.0
2026-07-27 21:00:00+00:00,0.0819,0.082,0.0818,0.0818,297590.0
2026-07-27 22:00:00+00:00,0.0818,0.0818,0.0799,0.0802,2370876.0
2026-07-27 23:00:00+00:00,0.0802,0.0806,0.0799,0.08,1770657.0
2026-07-28 00:00:00+00:00,0.0801,0.0802,0.0797,0.0799,816461.0
2026-07-28 01:00:00+00:00,0.0799,0.0801,0.0788,0.0789,5034609.0
2026-07-28 02:00:00+00:00,0.0788,0.0798,0.0786,0.0797,1061303.0
2026-07-28 03:00:00+00:00,0.0797,0.08,0.0794,0.08,414576.0
2026-07-28 04:00:00+00:00,0.0801,0.0802,0.0798,0.0799,629782.0
2026-07-28 05:00:00+00:00,0.0799,0.0803,0.0797,0.0799,609377.0
2026-07-28 06:00:00+00:00,0.08,0.0803,0.0798,0.0802,408046.0
2026-07-28 07:00:00+00:00,0.0802,0.0802,0.0796,0.0799,219919.0
2026-07-28 08:00:00+00:00,0.08,0.0802,0.0798,0.0799,780149.0
2026-07-28 09:00:00+00:00,0.0799,0.0816,0.0798,0.0809,5014423.0
2026-07-28 10:00:00+00:00,0.0809,0.0813,0.0805,0.0812,762921.0
2026-07-28 11:00:00+00:00,0.0812,0.0814,0.0804,0.0806,1764482.0
2026-07-28 12:00:00+00:00,0.0806,0.0808,0.0805,0.0807,902858.0
2026-07-28 13:00:00+00:00,0.0808,0.0808,0.079,0.0796,2457626.0
2026-07-28 14:00:00+00:00,0.0797,0.0801,0.0795,0.0799,558185.0
2026-07-28 15:00:00+00:00,0.08,0.0806,0.0798,0.0805,483120.0
2026-07-28 16:00:00+00:00,0.0805,0.0806,0.0802,0.0803,417780.0
2026-07-28 17:00:00+00:00,0.0802,0.0803,0.0795,0.0798,700454.0
2026-07-28 18:00:00+00:00,0.0798,0.08,0.0797,0.0797,305854.0
2026-07-28 19:00:00+00:00,0.0798,0.0799,0.0794,0.0795,413322.0
2026-07-28 20:00:00+00:00,0.0796,0.0799,0.0795,0.0797,222382.0
2026-07-28 21:00:00+00:00,0.0796,0.0799,0.0796,0.0799,129338.0
2026-07-28 22:00:00+00:00,0.0799,0.0801,0.0796,0.0797,307272.0
2026-07-28 23:00:00+00:00,0.0797,0.0801,0.0796,0.08,530654.0
2026-07-29 00:00:00+00:00,0.08,0.0806,0.08,0.0805,434331.0
2026-07-29 01:00:00+00:00,0.0805,0.0805,0.0798,0.0798,217703.0
2026-07-29 02:00:00+00:00,0.0797,0.08,0.0794,0.0797,428549.0
2026-07-29 03:00:00+00:00,0.0796,0.08,0.0787,0.0787,1069096.0
2026-07-29 04:00:00+00:00,0.0787,0.0789,0.0779,0.0788,1274326.0
2026-07-29 05:00:00+00:00,0.0788,0.0791,0.0788,0.079,556685.0
2026-07-29 06:00:00+00:00,0.0789,0.0794,0.0789,0.0793,596191.0
2026-07-29 07:00:00+00:00,0.0793,0.0795,0.0792,0.0795,122198.0
2026-07-29 08:00:00+00:00,0.0795,0.08,0.0794,0.0795,1016256.0
2026-07-29 09:00:00+00:00,0.0796,0.08,0.0796,0.0798,321466.0
2026-07-29 10:00:00+00:00,0.0798,0.0799,0.0792,0.0792,328173.0
2026-07-29 11:00:00+00:00,0.0793,0.0795,0.0793,0.0794,278330.0
2026-07-29 12:00:00+00:00,0.0794,0.0795,0.0791,0.0791,223046.0
2026-07-29 13:00:00+00:00,0.0791,0.0795,0.0789,0.0793,499150.0
2026-07-29 14:00:00+00:00,0.0792,0.0792,0.0784,0.0784,630668.0
2026-07-29 15:00:00+00:00,0.0784,0.0786,0.0779,0.0781,736011.0
2026-07-29 16:00:00+00:00,0.0781,0.0781,0.0773,0.0773,1226782.0
2026-07-29 17:00:00+00:00,0.0773,0.0773,0.0761,0.077,2879681.0
2026-07-29 18:00:00+00:00,0.077,0.0777,0.0765,0.0774,1895633.0
2026-07-29 19:00:00+00:00,0.0774,0.0777,0.0757,0.076,1350614.0
2026-07-29 20:00:00+00:00,0.076,0.0767,0.0757,0.0762,2415406.0
2026-07-29 21:00:00+00:00,0.0762,0.0769,0.076,0.0769,857871.0
2026-07-29 22:00:00+00:00,0.077,0.0772,0.0768,0.0772,512896.0
2026-07-29 23:00:00+00:00,0.0772,0.0775,0.077,0.0775,488615.0
2026-07-30 00:00:00+00:00,0.0775,0.0777,0.0769,0.0771,463350.0
2026-07-30 01:00:00+00:00,0.0772,0.0782,0.0772,0.0779,867793.0
2026-07-30 02:00:00+00:00,0.0779,0.0782,0.0778,0.078,241912.0
2026-07-30 03:00:00+00:00,0.0781,0.0783,0.0779,0.0781,705521.0
2026-07-30 04:00:00+00:00,0.0781,0.0782,0.0777,0.0779,247891.0
2026-07-30 05:00:00+00:00,0.0778,0.0778,0.0774,0.0774,897730.0
2026-07-30 06:00:00+00:00,0.0774,0.0775,0.0772,0.0774,338300.0
2026-07-30 07:00:00+00:00,0.0774,0.0777,0.0773,0.0773,362438.0
2026-07-30 08:00:00+00:00,0.0774,0.078,0.0773,0.0775,362978.0
2026-07-30 09:00:00+00:00,0.0775,0.0778,0.0771,0.0774,2300503.0
2026-07-30 10:00:00+00:00,0.0774,0.0778,0.0774,0.0775,364366.0
2026-07-30 11:00:00+00:00,0.0775,0.078,0.0775,0.0778,465696.0
2026-07-30 12:00:00+00:00,0.0778,0.0782,0.0778,0.078,399718.0
2026-07-30 13:00:00+00:00,0.078,0.0788,0.0778,0.0786,2154156.0
2026-07-30 14:00:00+00:00,0.0787,0.0793,0.0784,0.0787,901781.0
2026-07-30 15:00:00+00:00,0.0786,0.079,0.0784,0.0785,373545.0
2026-07-30 16:00:00+00:00,0.0786,0.0788,0.0783,0.0787,299641.0
2026-07-30 17:00:00+00:00,0.0787,0.0794,0.0785,0.0793,420308.0
2026-07-30 18:00:00+00:00,0.0792,0.0794,0.0791,0.0793,385096.0
2026-07-30 19:00:00+00:00,0.0793,0.0796,0.0792,0.0796,179222.0
2026-07-30 20:00:00+00:00,0.0795,0.0798,0.0792,0.0794,298071.0
2026-07-30 21:00:00+00:00,0.0794,0.0796,0.0792,0.0792,263449.0
2026-07-30 22:00:00+00:00,0.0793,0.0795,0.0788,0.079,509001.0
2026-07-30 23:00:00+00:00,0.079,0.0793,0.0789,0.079,440956.0
2026-07-31 00:00:00+00:00,0.0789,0.081,0.0789,0.0805,3025714.0
2026-07-31 01:00:00+00:00,0.0806,0.0808,0.0795,0.0797,1280613.0
2026-07-31 02:00:00+00:00,0.0796,0.0798,0.0791,0.0791,799005.0
2026-07-31 03:00:00+00:00,0.0791,0.0798,0.0789,0.0794,801297.0
2026-07-31 04:00:00+00:00,0.0794,0.0796,0.079,0.0791,529525.0
2026-07-31 05:00:00+00:00,0.0791,0.0793,0.0791,0.0792,248678.0
2026-07-31 06:00:00+00:00,0.0792,0.0796,0.0791,0.0792,349608.0
2026-07-31 07:00:00+00:00,0.0791,0.0791,0.0785,0.079,653236.0
2026-07-31 08:00:00+00:00,0.0789,0.0791,0.0787,0.0787,763779.0
2026-07-31 09:00:00+00:00,0.0788,0.0789,0.0781,0.0782,856520.0
2026-07-31 10:00:00+00:00,0.0781,0.0785,0.078,0.0784,275876.0
2026-07-31 11:00:00+00:00,0.0784,0.0786,0.0782,0.0783,267135.0
2026-07-31 12:00:00+00:00,0.0783,0.079,0.0781,0.0788,608274.0
2026-07-31 13:00:00+00:00,0.0789,0.0791,0.0784,0.0785,440336.0
2026-07-31 14:00:00+00:00,0.0786,0.0787,0.0777,0.0786,1176916.0
2026-07-31 15:00:00+00:00,0.0785,0.0789,0.0784,0.0788,404702.0
2026-07-31 16:00:00+00:00,0.0787,0.0789,0.0784,0.0786,759718.0
2026-07-31 17:00:00+00:00,0.0786,0.0792,0.0786,0.0791,849781.0
2026-07-31 18:00:00+00:00,0.0791,0.0794,0.0787,0.0788,493521.0
2026-07-31 19:00:00+00:00,0.0787,0.0787,0.0783,0.0785,655370.0
2026-07-31 20:00:00+00:00,0.0785,0.0785,0.0782,0.0783,362345.0
2026-07-31 21:00:00+00:00,0.0783,0.0787,0.0783,0.0784,223007.0
2026-07-31 22:00:00+00:00,0.0782,0.0788,0.0782,0.0787,242716.0
2026-07-31 23:00:00+00:00,0.0787,0.079,0.0787,0.0789,433421.0
2026-08-01 00:00:00+00:00,0.0789,0.0791,0.0788,0.0789,199337.0
2026-08-01 01:00:00+00:00,0.0789,0.0797,0.0789,0.0794,1253301.0
2026-08-01 02:00:00+00:00,0.0795,0.0802,0.0795,0.0797,550958.0
2026-08-01 03:00:00+00:00,0.0797,0.0799,0.0795,0.0799,148838.0
2026-08-01 04:00:00+00:00,0.0799,0.0799,0.0797,0.0798,141494.0
2026-08-01 05:00:00+00:00,0.0799,0.0799,0.0794,0.0796,255543.0
2026-08-01 06:00:00+00:00,0.0796,0.0798,0.0793,0.0797,269118.0
2026-08-01 07:00:00+00:00,0.0797,0.0799,0.0792,0.0792,297646.0
2026-08-01 08:00:00+00:00,0.0792,0.0797,0.0792,0.0796,181426.0
2026-08-01 09:00:00+00:00,0.0797,0.08,0.0796,0.0798,143432.0
2026-08-01 10:00:00+00:00,0.0798,0.0805,0.0796,0.0803,401821.0
2026-08-01 11:00:00+00:00,0.0803,0.0804,0.0797,0.0798,1223383.0
2026-08-01 12:00:00+00:00,0.0799,0.0806,0.0798,0.0804,1010873.0
2026-08-01 13:00:00+00:00,0.0803,0.0808,0.0801,0.0801,944518.0
2026-08-01 14:00:00+00:00,0.0801,0.0802,0.0792,0.0794,1619648.0
2026-08-01 15:00:00+00:00,0.0794,0.0795,0.079,0.0791,327874.0
2026-08-01 16:00:00+00:00,0.0791,0.0793,0.0789,0.079,547331.0
2026-08-01 17:00:00+00:00,0.0791,0.0791,0.0784,0.0786,796011.0
2026-08-01 18:00:00+00:00,0.0786,0.0787,0.078,0.0786,849067.0
2026-08-01 19:00:00+00:00,0.0787,0.079,0.0786,0.0789,224480.0
2026-08-01 20:00:00+00:00,0.0789,0.0792,0.0788,0.0789,305241.0
2026-08-01 21:00:00+00:00,0.0789,0.0793,0.0789,0.0792,415880.0
2026-08-01 22:00:00+00:00,0.0792,0.0792,0.0789,0.0789,174760.0
2026-08-01 23:00:00+00:00,0.0789,0.0792,0.0789,0.079,185903.0
2026-08-02 00:00:00+00:00,0.079,0.0793,0.0786,0.0787,383810.0
2026-08-02 01:00:00+00:00,0.0787,0.0792,0.0787,0.079,247258.0
2026-08-02 02:00:00+00:00,0.079,0.0794,0.0789,0.0792,602393.0
2026-08-02 03:00:00+00:00,0.0792,0.0797,0.0791,0.0797,675797.0
2026-08-02 04:00:00+00:00,0.0797,0.0802,0.0797,0.08,234937.0
2026-08-02 05:00:00+00:00,0.08,0.0801,0.0796,0.08,361440.0
2026-08-02 06:00:00+00:00,0.08,0.0802,0.08,0.0801,148724.0
2026-08-02 07:00:00+00:00,0.0801,0.0803,0.08,0.0802,500061.0
2026-08-02 08:00:00+00:00,0.0801,0.0805,0.0798,0.0804,558619.0
2026-08-02 09:00:00+00:00,0.0804,0.0806,0.0802,0.0804,475396.0
2026-08-02 10:00:00+00:00,0.0805,0.0811,0.0805,0.0809,707332.0
2026-08-02 11:00:00+00:00,0.0809,0.0815,0.0808,0.0815,483780.0
2026-08-02 12:00:00+00:00,0.0816,0.0825,0.0812,0.0824,1267945.0
2026-08-02 13:00:00+00:00,0.0824,0.0832,0.0821,0.0827,2563490.0
2026-08-02 14:00:00+00:00,0.0828,0.0844,0.0824,0.0838,4478329.0
2026-08-02 15:00:00+00:00,0.0839,0.0846,0.0834,0.0846,2339880.0
2026-08-02 16:00:00+00:00,0.0846,0.0854,0.0842,0.0853,1815158.0
2026-08-02 17:00:00+00:00,0.0854,0.086,0.085,0.0858,1592872.0
2026-08-02 18:00:00+00:00,0.0858,0.0858,0.0847,0.0854,1978970.0
2026-08-02 19:00:00+00:00,0.0854,0.0858,0.0851,0.0854,736173.0
2026-08-02 20:00:00+00:00,0.0854,0.0854,0.0834,0.0845,2267398.0
2026-08-02 21:00:00+00:00,0.0845,0.0847,0.0841,0.0847,883332.0
2026-08-02 22:00:00+00:00,0.0847,0.0853,0.0844,0.0852,539749.0
2026-08-02 23:00:00+00:00,0.0851,0.0872,0.0851,0.086,2304491.0
2026-08-03 00:00:00+00:00,0.086,0.0871,0.0857,0.0866,1745278.0
2026-08-03 01:00:00+00:00,0.0866,0.0866,0.0852,0.0853,1749934.0
2026-08-03 02:00:00+00:00,0.0853,0.0858,0.0846,0.0849,1450270.0
2026-08-03 03:00:00+00:00,0.085,0.0854,0.0846,0.0851,1219783.0
2026-08-03 04:00:00+00:00,0.085,0.0858,0.0849,0.0852,482128.0
2026-08-03 05:00:00+00:00,0.0853,0.0861,0.0853,0.0857,799858.0
2026-08-03 06:00:00+00:00,0.0858,0.0859,0.0836,0.0838,2965217.0
2026-08-03 07:00:00+00:00,0.0838,0.0845,0.0833,0.0841,829827.0
2026-08-03 08:00:00+00:00,0.0841,0.0855,0.0841,0.0854,903248.0
2026-08-03 09:00:00+00:00,0.0854,0.086,0.0852,0.0858,1207725.0
2026-08-03 10:00:00+00:00,0.0857,0.0867,0.0857,0.0864,1608994.0
2026-08-03 11:00:00+00:00,0.0864,0.0866,0.0858,0.0864,1175439.0
2026-08-03 12:00:00+00:00,0.0864,0.0878,0.0861,0.0868,1791940.0
2026-08-03 13:00:00+00:00,0.0869,0.087,0.086,0.0869,1251172.0
2026-08-03 14:00:00+00:00,0.0868,0.0882,0.0866,0.0875,3586927.0
2026-08-03 15:00:00+00:00,0.0875,0.0894,0.087,0.0894,2050513.0
2026-08-03 16:00:00+00:00,0.0894,0.091,0.088,0.0889,5421422.0
2026-08-03 17:00:00+00:00,0.0888,0.0908,0.0884,0.0906,1993256.0
2026-08-03 18:00:00+00:00,0.0906,0.0932,0.0904,0.0925,5953840.0
2026-08-03 19:00:00+00:00,0.0925,0.093,0.0909,0.0913,3166671.0
2026-08-03 20:00:00+00:00,0.0914,0.092,0.0906,0.0915,3317259.0
2026-08-03 21:00:00+00:00,0.0915,0.0917,0.0909,0.0914,1070920.0
2026-08-03 22:00:00+00:00,0.0914,0.0915,0.0905,0.0908,1719675.0
2026-08-03 23:00:00+00:00,0.0908,0.0908,0.0895,0.0904,2739714.0
2026-08-04 00:00:00+00:00,0.0903,0.0913,0.0901,0.0907,802994.0
2026-08-04 01:00:00+00:00,0.0907,0.0916,0.0905,0.0916,1140774.0
2026-08-04 02:00:00+00:00,0.0916,0.0918,0.0893,0.0897,2407084.0
2026-08-04 03:00:00+00:00,0.0897,0.0899,0.0889,0.089,1784029.0
2026-08-04 04:00:00+00:00,0.0891,0.0893,0.0888,0.0891,1065102.0
2026-08-04 05:00:00+00:00,0.0892,0.0898,0.0887,0.0898,1007669.0
2026-08-04 06:00:00+00:00,0.0898,0.091,0.0898,0.0909,2371106.0
2026-08-04 07:00:00+00:00,0.091,0.0917,0.0906,0.0906,1581118.0
2026-08-04 08:00:00+00:00,0.0905,0.0909,0.0899,0.0906,729275.0
2026-08-04 09:00:00+00:00,0.0906,0.0907,0.0899,0.0902,859287.0
2026-08-04 10:00:00+00:00,0.0903,0.0916,0.0899,0.0915,2765744.0
2026-08-04 11:00:00+00:00,0.0913,0.0914,0.0899,0.091,3266121.0
2026-08-04 12:00:00+00:00,0.0911,0.0912,0.0899,0.09,794605.0
2026-08-04 13:00:00+00:00,0.09,0.0912,0.09,0.0903,1088550.0
2026-08-04 14:00:00+00:00,0.0904,0.0907,0.0899,0.0901,781308.0
2026-08-04 15:00:00+00:00,0.0901,0.0909,0.0894,0.0906,1232445.0
2026-08-04 16:00:00+00:00,0.0905,0.0905,0.0891,0.09,855107.0
2026-08-04 17:00:00+00:00,0.09,0.0901,0.0891,0.0892,1560529.0
2026-08-04 18:00:00+00:00,0.0893,0.0897,0.0892,0.0896,818141.0
2026-08-04 19:00:00+00:00,0.0896,0.0908,0.0895,0.0905,988408.0
2026-08-04 20:00:00+00:00,0.0904,0.0911,0.0902,0.0907,774716.0
2026-08-04 21:00:00+00:00,0.0907,0.0907,0.09,0.0907,562638.0
2026-08-04 22:00:00+00:00,0.0908,0.0908,0.0897,0.0898,400940.0
2026-08-04 23:00:00+00:00,0.0898,0.0898,0.0892,0.0895,650611.0
2026-08-05 00:00:00+00:00,0.0895,0.0899,0.0892,0.0894,972548.0
2026-08-05 01:00:00+00:00,0.0895,0.0895,0.0888,0.0889,650360.0
2026-08-05 02:00:00+00:00,0.0889,0.0896,0.0888,0.0892,1475483.0
2026-08-05 03:00:00+00:00,0.0893,0.0904,0.0893,0.0902,1085104.0
2026-08-05 04:00:00+00:00,0.0901,0.0902,0.0896,0.0898,404267.0
2026-08-05 05:00:00+00:00,0.0897,0.0901,0.0893,0.0894,509890.0
2026-08-05 06:00:00+00:00,0.0894,0.0897,0.0892,0.0896,546810.0
2026-08-05 07:00:00+00:00,0.0896,0.091,0.0894,0.0906,1465575.0
2026-08-05 08:00:00+00:00,0.0907,0.091,0.09,0.0905,1182697.0
2026-08-05 09:00:00+00:00,0.0905,0.0908,0.0902,0.0907,612814.0
2026-08-05 10:00:00+00:00,0.0907,0.0911,0.0893,0.0894,620396.0
2026-08-05 11:00:00+00:00,0.0895,0.0897,0.0891,0.0891,386524.0
2026-08-05 12:00:00+00:00,0.0891,0.0895,0.0891,0.0893,651268.0
2026-08-05 13:00:00+00:00,0.0894,0.0895,0.0882,0.0889,1077333.0
2026-08-05 14:00:00+00:00,0.0889,0.0891,0.0885,0.0887,678313.0
2026-08-05 15:00:00+00:00,0.0887,0.0902,0.0885,0.0901,925780.0
2026-08-05 16:00:00+00:00,0.0901,0.0903,0.0893,0.0902,1047262.0
2026-08-05 17:00:00+00:00,0.0902,0.0906,0.0897,0.0898,522505.0
2026-08-05 18:00:00+00:00,0.0898,0.0901,0.0894,0.0901,427172.0
2026-08-05 19:00:00+00:00,0.09,0.09,0.0893,0.0893,738567.0
2026-08-05 20:00:00+00:00,0.0893,0.09,0.0892,0.0896,610243.0
2026-08-05 21:00:00+00:00,0.0896,0.0899,0.0895,0.0898,333194.0
2026-08-05 22:00:00+00:00,0.0898,0.0898,0.0886,0.0888,734448.0
2026-08-05 23:00:00+00:00,0.0887,0.0888,0.088,0.0883,463337.0
2026-08-06 00:00:00+00:00,0.0883,0.0886,0.088,0.088,296087.0
2026-08-06 01:00:00+00:00,0.0881,0.0885,0.0877,0.0881,297854.0
2026-08-06 02:00:00+00:00,0.088,0.0884,0.0879,0.088,791443.0
2026-08-06 03:00:00+00:00,0.088,0.088,0.087,0.0872,483828.0
2026-08-06 04:00:00+00:00,0.0872,0.0875,0.0869,0.0873,341752.0
2026-08-06 05:00:00+00:00,0.0873,0.0876,0.0871,0.0872,191572.0
2026-08-06 06:00:00+00:00,0.0872,0.0873,0.0867,0.0873,549634.0
2026-08-06 07:00:00+00:00,0.0872,0.0875,0.0871,0.0871,440875.0
2026-08-06 08:00:00+00:00,0.0871,0.0875,0.0869,0.0874,187303.0
2026-08-06 09:00:00+00:00,0.0874,0.0875,0.0869,0.0873,675014.0
2026-08-06 10:00:00+00:00,0.0873,0.0874,0.0868,0.0869,481982.0
2026-08-06 11:00:00+00:00,0.0869,0.0873,0.0868,0.0872,422030.0
2026-08-06 12:00:00+00:00,0.0872,0.0876,0.087,0.0872,648506.0
2026-08-06 13:00:00+00:00,0.0874,0.0875,0.0871,0.0874,483158.0
2026-08-06 14:00:00+00:00,0.0873,0.0882,0.0872,0.0877,1963608.0
2026-08-06 15:00:00+00:00,0.0877,0.0887,0.0876,0.0883,957991.0
2026-08-06 16:00:00+00:00,0.0883,0.09,0.0879,0.0899,1184473.0
2026-08-06 17:00:00+00:00,0.0899,0.09,0.0887,0.0888,1111398.0
2026-08-06 18:00:00+00:00,0.0887,0.0907,0.0887,0.0904,1610597.0
2026-08-06 19:00:00+00:00,0.0905,0.0909,0.0895,0.0896,880695.0
2026-08-06 20:00:00+00:00,0.0896,0.0905,0.0892,0.0893,976042.0
2026-08-06 21:00:00+00:00,0.0893,0.0897,0.089,0.0891,468281.0
2026-08-06 22:00:00+00:00,0.0891,0.0891,0.0878,0.088,914489.0
2026-08-06 23:00:00+00:00,0.088,0.088,0.0872,0.0873,824513.0
2026-08-07 00:00:00+00:00,0.0873,0.0879,0.0873,0.0876,186697.0
2026-08-07 01:00:00+00:00,0.0876,0.088,0.0876,0.0877,243519.0
2026-08-07 02:00:00+00:00,0.0877,0.0911,0.0873,0.0897,5193886.0
2026-08-07 03:00:00+00:00,0.0896,0.091,0.0896,0.0903,1279465.0
2026-08-07 04:00:00+00:00,0.0903,0.0906,0.0897,0.0897,1227252.0
2026-08-07 05:00:00+00:00,0.0898,0.0899,0.089,0.0897,1027509.0
2026-08-07 06:00:00+00:00,0.0898,0.09,0.0894,0.0899,674770.0
2026-08-07 07:00:00+00:00,0.0898,0.0899,0.0895,0.0895,170427.0
2026-08-07 08:00:00+00:00,0.0896,0.0904,0.0895,0.0903,1111218.0
2026-08-07 09:00:00+00:00,0.0902,0.0906,0.0893,0.0897,856665.0
2026-08-07 10:00:00+00:00,0.0897,0.0898,0.0889,0.0889,580408.0
2026-08-07 11:00:00+00:00,0.089,0.0893,0.0889,0.0891,562452.0
2026-08-07 12:00:00+00:00,0.0891,0.0894,0.0887,0.0893,654229.0
2026-08-07 13:00:00+00:00,0.0892,0.0896,0.0888,0.0892,329501.0
2026-08-07 14:00:00+00:00,0.0892,0.0892,0.0881,0.0881,669803.0
2026-08-07 15:00:00+00:00,0.0882,0.0887,0.088,0.0885,201804.0
2026-08-07 16:00:00+00:00,0.0885,0.0886,0.0883,0.0885,229572.0
2026-08-07 17:00:00+00:00,0.0885,0.0886,0.088,0.0886,168578.0
2026-08-07 18:00:00+00:00,0.0885,0.0886,0.0881,0.0883,138415.0
2026-08-07 19:00:00+00:00,0.0883,0.0887,0.0883,0.0885,187800.0
2026-08-07 20:00:00+00:00,0.0885,0.0886,0.0882,0.0886,102226.0
2026-08-07 21:00:00+00:00,0.0887,0.0893,0.0887,0.0889,302872.0
2026-08-07 22:00:00+00:00,0.0889,0.0891,0.0888,0.0888,103812.0
2026-08-07 23:00:00+00:00,0.0888,0.0891,0.0888,0.089,155963.0
2026-08-08 00:00:00+00:00,0.089,0.0897,0.0888,0.0889,416953.0
2026-08-08 01:00:00+00:00,0.0889,0.0891,0.0885,0.0885,250528.0
2026-08-08 02:00:00+00:00,0.0886,0.0886,0.0866,0.0872,1411879.0
2026-08-08 03:00:00+00:00,0.0871,0.0877,0.0869,0.0877,383041.0
2026-08-08 04:00:00+00:00,0.0878,0.0879,0.0874,0.0875,105970.0
2026-08-08 05:00:00+00:00,0.0875,0.0877,0.0874,0.0874,249579.0
2026-08-08 06:00:00+00:00,0.0875,0.0876,0.0869,0.0872,562528.0
2026-08-08 07:00:00+00:00,0.0872,0.0873,0.087,0.0872,227155.0
2026-08-08 08:00:00+00:00,0.0871,0.0874,0.0868,0.0872,363717.0
2026-08-08 09:00:00+00:00,0.0871,0.0872,0.087,0.0871,267681.0
2026-08-08 10:00:00+00:00,0.0871,0.0875,0.0869,0.0874,766222.0
2026-08-08 11:00:00+00:00,0.0874,0.0874,0.087,0.087,172665.0
2026-08-08 12:00:00+00:00,0.0871,0.0871,0.0868,0.0868,281731.0
2026-08-08 13:00:00+00:00,0.0869,0.0873,0.0868,0.0871,351368.0
2026-08-08 14:00:00+00:00,0.0871,0.0875,0.087,0.0874,438224.0
2026-08-08 15:00:00+00:00,0.0874,0.0875,0.0872,0.0875,106763.0
2026-08-08 16:00:00+00:00,0.0874,0.0879,0.0873,0.0874,240238.0
2026-08-08 17:00:00+00:00,0.0874,0.0877,0.0873,0.0874,327562.0
2026-08-08 18:00:00+00:00,0.0874,0.0877,0.0874,0.0874,382910.0
2026-08-08 19:00:00+00:00,0.0875,0.0876,0.0872,0.0875,345183.0
2026-08-08 20:00:00+00:00,0.0875,0.0879,0.0874,0.0876,188640.0
2026-08-08 21:00:00+00:00,0.0876,0.0878,0.0875,0.0877,212525.0
2026-08-08 22:00:00+00:00,0.0876,0.0877,0.0874,0.0876,124026.0
2026-08-08 23:00:00+00:00,0.0876,0.0877,0.0874,0.0874,79281.0
2026-08-09 00:00:00+00:00,0.0874,0.0877,0.087,0.0872,460484.0
2026-08-09 01:00:00+00:00,0.0873,0.0877,0.0873,0.0875,535403.0
2026-08-09 02:00:00+00:00,0.0874,0.0877,0.0872,0.0873,400820.0
2026-08-09 03:00:00+00:00,0.0874,0.0875,0.0868,0.0869,218138.0
2026-08-09 04:00:00+00:00,0.0868,0.087,0.0864,0.0869,536909.0
2026-08-09 05:00:00+00:00,0.0869,0.0869,0.0864,0.0864,363911.0
2026-08-09 06:00:00+00:00,0.0864,0.0869,0.0864,0.0869,163087.0
2026-08-09 07:00:00+00:00,0.0869,0.0869,0.0866,0.0868,385773.0
2026-08-09 08:00:00+00:00,0.0868,0.0871,0.0865,0.0866,899047.0
2026-08-09 09:00:00+00:00,0.0866,0.0867,0.0862,0.0866,411445.0
2026-08-09 10:00:00+00:00,0.0865,0.0866,0.0859,0.086,431138.0
2026-08-09 11:00:00+00:00,0.086,0.0862,0.0859,0.086,281551.0
2026-08-09 12:00:00+00:00,0.086,0.0863,0.086,0.0861,204633.0
2026-08-09 13:00:00+00:00,0.0861,0.0864,0.0861,0.0863,513033.0
2026-08-09 14:00:00+00:00,0.0863,0.0864,0.0859,0.086,188299.0
2026-08-09 15:00:00+00:00,0.0859,0.0861,0.0858,0.086,288038.0
2026-08-09 16:00:00+00:00,0.086,0.0862,0.0859,0.0859,203367.0
2026-08-09 17:00:00+00:00,0.086,0.086,0.0857,0.0859,409582.0
2026-08-09 18:00:00+00:00,0.0859,0.0859,0.0854,0.0859,280482.0
2026-08-09 19:00:00+00:00,0.0859,0.0864,0.0847,0.0851,1601546.0
2026-08-09 20:00:00+00:00,0.0851,0.0851,0.0839,0.0844,3103223.0
2026-08-09 21:00:00+00:00,0.0844,0.085,0.0843,0.085,1203673.0
2026-08-09 22:00:00+00:00,0.0851,0.0854,0.0843,0.0844,408667.0
2026-08-09 23:00:00+00:00,0.0843,0.0843,0.0822,0.0826,4185534.0
2026-08-10 00:00:00+00:00,0.0826,0.0827,0.0816,0.0825,3160327.0
2026-08-10 01:00:00+00:00,0.0826,0.0827,0.0821,0.0826,710300.0
2026-08-10 02:00:00+00:00,0.0826,0.0826,0.082,0.0824,652857.0
2026-08-10 03:00:00+00:00,0.0823,0.0824,0.0817,0.0817,457590.0
2026-08-10 04:00:00+00:00,0.0818,0.0823,0.0817,0.0821,775008.0
2026-08-10 05:00:00+00:00,0.0821,0.0825,0.082,0.0822,379986.0
2026-08-10 06:00:00+00:00,0.0822,0.0825,0.0821,0.0821,539380.0
2026-08-10 07:00:00+00:00,0.0821,0.0825,0.0821,0.0824,1174536.0
2026-08-10 08:00:00+00:00,0.0824,0.0827,0.0821,0.0823,987946.0
2026-08-10 09:00:00+00:00,0.0822,0.0825,0.0822,0.0823,1082964.0
2026-08-10 10:00:00+00:00,0.0823,0.083,0.0822,0.0826,1030482.0
2026-08-10 11:00:00+00:00,0.0826,0.0829,0.0825,0.0827,221003.0
2026-08-10 12:00:00+00:00,0.0828,0.083,0.0825,0.083,588403.0
2026-08-10 13:00:00+00:00,0.0831,0.0838,0.0829,0.0835,2719351.0
2026-08-10 14:00:00+00:00,0.0835,0.0837,0.083,0.083,1231828.0
2026-08-10 15:00:00+00:00,0.0831,0.0834,0.0818,0.0818,1690117.0
2026-08-10 16:00:00+00:00,0.0818,0.0822,0.0814,0.0817,1359162.0
2026-08-10 17:00:00+00:00,0.0818,0.0824,0.0816,0.0822,848862.0
2026-08-10 18:00:00+00:00,0.0822,0.0827,0.0821,0.0827,702813.0
2026-08-10 19:00:00+00:00,0.0827,0.083,0.0824,0.0824,976567.0
2026-08-10 20:00:00+00:00,0.0825,0.0828,0.0824,0.0827,568093.0
2026-08-10 21:00:00+00:00,0.0826,0.0828,0.0825,0.0825,342487.0
2026-08-10 22:00:00+00:00,0.0825,0.0828,0.0823,0.0825,495055.0
2026-08-10 23:00:00+00:00,0.0824,0.0826,0.0822,0.0824,232739.0
2026-08-11 00:00:00+00:00,0.0825,0.0828,0.0823,0.0826,512297.0
2026-08-11 01:00:00+00:00,0.0826,0.0826,0.0817,0.0817,676714.0
2026-08-11 02:00:00+00:00,0.0818,0.0821,0.0816,0.0816,524169.0
2026-08-11 03:00:00+00:00,0.0816,0.0818,0.0815,0.0816,967756.0
2026-08-11 04:00:00+00:00,0.0816,0.0818,0.0811,0.0816,285727.0
2026-08-11 05:00:00+00:00,0.0816,0.082,0.0815,0.0818,672206.0
2026-08-11 06:00:00+00:00,0.0817,0.0819,0.0813,0.0816,839145.0
2026-08-11 07:00:00+00:00,0.0817,0.0824,0.0815,0.0824,387615.0
2026-08-11 08:00:00+00:00,0.0824,0.0833,0.0822,0.0827,2024620.0
2026-08-11 09:00:00+00:00,0.0827,0.0829,0.0823,0.0826,742532.0
2026-08-11 10:00:00+00:00,0.0826,0.0828,0.0824,0.0828,633867.0
2026-08-11 11:00:00+00:00,0.0827,0.083,0.0826,0.0829,469605.0
2026-08-11 12:00:00+00:00,0.0828,0.083,0.0824,0.0826,334417.0
2026-08-11 13:00:00+00:00,0.0826,0.0831,0.0825,0.0828,886521.0
2026-08-11 14:00:00+00:00,0.0828,0.0829,0.082,0.0822,2931376.0
2026-08-11 15:00:00+00:00,0.0821,0.0824,0.0797,0.0805,7211620.0
2026-08-11 16:00:00+00:00,0.0804,0.0807,0.0797,0.0798,1657362.0
2026-08-11 17:00:00+00:00,0.0799,0.0801,0.0795,0.08,637655.0
2026-08-11 18:00:00+00:00,0.0799,0.0803,0.0797,0.0803,442791.0
2026-08-11 19:00:00+00:00,0.0802,0.0806,0.08,0.0805,416897.0
2026-08-11 20:00:00+00:00,0.0805,0.0816,0.0804,0.081,831528.0
2026-08-11 21:00:00+00:00,0.081,0.0812,0.0808,0.0811,594656.0
2026-08-11 22:00:00+00:00,0.0813,0.0814,0.0807,0.0809,426522.0
2026-08-11 23:00:00+00:00,0.0808,0.0812,0.0806,0.081,924361.0
2026-08-12 00:00:00+00:00,0.0809,0.0811,0.0808,0.0809,368083.0
2026-08-12 01:00:00+00:00,0.081,0.0815,0.081,0.0814,198426.0
2026-08-12 02:00:00+00:00,0.0815,0.0815,0.081,0.0812,443120.0
2026-08-12 03:00:00+00:00,0.0811,0.0813,0.081,0.0811,548121.0
2026-08-12 04:00:00+00:00,0.0812,0.0817,0.0811,0.0817,721233.0
2026-08-12 05:00:00+00:00,0.0816,0.0816,0.0813,0.0814,508980.0
2026-08-12 06:00:00+00:00,0.0814,0.0815,0.0813,0.0815,248093.0
2026-08-12 07:00:00+00:00,0.0814,0.0815,0.0811,0.0815,494251.0
2026-08-12 08:00:00+00:00,0.0814,0.0815,0.0809,0.0809,130565.0
2026-08-12 09:00:00+00:00,0.081,0.0813,0.0809,0.0813,732359.0
2026-08-12 10:00:00+00:00,0.0813,0.0815,0.0813,0.0814,213128.0
2026-08-12 11:00:00+00:00,0.0815,0.0815,0.0809,0.0811,355783.0
2026-08-12 12:00:00+00:00,0.0811,0.0816,0.0802,0.0804,1294046.0
2026-08-12 13:00:00+00:00,0.0804,0.0805,0.0797,0.0797,1183057.0
2026-08-12 14:00:00+00:00,0.0797,0.0798,0.0789,0.079,2897043.0
2026-08-12 15:00:00+00:00,0.079,0.0796,0.079,0.0791,1433925.0
2026-08-12 16:00:00+00:00,0.0792,0.0794,0.0786,0.0787,864950.0
2026-08-12 17:00:00+00:00,0.0787,0.0793,0.0787,0.079,444058.0
2026-08-12 18:00:00+00:00,0.079,0.0792,0.0789,0.079,324457.0
2026-08-12 19:00:00+00:00,0.0789,0.0791,0.0788,0.0791,531844.0
2026-08-12 20:00:00+00:00,0.0791,0.0798,0.0791,0.0796,459722.0
2026-08-12 21:00:00+00:00,0.0797,0.0797,0.0783,0.0788,1506719.0
2026-08-12 22:00:00+00:00,0.0787,0.0791,0.0787,0.0789,378892.0
2026-08-12 23:00:00+00:00,0.0788,0.0791,0.0787,0.0791,613604.0
2026-08-13 00:00:00+00:00,0.0791,0.0793,0.079,0.079,318076.0
2026-08-13 01:00:00+00:00,0.079,0.0794,0.0789,0.0791,305945.0
2026-08-13 02:00:00+00:00,0.079,0.079,0.0784,0.0786,415317.0
2026-08-13 03:00:00+00:00,0.0786,0.0792,0.0786,0.079,577437.0
2026-08-13 04:00:00+00:00,0.0791,0.0793,0.079,0.0792,502040.0
2026-08-13 05:00:00+00:00,0.0791,0.0795,0.079,0.0794,357414.0
2026-08-13 06:00:00+00:00,0.0794,0.0797,0.0793,0.0795,554463.0
2026-08-13 07:00:00+00:00,0.0794,0.0796,0.0793,0.0793,246578.0
2026-08-13 08:00:00+00:00,0.0794,0.0797,0.0793,0.0796,487730.0
2026-08-13 09:00:00+00:00,0.0796,0.0796,0.0792,0.0794,573826.0
2026-08-13 10:00:00+00:00,0.0794,0.0794,0.0788,0.0789,433949.0
2026-08-13 11:00:00+00:00,0.0789,0.0792,0.0789,0.079,190382.0
2026-08-13 12:00:00+00:00,0.0791,0.0806,0.079,0.0803,1445539.0
2026-08-13 13:00:00+00:00,0.0803,0.0803,0.0793,0.0802,1200794.0
2026-08-13 14:00:00+00:00,0.0801,0.0801,0.0795,0.0797,535628.0
2026-08-13 15:00:00+00:00,0.0797,0.0798,0.079,0.079,556398.0
2026-08-13 16:00:00+00:00,0.079,0.0792,0.0779,0.0785,1932539.0
2026-08-13 17:00:00+00:00,0.0785,0.0786,0.0784,0.0785,428255.0
2026-08-13 18:00:00+00:00,0.0786,0.0788,0.0785,0.0787,671993.0
2026-08-13 19:00:00+00:00,0.0787,0.0789,0.0785,0.0786,714606.0
2026-08-13 20:00:00+00:00,0.0787,0.0788,0.0786,0.0787,172612.0
2026-08-13 21:00:00+00:00,0.0786,0.0788,0.0786,0.0788,231550.0
2026-08-13 22:00:00+00:00,0.0788,0.079,0.0788,0.0789,469378.0
2026-08-13 23:00:00+00:00,0.0789,0.079,0.0787,0.0787,168255.0
2026-08-14 00:00:00+00:00,0.0787,0.0788,0.0785,0.0787,274795.0
2026-08-14 01:00:00+00:00,0.0787,0.0788,0.0785,0.0787,265397.0
2026-08-14 02:00:00+00:00,0.0787,0.0789,0.0786,0.0788,649537.0
2026-08-14 03:00:00+00:00,0.0788,0.0788,0.0783,0.0783,682057.0
2026-08-14 04:00:00+00:00,0.0783,0.0787,0.0783,0.0785,395350.0
2026-08-14 05:00:00+00:00,0.0785,0.0788,0.0784,0.0788,235077.0
2026-08-14 06:00:00+00:00,0.0788,0.0788,0.0782,0.0782,273355.0
2026-08-14 07:00:00+00:00,0.0782,0.0786,0.0782,0.0786,482864.0
2026-08-14 08:00:00+00:00,0.0786,0.0787,0.0785,0.0787,401791.0
2026-08-14 09:00:00+00:00,0.0787,0.0788,0.0783,0.0784,224400.0
2026-08-14 10:00:00+00:00,0.0784,0.0788,0.0783,0.0784,420297.0
2026-08-14 11:00:00+00:00,0.0784,0.0792,0.0784,0.0789,470581.0
2026-08-14 12:00:00+00:00,0.0789,0.079,0.0784,0.0785,337481.0
2026-08-14 13:00:00+00:00,0.0785,0.0795,0.0785,0.0793,720215.0
2026-08-14 14:00:00+00:00,0.0794,0.0796,0.0791,0.0794,670460.0
2026-08-14 15:00:00+00:00,0.0794,0.0803,0.0792,0.0802,1035172.0
2026-08-14 16:00:00+00:00,0.0802,0.0807,0.0799,0.0803,950276.0
2026-08-14 17:00:00+00:00,0.0803,0.0809,0.0798,0.08,1642130.0
2026-08-14 18:00:00+00:00,0.08,0.0802,0.0794,0.0795,613586.0
2026-08-14 19:00:00+00:00,0.0795,0.0796,0.0792,0.0793,340845.0
2026-08-14 20:00:00+00:00,0.0793,0.0795,0.0792,0.0793,304404.0
2026-08-14 21:00:00+00:00,0.0793,0.0794,0.079,0.0791,269312.0
2026-08-14 22:00:00+00:00,0.0791,0.0792,0.0789,0.0791,688359.0
2026-08-14 23:00:00+00:00,0.0791,0.0797,0.079,0.0797,438407.0
2026-08-15 00:00:00+00:00,0.0796,0.0797,0.0793,0.0797,232845.0
2026-08-15 01:00:00+00:00,0.0796,0.0796,0.0789,0.0794,392598.0
2026-08-15 02:00:00+00:00,0.0794,0.08,0.0794,0.0799,250963.0
2026-08-15 03:00:00+00:00,0.0799,0.0799,0.0795,0.0797,200714.0
2026-08-15 04:00:00+00:00,0.0797,0.0799,0.0796,0.0797,305278.0
2026-08-15 05:00:00+00:00,0.0797,0.0797,0.0795,0.0795,177876.0
2026-08-15 06:00:00+00:00,0.0795,0.0797,0.0795,0.0795,111190.0
2026-08-15 07:00:00+00:00,0.0795,0.0796,0.0792,0.0793,306300.0
2026-08-15 08:00:00+00:00,0.0792,0.0794,0.0792,0.0792,175882.0
2026-08-15 09:00:00+00:00,0.0792,0.0797,0.0792,0.0794,296436.0
2026-08-15 10:00:00+00:00,0.0795,0.0796,0.0794,0.0795,90147.0
2026-08-15 11:00:00+00:00,0.0796,0.0799,0.0796,0.0798,282438.0
2026-08-15 12:00:00+00:00,0.0798,0.0799,0.0794,0.0796,376486.0
2026-08-15 13:00:00+00:00,0.0796,0.0801,0.0795,0.0799,470828.0
2026-08-15 14:00:00+00:00,0.0799,0.0801,0.0798,0.08,457465.0
2026-08-15 15:00:00+00:00,0.0799,0.0801,0.0799,0.0799,222570.0
2026-08-15 16:00:00+00:00,0.0799,0.0803,0.0799,0.0799,319270.0
2026-08-15 17:00:00+00:00,0.0799,0.0801,0.0793,0.0794,548730.0
2026-08-15 18:00:00+00:00,0.0795,0.0797,0.0793,0.0795,231989.0
2026-08-15 19:00:00+00:00,0.0796,0.0798,0.0795,0.0797,143251.0
2026-08-15 20:00:00+00:00,0.0797,0.0798,0.0797,0.0798,69088.0
2026-08-15 21:00:00+00:00,0.0798,0.0798,0.0796,0.0796,148859.0
2026-08-15 22:00:00+00:00,0.0796,0.08,0.0796,0.0799,141191.0
2026-08-15 23:00:00+00:00,0.0798,0.0798,0.0794,0.0795,181653.0
2026-08-16 00:00:00+00:00,0.0794,0.0798,0.0794,0.0798,216448.0
2026-08-16 01:00:00+00:00,0.0798,0.0798,0.0789,0.079,627666.0
2026-08-16 02:00:00+00:00,0.079,0.0792,0.079,0.0791,137788.0
2026-08-16 03:00:00+00:00,0.0792,0.0793,0.079,0.079,142159.0
2026-08-16 04:00:00+00:00,0.0791,0.0793,0.079,0.0791,196877.0
2026-08-16 05:00:00+00:00,0.0791,0.0792,0.079,0.079,193580.0
2026-08-16 06:00:00+00:00,0.0791,0.0792,0.0785,0.079,903933.0
2026-08-16 07:00:00+00:00,0.079,0.0792,0.079,0.0792,128375.0
2026-08-16 08:00:00+00:00,0.0793,0.0794,0.0792,0.0794,80088.0
2026-08-16 09:00:00+00:00,0.0794,0.0794,0.0791,0.0793,90705.0
2026-08-16 10:00:00+00:00,0.0792,0.0792,0.0789,0.0792,691719.0
2026-08-16 11:00:00+00:00,0.0792,0.0793,0.079,0.0792,203241.0
2026-08-16 12:00:00+00:00,0.0791,0.0791,0.0788,0.079,123387.0
2026-08-16 13:00:00+00:00,0.079,0.0791,0.0787,0.0789,517344.0
2026-08-16 14:00:00+00:00,0.0789,0.0789,0.0787,0.0789,160793.0
2026-08-16 15:00:00+00:00,0.0788,0.0792,0.0788,0.079,154521.0
2026-08-16 16:00:00+00:00,0.079,0.0793,0.0789,0.079,474394.0
2026-08-16 17:00:00+00:00,0.0791,0.0793,0.079,0.0792,332060.0
2026-08-16 18:00:00+00:00,0.0792,0.0792,0.0785,0.0787,235452.0
2026-08-16 19:00:00+00:00,0.0787,0.0789,0.0787,0.0788,291534.0
2026-08-16 20:00:00+00:00,0.0787,0.0789,0.0785,0.0786,253404.0
2026-08-16 21:00:00+00:00,0.0787,0.0787,0.0774,0.0781,1480363.0
2026-08-16 22:00:00+00:00,0.078,0.0784,0.0779,0.0784,305802.0
2026-08-16 23:00:00+00:00,0.0784,0.0785,0.0783,0.0784,93886.0
2026-08-17 00:00:00+00:00,0.0784,0.0787,0.0782,0.0787,310053.0
2026-08-17 01:00:00+00:00,0.0787,0.0797,0.0787,0.0797,434083.0
2026-08-17 02:00:00+00:00,0.0797,0.0801,0.0797,0.0797,968203.0
2026-08-17 03:00:00+00:00,0.0797,0.0798,0.0792,0.0794,657480.0
2026-08-17 04:00:00+00:00,0.0794,0.0796,0.0792,0.0793,296167.0
2026-08-17 05:00:00+00:00,0.0792,0.0793,0.079,0.0791,204197.0
2026-08-17 06:00:00+00:00,0.079,0.0792,0.0788,0.0789,135644.0
2026-08-17 07:00:00+00:00,0.0789,0.0791,0.0788,0.079,121004.0
2026-08-17 08:00:00+00:00,0.079,0.079,0.0785,0.0788,865863.0
2026-08-17 09:00:00+00:00,0.0789,0.0789,0.0786,0.0787,108958.0
2026-08-17 10:00:00+00:00,0.0787,0.0788,0.0785,0.0787,164983.0
2026-08-17 11:00:00+00:00,0.0787,0.0789,0.0786,0.0786,409869.0
2026-08-17 12:00:00+00:00,0.0787,0.0787,0.0783,0.0785,2459326.0
2026-08-17 13:00:00+00:00,0.0786,0.0794,0.0785,0.0793,575834.0
2026-08-17 14:00:00+00:00,0.0793,0.0794,0.0785,0.0786,387415.0
2026-08-17 15:00:00+00:00,0.0786,0.0788,0.0785,0.0788,457146.0
2026-08-17 16:00:00+00:00,0.0788,0.0789,0.0786,0.0787,300478.0
2026-08-17 17:00:00+00:00,0.0787,0.0791,0.0785,0.0787,267509.0
2026-08-17 18:00:00+00:00,0.0787,0.0788,0.0785,0.0785,109836.0
2026-08-17 19:00:00+00:00,0.0785,0.0786,0.0784,0.0785,133622.0
2026-08-17 20:00:00+00:00,0.0784,0.0786,0.0784,0.0785,94491.0
2026-08-17 21:00:00+00:00,0.0785,0.0786,0.0784,0.0785,89862.0
2026-08-17 22:00:00+00:00,0.0785,0.0785,0.0783,0.0785,231764.0
2026-08-17 23:00:00+00:00,0.0784,0.0788,0.0784,0.0785,99334.0
2026-08-18 00:00:00+00:00,0.0785,0.0789,0.078,0.0781,723666.0
2026-08-18 01:00:00+00:00,0.0781,0.0783,0.078,0.0781,317789.0
2026-08-18 02:00:00+00:00,0.0781,0.0782,0.0769,0.0772,2004945.0
2026-08-18 03:00:00+00:00,0.0771,0.0773,0.0767,0.0771,849705.0
2026-08-18 04:00:00+00:00,0.0771,0.0773,0.077,0.0772,389407.0
2026-08-18 05:00:00+00:00,0.0772,0.0774,0.0771,0.0774,269822.0
2026-08-18 06:00:00+00:00,0.0774,0.0777,0.0773,0.0774,288442.0
2026-08-18 07:00:00+00:00,0.0775,0.0778,0.0773,0.0775,284595.0
2026-08-18 08:00:00+00:00,0.0774,0.0774,0.0771,0.0774,141305.0
2026-08-18 09:00:00+00:00,0.0773,0.0774,0.077,0.0771,187482.0
2026-08-18 10:00:00+00:00,0.0771,0.0772,0.0769,0.0772,304449.0
2026-08-18 11:00:00+00:00,0.0772,0.0776,0.0772,0.0774,316735.0
2026-08-18 12:00:00+00:00,0.0774,0.0775,0.0771,0.0771,275491.0
2026-08-18 13:00:00+00:00,0.0772,0.0773,0.077,0.0771,301217.0
2026-08-18 14:00:00+00:00,0.0772,0.078,0.0771,0.078,404584.0
2026-08-18 15:00:00+00:00,0.078,0.0783,0.0777,0.0782,1211826.0
2026-08-18 16:00:00+00:00,0.0783,0.0783,0.0779,0.0779,550940.0
2026-08-18 17:00:00+00:00,0.0779,0.0782,0.0779,0.0781,304249.0
2026-08-18 18:00:00+00:00,0.0781,0.0784,0.078,0.0783,184811.0
2026-08-18 19:00:00+00:00,0.0783,0.0784,0.0779,0.078,133133.0
2026-08-18 20:00:00+00:00,0.0779,0.0781,0.0776,0.0776,740318.0
2026-08-18 21:00:00+00:00,0.0775,0.0776,0.0774,0.0775,194507.0
2026-08-18 22:00:00+00:00,0.0776,0.0777,0.0775,0.0776,79009.0
2026-08-18 23:00:00+00:00,0.0775,0.0781,0.0775,0.078,518505.0
2026-08-19 00:00:00+00:00,0.0779,0.078,0.0777,0.0779,256880.0
2026-08-19 01:00:00+00:00,0.0778,0.0781,0.0777,0.0778,651580.0
2026-08-19 02:00:00+00:00,0.0777,0.0789,0.0776,0.0786,903936.0
2026-08-19 03:00:00+00:00,0.0786,0.0795,0.0785,0.0794,696230.0
2026-08-19 04:00:00+00:00,0.0794,0.0797,0.0784,0.0786,580536.0
2026-08-19 05:00:00+00:00,0.0786,0.0789,0.0785,0.0785,429173.0
2026-08-19 06:00:00+00:00,0.0786,0.0788,0.0785,0.0786,174996.0
2026-08-19 07:00:00+00:00,0.0787,0.0792,0.0787,0.0792,808733.0
2026-08-19 08:00:00+00:00,0.0792,0.0796,0.0788,0.0794,746711.0
2026-08-19 09:00:00+00:00,0.0794,0.0794,0.079,0.0793,639623.0
2026-08-19 10:00:00+00:00,0.0792,0.0797,0.0791,0.0796,522073.0
2026-08-19 11:00:00+00:00,0.0796,0.0801,0.0794,0.0797,667725.0
2026-08-19 12:00:00+00:00,0.0798,0.0804,0.0796,0.0797,962370.0
2026-08-19 13:00:00+00:00,0.0797,0.0798,0.0793,0.0795,452225.0
2026-08-19 14:00:00+00:00,0.0794,0.0804,0.0794,0.0802,757054.0
2026-08-19 15:00:00+00:00,0.0802,0.0824,0.0799,0.0807,6432081.0
2026-08-19 16:00:00+00:00,0.0807,0.0814,0.0806,0.0809,2189436.0
2026-08-19 17:00:00+00:00,0.0809,0.081,0.0803,0.0805,595367.0
2026-08-19 18:00:00+00:00,0.0805,0.081,0.0804,0.0807,554343.0
2026-08-19 19:00:00+00:00,0.0807,0.081,0.0804,0.0809,331282.0
2026-08-19 20:00:00+00:00,0.081,0.0819,0.0807,0.0817,1524498.0
2026-08-19 21:00:00+00:00,0.0817,0.083,0.0816,0.0827,2758989.0
2026-08-19 22:00:00+00:00,0.0827,0.0828,0.0815,0.082,2207316.0
2026-08-19 23:00:00+00:00,0.082,0.0824,0.0816,0.0821,1765791.0
2026-08-20 00:00:00+00:00,0.0822,0.0834,0.082,0.0823,2659219.0
2026-08-20 01:00:00+00:00,0.0823,0.0828,0.0821,0.0825,1437299.0
2026-08-20 02:00:00+00:00,0.0825,0.0832,0.0824,0.0827,3450531.0
2026-08-20 03:00:00+00:00,0.0826,0.0836,0.0821,0.0834,1273177.0
2026-08-20 04:00:00+00:00,0.0833,0.0838,0.0831,0.0834,1358778.0
2026-08-20 05:00:00+00:00,0.0834,0.0842,0.0832,0.0839,863002.0
2026-08-20 06:00:00+00:00,0.0839,0.0846,0.0832,0.084,2709611.0
2026-08-20 07:00:00+00:00,0.0841,0.0842,0.0835,0.0838,801236.0
2026-08-20 08:00:00+00:00,0.0838,0.0852,0.0837,0.0847,3080701.0
2026-08-20 09:00:00+00:00,0.0847,0.0849,0.0844,0.0849,1356000.0
2026-08-20 10:00:00+00:00,0.0849,0.0859,0.0848,0.0857,1352650.0
2026-08-20 11:00:00+00:00,0.0858,0.0862,0.0854,0.0858,1421967.0
2026-08-20 12:00:00+00:00,0.0859,0.0864,0.0844,0.085,1523328.0
2026-08-20 13:00:00+00:00,0.085,0.0858,0.0848,0.0857,1928687.0
2026-08-20 14:00:00+00:00,0.0858,0.0865,0.0854,0.0865,2076079.0
2026-08-20 15:00:00+00:00,0.0864,0.087,0.0861,0.0865,1605463.0
2026-08-20 16:00:00+00:00,0.0865,0.0874,0.0864,0.0874,1359421.0
2026-08-20 17:00:00+00:00,0.0874,0.0882,0.0869,0.087,3436605.0
2026-08-20 18:00:00+00:00,0.0871,0.0871,0.0855,0.0856,6261044.0
2026-08-20 19:00:00+00:00,0.0855,0.0858,0.0853,0.0856,469760.0
2026-08-20 20:00:00+00:00,0.0857,0.0866,0.0857,0.0866,867007.0
2026-08-20 21:00:00+00:00,0.0866,0.0873,0.0865,0.0873,733996.0
2026-08-20 22:00:00+00:00,0.0874,0.0884,0.0872,0.0879,1257550.0
2026-08-20 23:00:00+00:00,0.0878,0.0885,0.0877,0.0885,1515206.0
2026-08-21 00:00:00+00:00,0.0885,0.0893,0.088,0.0887,1328030.0
2026-08-21 01:00:00+00:00,0.0887,0.0893,0.0875,0.0889,2494379.0
2026-08-21 02:00:00+00:00,0.089,0.0891,0.0883,0.0884,1188486.0
2026-08-21 03:00:00+00:00,0.0883,0.0887,0.0874,0.0885,1970114.0
2026-08-21 04:00:00+00:00,0.0885,0.0889,0.0883,0.0883,683626.0
2026-08-21 05:00:00+00:00,0.0883,0.0895,0.0882,0.0893,890680.0
2026-08-21 06:00:00+00:00,0.0893,0.0899,0.0891,0.0895,1292966.0
2026-08-21 07:00:00+00:00,0.0895,0.0908,0.0894,0.0904,1964425.0
2026-08-21 08:00:00+00:00,0.0905,0.0926,0.0904,0.0924,3433069.0
2026-08-21 09:00:00+00:00,0.0925,0.0926,0.0903,0.0921,4330042.0
2026-08-21 10:00:00+00:00,0.0921,0.0928,0.0914,0.0927,2456298.0
2026-08-21 11:00:00+00:00,0.0927,0.0937,0.0918,0.0923,3988286.0
2026-08-21 12:00:00+00:00,0.0924,0.095,0.0923,0.0949,2532444.0
2026-08-21 13:00:00+00:00,0.0949,0.095,0.093,0.0942,1966695.0
2026-08-21 14:00:00+00:00,0.0942,0.0948,0.0932,0.0945,1704711.0
2026-08-21 15:00:00+00:00,0.0945,0.0954,0.0937,0.0941,3327556.0
2026-08-21 16:00:00+00:00,0.0942,0.0945,0.093,0.0937,1743330.0
2026-08-21 17:00:00+00:00,0.0936,0.0946,0.0935,0.0944,761642.0
2026-08-21 18:00:00+00:00,0.0944,0.0947,0.093,0.0932,696431.0
2026-08-21 19:00:00+00:00,0.0932,0.0938,0.0922,0.0936,857345.0
2026-08-21 20:00:00+00:00,0.0936,0.0944,0.0934,0.0941,781514.0
2026-08-21 21:00:00+00:00,0.0942,0.0968,0.0941,0.0968,1297194.0
2026-08-21 22:00:00+00:00,0.0969,0.0975,0.0959,0.0973,2201827.0
2026-08-21 23:00:00+00:00,0.0974,0.0977,0.0969,0.0974,1311119.0
2026-08-22 00:00:00+00:00,0.0975,0.0977,0.0965,0.0977,1817990.0
2026-08-22 01:00:00+00:00,0.0976,0.0991,0.0976,0.0978,3071304.0
2026-08-22 02:00:00+00:00,0.0979,0.1016,0.0979,0.1014,2281120.0
2026-08-22 03:00:00+00:00,0.1015,0.1025,0.1011,0.1012,2182173.0
2026-08-22 04:00:00+00:00,0.1012,0.1048,0.1007,0.1043,3156798.0
2026-08-22 05:00:00+00:00,0.1043,0.105,0.0913,0.0968,13451086.0
2026-08-22 06:00:00+00:00,0.0968,0.0972,0.0949,0.0968,2393073.0
2026-08-22 07:00:00+00:00,0.0968,0.0974,0.0959,0.0962,1574202.0
2026-08-22 08:00:00+00:00,0.0961,0.0968,0.0947,0.0955,1881092.0
2026-08-22 09:00:00+00:00,0.0955,0.0955,0.094,0.0942,2004230.0
2026-08-22 10:00:00+00:00,0.0942,0.0942,0.0921,0.0934,2103463.0
2026-08-22 11:00:00+00:00,0.0934,0.0936,0.0924,0.0935,815831.0
2026-08-22 12:00:00+00:00,0.0934,0.0944,0.0934,0.0935,769515.0
2026-08-22 13:00:00+00:00,0.0934,0.0935,0.0928,0.0934,752829.0
2026-08-22 14:00:00+00:00,0.0934,0.0934,0.0916,0.0921,1680389.0
2026-08-22 15:00:00+00:00,0.0921,0.0924,0.0914,0.0916,1074323.0
2026-08-22 16:00:00+00:00,0.0917,0.0933,0.0914,0.0932,1505032.0
2026-08-22 17:00:00+00:00,0.0932,0.0939,0.0928,0.0939,490800.0
2026-08-22 18:00:00+00:00,0.0939,0.0939,0.0928,0.0934,443718.0
2026-08-22 19:00:00+00:00,0.0933,0.0939,0.0932,0.0937,495428.0
2026-08-22 20:00:00+00:00,0.0937,0.0942,0.0934,0.0937,542051.0
2026-08-22 21:00:00+00:00,0.0937,0.0937,0.0917,0.0917,1162921.0
2026-08-22 22:00:00+00:00,0.0917,0.0928,0.0913,0.0925,548527.0
2026-08-22 23:00:00+00:00,0.0925,0.0926,0.0919,0.0924,297406.0
2026-08-23 00:00:00+00:00,0.0925,0.095,0.0923,0.0942,1282068.0
2026-08-23 01:00:00+00:00,0.0942,0.0942,0.0926,0.0928,856994.0
2026-08-23 02:00:00+00:00,0.0928,0.0928,0.0916,0.0916,884310.0
2026-08-23 03:00:00+00:00,0.0916,0.0916,0.0899,0.0902,2597658.0
2026-08-23 04:00:00+00:00,0.0902,0.0907,0.0888,0.0889,1850830.0
2026-08-23 05:00:00+00:00,0.089,0.0897,0.0879,0.0889,1779482.0
2026-08-23 06:00:00+00:00,0.0888,0.0898,0.0886,0.0893,923667.0
2026-08-23 07:00:00+00:00,0.0894,0.0903,0.0893,0.0899,635172.0
2026-08-23 08:00:00+00:00,0.0898,0.0907,0.0897,0.0906,1179184.0
2026-08-23 09:00:00+00:00,0.0907,0.0914,0.0906,0.0914,441841.0
2026-08-23 10:00:00+00:00,0.0914,0.0923,0.0913,0.092,966235.0
2026-08-23 11:00:00+00:00,0.0921,0.0936,0.0921,0.0934,1341577.0
2026-08-23 12:00:00+00:00,0.0934,0.094,0.093,0.0934,1216879.0
2026-08-23 13:00:00+00:00,0.0934,0.0943,0.0934,0.0942,1113017.0
2026-08-23 14:00:00+00:00,0.0942,0.0945,0.0922,0.0934,2464227.0
2026-08-23 15:00:00+00:00,0.0934,0.0937,0.0924,0.0933,1196142.0
2026-08-23 16:00:00+00:00,0.0934,0.0936,0.093,0.0933,404349.0
2026-08-23 17:00:00+00:00,0.0933,0.094,0.0928,0.0934,705683.0
2026-08-23 18:00:00+00:00,0.0935,0.094,0.0932,0.0936,521528.0
2026-08-23 19:00:00+00:00,0.0936,0.0937,0.0932,0.0932,496122.0
2026-08-23 20:00:00+00:00,0.0933,0.0935,0.0929,0.0931,256537.0
2026-08-23 21:00:00+00:00,0.0932,0.0946,0.0932,0.0941,974572.0
2026-08-23 22:00:00+00:00,0.094,0.0942,0.0935,0.0939,879003.0
2026-08-23 23:00:00+00:00,0.0938,0.0947,0.0937,0.094,2102308.0
2026-08-24 00:00:00+00:00,0.0939,0.0939,0.092,0.093,1087548.0
2026-08-24 01:00:00+00:00,0.093,0.093,0.0914,0.0914,1170507.0
2026-08-24 02:00:00+00:00,0.0914,0.0925,0.0911,0.0922,643067.0
2026-08-24 03:00:00+00:00,0.0923,0.0923,0.0912,0.0912,739297.0
2026-08-24 04:00:00+00:00,0.0912,0.0928,0.0911,0.0924,902383.0
2026-08-24 05:00:00+00:00,0.0924,0.0931,0.0918,0.0925,1098663.0
2026-08-24 06:00:00+00:00,0.0925,0.0929,0.0918,0.0923,553531.0
2026-08-24 07:00:00+00:00,0.0923,0.0932,0.0919,0.0919,452272.0
2026-08-24 08:00:00+00:00,0.0919,0.0923,0.0912,0.0915,580097.0
2026-08-24 09:00:00+00:00,0.0915,0.0926,0.0914,0.092,366053.0
2026-08-24 10:00:00+00:00,0.092,0.0926,0.0916,0.0918,575698.0
2026-08-24 11:00:00+00:00,0.0918,0.0937,0.0914,0.0936,1300490.0
2026-08-24 12:00:00+00:00,0.0935,0.0938,0.0921,0.0936,1804264.0
2026-08-24 13:00:00+00:00,0.0936,0.0937,0.0909,0.0915,2196738.0
2026-08-24 14:00:00+00:00,0.0916,0.0934,0.0916,0.0931,1593355.0
2026-08-24 15:00:00+00:00,0.093,0.0946,0.0924,0.0928,1283196.0
2026-08-24 16:00:00+00:00,0.0929,0.0939,0.0927,0.0931,693119.0
2026-08-24 17:00:00+00:00,0.093,0.093,0.0913,0.0921,1647754.0
2026-08-24 18:00:00+00:00,0.0921,0.0946,0.0921,0.0923,6005378.0
2026-08-24 19:00:00+00:00,0.0924,0.0926,0.0917,0.0919,542535.0
2026-08-24 20:00:00+00:00,0.0919,0.0922,0.0914,0.092,734214.0
2026-08-24 21:00:00+00:00,0.092,0.0923,0.0918,0.0919,529677.0
2026-08-24 22:00:00+00:00,0.0919,0.092,0.0915,0.0915,556919.0
2026-08-24 23:00:00+00:00,0.0915,0.0918,0.0911,0.0918,440930.0
2026-08-25 00:00:00+00:00,0.0918,0.0934,0.0915,0.0931,1009874.0
2026-08-25 01:00:00+00:00,0.093,0.0931,0.0918,0.0923,1043227.0
2026-08-25 02:00:00+00:00,0.0924,0.0941,0.0922,0.0934,1764659.0
2026-08-25 03:00:00+00:00,0.0934,0.0953,0.0932,0.0938,1430077.0
2026-08-25 04:00:00+00:00,0.0938,0.0947,0.0937,0.094,2585479.0
2026-08-25 05:00:00+00:00,0.0939,0.0948,0.0938,0.0945,1344476.0
2026-08-25 06:00:00+00:00,0.0945,0.0948,0.0937,0.094,1135563.0
2026-08-25 07:00:00+00:00,0.0941,0.0947,0.0924,0.0932,1317221.0
2026-08-25 08:00:00+00:00,0.0932,0.0939,0.0931,0.0932,739602.0
2026-08-25 09:00:00+00:00,0.0932,0.0935,0.0922,0.0926,1166256.0
2026-08-25 10:00:00+00:00,0.0926,0.093,0.0922,0.0925,560544.0
2026-08-25 11:00:00+00:00,0.0925,0.0932,0.0923,0.0928,514363.0
2026-08-25 12:00:00+00:00,0.0928,0.0932,0.0921,0.0925,1030738.0
2026-08-25 13:00:00+00:00,0.0925,0.0927,0.0905,0.0915,3013559.0
2026-08-25 14:00:00+00:00,0.0915,0.0926,0.0913,0.0923,1204810.0
2026-08-25 15:00:00+00:00,0.0923,0.0923,0.0911,0.0916,1096374.0
2026-08-25 16:00:00+00:00,0.0916,0.0918,0.0909,0.0911,685075.0
2026-08-25 17:00:00+00:00,0.0911,0.0913,0.0906,0.0912,682708.0
2026-08-25 18:00:00+00:00,0.0911,0.0914,0.0909,0.091,502807.0
2026-08-25 19:00:00+00:00,0.091,0.0911,0.0902,0.0903,584736.0
2026-08-25 20:00:00+00:00,0.0903,0.0906,0.0888,0.0889,2528242.0
2026-08-25 21:00:00+00:00,0.0889,0.0893,0.0879,0.0891,1003077.0
2026-08-25 22:00:00+00:00,0.0892,0.09,0.0892,0.0897,489165.0
2026-08-25 23:00:00+00:00,0.0897,0.0899,0.0889,0.0891,464605.0
2026-08-26 00:00:00+00:00,0.0891,0.09,0.0888,0.0899,695574.0
2026-08-26 01:00:00+00:00,0.0898,0.0903,0.0897,0.0902,383834.0
2026-08-26 02:00:00+00:00,0.0902,0.0911,0.0899,0.0908,288587.0
2026-08-26 03:00:00+00:00,0.0908,0.091,0.0898,0.0902,805035.0
2026-08-26 04:00:00+00:00,0.0901,0.0907,0.0898,0.0899,739062.0
2026-08-26 05:00:00+00:00,0.0898,0.0906,0.0895,0.0903,1739896.0
2026-08-26 06:00:00+00:00,0.0902,0.0909,0.0893,0.0902,3606839.0
2026-08-26 07:00:00+00:00,0.0901,0.0908,0.0899,0.0903,951213.0
2026-08-26 08:00:00+00:00,0.0903,0.0909,0.0899,0.0899,663647.0
2026-08-26 09:00:00+00:00,0.09,0.0902,0.0886,0.089,714722.0
2026-08-26 10:00:00+00:00,0.0889,0.0903,0.0884,0.0902,923709.0
2026-08-26 11:00:00+00:00,0.0903,0.0904,0.0895,0.0897,454212.0
2026-08-26 12:00:00+00:00,0.0897,0.0904,0.0891,0.09,863388.0
2026-08-26 13:00:00+00:00,0.0899,0.0901,0.0889,0.0896,1971755.0
2026-08-26 14:00:00+00:00,0.0896,0.0901,0.0881,0.0881,1337960.0
2026-08-26 15:00:00+00:00,0.0882,0.0885,0.0874,0.0882,1026082.0
2026-08-26 16:00:00+00:00,0.0883,0.0885,0.0874,0.088,533145.0
2026-08-26 17:00:00+00:00,0.088,0.0892,0.088,0.0885,489948.0
2026-08-26 18:00:00+00:00,0.0885,0.0887,0.0882,0.0884,743846.0
2026-08-26 19:00:00+00:00,0.0884,0.0885,0.0873,0.0877,908181.0
2026-08-26 20:00:00+00:00,0.0878,0.0879,0.0869,0.0878,1369541.0
2026-08-26 21:00:00+00:00,0.0879,0.0889,0.0879,0.0888,687137.0
2026-08-26 22:00:00+00:00,0.0887,0.0895,0.0887,0.0891,970229.0
2026-08-26 23:00:00+00:00,0.0891,0.0904,0.0891,0.0902,293284.0
2026-08-27 00:00:00+00:00,0.0902,0.0903,0.0895,0.0895,1019899.0
2026-08-27 01:00:00+00:00,0.0895,0.0909,0.0895,0.0906,699971.0
2026-08-27 02:00:00+00:00,0.0907,0.091,0.0899,0.09,410869.0
2026-08-27 03:00:00+00:00,0.09,0.0903,0.0895,0.0898,458460.0
2026-08-27 04:00:00+00:00,0.0898,0.09,0.089,0.0892,497856.0
2026-08-27 05:00:00+00:00,0.0892,0.0899,0.0889,0.0899,333505.0
2026-08-27 06:00:00+00:00,0.0898,0.0905,0.0894,0.0903,737824.0
2026-08-27 07:00:00+00:00,0.0903,0.0912,0.0903,0.0911,897724.0
2026-08-27 08:00:00+00:00,0.0911,0.0925,0.0911,0.0923,1694717.0
2026-08-27 09:00:00+00:00,0.0923,0.0927,0.0915,0.0917,963599.0
2026-08-27 10:00:00+00:00,0.0916,0.092,0.0902,0.0907,1392741.0
2026-08-27 11:00:00+00:00,0.0908,0.091,0.0899,0.0904,644432.0
2026-08-27 12:00:00+00:00,0.0905,0.0909,0.0904,0.0905,551291.0
2026-08-27 13:00:00+00:00,0.0905,0.0909,0.0901,0.0909,754425.0
2026-08-27 14:00:00+00:00,0.0909,0.0913,0.0901,0.0908,825405.0
2026-08-27 15:00:00+00:00,0.0909,0.0913,0.0907,0.0911,1274314.0
2026-08-27 16:00:00+00:00,0.0911,0.0921,0.0908,0.0914,1803754.0
2026-08-27 17:00:00+00:00,0.0913,0.092,0.0909,0.0912,474321.0
2026-08-27 18:00:00+00:00,0.0911,0.0912,0.0899,0.0907,928380.0
2026-08-27 19:00:00+00:00,0.0908,0.091,0.0906,0.0908,369788.0
2026-08-27 20:00:00+00:00,0.0908,0.0914,0.0906,0.0913,342785.0
2026-08-27 21:00:00+00:00,0.0913,0.0914,0.091,0.0914,139842.0
2026-08-27 22:00:00+00:00,0.0915,0.0916,0.0912,0.0913,131317.0
2026-08-27 23:00:00+00:00,0.0913,0.0916,0.091,0.0912,227104.0
2026-08-28 00:00:00+00:00,0.0911,0.0917,0.0909,0.0914,805191.0
2026-08-28 01:00:00+00:00,0.0914,0.0923,0.0911,0.0912,1245617.0
2026-08-28 02:00:00+00:00,0.0911,0.0912,0.0888,0.0891,909553.0
2026-08-28 03:00:00+00:00,0.0891,0.0897,0.0888,0.0896,358929.0
2026-08-28 04:00:00+00:00,0.0896,0.0896,0.0887,0.0896,495055.0
2026-08-28 05:00:00+00:00,0.0895,0.0895,0.089,0.0893,259249.0
2026-08-28 06:00:00+00:00,0.0893,0.0898,0.0893,0.0897,198901.0
2026-08-28 07:00:00+00:00,0.0896,0.0897,0.0888,0.0892,342575.0
2026-08-28 08:00:00+00:00,0.0892,0.0894,0.0883,0.0884,425904.0
2026-08-28 09:00:00+00:00,0.0884,0.0888,0.0882,0.0883,530700.0
2026-08-28 10:00:00+00:00,0.0883,0.0891,0.0878,0.0891,421348.0
2026-08-28 11:00:00+00:00,0.0891,0.0892,0.0887,0.0891,667386.0
2026-08-28 12:00:00+00:00,0.089,0.0891,0.0884,0.0887,305168.0
2026-08-28 13:00:00+00:00,0.0887,0.089,0.0883,0.0885,700343.0
2026-08-28 14:00:00+00:00,0.0884,0.0895,0.0871,0.0892,1970211.0
2026-08-28 15:00:00+00:00,0.0893,0.0895,0.0876,0.0877,505280.0
2026-08-28 16:00:00+00:00,0.0877,0.0878,0.0854,0.0868,2296359.0
2026-08-28 17:00:00+00:00,0.0868,0.0872,0.0865,0.0867,457287.0
2026-08-28 18:00:00+00:00,0.0866,0.0867,0.0856,0.0861,596856.0
2026-08-28 19:00:00+00:00,0.0862,0.0867,0.0862,0.0865,303324.0
2026-08-28 20:00:00+00:00,0.0865,0.0872,0.0864,0.0871,761752.0
2026-08-28 21:00:00+00:00,0.0872,0.0873,0.0862,0.0864,687841.0
2026-08-28 22:00:00+00:00,0.0864,0.0869,0.0863,0.0867,835942.0
2026-08-28 23:00:00+00:00,0.0867,0.0872,0.0866,0.0871,263505.0
2026-08-29 00:00:00+00:00,0.0872,0.0874,0.0869,0.0872,760409.0
2026-08-29 01:00:00+00:00,0.0872,0.0872,0.0869,0.087,176912.0
2026-08-29 02:00:00+00:00,0.087,0.087,0.0861,0.0863,172108.0
2026-08-29 03:00:00+00:00,0.0863,0.0865,0.0857,0.0857,396966.0
2026-08-29 04:00:00+00:00,0.0857,0.0866,0.0857,0.0866,639262.0
2026-08-29 05:00:00+00:00,0.0866,0.0866,0.0864,0.0865,369211.0
2026-08-29 06:00:00+00:00,0.0865,0.0865,0.0858,0.086,111248.0
2026-08-29 07:00:00+00:00,0.0861,0.0863,0.0859,0.086,214189.0
2026-08-29 08:00:00+00:00,0.086,0.086,0.0855,0.0858,308613.0
2026-08-29 09:00:00+00:00,0.0858,0.086,0.0856,0.0858,238357.0
2026-08-29 10:00:00+00:00,0.0857,0.0861,0.0856,0.0859,245774.0
2026-08-29 11:00:00+00:00,0.0858,0.0859,0.0856,0.0857,153549.0
2026-08-29 12:00:00+00:00,0.0857,0.0864,0.0856,0.0862,472705.0
2026-08-29 13:00:00+00:00,0.0861,0.0866,0.0859,0.0866,295524.0
2026-08-29 14:00:00+00:00,0.0866,0.0874,0.0864,0.0872,1015250.0
2026-08-29 15:00:00+00:00,0.0872,0.0872,0.0869,0.0872,352009.0
2026-08-29 16:00:00+00:00,0.0873,0.0882,0.0871,0.0878,593363.0
2026-08-29 17:00:00+00:00,0.0879,0.088,0.087,0.0872,764768.0
2026-08-29 18:00:00+00:00,0.0873,0.0882,0.087,0.0879,443152.0
2026-08-29 19:00:00+00:00,0.0879,0.0879,0.0877,0.0877,247679.0
2026-08-29 20:00:00+00:00,0.0878,0.0881,0.0877,0.0879,168004.0
2026-08-29 21:00:00+00:00,0.0879,0.0881,0.0876,0.0876,167376.0
2026-08-29 22:00:00+00:00,0.0877,0.0879,0.0875,0.0877,210930.0
2026-08-29 23:00:00+00:00,0.0878,0.0879,0.0875,0.0878,246447.0
2026-08-30 00:00:00+00:00,0.0878,0.0881,0.0877,0.0877,239572.0
2026-08-30 01:00:00+00:00,0.0877,0.0878,0.0871,0.0873,386497.0
2026-08-30 02:00:00+00:00,0.0871,0.0878,0.0871,0.0876,221371.0
2026-08-30 03:00:00+00:00,0.0876,0.0879,0.0873,0.0874,287301.0
2026-08-30 04:00:00+00:00,0.0873,0.0876,0.0867,0.0869,212462.0
2026-08-30 05:00:00+00:00,0.0869,0.0873,0.0867,0.087,366545.0
2026-08-30 06:00:00+00:00,0.087,0.0873,0.0868,0.0873,159508.0
2026-08-30 07:00:00+00:00,0.0872,0.0873,0.0869,0.087,180666.0
2026-08-30 08:00:00+00:00,0.087,0.0871,0.0867,0.087,130734.0
2026-08-30 09:00:00+00:00,0.087,0.087,0.0863,0.0865,287172.0
2026-08-30 10:00:00+00:00,0.0865,0.087,0.0863,0.087,294571.0
2026-08-30 11:00:00+00:00,0.087,0.0872,0.0868,0.0868,358914.0
2026-08-30 12:00:00+00:00,0.0869,0.0874,0.0867,0.0872,408979.0
2026-08-30 13:00:00+00:00,0.0873,0.0875,0.0871,0.0875,158016.0
2026-08-30 14:00:00+00:00,0.0874,0.0875,0.0871,0.0875,281860.0
2026-08-30 15:00:00+00:00,0.0875,0.0875,0.087,0.0874,290411.0
2026-08-30 16:00:00+00:00,0.0875,0.0887,0.0874,0.0887,689808.0
2026-08-30 17:00:00+00:00,0.0888,0.0889,0.0879,0.0884,1105333.0
2026-08-30 18:00:00+00:00,0.0884,0.0889,0.0879,0.0886,347872.0
2026-08-30 19:00:00+00:00,0.0885,0.0888,0.0879,0.0882,1320295.0
2026-08-30 20:00:00+00:00,0.0882,0.0883,0.0871,0.0873,581710.0
2026-08-30 21:00:00+00:00,0.0874,0.0878,0.0865,0.0875,941074.0
2026-08-30 22:00:00+00:00,0.0875,0.0878,0.0866,0.087,342541.0
2026-08-30 23:00:00+00:00,0.087,0.087,0.0836,0.0846,3484126.0
2026-08-31 00:00:00+00:00,0.0846,0.0857,0.0843,0.0853,577137.0
2026-08-31 01:00:00+00:00,0.0853,0.0853,0.0844,0.0845,442651.0
2026-08-31 02:00:00+00:00,0.0845,0.085,0.0836,0.0839,419395.0
2026-08-31 03:00:00+00:00,0.0839,0.0845,0.0838,0.0843,293909.0
2026-08-31 04:00:00+00:00,0.0843,0.0846,0.0839,0.0845,712674.0
2026-08-31 05:00:00+00:00,0.0844,0.0853,0.0844,0.085,408525.0
2026-08-31 06:00:00+00:00,0.085,0.0855,0.085,0.0854,428189.0
2026-08-31 07:00:00+00:00,0.0854,0.0857,0.0854,0.0856,397545.0
2026-08-31 08:00:00+00:00,0.0857,0.0858,0.0852,0.0854,807993.0
2026-08-31 09:00:00+00:00,0.0853,0.0856,0.085,0.085,423397.0
2026-08-31 10:00:00+00:00,0.085,0.0853,0.0848,0.0851,239055.0
2026-08-31 11:00:00+00:00,0.0851,0.0853,0.0847,0.0853,461768.0
2026-08-31 12:00:00+00:00,0.0854,0.0859,0.0846,0.0849,727176.0
2026-08-31 13:00:00+00:00,0.0849,0.0852,0.0842,0.0843,338739.0
2026-08-31 14:00:00+00:00,0.0843,0.0855,0.0842,0.0854,581722.0
2026-08-31 15:00:00+00:00,0.0855,0.0855,0.0847,0.0851,587572.0
2026-08-31 16:00:00+00:00,0.0851,0.0857,0.0851,0.0853,459271.0
2026-08-31 17:00:00+00:00,0.0853,0.0858,0.0852,0.0857,456237.0
2026-08-31 18:00:00+00:00,0.0857,0.0865,0.0856,0.0859,320047.0
2026-08-31 19:00:00+00:00,0.086,0.086,0.0853,0.0856,488417.0
2026-08-31 20:00:00+00:00,0.0857,0.086,0.0856,0.0857,357389.0
2026-08-31 21:00:00+00:00,0.0857,0.0862,0.0852,0.086,227166.0
2026-08-31 22:00:00+00:00,0.086,0.0861,0.0854,0.0855,219398.0
2026-08-31 23:00:00+00:00,0.0855,0.0858,0.0853,0.0856,343897.0
2026-09-01 00:00:00+00:00,0.0856,0.0865,0.0855,0.0861,682733.0
2026-09-01 01:00:00+00:00,0.0862,0.0881,0.0861,0.0879,988507.0
2026-09-01 02:00:00+00:00,0.088,0.0887,0.0876,0.0883,2066578.0
2026-09-01 03:00:00+00:00,0.0884,0.0906,0.0883,0.0905,2058322.0
2026-09-01 04:00:00+00:00,0.0905,0.0908,0.0897,0.0903,1410816.0
2026-09-01 05:00:00+00:00,0.0903,0.0912,0.0902,0.0908,1527442.0
2026-09-01 06:00:00+00:00,0.0906,0.091,0.0897,0.0897,888881.0
2026-09-01 07:00:00+00:00,0.0898,0.09,0.0889,0.0892,791989.0
2026-09-01 08:00:00+00:00,0.0892,0.0893,0.0886,0.0889,1203579.0
2026-09-01 09:00:00+00:00,0.089,0.0899,0.0889,0.0898,535030.0
2026-09-01 10:00:00+00:00,0.0897,0.0905,0.0891,0.09,741660.0
2026-09-01 11:00:00+00:00,0.0899,0.0908,0.0891,0.0907,1254348.0
2026-09-01 12:00:00+00:00,0.0908,0.0913,0.0893,0.0893,1744324.0
2026-09-01 13:00:00+00:00,0.0893,0.0894,0.088,0.0889,2084810.0
2026-09-01 14:00:00+00:00,0.089,0.09,0.089,0.0897,999876.0
2026-09-01 15:00:00+00:00,0.0896,0.0896,0.0884,0.0887,592918.0
2026-09-01 16:00:00+00:00,0.0887,0.0889,0.0877,0.0881,1068807.0
2026-09-01 17:00:00+00:00,0.088,0.0883,0.0877,0.0877,672525.0
2026-09-01 18:00:00+00:00,0.0879,0.0887,0.087,0.0886,1602418.0
2026-09-01 19:00:00+00:00,0.0885,0.089,0.0878,0.0886,556302.0
2026-09-01 20:00:00+00:00,0.0886,0.0886,0.0881,0.0884,451616.0
2026-09-01 21:00:00+00:00,0.0884,0.0885,0.0871,0.0879,668467.0
2026-09-01 22:00:00+00:00,0.0879,0.0882,0.0873,0.0879,614155.0
2026-09-01 23:00:00+00:00,0.0879,0.0884,0.0878,0.0881,536305.0
2026-09-02 00:00:00+00:00,0.0881,0.089,0.0881,0.0882,459836.0
2026-09-02 01:00:00+00:00,0.0881,0.0881,0.0869,0.0874,401813.0
2026-09-02 02:00:00+00:00,0.0873,0.089,0.0871,0.0889,652980.0
2026-09-02 03:00:00+00:00,0.089,0.0901,0.089,0.0898,911681.0
2026-09-02 04:00:00+00:00,0.0897,0.0904,0.0889,0.0904,586875.0
2026-09-02 05:00:00+00:00,0.0904,0.0913,0.0899,0.0909,894461.0
2026-09-02 06:00:00+00:00,0.0909,0.0912,0.0903,0.0909,773267.0
2026-09-02 07:00:00+00:00,0.0908,0.0912,0.0907,0.0907,710888.0
2026-09-02 08:00:00+00:00,0.0908,0.0908,0.0898,0.0899,864165.0
2026-09-02 09:00:00+00:00,0.0899,0.0903,0.0891,0.0892,1114954.0
2026-09-02 10:00:00+00:00,0.0892,0.0892,0.0879,0.0885,758895.0
2026-09-02 11:00:00+00:00,0.0884,0.0893,0.0881,0.089,525188.0
2026-09-02 12:00:00+00:00,0.089,0.0894,0.088,0.0882,759410.0
2026-09-02 13:00:00+00:00,0.0882,0.0899,0.0881,0.0896,481361.0
2026-09-02 14:00:00+00:00,0.0898,0.0904,0.0894,0.0894,695575.0
2026-09-02 15:00:00+00:00,0.0893,0.0909,0.0882,0.0904,3333538.0
2026-09-02 16:00:00+00:00,0.0904,0.0924,0.0903,0.0918,1647345.0
2026-09-02 17:00:00+00:00,0.0918,0.093,0.0908,0.0925,1889039.0
2026-09-02 18:00:00+00:00,0.0925,0.0929,0.0916,0.0927,1340768.0
2026-09-02 19:00:00+00:00,0.0926,0.093,0.0917,0.0924,579998.0
2026-09-02 20:00:00+00:00,0.0923,0.0926,0.0915,0.092,862930.0
2026-09-02 21:00:00+00:00,0.092,0.0927,0.0918,0.0925,685400.0
2026-09-02 22:00:00+00:00,0.0924,0.0933,0.0917,0.0923,1488326.0
2026-09-02 23:00:00+00:00,0.0923,0.0934,0.0923,0.0933,960971.0
2026-09-03 00:00:00+00:00,0.0932,0.0951,0.0927,0.0928,3341889.0
2026-09-03 01:00:00+00:00,0.0928,0.0938,0.0923,0.0927,831123.0
2026-09-03 02:00:00+00:00,0.0927,0.0932,0.092,0.0927,653792.0
2026-09-03 03:00:00+00:00,0.0926,0.0927,0.092,0.092,468128.0
2026-09-03 04:00:00+00:00,0.092,0.0931,0.092,0.0931,377147.0
2026-09-03 05:00:00+00:00,0.0932,0.0932,0.0917,0.0924,525798.0
2026-09-03 06:00:00+00:00,0.0924,0.0925,0.0916,0.0918,1096628.0
2026-09-03 07:00:00+00:00,0.0918,0.0925,0.0914,0.092,892098.0
2026-09-03 08:00:00+00:00,0.092,0.0928,0.0919,0.0928,487414.0
2026-09-03 09:00:00+00:00,0.0928,0.0935,0.0923,0.0923,1062105.0
2026-09-03 10:00:00+00:00,0.0924,0.0928,0.0921,0.0926,435170.0
2026-09-03 11:00:00+00:00,0.0926,0.0929,0.0924,0.0926,619757.0
2026-09-03 12:00:00+00:00,0.0925,0.0942,0.0914,0.0936,3918586.0
2026-09-03 13:00:00+00:00,0.0935,0.0936,0.0923,0.0925,961475.0
2026-09-03 14:00:00+00:00,0.0925,0.0945,0.0925,0.0944,1225213.0
2026-09-03 15:00:00+00:00,0.0945,0.0953,0.0935,0.0949,4255516.0
2026-09-03 16:00:00+00:00,0.095,0.0951,0.094,0.0949,1605623.0
2026-09-03 17:00:00+00:00,0.0949,0.095,0.0945,0.0946,417972.0
2026-09-03 18:00:00+00:00,0.0946,0.095,0.0944,0.0949,300280.0
2026-09-03 19:00:00+00:00,0.0949,0.0952,0.0939,0.0943,2081007.0
2026-09-03 20:00:00+00:00,0.0943,0.0952,0.0923,0.0943,3286637.0
2026-09-03 21:00:00+00:00,0.0942,0.0943,0.0937,0.0938,621216.0
2026-09-03 22:00:00+00:00,0.0937,0.0937,0.0925,0.0928,769875.0
2026-09-03 23:00:00+00:00,0.0928,0.0935,0.0927,0.0933,803234.0
