timestamp,open,high,low,close,volume
2026-03-08 01:00:00+00:00,0.096,0.0966,0.0959,0.0965,810683.7
2026-03-08 02:00:00+00:00,0.0964,0.0964,0.095,0.0952,2077604.3
2026-03-08 03:00:00+00:00,0.0953,0.0957,0.095,0.0955,1381114.5
2026-03-08 04:00:00+00:00,0.0955,0.0957,0.0945,0.0948,1249550.1
2026-03-08 05:00:00+00:00,0.0949,0.0959,0.0948,0.0956,866004.2
2026-03-08 06:00:00+00:00,0.0956,0.0956,0.0948,0.0953,857161.0
2026-03-08 07:00:00+00:00,0.0953,0.096,0.0953,0.0956,814478.6
2026-03-08 08:00:00+00:00,0.0956,0.0957,0.0949,0.0955,1086172.5
2026-03-08 09:00:00+00:00,0.0954,0.0963,0.0953,0.096,2012841.2
2026-03-08 10:00:00+00:00,0.096,0.0971,0.0959,0.0965,1707852.8
2026-03-08 11:00:00+00:00,0.0965,0.0965,0.0953,0.0962,1575442.5
2026-03-08 12:00:00+00:00,0.0961,0.0973,0.095,0.0964,3652943.2
2026-03-08 13:00:00+00:00,0.0964,0.0966,0.0948,0.0958,2353998.8
2026-03-08 14:00:00+00:00,0.0958,0.0961,0.095,0.0955,863560.8
2026-03-08 15:00:00+00:00,0.0955,0.0955,0.0944,0.0949,1768061.2
2026-03-08 16:00:00+00:00,0.0949,0.095,0.0943,0.0945,1407438.6
2026-03-08 17:00:00+00:00,0.0945,0.0955,0.0945,0.095,1142315.7
2026-03-08 18:00:00+00:00,0.0951,0.0952,0.0945,0.095,942168.3
2026-03-08 19:00:00+00:00,0.095,0.0967,0.0949,0.0964,2544211.2
2026-03-08 20:00:00+00:00,0.0964,0.0966,0.0952,0.0956,2989603.5
2026-03-08 21:00:00+00:00,0.0957,0.096,0.0951,0.0959,1718122.4
2026-03-08 22:00:00+00:00,0.0959,0.096,0.0934,0.0955,7062498.6
2026-03-08 23:00:00+00:00,0.0955,0.0958,0.0943,0.0945,3120211.4
2026-03-09 00:00:00+00:00,0.0945,0.0964,0.0942,0.0952,1797440.7
2026-03-09 01:00:00+00:00,0.0951,0.096,0.0946,0.0949,2419469.7
2026-03-09 02:00:00+00:00,0.0948,0.096,0.0945,0.0955,1596024.8
2026-03-09 03:00:00+00:00,0.0955,0.0974,0.0954,0.0959,3344335.6
2026-03-09 04:00:00+00:00,0.096,0.0971,0.0959,0.0965,821405.1
2026-03-09 05:00:00+00:00,0.0965,0.0991,0.0963,0.0988,3544956.5
2026-03-09 06:00:00+00:00,0.0988,0.0989,0.0971,0.0972,1851753.4
2026-03-09 07:00:00+00:00,0.0971,0.0977,0.096,0.0971,1526727.0
2026-03-09 08:00:00+00:00,0.0972,0.0979,0.0969,0.097,1479477.2
2026-03-09 09:00:00+00:00,0.097,0.0983,0.0964,0.0971,2657747.2
2026-03-09 10:00:00+00:00,0.0972,0.0977,0.097,0.0973,1021263.8
2026-03-09 11:00:00+00:00,0.0972,0.0978,0.0966,0.0975,1098230.4
2026-03-09 12:00:00+00:00,0.0974,0.0984,0.0974,0.0976,2972396.2
2026-03-09 13:00:00+00:00,0.0976,0.0996,0.0974,0.0987,4389698.2
2026-03-09 14:00:00+00:00,0.0987,0.0999,0.0979,0.0989,6471580.8
2026-03-09 15:00:00+00:00,0.0988,0.0993,0.098,0.099,2263124.1
2026-03-09 16:00:00+00:00,0.099,0.0998,0.0985,0.0986,1600138.6
2026-03-09 17:00:00+00:00,0.0986,0.0992,0.0985,0.0987,1649075.5
2026-03-09 18:00:00+00:00,0.0987,0.0995,0.0981,0.0984,2011262.3
2026-03-09 19:00:00+00:00,0.0985,0.1012,0.0981,0.0993,3684356.2
2026-03-09 20:00:00+00:00,0.0993,0.0996,0.0984,0.0991,1588702.4
2026-03-09 21:00:00+00:00,0.0992,0.0998,0.0987,0.0991,1570834.0
2026-03-09 22:00:00+00:00,0.0991,0.0992,0.0974,0.0976,2379083.9
2026-03-09 23:00:00+00:00,0.0975,0.098,0.0973,0.0975,1856479.0
2026-03-10 00:00:00+00:00,0.0976,0.0992,0.0973,0.0986,1411762.5
2026-03-10 01:00:00+00:00,0.0986,0.0994,0.0981,0.0989,1399016.1
2026-03-10 02:00:00+00:00,0.099,0.1007,0.0984,0.0999,4348883.5
2026-03-10 03:00:00+00:00,0.0999,0.1001,0.0987,0.0989,1553151.3
2026-03-10 04:00:00+00:00,0.0989,0.1004,0.0989,0.0999,921544.9
2026-03-10 05:00:00+00:00,0.0999,0.1004,0.0992,0.0993,958074.7
2026-03-10 06:00:00+00:00,0.0994,0.0995,0.0988,0.0994,1177041.4
2026-03-10 07:00:00+00:00,0.0993,0.1004,0.0991,0.0999,2439174.0
2026-03-10 08:00:00+00:00,0.1,0.1009,0.0995,0.0999,3875999.4
2026-03-10 09:00:00+00:00,0.0999,0.1012,0.0999,0.1006,2559040.3
2026-03-10 10:00:00+00:00,0.1006,0.1006,0.0995,0.1001,2151885.3
2026-03-10 11:00:00+00:00,0.1001,0.1001,0.0996,0.0999,1278317.9
2026-03-10 12:00:00+00:00,0.0998,0.1,0.0994,0.0997,936606.6
2026-03-10 13:00:00+00:00,0.0998,0.1007,0.0992,0.0998,2747397.0
2026-03-10 14:00:00+00:00,0.0998,0.102,0.0984,0.1019,4988053.7
2026-03-10 15:00:00+00:00,0.1019,0.1022,0.1002,0.1012,3801979.6
2026-03-10 16:00:00+00:00,0.1011,0.1015,0.1002,0.1013,3418911.4
2026-03-10 17:00:00+00:00,0.1012,0.1014,0.0998,0.1005,3832404.2
2026-03-10 18:00:00+00:00,0.1005,0.1006,0.0982,0.0985,5634447.1
2026-03-10 19:00:00+00:00,0.0985,0.0988,0.0979,0.0986,3748887.0
2026-03-10 20:00:00+00:00,0.0985,0.0989,0.0984,0.0987,1083990.8
2026-03-10 21:00:00+00:00,0.0987,0.0991,0.0975,0.0978,3045539.1
2026-03-10 22:00:00+00:00,0.0979,0.0984,0.0972,0.0982,2066015.8
2026-03-10 23:00:00+00:00,0.0982,0.0986,0.098,0.0985,1807957.8
2026-03-11 00:00:00+00:00,0.0984,0.0985,0.0977,0.0983,2260592.8
2026-03-11 01:00:00+00:00,0.0983,0.0985,0.0981,0.0982,789216.3
2026-03-11 02:00:00+00:00,0.0983,0.0983,0.0976,0.0982,843774.5
2026-03-11 03:00:00+00:00,0.0982,0.0984,0.0979,0.0981,851307.3
2026-03-11 04:00:00+00:00,0.0981,0.0987,0.0976,0.0985,1447660.2
2026-03-11 05:00:00+00:00,0.0985,0.0986,0.0971,0.0975,1128918.1
2026-03-11 06:00:00+00:00,0.0975,0.0987,0.0974,0.0985,873427.8
2026-03-11 07:00:00+00:00,0.0985,0.0989,0.098,0.0981,1008145.4
2026-03-11 08:00:00+00:00,0.0981,0.0987,0.098,0.0985,1204733.9
2026-03-11 09:00:00+00:00,0.0985,0.0993,0.0983,0.0985,1417634.6
2026-03-11 10:00:00+00:00,0.0986,0.0998,0.0984,0.0994,2301621.2
2026-03-11 11:00:00+00:00,0.0995,0.0996,0.0988,0.0992,2102237.1
2026-03-11 12:00:00+00:00,0.0992,0.102,0.099,0.1004,10050880.9
2026-03-11 13:00:00+00:00,0.1004,0.1034,0.1003,0.1018,8044403.6
2026-03-11 14:00:00+00:00,0.1018,0.1031,0.1014,0.1015,6072592.1
2026-03-11 15:00:00+00:00,0.1016,0.1016,0.0998,0.1006,3274685.7
2026-03-11 16:00:00+00:00,0.1007,0.102,0.1005,0.1015,4960209.7
2026-03-11 17:00:00+00:00,0.1016,0.1024,0.1006,0.1012,3189900.0
2026-03-11 18:00:00+00:00,0.1013,0.102,0.1012,0.1018,1744319.7
2026-03-11 19:00:00+00:00,0.1019,0.102,0.1008,0.1012,3329788.3
2026-03-11 20:00:00+00:00,0.1012,0.1012,0.1,0.1007,5035901.7
2026-03-11 21:00:00+00:00,0.1007,0.1011,0.1005,0.1011,1400879.5
2026-03-11 22:00:00+00:00,0.101,0.1012,0.1003,0.1008,2339757.6
2026-03-11 23:00:00+00:00,0.1007,0.101,0.0997,0.1,970579.4
2026-03-12 00:00:00+00:00,0.1001,0.1006,0.0999,0.1001,3739058.7
2026-03-12 01:00:00+00:00,0.1002,0.1002,0.0995,0.0998,833002.4
2026-03-12 02:00:00+00:00,0.0998,0.1001,0.0989,0.0989,1829554.0
2026-03-12 03:00:00+00:00,0.0989,0.0994,0.0986,0.0988,1133786.6
2026-03-12 04:00:00+00:00,0.0988,0.0991,0.0985,0.0987,753651.5
2026-03-12 05:00:00+00:00,0.0987,0.0989,0.0981,0.0987,1088275.1
2026-03-12 06:00:00+00:00,0.0987,0.099,0.0985,0.0988,1456281.8
2026-03-12 07:00:00+00:00,0.0989,0.0994,0.0986,0.0992,1165040.6
2026-03-12 08:00:00+00:00,0.0992,0.0996,0.0988,0.0992,1566936.9
2026-03-12 09:00:00+00:00,0.0993,0.1002,0.0987,0.0995,1333817.0
2026-03-12 10:00:00+00:00,0.0994,0.1004,0.0993,0.0999,1649041.7
2026-03-12 11:00:00+00:00,0.0999,0.0999,0.0987,0.099,2021759.8
2026-03-12 12:00:00+00:00,0.0989,0.0994,0.0985,0.0992,2265379.2
2026-03-12 13:00:00+00:00,0.0991,0.0999,0.0983,0.0988,3332323.5
2026-03-12 14:00:00+00:00,0.0989,0.0995,0.0974,0.0982,5436053.6
2026-03-12 15:00:00+00:00,0.0982,0.0994,0.098,0.099,1966473.3
2026-03-12 16:00:00+00:00,0.0989,0.1,0.0985,0.0997,1859931.7
2026-03-12 17:00:00+00:00,0.0997,0.0997,0.099,0.0992,1767020.4
2026-03-12 18:00:00+00:00,0.0993,0.0996,0.0986,0.0992,1181727.7
2026-03-12 19:00:00+00:00,0.0993,0.1006,0.0991,0.1003,1110335.9
2026-03-12 20:00:00+00:00,0.1003,0.1004,0.0994,0.0995,1059932.8
2026-03-12 21:00:00+00:00,0.0996,0.1008,0.0996,0.1005,1538914.3
2026-03-12 22:00:00+00:00,0.1004,0.1008,0.1002,0.1007,1572436.4
2026-03-12 23:00:00+00:00,0.1006,0.1015,0.1005,0.101,2928089.5
2026-03-13 00:00:00+00:00,0.101,0.1033,0.1007,0.102,6870633.8
2026-03-13 01:00:00+00:00,0.102,0.1041,0.102,0.1037,3684908.8
2026-03-13 02:00:00+00:00,0.1037,0.1037,0.1029,0.1033,1971107.3
2026-03-13 03:00:00+00:00,0.1033,0.1046,0.1032,0.1043,3092537.7
2026-03-13 04:00:00+00:00,0.1044,0.1046,0.1037,0.104,2112487.2
2026-03-13 05:00:00+00:00,0.1039,0.1049,0.1036,0.1043,2630525.0
2026-03-13 06:00:00+00:00,0.1043,0.1043,0.1033,0.104,1131012.7
2026-03-13 07:00:00+00:00,0.1039,0.1043,0.1035,0.1036,1177828.5
2026-03-13 08:00:00+00:00,0.1036,0.105,0.1034,0.1042,6024130.4
2026-03-13 09:00:00+00:00,0.1042,0.1048,0.1041,0.1046,2189919.3
2026-03-13 10:00:00+00:00,0.1046,0.1053,0.1046,0.1047,2626462.9
2026-03-13 11:00:00+00:00,0.1047,0.1048,0.1041,0.1046,1505113.5
2026-03-13 12:00:00+00:00,0.1047,0.1054,0.1039,0.105,6903563.3
2026-03-13 13:00:00+00:00,0.105,0.1069,0.1046,0.1063,6237760.9
2026-03-13 14:00:00+00:00,0.1063,0.1073,0.1055,0.1056,8333474.3
2026-03-13 15:00:00+00:00,0.1057,0.1067,0.1047,0.105,4375385.4
2026-03-13 16:00:00+00:00,0.1049,0.1054,0.1035,0.1049,3947914.1
2026-03-13 17:00:00+00:00,0.1049,0.1053,0.103,0.1035,4961371.4
2026-03-13 18:00:00+00:00,0.1036,0.104,0.1029,0.1034,2562321.6
2026-03-13 19:00:00+00:00,0.1035,0.1039,0.1029,0.1034,1845942.6
2026-03-13 20:00:00+00:00,0.1034,0.1037,0.1032,0.1035,1477935.5
2026-03-13 21:00:00+00:00,0.1035,0.1043,0.103,0.1031,2133103.4
2026-03-13 22:00:00+00:00,0.1032,0.1032,0.1018,0.1025,2576356.8
2026-03-13 23:00:00+00:00,0.1025,0.1029,0.1025,0.1027,777283.1
2026-03-14 00:00:00+00:00,0.1027,0.1027,0.1016,0.1018,2538108.3
2026-03-14 01:00:00+00:00,0.1018,0.1028,0.1017,0.1027,2353860.1
2026-03-14 02:00:00+00:00,0.1027,0.1028,0.1019,0.1025,2138464.1
2026-03-14 03:00:00+00:00,0.1026,0.103,0.1025,0.1028,993434.5
2026-03-14 04:00:00+00:00,0.1028,0.1034,0.1024,0.1025,2301701.8
2026-03-14 05:00:00+00:00,0.1024,0.1026,0.1016,0.102,1386569.9
2026-03-14 06:00:00+00:00,0.1018,0.1019,0.1002,0.1011,3568541.2
2026-03-14 07:00:00+00:00,0.101,0.1011,0.1004,0.1006,1130552.4
2026-03-14 08:00:00+00:00,0.1007,0.1007,0.1001,0.1003,1562332.6
2026-03-14 09:00:00+00:00,0.1003,0.1005,0.0997,0.0998,2979646.7
2026-03-14 10:00:00+00:00,0.0997,0.0999,0.0994,0.0995,1049559.5
2026-03-14 11:00:00+00:00,0.0995,0.1004,0.0995,0.1003,1093629.4
2026-03-14 12:00:00+00:00,0.1002,0.1003,0.0997,0.1001,690109.8
2026-03-14 13:00:00+00:00,0.1001,0.1009,0.1,0.1008,1189925.5
2026-03-14 14:00:00+00:00,0.1008,0.1009,0.1,0.1002,1615392.3
2026-03-14 15:00:00+00:00,0.1002,0.1005,0.1,0.1004,661347.7
2026-03-14 16:00:00+00:00,0.1004,0.1008,0.1,0.1008,1121921.2
2026-03-14 17:00:00+00:00,0.1007,0.1008,0.1003,0.1004,463586.5
2026-03-14 18:00:00+00:00,0.1004,0.1008,0.1002,0.1005,690442.4
2026-03-14 19:00:00+00:00,0.1005,0.1005,0.1002,0.1002,371995.9
2026-03-14 20:00:00+00:00,0.1002,0.1003,0.0998,0.1001,1003941.1
2026-03-14 21:00:00+00:00,0.1001,0.1004,0.0999,0.1002,1049162.8
2026-03-14 22:00:00+00:00,0.1003,0.1005,0.1001,0.1002,1454062.7
2026-03-14 23:00:00+00:00,0.1003,0.1013,0.1003,0.1011,3162477.1
2026-03-15 00:00:00+00:00,0.101,0.1012,0.1004,0.1004,1567149.4
2026-03-15 01:00:00+00:00,0.1005,0.1013,0.1002,0.1013,694296.4
2026-03-15 02:00:00+00:00,0.1013,0.1028,0.1013,0.1026,1981151.0
2026-03-15 03:00:00+00:00,0.1026,0.1029,0.1016,0.1021,1600492.8
2026-03-15 04:00:00+00:00,0.102,0.1026,0.1014,0.1018,1752352.6
2026-03-15 05:00:00+00:00,0.1018,0.1024,0.1016,0.1017,1283220.4
2026-03-15 06:00:00+00:00,0.1017,0.102,0.1013,0.1015,1508846.0
2026-03-15 07:00:00+00:00,0.1014,0.1019,0.1013,0.1018,1309087.1
2026-03-15 08:00:00+00:00,0.1019,0.1021,0.1016,0.1018,968508.4
2026-03-15 09:00:00+00:00,0.1019,0.1024,0.1017,0.1019,3767975.3
2026-03-15 10:00:00+00:00,0.1019,0.1028,0.1018,0.1024,7970578.3
2026-03-15 11:00:00+00:00,0.1024,0.1027,0.1021,0.1024,5403226.9
2026-03-15 12:00:00+00:00,0.1025,0.1033,0.1024,0.1026,1309065.6
2026-03-15 13:00:00+00:00,0.1026,0.1027,0.1011,0.1019,2815780.9
2026-03-15 14:00:00+00:00,0.1019,0.1022,0.1012,0.1017,1383215.0
2026-03-15 15:00:00+00:00,0.1018,0.1019,0.1012,0.1013,1166317.0
2026-03-15 16:00:00+00:00,0.1013,0.102,0.1013,0.1014,1086955.5
2026-03-15 17:00:00+00:00,0.1014,0.1028,0.1014,0.1023,2588479.8
2026-03-15 18:00:00+00:00,0.1023,0.1024,0.1014,0.1017,1850066.8
2026-03-15 19:00:00+00:00,0.1016,0.1026,0.1016,0.1026,1074693.7
2026-03-15 20:00:00+00:00,0.1025,0.1033,0.1021,0.1028,2408021.1
2026-03-15 21:00:00+00:00,0.1027,0.1036,0.1025,0.1033,1477321.1
2026-03-15 22:00:00+00:00,0.1034,0.1047,0.1025,0.1042,4557804.8
2026-03-15 23:00:00+00:00,0.1043,0.1045,0.1029,0.104,6744855.9
2026-03-16 00:00:00+00:00,0.104,0.1044,0.1034,0.104,1894016.1
2026-03-16 01:00:00+00:00,0.1041,0.1045,0.1033,0.1043,867073.7
2026-03-16 02:00:00+00:00,0.1042,0.1045,0.1036,0.1042,783511.5
2026-03-16 03:00:00+00:00,0.1042,0.1073,0.1039,0.106,7679024.0
2026-03-16 04:00:00+00:00,0.106,0.108,0.106,0.1074,5551173.3
2026-03-16 05:00:00+00:00,0.1074,0.1087,0.1072,0.1085,3336133.0
2026-03-16 06:00:00+00:00,0.1086,0.1089,0.1075,0.1084,2797811.2
2026-03-16 07:00:00+00:00,0.1084,0.1092,0.1083,0.1087,4544026.2
2026-03-16 08:00:00+00:00,0.1088,0.1101,0.1078,0.1081,6935304.7
2026-03-16 09:00:00+00:00,0.1081,0.1088,0.1081,0.1082,2476036.2
2026-03-16 10:00:00+00:00,0.1083,0.1084,0.1072,0.108,4097135.1
2026-03-16 11:00:00+00:00,0.1079,0.1082,0.1073,0.1074,1933617.8
2026-03-16 12:00:00+00:00,0.1074,0.108,0.1072,0.1078,4177374.3
2026-03-16 13:00:00+00:00,0.1078,0.1085,0.1072,0.1077,8889458.5
2026-03-16 14:00:00+00:00,0.1078,0.1084,0.1064,0.1078,4941522.7
2026-03-16 15:00:00+00:00,0.1079,0.1079,0.1065,0.1068,2660823.0
2026-03-16 16:00:00+00:00,0.1067,0.1091,0.1066,0.1087,2937793.3
2026-03-16 17:00:00+00:00,0.1086,0.1095,0.1086,0.1091,4206790.0
2026-03-16 18:00:00+00:00,0.1091,0.11,0.1088,0.1089,2919372.7
2026-03-16 19:00:00+00:00,0.1089,0.11,0.1085,0.1091,3825294.0
2026-03-16 20:00:00+00:00,0.1091,0.1099,0.1088,0.1098,1369805.2
2026-03-16 21:00:00+00:00,0.1098,0.1111,0.1096,0.1104,4486283.7
2026-03-16 22:00:00+00:00,0.1104,0.1116,0.1104,0.111,2048368.3
2026-03-16 23:00:00+00:00,0.111,0.1111,0.1098,0.1104,1982235.3
2026-03-17 00:00:00+00:00,0.1104,0.1113,0.1099,0.1109,3240008.5
2026-03-17 01:00:00+00:00,0.111,0.1111,0.1098,0.1103,3878255.3
2026-03-17 02:00:00+00:00,0.1102,0.1107,0.1097,0.1097,2690574.7
2026-03-17 03:00:00+00:00,0.1098,0.11,0.1081,0.1088,4911077.9
2026-03-17 04:00:00+00:00,0.1088,0.109,0.107,0.1077,3710213.2
2026-03-17 05:00:00+00:00,0.1076,0.108,0.107,0.1075,1956854.4
2026-03-17 06:00:00+00:00,0.1076,0.1082,0.1072,0.1079,1697014.0
2026-03-17 07:00:00+00:00,0.1078,0.109,0.1078,0.1085,1515671.6
2026-03-17 08:00:00+00:00,0.1085,0.1089,0.1083,0.1085,1385464.4
2026-03-17 09:00:00+00:00,0.1085,0.1088,0.1082,0.1086,2085550.7
2026-03-17 10:00:00+00:00,0.1085,0.1086,0.1081,0.1086,1531489.2
2026-03-17 11:00:00+00:00,0.1086,0.1092,0.1078,0.108,2091368.6
2026-03-17 12:00:00+00:00,0.108,0.1081,0.1069,0.1073,1094756.3
2026-03-17 13:00:00+00:00,0.1072,0.1079,0.1067,0.1073,2271225.0
2026-03-17 14:00:00+00:00,0.1073,0.1091,0.107,0.1084,5043886.1
2026-03-17 15:00:00+00:00,0.1084,0.109,0.1068,0.1078,2621112.0
2026-03-17 16:00:00+00:00,0.1077,0.1084,0.1076,0.1079,1216143.3
2026-03-17 17:00:00+00:00,0.1079,0.1089,0.1078,0.1088,954253.3
2026-03-17 18:00:00+00:00,0.1087,0.1091,0.1083,0.1087,1430226.2
2026-03-17 19:00:00+00:00,0.1087,0.1088,0.1079,0.1081,732893.8
2026-03-17 20:00:00+00:00,0.1081,0.1088,0.1079,0.1087,1078169.6
2026-03-17 21:00:00+00:00,0.1086,0.1093,0.1085,0.109,782177.4
2026-03-17 22:00:00+00:00,0.1089,0.1093,0.108,0.1086,1118061.3
2026-03-17 23:00:00+00:00,0.1086,0.1087,0.1078,0.1079,1851669.5
2026-03-18 00:00:00+00:00,0.108,0.1082,0.1073,0.1078,1393191.2
2026-03-18 01:00:00+00:00,0.1079,0.1084,0.1078,0.1079,1008604.2
2026-03-18 02:00:00+00:00,0.1079,0.1088,0.1078,0.1085,1501955.6
2026-03-18 03:00:00+00:00,0.1085,0.1093,0.1084,0.1086,1311758.3
2026-03-18 04:00:00+00:00,0.1087,0.1088,0.1079,0.1082,645488.6
2026-03-18 05:00:00+00:00,0.1083,0.1093,0.1079,0.1082,1288896.0
2026-03-18 06:00:00+00:00,0.1082,0.1086,0.1079,0.108,807117.4
2026-03-18 07:00:00+00:00,0.1079,0.1081,0.1074,0.108,1074201.9
2026-03-18 08:00:00+00:00,0.108,0.1084,0.1077,0.1078,1301128.5
2026-03-18 09:00:00+00:00,0.1079,0.1084,0.1077,0.1079,1424183.6
2026-03-18 10:00:00+00:00,0.108,0.108,0.107,0.1075,1298851.8
2026-03-18 11:00:00+00:00,0.1075,0.1078,0.1048,0.1052,5190116.8
2026-03-18 12:00:00+00:00,0.1051,0.1051,0.1028,0.1032,4268435.4
2026-03-18 13:00:00+00:00,0.1032,0.1038,0.1026,0.1033,3155699.8
2026-03-18 14:00:00+00:00,0.1033,0.1034,0.1008,0.1011,5381179.9
2026-03-18 15:00:00+00:00,0.1011,0.1018,0.1002,0.1014,7310597.6
2026-03-18 16:00:00+00:00,0.1014,0.1014,0.1006,0.1011,2828775.6
2026-03-18 17:00:00+00:00,0.1011,0.1021,0.1005,0.1018,2119713.3
2026-03-18 18:00:00+00:00,0.1018,0.1028,0.1014,0.1018,3105754.3
2026-03-18 19:00:00+00:00,0.1018,0.1026,0.1018,0.1018,1132015.2
2026-03-18 20:00:00+00:00,0.1018,0.1026,0.1009,0.1023,2023124.7
2026-03-18 21:00:00+00:00,0.1022,0.1031,0.1022,0.1029,1911234.4
2026-03-18 22:00:00+00:00,0.1029,0.1029,0.1024,0.1026,1586765.8
2026-03-18 23:00:00+00:00,0.1026,0.1031,0.1024,0.103,984047.1
2026-03-19 00:00:00+00:00,0.103,0.1031,0.1024,0.1025,836780.6
2026-03-19 01:00:00+00:00,0.1026,0.1027,0.1023,0.1024,716336.8
2026-03-19 02:00:00+00:00,0.1024,0.1025,0.1019,0.1022,1285687.8
2026-03-19 03:00:00+00:00,0.1022,0.1039,0.1021,0.1028,2616995.5
2026-03-19 04:00:00+00:00,0.1028,0.1029,0.1023,0.1024,902602.7
2026-03-19 05:00:00+00:00,0.1023,0.1024,0.1016,0.1019,1109386.6
2026-03-19 06:00:00+00:00,0.1019,0.1021,0.1012,0.1017,2023776.0
2026-03-19 07:00:00+00:00,0.1018,0.1018,0.0999,0.1007,4263315.9
2026-03-19 08:00:00+00:00,0.1007,0.101,0.1001,0.1006,1626214.8
2026-03-19 09:00:00+00:00,0.1006,0.1015,0.1004,0.1013,2027369.9
2026-03-19 10:00:00+00:00,0.1013,0.1014,0.1005,0.1005,1016206.0
2026-03-19 11:00:00+00:00,0.1005,0.1008,0.1004,0.1005,753478.7
2026-03-19 12:00:00+00:00,0.1006,0.1006,0.0989,0.099,3741632.4
2026-03-19 13:00:00+00:00,0.0989,0.0997,0.0982,0.0994,4552679.3
2026-03-19 14:00:00+00:00,0.0994,0.0998,0.0983,0.0989,1876211.6
2026-03-19 15:00:00+00:00,0.0988,0.0992,0.0977,0.0987,2323698.9
2026-03-19 16:00:00+00:00,0.0987,0.0987,0.098,0.0983,2227520.4
2026-03-19 17:00:00+00:00,0.0983,0.0991,0.0979,0.0988,1679649.3
2026-03-19 18:00:00+00:00,0.0988,0.0988,0.0979,0.0983,1190716.5
2026-03-19 19:00:00+00:00,0.0984,0.0996,0.0983,0.099,1983537.9
2026-03-19 20:00:00+00:00,0.099,0.0993,0.0988,0.0989,1161064.0
2026-03-19 21:00:00+00:00,0.099,0.0994,0.0989,0.0994,1451404.2
2026-03-19 22:00:00+00:00,0.0993,0.0993,0.0985,0.099,911899.8
2026-03-19 23:00:00+00:00,0.0991,0.0994,0.0988,0.0994,1212821.8
2026-03-20 00:00:00+00:00,0.0993,0.0999,0.0991,0.0998,1625229.6
2026-03-20 01:00:00+00:00,0.0998,0.1007,0.0998,0.1003,1315283.7
2026-03-20 02:00:00+00:00,0.1003,0.1004,0.0997,0.1003,1019967.3
2026-03-20 03:00:00+00:00,0.1003,0.1006,0.1001,0.1002,1194678.1
2026-03-20 04:00:00+00:00,0.1002,0.1008,0.0999,0.1008,726722.2
2026-03-20 05:00:00+00:00,0.1007,0.1015,0.1006,0.1012,1599040.7
2026-03-20 06:00:00+00:00,0.1011,0.1013,0.1009,0.1011,767974.1
2026-03-20 07:00:00+00:00,0.101,0.1011,0.1002,0.1006,1542892.9
2026-03-20 08:00:00+00:00,0.1007,0.1016,0.1006,0.1009,3177254.7
2026-03-20 09:00:00+00:00,0.1009,0.1011,0.1002,0.1006,1888890.2
2026-03-20 10:00:00+00:00,0.1007,0.1008,0.1002,0.1008,1442023.1
2026-03-20 11:00:00+00:00,0.1008,0.1015,0.1002,0.1006,985159.5
2026-03-20 12:00:00+00:00,0.1006,0.1011,0.1002,0.1004,1037303.3
2026-03-20 13:00:00+00:00,0.1004,0.1008,0.0997,0.0999,3073644.9
2026-03-20 14:00:00+00:00,0.0998,0.1005,0.0993,0.0994,5243893.5
2026-03-20 15:00:00+00:00,0.0994,0.0998,0.0989,0.0997,2037592.2
2026-03-20 16:00:00+00:00,0.0996,0.1002,0.0994,0.1,1303003.6
2026-03-20 17:00:00+00:00,0.0999,0.1003,0.0995,0.1002,1542054.0
2026-03-20 18:00:00+00:00,0.1002,0.1004,0.0988,0.0992,1063290.2
2026-03-20 19:00:00+00:00,0.0993,0.0996,0.0985,0.0994,1704549.2
2026-03-20 20:00:00+00:00,0.0994,0.0996,0.0986,0.0992,836964.2
2026-03-20 21:00:00+00:00,0.0993,0.1006,0.0991,0.1001,1887777.3
2026-03-20 22:00:00+00:00,0.1002,0.1008,0.1001,0.1001,1384244.1
2026-03-20 23:00:00+00:00,0.1002,0.1002,0.0996,0.0999,517000.3
2026-03-21 00:00:00+00:00,0.0999,0.1003,0.0997,0.1,1087074.5
2026-03-21 01:00:00+00:00,0.1,0.1002,0.0996,0.0997,924131.0
2026-03-21 02:00:00+00:00,0.0996,0.1001,0.0995,0.1,338871.4
2026-03-21 03:00:00+00:00,0.1001,0.1001,0.0997,0.0997,355081.4
2026-03-21 04:00:00+00:00,0.0998,0.1,0.0996,0.0996,755956.7
2026-03-21 05:00:00+00:00,0.0996,0.1002,0.0996,0.0998,670136.0
2026-03-21 06:00:00+00:00,0.0998,0.1003,0.0997,0.1001,1660109.7
2026-03-21 07:00:00+00:00,0.1,0.1001,0.0997,0.0998,660810.9
2026-03-21 08:00:00+00:00,0.0998,0.1,0.0995,0.0999,597446.7
2026-03-21 09:00:00+00:00,0.0999,0.1003,0.0997,0.0997,677859.2
2026-03-21 10:00:00+00:00,0.0998,0.0998,0.0992,0.0994,493128.2
2026-03-21 11:00:00+00:00,0.0994,0.0995,0.0991,0.0995,634777.1
2026-03-21 12:00:00+00:00,0.0994,0.0996,0.0992,0.0994,1405668.9
2026-03-21 13:00:00+00:00,0.0993,0.0995,0.0991,0.0993,472457.2
2026-03-21 14:00:00+00:00,0.0994,0.1,0.0993,0.0994,987351.6
2026-03-21 15:00:00+00:00,0.0994,0.1007,0.0994,0.1007,1529068.1
2026-03-21 16:00:00+00:00,0.1007,0.1007,0.0999,0.1,1151046.4
2026-03-21 17:00:00+00:00,0.1,0.1002,0.0997,0.1,1496176.8
2026-03-21 18:00:00+00:00,0.1,0.1001,0.0998,0.0999,497930.7
2026-03-21 19:00:00+00:00,0.0999,0.0999,0.0996,0.0998,849180.0
2026-03-21 20:00:00+00:00,0.0998,0.1003,0.0997,0.1001,799544.7
2026-03-21 21:00:00+00:00,0.1002,0.1002,0.0996,0.0996,1088278.7
2026-03-21 22:00:00+00:00,0.0996,0.0998,0.0994,0.0996,741106.0
2026-03-21 23:00:00+00:00,0.0996,0.0996,0.0958,0.0963,8623959.8
2026-03-22 00:00:00+00:00,0.0963,0.0966,0.0938,0.096,14194397.3
2026-03-22 01:00:00+00:00,0.0961,0.0966,0.0955,0.0961,2256549.5
2026-03-22 02:00:00+00:00,0.0961,0.0968,0.0958,0.0964,1256629.0
2026-03-22 03:00:00+00:00,0.0963,0.0972,0.096,0.0964,1759366.5
2026-03-22 04:00:00+00:00,0.0963,0.0969,0.0961,0.0965,1022606.8
2026-03-22 05:00:00+00:00,0.0965,0.0965,0.0959,0.0961,1885887.4
2026-03-22 06:00:00+00:00,0.0961,0.0961,0.0957,0.096,1125712.1
2026-03-22 07:00:00+00:00,0.0959,0.0961,0.0949,0.0951,1647188.7
2026-03-22 08:00:00+00:00,0.0951,0.0953,0.094,0.0947,3452876.4
2026-03-22 09:00:00+00:00,0.0947,0.0951,0.0944,0.0945,1371872.9
2026-03-22 10:00:00+00:00,0.0944,0.0944,0.0937,0.0939,1902645.1
2026-03-22 11:00:00+00:00,0.0939,0.0939,0.0935,0.0937,2113879.7
2026-03-22 12:00:00+00:00,0.0937,0.0943,0.0935,0.0937,1708288.4
2026-03-22 13:00:00+00:00,0.0938,0.0943,0.0933,0.0936,1741614.3
2026-03-22 14:00:00+00:00,0.0936,0.0939,0.0933,0.0935,1695810.6
2026-03-22 15:00:00+00:00,0.0934,0.0938,0.0934,0.0937,1751770.3
2026-03-22 16:00:00+00:00,0.0937,0.0938,0.0932,0.0932,1498029.4
2026-03-22 17:00:00+00:00,0.0932,0.0932,0.0927,0.0928,2622447.4
2026-03-22 18:00:00+00:00,0.0927,0.0929,0.0919,0.0926,3125981.7
2026-03-22 19:00:00+00:00,0.0926,0.0926,0.0919,0.0923,2014592.6
2026-03-22 20:00:00+00:00,0.0923,0.093,0.0923,0.0925,1828352.8
2026-03-22 21:00:00+00:00,0.0925,0.0927,0.0911,0.0924,4081269.6
2026-03-22 22:00:00+00:00,0.0923,0.0931,0.0918,0.0928,2593776.9
2026-03-22 23:00:00+00:00,0.0929,0.0933,0.0925,0.0925,1613994.1
2026-03-23 00:00:00+00:00,0.0926,0.0934,0.0924,0.0933,2067985.5
2026-03-23 01:00:00+00:00,0.0932,0.0937,0.0928,0.0934,921187.3
2026-03-23 02:00:00+00:00,0.0934,0.0945,0.0933,0.094,1773536.2
2026-03-23 03:00:00+00:00,0.0942,0.0947,0.0938,0.0938,778940.9
2026-03-23 04:00:00+00:00,0.0939,0.0944,0.0938,0.0944,559054.4
2026-03-23 05:00:00+00:00,0.0944,0.0946,0.0939,0.0944,1207963.9
2026-03-23 06:00:00+00:00,0.0944,0.0944,0.0926,0.0929,1837728.2
2026-03-23 07:00:00+00:00,0.0929,0.093,0.0916,0.0925,2280771.3
2026-03-23 08:00:00+00:00,0.0925,0.0929,0.092,0.0921,1501262.7
2026-03-23 09:00:00+00:00,0.092,0.0923,0.0913,0.0923,3163997.9
2026-03-23 10:00:00+00:00,0.0922,0.0929,0.092,0.0925,1338485.0
2026-03-23 11:00:00+00:00,0.0925,0.0974,0.0924,0.095,29541043.9
2026-03-23 12:00:00+00:00,0.0951,0.0954,0.0943,0.0953,3384101.5
2026-03-23 13:00:00+00:00,0.0954,0.0963,0.0947,0.0963,3152181.1
2026-03-23 14:00:00+00:00,0.0963,0.0967,0.0958,0.0963,2183410.1
2026-03-23 15:00:00+00:00,0.0962,0.097,0.0941,0.0942,3823898.2
2026-03-23 16:00:00+00:00,0.0943,0.0949,0.0935,0.0944,4109540.6
2026-03-23 17:00:00+00:00,0.0944,0.095,0.0939,0.0948,2522521.4
2026-03-23 18:00:00+00:00,0.0949,0.096,0.0945,0.0959,2330723.2
2026-03-23 19:00:00+00:00,0.0959,0.0963,0.0948,0.0949,2532847.5
2026-03-23 20:00:00+00:00,0.095,0.0964,0.0946,0.0963,1721862.2
2026-03-23 21:00:00+00:00,0.0963,0.0971,0.0958,0.0967,1990849.8
2026-03-23 22:00:00+00:00,0.0968,0.0968,0.0959,0.0965,2273351.2
2026-03-23 23:00:00+00:00,0.0964,0.0977,0.0957,0.0975,5812226.9
2026-03-24 00:00:00+00:00,0.0976,0.0982,0.0959,0.0968,4100710.9
2026-03-24 01:00:00+00:00,0.0967,0.0967,0.0953,0.096,1458603.7
2026-03-24 02:00:00+00:00,0.096,0.0968,0.0956,0.0959,1193569.7
2026-03-24 03:00:00+00:00,0.0958,0.0967,0.0958,0.0967,800719.1
2026-03-24 04:00:00+00:00,0.0967,0.0969,0.0957,0.0963,2169120.7
2026-03-24 05:00:00+00:00,0.0962,0.097,0.0958,0.0969,1402641.1
2026-03-24 06:00:00+00:00,0.0969,0.0969,0.0959,0.0964,2510174.7
2026-03-24 07:00:00+00:00,0.0963,0.0969,0.096,0.0968,1829943.7
2026-03-24 08:00:00+00:00,0.0968,0.0978,0.0966,0.0974,2294710.7
2026-03-24 09:00:00+00:00,0.0973,0.0981,0.0969,0.0977,2362185.4
2026-03-24 10:00:00+00:00,0.0977,0.0977,0.0968,0.0971,1413655.3
2026-03-24 11:00:00+00:00,0.0971,0.0979,0.0964,0.0971,2184906.7
2026-03-24 12:00:00+00:00,0.0971,0.0975,0.0966,0.0972,980119.8
2026-03-24 13:00:00+00:00,0.0972,0.0977,0.0963,0.0965,2589029.1
2026-03-24 14:00:00+00:00,0.0965,0.0974,0.0957,0.0973,3907640.7
2026-03-24 15:00:00+00:00,0.0973,0.0976,0.0965,0.0965,2471587.7
2026-03-24 16:00:00+00:00,0.0966,0.0973,0.0961,0.0961,1615347.9
2026-03-24 17:00:00+00:00,0.0961,0.0962,0.0946,0.0954,3099430.6
2026-03-24 18:00:00+00:00,0.0954,0.0965,0.0952,0.0958,1121726.7
2026-03-24 19:00:00+00:00,0.0958,0.0969,0.0958,0.0962,1938141.5
2026-03-24 20:00:00+00:00,0.0962,0.0984,0.096,0.098,2830358.1
2026-03-24 21:00:00+00:00,0.098,0.0982,0.0972,0.0982,2621524.0
2026-03-24 22:00:00+00:00,0.0982,0.0986,0.097,0.097,2832668.9
2026-03-24 23:00:00+00:00,0.0971,0.0981,0.097,0.0977,1440268.6
2026-03-25 00:00:00+00:00,0.0977,0.0982,0.0969,0.0976,2205100.8
2026-03-25 01:00:00+00:00,0.0977,0.0982,0.0974,0.0979,1730641.4
2026-03-25 02:00:00+00:00,0.0979,0.0982,0.0977,0.0978,1612709.8
2026-03-25 03:00:00+00:00,0.0978,0.0981,0.0972,0.098,1405775.9
2026-03-25 04:00:00+00:00,0.0979,0.0983,0.0976,0.0983,1393642.7
2026-03-25 05:00:00+00:00,0.0983,0.0987,0.0979,0.0983,2189676.3
2026-03-25 06:00:00+00:00,0.0983,0.0986,0.0979,0.0982,2008553.6
2026-03-25 07:00:00+00:00,0.0982,0.0992,0.0982,0.0986,1685174.9
2026-03-25 08:00:00+00:00,0.0987,0.0998,0.0987,0.099,3817434.1
2026-03-25 09:00:00+00:00,0.099,0.099,0.0983,0.0987,1728794.8
2026-03-25 10:00:00+00:00,0.0986,0.0994,0.0985,0.0993,1292949.6
2026-03-25 11:00:00+00:00,0.0992,0.0994,0.0988,0.0993,2159289.6
2026-03-25 12:00:00+00:00,0.0993,0.1001,0.0987,0.0995,3277054.2
2026-03-25 13:00:00+00:00,0.0995,0.0998,0.0989,0.0989,1872807.0
2026-03-25 14:00:00+00:00,0.099,0.0998,0.0987,0.0995,1450136.4
2026-03-25 15:00:00+00:00,0.0995,0.0997,0.0983,0.0988,2180398.1
2026-03-25 16:00:00+00:00,0.0989,0.0998,0.0985,0.0992,4344438.4
2026-03-25 17:00:00+00:00,0.0993,0.0998,0.099,0.0991,2733026.3
2026-03-25 18:00:00+00:00,0.0992,0.0996,0.0987,0.099,1595504.2
2026-03-25 19:00:00+00:00,0.099,0.0993,0.0986,0.0988,1528310.0
2026-03-25 20:00:00+00:00,0.0989,0.0989,0.098,0.0984,2558836.2
2026-03-25 21:00:00+00:00,0.0983,0.0987,0.0981,0.0983,1118260.5
2026-03-25 22:00:00+00:00,0.0984,0.0993,0.0983,0.0988,1140317.3
2026-03-25 23:00:00+00:00,0.0988,0.0989,0.0984,0.0988,410340.2
2026-03-26 00:00:00+00:00,0.0987,0.0989,0.0982,0.0984,482363.5
2026-03-26 01:00:00+00:00,0.0985,0.0993,0.0983,0.0987,3320680.5
2026-03-26 02:00:00+00:00,0.0987,0.0989,0.0976,0.098,2143726.4
2026-03-26 03:00:00+00:00,0.098,0.0981,0.097,0.0973,1297073.5
2026-03-26 04:00:00+00:00,0.0973,0.0973,0.0965,0.0968,1728089.6
2026-03-26 05:00:00+00:00,0.0969,0.0969,0.0954,0.0956,3532595.0
2026-03-26 06:00:00+00:00,0.0955,0.0958,0.095,0.0951,1975780.5
2026-03-26 07:00:00+00:00,0.0952,0.0954,0.0948,0.0953,1122265.2
2026-03-26 08:00:00+00:00,0.0953,0.0953,0.0945,0.0948,1924907.9
2026-03-26 09:00:00+00:00,0.0948,0.0951,0.0935,0.0939,3099711.3
2026-03-26 10:00:00+00:00,0.0939,0.0942,0.0936,0.0941,2165359.0
2026-03-26 11:00:00+00:00,0.0941,0.0944,0.0938,0.0941,2430417.0
2026-03-26 12:00:00+00:00,0.094,0.0944,0.0937,0.0942,1793359.4
2026-03-26 13:00:00+00:00,0.0942,0.0954,0.0941,0.095,1971381.8
2026-03-26 14:00:00+00:00,0.095,0.0953,0.0945,0.0949,1357225.4
2026-03-26 15:00:00+00:00,0.0949,0.0949,0.094,0.0941,1954705.7
2026-03-26 16:00:00+00:00,0.0942,0.0944,0.0938,0.0938,1441580.2
2026-03-26 17:00:00+00:00,0.0938,0.0946,0.0935,0.0938,1052426.1
2026-03-26 18:00:00+00:00,0.0939,0.094,0.093,0.0933,1342928.5
2026-03-26 19:00:00+00:00,0.0933,0.0933,0.0927,0.0928,1455217.9
2026-03-26 20:00:00+00:00,0.0929,0.0947,0.0925,0.0938,4633958.0
2026-03-26 21:00:00+00:00,0.0938,0.0948,0.0936,0.0944,1702573.9
2026-03-26 22:00:00+00:00,0.0945,0.0946,0.0939,0.0943,888559.7
2026-03-26 23:00:00+00:00,0.0943,0.0945,0.0937,0.0938,748552.3
2026-03-27 00:00:00+00:00,0.0939,0.0944,0.0938,0.0943,1046081.2
2026-03-27 01:00:00+00:00,0.0944,0.095,0.0941,0.0949,547176.9
2026-03-27 02:00:00+00:00,0.0949,0.0951,0.0947,0.0949,527398.2
2026-03-27 03:00:00+00:00,0.0949,0.0949,0.0944,0.0946,830755.0
2026-03-27 04:00:00+00:00,0.0945,0.0945,0.0937,0.094,1117197.4
2026-03-27 05:00:00+00:00,0.094,0.0943,0.0937,0.094,960799.5
2026-03-27 06:00:00+00:00,0.0939,0.0941,0.0937,0.0941,521128.0
2026-03-27 07:00:00+00:00,0.0941,0.0946,0.094,0.0946,979903.9
2026-03-27 08:00:00+00:00,0.0945,0.0947,0.0932,0.0938,1230286.1
2026-03-27 09:00:00+00:00,0.0938,0.0938,0.0925,0.0929,1871244.2
2026-03-27 10:00:00+00:00,0.0928,0.0929,0.0905,0.0906,5519675.7
2026-03-27 11:00:00+00:00,0.0908,0.0913,0.0904,0.091,2331336.5
2026-03-27 12:00:00+00:00,0.091,0.091,0.0904,0.0908,1928256.7
2026-03-27 13:00:00+00:00,0.0908,0.0911,0.0901,0.0904,2294434.8
2026-03-27 14:00:00+00:00,0.0903,0.0911,0.09,0.0906,2560079.8
2026-03-27 15:00:00+00:00,0.0906,0.0914,0.0902,0.0904,2965728.2
2026-03-27 16:00:00+00:00,0.0904,0.0907,0.0899,0.0903,1947191.1
2026-03-27 17:00:00+00:00,0.0904,0.0911,0.09,0.0901,1959294.8
2026-03-27 18:00:00+00:00,0.0901,0.0902,0.0896,0.09,1853313.4
2026-03-27 19:00:00+00:00,0.09,0.0905,0.0894,0.0904,1588178.8
2026-03-27 20:00:00+00:00,0.0904,0.0906,0.0898,0.0904,1489843.1
2026-03-27 21:00:00+00:00,0.0904,0.0906,0.0901,0.0902,770647.4
2026-03-27 22:00:00+00:00,0.0903,0.0903,0.0899,0.0899,1018713.3
2026-03-27 23:00:00+00:00,0.09,0.0902,0.0896,0.09,1167426.7
2026-03-28 00:00:00+00:00,0.0901,0.0902,0.0895,0.0896,1848858.3
2026-03-28 01:00:00+00:00,0.0896,0.0897,0.0887,0.0893,1759576.9
2026-03-28 02:00:00+00:00,0.0894,0.0897,0.0891,0.0894,915521.0
2026-03-28 03:00:00+00:00,0.0894,0.0895,0.0892,0.0894,557851.2
2026-03-28 04:00:00+00:00,0.0894,0.0895,0.0891,0.0893,536412.5
2026-03-28 05:00:00+00:00,0.0892,0.0894,0.0889,0.0893,880726.5
2026-03-28 06:00:00+00:00,0.0893,0.0897,0.0892,0.0893,1139335.0
2026-03-28 07:00:00+00:00,0.0893,0.0898,0.0893,0.0898,1017263.0
2026-03-28 08:00:00+00:00,0.0897,0.0904,0.0897,0.0901,1672712.2
2026-03-28 09:00:00+00:00,0.0901,0.0903,0.0896,0.0899,828813.0
2026-03-28 10:00:00+00:00,0.0898,0.0905,0.0897,0.0902,2249158.0
2026-03-28 11:00:00+00:00,0.0902,0.0905,0.09,0.0904,1006918.5
2026-03-28 12:00:00+00:00,0.0904,0.0908,0.0901,0.0904,974805.6
2026-03-28 13:00:00+00:00,0.0903,0.0921,0.0902,0.0916,3573907.4
2026-03-28 14:00:00+00:00,0.0917,0.092,0.0912,0.0913,2631593.8
2026-03-28 15:00:00+00:00,0.0913,0.0923,0.0912,0.0914,2505604.0
2026-03-28 16:00:00+00:00,0.0915,0.0924,0.0915,0.0923,2581209.3
2026-03-28 17:00:00+00:00,0.0923,0.0924,0.0916,0.0919,1928925.5
2026-03-28 18:00:00+00:00,0.0919,0.0921,0.0916,0.0921,542987.9
2026-03-28 19:00:00+00:00,0.092,0.0922,0.0916,0.0917,594714.8
2026-03-28 20:00:00+00:00,0.0918,0.0921,0.0916,0.0917,659326.7
2026-03-28 21:00:00+00:00,0.0916,0.0918,0.0907,0.0909,1396243.1
2026-03-28 22:00:00+00:00,0.0908,0.091,0.0906,0.0909,1284863.3
2026-03-28 23:00:00+00:00,0.0909,0.0909,0.0895,0.0899,2139631.6
2026-03-29 00:00:00+00:00,0.0898,0.0901,0.0894,0.0896,1632012.6
2026-03-29 01:00:00+00:00,0.0897,0.0903,0.0897,0.09,1146602.9
2026-03-29 02:00:00+00:00,0.09,0.0903,0.0899,0.0901,521218.0
2026-03-29 03:00:00+00:00,0.09,0.0908,0.09,0.0904,1565519.5
2026-03-29 04:00:00+00:00,0.0904,0.0904,0.09,0.0902,631977.1
2026-03-29 05:00:00+00:00,0.0901,0.0902,0.0897,0.09,656057.7
2026-03-29 06:00:00+00:00,0.09,0.0902,0.0897,0.0899,506713.1
2026-03-29 07:00:00+00:00,0.0899,0.0899,0.0896,0.0897,1065943.1
2026-03-29 08:00:00+00:00,0.0897,0.0898,0.0894,0.0896,580714.2
2026-03-29 09:00:00+00:00,0.0897,0.0898,0.0894,0.0894,1015846.2
2026-03-29 10:00:00+00:00,0.0894,0.0894,0.0888,0.089,1773546.8
2026-03-29 11:00:00+00:00,0.089,0.0897,0.0889,0.0892,1282003.6
2026-03-29 12:00:00+00:00,0.0892,0.0893,0.0882,0.0886,1584644.1
2026-03-29 13:00:00+00:00,0.0886,0.0888,0.0879,0.0885,2714916.3
2026-03-29 14:00:00+00:00,0.0884,0.089,0.0882,0.0888,2310271.1
2026-03-29 15:00:00+00:00,0.0888,0.089,0.0883,0.0887,1499195.0
2026-03-29 16:00:00+00:00,0.0887,0.0891,0.0885,0.0886,776037.3
2026-03-29 17:00:00+00:00,0.0887,0.089,0.0883,0.089,1379237.9
2026-03-29 18:00:00+00:00,0.089,0.0892,0.0885,0.089,941331.6
2026-03-29 19:00:00+00:00,0.089,0.089,0.0886,0.0887,841281.7
2026-03-29 20:00:00+00:00,0.0887,0.0895,0.0887,0.0893,1082572.7
2026-03-29 21:00:00+00:00,0.0894,0.0897,0.0892,0.0897,1096421.4
2026-03-29 22:00:00+00:00,0.0897,0.0897,0.0858,0.0879,9186478.9
2026-03-29 23:00:00+00:00,0.0879,0.0886,0.0878,0.0884,1899337.0
2026-03-30 00:00:00+00:00,0.0884,0.0904,0.0882,0.0894,3789438.0
2026-03-30 01:00:00+00:00,0.0894,0.0905,0.0894,0.0903,1264366.3
2026-03-30 02:00:00+00:00,0.0904,0.0918,0.0903,0.091,2306881.7
2026-03-30 03:00:00+00:00,0.0911,0.0914,0.0907,0.0912,716202.9
2026-03-30 04:00:00+00:00,0.0913,0.0923,0.0913,0.0919,1772979.2
2026-03-30 05:00:00+00:00,0.0919,0.0921,0.0912,0.0913,1967714.5
2026-03-30 06:00:00+00:00,0.0913,0.0917,0.091,0.0916,963411.4
2026-03-30 07:00:00+00:00,0.0916,0.0928,0.0915,0.0927,2013196.8
2026-03-30 08:00:00+00:00,0.0927,0.0933,0.0926,0.093,4053804.6
2026-03-30 09:00:00+00:00,0.093,0.0931,0.092,0.0922,3337234.6
2026-03-30 10:00:00+00:00,0.0922,0.0925,0.0919,0.0923,2624412.8
2026-03-30 11:00:00+00:00,0.0923,0.0936,0.0923,0.0928,3439163.7
2026-03-30 12:00:00+00:00,0.0928,0.0936,0.0928,0.0933,2940558.9
2026-03-30 13:00:00+00:00,0.0935,0.0938,0.0925,0.0926,1747691.6
2026-03-30 14:00:00+00:00,0.0927,0.0931,0.0918,0.0928,2841995.7
2026-03-30 15:00:00+00:00,0.0928,0.0929,0.0919,0.0921,2149543.5
2026-03-30 16:00:00+00:00,0.0921,0.0924,0.0916,0.0919,982724.7
2026-03-30 17:00:00+00:00,0.092,0.0922,0.0907,0.0912,2277955.5
2026-03-30 18:00:00+00:00,0.0912,0.0915,0.0905,0.0906,907720.3
2026-03-30 19:00:00+00:00,0.0906,0.0908,0.0901,0.0908,1576104.3
2026-03-30 20:00:00+00:00,0.0908,0.091,0.0904,0.0906,1032307.1
2026-03-30 21:00:00+00:00,0.0906,0.0918,0.0905,0.0914,2907051.7
2026-03-30 22:00:00+00:00,0.0915,0.0917,0.0908,0.0909,914638.2
2026-03-30 23:00:00+00:00,0.0909,0.0914,0.0906,0.0911,5187020.2
2026-03-31 00:00:00+00:00,0.0911,0.0918,0.0909,0.0916,1416156.7
2026-03-31 01:00:00+00:00,0.0917,0.0937,0.0915,0.0928,2484173.2
2026-03-31 02:00:00+00:00,0.0928,0.0935,0.0926,0.093,827475.7
2026-03-31 03:00:00+00:00,0.0929,0.0929,0.0923,0.0926,1005978.6
2026-03-31 04:00:00+00:00,0.0926,0.093,0.0922,0.0924,1222980.4
2026-03-31 05:00:00+00:00,0.0924,0.093,0.0924,0.0926,1187829.4
2026-03-31 06:00:00+00:00,0.0927,0.0931,0.0925,0.0931,1242957.6
2026-03-31 07:00:00+00:00,0.0931,0.0932,0.0922,0.0929,1578063.9
2026-03-31 08:00:00+00:00,0.0928,0.093,0.0919,0.092,1662415.1
2026-03-31 09:00:00+00:00,0.092,0.0922,0.0908,0.0911,3773337.6
2026-03-31 10:00:00+00:00,0.0911,0.0916,0.091,0.0911,1659128.3
2026-03-31 11:00:00+00:00,0.091,0.0924,0.0909,0.0923,3115141.3
2026-03-31 12:00:00+00:00,0.0924,0.0927,0.0917,0.0919,1867522.8
2026-03-31 13:00:00+00:00,0.0919,0.0931,0.0919,0.0928,1930875.3
2026-03-31 14:00:00+00:00,0.0928,0.0935,0.0914,0.0918,2435472.4
2026-03-31 15:00:00+00:00,0.0918,0.0929,0.0913,0.0914,1318559.8
2026-03-31 16:00:00+00:00,0.0914,0.093,0.0914,0.093,2283829.3
2026-03-31 17:00:00+00:00,0.093,0.0941,0.0925,0.0927,2438200.7
2026-03-31 18:00:00+00:00,0.0928,0.0933,0.0925,0.0928,679749.7
2026-03-31 19:00:00+00:00,0.0929,0.0931,0.0925,0.0928,763945.6
2026-03-31 20:00:00+00:00,0.0928,0.0931,0.0927,0.0931,762589.4
2026-03-31 21:00:00+00:00,0.0932,0.0932,0.0926,0.0929,912615.6
2026-03-31 22:00:00+00:00,0.0928,0.093,0.0923,0.0928,876574.0
2026-03-31 23:00:00+00:00,0.0928,0.0932,0.0927,0.0929,972146.6
2026-04-01 00:00:00+00:00,0.0929,0.093,0.0925,0.0929,962094.5
2026-04-01 01:00:00+00:00,0.093,0.0931,0.0922,0.0924,1178466.0
2026-04-01 02:00:00+00:00,0.0925,0.0927,0.0921,0.0925,844713.3
2026-04-01 03:00:00+00:00,0.0925,0.0937,0.0925,0.0933,1733190.6
2026-04-01 04:00:00+00:00,0.0933,0.0941,0.0932,0.0938,1077311.1
2026-04-01 05:00:00+00:00,0.0938,0.095,0.0936,0.0947,2220762.0
2026-04-01 06:00:00+00:00,0.0948,0.096,0.0948,0.096,2302641.0
2026-04-01 07:00:00+00:00,0.096,0.0961,0.0951,0.0958,1992653.2
2026-04-01 08:00:00+00:00,0.0958,0.0963,0.0954,0.0955,2380297.1
2026-04-01 09:00:00+00:00,0.0955,0.0956,0.0947,0.0952,940205.9
2026-04-01 10:00:00+00:00,0.0953,0.0954,0.0945,0.0949,1673156.3
2026-04-01 11:00:00+00:00,0.0948,0.0957,0.0946,0.0955,4149218.8
2026-04-01 12:00:00+00:00,0.0954,0.0969,0.0953,0.0958,4321986.8
2026-04-01 13:00:00+00:00,0.0958,0.0958,0.0943,0.0944,2271656.6
2026-04-01 14:00:00+00:00,0.0945,0.0947,0.094,0.0944,1624309.4
2026-04-01 15:00:00+00:00,0.0945,0.0947,0.094,0.0947,1920289.0
2026-04-01 16:00:00+00:00,0.0947,0.0952,0.0942,0.0949,1838380.8
2026-04-01 17:00:00+00:00,0.0948,0.0958,0.0946,0.0948,2855395.7
2026-04-01 18:00:00+00:00,0.0948,0.0949,0.0942,0.0943,1488456.1
2026-04-01 19:00:00+00:00,0.0943,0.095,0.0942,0.0948,1606817.1
2026-04-01 20:00:00+00:00,0.0947,0.0948,0.0941,0.0945,1473822.1
2026-04-01 21:00:00+00:00,0.0945,0.0952,0.0944,0.095,1528575.5
2026-04-01 22:00:00+00:00,0.095,0.095,0.094,0.0942,1528784.2
2026-04-01 23:00:00+00:00,0.0942,0.0944,0.0941,0.0944,753337.7
2026-04-02 00:00:00+00:00,0.0944,0.0955,0.0943,0.0953,1287553.6
2026-04-02 01:00:00+00:00,0.0953,0.0953,0.0921,0.0928,5138777.1
2026-04-02 02:00:00+00:00,0.0928,0.093,0.0907,0.0914,3581296.8
2026-04-02 03:00:00+00:00,0.0914,0.0918,0.0905,0.0911,2731404.4
2026-04-02 04:00:00+00:00,0.091,0.0913,0.0906,0.0907,2195748.3
2026-04-02 05:00:00+00:00,0.0908,0.0916,0.0904,0.0915,1729793.6
2026-04-02 06:00:00+00:00,0.0914,0.0921,0.0913,0.0916,1400220.8
2026-04-02 07:00:00+00:00,0.0916,0.0917,0.0913,0.0915,757274.5
2026-04-02 08:00:00+00:00,0.0914,0.0915,0.0907,0.0907,1591300.3
2026-04-02 09:00:00+00:00,0.0908,0.0912,0.0905,0.0911,1653808.2
2026-04-02 10:00:00+00:00,0.0911,0.0913,0.0908,0.091,1531134.8
2026-04-02 11:00:00+00:00,0.091,0.0914,0.0906,0.0911,1145463.9
2026-04-02 12:00:00+00:00,0.0911,0.0911,0.0905,0.0906,1633755.0
2026-04-02 13:00:00+00:00,0.0906,0.0906,0.0897,0.0903,3570398.2
2026-04-02 14:00:00+00:00,0.0902,0.0923,0.09,0.0922,2852745.4
2026-04-02 15:00:00+00:00,0.0921,0.0922,0.0908,0.0916,2597827.0
2026-04-02 16:00:00+00:00,0.0915,0.0926,0.091,0.0918,3017737.7
2026-04-02 17:00:00+00:00,0.0918,0.0927,0.091,0.0912,1991138.0
2026-04-02 18:00:00+00:00,0.0912,0.0916,0.0907,0.0914,1448949.5
2026-04-02 19:00:00+00:00,0.0914,0.0915,0.0907,0.0912,1075481.3
2026-04-02 20:00:00+00:00,0.0912,0.0917,0.091,0.0913,787594.2
2026-04-02 21:00:00+00:00,0.0913,0.0913,0.0908,0.0911,560437.2
2026-04-02 22:00:00+00:00,0.091,0.0913,0.0909,0.091,909853.4
2026-04-02 23:00:00+00:00,0.0909,0.0911,0.0908,0.0909,1128020.4
2026-04-03 00:00:00+00:00,0.0909,0.0911,0.0908,0.091,1069188.7
2026-04-03 01:00:00+00:00,0.091,0.0914,0.0907,0.0911,2097347.0
2026-04-03 02:00:00+00:00,0.0912,0.0918,0.0909,0.0918,1490917.7
2026-04-03 03:00:00+00:00,0.0918,0.0924,0.0915,0.0922,1085979.5
2026-04-03 04:00:00+00:00,0.0923,0.093,0.0922,0.093,2147229.4
2026-04-03 05:00:00+00:00,0.0929,0.0938,0.0926,0.0934,1836595.7
2026-04-03 06:00:00+00:00,0.0933,0.0943,0.0932,0.0939,1703145.0
2026-04-03 07:00:00+00:00,0.0939,0.0942,0.0932,0.0935,1159294.2
2026-04-03 08:00:00+00:00,0.0935,0.0946,0.0935,0.0942,2047469.1
2026-04-03 09:00:00+00:00,0.0942,0.0949,0.094,0.0946,4127590.0
2026-04-03 10:00:00+00:00,0.0947,0.0949,0.0934,0.0935,5847519.6
2026-04-03 11:00:00+00:00,0.0936,0.0941,0.0935,0.0939,3340694.1
2026-04-03 12:00:00+00:00,0.0938,0.0945,0.093,0.0933,5076747.0
2026-04-03 13:00:00+00:00,0.0933,0.0934,0.0925,0.0928,1571468.7
2026-04-03 14:00:00+00:00,0.0929,0.0934,0.0926,0.0932,1704642.7
2026-04-03 15:00:00+00:00,0.0931,0.0931,0.0923,0.0925,1292775.5
2026-04-03 16:00:00+00:00,0.0924,0.0931,0.0923,0.093,1895807.2
2026-04-03 17:00:00+00:00,0.093,0.0932,0.0924,0.0926,548814.8
2026-04-03 18:00:00+00:00,0.0925,0.093,0.0925,0.0925,460660.2
2026-04-03 19:00:00+00:00,0.0926,0.0927,0.092,0.0925,1374344.6
2026-04-03 20:00:00+00:00,0.0926,0.093,0.0925,0.0926,804418.3
2026-04-03 21:00:00+00:00,0.0926,0.093,0.0925,0.0928,1341468.8
2026-04-03 22:00:00+00:00,0.0928,0.0928,0.0921,0.0923,718090.9
2026-04-03 23:00:00+00:00,0.0922,0.0925,0.092,0.0924,894591.8
2026-04-04 00:00:00+00:00,0.0923,0.0924,0.0917,0.0918,2043968.2
2026-04-04 01:00:00+00:00,0.0917,0.092,0.0917,0.0918,925572.2
2026-04-04 02:00:00+00:00,0.0917,0.0919,0.0914,0.0915,650600.0
2026-04-04 03:00:00+00:00,0.0916,0.0922,0.0915,0.0917,2663378.3
2026-04-04 04:00:00+00:00,0.0917,0.0921,0.0916,0.092,798556.5
2026-04-04 05:00:00+00:00,0.0919,0.0922,0.0917,0.0918,1353266.7
2026-04-04 06:00:00+00:00,0.0917,0.0923,0.0915,0.0922,1097677.7
2026-04-04 07:00:00+00:00,0.0922,0.0922,0.0918,0.092,858618.0
2026-04-04 08:00:00+00:00,0.092,0.0921,0.0915,0.0916,902284.3
2026-04-04 09:00:00+00:00,0.0916,0.0918,0.0915,0.0917,1177852.1
2026-04-04 10:00:00+00:00,0.0916,0.092,0.0915,0.0919,1604693.8
2026-04-04 11:00:00+00:00,0.0919,0.0922,0.0917,0.0922,1180143.2
2026-04-04 12:00:00+00:00,0.0921,0.0924,0.0919,0.0921,1290871.6
2026-04-04 13:00:00+00:00,0.092,0.0926,0.0918,0.0919,1624158.9
2026-04-04 14:00:00+00:00,0.092,0.0924,0.0917,0.0924,1314300.1
2026-04-04 15:00:00+00:00,0.0925,0.0932,0.0925,0.0926,2388187.3
2026-04-04 16:00:00+00:00,0.0926,0.093,0.0923,0.0923,986822.8
2026-04-04 17:00:00+00:00,0.0923,0.0935,0.0922,0.0931,2323882.8
2026-04-04 18:00:00+00:00,0.0932,0.0934,0.0928,0.0929,556411.4
2026-04-04 19:00:00+00:00,0.0928,0.0938,0.0928,0.0931,1800095.7
2026-04-04 20:00:00+00:00,0.0931,0.0931,0.0927,0.0927,486637.5
2026-04-04 21:00:00+00:00,0.0928,0.093,0.0926,0.0926,892101.7
2026-04-04 22:00:00+00:00,0.0927,0.0931,0.0926,0.0928,1388280.0
2026-04-04 23:00:00+00:00,0.0928,0.0928,0.0925,0.0927,921404.2
2026-04-05 00:00:00+00:00,0.0927,0.0928,0.0925,0.0926,487314.5
2026-04-05 01:00:00+00:00,0.0926,0.0927,0.0922,0.0922,456510.3
2026-04-05 02:00:00+00:00,0.0922,0.0923,0.092,0.0921,522146.3
2026-04-05 03:00:00+00:00,0.0921,0.0922,0.0918,0.0921,429322.7
2026-04-05 04:00:00+00:00,0.092,0.092,0.0915,0.0916,370071.2
2026-04-05 05:00:00+00:00,0.0916,0.0918,0.0911,0.0913,1394857.7
2026-04-05 06:00:00+00:00,0.0913,0.0913,0.0905,0.0908,3984849.2
2026-04-05 07:00:00+00:00,0.0908,0.091,0.0904,0.0906,949855.5
2026-04-05 08:00:00+00:00,0.0905,0.0907,0.0904,0.0907,643716.7
2026-04-05 09:00:00+00:00,0.0906,0.0909,0.0906,0.0909,1116081.4
2026-04-05 10:00:00+00:00,0.0909,0.0911,0.0906,0.0907,741847.0
2026-04-05 11:00:00+00:00,0.0907,0.0908,0.0904,0.0906,1232083.4
2026-04-05 12:00:00+00:00,0.0907,0.0908,0.0898,0.0902,2985115.7
2026-04-05 13:00:00+00:00,0.0902,0.0907,0.0896,0.0907,1784096.3
2026-04-05 14:00:00+00:00,0.0906,0.0909,0.0903,0.0907,1889682.4
2026-04-05 15:00:00+00:00,0.0907,0.0918,0.0902,0.091,3234136.8
2026-04-05 16:00:00+00:00,0.091,0.0914,0.0905,0.0906,1603137.0
2026-04-05 17:00:00+00:00,0.0906,0.0912,0.0904,0.0912,1335861.4
2026-04-05 18:00:00+00:00,0.0912,0.0914,0.0909,0.0912,1007561.0
2026-04-05 19:00:00+00:00,0.0911,0.0917,0.091,0.0913,612946.3
2026-04-05 20:00:00+00:00,0.0914,0.0917,0.0912,0.0914,1944718.3
2026-04-05 21:00:00+00:00,0.0914,0.0915,0.0907,0.0911,1189293.5
2026-04-05 22:00:00+00:00,0.0911,0.0928,0.0908,0.0926,3108473.6
2026-04-05 23:00:00+00:00,0.0927,0.0948,0.0923,0.0942,6170095.4
2026-04-06 00:00:00+00:00,0.0943,0.0967,0.0943,0.0954,6701319.5
2026-04-06 01:00:00+00:00,0.0954,0.0955,0.0945,0.095,2807808.6
2026-04-06 02:00:00+00:00,0.095,0.0964,0.095,0.0959,3254162.7
2026-04-06 03:00:00+00:00,0.096,0.0961,0.0953,0.0955,1921390.0
2026-04-06 04:00:00+00:00,0.0956,0.096,0.0953,0.0957,1901238.6
2026-04-06 05:00:00+00:00,0.0956,0.0958,0.0953,0.0955,1416076.2
2026-04-06 06:00:00+00:00,0.0955,0.0957,0.095,0.0955,2363151.1
2026-04-06 07:00:00+00:00,0.0955,0.0957,0.0952,0.0956,1155926.5
2026-04-06 08:00:00+00:00,0.0957,0.0972,0.0957,0.0966,4448061.8
2026-04-06 09:00:00+00:00,0.0965,0.0982,0.0965,0.0976,4286655.5
2026-04-06 10:00:00+00:00,0.0977,0.0985,0.0976,0.0985,4254972.3
2026-04-06 11:00:00+00:00,0.0983,0.0989,0.0979,0.0985,3729811.1
2026-04-06 12:00:00+00:00,0.0986,0.099,0.0976,0.0979,5749438.8
2026-04-06 13:00:00+00:00,0.0979,0.0981,0.097,0.0973,2432182.1
2026-04-06 14:00:00+00:00,0.0973,0.0976,0.0962,0.0969,3254452.4
2026-04-06 15:00:00+00:00,0.0969,0.0974,0.0968,0.0972,1423445.4
2026-04-06 16:00:00+00:00,0.0972,0.0974,0.0965,0.0966,3776221.5
2026-04-06 17:00:00+00:00,0.0966,0.0967,0.0958,0.0962,2823344.1
2026-04-06 18:00:00+00:00,0.0961,0.0965,0.096,0.0962,1166233.9
2026-04-06 19:00:00+00:00,0.0962,0.0962,0.0956,0.0959,1084460.5
2026-04-06 20:00:00+00:00,0.0959,0.0961,0.0958,0.0959,865705.4
2026-04-06 21:00:00+00:00,0.0959,0.096,0.095,0.0952,1143741.9
2026-04-06 22:00:00+00:00,0.0952,0.0954,0.0939,0.094,2245022.7
2026-04-06 23:00:00+00:00,0.0939,0.094,0.0931,0.0937,3924564.9
2026-04-07 00:00:00+00:00,0.0937,0.0942,0.0934,0.0935,4247531.2
2026-04-07 01:00:00+00:00,0.0936,0.0939,0.093,0.0931,3148878.8
2026-04-07 02:00:00+00:00,0.0931,0.0936,0.0926,0.0934,1503397.3
2026-04-07 03:00:00+00:00,0.0934,0.0938,0.0934,0.0937,1080507.9
2026-04-07 04:00:00+00:00,0.0936,0.0946,0.0933,0.0941,1391437.2
2026-04-07 05:00:00+00:00,0.0941,0.0943,0.0938,0.0942,1195256.1
2026-04-07 06:00:00+00:00,0.0942,0.0945,0.0936,0.0945,1248771.3
2026-04-07 07:00:00+00:00,0.0945,0.095,0.0942,0.0949,1336155.1
2026-04-07 08:00:00+00:00,0.0948,0.0956,0.0946,0.0952,1587668.6
2026-04-07 09:00:00+00:00,0.0951,0.0959,0.095,0.0955,1315646.2
2026-04-07 10:00:00+00:00,0.0956,0.0956,0.094,0.0941,2878474.6
2026-04-07 11:00:00+00:00,0.0941,0.0943,0.0937,0.0939,980724.9
2026-04-07 12:00:00+00:00,0.0939,0.094,0.0928,0.0934,3787756.1
2026-04-07 13:00:00+00:00,0.0935,0.0939,0.0933,0.0933,1384836.3
2026-04-07 14:00:00+00:00,0.0934,0.0939,0.0929,0.0932,1777488.5
2026-04-07 15:00:00+00:00,0.0931,0.0941,0.0929,0.0935,2737898.8
2026-04-07 16:00:00+00:00,0.0935,0.094,0.0934,0.0937,1283101.2
2026-04-07 17:00:00+00:00,0.0937,0.0955,0.0934,0.0947,2695060.1
2026-04-07 18:00:00+00:00,0.0948,0.0954,0.0946,0.095,2471537.2
2026-04-07 19:00:00+00:00,0.0949,0.0971,0.0949,0.097,7908494.7
2026-04-07 20:00:00+00:00,0.097,0.0977,0.0967,0.097,10388091.4
2026-04-07 21:00:00+00:00,0.0971,0.0998,0.097,0.0994,8406152.9
2026-04-07 22:00:00+00:00,0.0995,0.1021,0.0991,0.1021,12000537.4
2026-04-07 23:00:00+00:00,0.1021,0.1031,0.1016,0.1019,9473959.8
2026-04-08 00:00:00+00:00,0.1019,0.1025,0.1008,0.1011,5663625.4
2026-04-08 01:00:00+00:00,0.101,0.1021,0.1008,0.1019,1529776.0
2026-04-08 02:00:00+00:00,0.102,0.1031,0.1017,0.102,4608319.9
2026-04-08 03:00:00+00:00,0.102,0.1028,0.102,0.1025,1329075.6
2026-04-08 04:00:00+00:00,0.1025,0.104,0.1023,0.1033,7153806.7
2026-04-08 05:00:00+00:00,0.1033,0.1045,0.1031,0.1031,5821275.2
2026-04-08 06:00:00+00:00,0.1032,0.1034,0.1025,0.1029,4822430.6
2026-04-08 07:00:00+00:00,0.1029,0.1035,0.1026,0.1034,2928573.9
2026-04-08 08:00:00+00:00,0.1034,0.1041,0.1033,0.1036,4666235.8
2026-04-08 09:00:00+00:00,0.1036,0.1037,0.1026,0.1028,2218787.2
2026-04-08 10:00:00+00:00,0.1028,0.1031,0.1023,0.1023,4165589.9
2026-04-08 11:00:00+00:00,0.1023,0.1024,0.1014,0.102,1658207.2
2026-04-08 12:00:00+00:00,0.1021,0.1022,0.101,0.1015,3269642.1
2026-04-08 13:00:00+00:00,0.1014,0.1023,0.1014,0.1018,3043032.3
2026-04-08 14:00:00+00:00,0.1017,0.1018,0.0998,0.0999,6247769.9
2026-04-08 15:00:00+00:00,0.0999,0.1008,0.0996,0.1007,3498487.7
2026-04-08 16:00:00+00:00,0.1007,0.1011,0.1004,0.101,2257898.0
2026-04-08 17:00:00+00:00,0.101,0.1018,0.1008,0.1013,3014557.3
2026-04-08 18:00:00+00:00,0.1013,0.1013,0.1001,0.1001,2647071.9
2026-04-08 19:00:00+00:00,0.1002,0.1014,0.1,0.1014,4219184.3
2026-04-08 20:00:00+00:00,0.1015,0.1025,0.1014,0.102,5373045.6
2026-04-08 21:00:00+00:00,0.102,0.1054,0.102,0.1052,10473442.6
2026-04-08 22:00:00+00:00,0.1052,0.1065,0.1049,0.105,11171765.6
2026-04-08 23:00:00+00:00,0.105,0.1057,0.104,0.1055,7876914.6
2026-04-09 00:00:00+00:00,0.1056,0.1059,0.1014,0.1022,11029133.4
2026-04-09 01:00:00+00:00,0.1021,0.1025,0.1006,0.1012,5678549.3
2026-04-09 02:00:00+00:00,0.1013,0.102,0.1006,0.1013,2722736.1
2026-04-09 03:00:00+00:00,0.1014,0.1018,0.1007,0.1015,2011586.2
2026-04-09 04:00:00+00:00,0.1016,0.1023,0.1013,0.1021,2560189.0
2026-04-09 05:00:00+00:00,0.1021,0.1033,0.1015,0.1017,3125008.0
2026-04-09 06:00:00+00:00,0.1017,0.1023,0.1016,0.1022,1730726.0
2026-04-09 07:00:00+00:00,0.1022,0.103,0.1018,0.102,1646073.6
2026-04-09 08:00:00+00:00,0.1019,0.1022,0.1015,0.1019,2326328.5
2026-04-09 09:00:00+00:00,0.1018,0.1022,0.101,0.1017,5659939.6
2026-04-09 10:00:00+00:00,0.1017,0.1025,0.1014,0.1019,2712489.3
2026-04-09 11:00:00+00:00,0.1018,0.1021,0.1015,0.1015,1471265.4
2026-04-09 12:00:00+00:00,0.1015,0.1025,0.1014,0.1019,1482950.0
2026-04-09 13:00:00+00:00,0.1019,0.102,0.1009,0.102,2369418.0
2026-04-09 14:00:00+00:00,0.102,0.1037,0.1011,0.1027,6079813.2
2026-04-09 15:00:00+00:00,0.1028,0.1053,0.1023,0.1039,4425617.5
2026-04-09 16:00:00+00:00,0.1039,0.1048,0.1027,0.1031,4573523.6
2026-04-09 17:00:00+00:00,0.1031,0.1035,0.1026,0.1033,2024515.8
2026-04-09 18:00:00+00:00,0.1032,0.1033,0.1025,0.1031,3412295.1
2026-04-09 19:00:00+00:00,0.103,0.1034,0.1025,0.1029,1416961.3
2026-04-09 20:00:00+00:00,0.1029,0.1041,0.1028,0.1039,1788885.3
2026-04-09 21:00:00+00:00,0.104,0.1076,0.1036,0.1071,9070645.1
2026-04-09 22:00:00+00:00,0.1071,0.1102,0.107,0.108,11777700.4
2026-04-09 23:00:00+00:00,0.1079,0.1091,0.1072,0.108,6083531.2
2026-04-10 00:00:00+00:00,0.108,0.1101,0.1073,0.1098,6762533.0
2026-04-10 01:00:00+00:00,0.1098,0.1113,0.1087,0.1097,8212449.5
2026-04-10 02:00:00+00:00,0.1098,0.1102,0.1087,0.1095,3970090.0
2026-04-10 03:00:00+00:00,0.1094,0.1101,0.1086,0.1092,3793330.4
2026-04-10 04:00:00+00:00,0.1092,0.1121,0.1092,0.112,4789739.7
2026-04-10 05:00:00+00:00,0.112,0.1124,0.1105,0.1118,5048753.1
2026-04-10 06:00:00+00:00,0.1119,0.112,0.1081,0.1092,5487975.2
2026-04-10 07:00:00+00:00,0.1093,0.1104,0.1087,0.1097,5307014.4
2026-04-10 08:00:00+00:00,0.1097,0.1107,0.1085,0.1091,2935163.8
2026-04-10 09:00:00+00:00,0.1091,0.1109,0.1089,0.1104,4737349.4
2026-04-10 10:00:00+00:00,0.1105,0.1115,0.1088,0.109,5225858.6
2026-04-10 11:00:00+00:00,0.109,0.1099,0.1088,0.1088,3136134.9
2026-04-10 12:00:00+00:00,0.1088,0.1102,0.1086,0.1091,6494686.9
2026-04-10 13:00:00+00:00,0.1091,0.1103,0.1088,0.1098,2661551.5
2026-04-10 14:00:00+00:00,0.1098,0.1103,0.1091,0.1102,3178854.3
2026-04-10 15:00:00+00:00,0.1102,0.1105,0.1092,0.1098,6068045.3
2026-04-10 16:00:00+00:00,0.1099,0.1105,0.1088,0.1104,5129276.5
2026-04-10 17:00:00+00:00,0.1104,0.1106,0.1098,0.1103,2477546.4
2026-04-10 18:00:00+00:00,0.1104,0.1113,0.1101,0.1106,2833589.7
2026-04-10 19:00:00+00:00,0.1107,0.1122,0.1105,0.1118,2857378.4
2026-04-10 20:00:00+00:00,0.1119,0.1128,0.1114,0.1123,4577911.4
2026-04-10 21:00:00+00:00,0.1122,0.1138,0.1117,0.1132,4639574.9
2026-04-10 22:00:00+00:00,0.1131,0.116,0.113,0.1155,11720840.5
2026-04-10 23:00:00+00:00,0.1155,0.1167,0.1143,0.1165,8403748.3
2026-04-11 00:00:00+00:00,0.1165,0.1168,0.1132,0.1142,8855827.1
2026-04-11 01:00:00+00:00,0.1141,0.1162,0.114,0.1153,5967845.4
2026-04-11 02:00:00+00:00,0.1154,0.1191,0.1153,0.119,6701489.0
2026-04-11 03:00:00+00:00,0.119,0.1212,0.1186,0.1206,13601918.5
2026-04-11 04:00:00+00:00,0.1206,0.1227,0.1162,0.1164,16850717.9
2026-04-11 05:00:00+00:00,0.1164,0.117,0.1145,0.1155,8420661.5
2026-04-11 06:00:00+00:00,0.1155,0.116,0.1144,0.1148,4828898.7
2026-04-11 07:00:00+00:00,0.1148,0.1153,0.1142,0.115,2577322.8
2026-04-11 08:00:00+00:00,0.1149,0.1158,0.1137,0.1148,2508043.2
2026-04-11 09:00:00+00:00,0.1147,0.1153,0.1133,0.1146,3244886.2
2026-04-11 10:00:00+00:00,0.1146,0.1147,0.1134,0.114,3597668.4
2026-04-11 11:00:00+00:00,0.1141,0.1152,0.1139,0.1149,2694619.4
2026-04-11 12:00:00+00:00,0.1149,0.1153,0.1142,0.1145,2069432.6
2026-04-11 13:00:00+00:00,0.1146,0.1151,0.1135,0.115,2365882.2
2026-04-11 14:00:00+00:00,0.1149,0.1159,0.1149,0.1151,2799807.6
2026-04-11 15:00:00+00:00,0.1151,0.1159,0.1149,0.1151,3928631.2
2026-04-11 16:00:00+00:00,0.1151,0.1178,0.115,0.1171,3374691.4
2026-04-11 17:00:00+00:00,0.117,0.1176,0.1161,0.1162,2816955.9
2026-04-11 18:00:00+00:00,0.1163,0.1176,0.116,0.1168,6545835.0
2026-04-11 19:00:00+00:00,0.1168,0.118,0.1165,0.1178,2717750.1
2026-04-11 20:00:00+00:00,0.1179,0.118,0.1161,0.117,2601051.6
2026-04-11 21:00:00+00:00,0.117,0.1175,0.1167,0.117,1252097.9
2026-04-11 22:00:00+00:00,0.117,0.1177,0.1157,0.1164,2423507.0
2026-04-11 23:00:00+00:00,0.1163,0.1163,0.1151,0.1156,2105591.1
2026-04-12 00:00:00+00:00,0.1157,0.1158,0.1147,0.1158,4172014.1
2026-04-12 01:00:00+00:00,0.1158,0.1163,0.1126,0.113,6481600.7
2026-04-12 02:00:00+00:00,0.113,0.1139,0.1124,0.1137,3558668.0
2026-04-12 03:00:00+00:00,0.1137,0.1141,0.1123,0.1124,2452498.5
2026-04-12 04:00:00+00:00,0.1124,0.1126,0.1109,0.1111,4644978.4
2026-04-12 05:00:00+00:00,0.1111,0.1114,0.1106,0.1114,2404281.9
2026-04-12 06:00:00+00:00,0.1113,0.1113,0.1103,0.1107,1195448.4
2026-04-12 07:00:00+00:00,0.1107,0.1113,0.1105,0.111,1895599.3
2026-04-12 08:00:00+00:00,0.1109,0.1109,0.1093,0.1095,2443344.8
2026-04-12 09:00:00+00:00,0.1094,0.1103,0.1091,0.11,1412496.9
2026-04-12 10:00:00+00:00,0.11,0.1114,0.11,0.1107,4069404.0
2026-04-12 11:00:00+00:00,0.1106,0.1119,0.1103,0.1113,1387609.6
2026-04-12 12:00:00+00:00,0.1113,0.112,0.1109,0.1114,2036568.8
2026-04-12 13:00:00+00:00,0.1113,0.1125,0.1113,0.1119,3615379.9
2026-04-12 14:00:00+00:00,0.1119,0.1124,0.1106,0.1107,3442367.5
2026-04-12 15:00:00+00:00,0.1106,0.1109,0.1102,0.1108,2829838.4
2026-04-12 16:00:00+00:00,0.1107,0.111,0.1101,0.1104,2421376.1
2026-04-12 17:00:00+00:00,0.1104,0.1129,0.1102,0.1126,2304956.9
2026-04-12 18:00:00+00:00,0.1127,0.1132,0.1119,0.1121,2142756.5
2026-04-12 19:00:00+00:00,0.112,0.1125,0.1117,0.1121,1726497.6
2026-04-12 20:00:00+00:00,0.1121,0.1128,0.1115,0.1124,1332873.1
2026-04-12 21:00:00+00:00,0.1124,0.1124,0.1111,0.1115,1358272.5
2026-04-12 22:00:00+00:00,0.1114,0.1114,0.1105,0.1108,2922222.0
2026-04-12 23:00:00+00:00,0.1108,0.111,0.1103,0.111,1749882.6
2026-04-13 00:00:00+00:00,0.111,0.1118,0.1107,0.1114,1922339.0
2026-04-13 01:00:00+00:00,0.1114,0.112,0.1112,0.1117,1332527.5
2026-04-13 02:00:00+00:00,0.1117,0.112,0.111,0.1111,1771447.9
2026-04-13 03:00:00+00:00,0.1111,0.1114,0.1107,0.1113,1660618.7
2026-04-13 04:00:00+00:00,0.1113,0.1122,0.111,0.1113,1472048.2
2026-04-13 05:00:00+00:00,0.1114,0.1119,0.111,0.1119,1237531.5
2026-04-13 06:00:00+00:00,0.1119,0.1138,0.1119,0.1122,2864871.8
2026-04-13 07:00:00+00:00,0.1122,0.1122,0.1112,0.1112,1546923.1
2026-04-13 08:00:00+00:00,0.1111,0.1112,0.1106,0.1107,1926730.6
2026-04-13 09:00:00+00:00,0.1106,0.1111,0.1105,0.1106,1415618.5
2026-04-13 10:00:00+00:00,0.1106,0.111,0.1103,0.1107,1515423.2
2026-04-13 11:00:00+00:00,0.1108,0.1116,0.1107,0.1114,1163724.9
2026-04-13 12:00:00+00:00,0.1114,0.1122,0.1104,0.1118,1961329.4
2026-04-13 13:00:00+00:00,0.1118,0.1118,0.1104,0.1111,2719547.7
2026-04-13 14:00:00+00:00,0.1111,0.1118,0.1105,0.1116,3152957.7
2026-04-13 15:00:00+00:00,0.1116,0.1117,0.1105,0.1106,2484040.2
2026-04-13 16:00:00+00:00,0.1106,0.1116,0.1099,0.1116,3028282.8
2026-04-13 17:00:00+00:00,0.1115,0.112,0.1106,0.1107,2252087.4
2026-04-13 18:00:00+00:00,0.1107,0.1115,0.1106,0.1114,1504411.7
2026-04-13 19:00:00+00:00,0.1113,0.1125,0.1112,0.1124,2466431.3
2026-04-13 20:00:00+00:00,0.1123,0.1123,0.1108,0.111,1308016.9
2026-04-13 21:00:00+00:00,0.1109,0.1117,0.1107,0.1116,1462022.2
2026-04-13 22:00:00+00:00,0.1115,0.1136,0.1114,0.1131,6953607.2
2026-04-13 23:00:00+00:00,0.1131,0.1138,0.1125,0.1136,3456746.9
2026-04-14 00:00:00+00:00,0.1136,0.1138,0.1122,0.1125,2407899.0
2026-04-14 01:00:00+00:00,0.1126,0.1131,0.112,0.1123,1584879.6
2026-04-14 02:00:00+00:00,0.1123,0.1134,0.1122,0.113,2222497.9
2026-04-14 03:00:00+00:00,0.1129,0.1137,0.1125,0.1125,1288211.6
2026-04-14 04:00:00+00:00,0.1126,0.1135,0.1125,0.1132,1162876.4
2026-04-14 05:00:00+00:00,0.1131,0.1136,0.1126,0.113,1571338.3
2026-04-14 06:00:00+00:00,0.1131,0.1134,0.1128,0.1132,1337513.9
2026-04-14 07:00:00+00:00,0.1132,0.1134,0.1124,0.1129,1532172.0
2026-04-14 08:00:00+00:00,0.1129,0.1134,0.1126,0.113,1394388.2
2026-04-14 09:00:00+00:00,0.113,0.1132,0.1124,0.1126,1937538.3
2026-04-14 10:00:00+00:00,0.1126,0.1126,0.1112,0.1114,3897664.3
2026-04-14 11:00:00+00:00,0.1113,0.1114,0.1103,0.111,9947302.5
2026-04-14 12:00:00+00:00,0.1109,0.1116,0.1107,0.1114,1428095.8
2026-04-14 13:00:00+00:00,0.1114,0.1115,0.1104,0.1114,4676284.5
2026-04-14 14:00:00+00:00,0.1115,0.1117,0.1106,0.1107,4101800.3
2026-04-14 15:00:00+00:00,0.1107,0.111,0.109,0.1101,5471203.9
2026-04-14 16:00:00+00:00,0.11,0.112,0.11,0.1116,3407309.9
2026-04-14 17:00:00+00:00,0.1116,0.1125,0.1112,0.1115,4915877.5
2026-04-14 18:00:00+00:00,0.1116,0.112,0.1096,0.11,2130356.1
2026-04-14 19:00:00+00:00,0.1099,0.1102,0.1093,0.1101,1289745.9
2026-04-14 20:00:00+00:00,0.1102,0.1103,0.1094,0.1095,677620.5
2026-04-14 21:00:00+00:00,0.1096,0.1105,0.1095,0.1103,716703.6
2026-04-14 22:00:00+00:00,0.1103,0.1104,0.1096,0.1098,696963.1
2026-04-14 23:00:00+00:00,0.1098,0.1103,0.1097,0.1102,1180512.1
2026-04-15 00:00:00+00:00,0.1102,0.1111,0.1101,0.1106,2581003.6
2026-04-15 01:00:00+00:00,0.1106,0.1127,0.1105,0.1119,4228678.7
2026-04-15 02:00:00+00:00,0.1119,0.1124,0.1115,0.1124,2198751.5
2026-04-15 03:00:00+00:00,0.1125,0.1128,0.1119,0.1123,2734300.9
2026-04-15 04:00:00+00:00,0.1122,0.1141,0.1122,0.114,3969742.3
2026-04-15 05:00:00+00:00,0.1141,0.1146,0.1126,0.113,6325084.2
2026-04-15 06:00:00+00:00,0.113,0.113,0.1116,0.1119,3314911.8
2026-04-15 07:00:00+00:00,0.1119,0.1126,0.1113,0.1114,1750353.3
2026-04-15 08:00:00+00:00,0.1115,0.1131,0.1113,0.1127,3026434.6
2026-04-15 09:00:00+00:00,0.1128,0.1131,0.1121,0.1123,1915274.0
2026-04-15 10:00:00+00:00,0.1124,0.1131,0.112,0.1124,3111648.6
2026-04-15 11:00:00+00:00,0.1125,0.1141,0.1124,0.1133,4010715.9
2026-04-15 12:00:00+00:00,0.1132,0.1138,0.1128,0.1135,2010093.5
2026-04-15 13:00:00+00:00,0.1136,0.1145,0.1129,0.1134,4438639.9
2026-04-15 14:00:00+00:00,0.1134,0.1151,0.1131,0.115,4696502.3
2026-04-15 15:00:00+00:00,0.115,0.1155,0.1139,0.1154,8187088.1
2026-04-15 16:00:00+00:00,0.1154,0.1176,0.1154,0.1166,8595207.0
2026-04-15 17:00:00+00:00,0.1166,0.1173,0.1155,0.1158,3484904.5
2026-04-15 18:00:00+00:00,0.1158,0.1168,0.115,0.1164,3074997.7
2026-04-15 19:00:00+00:00,0.1164,0.1168,0.1157,0.1165,3825873.3
2026-04-15 20:00:00+00:00,0.1166,0.1169,0.1157,0.1164,1731811.5
2026-04-15 21:00:00+00:00,0.1164,0.1166,0.1154,0.1165,1345867.8
2026-04-15 22:00:00+00:00,0.1165,0.1167,0.1151,0.1152,2565485.9
2026-04-15 23:00:00+00:00,0.1152,0.1152,0.1141,0.1149,2049918.9
2026-04-16 00:00:00+00:00,0.115,0.1157,0.1142,0.1155,1602021.5
2026-04-16 01:00:00+00:00,0.1155,0.1159,0.115,0.1157,1123713.8
2026-04-16 02:00:00+00:00,0.1158,0.1169,0.1157,0.1163,2182117.7
2026-04-16 03:00:00+00:00,0.1162,0.1171,0.1162,0.1166,1060139.4
2026-04-16 04:00:00+00:00,0.1166,0.1178,0.1163,0.1175,2083924.4
2026-04-16 05:00:00+00:00,0.1174,0.1185,0.1169,0.1182,4162120.6
2026-04-16 06:00:00+00:00,0.1183,0.1186,0.1175,0.1182,2563170.4
2026-04-16 07:00:00+00:00,0.1183,0.1197,0.1182,0.1196,7219830.9
2026-04-16 08:00:00+00:00,0.1196,0.1198,0.118,0.118,6248261.2
2026-04-16 09:00:00+00:00,0.1181,0.1193,0.1178,0.1178,3583795.1
2026-04-16 10:00:00+00:00,0.1177,0.1188,0.117,0.1176,3903264.2
2026-04-16 11:00:00+00:00,0.1177,0.1191,0.1173,0.119,3515397.1
2026-04-16 12:00:00+00:00,0.119,0.1215,0.119,0.1214,7461184.9
2026-04-16 13:00:00+00:00,0.1214,0.1252,0.1213,0.1233,21255794.0
2026-04-16 14:00:00+00:00,0.1233,0.1234,0.1185,0.1204,12676673.6
2026-04-16 15:00:00+00:00,0.1203,0.1251,0.1203,0.1242,16142811.9
2026-04-16 16:00:00+00:00,0.1242,0.1255,0.1208,0.1212,12085451.7
2026-04-16 17:00:00+00:00,0.1213,0.1243,0.1211,0.124,4855035.1
2026-04-16 18:00:00+00:00,0.124,0.1282,0.1238,0.1276,9091838.8
2026-04-16 19:00:00+00:00,0.1277,0.1327,0.1271,0.1325,12005252.1
2026-04-16 20:00:00+00:00,0.1324,0.1334,0.1296,0.13,13373651.6
2026-04-16 21:00:00+00:00,0.1301,0.1302,0.1267,0.1287,5269195.8
2026-04-16 22:00:00+00:00,0.1288,0.1299,0.1279,0.129,2946239.8
2026-04-16 23:00:00+00:00,0.1289,0.1297,0.1281,0.129,3460137.3
2026-04-17 00:00:00+00:00,0.1289,0.13,0.1279,0.1297,7184380.3
2026-04-17 01:00:00+00:00,0.1296,0.1301,0.1262,0.1271,3851784.4
2026-04-17 02:00:00+00:00,0.127,0.1285,0.1266,0.1278,2400502.1
2026-04-17 03:00:00+00:00,0.1278,0.129,0.127,0.1284,2618194.0
2026-04-17 04:00:00+00:00,0.1284,0.1291,0.1279,0.1287,2061244.7
2026-04-17 05:00:00+00:00,0.1287,0.1291,0.1276,0.1286,3109007.5
2026-04-17 06:00:00+00:00,0.1286,0.1321,0.128,0.1305,10445919.4
2026-04-17 07:00:00+00:00,0.1306,0.1319,0.1295,0.1317,4468777.9
2026-04-17 08:00:00+00:00,0.1318,0.1319,0.1297,0.1305,5288272.5
2026-04-17 09:00:00+00:00,0.1305,0.1309,0.1288,0.1305,4201931.4
2026-04-17 10:00:00+00:00,0.1304,0.1314,0.1296,0.1302,4753095.8
2026-04-17 11:00:00+00:00,0.1302,0.1348,0.1301,0.1339,12933247.9
2026-04-17 12:00:00+00:00,0.1339,0.1364,0.1336,0.1361,13032260.3
2026-04-17 13:00:00+00:00,0.136,0.1369,0.1336,0.1338,9321088.6
2026-04-17 14:00:00+00:00,0.1337,0.1355,0.1326,0.133,7828292.9
2026-04-17 15:00:00+00:00,0.1329,0.1329,0.1305,0.1311,7724566.7
2026-04-17 16:00:00+00:00,0.1311,0.1332,0.1302,0.1329,4290833.0
2026-04-17 17:00:00+00:00,0.1328,0.1336,0.1314,0.132,6589033.0
2026-04-17 18:00:00+00:00,0.132,0.1334,0.1312,0.1325,3398320.4
2026-04-17 19:00:00+00:00,0.1326,0.1338,0.132,0.1331,1649511.0
2026-04-17 20:00:00+00:00,0.1332,0.1338,0.1327,0.1331,2324034.1
2026-04-17 21:00:00+00:00,0.1331,0.1336,0.132,0.1322,2405516.8
2026-04-17 22:00:00+00:00,0.1322,0.1327,0.1316,0.1321,1375739.3
2026-04-17 23:00:00+00:00,0.1322,0.1322,0.1297,0.1313,2702634.1
2026-04-18 00:00:00+00:00,0.1313,0.1316,0.13,0.1307,5349666.9
2026-04-18 01:00:00+00:00,0.1308,0.1321,0.1299,0.1302,2342439.0
2026-04-18 02:00:00+00:00,0.1302,0.1309,0.1299,0.1307,1222997.6
2026-04-18 03:00:00+00:00,0.1306,0.1307,0.1296,0.1301,1767066.2
2026-04-18 04:00:00+00:00,0.13,0.1309,0.1297,0.1302,2231328.3
2026-04-18 05:00:00+00:00,0.1302,0.1311,0.1302,0.1308,1492066.0
2026-04-18 06:00:00+00:00,0.1308,0.1336,0.1308,0.133,4535065.7
2026-04-18 07:00:00+00:00,0.133,0.1345,0.1328,0.1331,4566234.3
2026-04-18 08:00:00+00:00,0.1332,0.1338,0.1302,0.131,6511659.6
2026-04-18 09:00:00+00:00,0.131,0.1313,0.1297,0.1302,2914654.7
2026-04-18 10:00:00+00:00,0.1302,0.1303,0.128,0.1284,4119060.7
2026-04-18 11:00:00+00:00,0.1284,0.1287,0.1271,0.1284,3419790.7
2026-04-18 12:00:00+00:00,0.1284,0.1296,0.1282,0.1295,3818572.5
2026-04-18 13:00:00+00:00,0.1294,0.1295,0.1279,0.1284,1948534.5
2026-04-18 14:00:00+00:00,0.1284,0.1288,0.1277,0.1286,1783119.6
2026-04-18 15:00:00+00:00,0.1286,0.129,0.1281,0.1282,1067198.7
2026-04-18 16:00:00+00:00,0.1282,0.1292,0.1276,0.1284,3838923.8
2026-04-18 17:00:00+00:00,0.1283,0.1288,0.1281,0.1282,2095106.1
2026-04-18 18:00:00+00:00,0.1281,0.1282,0.1266,0.127,3470792.8
2026-04-18 19:00:00+00:00,0.127,0.1277,0.1258,0.1266,2004841.5
2026-04-18 20:00:00+00:00,0.1266,0.127,0.1259,0.1268,1474308.0
2026-04-18 21:00:00+00:00,0.1268,0.1281,0.1268,0.1279,1349412.0
2026-04-18 22:00:00+00:00,0.1278,0.1293,0.1275,0.1286,2338319.4
2026-04-18 23:00:00+00:00,0.1286,0.1295,0.1283,0.1292,1940821.4
2026-04-19 00:00:00+00:00,0.1292,0.1292,0.1273,0.1279,2353575.4
2026-04-19 01:00:00+00:00,0.128,0.1287,0.1264,0.1273,1965307.3
2026-04-19 02:00:00+00:00,0.1273,0.1276,0.1259,0.1267,1389226.6
2026-04-19 03:00:00+00:00,0.1266,0.1283,0.1263,0.1273,1905639.6
2026-04-19 04:00:00+00:00,0.1274,0.1282,0.1265,0.1276,1983792.0
2026-04-19 05:00:00+00:00,0.1275,0.1281,0.1268,0.1269,2120209.4
2026-04-19 06:00:00+00:00,0.1268,0.1269,0.126,0.1261,1247436.1
2026-04-19 07:00:00+00:00,0.1262,0.1262,0.1243,0.125,5574731.9
2026-04-19 08:00:00+00:00,0.125,0.1254,0.1244,0.1252,941807.0
2026-04-19 09:00:00+00:00,0.1252,0.1261,0.1252,0.1254,1025629.5
2026-04-19 10:00:00+00:00,0.1254,0.1254,0.1248,0.125,721631.5
2026-04-19 11:00:00+00:00,0.125,0.1268,0.1249,0.1263,1598706.5
2026-04-19 12:00:00+00:00,0.1263,0.1272,0.1259,0.1266,1822223.0
2026-04-19 13:00:00+00:00,0.1266,0.1283,0.1266,0.1275,3899719.2
2026-04-19 14:00:00+00:00,0.1275,0.1288,0.1268,0.1284,1839816.4
2026-04-19 15:00:00+00:00,0.1283,0.1285,0.1268,0.1279,1234756.4
2026-04-19 16:00:00+00:00,0.1278,0.1279,0.1264,0.1265,2036174.0
2026-04-19 17:00:00+00:00,0.1264,0.1266,0.1236,0.124,3366635.1
2026-04-19 18:00:00+00:00,0.124,0.1245,0.1237,0.1243,1131516.3
2026-04-19 19:00:00+00:00,0.1244,0.1262,0.1244,0.1255,1386315.2
2026-04-19 20:00:00+00:00,0.1254,0.1255,0.1243,0.1246,1263429.8
2026-04-19 21:00:00+00:00,0.1246,0.1257,0.1245,0.1247,900806.1
2026-04-19 22:00:00+00:00,0.1246,0.1246,0.1218,0.1221,3949007.5
2026-04-19 23:00:00+00:00,0.122,0.1221,0.1212,0.1215,835400.9
2026-04-20 00:00:00+00:00,0.1216,0.1238,0.1213,0.1234,2336659.8
2026-04-20 01:00:00+00:00,0.1234,0.1265,0.1231,0.1262,3242307.0
2026-04-20 02:00:00+00:00,0.1261,0.1265,0.1245,0.1248,1952781.3
2026-04-20 03:00:00+00:00,0.1248,0.1253,0.1244,0.125,1829928.4
2026-04-20 04:00:00+00:00,0.1252,0.1264,0.1247,0.1259,1306057.4
2026-04-20 05:00:00+00:00,0.1258,0.1259,0.1238,0.1246,995250.5
2026-04-20 06:00:00+00:00,0.1246,0.1262,0.1242,0.1254,1047464.7
2026-04-20 07:00:00+00:00,0.1254,0.1285,0.1252,0.1263,3620335.9
2026-04-20 08:00:00+00:00,0.1264,0.1273,0.1256,0.1261,1553765.9
2026-04-20 09:00:00+00:00,0.126,0.1277,0.1257,0.1271,1436834.6
2026-04-20 10:00:00+00:00,0.1271,0.1285,0.127,0.127,2653300.3
2026-04-20 11:00:00+00:00,0.1271,0.1277,0.1268,0.1274,724538.1
2026-04-20 12:00:00+00:00,0.1275,0.1291,0.1271,0.1283,3221525.2
2026-04-20 13:00:00+00:00,0.1283,0.1286,0.1267,0.1279,2634013.6
2026-04-20 14:00:00+00:00,0.1279,0.1286,0.1264,0.1269,2910971.1
2026-04-20 15:00:00+00:00,0.1269,0.1284,0.1258,0.1279,2187589.6
2026-04-20 16:00:00+00:00,0.128,0.129,0.1274,0.1281,2331719.8
2026-04-20 17:00:00+00:00,0.128,0.1292,0.1277,0.1288,1588441.1
2026-04-20 18:00:00+00:00,0.1288,0.1295,0.1286,0.1288,2017430.8
2026-04-20 19:00:00+00:00,0.1287,0.1291,0.1277,0.128,1088922.7
2026-04-20 20:00:00+00:00,0.1279,0.1286,0.1272,0.1285,1906979.2
2026-04-20 21:00:00+00:00,0.1285,0.1291,0.1276,0.1285,1220515.3
2026-04-20 22:00:00+00:00,0.1286,0.1286,0.1277,0.1277,1006444.3
2026-04-20 23:00:00+00:00,0.1277,0.1277,0.1268,0.127,1211263.1
2026-04-21 00:00:00+00:00,0.1271,0.1274,0.1267,0.1271,827491.6
2026-04-21 01:00:00+00:00,0.127,0.1273,0.1262,0.1263,643399.5
2026-04-21 02:00:00+00:00,0.1263,0.1263,0.1255,0.126,683995.6
2026-04-21 03:00:00+00:00,0.1259,0.1267,0.1254,0.1264,1123111.2
2026-04-21 04:00:00+00:00,0.1263,0.1266,0.1254,0.1258,707975.3
2026-04-21 05:00:00+00:00,0.1258,0.1267,0.1257,0.1266,917013.0
2026-04-21 06:00:00+00:00,0.1267,0.1274,0.1258,0.1266,947351.6
2026-04-21 07:00:00+00:00,0.1266,0.1271,0.1262,0.1264,837831.0
2026-04-21 08:00:00+00:00,0.1264,0.1273,0.1261,0.1264,2098407.0
2026-04-21 09:00:00+00:00,0.1264,0.1273,0.1263,0.1273,419218.2
2026-04-21 10:00:00+00:00,0.1273,0.1274,0.1267,0.1271,852611.6
2026-04-21 11:00:00+00:00,0.1271,0.1271,0.1256,0.1262,2248189.9
2026-04-21 12:00:00+00:00,0.1261,0.1264,0.1252,0.1256,1771928.7
2026-04-21 13:00:00+00:00,0.1256,0.126,0.125,0.1259,1365755.8
2026-04-21 14:00:00+00:00,0.1259,0.1278,0.1257,0.1269,2055217.8
2026-04-21 15:00:00+00:00,0.1269,0.1282,0.1267,0.1282,2515655.9
2026-04-21 16:00:00+00:00,0.1282,0.1289,0.1263,0.1264,2549208.9
2026-04-21 17:00:00+00:00,0.1264,0.1265,0.1242,0.125,2734600.6
2026-04-21 18:00:00+00:00,0.125,0.1252,0.1242,0.1251,1899260.8
2026-04-21 19:00:00+00:00,0.1252,0.1259,0.1232,0.1238,2187036.8
2026-04-21 20:00:00+00:00,0.1238,0.125,0.1228,0.1241,2434431.7
2026-04-21 21:00:00+00:00,0.1241,0.1242,0.1235,0.1241,847964.6
2026-04-21 22:00:00+00:00,0.124,0.1243,0.1233,0.1241,586032.2
2026-04-21 23:00:00+00:00,0.1242,0.1257,0.1242,0.1253,674150.8
2026-04-22 00:00:00+00:00,0.1253,0.1257,0.1249,0.125,743817.7
2026-04-22 01:00:00+00:00,0.125,0.1251,0.124,0.1245,421715.0
2026-04-22 02:00:00+00:00,0.1245,0.1278,0.1241,0.1273,3004092.4
2026-04-22 03:00:00+00:00,0.1274,0.1279,0.1269,0.1277,1610915.4
2026-04-22 04:00:00+00:00,0.1277,0.1283,0.1271,0.1281,1752286.6
2026-04-22 05:00:00+00:00,0.1282,0.1306,0.1278,0.1293,4810928.3
2026-04-22 06:00:00+00:00,0.1291,0.1294,0.1285,0.1288,980439.8
2026-04-22 07:00:00+00:00,0.1288,0.1288,0.1283,0.1284,784236.3
2026-04-22 08:00:00+00:00,0.1285,0.1289,0.1282,0.1287,818345.2
2026-04-22 09:00:00+00:00,0.1286,0.1291,0.1276,0.1278,1065522.8
2026-04-22 10:00:00+00:00,0.1278,0.1286,0.1275,0.1285,886464.9
2026-04-22 11:00:00+00:00,0.1285,0.1288,0.127,0.1275,1296944.4
2026-04-22 12:00:00+00:00,0.1275,0.1275,0.1266,0.1275,1031217.2
2026-04-22 13:00:00+00:00,0.1275,0.1278,0.1266,0.1267,2161507.1
2026-04-22 14:00:00+00:00,0.1267,0.128,0.1267,0.1279,2696702.5
2026-04-22 15:00:00+00:00,0.1278,0.1282,0.1271,0.1272,1999337.4
2026-04-22 16:00:00+00:00,0.1272,0.1289,0.127,0.1288,1872392.4
2026-04-22 17:00:00+00:00,0.1288,0.1323,0.1288,0.1316,5221118.4
2026-04-22 18:00:00+00:00,0.1318,0.1339,0.1313,0.1323,6368625.0
2026-04-22 19:00:00+00:00,0.1324,0.1325,0.1299,0.1309,4270219.2
2026-04-22 20:00:00+00:00,0.1309,0.1315,0.1296,0.1298,2622334.2
2026-04-22 21:00:00+00:00,0.1298,0.1325,0.1298,0.1322,1820947.0
2026-04-22 22:00:00+00:00,0.1322,0.1324,0.1301,0.1307,2630827.1
2026-04-22 23:00:00+00:00,0.1307,0.131,0.1284,0.1285,2783163.5
2026-04-23 00:00:00+00:00,0.1286,0.1293,0.1256,0.127,6127323.4
2026-04-23 01:00:00+00:00,0.127,0.1271,0.1256,0.1267,2257811.1
2026-04-23 02:00:00+00:00,0.1267,0.1267,0.1249,0.1252,2079511.1
2026-04-23 03:00:00+00:00,0.1251,0.1256,0.1241,0.1242,1762215.3
2026-04-23 04:00:00+00:00,0.1241,0.1249,0.1234,0.1248,2211329.6
2026-04-23 05:00:00+00:00,0.1247,0.1257,0.1246,0.1256,1199064.2
2026-04-23 06:00:00+00:00,0.1257,0.1269,0.1253,0.1267,4812742.6
2026-04-23 07:00:00+00:00,0.1267,0.128,0.1264,0.1267,9686106.9
2026-04-23 08:00:00+00:00,0.1268,0.1268,0.1252,0.126,9241791.9
2026-04-23 09:00:00+00:00,0.126,0.126,0.1246,0.1252,2005337.5
2026-04-23 10:00:00+00:00,0.1251,0.1253,0.1236,0.124,7342974.0
2026-04-23 11:00:00+00:00,0.124,0.125,0.1237,0.1247,1103164.4
2026-04-23 12:00:00+00:00,0.1247,0.1256,0.1246,0.1252,2292908.3
2026-04-23 13:00:00+00:00,0.1253,0.1259,0.1249,0.1255,1556372.9
2026-04-23 14:00:00+00:00,0.1255,0.1273,0.1252,0.1271,1505550.7
2026-04-23 15:00:00+00:00,0.1272,0.1289,0.1263,0.1288,3474856.0
2026-04-23 16:00:00+00:00,0.1288,0.1294,0.1274,0.1275,1620083.6
2026-04-23 17:00:00+00:00,0.1276,0.1277,0.1234,0.1249,4823776.0
2026-04-23 18:00:00+00:00,0.1249,0.1265,0.1248,0.1255,2198599.7
2026-04-23 19:00:00+00:00,0.1254,0.1266,0.1253,0.1264,1985414.8
2026-04-23 20:00:00+00:00,0.1263,0.1279,0.1262,0.1272,1652914.6
2026-04-23 21:00:00+00:00,0.1273,0.129,0.127,0.1282,1829772.5
2026-04-23 22:00:00+00:00,0.1281,0.1287,0.1277,0.1279,1370777.5
2026-04-23 23:00:00+00:00,0.1279,0.1289,0.1275,0.1285,772200.4
2026-04-24 00:00:00+00:00,0.1285,0.1309,0.1285,0.1308,3838129.7
2026-04-24 01:00:00+00:00,0.1308,0.1308,0.1295,0.1302,2524569.8
2026-04-24 02:00:00+00:00,0.1302,0.1302,0.1286,0.1292,2404405.9
2026-04-24 03:00:00+00:00,0.1291,0.1295,0.1279,0.1286,1421916.1
2026-04-24 04:00:00+00:00,0.1287,0.1297,0.1283,0.1284,2007187.4
2026-04-24 05:00:00+00:00,0.1283,0.1296,0.1279,0.1293,1548278.2
2026-04-24 06:00:00+00:00,0.1292,0.1296,0.1278,0.1279,1127694.5
2026-04-24 07:00:00+00:00,0.128,0.1285,0.1276,0.1281,1271823.1
2026-04-24 08:00:00+00:00,0.1281,0.1294,0.1275,0.129,2865350.9
2026-04-24 09:00:00+00:00,0.1289,0.129,0.1279,0.1281,666358.9
2026-04-24 10:00:00+00:00,0.1281,0.13,0.1278,0.1295,1120772.1
2026-04-24 11:00:00+00:00,0.1295,0.1308,0.1294,0.1304,2702429.0
2026-04-24 12:00:00+00:00,0.1303,0.1318,0.1302,0.1316,3696536.1
2026-04-24 13:00:00+00:00,0.1317,0.1324,0.1292,0.1297,2948891.7
2026-04-24 14:00:00+00:00,0.1296,0.1307,0.1291,0.1301,2142935.6
2026-04-24 15:00:00+00:00,0.1301,0.132,0.1294,0.1317,2017690.9
2026-04-24 16:00:00+00:00,0.1317,0.132,0.1301,0.1304,3022738.7
2026-04-24 17:00:00+00:00,0.1304,0.1308,0.1296,0.1299,1388545.5
2026-04-24 18:00:00+00:00,0.13,0.1309,0.1296,0.1306,1019283.8
2026-04-24 19:00:00+00:00,0.1306,0.1311,0.1283,0.1296,5910450.0
2026-04-24 20:00:00+00:00,0.1297,0.1303,0.1285,0.1298,3483503.2
2026-04-24 21:00:00+00:00,0.1297,0.1304,0.1293,0.1296,1212079.5
2026-04-24 22:00:00+00:00,0.1296,0.1297,0.1282,0.1283,967660.9
2026-04-24 23:00:00+00:00,0.1284,0.1291,0.1281,0.1287,1180710.9
2026-04-25 00:00:00+00:00,0.1288,0.1308,0.1287,0.1308,1234917.0
2026-04-25 01:00:00+00:00,0.1307,0.1325,0.1307,0.1318,1475986.8
2026-04-25 02:00:00+00:00,0.1318,0.1329,0.1313,0.1324,2815259.8
2026-04-25 03:00:00+00:00,0.1324,0.1328,0.1316,0.1319,1038734.7
2026-04-25 04:00:00+00:00,0.132,0.1325,0.1319,0.132,739824.5
2026-04-25 05:00:00+00:00,0.132,0.132,0.1309,0.1313,1693818.0
2026-04-25 06:00:00+00:00,0.1313,0.1324,0.1313,0.1319,1417446.0
2026-04-25 07:00:00+00:00,0.1318,0.1329,0.1315,0.1323,1447062.7
2026-04-25 08:00:00+00:00,0.1322,0.1331,0.1312,0.1316,3709184.1
2026-04-25 09:00:00+00:00,0.1315,0.1325,0.1309,0.1317,1863285.7
2026-04-25 10:00:00+00:00,0.1317,0.132,0.1311,0.1311,953964.0
2026-04-25 11:00:00+00:00,0.1311,0.1312,0.1298,0.1301,1518579.5
2026-04-25 12:00:00+00:00,0.13,0.1304,0.1293,0.1301,2059994.4
2026-04-25 13:00:00+00:00,0.13,0.1308,0.1299,0.13,884182.1
2026-04-25 14:00:00+00:00,0.1301,0.1302,0.1295,0.1296,1039364.8
2026-04-25 15:00:00+00:00,0.1296,0.1299,0.1288,0.1295,1471415.5
2026-04-25 16:00:00+00:00,0.1294,0.13,0.1284,0.1285,3674399.6
2026-04-25 17:00:00+00:00,0.1286,0.1288,0.1278,0.1283,1848866.8
2026-04-25 18:00:00+00:00,0.1284,0.1289,0.128,0.1282,888167.6
2026-04-25 19:00:00+00:00,0.1282,0.1283,0.1277,0.1279,707990.7
2026-04-25 20:00:00+00:00,0.1279,0.1284,0.1273,0.1283,618783.7
2026-04-25 21:00:00+00:00,0.1284,0.1286,0.128,0.1282,637235.2
2026-04-25 22:00:00+00:00,0.1281,0.1292,0.128,0.1287,776626.2
2026-04-25 23:00:00+00:00,0.1288,0.1294,0.1287,0.1292,685121.7
2026-04-26 00:00:00+00:00,0.1292,0.1292,0.1284,0.1286,1154086.9
2026-04-26 01:00:00+00:00,0.1286,0.1287,0.1278,0.128,1205126.0
2026-04-26 02:00:00+00:00,0.128,0.1289,0.128,0.1287,768298.7
2026-04-26 03:00:00+00:00,0.1288,0.129,0.1281,0.1289,919200.0
2026-04-26 04:00:00+00:00,0.129,0.1303,0.1288,0.1298,818869.0
2026-04-26 05:00:00+00:00,0.1298,0.1319,0.1296,0.1305,2932319.4
2026-04-26 06:00:00+00:00,0.1306,0.132,0.1306,0.1315,1177252.2
2026-04-26 07:00:00+00:00,0.1315,0.132,0.131,0.1314,1473380.1
2026-04-26 08:00:00+00:00,0.1314,0.1321,0.1309,0.1319,2306761.1
2026-04-26 09:00:00+00:00,0.132,0.1326,0.1315,0.1315,2334848.8
2026-04-26 10:00:00+00:00,0.1315,0.132,0.1312,0.1319,1410991.3
2026-04-26 11:00:00+00:00,0.1319,0.1325,0.1314,0.1322,506709.5
2026-04-26 12:00:00+00:00,0.1322,0.1328,0.1297,0.1304,5346402.3
2026-04-26 13:00:00+00:00,0.1304,0.1307,0.1296,0.1298,856103.1
2026-04-26 14:00:00+00:00,0.1297,0.1309,0.1296,0.1304,841103.3
2026-04-26 15:00:00+00:00,0.1305,0.131,0.1303,0.1309,737175.0
2026-04-26 16:00:00+00:00,0.1309,0.131,0.1298,0.1299,1870321.6
2026-04-26 17:00:00+00:00,0.1299,0.1304,0.1294,0.1302,1984437.4
2026-04-26 18:00:00+00:00,0.1302,0.131,0.13,0.1305,1451742.7
2026-04-26 19:00:00+00:00,0.1304,0.131,0.1301,0.1303,633974.7
2026-04-26 20:00:00+00:00,0.1304,0.1306,0.13,0.1302,515117.6
2026-04-26 21:00:00+00:00,0.1302,0.1306,0.1284,0.1299,3761766.5
2026-04-26 22:00:00+00:00,0.1299,0.1303,0.1288,0.1294,1738454.2
2026-04-26 23:00:00+00:00,0.1293,0.13,0.1291,0.1295,1166408.6
2026-04-27 00:00:00+00:00,0.1295,0.1307,0.1293,0.1306,1059522.3
2026-04-27 01:00:00+00:00,0.1307,0.1317,0.1305,0.1314,1595130.7
2026-04-27 02:00:00+00:00,0.1315,0.1322,0.1306,0.1316,1828335.4
2026-04-27 03:00:00+00:00,0.1315,0.1329,0.1315,0.1322,1537855.2
2026-04-27 04:00:00+00:00,0.1323,0.1324,0.1311,0.1314,1013490.4
2026-04-27 05:00:00+00:00,0.1314,0.1315,0.127,0.1276,4479097.8
2026-04-27 06:00:00+00:00,0.1276,0.1276,0.1258,0.1265,1475386.6
2026-04-27 07:00:00+00:00,0.1264,0.1266,0.1258,0.1259,1096791.8
2026-04-27 08:00:00+00:00,0.1258,0.1266,0.1256,0.1264,819395.1
2026-04-27 09:00:00+00:00,0.1264,0.1271,0.1262,0.1269,1185149.5
2026-04-27 10:00:00+00:00,0.1269,0.1272,0.1265,0.1266,1390411.9
2026-04-27 11:00:00+00:00,0.1266,0.1273,0.1263,0.127,703567.3
2026-04-27 12:00:00+00:00,0.1271,0.1271,0.1258,0.126,788269.1
2026-04-27 13:00:00+00:00,0.126,0.1263,0.1246,0.1249,2597182.9
2026-04-27 14:00:00+00:00,0.1249,0.127,0.1248,0.1261,1715825.6
2026-04-27 15:00:00+00:00,0.1261,0.1262,0.1233,0.1238,2838668.6
2026-04-27 16:00:00+00:00,0.1238,0.1248,0.1234,0.1246,1320171.1
2026-04-27 17:00:00+00:00,0.1246,0.1254,0.1245,0.1247,996954.1
2026-04-27 18:00:00+00:00,0.1247,0.1254,0.1245,0.1251,2219799.3
2026-04-27 19:00:00+00:00,0.1251,0.1252,0.1242,0.1246,705870.4
2026-04-27 20:00:00+00:00,0.1246,0.1254,0.1246,0.1251,457576.0
2026-04-27 21:00:00+00:00,0.125,0.1253,0.1245,0.125,393782.3
2026-04-27 22:00:00+00:00,0.1251,0.1261,0.125,0.1259,1198969.0
2026-04-27 23:00:00+00:00,0.1258,0.127,0.1256,0.1267,653004.7
2026-04-28 00:00:00+00:00,0.1266,0.1276,0.1263,0.1267,1054949.8
2026-04-28 01:00:00+00:00,0.1266,0.127,0.126,0.126,815342.2
2026-04-28 02:00:00+00:00,0.1262,0.1263,0.1248,0.1252,1412067.4
2026-04-28 03:00:00+00:00,0.1252,0.1255,0.1247,0.1255,623525.7
2026-04-28 04:00:00+00:00,0.1255,0.1265,0.1253,0.1262,1779435.6
2026-04-28 05:00:00+00:00,0.1263,0.1265,0.1256,0.1257,692398.7
2026-04-28 06:00:00+00:00,0.1257,0.1261,0.1253,0.1259,5118775.5
2026-04-28 07:00:00+00:00,0.1259,0.1269,0.1243,0.1249,16155404.1
2026-04-28 08:00:00+00:00,0.1249,0.1262,0.1249,0.1254,1258536.2
2026-04-28 09:00:00+00:00,0.1253,0.1254,0.124,0.1242,2126651.9
2026-04-28 10:00:00+00:00,0.1243,0.1248,0.1243,0.1246,887172.5
2026-04-28 11:00:00+00:00,0.1247,0.1249,0.1237,0.1241,1487733.4
2026-04-28 12:00:00+00:00,0.1242,0.125,0.1237,0.1245,1735257.9
2026-04-28 13:00:00+00:00,0.1245,0.1252,0.1238,0.1248,1683619.9
2026-04-28 14:00:00+00:00,0.1248,0.1248,0.1231,0.1241,1597972.0
2026-04-28 15:00:00+00:00,0.1242,0.1246,0.1236,0.124,795029.0
2026-04-28 16:00:00+00:00,0.1239,0.1243,0.1232,0.1236,2792338.7
2026-04-28 17:00:00+00:00,0.1235,0.1244,0.123,0.1241,848802.2
2026-04-28 18:00:00+00:00,0.1241,0.1245,0.1236,0.1244,764804.8
2026-04-28 19:00:00+00:00,0.1244,0.1255,0.124,0.1254,1587117.8
2026-04-28 20:00:00+00:00,0.1254,0.1257,0.1249,0.1249,792651.3
2026-04-28 21:00:00+00:00,0.125,0.1254,0.1245,0.1247,432462.7
2026-04-28 22:00:00+00:00,0.1246,0.125,0.1244,0.1245,308605.9
2026-04-28 23:00:00+00:00,0.1245,0.1246,0.1241,0.1245,562692.8
2026-04-29 00:00:00+00:00,0.1245,0.1247,0.1241,0.1245,738427.0
2026-04-29 01:00:00+00:00,0.1244,0.1247,0.1238,0.1244,619175.6
2026-04-29 02:00:00+00:00,0.1245,0.1248,0.124,0.1244,663323.7
2026-04-29 03:00:00+00:00,0.1245,0.1261,0.1244,0.126,1355337.6
2026-04-29 04:00:00+00:00,0.1261,0.1275,0.1257,0.1272,1836907.4
2026-04-29 05:00:00+00:00,0.1273,0.1273,0.1267,0.127,888936.7
2026-04-29 06:00:00+00:00,0.127,0.1275,0.1269,0.127,1654358.6
2026-04-29 07:00:00+00:00,0.1271,0.1279,0.127,0.1278,976544.7
2026-04-29 08:00:00+00:00,0.1279,0.1285,0.1273,0.1281,2571298.3
2026-04-29 09:00:00+00:00,0.1281,0.131,0.1281,0.131,3465154.7
2026-04-29 10:00:00+00:00,0.131,0.1328,0.131,0.1324,8741788.8
2026-04-29 11:00:00+00:00,0.1323,0.1326,0.1302,0.1305,3814961.1
2026-04-29 12:00:00+00:00,0.1305,0.1305,0.1273,0.1281,6821110.6
2026-04-29 13:00:00+00:00,0.128,0.1285,0.1265,0.1272,1958772.9
2026-04-29 14:00:00+00:00,0.1271,0.1281,0.1259,0.1268,2727596.9
2026-04-29 15:00:00+00:00,0.1267,0.1268,0.1238,0.1247,3433312.8
2026-04-29 16:00:00+00:00,0.1246,0.125,0.1241,0.1246,2731403.1
2026-04-29 17:00:00+00:00,0.1247,0.1262,0.1247,0.1262,1504118.0
2026-04-29 18:00:00+00:00,0.1263,0.1263,0.1207,0.1235,9017279.3
2026-04-29 19:00:00+00:00,0.1235,0.1243,0.1226,0.1231,1291891.4
2026-04-29 20:00:00+00:00,0.1232,0.1252,0.1231,0.1245,1334085.4
2026-04-29 21:00:00+00:00,0.1244,0.1259,0.1243,0.125,1135167.5
2026-04-29 22:00:00+00:00,0.1252,0.1254,0.1247,0.1251,737777.8
2026-04-29 23:00:00+00:00,0.125,0.1255,0.1246,0.1253,477545.7
2026-04-30 00:00:00+00:00,0.1254,0.129,0.1254,0.1286,3618230.9
2026-04-30 01:00:00+00:00,0.1285,0.1287,0.1273,0.1282,1782963.0
2026-04-30 02:00:00+00:00,0.1283,0.1284,0.1252,0.1259,2819827.9
2026-04-30 03:00:00+00:00,0.1258,0.1266,0.1253,0.1262,1243311.4
2026-04-30 04:00:00+00:00,0.1261,0.1262,0.1247,0.1247,920521.6
2026-04-30 05:00:00+00:00,0.1248,0.1253,0.124,0.1245,1116308.1
2026-04-30 06:00:00+00:00,0.1245,0.1257,0.1243,0.1253,633909.5
2026-04-30 07:00:00+00:00,0.1253,0.1261,0.1251,0.1261,860457.7
2026-04-30 08:00:00+00:00,0.1261,0.1264,0.1258,0.126,758758.2
2026-04-30 09:00:00+00:00,0.126,0.1276,0.1259,0.1269,2390775.4
2026-04-30 10:00:00+00:00,0.127,0.1276,0.1265,0.1276,885772.1
2026-04-30 11:00:00+00:00,0.1275,0.1286,0.127,0.1275,2568801.0
2026-04-30 12:00:00+00:00,0.1276,0.1288,0.127,0.127,1087587.3
2026-04-30 13:00:00+00:00,0.1271,0.1275,0.1264,0.1265,741575.1
2026-04-30 14:00:00+00:00,0.1265,0.127,0.1257,0.1262,1330869.1
2026-04-30 15:00:00+00:00,0.1263,0.1276,0.1261,0.1273,1037135.1
2026-04-30 16:00:00+00:00,0.1273,0.1276,0.125,0.1251,2890244.2
2026-04-30 17:00:00+00:00,0.125,0.1254,0.1246,0.1248,2089855.6
2026-04-30 18:00:00+00:00,0.1247,0.1257,0.1244,0.1253,1903307.7
2026-04-30 19:00:00+00:00,0.1251,0.1258,0.1248,0.1248,620217.6
2026-04-30 20:00:00+00:00,0.1247,0.1251,0.1244,0.1246,1088422.0
2026-04-30 21:00:00+00:00,0.1246,0.1248,0.1239,0.1241,848318.4
2026-04-30 22:00:00+00:00,0.1241,0.1242,0.1236,0.1238,619644.1
2026-04-30 23:00:00+00:00,0.1238,0.124,0.1236,0.1238,470381.7
2026-05-01 00:00:00+00:00,0.1237,0.1246,0.1232,0.1235,1916354.7
2026-05-01 01:00:00+00:00,0.1235,0.1254,0.1234,0.125,2690384.0
2026-05-01 02:00:00+00:00,0.1251,0.126,0.1241,0.1244,15326114.3
2026-05-01 03:00:00+00:00,0.1243,0.1269,0.1241,0.1255,1921070.8
2026-05-01 04:00:00+00:00,0.1256,0.1263,0.1252,0.1257,1266789.0
2026-05-01 05:00:00+00:00,0.1257,0.1261,0.1254,0.1254,460151.7
2026-05-01 06:00:00+00:00,0.1255,0.1259,0.1243,0.1246,961670.4
2026-05-01 07:00:00+00:00,0.1245,0.1256,0.1241,0.125,1381426.0
2026-05-01 08:00:00+00:00,0.125,0.1257,0.1248,0.1253,647298.6
2026-05-01 09:00:00+00:00,0.1252,0.1254,0.1247,0.1249,891825.2
2026-05-01 10:00:00+00:00,0.125,0.1251,0.1242,0.1248,1060762.9
2026-05-01 11:00:00+00:00,0.1249,0.1256,0.1246,0.1251,934013.0
2026-05-01 12:00:00+00:00,0.1251,0.1261,0.1247,0.1256,1793854.1
2026-05-01 13:00:00+00:00,0.1256,0.1275,0.1255,0.1271,1783646.3
2026-05-01 14:00:00+00:00,0.1272,0.1274,0.1253,0.1259,1772592.6
2026-05-01 15:00:00+00:00,0.1258,0.1264,0.1251,0.1257,2422304.2
2026-05-01 16:00:00+00:00,0.1257,0.126,0.1244,0.125,2162893.5
2026-05-01 17:00:00+00:00,0.1251,0.1257,0.1247,0.1255,1024753.9
2026-05-01 18:00:00+00:00,0.1254,0.1256,0.1249,0.1252,1428091.4
2026-05-01 19:00:00+00:00,0.1252,0.1256,0.1247,0.1252,700788.8
2026-05-01 20:00:00+00:00,0.1253,0.1254,0.1238,0.1242,1427648.8
2026-05-01 21:00:00+00:00,0.1242,0.1249,0.1238,0.1246,1280346.8
2026-05-01 22:00:00+00:00,0.1246,0.1252,0.1238,0.124,1493992.6
2026-05-01 23:00:00+00:00,0.1239,0.1239,0.1226,0.1236,3292579.6
2026-05-02 00:00:00+00:00,0.1236,0.1243,0.1234,0.1238,1015768.0
2026-05-02 01:00:00+00:00,0.1238,0.1244,0.1236,0.1241,451809.6
2026-05-02 02:00:00+00:00,0.1241,0.1243,0.1234,0.1234,661597.3
2026-05-02 03:00:00+00:00,0.1234,0.1236,0.1228,0.1232,671986.9
2026-05-02 04:00:00+00:00,0.1232,0.1233,0.1222,0.1223,839468.6
2026-05-02 05:00:00+00:00,0.1223,0.1227,0.1218,0.1223,1107828.1
2026-05-02 06:00:00+00:00,0.1223,0.1228,0.1221,0.1227,622256.0
2026-05-02 07:00:00+00:00,0.1227,0.1228,0.1222,0.1222,405472.6
2026-05-02 08:00:00+00:00,0.1223,0.1223,0.1219,0.1222,891959.0
2026-05-02 09:00:00+00:00,0.1221,0.1229,0.1221,0.1226,992119.0
2026-05-02 10:00:00+00:00,0.1226,0.123,0.1222,0.1223,487883.3
2026-05-02 11:00:00+00:00,0.1222,0.1222,0.1217,0.1219,885590.0
2026-05-02 12:00:00+00:00,0.1219,0.1223,0.1216,0.1219,1250372.6
2026-05-02 13:00:00+00:00,0.1219,0.1229,0.1219,0.1225,1019592.0
2026-05-02 14:00:00+00:00,0.1225,0.123,0.1224,0.1228,1754317.8
2026-05-02 15:00:00+00:00,0.1227,0.1234,0.1224,0.1233,1326043.7
2026-05-02 16:00:00+00:00,0.1233,0.1242,0.1232,0.1242,1473161.2
2026-05-02 17:00:00+00:00,0.1242,0.1243,0.1224,0.1226,2302940.5
2026-05-02 18:00:00+00:00,0.1225,0.1228,0.1217,0.1225,1504513.9
2026-05-02 19:00:00+00:00,0.1225,0.1231,0.1224,0.123,875264.4
2026-05-02 20:00:00+00:00,0.123,0.1233,0.1226,0.1228,797520.2
2026-05-02 21:00:00+00:00,0.1229,0.1246,0.1225,0.124,1440652.2
2026-05-02 22:00:00+00:00,0.1241,0.1243,0.1234,0.1238,813083.1
2026-05-02 23:00:00+00:00,0.1238,0.1238,0.1224,0.1226,1050287.1
2026-05-03 00:00:00+00:00,0.1227,0.1229,0.1205,0.1213,3244398.2
2026-05-03 01:00:00+00:00,0.1213,0.1213,0.1191,0.1194,2597414.2
2026-05-03 02:00:00+00:00,0.1194,0.1194,0.1185,0.1191,1355626.5
2026-05-03 03:00:00+00:00,0.1191,0.1194,0.1188,0.1191,844721.4
2026-05-03 04:00:00+00:00,0.119,0.119,0.1183,0.1184,862383.4
2026-05-03 05:00:00+00:00,0.1184,0.1189,0.1181,0.1188,804801.8
2026-05-03 06:00:00+00:00,0.1188,0.1191,0.1181,0.1187,1302408.3
2026-05-03 07:00:00+00:00,0.1188,0.1194,0.1188,0.119,1251405.7
2026-05-03 08:00:00+00:00,0.119,0.1195,0.1186,0.1192,1052370.4
2026-05-03 09:00:00+00:00,0.1191,0.1202,0.1186,0.1198,7306864.8
2026-05-03 10:00:00+00:00,0.1198,0.1206,0.1178,0.1179,24741477.8
2026-05-03 11:00:00+00:00,0.1179,0.119,0.1167,0.118,7362258.8
2026-05-03 12:00:00+00:00,0.118,0.1187,0.1177,0.1178,1516425.3
2026-05-03 13:00:00+00:00,0.1179,0.1181,0.1173,0.1175,2098827.5
2026-05-03 14:00:00+00:00,0.1176,0.1182,0.1171,0.1175,1715464.7
2026-05-03 15:00:00+00:00,0.1176,0.1184,0.1175,0.1178,1632676.5
2026-05-03 16:00:00+00:00,0.1179,0.1181,0.1172,0.1176,1571057.3
2026-05-03 17:00:00+00:00,0.1177,0.1184,0.1172,0.1178,1253565.5
2026-05-03 18:00:00+00:00,0.1179,0.1182,0.1178,0.1179,530094.4
2026-05-03 19:00:00+00:00,0.1179,0.1185,0.1175,0.1179,896574.4
2026-05-03 20:00:00+00:00,0.1178,0.1192,0.1178,0.1185,1206293.9
2026-05-03 21:00:00+00:00,0.1184,0.1188,0.1171,0.1177,1476067.5
2026-05-03 22:00:00+00:00,0.1178,0.1193,0.1177,0.1188,1919347.6
2026-05-03 23:00:00+00:00,0.1188,0.119,0.1172,0.1173,1334798.9
2026-05-04 00:00:00+00:00,0.1174,0.1174,0.116,0.1167,2832616.5
2026-05-04 01:00:00+00:00,0.1167,0.1185,0.1155,0.1184,4108541.0
2026-05-04 02:00:00+00:00,0.1184,0.1196,0.118,0.1192,4699615.2
2026-05-04 03:00:00+00:00,0.1192,0.1194,0.1182,0.1191,3306571.0
2026-05-04 04:00:00+00:00,0.1191,0.1206,0.1191,0.1197,3666506.0
2026-05-04 05:00:00+00:00,0.1198,0.1199,0.1184,0.1193,1337410.0
2026-05-04 06:00:00+00:00,0.1193,0.1193,0.1173,0.1186,1618914.0
2026-05-04 07:00:00+00:00,0.1186,0.1189,0.1177,0.1179,1880865.8
2026-05-04 08:00:00+00:00,0.1178,0.1182,0.1174,0.1175,1230570.2
2026-05-04 09:00:00+00:00,0.1174,0.1184,0.1169,0.1178,2393275.0
2026-05-04 10:00:00+00:00,0.1179,0.1179,0.1138,0.1143,8249821.6
2026-05-04 11:00:00+00:00,0.1143,0.1147,0.1137,0.1145,3182842.3
2026-05-04 12:00:00+00:00,0.1145,0.1153,0.114,0.1147,7244107.5
2026-05-04 13:00:00+00:00,0.1146,0.1153,0.1141,0.1149,2141271.3
2026-05-04 14:00:00+00:00,0.1149,0.1176,0.1143,0.117,3550778.0
2026-05-04 15:00:00+00:00,0.1171,0.1171,0.114,0.1147,6110781.1
2026-05-04 16:00:00+00:00,0.1147,0.1156,0.1141,0.1144,2586460.3
2026-05-04 17:00:00+00:00,0.1144,0.1173,0.1144,0.1167,2685818.8
2026-05-04 18:00:00+00:00,0.1168,0.1172,0.1159,0.1168,1988588.2
2026-05-04 19:00:00+00:00,0.1169,0.1169,0.1158,0.116,2220919.8
2026-05-04 20:00:00+00:00,0.1161,0.1162,0.1152,0.1156,543437.6
2026-05-04 21:00:00+00:00,0.1156,0.1179,0.1156,0.1174,1634286.1
2026-05-04 22:00:00+00:00,0.1173,0.1176,0.1161,0.1164,730072.8
2026-05-04 23:00:00+00:00,0.1162,0.1164,0.1156,0.1164,581305.5
2026-05-05 00:00:00+00:00,0.1164,0.1169,0.1161,0.1167,1084618.3
2026-05-05 01:00:00+00:00,0.1166,0.1179,0.1165,0.1172,704110.1
2026-05-05 02:00:00+00:00,0.1172,0.1184,0.1168,0.1172,1826938.8
2026-05-05 03:00:00+00:00,0.1173,0.118,0.1167,0.117,2233311.3
2026-05-05 04:00:00+00:00,0.117,0.1177,0.1166,0.1167,934147.0
2026-05-05 05:00:00+00:00,0.1166,0.1175,0.1164,0.1172,1710016.3
2026-05-05 06:00:00+00:00,0.1172,0.1178,0.1167,0.1178,1158903.4
2026-05-05 07:00:00+00:00,0.1177,0.1189,0.1177,0.1182,1970259.7
2026-05-05 08:00:00+00:00,0.1183,0.1186,0.1179,0.1184,1382180.6
2026-05-05 09:00:00+00:00,0.1185,0.1195,0.1179,0.1192,2582401.2
2026-05-05 10:00:00+00:00,0.1192,0.1204,0.1188,0.1199,2879016.7
2026-05-05 11:00:00+00:00,0.1199,0.12,0.1182,0.1197,2776056.1
2026-05-05 12:00:00+00:00,0.1196,0.1198,0.119,0.1194,1263827.8
2026-05-05 13:00:00+00:00,0.1194,0.1198,0.1185,0.1191,1964302.0
2026-05-05 14:00:00+00:00,0.1191,0.1195,0.1181,0.1186,2006738.6
2026-05-05 15:00:00+00:00,0.1186,0.1193,0.1185,0.1187,1568363.1
2026-05-05 16:00:00+00:00,0.1188,0.1196,0.1184,0.1189,2904994.8
2026-05-05 17:00:00+00:00,0.119,0.1194,0.1187,0.119,2592759.4
2026-05-05 18:00:00+00:00,0.119,0.1199,0.119,0.1192,557228.8
2026-05-05 19:00:00+00:00,0.1192,0.1197,0.1191,0.1196,654804.1
2026-05-05 20:00:00+00:00,0.1197,0.121,0.1196,0.121,3303273.3
2026-05-05 21:00:00+00:00,0.121,0.1215,0.1201,0.1201,1797517.4
2026-05-05 22:00:00+00:00,0.1202,0.1206,0.119,0.1196,2540714.5
2026-05-05 23:00:00+00:00,0.1196,0.1201,0.1189,0.12,720836.4
2026-05-06 00:00:00+00:00,0.1198,0.1201,0.1183,0.119,1914930.8
2026-05-06 01:00:00+00:00,0.119,0.1207,0.1189,0.1204,1555979.9
2026-05-06 02:00:00+00:00,0.1204,0.1205,0.1192,0.1204,1256438.3
2026-05-06 03:00:00+00:00,0.1204,0.1217,0.1203,0.1213,1304304.5
2026-05-06 04:00:00+00:00,0.1214,0.1215,0.1203,0.1206,1432302.3
2026-05-06 05:00:00+00:00,0.1206,0.1213,0.1198,0.1212,4967307.5
2026-05-06 06:00:00+00:00,0.1212,0.1213,0.1202,0.1211,1714033.2
2026-05-06 07:00:00+00:00,0.1211,0.1219,0.1209,0.1214,1893483.9
2026-05-06 08:00:00+00:00,0.1214,0.1247,0.1213,0.124,4980942.6
2026-05-06 09:00:00+00:00,0.1241,0.1252,0.1237,0.125,4392529.6
2026-05-06 10:00:00+00:00,0.1251,0.1252,0.1244,0.1248,1940227.2
2026-05-06 11:00:00+00:00,0.1248,0.1255,0.1243,0.125,4106765.1
2026-05-06 12:00:00+00:00,0.1251,0.1259,0.1248,0.1258,2382117.3
2026-05-06 13:00:00+00:00,0.1259,0.1259,0.1226,0.1233,4491796.5
2026-05-06 14:00:00+00:00,0.1232,0.1247,0.1216,0.1239,2940144.0
2026-05-06 15:00:00+00:00,0.1238,0.1251,0.1227,0.1241,4098373.2
2026-05-06 16:00:00+00:00,0.124,0.1254,0.1232,0.1247,5816238.1
2026-05-06 17:00:00+00:00,0.1249,0.1252,0.1237,0.1238,1336512.5
2026-05-06 18:00:00+00:00,0.1239,0.1241,0.123,0.1234,1519560.0
2026-05-06 19:00:00+00:00,0.1235,0.1244,0.123,0.1243,1198596.2
2026-05-06 20:00:00+00:00,0.1243,0.1259,0.1243,0.1253,2200403.4
2026-05-06 21:00:00+00:00,0.1253,0.1289,0.1251,0.1282,3635357.7
2026-05-06 22:00:00+00:00,0.1283,0.1292,0.1269,0.1281,6626072.8
2026-05-06 23:00:00+00:00,0.1281,0.1284,0.1264,0.1281,4903450.3
2026-05-07 00:00:00+00:00,0.128,0.1305,0.1255,0.126,11521252.8
2026-05-07 01:00:00+00:00,0.1259,0.1259,0.1235,0.1242,6929346.3
2026-05-07 02:00:00+00:00,0.1241,0.1245,0.1229,0.1234,1952228.3
2026-05-07 03:00:00+00:00,0.1234,0.1245,0.123,0.1232,2476828.4
2026-05-07 04:00:00+00:00,0.1231,0.1258,0.123,0.1256,2364656.2
2026-05-07 05:00:00+00:00,0.1257,0.1275,0.1255,0.1274,3586342.0
2026-05-07 06:00:00+00:00,0.1274,0.1286,0.1258,0.1284,2789711.6
2026-05-07 07:00:00+00:00,0.1285,0.1287,0.1275,0.1283,2740014.0
2026-05-07 08:00:00+00:00,0.1283,0.1287,0.1271,0.1277,2386347.6
2026-05-07 09:00:00+00:00,0.1276,0.1283,0.1266,0.1274,1854664.6
2026-05-07 10:00:00+00:00,0.1273,0.1285,0.1262,0.1275,2531703.9
2026-05-07 11:00:00+00:00,0.1275,0.1286,0.1273,0.1276,1760348.3
2026-05-07 12:00:00+00:00,0.1276,0.1304,0.1276,0.1302,3006595.8
2026-05-07 13:00:00+00:00,0.1303,0.1305,0.1271,0.1273,4323992.5
2026-05-07 14:00:00+00:00,0.1274,0.128,0.1248,0.1261,4279678.0
2026-05-07 15:00:00+00:00,0.126,0.1269,0.1248,0.1256,2025520.0
2026-05-07 16:00:00+00:00,0.1256,0.1266,0.1251,0.1261,1344498.1
2026-05-07 17:00:00+00:00,0.1261,0.1271,0.1254,0.1267,2290409.2
2026-05-07 18:00:00+00:00,0.1267,0.1277,0.1261,0.1263,2017838.8
2026-05-07 19:00:00+00:00,0.1264,0.1271,0.1257,0.1263,1301767.9
2026-05-07 20:00:00+00:00,0.1264,0.1276,0.1254,0.1255,2268585.5
2026-05-07 21:00:00+00:00,0.1254,0.1268,0.1247,0.1259,2228491.9
2026-05-07 22:00:00+00:00,0.1259,0.1268,0.1252,0.1262,1472888.7
2026-05-07 23:00:00+00:00,0.1261,0.1271,0.1261,0.1266,610759.8
2026-05-08 00:00:00+00:00,0.1267,0.1279,0.1266,0.1278,1953956.5
2026-05-08 01:00:00+00:00,0.1279,0.1289,0.1273,0.1286,1686193.1
2026-05-08 02:00:00+00:00,0.1286,0.1292,0.127,0.1283,2056742.5
2026-05-08 03:00:00+00:00,0.1282,0.1296,0.1266,0.1285,2128278.5
2026-05-08 04:00:00+00:00,0.1285,0.1302,0.128,0.1287,1943984.4
2026-05-08 05:00:00+00:00,0.1287,0.1292,0.1278,0.1279,1377178.9
2026-05-08 06:00:00+00:00,0.1278,0.1285,0.127,0.1281,1301039.2
2026-05-08 07:00:00+00:00,0.1281,0.1293,0.1273,0.1291,2113809.7
2026-05-08 08:00:00+00:00,0.1292,0.132,0.129,0.132,4537915.1
2026-05-08 09:00:00+00:00,0.132,0.136,0.1311,0.132,10528516.9
2026-05-08 10:00:00+00:00,0.132,0.1339,0.1313,0.1316,4768352.8
2026-05-08 11:00:00+00:00,0.1316,0.1359,0.1309,0.1349,5541510.3
2026-05-08 12:00:00+00:00,0.1349,0.1362,0.1322,0.1328,5764933.4
2026-05-08 13:00:00+00:00,0.1329,0.1333,0.131,0.1324,3234739.8
2026-05-08 14:00:00+00:00,0.1325,0.1354,0.1322,0.1352,4655068.6
2026-05-08 15:00:00+00:00,0.1352,0.138,0.1343,0.1379,6575851.0
2026-05-08 16:00:00+00:00,0.1379,0.1394,0.1359,0.1372,7260844.6
2026-05-08 17:00:00+00:00,0.1371,0.1433,0.1371,0.142,11467640.4
2026-05-08 18:00:00+00:00,0.1421,0.1464,0.1412,0.1446,10162307.4
2026-05-08 19:00:00+00:00,0.1445,0.1475,0.1437,0.1465,10968010.2
2026-05-08 20:00:00+00:00,0.1466,0.1468,0.143,0.1444,7171769.0
2026-05-08 21:00:00+00:00,0.1445,0.147,0.1441,0.1466,5255434.3
2026-05-08 22:00:00+00:00,0.1465,0.1477,0.1439,0.1441,3448689.3
2026-05-08 23:00:00+00:00,0.144,0.144,0.1419,0.1426,2327443.1
2026-05-09 00:00:00+00:00,0.1426,0.1456,0.1423,0.1431,3302341.2
2026-05-09 01:00:00+00:00,0.143,0.1443,0.1425,0.1433,7248865.9
2026-05-09 02:00:00+00:00,0.1432,0.1458,0.1432,0.1454,3696434.6
2026-05-09 03:00:00+00:00,0.1455,0.1462,0.1433,0.1444,5341222.3
2026-05-09 04:00:00+00:00,0.1444,0.1453,0.143,0.144,3456858.9
2026-05-09 05:00:00+00:00,0.144,0.1451,0.1431,0.1441,3731876.8
2026-05-09 06:00:00+00:00,0.144,0.1468,0.144,0.1466,6662745.7
2026-05-09 07:00:00+00:00,0.1465,0.1481,0.1454,0.1467,13973925.5
2026-05-09 08:00:00+00:00,0.1468,0.1495,0.1464,0.1466,20421767.0
2026-05-09 09:00:00+00:00,0.1465,0.1465,0.1419,0.1427,8700817.4
2026-05-09 10:00:00+00:00,0.1428,0.1432,0.1418,0.1429,3636437.7
2026-05-09 11:00:00+00:00,0.1429,0.1436,0.1424,0.1426,2229064.2
2026-05-09 12:00:00+00:00,0.1426,0.1433,0.1419,0.1424,1765705.6
2026-05-09 13:00:00+00:00,0.1424,0.1429,0.1398,0.1415,7069282.9
2026-05-09 14:00:00+00:00,0.1415,0.1419,0.1404,0.1412,1566950.6
2026-05-09 15:00:00+00:00,0.1412,0.1414,0.1392,0.1394,3095433.5
2026-05-09 16:00:00+00:00,0.1395,0.1415,0.1366,0.1406,5981046.1
2026-05-09 17:00:00+00:00,0.1406,0.1422,0.1406,0.1416,1492707.8
2026-05-09 18:00:00+00:00,0.1416,0.1425,0.1416,0.1421,850794.7
2026-05-09 19:00:00+00:00,0.1421,0.1425,0.1416,0.1424,1463451.2
2026-05-09 20:00:00+00:00,0.1424,0.1426,0.1417,0.1425,827404.3
2026-05-09 21:00:00+00:00,0.1425,0.1433,0.142,0.1426,871907.5
2026-05-09 22:00:00+00:00,0.1427,0.1428,0.1421,0.1426,473551.3
2026-05-09 23:00:00+00:00,0.1426,0.1429,0.1418,0.1425,459982.5
2026-05-10 00:00:00+00:00,0.1425,0.1426,0.1407,0.1412,2924370.5
2026-05-10 01:00:00+00:00,0.1412,0.1413,0.1395,0.1398,2098590.9
2026-05-10 02:00:00+00:00,0.1398,0.1402,0.1393,0.1398,2142818.5
2026-05-10 03:00:00+00:00,0.1399,0.1408,0.1397,0.14,760301.3
2026-05-10 04:00:00+00:00,0.14,0.1407,0.1387,0.1405,2400959.1
2026-05-10 05:00:00+00:00,0.1404,0.1406,0.1399,0.1401,885072.9
2026-05-10 06:00:00+00:00,0.1401,0.1403,0.1397,0.1402,648417.2
2026-05-10 07:00:00+00:00,0.1402,0.1414,0.1401,0.1408,1391317.9
2026-05-10 08:00:00+00:00,0.1407,0.1431,0.1406,0.1423,2683837.6
2026-05-10 09:00:00+00:00,0.1423,0.1427,0.1417,0.1419,972834.5
2026-05-10 10:00:00+00:00,0.1418,0.1441,0.1409,0.1439,3285415.4
2026-05-10 11:00:00+00:00,0.1439,0.1444,0.1423,0.1428,5445059.0
2026-05-10 12:00:00+00:00,0.1428,0.1442,0.1423,0.1433,6626615.8
2026-05-10 13:00:00+00:00,0.1434,0.1447,0.1427,0.1442,9550446.9
2026-05-10 14:00:00+00:00,0.1443,0.1453,0.1411,0.1415,17722170.5
2026-05-10 15:00:00+00:00,0.1416,0.1434,0.1415,0.143,2455050.0
2026-05-10 16:00:00+00:00,0.143,0.1444,0.1428,0.1434,3240481.5
2026-05-10 17:00:00+00:00,0.1434,0.1451,0.1428,0.1448,2348581.9
2026-05-10 18:00:00+00:00,0.1448,0.1459,0.144,0.1454,3904857.0
2026-05-10 19:00:00+00:00,0.1453,0.1461,0.1444,0.1451,5564114.2
2026-05-10 20:00:00+00:00,0.1451,0.146,0.1387,0.1408,7991883.5
2026-05-10 21:00:00+00:00,0.1408,0.1426,0.1401,0.1415,2116985.7
2026-05-10 22:00:00+00:00,0.1415,0.1451,0.1411,0.1449,2356252.8
2026-05-10 23:00:00+00:00,0.1448,0.1451,0.1436,0.1441,2827605.5
2026-05-11 00:00:00+00:00,0.144,0.1449,0.1421,0.1428,2193072.4
2026-05-11 01:00:00+00:00,0.1429,0.1442,0.1422,0.1434,1303923.0
2026-05-11 02:00:00+00:00,0.1434,0.1435,0.1415,0.1422,723224.2
2026-05-11 03:00:00+00:00,0.1422,0.1422,0.1396,0.1413,2012958.4
2026-05-11 04:00:00+00:00,0.1412,0.1417,0.1404,0.1412,658796.2
2026-05-11 05:00:00+00:00,0.1413,0.1424,0.1409,0.1418,850246.9
2026-05-11 06:00:00+00:00,0.1418,0.1421,0.141,0.1412,504704.8
2026-05-11 07:00:00+00:00,0.1411,0.1417,0.1403,0.1416,1003577.1
2026-05-11 08:00:00+00:00,0.1416,0.1423,0.1406,0.1419,541740.1
2026-05-11 09:00:00+00:00,0.1419,0.143,0.1417,0.1427,766239.2
2026-05-11 10:00:00+00:00,0.1426,0.1442,0.142,0.1421,1986891.0
2026-05-11 11:00:00+00:00,0.1422,0.1432,0.1417,0.1423,834961.6
2026-05-11 12:00:00+00:00,0.1423,0.1429,0.1412,0.1416,1869545.5
2026-05-11 13:00:00+00:00,0.1417,0.1432,0.1415,0.1428,1679877.4
2026-05-11 14:00:00+00:00,0.1429,0.1439,0.1403,0.1414,3008049.9
2026-05-11 15:00:00+00:00,0.1415,0.1422,0.1402,0.1421,2846373.0
2026-05-11 16:00:00+00:00,0.142,0.1429,0.1408,0.1414,1558515.5
2026-05-11 17:00:00+00:00,0.1414,0.1436,0.1409,0.1432,1919229.7
2026-05-11 18:00:00+00:00,0.143,0.1437,0.1416,0.1416,1960190.7
2026-05-11 19:00:00+00:00,0.1417,0.1428,0.1415,0.1423,1184806.1
2026-05-11 20:00:00+00:00,0.1424,0.1431,0.1413,0.1418,1523273.2
2026-05-11 21:00:00+00:00,0.1418,0.1421,0.1411,0.1412,593606.4
2026-05-11 22:00:00+00:00,0.1411,0.1418,0.1406,0.1411,917261.6
2026-05-11 23:00:00+00:00,0.1411,0.1417,0.1405,0.141,895808.9
2026-05-12 00:00:00+00:00,0.1409,0.142,0.1405,0.1416,1477692.0
2026-05-12 01:00:00+00:00,0.1417,0.1417,0.1381,0.1389,4216262.0
2026-05-12 02:00:00+00:00,0.1388,0.1397,0.1386,0.1392,2432063.6
2026-05-12 03:00:00+00:00,0.1392,0.1395,0.1383,0.1388,2066543.5
2026-05-12 04:00:00+00:00,0.1387,0.1389,0.1376,0.1386,3564684.7
2026-05-12 05:00:00+00:00,0.1386,0.1401,0.1384,0.1397,2636133.1
2026-05-12 06:00:00+00:00,0.1397,0.1399,0.1388,0.1392,1267298.2
2026-05-12 07:00:00+00:00,0.1392,0.1394,0.138,0.1389,2382755.2
2026-05-12 08:00:00+00:00,0.1388,0.139,0.1377,0.1384,903326.6
2026-05-12 09:00:00+00:00,0.1384,0.1393,0.1374,0.1385,1952231.1
2026-05-12 10:00:00+00:00,0.1386,0.139,0.1369,0.1375,1724882.8
2026-05-12 11:00:00+00:00,0.1375,0.1377,0.1364,0.1374,1662975.4
2026-05-12 12:00:00+00:00,0.1374,0.1387,0.1369,0.1382,1664700.2
2026-05-12 13:00:00+00:00,0.1382,0.1388,0.1364,0.1365,1976721.4
2026-05-12 14:00:00+00:00,0.1366,0.1373,0.1347,0.1355,4603992.4
2026-05-12 15:00:00+00:00,0.1355,0.1365,0.1352,0.1358,1825496.5
2026-05-12 16:00:00+00:00,0.1357,0.1365,0.1342,0.1349,1986667.5
2026-05-12 17:00:00+00:00,0.1349,0.137,0.1349,0.1365,1725127.9
2026-05-12 18:00:00+00:00,0.1365,0.1374,0.1363,0.1368,893781.1
2026-05-12 19:00:00+00:00,0.1368,0.1378,0.1368,0.1373,790751.5
2026-05-12 20:00:00+00:00,0.1374,0.1377,0.137,0.1373,679087.1
2026-05-12 21:00:00+00:00,0.1373,0.1376,0.137,0.1371,722584.0
2026-05-12 22:00:00+00:00,0.1371,0.1377,0.137,0.1371,323520.7
2026-05-12 23:00:00+00:00,0.1371,0.1372,0.1362,0.1363,508035.2
2026-05-13 00:00:00+00:00,0.1363,0.1372,0.136,0.1368,754601.8
2026-05-13 01:00:00+00:00,0.1368,0.1397,0.1368,0.1391,2830031.9
2026-05-13 02:00:00+00:00,0.139,0.1397,0.1388,0.1397,1074816.1
2026-05-13 03:00:00+00:00,0.1398,0.1408,0.1395,0.1405,1346973.4
2026-05-13 04:00:00+00:00,0.1406,0.1421,0.1406,0.1415,1836876.8
2026-05-13 05:00:00+00:00,0.1414,0.1419,0.1393,0.1399,1631463.6
2026-05-13 06:00:00+00:00,0.1398,0.1407,0.1395,0.1398,1258187.0
2026-05-13 07:00:00+00:00,0.1399,0.1403,0.1393,0.1402,802169.0
2026-05-13 08:00:00+00:00,0.1403,0.1408,0.1397,0.1403,924800.7
2026-05-13 09:00:00+00:00,0.1403,0.1434,0.1402,0.1425,5479036.1
2026-05-13 10:00:00+00:00,0.1426,0.1427,0.1399,0.1403,1344227.2
2026-05-13 11:00:00+00:00,0.1403,0.1405,0.1382,0.1387,1971355.4
2026-05-13 12:00:00+00:00,0.1386,0.1391,0.1344,0.1357,5082056.2
2026-05-13 13:00:00+00:00,0.1357,0.1362,0.1334,0.1339,4103870.4
2026-05-13 14:00:00+00:00,0.1338,0.135,0.133,0.1339,2899052.0
2026-05-13 15:00:00+00:00,0.1339,0.1344,0.1309,0.1312,3308004.3
2026-05-13 16:00:00+00:00,0.1312,0.1329,0.1311,0.1326,2042873.9
2026-05-13 17:00:00+00:00,0.1326,0.1332,0.1322,0.1328,1202256.6
2026-05-13 18:00:00+00:00,0.1328,0.134,0.1328,0.1331,951755.7
2026-05-13 19:00:00+00:00,0.1332,0.1332,0.1321,0.1323,579239.0
2026-05-13 20:00:00+00:00,0.1323,0.1332,0.1322,0.1328,442532.9
2026-05-13 21:00:00+00:00,0.133,0.133,0.1314,0.1316,1171418.1
2026-05-13 22:00:00+00:00,0.1317,0.1321,0.131,0.132,847205.3
2026-05-13 23:00:00+00:00,0.132,0.1323,0.1317,0.132,337382.0
2026-05-14 00:00:00+00:00,0.132,0.1327,0.1319,0.1323,994321.1
2026-05-14 01:00:00+00:00,0.1322,0.1324,0.1317,0.1319,980349.3
2026-05-14 02:00:00+00:00,0.1319,0.1321,0.1303,0.1305,679813.6
2026-05-14 03:00:00+00:00,0.1305,0.1309,0.1284,0.1288,2347823.4
2026-05-14 04:00:00+00:00,0.1289,0.1297,0.1284,0.1295,1790233.5
2026-05-14 05:00:00+00:00,0.1295,0.1305,0.1292,0.1302,1533768.5
2026-05-14 06:00:00+00:00,0.1302,0.1311,0.1301,0.1304,1145142.1
2026-05-14 07:00:00+00:00,0.1303,0.1307,0.1298,0.1298,773436.6
2026-05-14 08:00:00+00:00,0.1298,0.1308,0.1294,0.1301,2436292.8
2026-05-14 09:00:00+00:00,0.1301,0.1306,0.1298,0.1299,1417018.4
2026-05-14 10:00:00+00:00,0.1299,0.1304,0.1294,0.1304,1615467.3
2026-05-14 11:00:00+00:00,0.1303,0.1305,0.1291,0.1292,1167227.2
2026-05-14 12:00:00+00:00,0.1291,0.1304,0.1291,0.1302,953506.0
2026-05-14 13:00:00+00:00,0.1302,0.131,0.1297,0.1303,2511820.0
2026-05-14 14:00:00+00:00,0.1303,0.1338,0.1297,0.1335,3981505.8
2026-05-14 15:00:00+00:00,0.1336,0.1345,0.1326,0.1344,2445418.0
2026-05-14 16:00:00+00:00,0.1344,0.1358,0.1327,0.1345,3995115.6
2026-05-14 17:00:00+00:00,0.1345,0.135,0.1328,0.1337,3078728.8
2026-05-14 18:00:00+00:00,0.1337,0.135,0.133,0.1345,2475290.6
2026-05-14 19:00:00+00:00,0.1346,0.1351,0.133,0.1334,1331717.5
2026-05-14 20:00:00+00:00,0.1333,0.1336,0.132,0.1329,896727.0
2026-05-14 21:00:00+00:00,0.133,0.1331,0.1323,0.1327,451677.5
2026-05-14 22:00:00+00:00,0.1327,0.133,0.1325,0.1325,435635.6
2026-05-14 23:00:00+00:00,0.1324,0.1324,0.1311,0.1314,1369342.3
2026-05-15 00:00:00+00:00,0.1314,0.1326,0.1313,0.1316,1367200.5
2026-05-15 01:00:00+00:00,0.1316,0.1319,0.1304,0.1305,1999145.2
2026-05-15 02:00:00+00:00,0.1305,0.1314,0.1294,0.1311,2213660.0
2026-05-15 03:00:00+00:00,0.1311,0.1314,0.1302,0.1305,880688.9
2026-05-15 04:00:00+00:00,0.1304,0.1305,0.1292,0.1292,534388.9
2026-05-15 05:00:00+00:00,0.1294,0.1297,0.1269,0.1271,3167798.3
2026-05-15 06:00:00+00:00,0.1272,0.1285,0.1268,0.1282,2013294.7
2026-05-15 07:00:00+00:00,0.1282,0.1296,0.128,0.1287,1561369.6
2026-05-15 08:00:00+00:00,0.1287,0.1287,0.1275,0.1282,1353633.0
2026-05-15 09:00:00+00:00,0.1283,0.1286,0.1278,0.1282,470551.5
2026-05-15 10:00:00+00:00,0.1282,0.1295,0.128,0.1291,1035884.8
2026-05-15 11:00:00+00:00,0.1291,0.1291,0.1283,0.1284,639451.1
2026-05-15 12:00:00+00:00,0.1285,0.1285,0.127,0.1272,1975606.4
2026-05-15 13:00:00+00:00,0.1271,0.1271,0.1228,0.1233,5537385.1
2026-05-15 14:00:00+00:00,0.1233,0.1247,0.1225,0.1238,3813096.5
2026-05-15 15:00:00+00:00,0.1239,0.1241,0.1232,0.1239,1298816.4
2026-05-15 16:00:00+00:00,0.124,0.1255,0.1236,0.1254,3933760.3
2026-05-15 17:00:00+00:00,0.1254,0.1263,0.1254,0.1262,1049732.6
2026-05-15 18:00:00+00:00,0.1262,0.1265,0.1255,0.126,805608.6
2026-05-15 19:00:00+00:00,0.1261,0.1263,0.1254,0.1256,1068038.1
2026-05-15 20:00:00+00:00,0.1257,0.1257,0.1248,0.1251,929303.2
2026-05-15 21:00:00+00:00,0.1252,0.1254,0.1244,0.1245,464599.8
2026-05-15 22:00:00+00:00,0.1246,0.125,0.1244,0.1249,495239.3
2026-05-15 23:00:00+00:00,0.1248,0.1251,0.1247,0.1248,674353.4
2026-05-16 00:00:00+00:00,0.1248,0.1251,0.1245,0.1247,739704.0
2026-05-16 01:00:00+00:00,0.1247,0.1249,0.124,0.1249,680351.3
2026-05-16 02:00:00+00:00,0.1248,0.125,0.1242,0.1246,472506.5
2026-05-16 03:00:00+00:00,0.1247,0.1251,0.1243,0.1246,1406961.7
2026-05-16 04:00:00+00:00,0.1246,0.1246,0.1232,0.1238,1982823.6
2026-05-16 05:00:00+00:00,0.1237,0.1238,0.1227,0.1229,898209.4
2026-05-16 06:00:00+00:00,0.123,0.123,0.1209,0.1214,2477585.5
2026-05-16 07:00:00+00:00,0.1213,0.1213,0.1185,0.1203,4080368.9
2026-05-16 08:00:00+00:00,0.1203,0.1207,0.1198,0.1198,847095.7
2026-05-16 09:00:00+00:00,0.12,0.1201,0.1182,0.1186,3459247.3
2026-05-16 10:00:00+00:00,0.1186,0.1189,0.1179,0.1187,1841561.3
2026-05-16 11:00:00+00:00,0.1188,0.1194,0.1188,0.1189,956275.4
2026-05-16 12:00:00+00:00,0.1189,0.1196,0.1187,0.1193,654925.0
2026-05-16 13:00:00+00:00,0.1193,0.1197,0.119,0.1191,876144.5
2026-05-16 14:00:00+00:00,0.1192,0.1206,0.1189,0.1199,557279.8
2026-05-16 15:00:00+00:00,0.1199,0.121,0.1198,0.1203,1710074.9
2026-05-16 16:00:00+00:00,0.1204,0.1212,0.1203,0.1208,903363.7
2026-05-16 17:00:00+00:00,0.1208,0.1212,0.1206,0.1209,1051695.8
2026-05-16 18:00:00+00:00,0.1208,0.1209,0.1202,0.1204,887310.1
2026-05-16 19:00:00+00:00,0.1203,0.1205,0.12,0.12,1356206.6
2026-05-16 20:00:00+00:00,0.1201,0.1203,0.1198,0.1199,209827.9
2026-05-16 21:00:00+00:00,0.1199,0.1201,0.1198,0.1199,198766.5
2026-05-16 22:00:00+00:00,0.1199,0.1199,0.1195,0.1195,338896.1
2026-05-16 23:00:00+00:00,0.1195,0.1198,0.1193,0.1195,270429.1
2026-05-17 00:00:00+00:00,0.1195,0.1198,0.1187,0.119,950090.4
2026-05-17 01:00:00+00:00,0.119,0.1193,0.1183,0.1185,743666.4
2026-05-17 02:00:00+00:00,0.1186,0.119,0.1184,0.1186,461146.6
2026-05-17 03:00:00+00:00,0.1187,0.1195,0.1187,0.1193,535855.6
2026-05-17 04:00:00+00:00,0.1192,0.1202,0.1191,0.1199,684344.2
2026-05-17 05:00:00+00:00,0.1199,0.1214,0.1199,0.121,1908680.4
2026-05-17 06:00:00+00:00,0.121,0.1224,0.121,0.1222,2266394.9
2026-05-17 07:00:00+00:00,0.1221,0.1222,0.1215,0.1218,1848570.5
2026-05-17 08:00:00+00:00,0.1219,0.1219,0.1207,0.121,761761.0
2026-05-17 09:00:00+00:00,0.121,0.122,0.1209,0.1218,538487.3
2026-05-17 10:00:00+00:00,0.1218,0.1223,0.1216,0.1221,5621572.4
2026-05-17 11:00:00+00:00,0.122,0.1222,0.1216,0.122,2102032.3
2026-05-17 12:00:00+00:00,0.1219,0.1225,0.1214,0.1216,4935157.9
2026-05-17 13:00:00+00:00,0.1216,0.122,0.1192,0.1199,17764149.5
2026-05-17 14:00:00+00:00,0.1199,0.12,0.1188,0.119,2403298.6
2026-05-17 15:00:00+00:00,0.119,0.1195,0.1189,0.1195,2209111.1
2026-05-17 16:00:00+00:00,0.1195,0.1198,0.1186,0.1188,1287121.1
2026-05-17 17:00:00+00:00,0.1188,0.119,0.1184,0.1186,1019187.6
2026-05-17 18:00:00+00:00,0.1186,0.1191,0.118,0.1187,2055027.6
2026-05-17 19:00:00+00:00,0.1188,0.1194,0.1185,0.1191,868994.2
2026-05-17 20:00:00+00:00,0.1191,0.1193,0.1186,0.1186,699657.5
2026-05-17 21:00:00+00:00,0.1185,0.1198,0.1184,0.1196,588923.4
2026-05-17 22:00:00+00:00,0.1195,0.1195,0.118,0.1181,906810.1
2026-05-17 23:00:00+00:00,0.1181,0.1182,0.1127,0.1165,11345829.2
2026-05-18 00:00:00+00:00,0.1164,0.1164,0.1151,0.1162,2370344.9
2026-05-18 01:00:00+00:00,0.1163,0.1168,0.1152,0.1165,2193309.2
2026-05-18 02:00:00+00:00,0.1165,0.1176,0.1165,0.117,3345226.7
2026-05-18 03:00:00+00:00,0.1171,0.1174,0.1163,0.1164,950223.4
2026-05-18 04:00:00+00:00,0.1165,0.1171,0.1164,0.1169,1663417.9
2026-05-18 05:00:00+00:00,0.1169,0.1169,0.1159,0.1161,850894.6
2026-05-18 06:00:00+00:00,0.1161,0.1164,0.1154,0.1161,1862826.6
2026-05-18 07:00:00+00:00,0.1162,0.1164,0.1151,0.116,2376745.4
2026-05-18 08:00:00+00:00,0.116,0.1162,0.1158,0.1162,848751.1
2026-05-18 09:00:00+00:00,0.1163,0.1163,0.1151,0.1152,795177.7
2026-05-18 10:00:00+00:00,0.1152,0.1152,0.1144,0.1149,1299230.8
2026-05-18 11:00:00+00:00,0.1149,0.1167,0.1144,0.1162,3150134.8
2026-05-18 12:00:00+00:00,0.1163,0.1175,0.1162,0.1171,1753148.1
2026-05-18 13:00:00+00:00,0.117,0.1171,0.1152,0.1164,1869470.7
2026-05-18 14:00:00+00:00,0.1163,0.1164,0.1148,0.1152,2710088.1
2026-05-18 15:00:00+00:00,0.1153,0.1156,0.114,0.1152,2616684.7
2026-05-18 16:00:00+00:00,0.1152,0.1159,0.115,0.1156,1297628.8
2026-05-18 17:00:00+00:00,0.1156,0.1164,0.1155,0.1161,608109.2
2026-05-18 18:00:00+00:00,0.116,0.1162,0.1141,0.1143,4791558.0
2026-05-18 19:00:00+00:00,0.1143,0.1171,0.1142,0.1166,1604293.6
2026-05-18 20:00:00+00:00,0.1167,0.1172,0.1162,0.1166,961826.5
2026-05-18 21:00:00+00:00,0.1166,0.1178,0.1161,0.1177,1759007.5
2026-05-18 22:00:00+00:00,0.1177,0.118,0.1169,0.1175,1508473.7
2026-05-18 23:00:00+00:00,0.1175,0.1177,0.1171,0.1176,586901.7
2026-05-19 00:00:00+00:00,0.1176,0.1187,0.1175,0.1181,1079728.5
2026-05-19 01:00:00+00:00,0.1181,0.1181,0.1168,0.1169,686953.6
2026-05-19 02:00:00+00:00,0.1168,0.1175,0.1164,0.1165,345185.0
2026-05-19 03:00:00+00:00,0.1165,0.1175,0.1164,0.117,587506.9
2026-05-19 04:00:00+00:00,0.117,0.1175,0.1167,0.117,1247605.2
2026-05-19 05:00:00+00:00,0.117,0.1171,0.1161,0.1166,631495.2
2026-05-19 06:00:00+00:00,0.1166,0.1173,0.1164,0.117,568358.7
2026-05-19 07:00:00+00:00,0.117,0.1178,0.1168,0.1175,1319984.9
2026-05-19 08:00:00+00:00,0.1174,0.1177,0.1165,0.1171,568744.3
2026-05-19 09:00:00+00:00,0.1171,0.1172,0.1157,0.1163,1019383.9
2026-05-19 10:00:00+00:00,0.1163,0.1164,0.1153,0.1159,626820.9
2026-05-19 11:00:00+00:00,0.1159,0.116,0.1147,0.1151,816720.1
2026-05-19 12:00:00+00:00,0.1151,0.1155,0.1148,0.1155,893878.0
2026-05-19 13:00:00+00:00,0.1155,0.1166,0.115,0.116,1448554.0
2026-05-19 14:00:00+00:00,0.116,0.1163,0.1143,0.115,1236650.1
2026-05-19 15:00:00+00:00,0.115,0.1155,0.1146,0.115,621816.5
2026-05-19 16:00:00+00:00,0.1151,0.1159,0.1146,0.1158,1013324.2
2026-05-19 17:00:00+00:00,0.1157,0.1157,0.1148,0.115,338627.0
2026-05-19 18:00:00+00:00,0.115,0.1153,0.1144,0.1145,801943.5
2026-05-19 19:00:00+00:00,0.1145,0.115,0.1143,0.1144,947975.4
2026-05-19 20:00:00+00:00,0.1144,0.1149,0.1143,0.1148,437920.5
2026-05-19 21:00:00+00:00,0.1148,0.1152,0.1143,0.1143,280154.6
2026-05-19 22:00:00+00:00,0.1144,0.1144,0.1134,0.1134,799207.4
2026-05-19 23:00:00+00:00,0.1133,0.1139,0.1133,0.1135,449924.7
2026-05-20 00:00:00+00:00,0.1135,0.1137,0.1129,0.1131,707270.6
2026-05-20 01:00:00+00:00,0.1133,0.1137,0.1125,0.1136,469982.4
2026-05-20 02:00:00+00:00,0.1136,0.1137,0.1123,0.1125,385877.9
2026-05-20 03:00:00+00:00,0.1124,0.113,0.1122,0.1124,692061.1
2026-05-20 04:00:00+00:00,0.1124,0.1133,0.1124,0.1133,439091.1
2026-05-20 05:00:00+00:00,0.1132,0.1142,0.1132,0.1138,1318860.3
2026-05-20 06:00:00+00:00,0.1139,0.1144,0.1136,0.1142,937282.8
2026-05-20 07:00:00+00:00,0.1141,0.1144,0.1138,0.1139,1011915.5
2026-05-20 08:00:00+00:00,0.1139,0.1146,0.1136,0.1137,835560.4
2026-05-20 09:00:00+00:00,0.1137,0.114,0.1129,0.1131,1355245.4
2026-05-20 10:00:00+00:00,0.1131,0.1135,0.1127,0.113,1221746.7
2026-05-20 11:00:00+00:00,0.113,0.1132,0.1123,0.1126,938153.7
2026-05-20 12:00:00+00:00,0.1124,0.1139,0.1121,0.1135,2037142.1
2026-05-20 13:00:00+00:00,0.1136,0.1136,0.1114,0.1121,2128578.9
2026-05-20 14:00:00+00:00,0.1122,0.1138,0.1119,0.1135,2887414.4
2026-05-20 15:00:00+00:00,0.1134,0.1142,0.1127,0.113,2153653.4
2026-05-20 16:00:00+00:00,0.1131,0.1133,0.112,0.1126,1651873.5
2026-05-20 17:00:00+00:00,0.1125,0.1137,0.1124,0.1128,2179471.2
2026-05-20 18:00:00+00:00,0.1127,0.1129,0.1116,0.1119,2352882.5
2026-05-20 19:00:00+00:00,0.1118,0.1124,0.1111,0.1121,2332529.9
2026-05-20 20:00:00+00:00,0.112,0.1124,0.1113,0.1124,1864241.1
2026-05-20 21:00:00+00:00,0.1123,0.1125,0.1107,0.1108,1940206.9
2026-05-20 22:00:00+00:00,0.1109,0.1112,0.11,0.1105,4447796.8
2026-05-20 23:00:00+00:00,0.1105,0.1106,0.1096,0.1101,3611429.0
2026-05-21 00:00:00+00:00,0.1101,0.1122,0.1099,0.1119,3198691.9
2026-05-21 01:00:00+00:00,0.1118,0.1125,0.1116,0.1119,1991109.2
2026-05-21 02:00:00+00:00,0.112,0.1125,0.1116,0.1119,1434748.9
2026-05-21 03:00:00+00:00,0.1119,0.113,0.1117,0.1128,1515330.9
2026-05-21 04:00:00+00:00,0.1128,0.1136,0.1126,0.1131,2203468.1
2026-05-21 05:00:00+00:00,0.113,0.1134,0.1107,0.1114,1898105.4
2026-05-21 06:00:00+00:00,0.1115,0.1118,0.1109,0.1114,1902363.7
2026-05-21 07:00:00+00:00,0.1114,0.1118,0.1108,0.1114,1352327.7
2026-05-21 08:00:00+00:00,0.1114,0.1125,0.1114,0.1115,1240552.4
2026-05-21 09:00:00+00:00,0.1115,0.1119,0.1101,0.1101,1806704.0
2026-05-21 10:00:00+00:00,0.1102,0.1105,0.1087,0.1089,4618798.8
2026-05-21 11:00:00+00:00,0.1089,0.1094,0.1086,0.1089,1318480.2
2026-05-21 12:00:00+00:00,0.1088,0.1098,0.1084,0.1094,1985670.8
2026-05-21 13:00:00+00:00,0.1093,0.1105,0.1088,0.1103,2490536.4
2026-05-21 14:00:00+00:00,0.1103,0.1112,0.1099,0.1106,3066874.4
2026-05-21 15:00:00+00:00,0.1107,0.1127,0.1103,0.1122,3084870.7
2026-05-21 16:00:00+00:00,0.1123,0.1128,0.1109,0.1116,2059024.5
2026-05-21 17:00:00+00:00,0.1117,0.1155,0.1115,0.1146,6615807.9
2026-05-21 18:00:00+00:00,0.1146,0.1158,0.1129,0.1137,3132663.5
2026-05-21 19:00:00+00:00,0.1138,0.1146,0.1134,0.1142,2656120.0
2026-05-21 20:00:00+00:00,0.1142,0.1147,0.1138,0.1141,1371271.2
2026-05-21 21:00:00+00:00,0.1142,0.1149,0.114,0.114,1792374.8
2026-05-21 22:00:00+00:00,0.114,0.1141,0.1128,0.1129,828722.3
2026-05-21 23:00:00+00:00,0.1129,0.1133,0.1124,0.113,1130566.7
2026-05-22 00:00:00+00:00,0.1129,0.1129,0.1115,0.1118,1173272.0
2026-05-22 01:00:00+00:00,0.1117,0.1125,0.1115,0.1123,1237277.0
2026-05-22 02:00:00+00:00,0.1124,0.1133,0.1123,0.1132,1622528.7
2026-05-22 03:00:00+00:00,0.1131,0.1144,0.113,0.1142,1004308.0
2026-05-22 04:00:00+00:00,0.1143,0.1153,0.1137,0.1143,1573377.9
2026-05-22 05:00:00+00:00,0.1143,0.1151,0.1139,0.1144,1571179.6
2026-05-22 06:00:00+00:00,0.1144,0.1144,0.1134,0.1137,1499767.9
2026-05-22 07:00:00+00:00,0.1137,0.1143,0.1129,0.1133,2116758.6
2026-05-22 08:00:00+00:00,0.1133,0.1142,0.1123,0.1128,2884233.3
2026-05-22 09:00:00+00:00,0.1128,0.1131,0.1122,0.1126,1645252.3
2026-05-22 10:00:00+00:00,0.1125,0.1132,0.112,0.1128,955933.8
2026-05-22 11:00:00+00:00,0.1129,0.1143,0.1127,0.1141,1124519.7
2026-05-22 12:00:00+00:00,0.1141,0.1156,0.1137,0.1156,2131196.1
2026-05-22 13:00:00+00:00,0.1156,0.1157,0.1136,0.1143,3342941.3
2026-05-22 14:00:00+00:00,0.1143,0.1143,0.1119,0.1122,2838898.4
2026-05-22 15:00:00+00:00,0.1122,0.1131,0.1115,0.1126,1437334.7
2026-05-22 16:00:00+00:00,0.1124,0.1131,0.1121,0.1129,1364406.0
2026-05-22 17:00:00+00:00,0.113,0.1135,0.1122,0.1124,1537659.6
2026-05-22 18:00:00+00:00,0.1123,0.1125,0.1087,0.1104,7092256.7
2026-05-22 19:00:00+00:00,0.1104,0.1108,0.1081,0.1091,7300909.6
2026-05-22 20:00:00+00:00,0.1092,0.1102,0.1089,0.11,2407860.7
2026-05-22 21:00:00+00:00,0.1101,0.1105,0.1098,0.1101,1115830.4
2026-05-22 22:00:00+00:00,0.1101,0.1103,0.1095,0.1099,901085.4
2026-05-22 23:00:00+00:00,0.1099,0.1104,0.1082,0.1088,2202616.8
2026-05-23 00:00:00+00:00,0.1088,0.1097,0.1083,0.1095,2330219.9
2026-05-23 01:00:00+00:00,0.1095,0.11,0.109,0.1098,600093.7
2026-05-23 02:00:00+00:00,0.1098,0.11,0.1093,0.1098,656415.3
2026-05-23 03:00:00+00:00,0.1098,0.1102,0.1097,0.1099,340476.7
2026-05-23 04:00:00+00:00,0.1098,0.1098,0.1088,0.109,952075.1
2026-05-23 05:00:00+00:00,0.109,0.1091,0.1083,0.1089,617769.3
2026-05-23 06:00:00+00:00,0.1089,0.1089,0.1078,0.1081,2154062.3
2026-05-23 07:00:00+00:00,0.1081,0.1082,0.1031,0.1041,12037896.5
2026-05-23 08:00:00+00:00,0.1041,0.1049,0.1034,0.1048,4167608.7
2026-05-23 09:00:00+00:00,0.1047,0.1052,0.1047,0.1048,892309.0
2026-05-23 10:00:00+00:00,0.1049,0.1052,0.1046,0.105,508138.8
2026-05-23 11:00:00+00:00,0.1049,0.1052,0.1048,0.1049,649146.9
2026-05-23 12:00:00+00:00,0.1049,0.105,0.1045,0.1047,1254557.9
2026-05-23 13:00:00+00:00,0.1048,0.106,0.1048,0.1057,3880124.3
2026-05-23 14:00:00+00:00,0.1058,0.1073,0.1055,0.1071,3147224.7
2026-05-23 15:00:00+00:00,0.1071,0.108,0.107,0.1076,2400362.1
2026-05-23 16:00:00+00:00,0.1075,0.1088,0.1072,0.1086,1809715.4
2026-05-23 17:00:00+00:00,0.1087,0.1091,0.108,0.1083,894424.0
2026-05-23 18:00:00+00:00,0.1083,0.1103,0.1082,0.1097,1840009.7
2026-05-23 19:00:00+00:00,0.1097,0.1103,0.1094,0.1096,2197806.0
2026-05-23 20:00:00+00:00,0.1096,0.1122,0.1091,0.1121,3494987.0
2026-05-23 21:00:00+00:00,0.1121,0.1123,0.1098,0.1102,2560598.1
2026-05-23 22:00:00+00:00,0.1103,0.1104,0.1087,0.1091,2335871.9
2026-05-23 23:00:00+00:00,0.1091,0.1096,0.1089,0.1094,1410410.6
2026-05-24 00:00:00+00:00,0.1095,0.1099,0.1091,0.1098,3418769.1
2026-05-24 01:00:00+00:00,0.1098,0.1101,0.1094,0.1096,545948.6
2026-05-24 02:00:00+00:00,0.1095,0.1096,0.1087,0.1093,669672.4
2026-05-24 03:00:00+00:00,0.1092,0.1097,0.1087,0.109,487954.6
2026-05-24 04:00:00+00:00,0.109,0.1093,0.1088,0.1089,1079607.6
2026-05-24 05:00:00+00:00,0.1089,0.1089,0.1082,0.1088,1050839.6
2026-05-24 06:00:00+00:00,0.1088,0.1095,0.1085,0.1093,614442.0
2026-05-24 07:00:00+00:00,0.1093,0.1097,0.1089,0.1091,652180.2
2026-05-24 08:00:00+00:00,0.109,0.1094,0.1085,0.1091,1024033.0
2026-05-24 09:00:00+00:00,0.1091,0.1092,0.107,0.1079,13649984.7
2026-05-24 10:00:00+00:00,0.1079,0.1084,0.1072,0.1073,2427977.6
2026-05-24 11:00:00+00:00,0.1074,0.1075,0.1064,0.1065,1963734.0
2026-05-24 12:00:00+00:00,0.1065,0.1066,0.106,0.1065,1073109.3
2026-05-24 13:00:00+00:00,0.1065,0.1068,0.1058,0.1063,1244636.1
2026-05-24 14:00:00+00:00,0.1064,0.1066,0.1047,0.1062,1699071.3
2026-05-24 15:00:00+00:00,0.1061,0.1062,0.1056,0.1058,488594.2
2026-05-24 16:00:00+00:00,0.1059,0.1065,0.1057,0.106,667494.9
2026-05-24 17:00:00+00:00,0.106,0.1064,0.1057,0.1061,1385952.6
2026-05-24 18:00:00+00:00,0.1061,0.1063,0.1058,0.1059,652240.1
2026-05-24 19:00:00+00:00,0.106,0.1065,0.1058,0.1064,563053.0
2026-05-24 20:00:00+00:00,0.1064,0.1065,0.1055,0.1056,1578879.8
2026-05-24 21:00:00+00:00,0.1056,0.1058,0.1035,0.1039,2511033.8
2026-05-24 22:00:00+00:00,0.104,0.1057,0.104,0.1048,2407586.8
2026-05-24 23:00:00+00:00,0.1049,0.106,0.1049,0.1057,627779.9
2026-05-25 00:00:00+00:00,0.1057,0.106,0.1053,0.1056,1203375.4
2026-05-25 01:00:00+00:00,0.1057,0.1062,0.1046,0.1047,1769575.4
2026-05-25 02:00:00+00:00,0.1048,0.106,0.1048,0.1051,1280497.9
2026-05-25 03:00:00+00:00,0.1051,0.1052,0.1049,0.105,653721.8
2026-05-25 04:00:00+00:00,0.1051,0.1065,0.1048,0.1063,895949.0
2026-05-25 05:00:00+00:00,0.1062,0.1075,0.1061,0.1072,1041103.9
2026-05-25 06:00:00+00:00,0.1072,0.1077,0.1066,0.1075,1355061.7
2026-05-25 07:00:00+00:00,0.1075,0.108,0.1069,0.1073,1316565.4
2026-05-25 08:00:00+00:00,0.1074,0.1079,0.1071,0.1078,705965.9
2026-05-25 09:00:00+00:00,0.1079,0.108,0.1072,0.1073,1097677.3
2026-05-25 10:00:00+00:00,0.1072,0.1082,0.1072,0.108,3263672.3
2026-05-25 11:00:00+00:00,0.1079,0.108,0.1076,0.1077,1072910.9
2026-05-25 12:00:00+00:00,0.1076,0.1085,0.1073,0.108,1908603.3
2026-05-25 13:00:00+00:00,0.108,0.1086,0.1077,0.1084,972351.4
2026-05-25 14:00:00+00:00,0.1084,0.1096,0.1083,0.109,1842861.1
2026-05-25 15:00:00+00:00,0.109,0.1095,0.1085,0.1094,1298945.0
2026-05-25 16:00:00+00:00,0.1094,0.1103,0.109,0.1099,2650866.4
2026-05-25 17:00:00+00:00,0.1099,0.1107,0.1097,0.1105,1463029.6
2026-05-25 18:00:00+00:00,0.1105,0.1111,0.1099,0.1099,1382472.4
2026-05-25 19:00:00+00:00,0.1099,0.11,0.109,0.1095,1951878.0
2026-05-25 20:00:00+00:00,0.1095,0.1102,0.1086,0.1089,2004514.6
2026-05-25 21:00:00+00:00,0.1088,0.1092,0.1086,0.1091,1270968.0
2026-05-25 22:00:00+00:00,0.1091,0.1092,0.1077,0.1078,1360231.7
2026-05-25 23:00:00+00:00,0.1078,0.1087,0.1076,0.1084,1121257.0
2026-05-26 00:00:00+00:00,0.1084,0.1086,0.1068,0.1078,2075511.8
2026-05-26 01:00:00+00:00,0.1077,0.1078,0.1064,0.1073,2609830.1
2026-05-26 02:00:00+00:00,0.1073,0.1074,0.1067,0.1071,4220613.2
2026-05-26 03:00:00+00:00,0.1071,0.1077,0.1068,0.1076,596797.0
2026-05-26 04:00:00+00:00,0.1076,0.1085,0.1073,0.1081,1501683.6
2026-05-26 05:00:00+00:00,0.1081,0.1097,0.1078,0.1094,1532356.5
2026-05-26 06:00:00+00:00,0.1095,0.11,0.1086,0.1097,1555969.7
2026-05-26 07:00:00+00:00,0.1097,0.1098,0.1083,0.1091,1703776.2
2026-05-26 08:00:00+00:00,0.1092,0.1104,0.1091,0.1102,2217957.3
2026-05-26 09:00:00+00:00,0.1102,0.1113,0.1099,0.111,3290520.3
2026-05-26 10:00:00+00:00,0.111,0.1129,0.1103,0.1124,4290985.7
2026-05-26 11:00:00+00:00,0.1125,0.1127,0.1114,0.1116,2284667.0
2026-05-26 12:00:00+00:00,0.1116,0.1125,0.1109,0.1123,3062597.4
2026-05-26 13:00:00+00:00,0.1123,0.1131,0.1109,0.1116,4018226.4
2026-05-26 14:00:00+00:00,0.1116,0.1129,0.111,0.1114,3803246.3
2026-05-26 15:00:00+00:00,0.1115,0.1115,0.1088,0.11,3460637.5
2026-05-26 16:00:00+00:00,0.11,0.1101,0.1088,0.1092,2169110.9
2026-05-26 17:00:00+00:00,0.1093,0.1097,0.1073,0.1078,3618917.5
2026-05-26 18:00:00+00:00,0.1078,0.1087,0.1075,0.108,1233085.9
2026-05-26 19:00:00+00:00,0.108,0.1087,0.1075,0.1085,880865.2
2026-05-26 20:00:00+00:00,0.1086,0.1088,0.1082,0.1088,400971.9
2026-05-26 21:00:00+00:00,0.1088,0.1093,0.108,0.1084,789588.8
2026-05-26 22:00:00+00:00,0.1084,0.1087,0.1081,0.1082,577199.8
2026-05-26 23:00:00+00:00,0.1084,0.1092,0.1084,0.1088,623815.0
2026-05-27 00:00:00+00:00,0.1088,0.1104,0.1088,0.1104,1702216.8
2026-05-27 01:00:00+00:00,0.1103,0.1104,0.1094,0.1094,975052.8
2026-05-27 02:00:00+00:00,0.1094,0.1096,0.1086,0.1093,1180133.1
2026-05-27 03:00:00+00:00,0.1093,0.1097,0.1084,0.1084,375553.7
2026-05-27 04:00:00+00:00,0.1083,0.1084,0.1066,0.108,2086887.8
2026-05-27 05:00:00+00:00,0.1081,0.1091,0.1079,0.109,1835719.1
2026-05-27 06:00:00+00:00,0.109,0.1096,0.1086,0.1095,1605210.7
2026-05-27 07:00:00+00:00,0.1095,0.1096,0.1089,0.1093,1991999.6
2026-05-27 08:00:00+00:00,0.1092,0.1101,0.1088,0.1089,1804675.9
2026-05-27 09:00:00+00:00,0.1089,0.1092,0.1083,0.1087,980973.3
2026-05-27 10:00:00+00:00,0.1086,0.109,0.1084,0.1089,999126.9
2026-05-27 11:00:00+00:00,0.1089,0.1095,0.1087,0.1087,1279543.1
2026-05-27 12:00:00+00:00,0.1088,0.1107,0.1084,0.1098,2841784.6
2026-05-27 13:00:00+00:00,0.1097,0.1098,0.1073,0.1085,2339880.2
2026-05-27 14:00:00+00:00,0.1085,0.1092,0.1077,0.1086,1892300.2
2026-05-27 15:00:00+00:00,0.1086,0.1106,0.1085,0.1101,1658310.6
2026-05-27 16:00:00+00:00,0.1102,0.1111,0.1093,0.1101,1358496.2
2026-05-27 17:00:00+00:00,0.1101,0.1101,0.1079,0.1084,1739132.5
2026-05-27 18:00:00+00:00,0.1083,0.1097,0.1078,0.1095,1333233.0
2026-05-27 19:00:00+00:00,0.1095,0.1099,0.109,0.1093,2215556.5
2026-05-27 20:00:00+00:00,0.1093,0.1097,0.1088,0.1097,2160394.3
2026-05-27 21:00:00+00:00,0.1096,0.1099,0.1057,0.1067,4392433.3
2026-05-27 22:00:00+00:00,0.1067,0.1076,0.1063,0.1069,1530574.9
2026-05-27 23:00:00+00:00,0.1069,0.1075,0.1066,0.1072,1194761.4
2026-05-28 00:00:00+00:00,0.1072,0.1076,0.1068,0.1072,1051175.2
2026-05-28 01:00:00+00:00,0.1072,0.1072,0.105,0.1065,2325708.4
2026-05-28 02:00:00+00:00,0.1066,0.107,0.1063,0.1066,686355.7
2026-05-28 03:00:00+00:00,0.1065,0.1065,0.1032,0.1036,5745647.7
2026-05-28 04:00:00+00:00,0.1035,0.1035,0.1014,0.103,6089398.0
2026-05-28 05:00:00+00:00,0.1031,0.1032,0.1019,0.1024,2073493.8
2026-05-28 06:00:00+00:00,0.1023,0.1025,0.1012,0.102,3581772.9
2026-05-28 07:00:00+00:00,0.102,0.1032,0.1019,0.1032,1252022.9
2026-05-28 08:00:00+00:00,0.1032,0.1033,0.1024,0.1025,1049257.0
2026-05-28 09:00:00+00:00,0.1024,0.1031,0.1023,0.1029,1000671.2
2026-05-28 10:00:00+00:00,0.1028,0.1031,0.1021,0.1021,1442698.9
2026-05-28 11:00:00+00:00,0.1021,0.1025,0.1018,0.1022,1367790.2
2026-05-28 12:00:00+00:00,0.1022,0.1027,0.1013,0.1026,1645074.5
2026-05-28 13:00:00+00:00,0.1026,0.1028,0.1014,0.1018,2867993.0
2026-05-28 14:00:00+00:00,0.1018,0.1029,0.1005,0.1019,4341600.3
2026-05-28 15:00:00+00:00,0.1019,0.1025,0.1011,0.102,1053188.5
2026-05-28 16:00:00+00:00,0.102,0.1039,0.1011,0.1037,1750874.9
2026-05-28 17:00:00+00:00,0.1038,0.105,0.1035,0.1049,1466145.5
2026-05-28 18:00:00+00:00,0.1049,0.1061,0.1047,0.106,1144032.6
2026-05-28 19:00:00+00:00,0.1059,0.106,0.1047,0.1049,1323985.4
2026-05-28 20:00:00+00:00,0.1049,0.1058,0.104,0.1052,1529470.8
2026-05-28 21:00:00+00:00,0.1052,0.106,0.1048,0.1054,1164214.3
2026-05-28 22:00:00+00:00,0.1053,0.1055,0.1038,0.104,1027589.0
2026-05-28 23:00:00+00:00,0.1039,0.1047,0.1038,0.1044,569159.2
2026-05-29 00:00:00+00:00,0.1044,0.1049,0.1042,0.1044,3241905.2
2026-05-29 01:00:00+00:00,0.1045,0.105,0.1039,0.1045,3446205.7
2026-05-29 02:00:00+00:00,0.1046,0.105,0.1034,0.1036,3027119.4
2026-05-29 03:00:00+00:00,0.1037,0.1043,0.1036,0.1037,1204915.9
2026-05-29 04:00:00+00:00,0.1038,0.1043,0.103,0.1043,521776.6
2026-05-29 05:00:00+00:00,0.1044,0.1049,0.1041,0.1045,759649.0
2026-05-29 06:00:00+00:00,0.1046,0.1065,0.1045,0.1057,2847689.5
2026-05-29 07:00:00+00:00,0.1057,0.1062,0.1046,0.105,1121750.8
2026-05-29 08:00:00+00:00,0.105,0.1058,0.1049,0.1051,821582.1
2026-05-29 09:00:00+00:00,0.1051,0.1059,0.105,0.1056,811142.7
2026-05-29 10:00:00+00:00,0.1055,0.1055,0.1043,0.1046,821172.3
2026-05-29 11:00:00+00:00,0.1045,0.1046,0.1032,0.1038,918321.4
2026-05-29 12:00:00+00:00,0.1038,0.104,0.1026,0.1027,1945249.8
2026-05-29 13:00:00+00:00,0.1026,0.1029,0.102,0.1027,1463874.7
2026-05-29 14:00:00+00:00,0.1027,0.103,0.1005,0.1025,3818459.3
2026-05-29 15:00:00+00:00,0.1026,0.1066,0.1023,0.1053,7534912.3
2026-05-29 16:00:00+00:00,0.1053,0.1055,0.104,0.105,2612469.1
2026-05-29 17:00:00+00:00,0.105,0.1056,0.1045,0.105,2610910.9
2026-05-29 18:00:00+00:00,0.105,0.1055,0.1034,0.1037,2218779.8
2026-05-29 19:00:00+00:00,0.1038,0.104,0.1026,0.1035,3637674.7
2026-05-29 20:00:00+00:00,0.1036,0.104,0.1032,0.1033,1042502.4
2026-05-29 21:00:00+00:00,0.1034,0.104,0.1026,0.1027,1565665.2
2026-05-29 22:00:00+00:00,0.1027,0.1032,0.1024,0.103,860179.2
2026-05-29 23:00:00+00:00,0.103,0.1034,0.1027,0.1032,599767.0
2026-05-30 00:00:00+00:00,0.1032,0.1039,0.103,0.1038,2207291.4
2026-05-30 01:00:00+00:00,0.1037,0.1054,0.1037,0.1053,3432123.8
2026-05-30 02:00:00+00:00,0.1054,0.1066,0.1053,0.1066,1682000.2
2026-05-30 03:00:00+00:00,0.1066,0.107,0.1052,0.1055,1159440.2
2026-05-30 04:00:00+00:00,0.1055,0.1061,0.1034,0.1047,3051687.4
2026-05-30 05:00:00+00:00,0.1047,0.1055,0.1043,0.1052,2708048.2
2026-05-30 06:00:00+00:00,0.1052,0.1054,0.1047,0.105,1580848.0
2026-05-30 07:00:00+00:00,0.105,0.1051,0.1045,0.1048,466082.8
2026-05-30 08:00:00+00:00,0.1048,0.1049,0.1043,0.1044,948636.7
2026-05-30 09:00:00+00:00,0.1044,0.105,0.104,0.1048,1338498.6
2026-05-30 10:00:00+00:00,0.1047,0.1048,0.1045,0.1046,542131.9
2026-05-30 11:00:00+00:00,0.1046,0.1049,0.1041,0.1046,539164.6
2026-05-30 12:00:00+00:00,0.1047,0.1049,0.1043,0.1048,473822.1
2026-05-30 13:00:00+00:00,0.1049,0.1054,0.1044,0.1052,1092918.9
2026-05-30 14:00:00+00:00,0.1052,0.1059,0.1051,0.1053,1244511.4
2026-05-30 15:00:00+00:00,0.1054,0.1056,0.1047,0.1049,917636.9
2026-05-30 16:00:00+00:00,0.105,0.1057,0.1047,0.105,1306262.5
2026-05-30 17:00:00+00:00,0.105,0.1051,0.1042,0.1049,912515.5
2026-05-30 18:00:00+00:00,0.1048,0.1051,0.1046,0.105,759640.2
2026-05-30 19:00:00+00:00,0.1049,0.1052,0.1046,0.1048,910638.8
2026-05-30 20:00:00+00:00,0.1049,0.105,0.1046,0.1048,491583.1
2026-05-30 21:00:00+00:00,0.1048,0.1051,0.1046,0.1047,911450.7
2026-05-30 22:00:00+00:00,0.1047,0.1047,0.1033,0.1036,726931.7
2026-05-30 23:00:00+00:00,0.1037,0.1039,0.1029,0.1034,2325020.1
2026-05-31 00:00:00+00:00,0.1034,0.1041,0.1031,0.1041,1617410.0
2026-05-31 01:00:00+00:00,0.1041,0.1046,0.104,0.1042,462635.3
2026-05-31 02:00:00+00:00,0.1042,0.1049,0.1037,0.1044,989110.9
2026-05-31 03:00:00+00:00,0.1045,0.1048,0.1041,0.1046,477279.2
2026-05-31 04:00:00+00:00,0.1046,0.1052,0.1044,0.105,1390683.0
2026-05-31 05:00:00+00:00,0.105,0.1051,0.1045,0.1046,490787.2
2026-05-31 06:00:00+00:00,0.1045,0.1045,0.1037,0.1037,744676.4
2026-05-31 07:00:00+00:00,0.1036,0.1037,0.1024,0.103,2138993.6
2026-05-31 08:00:00+00:00,0.103,0.1034,0.1027,0.1029,702628.6
2026-05-31 09:00:00+00:00,0.1029,0.1036,0.1026,0.1029,1006579.4
2026-05-31 10:00:00+00:00,0.1029,0.103,0.102,0.1025,1553375.3
2026-05-31 11:00:00+00:00,0.1026,0.1031,0.1025,0.103,1558970.2
2026-05-31 12:00:00+00:00,0.103,0.1035,0.1026,0.1033,923360.2
2026-05-31 13:00:00+00:00,0.1033,0.1034,0.1025,0.1026,1014383.4
2026-05-31 14:00:00+00:00,0.1026,0.1026,0.1003,0.1013,6983378.1
2026-05-31 15:00:00+00:00,0.1013,0.1021,0.1011,0.1012,1727441.1
2026-05-31 16:00:00+00:00,0.1011,0.1012,0.1002,0.1007,2967574.4
2026-05-31 17:00:00+00:00,0.1007,0.1016,0.1004,0.1016,892345.0
2026-05-31 18:00:00+00:00,0.1015,0.1018,0.101,0.1012,856307.9
2026-05-31 19:00:00+00:00,0.1012,0.1014,0.1005,0.1012,1213989.2
2026-05-31 20:00:00+00:00,0.1012,0.1019,0.1012,0.1017,1203903.1
2026-05-31 21:00:00+00:00,0.1018,0.103,0.1016,0.1028,956908.6
2026-05-31 22:00:00+00:00,0.1028,0.1038,0.1023,0.1037,2073003.8
2026-05-31 23:00:00+00:00,0.1037,0.1044,0.1026,0.1037,1103210.7
2026-06-01 00:00:00+00:00,0.1037,0.1041,0.1033,0.1034,2042543.0
2026-06-01 01:00:00+00:00,0.1034,0.1034,0.1016,0.1019,2315668.1
2026-06-01 02:00:00+00:00,0.1018,0.1036,0.1015,0.1035,1009932.5
2026-06-01 03:00:00+00:00,0.1035,0.1043,0.1034,0.1036,2445445.3
2026-06-01 04:00:00+00:00,0.1036,0.1042,0.102,0.1029,1386299.0
2026-06-01 05:00:00+00:00,0.1029,0.103,0.1019,0.1024,797793.2
2026-06-01 06:00:00+00:00,0.1024,0.1025,0.1007,0.1016,2142606.0
2026-06-01 07:00:00+00:00,0.1016,0.1019,0.1005,0.1008,2055431.2
2026-06-01 08:00:00+00:00,0.1008,0.1011,0.1002,0.1007,1891844.6
2026-06-01 09:00:00+00:00,0.1009,0.1017,0.1009,0.1013,1162156.3
2026-06-01 10:00:00+00:00,0.1012,0.1014,0.1005,0.1012,1587349.7
2026-06-01 11:00:00+00:00,0.1012,0.1016,0.1005,0.1007,1324170.9
2026-06-01 12:00:00+00:00,0.1008,0.101,0.0998,0.1002,2868903.4
2026-06-01 13:00:00+00:00,0.1003,0.1004,0.0983,0.0992,7115778.7
2026-06-01 14:00:00+00:00,0.0993,0.0997,0.0988,0.0992,4272334.2
2026-06-01 15:00:00+00:00,0.0993,0.1003,0.0987,0.1,2381484.9
2026-06-01 16:00:00+00:00,0.1,0.1012,0.0991,0.1012,3118609.9
2026-06-01 17:00:00+00:00,0.1012,0.1028,0.1009,0.1025,4063437.0
2026-06-01 18:00:00+00:00,0.1024,0.1036,0.102,0.1029,2396967.9
2026-06-01 19:00:00+00:00,0.1028,0.1033,0.1019,0.1032,1784419.6
2026-06-01 20:00:00+00:00,0.1033,0.1038,0.1027,0.1028,1773460.3
2026-06-01 21:00:00+00:00,0.1028,0.1029,0.1013,0.1016,1712250.1
2026-06-01 22:00:00+00:00,0.1015,0.102,0.1008,0.1019,2317939.3
2026-06-01 23:00:00+00:00,0.1019,0.1024,0.1015,0.1023,1823297.7
2026-06-02 00:00:00+00:00,0.1023,0.1028,0.1016,0.1016,1464765.7
2026-06-02 01:00:00+00:00,0.1016,0.102,0.1,0.1,2160522.8
2026-06-02 02:00:00+00:00,0.1001,0.1009,0.099,0.1009,3910682.5
2026-06-02 03:00:00+00:00,0.1009,0.1015,0.1005,0.1014,1773079.1
2026-06-02 04:00:00+00:00,0.1014,0.1017,0.1005,0.1005,1473419.9
2026-06-02 05:00:00+00:00,0.1005,0.1009,0.0993,0.0994,1956464.3
2026-06-02 06:00:00+00:00,0.0993,0.0997,0.0983,0.0988,3813098.7
2026-06-02 07:00:00+00:00,0.0989,0.099,0.0976,0.0985,2318781.4
2026-06-02 08:00:00+00:00,0.0984,0.0987,0.098,0.0983,1779447.5
2026-06-02 09:00:00+00:00,0.0984,0.0984,0.0973,0.0975,2809988.0
2026-06-02 10:00:00+00:00,0.0975,0.0983,0.097,0.0983,2455119.3
2026-06-02 11:00:00+00:00,0.0983,0.0988,0.098,0.0982,2113274.0
2026-06-02 12:00:00+00:00,0.098,0.0987,0.0977,0.0984,1507708.9
2026-06-02 13:00:00+00:00,0.0983,0.0989,0.098,0.0982,2685934.1
2026-06-02 14:00:00+00:00,0.0983,0.0983,0.0936,0.0951,9490976.1
2026-06-02 15:00:00+00:00,0.0951,0.0957,0.0924,0.0942,12715574.9
2026-06-02 16:00:00+00:00,0.0941,0.0963,0.0937,0.0951,3778761.7
2026-06-02 17:00:00+00:00,0.0951,0.0969,0.095,0.096,3978878.6
2026-06-02 18:00:00+00:00,0.096,0.0967,0.0942,0.0947,2800766.0
2026-06-02 19:00:00+00:00,0.0947,0.0952,0.0928,0.0947,4076663.1
2026-06-02 20:00:00+00:00,0.0947,0.0954,0.0937,0.0945,2293402.3
2026-06-02 21:00:00+00:00,0.0945,0.0954,0.094,0.0945,1857100.6
2026-06-02 22:00:00+00:00,0.0945,0.0946,0.0914,0.092,9863129.4
2026-06-02 23:00:00+00:00,0.0921,0.093,0.0909,0.0929,4658316.8
2026-06-03 00:00:00+00:00,0.093,0.0936,0.0925,0.093,2561879.3
2026-06-03 01:00:00+00:00,0.0929,0.0932,0.0917,0.092,2812636.1
2026-06-03 02:00:00+00:00,0.092,0.0921,0.0912,0.0918,1909474.0
2026-06-03 03:00:00+00:00,0.0917,0.0919,0.0893,0.0898,6003498.6
2026-06-03 04:00:00+00:00,0.0898,0.092,0.0898,0.092,4293702.1
2026-06-03 05:00:00+00:00,0.0919,0.0942,0.0919,0.094,4245464.1
2026-06-03 06:00:00+00:00,0.094,0.096,0.0937,0.0951,5216322.8
2026-06-03 07:00:00+00:00,0.0949,0.0961,0.0946,0.0961,1863181.3
2026-06-03 08:00:00+00:00,0.0961,0.0961,0.0953,0.0956,2107713.1
2026-06-03 09:00:00+00:00,0.0955,0.0962,0.0947,0.0957,4846951.0
2026-06-03 10:00:00+00:00,0.0957,0.0976,0.0957,0.0973,4256218.8
2026-06-03 11:00:00+00:00,0.0973,0.0981,0.0961,0.0964,2687984.0
2026-06-03 12:00:00+00:00,0.0964,0.0965,0.0955,0.0965,2441785.4
2026-06-03 13:00:00+00:00,0.0965,0.097,0.0957,0.0964,3883281.4
2026-06-03 14:00:00+00:00,0.0964,0.0967,0.0955,0.0961,2772975.5
2026-06-03 15:00:00+00:00,0.0961,0.0962,0.0947,0.0948,2367360.6
2026-06-03 16:00:00+00:00,0.0949,0.095,0.0931,0.0943,4683653.1
2026-06-03 17:00:00+00:00,0.0943,0.0952,0.0931,0.0946,3060263.3
2026-06-03 18:00:00+00:00,0.0947,0.0951,0.0936,0.0949,1935385.4
2026-06-03 19:00:00+00:00,0.0949,0.0951,0.0931,0.0934,2987014.7
2026-06-03 20:00:00+00:00,0.0933,0.0949,0.0916,0.0922,9744436.0
2026-06-03 21:00:00+00:00,0.0922,0.0955,0.092,0.0951,3958355.0
2026-06-03 22:00:00+00:00,0.095,0.0955,0.0935,0.094,2726789.0
2026-06-03 23:00:00+00:00,0.094,0.0941,0.093,0.093,2575648.7
2026-06-04 00:00:00+00:00,0.0929,0.0941,0.0914,0.0921,3179741.3
2026-06-04 01:00:00+00:00,0.0922,0.0927,0.089,0.0894,7851522.0
2026-06-04 02:00:00+00:00,0.0894,0.0906,0.0853,0.0897,19622602.7
2026-06-04 03:00:00+00:00,0.0898,0.0925,0.0898,0.0923,3570343.4
2026-06-04 04:00:00+00:00,0.0923,0.0928,0.0912,0.0914,2590147.6
2026-06-04 05:00:00+00:00,0.0914,0.0914,0.0896,0.0905,3218870.2
2026-06-04 06:00:00+00:00,0.0905,0.0916,0.0903,0.0906,2223577.1
2026-06-04 07:00:00+00:00,0.0906,0.0907,0.0892,0.0893,4297962.5
2026-06-04 08:00:00+00:00,0.0892,0.0898,0.0883,0.0892,2622422.9
2026-06-04 09:00:00+00:00,0.0891,0.0891,0.0864,0.0876,5920801.2
2026-06-04 10:00:00+00:00,0.0877,0.0879,0.0862,0.0867,6714968.1
2026-06-04 11:00:00+00:00,0.0868,0.0884,0.0866,0.0884,5022352.9
2026-06-04 12:00:00+00:00,0.0883,0.0907,0.0876,0.0905,5597235.3
2026-06-04 13:00:00+00:00,0.0906,0.0914,0.089,0.0913,4653582.5
2026-06-04 14:00:00+00:00,0.0914,0.0915,0.0902,0.0906,2867841.9
2026-06-04 15:00:00+00:00,0.0906,0.092,0.0901,0.0916,3826977.3
2026-06-04 16:00:00+00:00,0.0916,0.0918,0.0904,0.091,3714707.5
2026-06-04 17:00:00+00:00,0.0909,0.0914,0.0893,0.0899,2830120.0
2026-06-04 18:00:00+00:00,0.09,0.0911,0.0892,0.0907,1915762.2
2026-06-04 19:00:00+00:00,0.0906,0.0911,0.09,0.0904,1793842.9
2026-06-04 20:00:00+00:00,0.0903,0.0903,0.0892,0.0898,1278805.2
2026-06-04 21:00:00+00:00,0.0897,0.0901,0.0875,0.0878,1937205.3
2026-06-04 22:00:00+00:00,0.0878,0.0889,0.0874,0.0888,3199344.6
2026-06-04 23:00:00+00:00,0.0888,0.0894,0.0881,0.0893,972695.6
2026-06-05 00:00:00+00:00,0.0893,0.0899,0.0885,0.0886,2826325.4
2026-06-05 01:00:00+00:00,0.0885,0.0894,0.0878,0.0892,1466171.3
2026-06-05 02:00:00+00:00,0.0892,0.0892,0.0862,0.0863,1965496.3
2026-06-05 03:00:00+00:00,0.0862,0.0872,0.0854,0.086,3417358.6
2026-06-05 04:00:00+00:00,0.086,0.0877,0.0855,0.0875,3718647.1
2026-06-05 05:00:00+00:00,0.0876,0.0877,0.0844,0.0846,4926523.5
2026-06-05 06:00:00+00:00,0.0847,0.0847,0.0802,0.0826,15437062.2
2026-06-05 07:00:00+00:00,0.0825,0.0844,0.0808,0.0841,11923055.2
2026-06-05 08:00:00+00:00,0.0841,0.0842,0.0827,0.0832,3342512.8
2026-06-05 09:00:00+00:00,0.0832,0.0852,0.0832,0.0847,3231319.8
2026-06-05 10:00:00+00:00,0.0848,0.0851,0.0837,0.084,1620288.6
2026-06-05 11:00:00+00:00,0.084,0.0842,0.0818,0.082,7351094.8
2026-06-05 12:00:00+00:00,0.082,0.0826,0.0805,0.0814,6884077.8
2026-06-05 13:00:00+00:00,0.0814,0.0844,0.081,0.0811,8194857.0
2026-06-05 14:00:00+00:00,0.081,0.0832,0.08,0.0824,7693430.5
2026-06-05 15:00:00+00:00,0.0824,0.0827,0.0803,0.0811,6794639.6
2026-06-05 16:00:00+00:00,0.081,0.0827,0.0791,0.0826,13055747.9
2026-06-05 17:00:00+00:00,0.0825,0.0827,0.0809,0.0813,5050747.4
2026-06-05 18:00:00+00:00,0.0813,0.082,0.078,0.0784,7679802.8
2026-06-05 19:00:00+00:00,0.0784,0.0805,0.0771,0.0799,8050260.3
2026-06-05 20:00:00+00:00,0.0799,0.0819,0.079,0.0818,5529907.8
2026-06-05 21:00:00+00:00,0.0818,0.0824,0.0817,0.0817,2299695.3
2026-06-05 22:00:00+00:00,0.0816,0.0817,0.0801,0.0812,2477898.1
2026-06-05 23:00:00+00:00,0.0812,0.0816,0.0791,0.0804,6494482.9
2026-06-06 00:00:00+00:00,0.0804,0.0812,0.0804,0.0808,2367205.8
2026-06-06 01:00:00+00:00,0.0809,0.0812,0.08,0.0802,1208942.7
2026-06-06 02:00:00+00:00,0.0802,0.0803,0.0795,0.0797,1253966.7
2026-06-06 03:00:00+00:00,0.0797,0.0797,0.0786,0.0789,2469411.7
2026-06-06 04:00:00+00:00,0.079,0.0792,0.0747,0.0752,12422893.9
2026-06-06 05:00:00+00:00,0.0752,0.0776,0.074,0.0776,7842803.2
2026-06-06 06:00:00+00:00,0.0776,0.0791,0.0776,0.0779,3053644.6
2026-06-06 07:00:00+00:00,0.0779,0.0791,0.0777,0.079,3528035.2
2026-06-06 08:00:00+00:00,0.0789,0.0803,0.0787,0.08,2683129.5
2026-06-06 09:00:00+00:00,0.0799,0.0808,0.0793,0.0795,2666498.0
2026-06-06 10:00:00+00:00,0.0795,0.0795,0.0778,0.079,4949458.2
2026-06-06 11:00:00+00:00,0.0789,0.0799,0.0786,0.0796,2115078.5
2026-06-06 12:00:00+00:00,0.0797,0.0803,0.0788,0.08,2972260.8
2026-06-06 13:00:00+00:00,0.0799,0.0807,0.0798,0.0803,1884284.5
2026-06-06 14:00:00+00:00,0.0802,0.0809,0.0802,0.0803,2467773.6
2026-06-06 15:00:00+00:00,0.0803,0.0804,0.0789,0.0795,4241125.0
2026-06-06 16:00:00+00:00,0.0794,0.0799,0.0788,0.0798,1612926.3
2026-06-06 17:00:00+00:00,0.0798,0.08,0.0786,0.0788,2162037.1
2026-06-06 18:00:00+00:00,0.0788,0.0797,0.0787,0.0793,1264254.1
2026-06-06 19:00:00+00:00,0.0792,0.0798,0.0787,0.0787,1511868.3
2026-06-06 20:00:00+00:00,0.0787,0.0791,0.0785,0.079,1355324.9
2026-06-06 21:00:00+00:00,0.0791,0.0797,0.079,0.0792,1374939.7
2026-06-06 22:00:00+00:00,0.0791,0.0795,0.0788,0.0792,1166227.3
2026-06-06 23:00:00+00:00,0.0792,0.0801,0.0791,0.0799,844035.5
2026-06-07 00:00:00+00:00,0.08,0.0806,0.0798,0.0801,3146632.0
2026-06-07 01:00:00+00:00,0.08,0.0824,0.08,0.0821,3666128.5
2026-06-07 02:00:00+00:00,0.082,0.0822,0.0814,0.082,1620153.6
2026-06-07 03:00:00+00:00,0.0819,0.0823,0.0816,0.0821,1460177.0
2026-06-07 04:00:00+00:00,0.0821,0.0822,0.081,0.0821,1750599.1
2026-06-07 05:00:00+00:00,0.0821,0.083,0.0817,0.0826,4833249.2
2026-06-07 06:00:00+00:00,0.0826,0.084,0.0823,0.0829,24677903.6
2026-06-07 07:00:00+00:00,0.083,0.0834,0.0819,0.0827,32147198.5
2026-06-07 08:00:00+00:00,0.0827,0.0836,0.0821,0.0836,3412673.3
2026-06-07 09:00:00+00:00,0.0836,0.084,0.0827,0.0828,3228062.0
2026-06-07 10:00:00+00:00,0.0828,0.0832,0.082,0.0821,16195305.7
2026-06-07 11:00:00+00:00,0.0822,0.083,0.082,0.0826,1644527.2
2026-06-07 12:00:00+00:00,0.0825,0.0826,0.0807,0.0814,3005186.5
2026-06-07 13:00:00+00:00,0.0813,0.0816,0.081,0.0814,924449.0
2026-06-07 14:00:00+00:00,0.0814,0.0828,0.0814,0.0821,2443766.0
2026-06-07 15:00:00+00:00,0.0822,0.0822,0.0815,0.0819,2305509.5
2026-06-07 16:00:00+00:00,0.0819,0.082,0.0815,0.0817,1099840.4
2026-06-07 17:00:00+00:00,0.0817,0.0823,0.0816,0.0819,1338705.7
2026-06-07 18:00:00+00:00,0.0819,0.0821,0.0811,0.0811,1018883.1
2026-06-07 19:00:00+00:00,0.0812,0.0812,0.0793,0.0798,5260207.5
2026-06-07 20:00:00+00:00,0.0797,0.0808,0.0796,0.0807,3022587.5
2026-06-07 21:00:00+00:00,0.0807,0.0808,0.0801,0.0805,1133207.6
2026-06-07 22:00:00+00:00,0.0806,0.0853,0.0805,0.0824,9635895.4
2026-06-07 23:00:00+00:00,0.0824,0.0832,0.0824,0.0831,2363342.5
2026-06-08 00:00:00+00:00,0.0831,0.0841,0.0826,0.0836,1914137.3
2026-06-08 01:00:00+00:00,0.0836,0.0837,0.0817,0.0825,2241651.1
2026-06-08 02:00:00+00:00,0.0825,0.0828,0.0821,0.0824,1383882.1
2026-06-08 03:00:00+00:00,0.0825,0.083,0.0821,0.0825,733302.3
2026-06-08 04:00:00+00:00,0.0826,0.0826,0.0812,0.0813,925217.0
2026-06-08 05:00:00+00:00,0.0813,0.0816,0.0809,0.0816,2056547.8
2026-06-08 06:00:00+00:00,0.0815,0.0822,0.0815,0.0819,1535632.3
2026-06-08 07:00:00+00:00,0.0819,0.0825,0.0815,0.0823,1556132.4
2026-06-08 08:00:00+00:00,0.0823,0.0823,0.0812,0.0815,1859182.4
2026-06-08 09:00:00+00:00,0.0815,0.0827,0.0814,0.0827,3194917.9
2026-06-08 10:00:00+00:00,0.0827,0.0832,0.0822,0.0829,2378255.1
2026-06-08 11:00:00+00:00,0.0829,0.0841,0.0827,0.0834,3344326.7
2026-06-08 12:00:00+00:00,0.0834,0.0843,0.0825,0.0841,2880295.2
2026-06-08 13:00:00+00:00,0.0841,0.0842,0.0832,0.0834,2432398.4
2026-06-08 14:00:00+00:00,0.0834,0.084,0.0832,0.0839,3280409.3
2026-06-08 15:00:00+00:00,0.0839,0.0846,0.0835,0.0835,1735046.5
2026-06-08 16:00:00+00:00,0.0835,0.0844,0.083,0.0831,2999560.5
2026-06-08 17:00:00+00:00,0.0832,0.0837,0.0827,0.0837,2452121.5
2026-06-08 18:00:00+00:00,0.0838,0.084,0.0831,0.0832,1190282.0
2026-06-08 19:00:00+00:00,0.0833,0.0837,0.0831,0.0833,1321147.0
2026-06-08 20:00:00+00:00,0.0833,0.0833,0.0825,0.0831,1526573.1
2026-06-08 21:00:00+00:00,0.0832,0.084,0.0831,0.0831,1165342.3
2026-06-08 22:00:00+00:00,0.0831,0.0831,0.0822,0.0826,1823097.0
2026-06-08 23:00:00+00:00,0.0825,0.0829,0.0818,0.0822,2143661.7
2026-06-09 00:00:00+00:00,0.0822,0.0822,0.0801,0.0803,3810009.5
2026-06-09 01:00:00+00:00,0.0803,0.0809,0.0801,0.0807,2314304.0
2026-06-09 02:00:00+00:00,0.0808,0.0809,0.0798,0.0803,2375213.1
2026-06-09 03:00:00+00:00,0.0804,0.0806,0.0797,0.0805,1965521.3
2026-06-09 04:00:00+00:00,0.0805,0.0822,0.0803,0.0817,3490255.9
2026-06-09 05:00:00+00:00,0.0817,0.0824,0.0815,0.0819,1209168.2
2026-06-09 06:00:00+00:00,0.082,0.0823,0.0816,0.0817,1938468.8
2026-06-09 07:00:00+00:00,0.0817,0.0822,0.0813,0.0817,1068417.1
2026-06-09 08:00:00+00:00,0.0818,0.0819,0.081,0.0811,1685256.9
2026-06-09 09:00:00+00:00,0.0811,0.0813,0.0804,0.0805,1752122.1
2026-06-09 10:00:00+00:00,0.0806,0.0809,0.0802,0.0807,1996218.6
2026-06-09 11:00:00+00:00,0.0808,0.0808,0.0801,0.0804,1172481.7
2026-06-09 12:00:00+00:00,0.0804,0.081,0.0803,0.0808,2840125.2
2026-06-09 13:00:00+00:00,0.0809,0.0817,0.0806,0.0811,2965075.2
2026-06-09 14:00:00+00:00,0.0811,0.0813,0.0789,0.0801,6399911.9
2026-06-09 15:00:00+00:00,0.0801,0.0806,0.079,0.0792,3499505.8
2026-06-09 16:00:00+00:00,0.0791,0.0795,0.0779,0.079,6628599.2
2026-06-09 17:00:00+00:00,0.079,0.0807,0.079,0.0803,3688714.3
2026-06-09 18:00:00+00:00,0.0803,0.0812,0.0801,0.0808,1534783.5
2026-06-09 19:00:00+00:00,0.0808,0.0813,0.0805,0.0811,2485308.6
2026-06-09 20:00:00+00:00,0.0811,0.0817,0.081,0.0814,1940230.1
2026-06-09 21:00:00+00:00,0.0815,0.0815,0.0803,0.0805,1214670.2
2026-06-09 22:00:00+00:00,0.0804,0.0811,0.0801,0.0803,1794473.7
2026-06-09 23:00:00+00:00,0.0803,0.0808,0.0802,0.0803,2967010.2
2026-06-10 00:00:00+00:00,0.0804,0.0814,0.0803,0.0812,7087397.8
2026-06-10 01:00:00+00:00,0.0813,0.0814,0.0803,0.0805,1273670.4
2026-06-10 02:00:00+00:00,0.0805,0.0807,0.0795,0.0798,1149209.4
2026-06-10 03:00:00+00:00,0.0798,0.0803,0.0797,0.0799,878006.6
2026-06-10 04:00:00+00:00,0.0799,0.0801,0.0792,0.0796,900734.7
2026-06-10 05:00:00+00:00,0.0796,0.0797,0.079,0.0793,962063.5
2026-06-10 06:00:00+00:00,0.0793,0.0798,0.0791,0.0795,1157873.4
2026-06-10 07:00:00+00:00,0.0794,0.0802,0.0794,0.08,2547748.0
2026-06-10 08:00:00+00:00,0.0799,0.0799,0.0782,0.0786,6987656.9
2026-06-10 09:00:00+00:00,0.0785,0.0791,0.078,0.0789,1463831.3
2026-06-10 10:00:00+00:00,0.079,0.0793,0.0784,0.079,1265282.9
2026-06-10 11:00:00+00:00,0.0791,0.0793,0.0779,0.0782,3488093.8
2026-06-10 12:00:00+00:00,0.0782,0.0801,0.0778,0.0796,5593339.2
2026-06-10 13:00:00+00:00,0.0796,0.0814,0.0794,0.0805,4755165.6
2026-06-10 14:00:00+00:00,0.0805,0.0808,0.0798,0.0803,2992301.7
2026-06-10 15:00:00+00:00,0.0803,0.0817,0.0796,0.081,6407336.1
2026-06-10 16:00:00+00:00,0.081,0.0811,0.0787,0.0794,4927611.8
2026-06-10 17:00:00+00:00,0.0795,0.0799,0.0785,0.0792,3573585.5
2026-06-10 18:00:00+00:00,0.0793,0.0795,0.0786,0.0792,2109424.5
2026-06-10 19:00:00+00:00,0.0793,0.0795,0.078,0.0784,2123931.5
2026-06-10 20:00:00+00:00,0.0783,0.0786,0.0762,0.0771,4244283.6
2026-06-10 21:00:00+00:00,0.0771,0.0771,0.0757,0.076,2767989.5
2026-06-10 22:00:00+00:00,0.0761,0.0771,0.0756,0.0765,4944616.6
2026-06-10 23:00:00+00:00,0.0766,0.0777,0.0762,0.0776,3757086.9
2026-06-11 00:00:00+00:00,0.0776,0.0781,0.0775,0.0778,2629573.3
2026-06-11 01:00:00+00:00,0.0777,0.0789,0.0777,0.0787,1693053.4
2026-06-11 02:00:00+00:00,0.0786,0.0787,0.0776,0.078,1790390.1
2026-06-11 03:00:00+00:00,0.078,0.0815,0.0779,0.0805,8804043.4
2026-06-11 04:00:00+00:00,0.0806,0.0813,0.0801,0.0807,2626159.8
2026-06-11 05:00:00+00:00,0.0807,0.0808,0.08,0.08,1507861.2
2026-06-11 06:00:00+00:00,0.0801,0.0808,0.08,0.0803,2618857.2
2026-06-11 07:00:00+00:00,0.0801,0.0806,0.08,0.0803,1480497.0
2026-06-11 08:00:00+00:00,0.0803,0.0812,0.0803,0.0807,2361811.8
2026-06-11 09:00:00+00:00,0.0808,0.0808,0.08,0.0804,1599093.7
2026-06-11 10:00:00+00:00,0.0805,0.0812,0.0803,0.081,4142919.6
2026-06-11 11:00:00+00:00,0.081,0.0819,0.0808,0.0814,2375028.8
2026-06-11 12:00:00+00:00,0.0815,0.0816,0.08,0.0808,4146857.5
2026-06-11 13:00:00+00:00,0.0807,0.0814,0.0804,0.0811,2030829.3
2026-06-11 14:00:00+00:00,0.081,0.0814,0.0805,0.0808,1500438.6
2026-06-11 15:00:00+00:00,0.0808,0.081,0.0802,0.0807,3859859.5
2026-06-11 16:00:00+00:00,0.0808,0.081,0.0801,0.0803,2117717.6
2026-06-11 17:00:00+00:00,0.0802,0.0827,0.0798,0.0825,6048246.1
2026-06-11 18:00:00+00:00,0.0825,0.0861,0.0825,0.083,29644430.0
2026-06-11 19:00:00+00:00,0.083,0.085,0.0828,0.0837,4130397.7
2026-06-11 20:00:00+00:00,0.0837,0.0838,0.0828,0.0838,1716594.4
2026-06-11 21:00:00+00:00,0.0838,0.0846,0.0837,0.0843,2407219.2
2026-06-11 22:00:00+00:00,0.0844,0.0846,0.0833,0.0833,1603865.6
2026-06-11 23:00:00+00:00,0.0833,0.0837,0.0829,0.0835,1605244.0
2026-06-12 00:00:00+00:00,0.0836,0.0839,0.0832,0.0833,1657269.2
2026-06-12 01:00:00+00:00,0.0833,0.0833,0.0825,0.083,1141357.9
2026-06-12 02:00:00+00:00,0.0831,0.0836,0.0829,0.0834,779075.5
2026-06-12 03:00:00+00:00,0.0834,0.0838,0.0833,0.0835,2180136.2
2026-06-12 04:00:00+00:00,0.0836,0.0841,0.0833,0.0838,1019782.6
2026-06-12 05:00:00+00:00,0.0838,0.0839,0.0828,0.083,2109798.5
2026-06-12 06:00:00+00:00,0.0829,0.083,0.0819,0.082,2233352.3
2026-06-12 07:00:00+00:00,0.082,0.0827,0.082,0.0826,1657786.5
2026-06-12 08:00:00+00:00,0.0827,0.0838,0.0826,0.0837,2020257.7
2026-06-12 09:00:00+00:00,0.0837,0.085,0.0835,0.0845,3845846.3
2026-06-12 10:00:00+00:00,0.0844,0.0852,0.084,0.084,3778118.4
2026-06-12 11:00:00+00:00,0.084,0.0847,0.084,0.0844,1527115.6
2026-06-12 12:00:00+00:00,0.0843,0.085,0.0839,0.0841,2866193.4
2026-06-12 13:00:00+00:00,0.0842,0.0843,0.082,0.083,5310182.1
2026-06-12 14:00:00+00:00,0.0829,0.0855,0.0829,0.0854,5292868.5
2026-06-12 15:00:00+00:00,0.0853,0.0855,0.0833,0.0835,4145684.0
2026-06-12 16:00:00+00:00,0.0834,0.0844,0.0831,0.0843,2728582.5
2026-06-12 17:00:00+00:00,0.0844,0.0847,0.084,0.084,2506246.2
2026-06-12 18:00:00+00:00,0.084,0.0843,0.0835,0.0837,1037464.9
2026-06-12 19:00:00+00:00,0.0837,0.0845,0.0837,0.0839,1221063.1
2026-06-12 20:00:00+00:00,0.0839,0.0843,0.0835,0.0836,2021848.1
2026-06-12 21:00:00+00:00,0.0837,0.0844,0.0835,0.0838,1504566.9
2026-06-12 22:00:00+00:00,0.0838,0.084,0.0836,0.0839,718976.5
2026-06-12 23:00:00+00:00,0.0838,0.0839,0.0832,0.0839,909540.5
2026-06-13 00:00:00+00:00,0.0839,0.0844,0.0838,0.0843,1146958.9
2026-06-13 01:00:00+00:00,0.0842,0.0851,0.0841,0.0848,2610822.5
2026-06-13 02:00:00+00:00,0.0848,0.0848,0.0841,0.0845,809540.0
2026-06-13 03:00:00+00:00,0.0845,0.0847,0.0839,0.0842,1024532.3
2026-06-13 04:00:00+00:00,0.0842,0.0846,0.0839,0.084,1149276.9
2026-06-13 05:00:00+00:00,0.084,0.0844,0.0838,0.0841,806248.0
2026-06-13 06:00:00+00:00,0.0842,0.0854,0.0839,0.0851,2450563.7
2026-06-13 07:00:00+00:00,0.0851,0.086,0.0846,0.0857,3404731.1
2026-06-13 08:00:00+00:00,0.0857,0.0863,0.0855,0.0857,1429255.3
2026-06-13 09:00:00+00:00,0.0857,0.0861,0.0854,0.0855,967983.7
2026-06-13 10:00:00+00:00,0.0856,0.0861,0.0855,0.0857,845110.3
2026-06-13 11:00:00+00:00,0.0857,0.0865,0.0857,0.0864,883728.5
2026-06-13 12:00:00+00:00,0.0864,0.0868,0.0859,0.0862,1902580.5
2026-06-13 13:00:00+00:00,0.0862,0.0868,0.086,0.0862,1736996.9
2026-06-13 14:00:00+00:00,0.0862,0.0866,0.0859,0.0865,1632920.0
2026-06-13 15:00:00+00:00,0.0865,0.087,0.0862,0.0863,2484002.8
2026-06-13 16:00:00+00:00,0.0864,0.0864,0.0854,0.0858,2242818.9
2026-06-13 17:00:00+00:00,0.0858,0.0864,0.0856,0.0858,2506899.4
2026-06-13 18:00:00+00:00,0.0858,0.086,0.0852,0.0855,1600018.2
2026-06-13 19:00:00+00:00,0.0855,0.0859,0.0853,0.0855,1286014.4
2026-06-13 20:00:00+00:00,0.0856,0.0856,0.0852,0.0854,1383149.9
2026-06-13 21:00:00+00:00,0.0854,0.0863,0.0853,0.086,783766.1
2026-06-13 22:00:00+00:00,0.086,0.0861,0.0853,0.0853,679847.7
2026-06-13 23:00:00+00:00,0.0854,0.0856,0.0851,0.0852,1059750.8
2026-06-14 00:00:00+00:00,0.0853,0.0853,0.084,0.0845,2761454.4
2026-06-14 01:00:00+00:00,0.0845,0.0848,0.0841,0.0844,1546683.4
2026-06-14 02:00:00+00:00,0.0844,0.0848,0.0841,0.0842,1001098.5
2026-06-14 03:00:00+00:00,0.0841,0.0844,0.084,0.0843,478785.3
2026-06-14 04:00:00+00:00,0.0843,0.0843,0.0834,0.0836,1255438.2
2026-06-14 05:00:00+00:00,0.0836,0.084,0.0833,0.0838,1429813.2
2026-06-14 06:00:00+00:00,0.0838,0.0843,0.0835,0.0837,816262.2
2026-06-14 07:00:00+00:00,0.0836,0.0837,0.0833,0.0835,571863.9
2026-06-14 08:00:00+00:00,0.0836,0.0839,0.0833,0.0834,1182659.1
2026-06-14 09:00:00+00:00,0.0834,0.0837,0.0829,0.0835,1546666.0
2026-06-14 10:00:00+00:00,0.0835,0.0837,0.0832,0.0832,640164.2
2026-06-14 11:00:00+00:00,0.0832,0.0836,0.083,0.0834,1347443.6
2026-06-14 12:00:00+00:00,0.0834,0.0836,0.0828,0.0828,1821118.8
2026-06-14 13:00:00+00:00,0.0829,0.0834,0.0827,0.0831,1612219.2
2026-06-14 14:00:00+00:00,0.083,0.0831,0.0818,0.0824,2438459.6
2026-06-14 15:00:00+00:00,0.0825,0.0826,0.0823,0.0823,738112.2
2026-06-14 16:00:00+00:00,0.0823,0.0824,0.0819,0.082,1751092.4
2026-06-14 17:00:00+00:00,0.0819,0.0824,0.0817,0.0817,779260.9
2026-06-14 18:00:00+00:00,0.0818,0.0821,0.0817,0.0821,857252.5
2026-06-14 19:00:00+00:00,0.082,0.0835,0.082,0.0824,3232463.5
2026-06-14 20:00:00+00:00,0.0825,0.083,0.0823,0.0826,1039218.6
2026-06-14 21:00:00+00:00,0.0826,0.0861,0.0826,0.0854,3183186.9
2026-06-14 22:00:00+00:00,0.0855,0.0859,0.0849,0.0851,4161589.9
2026-06-14 23:00:00+00:00,0.0851,0.0859,0.0847,0.0858,1660935.2
2026-06-15 00:00:00+00:00,0.0858,0.0863,0.0852,0.0855,2944647.8
2026-06-15 01:00:00+00:00,0.0855,0.0856,0.0849,0.0852,1920833.0
2026-06-15 02:00:00+00:00,0.0851,0.0859,0.0851,0.0855,1228067.9
2026-06-15 03:00:00+00:00,0.0855,0.0864,0.0854,0.0861,815505.4
2026-06-15 04:00:00+00:00,0.086,0.0863,0.0855,0.0857,1018466.1
2026-06-15 05:00:00+00:00,0.0858,0.0869,0.0857,0.0869,1670551.2
2026-06-15 06:00:00+00:00,0.0868,0.0873,0.0863,0.0867,4732886.1
2026-06-15 07:00:00+00:00,0.0867,0.0872,0.0863,0.0863,1312259.4
2026-06-15 08:00:00+00:00,0.0864,0.0872,0.0863,0.0866,2724835.3
2026-06-15 09:00:00+00:00,0.0866,0.087,0.0863,0.0867,1270097.0
2026-06-15 10:00:00+00:00,0.0867,0.0877,0.0865,0.0875,3478297.9
2026-06-15 11:00:00+00:00,0.0875,0.0885,0.0871,0.0881,4013702.7
2026-06-15 12:00:00+00:00,0.0881,0.0886,0.0877,0.0884,2537482.6
2026-06-15 13:00:00+00:00,0.0884,0.0898,0.0883,0.0896,4711039.0
2026-06-15 14:00:00+00:00,0.0896,0.0897,0.0889,0.0891,2502215.2
2026-06-15 15:00:00+00:00,0.0891,0.0897,0.0879,0.0896,6942218.4
2026-06-15 16:00:00+00:00,0.0896,0.0899,0.0892,0.0892,2803559.2
2026-06-15 17:00:00+00:00,0.0892,0.0894,0.0885,0.0891,3969383.2
2026-06-15 18:00:00+00:00,0.0889,0.0892,0.0883,0.0883,1461406.3
2026-06-15 19:00:00+00:00,0.0882,0.0887,0.0869,0.0873,3337391.7
2026-06-15 20:00:00+00:00,0.0873,0.0875,0.0868,0.0868,1097786.7
2026-06-15 21:00:00+00:00,0.087,0.0873,0.0867,0.0869,714072.8
2026-06-15 22:00:00+00:00,0.0869,0.0873,0.0854,0.0857,2477166.1
2026-06-15 23:00:00+00:00,0.0858,0.0864,0.0855,0.0863,965110.4
2026-06-16 00:00:00+00:00,0.0863,0.0868,0.086,0.0863,1187361.5
2026-06-16 01:00:00+00:00,0.0861,0.0866,0.0861,0.0861,1340590.7
2026-06-16 02:00:00+00:00,0.0861,0.0863,0.0848,0.0852,2373244.5
2026-06-16 03:00:00+00:00,0.0853,0.0863,0.0851,0.0863,938466.6
2026-06-16 04:00:00+00:00,0.0862,0.0865,0.0852,0.0855,1240129.0
2026-06-16 05:00:00+00:00,0.0854,0.0861,0.0854,0.0859,1334115.7
2026-06-16 06:00:00+00:00,0.0859,0.0865,0.0858,0.0863,716137.1
2026-06-16 07:00:00+00:00,0.0863,0.0867,0.0859,0.0863,766078.0
2026-06-16 08:00:00+00:00,0.0864,0.0879,0.0863,0.0877,2218229.4
2026-06-16 09:00:00+00:00,0.0876,0.0881,0.0866,0.0867,1558313.3
2026-06-16 10:00:00+00:00,0.0867,0.0871,0.0865,0.0866,651207.9
2026-06-16 11:00:00+00:00,0.0866,0.0869,0.0861,0.0867,2168867.4
2026-06-16 12:00:00+00:00,0.0867,0.0877,0.0865,0.0871,1550279.5
2026-06-16 13:00:00+00:00,0.0872,0.0873,0.0856,0.0857,1877618.3
2026-06-16 14:00:00+00:00,0.0857,0.0861,0.0836,0.0841,3902488.0
2026-06-16 15:00:00+00:00,0.0841,0.085,0.084,0.0848,1136154.8
2026-06-16 16:00:00+00:00,0.0848,0.0849,0.0843,0.0845,1441624.5
2026-06-16 17:00:00+00:00,0.0846,0.0855,0.0844,0.0855,441054.8
2026-06-16 18:00:00+00:00,0.0855,0.0866,0.0855,0.086,2433267.4
2026-06-16 19:00:00+00:00,0.0858,0.0858,0.085,0.0854,1394231.2
2026-06-16 20:00:00+00:00,0.0854,0.0865,0.0852,0.0862,708382.4
2026-06-16 21:00:00+00:00,0.0863,0.0863,0.0856,0.0858,760488.1
2026-06-16 22:00:00+00:00,0.0858,0.0862,0.0856,0.0859,566794.0
2026-06-16 23:00:00+00:00,0.0859,0.086,0.0855,0.0856,357655.1
2026-06-17 00:00:00+00:00,0.0857,0.0865,0.0856,0.0862,521617.5
2026-06-17 01:00:00+00:00,0.0863,0.0885,0.0859,0.0883,1846203.9
2026-06-17 02:00:00+00:00,0.0884,0.0899,0.0883,0.0891,2239360.1
2026-06-17 03:00:00+00:00,0.0892,0.0892,0.0877,0.0888,1883573.3
2026-06-17 04:00:00+00:00,0.0888,0.0892,0.0883,0.0884,1415553.3
2026-06-17 05:00:00+00:00,0.0885,0.0889,0.0879,0.088,1313372.5
2026-06-17 06:00:00+00:00,0.0881,0.0884,0.0875,0.0875,895941.0
2026-06-17 07:00:00+00:00,0.0876,0.0884,0.0872,0.0878,2149012.1
2026-06-17 08:00:00+00:00,0.0878,0.0879,0.0862,0.0865,1555318.0
2026-06-17 09:00:00+00:00,0.0865,0.0868,0.0862,0.0865,1883542.0
2026-06-17 10:00:00+00:00,0.0866,0.0868,0.086,0.0861,1143625.5
2026-06-17 11:00:00+00:00,0.0861,0.0863,0.0855,0.0858,1557350.8
2026-06-17 12:00:00+00:00,0.0858,0.0865,0.0852,0.0864,2451827.2
2026-06-17 13:00:00+00:00,0.0864,0.0869,0.086,0.0861,1650482.0
2026-06-17 14:00:00+00:00,0.0861,0.0867,0.0854,0.0861,2948470.0
2026-06-17 15:00:00+00:00,0.0862,0.0884,0.0859,0.0884,2215593.8
2026-06-17 16:00:00+00:00,0.0884,0.0891,0.0877,0.0878,2703161.1
2026-06-17 17:00:00+00:00,0.0878,0.0884,0.0873,0.0883,1589025.5
2026-06-17 18:00:00+00:00,0.0883,0.0883,0.0853,0.0874,5113789.1
2026-06-17 19:00:00+00:00,0.0873,0.0876,0.0842,0.0847,4843738.6
2026-06-17 20:00:00+00:00,0.0847,0.0861,0.0844,0.0859,2750447.5
2026-06-17 21:00:00+00:00,0.0859,0.0859,0.0847,0.0853,1372148.2
2026-06-17 22:00:00+00:00,0.0853,0.0858,0.084,0.0855,1705398.8
2026-06-17 23:00:00+00:00,0.0856,0.0861,0.0855,0.0857,922187.6
2026-06-18 00:00:00+00:00,0.0858,0.0868,0.0857,0.0863,2363785.1
2026-06-18 01:00:00+00:00,0.0863,0.0877,0.0863,0.0872,1304325.4
2026-06-18 02:00:00+00:00,0.0873,0.0878,0.0868,0.0873,998895.9
2026-06-18 03:00:00+00:00,0.0872,0.0872,0.0856,0.0857,1003082.4
2026-06-18 04:00:00+00:00,0.0857,0.0859,0.0842,0.0843,2400984.8
2026-06-18 05:00:00+00:00,0.0843,0.0844,0.0836,0.0843,1556521.5
2026-06-18 06:00:00+00:00,0.0842,0.0846,0.0839,0.0845,1328817.7
2026-06-18 07:00:00+00:00,0.0844,0.0853,0.084,0.0851,1261172.4
2026-06-18 08:00:00+00:00,0.0851,0.0856,0.0848,0.0852,894215.3
2026-06-18 09:00:00+00:00,0.0851,0.086,0.085,0.0855,1295092.3
2026-06-18 10:00:00+00:00,0.0855,0.0855,0.0845,0.0847,2328918.1
2026-06-18 11:00:00+00:00,0.0847,0.085,0.084,0.0843,1254788.9
2026-06-18 12:00:00+00:00,0.0843,0.0853,0.0842,0.0853,2351164.1
2026-06-18 13:00:00+00:00,0.0853,0.0856,0.0838,0.0845,1778999.7
2026-06-18 14:00:00+00:00,0.0846,0.0857,0.0842,0.0853,2742163.0
2026-06-18 15:00:00+00:00,0.0853,0.0853,0.0812,0.0816,7216260.0
2026-06-18 16:00:00+00:00,0.0815,0.0827,0.0814,0.0825,3467437.1
2026-06-18 17:00:00+00:00,0.0826,0.0826,0.0815,0.0821,2306636.5
2026-06-18 18:00:00+00:00,0.0821,0.0828,0.0819,0.0825,2079145.3
2026-06-18 19:00:00+00:00,0.0825,0.0837,0.0822,0.0836,1087673.6
2026-06-18 20:00:00+00:00,0.0836,0.0851,0.0836,0.0848,1927895.1
2026-06-18 21:00:00+00:00,0.0849,0.0849,0.0841,0.0846,1070380.4
2026-06-18 22:00:00+00:00,0.0845,0.0849,0.0842,0.0847,647918.2
2026-06-18 23:00:00+00:00,0.0847,0.0855,0.0844,0.0853,791965.4
2026-06-19 00:00:00+00:00,0.0854,0.0858,0.0851,0.0858,1702664.3
2026-06-19 01:00:00+00:00,0.0858,0.0862,0.0853,0.0862,1053202.9
2026-06-19 02:00:00+00:00,0.0862,0.0866,0.0856,0.0865,1077773.7
2026-06-19 03:00:00+00:00,0.0865,0.0867,0.0841,0.0848,3275132.9
2026-06-19 04:00:00+00:00,0.0848,0.085,0.0828,0.0831,2478166.5
2026-06-19 05:00:00+00:00,0.0831,0.0837,0.0831,0.0834,951205.2
2026-06-19 06:00:00+00:00,0.0834,0.0837,0.083,0.0836,1370561.4
2026-06-19 07:00:00+00:00,0.0835,0.0835,0.0823,0.083,2533991.8
2026-06-19 08:00:00+00:00,0.083,0.084,0.0829,0.0835,1013416.0
2026-06-19 09:00:00+00:00,0.0835,0.0837,0.0825,0.0827,1435975.8
2026-06-19 10:00:00+00:00,0.0827,0.0827,0.0821,0.0825,984363.8
2026-06-19 11:00:00+00:00,0.0825,0.0828,0.0822,0.0825,624478.1
2026-06-19 12:00:00+00:00,0.0826,0.0837,0.0823,0.0837,1575252.6
2026-06-19 13:00:00+00:00,0.0838,0.0851,0.0832,0.085,1941247.6
2026-06-19 14:00:00+00:00,0.0849,0.0854,0.0843,0.0844,1653347.5
2026-06-19 15:00:00+00:00,0.0845,0.0849,0.0841,0.0845,649655.9
2026-06-19 16:00:00+00:00,0.0846,0.0851,0.0839,0.084,1129489.5
2026-06-19 17:00:00+00:00,0.084,0.085,0.0839,0.0847,620494.9
2026-06-19 18:00:00+00:00,0.0847,0.0847,0.0836,0.0838,912150.3
2026-06-19 19:00:00+00:00,0.0838,0.0838,0.0829,0.0831,802344.6
2026-06-19 20:00:00+00:00,0.0831,0.0838,0.0828,0.0838,840863.8
2026-06-19 21:00:00+00:00,0.0837,0.0839,0.0829,0.0831,966398.5
2026-06-19 22:00:00+00:00,0.0831,0.0837,0.0829,0.0835,431757.2
2026-06-19 23:00:00+00:00,0.0835,0.084,0.0832,0.0839,991400.3
2026-06-20 00:00:00+00:00,0.0839,0.0847,0.0837,0.0837,809706.8
2026-06-20 01:00:00+00:00,0.0837,0.0839,0.0834,0.0834,1051658.8
2026-06-20 02:00:00+00:00,0.0835,0.0836,0.0828,0.0828,1113267.5
2026-06-20 03:00:00+00:00,0.0828,0.0832,0.0827,0.0831,646944.4
2026-06-20 04:00:00+00:00,0.0831,0.0836,0.0829,0.0835,714201.8
2026-06-20 05:00:00+00:00,0.0836,0.0848,0.0833,0.0841,1988174.3
2026-06-20 06:00:00+00:00,0.0841,0.0845,0.084,0.0844,550780.1
2026-06-20 07:00:00+00:00,0.0844,0.0847,0.0839,0.0842,1242292.8
2026-06-20 08:00:00+00:00,0.0843,0.0846,0.0839,0.0841,1406758.7
2026-06-20 09:00:00+00:00,0.0841,0.0846,0.0841,0.0844,731802.5
2026-06-20 10:00:00+00:00,0.0844,0.0847,0.0839,0.0841,562099.7
2026-06-20 11:00:00+00:00,0.0841,0.0844,0.0837,0.0837,1123270.6
2026-06-20 12:00:00+00:00,0.0838,0.0841,0.0832,0.0834,880479.9
2026-06-20 13:00:00+00:00,0.0834,0.0834,0.0824,0.0828,2608999.1
2026-06-20 14:00:00+00:00,0.0827,0.0841,0.0818,0.0834,2336052.9
2026-06-20 15:00:00+00:00,0.0834,0.0845,0.0832,0.084,2990429.9
2026-06-20 16:00:00+00:00,0.084,0.084,0.0831,0.0835,432417.1
2026-06-20 17:00:00+00:00,0.0835,0.0835,0.0825,0.0829,760163.8
2026-06-20 18:00:00+00:00,0.083,0.0833,0.0828,0.083,436605.4
2026-06-20 19:00:00+00:00,0.083,0.0833,0.0829,0.0832,429440.5
2026-06-20 20:00:00+00:00,0.0832,0.0833,0.0829,0.0832,437240.4
2026-06-20 21:00:00+00:00,0.0833,0.0837,0.0832,0.0835,573686.0
2026-06-20 22:00:00+00:00,0.0835,0.0849,0.0833,0.0847,1618601.3
2026-06-20 23:00:00+00:00,0.0847,0.0851,0.0845,0.0846,748558.5
2026-06-21 00:00:00+00:00,0.0846,0.0846,0.084,0.0843,462550.2
2026-06-21 01:00:00+00:00,0.0844,0.0845,0.084,0.0842,176320.1
2026-06-21 02:00:00+00:00,0.0841,0.0841,0.0837,0.084,680584.7
2026-06-21 03:00:00+00:00,0.0839,0.0843,0.0837,0.0838,645402.2
2026-06-21 04:00:00+00:00,0.0838,0.0839,0.0832,0.0832,1237423.9
2026-06-21 05:00:00+00:00,0.0832,0.0834,0.0829,0.0831,682357.6
2026-06-21 06:00:00+00:00,0.0831,0.0836,0.083,0.0834,391137.2
2026-06-21 07:00:00+00:00,0.0834,0.0839,0.0832,0.0835,1012832.7
2026-06-21 08:00:00+00:00,0.0836,0.0837,0.0828,0.0835,1322140.3
2026-06-21 09:00:00+00:00,0.0836,0.0845,0.0833,0.0845,1313282.5
2026-06-21 10:00:00+00:00,0.0845,0.0848,0.0841,0.0841,665719.4
2026-06-21 11:00:00+00:00,0.0841,0.0844,0.0834,0.0837,842521.0
2026-06-21 12:00:00+00:00,0.0837,0.0839,0.0833,0.0839,909639.0
2026-06-21 13:00:00+00:00,0.0838,0.0842,0.0836,0.0841,970416.4
2026-06-21 14:00:00+00:00,0.0842,0.0844,0.0836,0.0841,818428.7
2026-06-21 15:00:00+00:00,0.0841,0.0847,0.0839,0.0844,744989.3
2026-06-21 16:00:00+00:00,0.0844,0.0845,0.0835,0.084,1079394.7
2026-06-21 17:00:00+00:00,0.0841,0.0844,0.0836,0.0837,1125656.3
2026-06-21 18:00:00+00:00,0.0837,0.0841,0.0832,0.0838,538986.5
2026-06-21 19:00:00+00:00,0.0838,0.0841,0.0836,0.0836,223111.9
2026-06-21 20:00:00+00:00,0.0836,0.0838,0.0828,0.0829,1687047.2
2026-06-21 21:00:00+00:00,0.083,0.083,0.0816,0.0823,2337389.1
2026-06-21 22:00:00+00:00,0.0823,0.0827,0.082,0.0823,1180077.6
2026-06-21 23:00:00+00:00,0.0823,0.0825,0.0817,0.0819,2000559.4
2026-06-22 00:00:00+00:00,0.0819,0.0834,0.0819,0.0833,1500397.5
2026-06-22 01:00:00+00:00,0.0833,0.0852,0.0831,0.0847,2529637.2
2026-06-22 02:00:00+00:00,0.0847,0.0848,0.0839,0.0839,725006.5
2026-06-22 03:00:00+00:00,0.0839,0.084,0.083,0.0832,692604.0
2026-06-22 04:00:00+00:00,0.0831,0.0837,0.0829,0.0835,1377874.8
2026-06-22 05:00:00+00:00,0.0836,0.0841,0.0835,0.0839,1189956.3
2026-06-22 06:00:00+00:00,0.084,0.0843,0.0837,0.0842,1363692.7
2026-06-22 07:00:00+00:00,0.0841,0.0853,0.0841,0.085,2072749.3
2026-06-22 08:00:00+00:00,0.0851,0.0855,0.0848,0.0852,941689.1
2026-06-22 09:00:00+00:00,0.0852,0.0856,0.0851,0.0854,1516535.1
2026-06-22 10:00:00+00:00,0.0853,0.0857,0.0848,0.0852,1013991.8
2026-06-22 11:00:00+00:00,0.0852,0.0865,0.085,0.0861,2375759.2
2026-06-22 12:00:00+00:00,0.0862,0.0865,0.0858,0.0862,2789193.2
2026-06-22 13:00:00+00:00,0.0861,0.087,0.0858,0.0868,2706589.9
2026-06-22 14:00:00+00:00,0.0868,0.0868,0.0849,0.0856,1613396.1
2026-06-22 15:00:00+00:00,0.0856,0.0859,0.0845,0.0847,2968674.1
2026-06-22 16:00:00+00:00,0.0847,0.0852,0.0843,0.0851,2064742.9
2026-06-22 17:00:00+00:00,0.085,0.085,0.0841,0.0848,1180162.4
2026-06-22 18:00:00+00:00,0.0848,0.0851,0.0838,0.0839,1414390.2
2026-06-22 19:00:00+00:00,0.0839,0.084,0.0834,0.0837,1744523.4
2026-06-22 20:00:00+00:00,0.0837,0.0842,0.0837,0.084,775726.0
2026-06-22 21:00:00+00:00,0.084,0.084,0.0832,0.0836,623648.7
2026-06-22 22:00:00+00:00,0.0836,0.0838,0.0824,0.083,1844581.5
2026-06-22 23:00:00+00:00,0.0829,0.0833,0.0828,0.0832,545433.1
2026-06-23 00:00:00+00:00,0.0832,0.0832,0.0826,0.0832,1031167.2
2026-06-23 01:00:00+00:00,0.0832,0.0834,0.0824,0.083,1050809.2
2026-06-23 02:00:00+00:00,0.083,0.083,0.0826,0.0829,771941.5
2026-06-23 03:00:00+00:00,0.0828,0.0829,0.0823,0.0828,1432260.0
2026-06-23 04:00:00+00:00,0.0828,0.0829,0.082,0.082,1186294.9
2026-06-23 05:00:00+00:00,0.0821,0.0822,0.0814,0.0817,1456857.0
2026-06-23 06:00:00+00:00,0.0817,0.0817,0.0791,0.0798,5994310.0
2026-06-23 07:00:00+00:00,0.0799,0.0802,0.0795,0.0796,2356507.4
2026-06-23 08:00:00+00:00,0.0796,0.0796,0.0767,0.0774,9757886.2
2026-06-23 09:00:00+00:00,0.0775,0.0781,0.0772,0.0778,3429269.5
2026-06-23 10:00:00+00:00,0.0778,0.0782,0.0775,0.0778,2450729.6
2026-06-23 11:00:00+00:00,0.0778,0.0791,0.0777,0.0791,2529763.1
2026-06-23 12:00:00+00:00,0.079,0.0792,0.0786,0.0787,1988534.6
2026-06-23 13:00:00+00:00,0.0788,0.08,0.0784,0.0798,1526136.1
2026-06-23 14:00:00+00:00,0.0798,0.0806,0.0791,0.0792,2123266.0
2026-06-23 15:00:00+00:00,0.0792,0.0792,0.0781,0.0786,1762081.7
2026-06-23 16:00:00+00:00,0.0786,0.0792,0.0783,0.0785,2202813.2
2026-06-23 17:00:00+00:00,0.0784,0.079,0.0781,0.0782,1189249.0
2026-06-23 18:00:00+00:00,0.0782,0.0787,0.0779,0.0783,1461137.6
2026-06-23 19:00:00+00:00,0.0783,0.0787,0.0782,0.0786,816362.8
2026-06-23 20:00:00+00:00,0.0786,0.0792,0.0786,0.079,1267181.4
2026-06-23 21:00:00+00:00,0.079,0.0793,0.0789,0.0791,766280.4
2026-06-23 22:00:00+00:00,0.079,0.0795,0.0789,0.0791,467554.3
2026-06-23 23:00:00+00:00,0.0791,0.0793,0.0788,0.0791,603535.4
2026-06-24 00:00:00+00:00,0.0791,0.0794,0.079,0.0791,757858.6
2026-06-24 01:00:00+00:00,0.0791,0.0794,0.0786,0.0787,985053.6
2026-06-24 02:00:00+00:00,0.0788,0.0788,0.0781,0.0782,1376021.9
2026-06-24 03:00:00+00:00,0.0782,0.0784,0.0777,0.0781,1087330.3
2026-06-24 04:00:00+00:00,0.0781,0.0785,0.0774,0.0783,745098.5
2026-06-24 05:00:00+00:00,0.0783,0.0789,0.0783,0.0787,647140.2
2026-06-24 06:00:00+00:00,0.0788,0.0788,0.0783,0.0786,569124.3
2026-06-24 07:00:00+00:00,0.0786,0.0787,0.0783,0.0784,818064.7
2026-06-24 08:00:00+00:00,0.0784,0.0787,0.0783,0.0786,696205.9
2026-06-24 09:00:00+00:00,0.0786,0.0787,0.0781,0.0785,1027069.3
2026-06-24 10:00:00+00:00,0.0784,0.0785,0.0777,0.0779,1941690.5
2026-06-24 11:00:00+00:00,0.0778,0.0791,0.0774,0.0786,2016806.8
2026-06-24 12:00:00+00:00,0.0786,0.0787,0.0781,0.0782,968094.7
2026-06-24 13:00:00+00:00,0.0782,0.0782,0.0762,0.0769,6615058.2
2026-06-24 14:00:00+00:00,0.0768,0.0775,0.0764,0.0772,4717871.5
2026-06-24 15:00:00+00:00,0.0773,0.0773,0.0752,0.0755,4833678.1
2026-06-24 16:00:00+00:00,0.0754,0.0765,0.073,0.0739,11596287.5
2026-06-24 17:00:00+00:00,0.0738,0.0745,0.0727,0.0731,6013989.1
2026-06-24 18:00:00+00:00,0.0732,0.0745,0.0727,0.0737,4309416.1
2026-06-24 19:00:00+00:00,0.0738,0.0745,0.0735,0.0745,2611675.7
2026-06-24 20:00:00+00:00,0.0745,0.0764,0.0743,0.0762,2974278.8
2026-06-24 21:00:00+00:00,0.0762,0.0765,0.0758,0.0765,812202.4
2026-06-24 22:00:00+00:00,0.0764,0.077,0.0759,0.0759,753352.0
2026-06-24 23:00:00+00:00,0.076,0.0762,0.0758,0.0761,1154650.4
2026-06-25 00:00:00+00:00,0.0761,0.0765,0.0759,0.076,1382905.0
2026-06-25 01:00:00+00:00,0.0761,0.077,0.076,0.076,4061505.9
2026-06-25 02:00:00+00:00,0.076,0.0762,0.0758,0.076,716478.9
2026-06-25 03:00:00+00:00,0.0759,0.0761,0.0754,0.0756,774345.0
2026-06-25 04:00:00+00:00,0.0756,0.0765,0.0754,0.0765,837441.1
2026-06-25 05:00:00+00:00,0.0764,0.0774,0.0764,0.0771,2114453.4
2026-06-25 06:00:00+00:00,0.0771,0.0774,0.0769,0.077,1196470.7
2026-06-25 07:00:00+00:00,0.077,0.0773,0.0768,0.0773,1835662.1
2026-06-25 08:00:00+00:00,0.0773,0.0774,0.0769,0.077,663833.7
2026-06-25 09:00:00+00:00,0.077,0.0771,0.0767,0.0769,686239.6
2026-06-25 10:00:00+00:00,0.0769,0.077,0.0762,0.0762,1447495.5
2026-06-25 11:00:00+00:00,0.0762,0.0764,0.0759,0.076,1474579.7
2026-06-25 12:00:00+00:00,0.076,0.077,0.0755,0.0761,2667355.8
2026-06-25 13:00:00+00:00,0.0761,0.0767,0.0705,0.0708,12361559.1
2026-06-25 14:00:00+00:00,0.0708,0.0746,0.0708,0.0732,8582136.7
2026-06-25 15:00:00+00:00,0.0732,0.0734,0.0722,0.0733,3287932.3
2026-06-25 16:00:00+00:00,0.0733,0.0742,0.0723,0.0724,2061513.6
2026-06-25 17:00:00+00:00,0.0725,0.0738,0.0724,0.0738,2522895.8
2026-06-25 18:00:00+00:00,0.0737,0.074,0.0726,0.0728,1901054.8
2026-06-25 19:00:00+00:00,0.0729,0.0729,0.0719,0.0722,1681055.2
2026-06-25 20:00:00+00:00,0.0723,0.073,0.072,0.0722,1615048.1
2026-06-25 21:00:00+00:00,0.0722,0.0738,0.0722,0.0737,1012370.2
2026-06-25 22:00:00+00:00,0.0737,0.0738,0.0731,0.0732,828099.8
2026-06-25 23:00:00+00:00,0.0731,0.0737,0.073,0.0733,474083.5
2026-06-26 00:00:00+00:00,0.0733,0.0735,0.0732,0.0732,986820.1
2026-06-26 01:00:00+00:00,0.0732,0.0734,0.0724,0.0726,1016848.2
2026-06-26 02:00:00+00:00,0.0726,0.0727,0.0708,0.0711,5434040.1
2026-06-26 03:00:00+00:00,0.0711,0.073,0.0705,0.0728,5262486.3
2026-06-26 04:00:00+00:00,0.0728,0.0731,0.0723,0.0724,1729125.3
2026-06-26 05:00:00+00:00,0.0723,0.0731,0.0722,0.0728,773989.3
2026-06-26 06:00:00+00:00,0.0727,0.0739,0.0723,0.0737,3413447.7
2026-06-26 07:00:00+00:00,0.0738,0.0743,0.0737,0.0741,2391319.5
2026-06-26 08:00:00+00:00,0.0741,0.0743,0.0729,0.0731,2118456.4
2026-06-26 09:00:00+00:00,0.0731,0.0731,0.072,0.0721,1859287.0
2026-06-26 10:00:00+00:00,0.0721,0.0724,0.0717,0.0718,1330566.2
2026-06-26 11:00:00+00:00,0.0719,0.0722,0.0712,0.0715,1597825.9
2026-06-26 12:00:00+00:00,0.0715,0.0723,0.071,0.0716,2287418.0
2026-06-26 13:00:00+00:00,0.0716,0.0731,0.0706,0.0729,5077985.5
2026-06-26 14:00:00+00:00,0.0729,0.0733,0.0721,0.0724,3707471.5
2026-06-26 15:00:00+00:00,0.0725,0.0739,0.0723,0.0734,2754926.7
2026-06-26 16:00:00+00:00,0.0735,0.0744,0.073,0.0739,2938878.5
2026-06-26 17:00:00+00:00,0.0738,0.0747,0.0738,0.0744,2709105.3
2026-06-26 18:00:00+00:00,0.0743,0.0752,0.0737,0.0738,2872153.8
2026-06-26 19:00:00+00:00,0.0738,0.0747,0.0736,0.0739,2292540.2
2026-06-26 20:00:00+00:00,0.074,0.075,0.0737,0.0738,2055849.0
2026-06-26 21:00:00+00:00,0.0738,0.0743,0.0735,0.074,1344456.1
2026-06-26 22:00:00+00:00,0.0739,0.0743,0.0737,0.0743,855288.6
2026-06-26 23:00:00+00:00,0.0743,0.0745,0.074,0.0744,815636.3
2026-06-27 00:00:00+00:00,0.0744,0.0748,0.0741,0.0746,987527.8
2026-06-27 01:00:00+00:00,0.0747,0.0747,0.0744,0.0745,751192.8
2026-06-27 02:00:00+00:00,0.0746,0.0755,0.0745,0.0754,909683.5
2026-06-27 03:00:00+00:00,0.0754,0.0755,0.075,0.0753,634644.0
2026-06-27 04:00:00+00:00,0.0753,0.0757,0.0748,0.0749,924082.3
2026-06-27 05:00:00+00:00,0.075,0.0751,0.0746,0.0751,839883.3
2026-06-27 06:00:00+00:00,0.075,0.0755,0.0746,0.075,692103.4
2026-06-27 07:00:00+00:00,0.0751,0.0753,0.0748,0.075,674296.6
2026-06-27 08:00:00+00:00,0.075,0.075,0.0745,0.0747,748689.0
2026-06-27 09:00:00+00:00,0.0747,0.0747,0.0742,0.0744,1175407.2
2026-06-27 10:00:00+00:00,0.0744,0.0745,0.0742,0.0745,1066123.7
2026-06-27 11:00:00+00:00,0.0744,0.0757,0.074,0.0744,4617448.4
2026-06-27 12:00:00+00:00,0.0745,0.0754,0.0744,0.0752,2833623.0
2026-06-27 13:00:00+00:00,0.0751,0.0757,0.075,0.0755,1194598.8
2026-06-27 14:00:00+00:00,0.0755,0.0758,0.0748,0.0752,2756821.2
2026-06-27 15:00:00+00:00,0.0753,0.0758,0.0751,0.0758,1694866.9
2026-06-27 16:00:00+00:00,0.0757,0.0759,0.0754,0.0755,541106.7
2026-06-27 17:00:00+00:00,0.0755,0.0755,0.0747,0.0747,1968253.3
2026-06-27 18:00:00+00:00,0.0746,0.0747,0.0741,0.0744,1310854.2
2026-06-27 19:00:00+00:00,0.0744,0.0756,0.0735,0.074,4422302.9
2026-06-27 20:00:00+00:00,0.074,0.0742,0.0738,0.074,847898.7
2026-06-27 21:00:00+00:00,0.074,0.0744,0.0733,0.0736,1376413.4
2026-06-27 22:00:00+00:00,0.0735,0.0738,0.0729,0.0738,942908.4
2026-06-27 23:00:00+00:00,0.0737,0.0738,0.0733,0.0734,654041.4
2026-06-28 00:00:00+00:00,0.0734,0.0737,0.0733,0.0736,628876.1
2026-06-28 01:00:00+00:00,0.0735,0.0737,0.0734,0.0736,419994.3
2026-06-28 02:00:00+00:00,0.0737,0.0739,0.0734,0.0735,623141.4
2026-06-28 03:00:00+00:00,0.0736,0.074,0.0736,0.074,257228.5
2026-06-28 04:00:00+00:00,0.074,0.0741,0.0737,0.0739,405842.2
2026-06-28 05:00:00+00:00,0.0738,0.0739,0.0732,0.0735,507930.0
2026-06-28 06:00:00+00:00,0.0735,0.0736,0.0729,0.0733,701569.9
2026-06-28 07:00:00+00:00,0.0732,0.0738,0.0732,0.0736,713551.3
2026-06-28 08:00:00+00:00,0.0736,0.0744,0.0735,0.0741,1236570.2
2026-06-28 09:00:00+00:00,0.0741,0.0744,0.0737,0.0737,551815.8
2026-06-28 10:00:00+00:00,0.0737,0.0741,0.0736,0.0741,403768.8
2026-06-28 11:00:00+00:00,0.0742,0.0745,0.074,0.0745,1014017.2
2026-06-28 12:00:00+00:00,0.0746,0.0746,0.074,0.0742,475316.1
2026-06-28 13:00:00+00:00,0.0742,0.0742,0.0737,0.0737,806252.5
2026-06-28 14:00:00+00:00,0.0737,0.0744,0.0737,0.074,745248.9
2026-06-28 15:00:00+00:00,0.074,0.0745,0.0737,0.074,1732366.4
2026-06-28 16:00:00+00:00,0.0741,0.0741,0.0732,0.0736,1349625.6
2026-06-28 17:00:00+00:00,0.0735,0.0737,0.0728,0.0734,1269128.8
2026-06-28 18:00:00+00:00,0.0733,0.0734,0.0731,0.0734,387959.8
2026-06-28 19:00:00+00:00,0.0734,0.0736,0.0727,0.0732,852999.1
2026-06-28 20:00:00+00:00,0.0731,0.0737,0.073,0.0733,1696863.8
2026-06-28 21:00:00+00:00,0.0733,0.0734,0.0724,0.0728,1026831.8
2026-06-28 22:00:00+00:00,0.0729,0.0738,0.0723,0.0727,1457624.1
2026-06-28 23:00:00+00:00,0.0726,0.0742,0.0726,0.0739,1520042.3
2026-06-29 00:00:00+00:00,0.0739,0.0743,0.0731,0.0743,1618066.3
2026-06-29 01:00:00+00:00,0.0742,0.0743,0.0737,0.0741,820762.6
2026-06-29 02:00:00+00:00,0.074,0.075,0.0732,0.0749,1411144.0
2026-06-29 03:00:00+00:00,0.0749,0.0763,0.0749,0.0757,19557762.2
2026-06-29 04:00:00+00:00,0.0757,0.0762,0.0748,0.0748,18796700.5
2026-06-29 05:00:00+00:00,0.0749,0.0758,0.0744,0.0753,3884287.5
2026-06-29 06:00:00+00:00,0.0753,0.076,0.0752,0.0756,2424495.0
2026-06-29 07:00:00+00:00,0.0755,0.076,0.0752,0.0757,1390595.1
2026-06-29 08:00:00+00:00,0.0757,0.076,0.0753,0.0753,769826.6
2026-06-29 09:00:00+00:00,0.0753,0.0758,0.0752,0.0757,1242021.1
2026-06-29 10:00:00+00:00,0.0758,0.0768,0.0758,0.0763,2916214.1
2026-06-29 11:00:00+00:00,0.0763,0.0765,0.0756,0.0759,2740009.8
2026-06-29 12:00:00+00:00,0.076,0.0773,0.0753,0.0759,3531720.0
2026-06-29 13:00:00+00:00,0.076,0.0765,0.0749,0.0753,3172891.7
2026-06-29 14:00:00+00:00,0.0753,0.0756,0.0746,0.0755,2413438.9
2026-06-29 15:00:00+00:00,0.0754,0.0761,0.0747,0.0761,1583646.7
2026-06-29 16:00:00+00:00,0.076,0.0765,0.0756,0.0762,1952841.0
2026-06-29 17:00:00+00:00,0.0761,0.0779,0.0761,0.0774,3098430.1
2026-06-29 18:00:00+00:00,0.0773,0.0782,0.0767,0.077,3183877.0
2026-06-29 19:00:00+00:00,0.0769,0.0783,0.0767,0.0772,4286721.0
2026-06-29 20:00:00+00:00,0.0773,0.0778,0.0769,0.0769,1456420.8
2026-06-29 21:00:00+00:00,0.077,0.0772,0.0766,0.077,1043747.3
2026-06-29 22:00:00+00:00,0.0771,0.0773,0.0768,0.0768,869063.2
2026-06-29 23:00:00+00:00,0.0768,0.077,0.0766,0.0768,751183.8
2026-06-30 00:00:00+00:00,0.0768,0.0768,0.0757,0.0761,1949774.8
2026-06-30 01:00:00+00:00,0.0761,0.0765,0.0758,0.0761,1133781.6
2026-06-30 02:00:00+00:00,0.0761,0.0766,0.0757,0.0764,1038521.3
2026-06-30 03:00:00+00:00,0.0764,0.0765,0.0759,0.0759,808420.4
2026-06-30 04:00:00+00:00,0.0759,0.0762,0.0757,0.076,444675.5
2026-06-30 05:00:00+00:00,0.0759,0.076,0.0755,0.0758,1321920.2
2026-06-30 06:00:00+00:00,0.0758,0.0769,0.0756,0.076,3825997.2
2026-06-30 07:00:00+00:00,0.076,0.0761,0.0752,0.0753,1352281.3
2026-06-30 08:00:00+00:00,0.0753,0.0753,0.0743,0.0746,2080367.9
2026-06-30 09:00:00+00:00,0.0746,0.0748,0.0744,0.0747,1555050.5
2026-06-30 10:00:00+00:00,0.0747,0.075,0.0746,0.0749,928806.4
2026-06-30 11:00:00+00:00,0.0748,0.0749,0.0741,0.0744,1539711.9
2026-06-30 12:00:00+00:00,0.0743,0.0743,0.0736,0.0736,2186209.3
2026-06-30 13:00:00+00:00,0.0736,0.0752,0.0736,0.0749,2761152.1
2026-06-30 14:00:00+00:00,0.0749,0.0756,0.0745,0.0745,1899767.0
2026-06-30 15:00:00+00:00,0.0745,0.0749,0.0741,0.0744,4109463.7
2026-06-30 16:00:00+00:00,0.0744,0.0755,0.0744,0.0754,1709615.9
2026-06-30 17:00:00+00:00,0.0754,0.0759,0.0753,0.0754,1294172.5
2026-06-30 18:00:00+00:00,0.0754,0.0768,0.0752,0.0765,3854550.6
2026-06-30 19:00:00+00:00,0.0764,0.0766,0.0759,0.0761,1928559.1
2026-06-30 20:00:00+00:00,0.076,0.0762,0.0756,0.0758,1332404.4
2026-06-30 21:00:00+00:00,0.0757,0.0763,0.0755,0.0761,976227.7
2026-06-30 22:00:00+00:00,0.076,0.0766,0.0759,0.076,1164598.9
2026-06-30 23:00:00+00:00,0.0761,0.0762,0.0759,0.0761,1090982.0
2026-07-01 00:00:00+00:00,0.0762,0.0765,0.0759,0.0763,1346143.2
2026-07-01 01:00:00+00:00,0.0764,0.0771,0.075,0.0766,4909801.5
2026-07-01 02:00:00+00:00,0.0767,0.0775,0.0764,0.0775,1165268.2
2026-07-01 03:00:00+00:00,0.0774,0.0779,0.077,0.0775,1950136.0
2026-07-01 04:00:00+00:00,0.0775,0.0783,0.0774,0.078,1516617.5
2026-07-01 05:00:00+00:00,0.078,0.0781,0.0775,0.0779,903316.7
2026-07-01 06:00:00+00:00,0.0779,0.078,0.0767,0.0769,2211867.3
2026-07-01 07:00:00+00:00,0.077,0.0776,0.0765,0.0773,1688779.6
2026-07-01 08:00:00+00:00,0.0773,0.0779,0.0771,0.0778,1946844.3
2026-07-01 09:00:00+00:00,0.0778,0.0782,0.0772,0.0778,3429200.4
2026-07-01 10:00:00+00:00,0.0778,0.078,0.0773,0.0776,1543073.5
2026-07-01 11:00:00+00:00,0.0776,0.0779,0.0769,0.0771,1420276.2
2026-07-01 12:00:00+00:00,0.0772,0.0773,0.0762,0.0766,2379910.4
2026-07-01 13:00:00+00:00,0.0767,0.0776,0.076,0.0775,3802426.6
2026-07-01 14:00:00+00:00,0.0774,0.0782,0.0771,0.0774,1899529.1
2026-07-01 15:00:00+00:00,0.0774,0.0787,0.0774,0.0781,2508336.9
2026-07-01 16:00:00+00:00,0.078,0.0783,0.0773,0.0773,1979880.5
2026-07-01 17:00:00+00:00,0.0774,0.0782,0.077,0.078,3299449.7
2026-07-01 18:00:00+00:00,0.0779,0.0786,0.0773,0.0775,3861926.0
2026-07-01 19:00:00+00:00,0.0775,0.0782,0.0772,0.0779,2182395.5
2026-07-01 20:00:00+00:00,0.0779,0.078,0.0769,0.0776,2594571.4
2026-07-01 21:00:00+00:00,0.0776,0.0786,0.0775,0.0784,1124968.5
2026-07-01 22:00:00+00:00,0.0783,0.0793,0.078,0.0781,2629447.3
2026-07-01 23:00:00+00:00,0.0781,0.0781,0.0766,0.0768,2908036.3
2026-07-02 00:00:00+00:00,0.0767,0.0768,0.0763,0.0768,1379774.7
2026-07-02 01:00:00+00:00,0.0768,0.0774,0.0768,0.0768,2608147.2
2026-07-02 02:00:00+00:00,0.0768,0.0773,0.0765,0.0771,982232.2
2026-07-02 03:00:00+00:00,0.077,0.0785,0.0768,0.0785,3175605.4
2026-07-02 04:00:00+00:00,0.0785,0.0789,0.0781,0.0784,2323916.4
2026-07-02 05:00:00+00:00,0.0783,0.0783,0.0778,0.078,1043756.9
2026-07-02 06:00:00+00:00,0.0779,0.078,0.0773,0.0773,1082753.5
2026-07-02 07:00:00+00:00,0.0773,0.0774,0.0764,0.077,3766518.7
2026-07-02 08:00:00+00:00,0.0771,0.0782,0.0768,0.0777,4805114.3
2026-07-02 09:00:00+00:00,0.0777,0.0785,0.0774,0.0778,3196989.9
2026-07-02 10:00:00+00:00,0.0779,0.0784,0.0778,0.0782,1466931.6
2026-07-02 11:00:00+00:00,0.0782,0.0783,0.0778,0.0781,1844923.6
2026-07-02 12:00:00+00:00,0.078,0.0788,0.0779,0.0784,3936181.3
2026-07-02 13:00:00+00:00,0.0785,0.0797,0.0776,0.079,15888257.0
2026-07-02 14:00:00+00:00,0.0791,0.0793,0.0772,0.0774,5942181.9
2026-07-02 15:00:00+00:00,0.0774,0.0776,0.0771,0.0773,2560000.2
2026-07-02 16:00:00+00:00,0.0773,0.0775,0.0768,0.0773,3227167.6
2026-07-02 17:00:00+00:00,0.0773,0.0779,0.0772,0.0776,1044513.4
2026-07-02 18:00:00+00:00,0.0775,0.0784,0.0775,0.0782,981433.4
2026-07-02 19:00:00+00:00,0.0782,0.0782,0.0777,0.0777,1178833.7
2026-07-02 20:00:00+00:00,0.0777,0.078,0.0776,0.0778,931420.0
2026-07-02 21:00:00+00:00,0.0778,0.0779,0.0772,0.0775,1022835.0
2026-07-02 22:00:00+00:00,0.0776,0.0776,0.0769,0.0772,1073224.6
2026-07-02 23:00:00+00:00,0.0772,0.0775,0.0769,0.0773,808166.5
2026-07-03 00:00:00+00:00,0.0773,0.0774,0.0766,0.0767,1915288.0
2026-07-03 01:00:00+00:00,0.0767,0.0779,0.0766,0.0778,818945.7
2026-07-03 02:00:00+00:00,0.0778,0.0782,0.0775,0.0779,893731.8
2026-07-03 03:00:00+00:00,0.0778,0.0783,0.0774,0.0781,904257.7
2026-07-03 04:00:00+00:00,0.0782,0.0782,0.0775,0.0777,1183861.7
2026-07-03 05:00:00+00:00,0.0776,0.0785,0.0775,0.0781,1947356.3
2026-07-03 06:00:00+00:00,0.0781,0.0784,0.0778,0.078,1051200.8
2026-07-03 07:00:00+00:00,0.0781,0.0784,0.0779,0.0782,764867.5
2026-07-03 08:00:00+00:00,0.0783,0.0789,0.0781,0.0783,1521355.1
2026-07-03 09:00:00+00:00,0.0783,0.0787,0.0782,0.0783,1170081.3
2026-07-03 10:00:00+00:00,0.0783,0.0792,0.0783,0.079,1416350.3
2026-07-03 11:00:00+00:00,0.079,0.0797,0.0789,0.0796,2955147.1
2026-07-03 12:00:00+00:00,0.0796,0.0804,0.0796,0.08,3959326.3
2026-07-03 13:00:00+00:00,0.0801,0.0807,0.0799,0.08,2996313.6
2026-07-03 14:00:00+00:00,0.0799,0.0802,0.079,0.08,2980451.7
2026-07-03 15:00:00+00:00,0.0799,0.0802,0.0794,0.0794,1403945.3
2026-07-03 16:00:00+00:00,0.0795,0.0799,0.0791,0.0798,1223579.3
2026-07-03 17:00:00+00:00,0.0798,0.0801,0.0796,0.08,747089.3
2026-07-03 18:00:00+00:00,0.0801,0.0802,0.0797,0.0799,1935798.2
2026-07-03 19:00:00+00:00,0.08,0.0806,0.0798,0.0801,2702053.5
2026-07-03 20:00:00+00:00,0.0801,0.0812,0.0799,0.0811,2246580.3
2026-07-03 21:00:00+00:00,0.0811,0.0815,0.0806,0.0814,3170927.0
2026-07-03 22:00:00+00:00,0.0813,0.0813,0.0808,0.0811,1284450.5
2026-07-03 23:00:00+00:00,0.081,0.0812,0.0806,0.081,2601539.9
2026-07-04 00:00:00+00:00,0.0811,0.0814,0.0806,0.081,1624596.3
2026-07-04 01:00:00+00:00,0.081,0.081,0.08,0.0806,1483463.8
2026-07-04 02:00:00+00:00,0.0807,0.0813,0.0804,0.0811,1353098.7
2026-07-04 03:00:00+00:00,0.0812,0.0814,0.0809,0.081,654135.3
2026-07-04 04:00:00+00:00,0.081,0.0812,0.0806,0.0807,1257869.7
2026-07-04 05:00:00+00:00,0.0807,0.0807,0.0802,0.0802,426800.1
2026-07-04 06:00:00+00:00,0.0803,0.0806,0.0797,0.0799,1391915.4
2026-07-04 07:00:00+00:00,0.0799,0.0799,0.0791,0.0796,2170529.2
2026-07-04 08:00:00+00:00,0.0796,0.08,0.0794,0.0798,918774.7
2026-07-04 09:00:00+00:00,0.0797,0.0801,0.079,0.0792,2212502.3
2026-07-04 10:00:00+00:00,0.0792,0.0795,0.079,0.0794,809277.1
2026-07-04 11:00:00+00:00,0.0794,0.0797,0.0791,0.0796,2318082.8
2026-07-04 12:00:00+00:00,0.0795,0.0797,0.0795,0.0797,494971.9
2026-07-04 13:00:00+00:00,0.0796,0.08,0.0794,0.0797,1566475.1
2026-07-04 14:00:00+00:00,0.0797,0.0803,0.0796,0.0803,1098788.6
2026-07-04 15:00:00+00:00,0.0802,0.0812,0.0801,0.0809,2760590.9
2026-07-04 16:00:00+00:00,0.0809,0.081,0.0805,0.0809,1301762.1
2026-07-04 17:00:00+00:00,0.0808,0.0821,0.0805,0.082,1533246.1
2026-07-04 18:00:00+00:00,0.082,0.082,0.081,0.0813,1806999.7
2026-07-04 19:00:00+00:00,0.0814,0.0815,0.0808,0.0812,914034.6
2026-07-04 20:00:00+00:00,0.0812,0.0814,0.0805,0.0809,638785.6
2026-07-04 21:00:00+00:00,0.0809,0.0816,0.0808,0.081,2588167.8
2026-07-04 22:00:00+00:00,0.081,0.0811,0.0805,0.0809,1025569.8
2026-07-04 23:00:00+00:00,0.0809,0.0809,0.0801,0.0803,1117997.3
2026-07-05 00:00:00+00:00,0.0804,0.0804,0.0797,0.0799,2339726.8
2026-07-05 01:00:00+00:00,0.08,0.0802,0.0793,0.0796,2672718.2
2026-07-05 02:00:00+00:00,0.0796,0.0796,0.0784,0.0788,1458394.4
2026-07-05 03:00:00+00:00,0.0787,0.0789,0.0783,0.0784,791178.2
2026-07-05 04:00:00+00:00,0.0784,0.0789,0.0782,0.0786,1065526.3
2026-07-05 05:00:00+00:00,0.0786,0.0787,0.078,0.0783,875071.9
2026-07-05 06:00:00+00:00,0.0783,0.0784,0.078,0.0782,535029.9
2026-07-05 07:00:00+00:00,0.0783,0.0791,0.0781,0.079,888824.0
2026-07-05 08:00:00+00:00,0.079,0.0791,0.0786,0.0787,622410.4
2026-07-05 09:00:00+00:00,0.0786,0.0788,0.0776,0.078,1324474.9
2026-07-05 10:00:00+00:00,0.0779,0.0784,0.0775,0.0783,921776.6
2026-07-05 11:00:00+00:00,0.0783,0.0786,0.0782,0.0786,619625.5
2026-07-05 12:00:00+00:00,0.0785,0.0792,0.0782,0.0789,800383.1
2026-07-05 13:00:00+00:00,0.0789,0.079,0.0785,0.0789,804279.2
2026-07-05 14:00:00+00:00,0.0789,0.0791,0.0786,0.0787,961065.7
2026-07-05 15:00:00+00:00,0.0787,0.0791,0.0785,0.0788,788214.1
2026-07-05 16:00:00+00:00,0.0787,0.0789,0.0784,0.0787,673174.6
2026-07-05 17:00:00+00:00,0.0787,0.0794,0.0786,0.079,1244434.2
2026-07-05 18:00:00+00:00,0.079,0.0797,0.0789,0.0795,983570.3
2026-07-05 19:00:00+00:00,0.0795,0.0803,0.0794,0.0795,3345551.3
2026-07-05 20:00:00+00:00,0.0795,0.0799,0.0793,0.0797,638637.5
2026-07-05 21:00:00+00:00,0.0796,0.0807,0.079,0.0803,2859355.3
2026-07-05 22:00:00+00:00,0.0803,0.0814,0.08,0.0807,3817383.9
2026-07-05 23:00:00+00:00,0.0807,0.081,0.0802,0.0805,584775.3
2026-07-06 00:00:00+00:00,0.0805,0.0809,0.0795,0.0806,2596394.0
2026-07-06 01:00:00+00:00,0.0805,0.0808,0.0801,0.0802,1758347.7
2026-07-06 02:00:00+00:00,0.0803,0.0807,0.0799,0.0804,1942612.5
2026-07-06 03:00:00+00:00,0.0804,0.0805,0.0797,0.0801,1184897.9
2026-07-06 04:00:00+00:00,0.0801,0.0803,0.0795,0.0798,1409839.0
2026-07-06 05:00:00+00:00,0.0798,0.0798,0.0787,0.0791,2346923.3
2026-07-06 06:00:00+00:00,0.0791,0.0792,0.0788,0.0788,1195804.4
2026-07-06 07:00:00+00:00,0.0789,0.0792,0.0788,0.079,644003.6
2026-07-06 08:00:00+00:00,0.079,0.0792,0.0785,0.0787,1372700.7
2026-07-06 09:00:00+00:00,0.0787,0.0788,0.078,0.0784,2030948.9
2026-07-06 10:00:00+00:00,0.0783,0.0787,0.0783,0.0785,993814.1
2026-07-06 11:00:00+00:00,0.0786,0.0787,0.0778,0.0778,1491099.4
2026-07-06 12:00:00+00:00,0.0778,0.0778,0.0761,0.0767,4853617.5
2026-07-06 13:00:00+00:00,0.0767,0.0777,0.0763,0.0775,4320345.0
2026-07-06 14:00:00+00:00,0.0774,0.0782,0.0773,0.0777,2087152.5
2026-07-06 15:00:00+00:00,0.0777,0.0799,0.0777,0.0797,3053716.2
2026-07-06 16:00:00+00:00,0.0798,0.0805,0.0794,0.08,3366444.9
2026-07-06 17:00:00+00:00,0.0799,0.0803,0.0795,0.0796,1669997.7
2026-07-06 18:00:00+00:00,0.0796,0.0802,0.0796,0.0799,821635.7
2026-07-06 19:00:00+00:00,0.0798,0.0803,0.0797,0.0799,1767958.0
2026-07-06 20:00:00+00:00,0.0798,0.0802,0.0797,0.08,1013173.2
2026-07-06 21:00:00+00:00,0.08,0.0818,0.08,0.0812,3339219.7
2026-07-06 22:00:00+00:00,0.0813,0.0814,0.0804,0.0805,1273642.7
2026-07-06 23:00:00+00:00,0.0805,0.0807,0.0802,0.0803,671035.8
2026-07-07 00:00:00+00:00,0.0804,0.0807,0.08,0.0805,1183630.1
2026-07-07 01:00:00+00:00,0.0804,0.0804,0.0795,0.0796,2047178.4
2026-07-07 02:00:00+00:00,0.0796,0.0797,0.0786,0.0787,1090724.8
2026-07-07 03:00:00+00:00,0.0788,0.0789,0.0781,0.0782,1509323.3
2026-07-07 04:00:00+00:00,0.0782,0.0789,0.078,0.0784,2918128.7
2026-07-07 05:00:00+00:00,0.0785,0.0787,0.0777,0.0785,1762865.9
2026-07-07 06:00:00+00:00,0.0785,0.0791,0.0782,0.0789,739835.2
2026-07-07 07:00:00+00:00,0.0789,0.0791,0.0784,0.0785,1107669.5
2026-07-07 08:00:00+00:00,0.0785,0.0789,0.0784,0.0786,1237573.9
2026-07-07 09:00:00+00:00,0.0786,0.0791,0.0784,0.0789,881676.4
2026-07-07 10:00:00+00:00,0.0789,0.0793,0.0786,0.0787,1341569.5
2026-07-07 11:00:00+00:00,0.0786,0.0792,0.0784,0.0791,1548419.0
2026-07-07 12:00:00+00:00,0.0791,0.0797,0.0789,0.0789,1176088.0
2026-07-07 13:00:00+00:00,0.0788,0.079,0.0781,0.0781,2518585.8
2026-07-07 14:00:00+00:00,0.0781,0.0789,0.0773,0.0788,4358232.2
2026-07-07 15:00:00+00:00,0.0788,0.0797,0.0787,0.0794,1291099.8
2026-07-07 16:00:00+00:00,0.0795,0.0798,0.0791,0.0794,1397563.7
2026-07-07 17:00:00+00:00,0.0794,0.0796,0.0791,0.0796,1346653.7
2026-07-07 18:00:00+00:00,0.0797,0.0797,0.078,0.078,2073418.6
2026-07-07 19:00:00+00:00,0.0781,0.0782,0.0773,0.0781,1439169.9
2026-07-07 20:00:00+00:00,0.0781,0.0784,0.0774,0.0776,855565.3
2026-07-07 21:00:00+00:00,0.0777,0.078,0.0769,0.077,1717389.2
2026-07-07 22:00:00+00:00,0.077,0.0772,0.0765,0.0771,1166953.0
2026-07-07 23:00:00+00:00,0.0771,0.0774,0.077,0.077,699538.8
2026-07-08 00:00:00+00:00,0.0771,0.078,0.0769,0.0778,2193873.0
2026-07-08 01:00:00+00:00,0.0778,0.0784,0.0759,0.0763,4715946.1
2026-07-08 02:00:00+00:00,0.0762,0.0762,0.0752,0.076,2068810.6
2026-07-08 03:00:00+00:00,0.0761,0.0767,0.076,0.0763,899303.8
2026-07-08 04:00:00+00:00,0.0763,0.0764,0.076,0.0764,1541890.2
2026-07-08 05:00:00+00:00,0.0764,0.0775,0.0764,0.0774,7312338.1
2026-07-08 06:00:00+00:00,0.0774,0.0782,0.0772,0.0778,9432595.1
2026-07-08 07:00:00+00:00,0.0778,0.0785,0.0772,0.0777,3686498.2
2026-07-08 08:00:00+00:00,0.0777,0.078,0.0756,0.076,6146285.1
2026-07-08 09:00:00+00:00,0.0759,0.0767,0.0755,0.0762,1973320.9
2026-07-08 10:00:00+00:00,0.0763,0.0766,0.0759,0.0762,1376583.9
2026-07-08 11:00:00+00:00,0.0762,0.0767,0.0758,0.0763,1335480.5
2026-07-08 12:00:00+00:00,0.0763,0.0777,0.0762,0.0766,2867815.4
2026-07-08 13:00:00+00:00,0.0765,0.0768,0.0759,0.0767,2465846.8
2026-07-08 14:00:00+00:00,0.0767,0.0769,0.0757,0.0759,2293249.2
2026-07-08 15:00:00+00:00,0.076,0.076,0.0754,0.0756,1051505.6
2026-07-08 16:00:00+00:00,0.0757,0.0764,0.0756,0.0763,1106763.6
2026-07-08 17:00:00+00:00,0.0763,0.0772,0.0763,0.0763,1282122.9
2026-07-08 18:00:00+00:00,0.0763,0.0766,0.0759,0.0763,1282031.7
2026-07-08 19:00:00+00:00,0.0764,0.0766,0.0762,0.0765,723758.3
2026-07-08 20:00:00+00:00,0.0765,0.0768,0.076,0.0761,1322686.5
2026-07-08 21:00:00+00:00,0.0762,0.0765,0.0757,0.0765,2772159.9
2026-07-08 22:00:00+00:00,0.0764,0.077,0.0764,0.0768,1123765.5
2026-07-08 23:00:00+00:00,0.0768,0.0771,0.0765,0.0769,1976313.4
2026-07-09 00:00:00+00:00,0.0769,0.0771,0.0766,0.077,2042829.3
2026-07-09 01:00:00+00:00,0.077,0.0783,0.077,0.0778,3659901.0
2026-07-09 02:00:00+00:00,0.0778,0.0784,0.0774,0.0777,1776026.1
2026-07-09 03:00:00+00:00,0.0776,0.0807,0.0775,0.0807,7307680.3
2026-07-09 04:00:00+00:00,0.0807,0.0839,0.0806,0.0838,22448932.9
2026-07-09 05:00:00+00:00,0.0837,0.0849,0.0817,0.0836,35362290.7
2026-07-09 06:00:00+00:00,0.0836,0.0869,0.0836,0.0855,18849680.2
2026-07-09 07:00:00+00:00,0.0854,0.0858,0.0837,0.0848,10779968.7
2026-07-09 08:00:00+00:00,0.0849,0.0866,0.0844,0.0856,11735472.9
2026-07-09 09:00:00+00:00,0.0856,0.0865,0.0849,0.0857,9808909.0
2026-07-09 10:00:00+00:00,0.0857,0.0872,0.0853,0.0861,11582716.0
2026-07-09 11:00:00+00:00,0.0862,0.0869,0.0861,0.0865,8455489.4
2026-07-09 12:00:00+00:00,0.0866,0.0878,0.0857,0.086,10911168.8
2026-07-09 13:00:00+00:00,0.0859,0.0868,0.0844,0.0853,9548021.5
2026-07-09 14:00:00+00:00,0.0853,0.0872,0.0844,0.087,7445312.3
2026-07-09 15:00:00+00:00,0.0871,0.0874,0.0854,0.0859,11833574.6
2026-07-09 16:00:00+00:00,0.0859,0.0867,0.0856,0.0858,5668843.1
2026-07-09 17:00:00+00:00,0.0857,0.0897,0.0857,0.0884,12718712.9
2026-07-09 18:00:00+00:00,0.0884,0.091,0.0884,0.0899,14647580.6
2026-07-09 19:00:00+00:00,0.0899,0.0908,0.0892,0.09,6703893.4
2026-07-09 20:00:00+00:00,0.09,0.0914,0.0897,0.0904,5508525.9
2026-07-09 21:00:00+00:00,0.0905,0.0909,0.0879,0.0889,16039499.3
2026-07-09 22:00:00+00:00,0.089,0.0899,0.088,0.0894,10199532.1
2026-07-09 23:00:00+00:00,0.0894,0.0897,0.087,0.0875,6505626.4
2026-07-10 00:00:00+00:00,0.0875,0.0884,0.0867,0.0874,10768830.8
2026-07-10 01:00:00+00:00,0.0874,0.0901,0.087,0.0897,7716273.6
2026-07-10 02:00:00+00:00,0.0897,0.0933,0.0892,0.0925,17778149.1
2026-07-10 03:00:00+00:00,0.0926,0.0927,0.091,0.0916,10740501.8
2026-07-10 04:00:00+00:00,0.0917,0.0921,0.0907,0.0918,5280661.2
2026-07-10 05:00:00+00:00,0.0918,0.0929,0.0917,0.0923,5447124.7
2026-07-10 06:00:00+00:00,0.0924,0.0935,0.0917,0.0927,8155386.4
2026-07-10 07:00:00+00:00,0.0926,0.0941,0.0923,0.0935,11713661.4
2026-07-10 08:00:00+00:00,0.0935,0.0942,0.093,0.0938,6309532.8
2026-07-10 09:00:00+00:00,0.0938,0.0958,0.0934,0.0938,12937208.1
2026-07-10 10:00:00+00:00,0.0938,0.0956,0.0932,0.0951,9473222.8
2026-07-10 11:00:00+00:00,0.0952,0.0959,0.0943,0.0943,11633281.2
2026-07-10 12:00:00+00:00,0.0943,0.0946,0.0919,0.0921,10431668.3
2026-07-10 13:00:00+00:00,0.0921,0.093,0.0921,0.0928,3958304.7
2026-07-10 14:00:00+00:00,0.0928,0.0936,0.0901,0.0917,11070187.4
2026-07-10 15:00:00+00:00,0.0917,0.0925,0.0907,0.091,8766997.0
2026-07-10 16:00:00+00:00,0.091,0.0914,0.0899,0.0911,5181595.8
2026-07-10 17:00:00+00:00,0.091,0.091,0.0904,0.0907,1393179.9
2026-07-10 18:00:00+00:00,0.0907,0.0909,0.0901,0.0904,2163887.1
2026-07-10 19:00:00+00:00,0.0904,0.0918,0.0902,0.091,2610144.3
2026-07-10 20:00:00+00:00,0.091,0.0923,0.0908,0.0916,2640271.7
2026-07-10 21:00:00+00:00,0.0915,0.0939,0.0915,0.0933,5350385.7
2026-07-10 22:00:00+00:00,0.0934,0.0938,0.0931,0.0934,2385869.6
2026-07-10 23:00:00+00:00,0.0934,0.0934,0.0922,0.093,2815779.2
2026-07-11 00:00:00+00:00,0.093,0.0938,0.0911,0.0914,7120890.5
2026-07-11 01:00:00+00:00,0.0915,0.0926,0.0912,0.0912,4780108.2
2026-07-11 02:00:00+00:00,0.0912,0.0932,0.0911,0.0929,1632075.3
2026-07-11 03:00:00+00:00,0.093,0.0932,0.0905,0.0907,5240855.1
2026-07-11 04:00:00+00:00,0.0907,0.0913,0.0902,0.0907,5293905.2
2026-07-11 05:00:00+00:00,0.0906,0.0906,0.0899,0.0903,2937284.6
2026-07-11 06:00:00+00:00,0.0903,0.0908,0.09,0.0907,2363483.2
2026-07-11 07:00:00+00:00,0.0906,0.0911,0.0905,0.0907,3530885.6
2026-07-11 08:00:00+00:00,0.0908,0.0918,0.0907,0.0909,3910922.3
2026-07-11 09:00:00+00:00,0.091,0.0916,0.0909,0.0913,1903215.8
2026-07-11 10:00:00+00:00,0.0912,0.0928,0.091,0.0925,4191425.7
2026-07-11 11:00:00+00:00,0.0925,0.0931,0.092,0.0923,3057542.1
2026-07-11 12:00:00+00:00,0.0923,0.093,0.0916,0.0916,2529249.4
2026-07-11 13:00:00+00:00,0.0916,0.0942,0.0913,0.0941,6029478.5
2026-07-11 14:00:00+00:00,0.0941,0.098,0.0941,0.0971,17217471.8
2026-07-11 15:00:00+00:00,0.0972,0.0981,0.0949,0.0974,14004035.3
2026-07-11 16:00:00+00:00,0.0975,0.0994,0.097,0.0986,13136384.3
2026-07-11 17:00:00+00:00,0.0985,0.0988,0.0964,0.0968,8275338.3
2026-07-11 18:00:00+00:00,0.0968,0.0984,0.0965,0.0976,3399504.2
2026-07-11 19:00:00+00:00,0.0976,0.0981,0.0967,0.0979,5923110.8
2026-07-11 20:00:00+00:00,0.0978,0.0997,0.0975,0.0982,5874647.8
2026-07-11 21:00:00+00:00,0.0982,0.0999,0.0982,0.0987,5925232.0
2026-07-11 22:00:00+00:00,0.0987,0.0989,0.0973,0.0979,5346035.6
2026-07-11 23:00:00+00:00,0.098,0.0981,0.0947,0.095,9324363.0
2026-07-12 00:00:00+00:00,0.095,0.0965,0.0947,0.0953,6993551.4
2026-07-12 01:00:00+00:00,0.0953,0.097,0.0953,0.0967,4048903.3
2026-07-12 02:00:00+00:00,0.0966,0.098,0.0962,0.0979,5040254.6
2026-07-12 03:00:00+00:00,0.0978,0.1013,0.0975,0.0998,12758116.5
2026-07-12 04:00:00+00:00,0.0997,0.1013,0.099,0.0998,8982887.7
2026-07-12 05:00:00+00:00,0.0999,0.1005,0.0986,0.099,6912428.1
2026-07-12 06:00:00+00:00,0.099,0.099,0.0971,0.098,6275790.1
2026-07-12 07:00:00+00:00,0.098,0.0988,0.0977,0.0984,2803592.5
2026-07-12 08:00:00+00:00,0.0984,0.0984,0.0959,0.0962,6086114.4
2026-07-12 09:00:00+00:00,0.0962,0.0962,0.0949,0.0957,5652740.1
2026-07-12 10:00:00+00:00,0.0956,0.0958,0.0948,0.095,3097861.1
2026-07-12 11:00:00+00:00,0.0951,0.0962,0.094,0.0955,6988507.9
2026-07-12 12:00:00+00:00,0.0955,0.0963,0.095,0.0955,5042645.3
2026-07-12 13:00:00+00:00,0.0955,0.0968,0.0952,0.096,4159692.7
2026-07-12 14:00:00+00:00,0.096,0.0962,0.0951,0.0952,3886629.5
2026-07-12 15:00:00+00:00,0.0952,0.096,0.0951,0.0957,2571654.1
2026-07-12 16:00:00+00:00,0.0957,0.0958,0.0948,0.0951,2529664.8
2026-07-12 17:00:00+00:00,0.0951,0.0951,0.0933,0.0939,3434605.9
2026-07-12 18:00:00+00:00,0.0939,0.0941,0.0936,0.0936,1791313.9
2026-07-12 19:00:00+00:00,0.0936,0.0942,0.0936,0.0939,1113159.1
2026-07-12 20:00:00+00:00,0.0939,0.0939,0.0929,0.0932,2833239.1
2026-07-12 21:00:00+00:00,0.0933,0.0935,0.0922,0.0929,3647321.6
2026-07-12 22:00:00+00:00,0.0928,0.0934,0.0922,0.093,3225949.7
2026-07-12 23:00:00+00:00,0.0931,0.0935,0.0926,0.0932,1286575.1
2026-07-13 00:00:00+00:00,0.0932,0.0948,0.0919,0.0929,4539591.6
2026-07-13 01:00:00+00:00,0.0929,0.0936,0.0921,0.0925,2601824.8
2026-07-13 02:00:00+00:00,0.0925,0.0928,0.0914,0.0916,3533313.3
2026-07-13 03:00:00+00:00,0.0917,0.0917,0.0901,0.0906,7937394.9
2026-07-13 04:00:00+00:00,0.0906,0.0913,0.0902,0.0905,2880329.7
2026-07-13 05:00:00+00:00,0.0905,0.0928,0.0902,0.0918,4738333.8
2026-07-13 06:00:00+00:00,0.0919,0.0924,0.0916,0.0919,2786138.5
2026-07-13 07:00:00+00:00,0.092,0.0929,0.0918,0.0927,3110149.6
2026-07-13 08:00:00+00:00,0.0928,0.0931,0.0922,0.0928,1880205.6
2026-07-13 09:00:00+00:00,0.0928,0.094,0.0928,0.0934,4063343.6
2026-07-13 10:00:00+00:00,0.0935,0.0943,0.0926,0.0929,5863570.5
2026-07-13 11:00:00+00:00,0.0929,0.0934,0.0928,0.0928,1575024.0
2026-07-13 12:00:00+00:00,0.0929,0.0934,0.0922,0.0928,3210014.7
2026-07-13 13:00:00+00:00,0.0928,0.0958,0.092,0.0938,14644268.0
2026-07-13 14:00:00+00:00,0.0939,0.0942,0.0925,0.0935,9186543.6
2026-07-13 15:00:00+00:00,0.0935,0.0945,0.093,0.0931,3034164.2
2026-07-13 16:00:00+00:00,0.0932,0.0934,0.0906,0.0907,6245930.0
2026-07-13 17:00:00+00:00,0.0908,0.091,0.0897,0.09,3637177.2
2026-07-13 18:00:00+00:00,0.09,0.0909,0.09,0.0904,2438904.8
2026-07-13 19:00:00+00:00,0.0903,0.0912,0.0901,0.0912,2890424.7
2026-07-13 20:00:00+00:00,0.0911,0.0911,0.0893,0.0897,3482487.5
2026-07-13 21:00:00+00:00,0.0896,0.0897,0.0881,0.089,3318147.4
2026-07-13 22:00:00+00:00,0.0891,0.0897,0.089,0.0892,1041606.3
2026-07-13 23:00:00+00:00,0.0893,0.0904,0.0891,0.0904,1215397.3
2026-07-14 00:00:00+00:00,0.0904,0.0911,0.0901,0.0908,2133704.7
2026-07-14 01:00:00+00:00,0.0908,0.0908,0.0897,0.0898,1801984.7
2026-07-14 02:00:00+00:00,0.0898,0.09,0.0892,0.0895,1299828.2
2026-07-14 03:00:00+00:00,0.0895,0.0898,0.0891,0.0897,1427421.2
2026-07-14 04:00:00+00:00,0.0897,0.0901,0.0895,0.0896,1111445.9
2026-07-14 05:00:00+00:00,0.0895,0.0913,0.0893,0.0902,6578899.9
2026-07-14 06:00:00+00:00,0.0902,0.0905,0.0895,0.0897,2940025.0
2026-07-14 07:00:00+00:00,0.0897,0.09,0.0893,0.0893,1232638.7
2026-07-14 08:00:00+00:00,0.0893,0.0905,0.0891,0.0902,3596872.9
2026-07-14 09:00:00+00:00,0.0902,0.0903,0.0895,0.0897,1453764.5
2026-07-14 10:00:00+00:00,0.0897,0.0901,0.0887,0.0894,3970047.1
2026-07-14 11:00:00+00:00,0.0894,0.0895,0.0889,0.0893,2738157.6
2026-07-14 12:00:00+00:00,0.0893,0.0923,0.0889,0.0917,9744098.0
2026-07-14 13:00:00+00:00,0.0918,0.0931,0.0914,0.0916,6189388.1
2026-07-14 14:00:00+00:00,0.0916,0.0925,0.0909,0.0922,6022079.7
2026-07-14 15:00:00+00:00,0.0922,0.0931,0.0918,0.0923,3186609.6
2026-07-14 16:00:00+00:00,0.0924,0.0931,0.0919,0.092,2954072.2
2026-07-14 17:00:00+00:00,0.092,0.0921,0.091,0.0916,3004918.1
2026-07-14 18:00:00+00:00,0.0916,0.0916,0.0907,0.0912,2908967.4
2026-07-14 19:00:00+00:00,0.0912,0.0915,0.0908,0.0912,1924159.1
2026-07-14 20:00:00+00:00,0.0912,0.0912,0.0906,0.0909,1133763.7
2026-07-14 21:00:00+00:00,0.0909,0.0918,0.0907,0.0913,1783525.0
2026-07-14 22:00:00+00:00,0.0913,0.0916,0.0908,0.0914,2597328.5
2026-07-14 23:00:00+00:00,0.0913,0.0925,0.0911,0.0922,2024621.4
2026-07-15 00:00:00+00:00,0.0923,0.0938,0.092,0.0935,4057733.2
2026-07-15 01:00:00+00:00,0.0935,0.0935,0.0913,0.0917,3529642.1
2026-07-15 02:00:00+00:00,0.0917,0.0922,0.0903,0.0905,5911149.9
2026-07-15 03:00:00+00:00,0.0906,0.091,0.0905,0.091,1566144.4
2026-07-15 04:00:00+00:00,0.091,0.0911,0.0894,0.0897,4768449.7
2026-07-15 05:00:00+00:00,0.0898,0.0901,0.089,0.09,4833514.3
2026-07-15 06:00:00+00:00,0.09,0.0907,0.0893,0.0894,10468037.3
2026-07-15 07:00:00+00:00,0.0894,0.0895,0.0876,0.0881,3517158.9
2026-07-15 08:00:00+00:00,0.0881,0.0885,0.0878,0.0884,1872577.9
2026-07-15 09:00:00+00:00,0.0884,0.0892,0.0883,0.0889,2123850.9
2026-07-15 10:00:00+00:00,0.0889,0.0896,0.0889,0.0893,3341195.0
2026-07-15 11:00:00+00:00,0.0893,0.0895,0.0889,0.0892,1776756.5
2026-07-15 12:00:00+00:00,0.0892,0.0912,0.0889,0.0908,4205951.4
2026-07-15 13:00:00+00:00,0.0907,0.0913,0.0891,0.0896,4568357.2
2026-07-15 14:00:00+00:00,0.0897,0.0902,0.0889,0.0895,4511564.5
2026-07-15 15:00:00+00:00,0.0895,0.0896,0.0883,0.0885,3585117.8
2026-07-15 16:00:00+00:00,0.0886,0.0887,0.0869,0.0879,5987676.3
2026-07-15 17:00:00+00:00,0.0879,0.0882,0.0875,0.088,3272159.1
2026-07-15 18:00:00+00:00,0.088,0.089,0.088,0.0883,2651597.1
2026-07-15 19:00:00+00:00,0.0883,0.0886,0.0875,0.0878,2498036.9
2026-07-15 20:00:00+00:00,0.0879,0.0888,0.0878,0.0885,2195717.0
2026-07-15 21:00:00+00:00,0.0885,0.0889,0.0881,0.0883,1907048.2
2026-07-15 22:00:00+00:00,0.0883,0.0888,0.0881,0.0884,1459595.8
2026-07-15 23:00:00+00:00,0.0885,0.0886,0.0882,0.0885,747884.5
2026-07-16 00:00:00+00:00,0.0885,0.0886,0.0866,0.0875,4319177.0
2026-07-16 01:00:00+00:00,0.0875,0.088,0.0871,0.0878,1161627.2
2026-07-16 02:00:00+00:00,0.0878,0.0878,0.0874,0.0878,711753.5
2026-07-16 03:00:00+00:00,0.0877,0.0878,0.0869,0.0871,1658173.5
2026-07-16 04:00:00+00:00,0.0871,0.0877,0.087,0.0874,841958.1
2026-07-16 05:00:00+00:00,0.0873,0.0881,0.0873,0.0877,1632552.0
2026-07-16 06:00:00+00:00,0.0878,0.0882,0.0868,0.0873,4053703.6
2026-07-16 07:00:00+00:00,0.0873,0.0874,0.0861,0.0868,3093802.6
2026-07-16 08:00:00+00:00,0.0868,0.0871,0.0855,0.0865,4022546.8
2026-07-16 09:00:00+00:00,0.0865,0.0866,0.0861,0.0864,1920764.6
2026-07-16 10:00:00+00:00,0.0865,0.0869,0.0864,0.0869,978786.2
2026-07-16 11:00:00+00:00,0.0869,0.0872,0.0866,0.0872,1208234.3
2026-07-16 12:00:00+00:00,0.0873,0.0873,0.0865,0.0867,1586199.7
2026-07-16 13:00:00+00:00,0.0867,0.0879,0.0866,0.0877,2000335.0
2026-07-16 14:00:00+00:00,0.0877,0.0888,0.0877,0.088,3830385.0
2026-07-16 15:00:00+00:00,0.0881,0.0892,0.0877,0.0884,2646576.4
2026-07-16 16:00:00+00:00,0.0884,0.089,0.088,0.0886,3020550.6
2026-07-16 17:00:00+00:00,0.0886,0.0888,0.0878,0.0883,2906017.2
2026-07-16 18:00:00+00:00,0.0883,0.0895,0.0882,0.0893,3274544.7
2026-07-16 19:00:00+00:00,0.0894,0.0904,0.0893,0.0898,2969359.1
2026-07-16 20:00:00+00:00,0.0898,0.0911,0.0896,0.0899,3008662.8
2026-07-16 21:00:00+00:00,0.09,0.0904,0.0893,0.0895,1387327.3
2026-07-16 22:00:00+00:00,0.0895,0.0898,0.0886,0.0891,1856964.8
2026-07-16 23:00:00+00:00,0.089,0.0893,0.0879,0.089,3196253.3
2026-07-17 00:00:00+00:00,0.0891,0.0901,0.0885,0.0892,3264946.8
2026-07-17 01:00:00+00:00,0.0893,0.0898,0.0878,0.088,2307546.3
2026-07-17 02:00:00+00:00,0.0881,0.089,0.0875,0.089,1966939.6
2026-07-17 03:00:00+00:00,0.089,0.0914,0.0887,0.0899,5854299.7
2026-07-17 04:00:00+00:00,0.0899,0.0901,0.0889,0.0891,1742615.0
2026-07-17 05:00:00+00:00,0.0891,0.0892,0.0879,0.0891,5080414.9
2026-07-17 06:00:00+00:00,0.0891,0.0891,0.088,0.0882,1915955.6
2026-07-17 07:00:00+00:00,0.0882,0.0888,0.0881,0.0884,1999049.2
2026-07-17 08:00:00+00:00,0.0883,0.0897,0.0878,0.0894,1783008.1
2026-07-17 09:00:00+00:00,0.0894,0.0906,0.0894,0.0903,3739440.9
2026-07-17 10:00:00+00:00,0.0903,0.0909,0.0901,0.0904,2867287.7
2026-07-17 11:00:00+00:00,0.0904,0.0907,0.0894,0.0895,2222667.1
2026-07-17 12:00:00+00:00,0.0894,0.0894,0.0884,0.0885,1607005.9
2026-07-17 13:00:00+00:00,0.0886,0.0886,0.0871,0.0886,4198093.4
2026-07-17 14:00:00+00:00,0.0887,0.089,0.0881,0.0883,1525549.5
2026-07-17 15:00:00+00:00,0.0883,0.0886,0.0873,0.0886,2981708.7
2026-07-17 16:00:00+00:00,0.0885,0.0901,0.0882,0.0893,3426956.3
2026-07-17 17:00:00+00:00,0.0893,0.0903,0.0892,0.0895,2499850.2
2026-07-17 18:00:00+00:00,0.0894,0.09,0.0891,0.0897,1266589.2
2026-07-17 19:00:00+00:00,0.0897,0.09,0.0891,0.0897,1099097.2
2026-07-17 20:00:00+00:00,0.0897,0.0901,0.0895,0.09,1320454.0
2026-07-17 21:00:00+00:00,0.09,0.0908,0.0899,0.0905,4632672.3
2026-07-17 22:00:00+00:00,0.0905,0.0911,0.0901,0.0904,2258396.5
2026-07-17 23:00:00+00:00,0.0905,0.0914,0.09,0.0906,2928738.8
2026-07-18 00:00:00+00:00,0.0906,0.0914,0.0904,0.0909,3332224.0
2026-07-18 01:00:00+00:00,0.0909,0.0928,0.0908,0.0918,4488088.4
2026-07-18 02:00:00+00:00,0.0918,0.092,0.0903,0.0905,3027973.7
2026-07-18 03:00:00+00:00,0.0905,0.0907,0.0901,0.0905,2063753.0
2026-07-18 04:00:00+00:00,0.0906,0.0906,0.0897,0.0899,1832806.7
2026-07-18 05:00:00+00:00,0.09,0.0905,0.0896,0.0899,2527512.7
2026-07-18 06:00:00+00:00,0.0898,0.0909,0.0897,0.0906,1301066.5
2026-07-18 07:00:00+00:00,0.0906,0.0906,0.0898,0.09,939524.1
2026-07-18 08:00:00+00:00,0.09,0.0904,0.0898,0.09,906351.4
2026-07-18 09:00:00+00:00,0.0899,0.09,0.0891,0.0897,2729874.4
2026-07-18 10:00:00+00:00,0.0897,0.0908,0.0897,0.0904,2532500.8
2026-07-18 11:00:00+00:00,0.0904,0.0905,0.0896,0.0901,2713702.2
2026-07-18 12:00:00+00:00,0.0901,0.0903,0.0896,0.0901,1851119.7
2026-07-18 13:00:00+00:00,0.09,0.0903,0.0897,0.09,2150435.7
2026-07-18 14:00:00+00:00,0.0901,0.0901,0.0894,0.0899,1898435.1
2026-07-18 15:00:00+00:00,0.0899,0.0901,0.0882,0.0886,4412815.1
2026-07-18 16:00:00+00:00,0.0886,0.089,0.0879,0.0882,4228469.5
2026-07-18 17:00:00+00:00,0.0882,0.0888,0.0882,0.0886,1059736.1
2026-07-18 18:00:00+00:00,0.0885,0.089,0.088,0.0882,1516519.0
2026-07-18 19:00:00+00:00,0.0882,0.0883,0.0879,0.0882,1119396.0
2026-07-18 20:00:00+00:00,0.0882,0.0884,0.088,0.0882,631223.6
2026-07-18 21:00:00+00:00,0.0882,0.0885,0.0881,0.0885,1269849.8
2026-07-18 22:00:00+00:00,0.0885,0.0888,0.0884,0.0885,901493.2
2026-07-18 23:00:00+00:00,0.0885,0.0885,0.0882,0.0884,609948.3
2026-07-19 00:00:00+00:00,0.0883,0.0884,0.0877,0.0881,1334065.8
2026-07-19 01:00:00+00:00,0.0881,0.0881,0.0875,0.0878,890867.3
2026-07-19 02:00:00+00:00,0.0879,0.0888,0.0878,0.0884,1190145.7
2026-07-19 03:00:00+00:00,0.0885,0.0885,0.0877,0.0878,871717.3
2026-07-19 04:00:00+00:00,0.0879,0.0881,0.0876,0.0879,507339.6
2026-07-19 05:00:00+00:00,0.088,0.0881,0.0876,0.0879,1344847.8
2026-07-19 06:00:00+00:00,0.0879,0.0885,0.0879,0.0885,1256034.8
2026-07-19 07:00:00+00:00,0.0885,0.0887,0.0882,0.0883,1409550.4
2026-07-19 08:00:00+00:00,0.0883,0.0892,0.0882,0.0891,1452616.9
2026-07-19 09:00:00+00:00,0.0892,0.0899,0.0888,0.0899,3649452.6
2026-07-19 10:00:00+00:00,0.0899,0.0899,0.0892,0.0894,3035378.6
2026-07-19 11:00:00+00:00,0.0893,0.0898,0.0889,0.0891,2680252.8
2026-07-19 12:00:00+00:00,0.0891,0.0896,0.0881,0.0882,2985007.5
2026-07-19 13:00:00+00:00,0.0882,0.0888,0.0881,0.0885,3209798.3
2026-07-19 14:00:00+00:00,0.0885,0.0891,0.0885,0.0887,1669663.6
2026-07-19 15:00:00+00:00,0.0887,0.0902,0.0886,0.0897,3847324.2
2026-07-19 16:00:00+00:00,0.0898,0.09,0.089,0.0892,2337345.2
2026-07-19 17:00:00+00:00,0.0893,0.0893,0.0884,0.0888,1987066.2
2026-07-19 18:00:00+00:00,0.0887,0.0888,0.088,0.0888,1471444.9
2026-07-19 19:00:00+00:00,0.0888,0.089,0.0885,0.0887,399932.9
2026-07-19 20:00:00+00:00,0.0887,0.0889,0.0885,0.0887,259260.9
2026-07-19 21:00:00+00:00,0.0888,0.0889,0.0882,0.0883,564910.7
2026-07-19 22:00:00+00:00,0.0882,0.0894,0.0881,0.0891,1890833.7
2026-07-19 23:00:00+00:00,0.0891,0.0892,0.0886,0.0891,924646.0
2026-07-20 00:00:00+00:00,0.0891,0.0902,0.0884,0.0886,3181157.2
2026-07-20 01:00:00+00:00,0.0886,0.0895,0.0878,0.088,961994.4
2026-07-20 02:00:00+00:00,0.0881,0.0888,0.088,0.0885,556840.0
2026-07-20 03:00:00+00:00,0.0885,0.0887,0.0876,0.0877,1920984.0
2026-07-20 04:00:00+00:00,0.0878,0.0878,0.0864,0.0866,3459413.7
2026-07-20 05:00:00+00:00,0.0867,0.0867,0.0858,0.0861,2675776.8
2026-07-20 06:00:00+00:00,0.0861,0.0863,0.0853,0.0859,2346321.9
2026-07-20 07:00:00+00:00,0.086,0.0869,0.0858,0.0868,729626.5
2026-07-20 08:00:00+00:00,0.0868,0.0868,0.0859,0.0863,1711625.4
2026-07-20 09:00:00+00:00,0.0864,0.0873,0.0862,0.0871,1800306.8
2026-07-20 10:00:00+00:00,0.087,0.0874,0.0869,0.0871,909275.2
2026-07-20 11:00:00+00:00,0.0871,0.0886,0.087,0.0884,2824825.1
2026-07-20 12:00:00+00:00,0.0884,0.0885,0.0879,0.0882,1776351.5
2026-07-20 13:00:00+00:00,0.0883,0.089,0.0878,0.0884,2727452.7
2026-07-20 14:00:00+00:00,0.0884,0.09,0.0881,0.0891,2374070.4
2026-07-20 15:00:00+00:00,0.0891,0.0915,0.089,0.0908,3403846.4
2026-07-20 16:00:00+00:00,0.0908,0.0912,0.0896,0.09,2451820.7
2026-07-20 17:00:00+00:00,0.09,0.0905,0.0897,0.0901,1918631.4
2026-07-20 18:00:00+00:00,0.0901,0.0908,0.0897,0.0898,2057660.7
2026-07-20 19:00:00+00:00,0.0899,0.0899,0.0892,0.0896,1225233.6
2026-07-20 20:00:00+00:00,0.0896,0.0902,0.0894,0.0899,959509.4
2026-07-20 21:00:00+00:00,0.0899,0.0901,0.0894,0.0898,2748384.7
2026-07-20 22:00:00+00:00,0.0898,0.09,0.0893,0.0896,1210800.1
2026-07-20 23:00:00+00:00,0.0897,0.0906,0.0895,0.0904,1171809.5
2026-07-21 00:00:00+00:00,0.0903,0.091,0.09,0.0907,1720249.4
2026-07-21 01:00:00+00:00,0.0908,0.0914,0.0901,0.0903,2794692.9
2026-07-21 02:00:00+00:00,0.0904,0.0906,0.0895,0.0904,1267394.7
2026-07-21 03:00:00+00:00,0.0904,0.0909,0.0904,0.0907,592082.8
2026-07-21 04:00:00+00:00,0.0906,0.0909,0.0901,0.0902,1599696.7
2026-07-21 05:00:00+00:00,0.0901,0.0906,0.09,0.0903,967690.5
2026-07-21 06:00:00+00:00,0.0902,0.0912,0.0899,0.0908,3016113.4
2026-07-21 07:00:00+00:00,0.0907,0.0919,0.0907,0.0909,3095459.8
2026-07-21 08:00:00+00:00,0.091,0.0912,0.0907,0.0908,1078987.7
2026-07-21 09:00:00+00:00,0.0908,0.0912,0.0903,0.0911,1348123.5
2026-07-21 10:00:00+00:00,0.0911,0.0914,0.0903,0.0905,1796084.2
2026-07-21 11:00:00+00:00,0.0905,0.0906,0.0903,0.0903,1026283.4
2026-07-21 12:00:00+00:00,0.0902,0.0908,0.09,0.0903,5433509.5
2026-07-21 13:00:00+00:00,0.0903,0.0904,0.0894,0.0903,3623586.1
2026-07-21 14:00:00+00:00,0.0902,0.0903,0.0895,0.0897,1459556.0
2026-07-21 15:00:00+00:00,0.0896,0.0899,0.0892,0.0899,1309609.5
2026-07-21 16:00:00+00:00,0.0898,0.0899,0.0892,0.0894,1466784.2
2026-07-21 17:00:00+00:00,0.0894,0.0895,0.0881,0.089,3007785.5
2026-07-21 18:00:00+00:00,0.089,0.0893,0.0888,0.0891,381530.2
2026-07-21 19:00:00+00:00,0.0892,0.0893,0.0889,0.0892,689567.3
2026-07-21 20:00:00+00:00,0.0892,0.0893,0.0889,0.0889,952722.8
2026-07-21 21:00:00+00:00,0.0889,0.0893,0.0888,0.0891,553776.7
2026-07-21 22:00:00+00:00,0.0891,0.0891,0.0884,0.0885,669267.5
2026-07-21 23:00:00+00:00,0.0886,0.089,0.0882,0.089,1148559.9
2026-07-22 00:00:00+00:00,0.0889,0.0905,0.0887,0.0905,1918014.2
2026-07-22 01:00:00+00:00,0.0905,0.0905,0.0898,0.09,2731957.2
2026-07-22 02:00:00+00:00,0.0901,0.0902,0.0895,0.0897,575926.8
2026-07-22 03:00:00+00:00,0.0898,0.0902,0.0894,0.0894,974726.6
2026-07-22 04:00:00+00:00,0.0894,0.0911,0.0894,0.0909,2747052.6
2026-07-22 05:00:00+00:00,0.091,0.0918,0.0899,0.0908,12023713.2
2026-07-22 06:00:00+00:00,0.0908,0.0915,0.09,0.0902,3374566.8
2026-07-22 07:00:00+00:00,0.0902,0.0903,0.0892,0.0893,2041634.9
2026-07-22 08:00:00+00:00,0.0893,0.0902,0.0892,0.0898,1946190.1
2026-07-22 09:00:00+00:00,0.0897,0.0901,0.0892,0.0895,1361160.4
2026-07-22 10:00:00+00:00,0.0895,0.0906,0.0894,0.09,1510534.9
2026-07-22 11:00:00+00:00,0.0899,0.0901,0.0893,0.0895,1142668.0
2026-07-22 12:00:00+00:00,0.0895,0.0895,0.0883,0.0891,3092762.2
2026-07-22 13:00:00+00:00,0.0891,0.0908,0.089,0.0907,4666749.3
2026-07-22 14:00:00+00:00,0.0907,0.0916,0.0902,0.0905,2261086.9
2026-07-22 15:00:00+00:00,0.0905,0.0914,0.0905,0.0909,2887420.7
2026-07-22 16:00:00+00:00,0.0909,0.0919,0.0906,0.0918,1992785.0
2026-07-22 17:00:00+00:00,0.0917,0.0918,0.0906,0.0907,1817140.5
2026-07-22 18:00:00+00:00,0.0907,0.0908,0.0898,0.0903,1530638.6
2026-07-22 19:00:00+00:00,0.0903,0.0907,0.09,0.0905,791514.1
2026-07-22 20:00:00+00:00,0.0904,0.0909,0.0904,0.0905,706811.7
2026-07-22 21:00:00+00:00,0.0905,0.0908,0.0903,0.0907,704494.6
2026-07-22 22:00:00+00:00,0.0907,0.0909,0.09,0.0903,1198856.0
2026-07-22 23:00:00+00:00,0.0902,0.0902,0.0884,0.0901,10012126.8
2026-07-23 00:00:00+00:00,0.0901,0.0913,0.0899,0.0909,2192340.1
2026-07-23 01:00:00+00:00,0.0909,0.0911,0.0903,0.0905,914327.5
2026-07-23 02:00:00+00:00,0.0906,0.0906,0.09,0.0901,749955.8
2026-07-23 03:00:00+00:00,0.0901,0.0902,0.0893,0.0895,810778.0
2026-07-23 04:00:00+00:00,0.0894,0.0897,0.0891,0.0893,1075001.3
2026-07-23 05:00:00+00:00,0.0893,0.0898,0.0889,0.0895,1016382.4
2026-07-23 06:00:00+00:00,0.0894,0.0896,0.0891,0.0893,1510840.7
2026-07-23 07:00:00+00:00,0.0893,0.0893,0.0883,0.0885,2910783.4
2026-07-23 08:00:00+00:00,0.0885,0.089,0.0884,0.0889,719239.3
2026-07-23 09:00:00+00:00,0.0888,0.0892,0.0886,0.0889,830806.7
2026-07-23 10:00:00+00:00,0.0888,0.0891,0.0887,0.0888,544854.5
2026-07-23 11:00:00+00:00,0.0888,0.0891,0.088,0.0883,1774709.4
2026-07-23 12:00:00+00:00,0.0882,0.0884,0.0869,0.0873,3067311.8
2026-07-23 13:00:00+00:00,0.0873,0.0875,0.0867,0.0868,2883044.4
2026-07-23 14:00:00+00:00,0.0868,0.0873,0.0863,0.0864,1387971.8
2026-07-23 15:00:00+00:00,0.0865,0.0867,0.0855,0.0866,4243815.4
2026-07-23 16:00:00+00:00,0.0866,0.0866,0.0861,0.0865,1550071.3
2026-07-23 17:00:00+00:00,0.0864,0.0868,0.0856,0.0859,1545088.3
2026-07-23 18:00:00+00:00,0.0858,0.0866,0.0858,0.0863,1618980.0
2026-07-23 19:00:00+00:00,0.0864,0.0866,0.086,0.0865,956616.4
2026-07-23 20:00:00+00:00,0.0865,0.0872,0.0865,0.0871,842015.3
2026-07-23 21:00:00+00:00,0.0871,0.0872,0.0867,0.0869,541003.1
2026-07-23 22:00:00+00:00,0.0869,0.0869,0.0863,0.0864,856617.6
2026-07-23 23:00:00+00:00,0.0865,0.0865,0.0859,0.0862,1688816.9
2026-07-24 00:00:00+00:00,0.0862,0.0863,0.0857,0.0862,1950240.2
2026-07-24 01:00:00+00:00,0.0861,0.0863,0.0858,0.0861,893933.9
2026-07-24 02:00:00+00:00,0.0861,0.0862,0.0848,0.085,3569386.1
2026-07-24 03:00:00+00:00,0.0849,0.0857,0.0849,0.0854,2040819.3
2026-07-24 04:00:00+00:00,0.0853,0.0855,0.085,0.0851,640623.4
2026-07-24 05:00:00+00:00,0.0851,0.0856,0.0851,0.0854,1296001.5
2026-07-24 06:00:00+00:00,0.0854,0.0863,0.0853,0.0859,2051554.4
2026-07-24 07:00:00+00:00,0.086,0.087,0.0858,0.0864,1500150.4
2026-07-24 08:00:00+00:00,0.0864,0.0864,0.0858,0.086,445181.5
2026-07-24 09:00:00+00:00,0.086,0.0861,0.0853,0.0857,1625504.6
2026-07-24 10:00:00+00:00,0.0856,0.0857,0.085,0.0851,1010619.3
2026-07-24 11:00:00+00:00,0.0851,0.0852,0.0847,0.0851,1152261.6
2026-07-24 12:00:00+00:00,0.085,0.0853,0.0844,0.0846,1233256.4
2026-07-24 13:00:00+00:00,0.0846,0.0846,0.0834,0.0839,3174906.0
2026-07-24 14:00:00+00:00,0.084,0.0844,0.083,0.0843,5883342.0
2026-07-24 15:00:00+00:00,0.0843,0.0845,0.0838,0.0838,1390830.9
2026-07-24 16:00:00+00:00,0.0838,0.0839,0.0834,0.0836,957916.2
2026-07-24 17:00:00+00:00,0.0837,0.0842,0.0835,0.0839,1140717.3
2026-07-24 18:00:00+00:00,0.084,0.0841,0.0837,0.084,181804.2
2026-07-24 19:00:00+00:00,0.0839,0.0841,0.0838,0.0839,235353.9
2026-07-24 20:00:00+00:00,0.0839,0.084,0.0835,0.0838,1044657.8
2026-07-24 21:00:00+00:00,0.0837,0.0838,0.0829,0.0831,1228931.3
2026-07-24 22:00:00+00:00,0.0832,0.0833,0.0828,0.0832,846436.7
2026-07-24 23:00:00+00:00,0.0832,0.0833,0.083,0.0831,242614.6
2026-07-25 00:00:00+00:00,0.0831,0.0832,0.0821,0.0827,1177460.8
2026-07-25 01:00:00+00:00,0.0826,0.0827,0.0818,0.0822,1666196.9
2026-07-25 02:00:00+00:00,0.0821,0.0825,0.0818,0.0823,846007.6
2026-07-25 03:00:00+00:00,0.0822,0.0825,0.0821,0.0823,618134.1
2026-07-25 04:00:00+00:00,0.0824,0.0827,0.0823,0.0825,328080.9
2026-07-25 05:00:00+00:00,0.0826,0.0827,0.0824,0.0826,547291.6
2026-07-25 06:00:00+00:00,0.0826,0.0827,0.0822,0.0825,1178155.8
2026-07-25 07:00:00+00:00,0.0825,0.0829,0.0825,0.0827,629271.5
2026-07-25 08:00:00+00:00,0.0826,0.0834,0.0825,0.0829,828275.0
2026-07-25 09:00:00+00:00,0.083,0.0834,0.0827,0.0829,718907.9
2026-07-25 10:00:00+00:00,0.083,0.0832,0.0829,0.083,288676.0
2026-07-25 11:00:00+00:00,0.0831,0.0834,0.0828,0.0829,731712.7
2026-07-25 12:00:00+00:00,0.0829,0.0832,0.0828,0.0832,232889.2
2026-07-25 13:00:00+00:00,0.0831,0.0836,0.083,0.083,1239987.6
2026-07-25 14:00:00+00:00,0.0831,0.0831,0.0826,0.0827,825173.7
2026-07-25 15:00:00+00:00,0.0828,0.0831,0.0824,0.083,2227360.1
2026-07-25 16:00:00+00:00,0.083,0.0831,0.0826,0.0828,1131721.1
2026-07-25 17:00:00+00:00,0.0828,0.0835,0.0827,0.0832,1008894.5
2026-07-25 18:00:00+00:00,0.0832,0.0835,0.0831,0.0832,1058317.8
2026-07-25 19:00:00+00:00,0.0832,0.0833,0.083,0.0833,884130.3
2026-07-25 20:00:00+00:00,0.0832,0.0833,0.083,0.0832,340716.9
2026-07-25 21:00:00+00:00,0.0832,0.0833,0.0828,0.0831,1175616.2
2026-07-25 22:00:00+00:00,0.0831,0.0833,0.0828,0.083,1029774.0
2026-07-25 23:00:00+00:00,0.083,0.083,0.0824,0.0825,893462.3
2026-07-26 00:00:00+00:00,0.0825,0.0825,0.0821,0.0822,677052.0
2026-07-26 01:00:00+00:00,0.0823,0.0825,0.0821,0.0823,764436.1
2026-07-26 02:00:00+00:00,0.0824,0.0826,0.082,0.0825,1092384.9
2026-07-26 03:00:00+00:00,0.0824,0.0827,0.0823,0.0825,1716667.6
2026-07-26 04:00:00+00:00,0.0825,0.0831,0.0824,0.0827,1706172.7
2026-07-26 05:00:00+00:00,0.0828,0.083,0.0826,0.0829,934264.9
2026-07-26 06:00:00+00:00,0.0828,0.0831,0.0824,0.083,1109799.1
2026-07-26 07:00:00+00:00,0.0831,0.0832,0.0826,0.0827,930924.2
2026-07-26 08:00:00+00:00,0.0828,0.0829,0.0824,0.0826,1643570.1
2026-07-26 09:00:00+00:00,0.0826,0.0828,0.0822,0.0822,1333003.8
2026-07-26 10:00:00+00:00,0.0822,0.083,0.0821,0.0829,1496606.7
2026-07-26 11:00:00+00:00,0.0828,0.0834,0.0826,0.0828,1659313.5
2026-07-26 12:00:00+00:00,0.0828,0.0831,0.0827,0.0828,926379.8
2026-07-26 13:00:00+00:00,0.0828,0.0828,0.0822,0.0824,1164332.3
2026-07-26 14:00:00+00:00,0.0823,0.0827,0.0823,0.0824,903949.7
2026-07-26 15:00:00+00:00,0.0824,0.0828,0.0822,0.0827,1215533.4
2026-07-26 16:00:00+00:00,0.0827,0.0831,0.0825,0.0826,1806704.4
2026-07-26 17:00:00+00:00,0.0826,0.0827,0.0824,0.0825,614128.1
2026-07-26 18:00:00+00:00,0.0824,0.0826,0.0823,0.0825,807577.7
2026-07-26 19:00:00+00:00,0.0825,0.0825,0.0821,0.0824,508047.3
2026-07-26 20:00:00+00:00,0.0825,0.0825,0.0822,0.0823,522433.1
2026-07-26 21:00:00+00:00,0.0822,0.0828,0.0822,0.0825,2969043.7
2026-07-26 22:00:00+00:00,0.0825,0.0837,0.0825,0.0834,2174716.6
2026-07-26 23:00:00+00:00,0.0834,0.0837,0.083,0.0833,1370983.1
2026-07-27 00:00:00+00:00,0.0832,0.0833,0.0823,0.0824,2432756.4
2026-07-27 01:00:00+00:00,0.0824,0.0825,0.0816,0.0821,2762780.8
2026-07-27 02:00:00+00:00,0.0821,0.0824,0.0818,0.0823,1311295.2
2026-07-27 03:00:00+00:00,0.0824,0.0826,0.0821,0.0821,1101107.4
2026-07-27 04:00:00+00:00,0.0822,0.0825,0.0818,0.0821,1246503.1
2026-07-27 05:00:00+00:00,0.0821,0.0823,0.0818,0.082,1291265.2
2026-07-27 06:00:00+00:00,0.082,0.0827,0.0819,0.0823,2349180.1
2026-07-27 07:00:00+00:00,0.0822,0.0824,0.0818,0.0822,887318.7
2026-07-27 08:00:00+00:00,0.0822,0.0822,0.0817,0.0818,739453.5
2026-07-27 09:00:00+00:00,0.0818,0.082,0.0812,0.082,2322773.7
2026-07-27 10:00:00+00:00,0.0819,0.0825,0.0818,0.0822,1854014.0
2026-07-27 11:00:00+00:00,0.0821,0.0822,0.0817,0.0817,1809298.1
2026-07-27 12:00:00+00:00,0.0817,0.0821,0.0808,0.0816,1807297.9
2026-07-27 13:00:00+00:00,0.0816,0.0824,0.0809,0.0816,1917526.5
2026-07-27 14:00:00+00:00,0.0817,0.082,0.0794,0.0799,5931658.6
2026-07-27 15:00:00+00:00,0.0798,0.08,0.079,0.0793,4310988.2
2026-07-27 16:00:00+00:00,0.0792,0.0797,0.079,0.0796,1906926.5
2026-07-27 17:00:00+00:00,0.0796,0.0801,0.0796,0.0798,2120437.6
2026-07-27 18:00:00+00:00,0.0798,0.08,0.079,0.0795,2513542.8
2026-07-27 19:00:00+00:00,0.0795,0.0798,0.0793,0.0795,525218.5
2026-07-27 20:00:00+00:00,0.0796,0.0797,0.0792,0.0795,488455.7
2026-07-27 21:00:00+00:00,0.0795,0.0796,0.0789,0.079,1315232.4
2026-07-27 22:00:00+00:00,0.079,0.079,0.0768,0.077,4378798.4
2026-07-27 23:00:00+00:00,0.0769,0.0775,0.0765,0.0771,2309572.0
2026-07-28 00:00:00+00:00,0.0771,0.0778,0.0771,0.0773,1103068.8
2026-07-28 01:00:00+00:00,0.0774,0.0775,0.0768,0.0773,2111345.6
2026-07-28 02:00:00+00:00,0.0772,0.0778,0.0771,0.0777,579410.2
2026-07-28 03:00:00+00:00,0.0778,0.0779,0.0775,0.0777,1182617.5
2026-07-28 04:00:00+00:00,0.0777,0.0778,0.0773,0.0776,705803.3
2026-07-28 05:00:00+00:00,0.0777,0.078,0.0776,0.0777,455931.6
2026-07-28 06:00:00+00:00,0.0777,0.0782,0.0776,0.0781,1367368.3
2026-07-28 07:00:00+00:00,0.0781,0.0782,0.0777,0.078,671462.8
2026-07-28 08:00:00+00:00,0.0779,0.078,0.0775,0.0777,687802.7
2026-07-28 09:00:00+00:00,0.0777,0.0778,0.0774,0.0776,975185.7
2026-07-28 10:00:00+00:00,0.0776,0.0778,0.0775,0.0776,885708.7
2026-07-28 11:00:00+00:00,0.0777,0.078,0.0774,0.0777,1276780.5
2026-07-28 12:00:00+00:00,0.0776,0.0789,0.0776,0.0784,2266308.2
2026-07-28 13:00:00+00:00,0.0784,0.0786,0.0772,0.0778,1654489.5
2026-07-28 14:00:00+00:00,0.0779,0.0787,0.0777,0.0783,1946133.9
2026-07-28 15:00:00+00:00,0.0783,0.0798,0.0783,0.0794,3697259.7
2026-07-28 16:00:00+00:00,0.0794,0.0796,0.0788,0.079,1417374.2
2026-07-28 17:00:00+00:00,0.0789,0.079,0.0784,0.0788,639641.2
2026-07-28 18:00:00+00:00,0.0788,0.0791,0.0782,0.0783,1203424.6
2026-07-28 19:00:00+00:00,0.0784,0.0785,0.078,0.0783,1440356.4
2026-07-28 20:00:00+00:00,0.0783,0.0784,0.078,0.0782,1272108.4
2026-07-28 21:00:00+00:00,0.0783,0.0792,0.0783,0.0791,1319950.6
2026-07-28 22:00:00+00:00,0.079,0.0795,0.0787,0.0787,3221012.1
2026-07-28 23:00:00+00:00,0.0787,0.0793,0.0786,0.079,2531482.7
2026-07-29 00:00:00+00:00,0.0791,0.0795,0.0789,0.079,2224667.1
2026-07-29 01:00:00+00:00,0.079,0.0792,0.0783,0.0784,961987.4
2026-07-29 02:00:00+00:00,0.0784,0.0787,0.0782,0.0784,1032018.1
2026-07-29 03:00:00+00:00,0.0785,0.0785,0.0772,0.0773,1898767.3
2026-07-29 04:00:00+00:00,0.0773,0.0778,0.0768,0.0777,2319971.4
2026-07-29 05:00:00+00:00,0.0776,0.078,0.0776,0.0778,620668.4
2026-07-29 06:00:00+00:00,0.0778,0.0784,0.0777,0.0781,1645769.4
2026-07-29 07:00:00+00:00,0.0782,0.0787,0.0781,0.0787,1083751.8
2026-07-29 08:00:00+00:00,0.0786,0.0788,0.0779,0.0783,1098457.2
2026-07-29 09:00:00+00:00,0.0782,0.0786,0.0782,0.0784,826780.0
2026-07-29 10:00:00+00:00,0.0784,0.0785,0.0778,0.0779,807651.2
2026-07-29 11:00:00+00:00,0.0779,0.0784,0.0779,0.0783,1779342.2
2026-07-29 12:00:00+00:00,0.0783,0.0784,0.0779,0.0781,1272390.2
2026-07-29 13:00:00+00:00,0.0781,0.0784,0.0778,0.0783,1119133.2
2026-07-29 14:00:00+00:00,0.0783,0.0784,0.0777,0.0779,1469831.7
2026-07-29 15:00:00+00:00,0.0778,0.0785,0.0777,0.078,2010163.8
2026-07-29 16:00:00+00:00,0.0779,0.0782,0.0777,0.0777,2520559.0
2026-07-29 17:00:00+00:00,0.0777,0.0788,0.0777,0.0788,1180089.0
2026-07-29 18:00:00+00:00,0.0789,0.0796,0.0781,0.079,4417184.0
2026-07-29 19:00:00+00:00,0.0791,0.0792,0.0777,0.078,2403101.6
2026-07-29 20:00:00+00:00,0.078,0.0782,0.0773,0.0776,2419931.4
2026-07-29 21:00:00+00:00,0.0776,0.0782,0.077,0.0782,2373869.7
2026-07-29 22:00:00+00:00,0.0781,0.0792,0.0781,0.0791,2216663.7
2026-07-29 23:00:00+00:00,0.0791,0.0792,0.0786,0.0791,1495076.5
2026-07-30 00:00:00+00:00,0.0792,0.0794,0.0787,0.0789,1550734.2
2026-07-30 01:00:00+00:00,0.079,0.08,0.079,0.0798,1370036.0
2026-07-30 02:00:00+00:00,0.0798,0.0802,0.0791,0.0792,2192296.5
2026-07-30 03:00:00+00:00,0.0791,0.0794,0.079,0.0792,471320.1
2026-07-30 04:00:00+00:00,0.0792,0.0793,0.0789,0.079,625952.4
2026-07-30 05:00:00+00:00,0.0791,0.0792,0.0789,0.079,765725.3
2026-07-30 06:00:00+00:00,0.079,0.0791,0.0787,0.0788,1247718.6
2026-07-30 07:00:00+00:00,0.0788,0.0792,0.0787,0.0789,872309.5
2026-07-30 08:00:00+00:00,0.0789,0.0794,0.0788,0.0792,811373.8
2026-07-30 09:00:00+00:00,0.0792,0.0794,0.0791,0.0792,1338738.5
2026-07-30 10:00:00+00:00,0.0792,0.0795,0.0781,0.0783,1698083.8
2026-07-30 11:00:00+00:00,0.0783,0.0785,0.078,0.0783,1913451.0
2026-07-30 12:00:00+00:00,0.0783,0.0784,0.0779,0.0781,1623365.8
2026-07-30 13:00:00+00:00,0.078,0.0785,0.0778,0.0784,1375603.2
2026-07-30 14:00:00+00:00,0.0784,0.0787,0.0781,0.0782,2233295.5
2026-07-30 15:00:00+00:00,0.0781,0.0784,0.0779,0.0782,1358476.5
2026-07-30 16:00:00+00:00,0.0782,0.0784,0.0777,0.0781,2123205.5
2026-07-30 17:00:00+00:00,0.078,0.0787,0.0778,0.0784,1551999.2
2026-07-30 18:00:00+00:00,0.0783,0.0784,0.0779,0.0781,661356.7
2026-07-30 19:00:00+00:00,0.078,0.0787,0.078,0.0782,2211585.4
2026-07-30 20:00:00+00:00,0.0782,0.0785,0.0779,0.0781,1269227.2
2026-07-30 21:00:00+00:00,0.0781,0.0783,0.0778,0.0781,1136923.2
2026-07-30 22:00:00+00:00,0.078,0.0783,0.0779,0.0782,1209374.2
2026-07-30 23:00:00+00:00,0.0782,0.0782,0.0774,0.0774,1822432.8
2026-07-31 00:00:00+00:00,0.0775,0.0777,0.0771,0.0775,2377238.0
2026-07-31 01:00:00+00:00,0.0776,0.0782,0.0772,0.0774,2206836.4
2026-07-31 02:00:00+00:00,0.0774,0.0775,0.077,0.0772,1324559.4
2026-07-31 03:00:00+00:00,0.0772,0.0779,0.0771,0.0777,897811.9
2026-07-31 04:00:00+00:00,0.0776,0.0777,0.0774,0.0776,606619.3
2026-07-31 05:00:00+00:00,0.0776,0.0778,0.0772,0.0773,844072.3
2026-07-31 06:00:00+00:00,0.0774,0.0774,0.0767,0.0768,1805253.2
2026-07-31 07:00:00+00:00,0.0768,0.0772,0.0765,0.077,1782120.6
2026-07-31 08:00:00+00:00,0.0771,0.0772,0.0768,0.0769,622543.7
2026-07-31 09:00:00+00:00,0.077,0.077,0.0761,0.0761,2803726.6
2026-07-31 10:00:00+00:00,0.0761,0.0764,0.0759,0.0762,1184753.8
2026-07-31 11:00:00+00:00,0.0762,0.0764,0.076,0.076,1643309.9
2026-07-31 12:00:00+00:00,0.076,0.0765,0.0756,0.0765,2445410.9
2026-07-31 13:00:00+00:00,0.0764,0.0768,0.0761,0.0763,1252552.5
2026-07-31 14:00:00+00:00,0.0764,0.0775,0.0757,0.0773,2825417.1
2026-07-31 15:00:00+00:00,0.0772,0.0775,0.077,0.0771,1673248.7
2026-07-31 16:00:00+00:00,0.0771,0.0774,0.0769,0.0771,1154278.0
2026-07-31 17:00:00+00:00,0.0771,0.0777,0.077,0.0775,2550757.2
2026-07-31 18:00:00+00:00,0.0775,0.0776,0.0772,0.0774,420382.2
2026-07-31 19:00:00+00:00,0.0774,0.0774,0.0769,0.0771,450703.6
2026-07-31 20:00:00+00:00,0.0771,0.0774,0.077,0.0771,661719.6
2026-07-31 21:00:00+00:00,0.0772,0.0774,0.077,0.0772,684645.2
2026-07-31 22:00:00+00:00,0.0772,0.0775,0.0771,0.0772,599957.5
2026-07-31 23:00:00+00:00,0.0773,0.0784,0.0772,0.0783,1515198.7
2026-08-01 00:00:00+00:00,0.0784,0.079,0.0781,0.0784,2728763.4
2026-08-01 01:00:00+00:00,0.0785,0.0788,0.0784,0.0784,1934892.2
2026-08-01 02:00:00+00:00,0.0785,0.0787,0.0784,0.0784,473659.8
2026-08-01 03:00:00+00:00,0.0784,0.0786,0.0781,0.0783,1045731.2
2026-08-01 04:00:00+00:00,0.0783,0.0785,0.0782,0.0784,1218202.9
2026-08-01 05:00:00+00:00,0.0785,0.0785,0.0779,0.0779,1324609.6
2026-08-01 06:00:00+00:00,0.0779,0.0781,0.0777,0.078,647407.8
2026-08-01 07:00:00+00:00,0.078,0.0781,0.0779,0.0779,424996.4
2026-08-01 08:00:00+00:00,0.078,0.0781,0.0778,0.078,1248776.3
2026-08-01 09:00:00+00:00,0.078,0.0783,0.0778,0.0782,1075450.5
2026-08-01 10:00:00+00:00,0.0782,0.0783,0.0779,0.0781,1078299.2
2026-08-01 11:00:00+00:00,0.078,0.0784,0.078,0.0784,369070.5
2026-08-01 12:00:00+00:00,0.0784,0.0788,0.0784,0.0786,732028.0
2026-08-01 13:00:00+00:00,0.0786,0.0789,0.0782,0.0785,1070388.1
2026-08-01 14:00:00+00:00,0.0785,0.0785,0.0779,0.0783,1134167.8
2026-08-01 15:00:00+00:00,0.0784,0.0785,0.0782,0.0783,1096837.0
2026-08-01 16:00:00+00:00,0.0783,0.0786,0.0782,0.0783,595807.8
2026-08-01 17:00:00+00:00,0.0783,0.0785,0.0779,0.0781,1226022.3
2026-08-01 18:00:00+00:00,0.0781,0.0783,0.077,0.0781,3141994.7
2026-08-01 19:00:00+00:00,0.078,0.079,0.078,0.0785,3940487.4
2026-08-01 20:00:00+00:00,0.0785,0.0787,0.0783,0.0785,660218.3
2026-08-01 21:00:00+00:00,0.0786,0.0796,0.0784,0.0795,1675301.2
2026-08-01 22:00:00+00:00,0.0794,0.0798,0.0789,0.079,2342306.9
2026-08-01 23:00:00+00:00,0.0789,0.0791,0.0787,0.0789,1137014.8
2026-08-02 00:00:00+00:00,0.0789,0.0795,0.0789,0.0793,4075048.5
2026-08-02 01:00:00+00:00,0.0793,0.0798,0.0793,0.0796,646165.8
2026-08-02 02:00:00+00:00,0.0796,0.0806,0.0796,0.0805,1703068.9
2026-08-02 03:00:00+00:00,0.0804,0.0808,0.0802,0.0808,1599291.7
2026-08-02 04:00:00+00:00,0.0808,0.0813,0.0807,0.0811,2238715.0
2026-08-02 05:00:00+00:00,0.0811,0.0822,0.0807,0.0818,4470869.9
2026-08-02 06:00:00+00:00,0.0819,0.0823,0.0815,0.0816,2500629.0
2026-08-02 07:00:00+00:00,0.0816,0.082,0.0815,0.0818,932739.4
2026-08-02 08:00:00+00:00,0.0819,0.0822,0.0816,0.0819,1927526.7
2026-08-02 09:00:00+00:00,0.0819,0.0823,0.0817,0.0819,1516452.3
2026-08-02 10:00:00+00:00,0.0819,0.082,0.0816,0.0816,1162463.4
2026-08-02 11:00:00+00:00,0.0816,0.082,0.0815,0.0815,1410332.4
2026-08-02 12:00:00+00:00,0.0815,0.0819,0.0815,0.0818,844257.1
2026-08-02 13:00:00+00:00,0.0818,0.0818,0.0811,0.0812,3168229.6
2026-08-02 14:00:00+00:00,0.0812,0.0815,0.0801,0.0805,10488758.6
2026-08-02 15:00:00+00:00,0.0805,0.0807,0.0802,0.0807,3600868.3
2026-08-02 16:00:00+00:00,0.0807,0.0812,0.0804,0.0806,2551532.9
2026-08-02 17:00:00+00:00,0.0806,0.081,0.0806,0.0809,465508.4
2026-08-02 18:00:00+00:00,0.081,0.0817,0.081,0.0814,2418939.7
2026-08-02 19:00:00+00:00,0.0814,0.0817,0.0813,0.0816,588615.9
2026-08-02 20:00:00+00:00,0.0816,0.0817,0.0812,0.0813,810928.8
2026-08-02 21:00:00+00:00,0.0813,0.0819,0.0812,0.0817,1021187.2
2026-08-02 22:00:00+00:00,0.0818,0.0819,0.0812,0.0814,1326250.2
2026-08-02 23:00:00+00:00,0.0814,0.0818,0.0812,0.0816,1847979.6
2026-08-03 00:00:00+00:00,0.0817,0.0818,0.0811,0.0812,1504767.1
2026-08-03 01:00:00+00:00,0.0812,0.0812,0.0806,0.0808,2444182.0
2026-08-03 02:00:00+00:00,0.0807,0.0808,0.0803,0.0804,586694.9
2026-08-03 03:00:00+00:00,0.0804,0.0808,0.0802,0.0807,1609805.5
2026-08-03 04:00:00+00:00,0.0806,0.0809,0.0805,0.0806,821131.0
2026-08-03 05:00:00+00:00,0.0805,0.081,0.0805,0.081,514907.6
2026-08-03 06:00:00+00:00,0.081,0.081,0.0803,0.0805,935958.2
2026-08-03 07:00:00+00:00,0.0804,0.0807,0.0802,0.0803,2543347.6
2026-08-03 08:00:00+00:00,0.0803,0.0809,0.0799,0.0809,1438186.0
2026-08-03 09:00:00+00:00,0.0809,0.0813,0.0806,0.0811,2231784.5
2026-08-03 10:00:00+00:00,0.0811,0.0813,0.0803,0.0805,712642.3
2026-08-03 11:00:00+00:00,0.0805,0.0809,0.0804,0.0808,1238895.5
2026-08-03 12:00:00+00:00,0.0808,0.0815,0.0807,0.0813,1819248.9
2026-08-03 13:00:00+00:00,0.0813,0.0815,0.0804,0.0815,1958814.0
2026-08-03 14:00:00+00:00,0.0815,0.082,0.0811,0.0814,2903999.0
2026-08-03 15:00:00+00:00,0.0814,0.0815,0.0811,0.0813,1142410.7
2026-08-03 16:00:00+00:00,0.0812,0.0821,0.0812,0.0818,1793381.6
2026-08-03 17:00:00+00:00,0.0818,0.0821,0.0817,0.0819,1222335.1
2026-08-03 18:00:00+00:00,0.0818,0.082,0.0814,0.0816,2333977.0
2026-08-03 19:00:00+00:00,0.0817,0.0824,0.0816,0.0823,945470.5
2026-08-03 20:00:00+00:00,0.0824,0.0829,0.0821,0.0824,1646723.3
2026-08-03 21:00:00+00:00,0.0824,0.083,0.0823,0.0827,715702.0
2026-08-03 22:00:00+00:00,0.0827,0.0827,0.0821,0.0824,716091.4
2026-08-03 23:00:00+00:00,0.0824,0.0828,0.0821,0.0827,527418.3
2026-08-04 00:00:00+00:00,0.0827,0.0832,0.0818,0.082,1119750.8
2026-08-04 01:00:00+00:00,0.082,0.0837,0.082,0.0837,2854831.4
2026-08-04 02:00:00+00:00,0.0836,0.0841,0.0833,0.0839,2073330.7
2026-08-04 03:00:00+00:00,0.0839,0.084,0.0831,0.0831,2499452.5
2026-08-04 04:00:00+00:00,0.0831,0.0836,0.083,0.0833,873340.8
2026-08-04 05:00:00+00:00,0.0833,0.0834,0.083,0.0832,745580.1
2026-08-04 06:00:00+00:00,0.0832,0.0834,0.0826,0.0827,1566198.6
2026-08-04 07:00:00+00:00,0.0828,0.0828,0.0824,0.0827,1052484.8
2026-08-04 08:00:00+00:00,0.0827,0.0828,0.0822,0.0824,681395.4
2026-08-04 09:00:00+00:00,0.0824,0.0826,0.0822,0.0825,682193.9
2026-08-04 10:00:00+00:00,0.0825,0.0825,0.0819,0.0822,915898.3
2026-08-04 11:00:00+00:00,0.0822,0.0824,0.0819,0.0823,901705.6
2026-08-04 12:00:00+00:00,0.0823,0.0823,0.0819,0.0819,618701.1
2026-08-04 13:00:00+00:00,0.082,0.0821,0.0812,0.0815,5440805.6
2026-08-04 14:00:00+00:00,0.0815,0.082,0.081,0.0817,1945265.2
2026-08-04 15:00:00+00:00,0.0817,0.082,0.0813,0.0818,1195264.5
2026-08-04 16:00:00+00:00,0.0817,0.0818,0.0812,0.0813,1521353.6
2026-08-04 17:00:00+00:00,0.0813,0.082,0.0813,0.0815,888401.8
2026-08-04 18:00:00+00:00,0.0814,0.0821,0.0814,0.082,1119733.9
2026-08-04 19:00:00+00:00,0.082,0.0822,0.0819,0.0819,1138299.2
2026-08-04 20:00:00+00:00,0.0819,0.0826,0.0817,0.0825,1927105.5
2026-08-04 21:00:00+00:00,0.0825,0.0826,0.0823,0.0824,520632.8
2026-08-04 22:00:00+00:00,0.0824,0.0825,0.0822,0.0824,637034.0
2026-08-04 23:00:00+00:00,0.0823,0.0824,0.0819,0.0819,713642.1
2026-08-05 00:00:00+00:00,0.0818,0.082,0.0808,0.0809,2277495.3
2026-08-05 01:00:00+00:00,0.0808,0.0813,0.0808,0.0812,350796.2
2026-08-05 02:00:00+00:00,0.0812,0.0816,0.0812,0.0815,779143.9
2026-08-05 03:00:00+00:00,0.0814,0.0814,0.0805,0.0806,1702079.8
2026-08-05 04:00:00+00:00,0.0806,0.0808,0.0804,0.0806,1699439.7
2026-08-05 05:00:00+00:00,0.0805,0.0811,0.0805,0.0809,861969.1
2026-08-05 06:00:00+00:00,0.0808,0.0809,0.0805,0.0806,1048473.7
2026-08-05 07:00:00+00:00,0.0806,0.081,0.0805,0.081,689504.0
2026-08-05 08:00:00+00:00,0.0811,0.0814,0.0808,0.0809,839292.9
2026-08-05 09:00:00+00:00,0.0808,0.0815,0.0808,0.0811,1525068.5
2026-08-05 10:00:00+00:00,0.0811,0.0813,0.081,0.0812,715863.8
2026-08-05 11:00:00+00:00,0.0812,0.0813,0.0809,0.0811,605593.5
2026-08-05 12:00:00+00:00,0.081,0.0817,0.081,0.0811,728569.0
2026-08-05 13:00:00+00:00,0.0812,0.0813,0.0801,0.0808,2239225.4
2026-08-05 14:00:00+00:00,0.0809,0.0812,0.0807,0.0808,2223013.9
2026-08-05 15:00:00+00:00,0.0808,0.0813,0.0806,0.0807,1335054.4
2026-08-05 16:00:00+00:00,0.0806,0.0814,0.0806,0.0812,651138.2
2026-08-05 17:00:00+00:00,0.0813,0.0815,0.081,0.0812,1425164.9
2026-08-05 18:00:00+00:00,0.0813,0.0814,0.081,0.0811,908805.4
2026-08-05 19:00:00+00:00,0.0811,0.0812,0.0806,0.0807,968948.8
2026-08-05 20:00:00+00:00,0.0807,0.081,0.0805,0.0808,607446.0
2026-08-05 21:00:00+00:00,0.0808,0.0808,0.0804,0.0806,567800.5
2026-08-05 22:00:00+00:00,0.0806,0.0808,0.0805,0.0805,634035.0
2026-08-05 23:00:00+00:00,0.0805,0.0807,0.0804,0.0804,950842.2
2026-08-06 00:00:00+00:00,0.0805,0.0808,0.0804,0.0807,1117123.9
2026-08-06 01:00:00+00:00,0.0806,0.0807,0.0796,0.0797,3258997.7
2026-08-06 02:00:00+00:00,0.0798,0.0799,0.0795,0.0799,938314.8
2026-08-06 03:00:00+00:00,0.0798,0.0799,0.0795,0.0796,929712.4
2026-08-06 04:00:00+00:00,0.0796,0.0801,0.0795,0.08,1070047.9
2026-08-06 05:00:00+00:00,0.08,0.0804,0.0799,0.08,878277.2
2026-08-06 06:00:00+00:00,0.0801,0.0801,0.0799,0.08,892718.4
2026-08-06 07:00:00+00:00,0.0799,0.0804,0.0798,0.08,979855.4
2026-08-06 08:00:00+00:00,0.08,0.0802,0.0798,0.0801,879925.9
2026-08-06 09:00:00+00:00,0.0801,0.0801,0.0771,0.0783,11154181.4
2026-08-06 10:00:00+00:00,0.0783,0.0783,0.0774,0.0775,2269910.9
2026-08-06 11:00:00+00:00,0.0775,0.078,0.0772,0.078,1509522.1
2026-08-06 12:00:00+00:00,0.078,0.078,0.0774,0.0776,1499204.4
2026-08-06 13:00:00+00:00,0.0776,0.0783,0.0774,0.0782,1549098.9
2026-08-06 14:00:00+00:00,0.0781,0.0788,0.0781,0.0786,1654126.4
2026-08-06 15:00:00+00:00,0.0786,0.0791,0.0784,0.0787,1506233.6
2026-08-06 16:00:00+00:00,0.0787,0.079,0.0784,0.0788,1307255.5
2026-08-06 17:00:00+00:00,0.0789,0.0791,0.0789,0.0791,1540591.0
2026-08-06 18:00:00+00:00,0.0791,0.0794,0.0788,0.0791,1028807.0
2026-08-06 19:00:00+00:00,0.0792,0.0794,0.0786,0.0788,1019536.7
2026-08-06 20:00:00+00:00,0.0787,0.0791,0.0786,0.0787,542204.1
2026-08-06 21:00:00+00:00,0.0787,0.0791,0.0787,0.079,497027.4
2026-08-06 22:00:00+00:00,0.079,0.0791,0.0782,0.0783,737459.4
2026-08-06 23:00:00+00:00,0.0783,0.0785,0.0782,0.0784,348721.4
2026-08-07 00:00:00+00:00,0.0784,0.0784,0.078,0.0781,533487.3
2026-08-07 01:00:00+00:00,0.0782,0.0784,0.0781,0.0781,660777.1
2026-08-07 02:00:00+00:00,0.0782,0.0783,0.0778,0.0783,885013.2
2026-08-07 03:00:00+00:00,0.0783,0.0785,0.0779,0.078,740744.1
2026-08-07 04:00:00+00:00,0.0779,0.0782,0.0776,0.0777,1594091.7
2026-08-07 05:00:00+00:00,0.0777,0.078,0.0774,0.0779,1431628.4
2026-08-07 06:00:00+00:00,0.0779,0.0782,0.0777,0.078,1582678.2
2026-08-07 07:00:00+00:00,0.078,0.0782,0.0778,0.078,1143955.1
2026-08-07 08:00:00+00:00,0.078,0.0781,0.0776,0.0777,942990.0
2026-08-07 09:00:00+00:00,0.0778,0.0781,0.0775,0.0776,1044946.3
2026-08-07 10:00:00+00:00,0.0776,0.078,0.0776,0.0778,764331.4
2026-08-07 11:00:00+00:00,0.0778,0.0787,0.0777,0.0783,1306561.6
2026-08-07 12:00:00+00:00,0.0782,0.079,0.078,0.078,1872562.8
2026-08-07 13:00:00+00:00,0.0781,0.0782,0.0776,0.078,1572603.1
2026-08-07 14:00:00+00:00,0.078,0.0781,0.0773,0.0774,1392705.6
2026-08-07 15:00:00+00:00,0.0774,0.0784,0.0773,0.0781,1346779.0
2026-08-07 16:00:00+00:00,0.0781,0.0784,0.078,0.078,1414601.5
2026-08-07 17:00:00+00:00,0.0779,0.0785,0.0777,0.0785,977540.3
2026-08-07 18:00:00+00:00,0.0785,0.0787,0.078,0.0781,1651093.4
2026-08-07 19:00:00+00:00,0.0781,0.0792,0.0781,0.0792,1320555.9
2026-08-07 20:00:00+00:00,0.0792,0.0792,0.0786,0.0789,915400.3
2026-08-07 21:00:00+00:00,0.079,0.0793,0.0788,0.0788,467789.9
2026-08-07 22:00:00+00:00,0.0789,0.0794,0.0787,0.0789,671179.2
2026-08-07 23:00:00+00:00,0.0789,0.0792,0.0788,0.0792,502973.0
2026-08-08 00:00:00+00:00,0.0791,0.0791,0.0784,0.0785,813680.9
2026-08-08 01:00:00+00:00,0.0785,0.0786,0.0782,0.0783,592431.8
2026-08-08 02:00:00+00:00,0.0783,0.0784,0.0781,0.0783,697013.6
2026-08-08 03:00:00+00:00,0.0783,0.0789,0.0782,0.0789,586758.0
2026-08-08 04:00:00+00:00,0.0789,0.0791,0.0787,0.0789,742461.8
2026-08-08 05:00:00+00:00,0.0788,0.0791,0.0786,0.0788,993195.8
2026-08-08 06:00:00+00:00,0.0789,0.0792,0.0788,0.0788,962523.6
2026-08-08 07:00:00+00:00,0.0789,0.0789,0.0786,0.0788,539646.8
2026-08-08 08:00:00+00:00,0.0788,0.0789,0.0786,0.0788,465996.2
2026-08-08 09:00:00+00:00,0.0788,0.0791,0.0787,0.0789,332015.1
2026-08-08 10:00:00+00:00,0.0789,0.0797,0.0789,0.0796,1321554.3
2026-08-08 11:00:00+00:00,0.0795,0.0799,0.0794,0.0796,1196063.7
2026-08-08 12:00:00+00:00,0.0796,0.0798,0.0793,0.0798,787281.1
2026-08-08 13:00:00+00:00,0.0797,0.0799,0.0796,0.0796,877032.4
2026-08-08 14:00:00+00:00,0.0796,0.08,0.0794,0.0797,2284494.0
2026-08-08 15:00:00+00:00,0.0797,0.08,0.0796,0.0797,574442.3
2026-08-08 16:00:00+00:00,0.0798,0.08,0.0796,0.0797,1364274.0
2026-08-08 17:00:00+00:00,0.0797,0.0798,0.0793,0.0794,619407.9
2026-08-08 18:00:00+00:00,0.0794,0.0794,0.0791,0.0791,545454.7
2026-08-08 19:00:00+00:00,0.079,0.0791,0.0788,0.0788,603431.0
2026-08-08 20:00:00+00:00,0.0788,0.079,0.0787,0.0789,573763.6
2026-08-08 21:00:00+00:00,0.0788,0.079,0.0787,0.0787,562043.7
2026-08-08 22:00:00+00:00,0.0788,0.0788,0.0784,0.0784,504188.8
2026-08-08 23:00:00+00:00,0.0783,0.0784,0.0779,0.0783,1062532.0
2026-08-09 00:00:00+00:00,0.0782,0.0783,0.078,0.0782,613887.0
2026-08-09 01:00:00+00:00,0.0783,0.0784,0.0779,0.0781,1554448.4
2026-08-09 02:00:00+00:00,0.0781,0.0785,0.0781,0.0781,1049123.2
2026-08-09 03:00:00+00:00,0.0782,0.0784,0.078,0.0781,727123.6
2026-08-09 04:00:00+00:00,0.0781,0.0784,0.078,0.078,504413.6
2026-08-09 05:00:00+00:00,0.0781,0.0782,0.0776,0.0777,1417224.9
2026-08-09 06:00:00+00:00,0.0777,0.0782,0.0776,0.0781,542913.5
2026-08-09 07:00:00+00:00,0.0781,0.0781,0.0776,0.0778,1826749.3
2026-08-09 08:00:00+00:00,0.0778,0.078,0.0769,0.0772,2761299.5
2026-08-09 09:00:00+00:00,0.0772,0.0775,0.0771,0.0774,1907291.3
2026-08-09 10:00:00+00:00,0.0775,0.0777,0.0773,0.0777,721801.3
2026-08-09 11:00:00+00:00,0.0777,0.0777,0.0774,0.0776,624283.1
2026-08-09 12:00:00+00:00,0.0776,0.0777,0.0774,0.0776,1002984.1
2026-08-09 13:00:00+00:00,0.0777,0.078,0.0776,0.0778,1548536.4
2026-08-09 14:00:00+00:00,0.0778,0.0782,0.0776,0.0781,1691517.4
2026-08-09 15:00:00+00:00,0.0781,0.0786,0.0781,0.0786,1901546.3
2026-08-09 16:00:00+00:00,0.0786,0.0788,0.0783,0.0786,1278202.7
2026-08-09 17:00:00+00:00,0.0786,0.0788,0.0784,0.0787,620981.3
2026-08-09 18:00:00+00:00,0.0787,0.0787,0.0784,0.0785,513737.7
2026-08-09 19:00:00+00:00,0.0785,0.0789,0.0783,0.0788,954396.0
2026-08-09 20:00:00+00:00,0.0788,0.0799,0.0788,0.0798,2797968.1
2026-08-09 21:00:00+00:00,0.0798,0.0807,0.0792,0.0805,2663756.2
2026-08-09 22:00:00+00:00,0.0806,0.0807,0.0787,0.0789,2829652.6
2026-08-09 23:00:00+00:00,0.0789,0.079,0.0776,0.0778,2612230.9
2026-08-10 00:00:00+00:00,0.0778,0.0786,0.0775,0.078,1620295.4
2026-08-10 01:00:00+00:00,0.078,0.0789,0.0778,0.0787,1737131.1
2026-08-10 02:00:00+00:00,0.0787,0.0791,0.0782,0.079,1441876.0
2026-08-10 03:00:00+00:00,0.079,0.0791,0.0784,0.0784,990813.5
2026-08-10 04:00:00+00:00,0.0784,0.0788,0.0784,0.0786,781256.5
2026-08-10 05:00:00+00:00,0.0786,0.0798,0.0786,0.0797,1675923.2
2026-08-10 06:00:00+00:00,0.0796,0.0801,0.0794,0.0797,4057647.6
2026-08-10 07:00:00+00:00,0.0798,0.0805,0.0796,0.0803,3227163.5
2026-08-10 08:00:00+00:00,0.0803,0.0805,0.0796,0.08,2127514.8
2026-08-10 09:00:00+00:00,0.0799,0.0803,0.0796,0.0797,1392351.0
2026-08-10 10:00:00+00:00,0.0797,0.0798,0.0794,0.0795,1043274.5
2026-08-10 11:00:00+00:00,0.0796,0.0801,0.0791,0.0799,1382407.6
2026-08-10 12:00:00+00:00,0.0799,0.0804,0.0796,0.0802,1820611.5
2026-08-10 13:00:00+00:00,0.0802,0.081,0.0802,0.0805,3032770.6
2026-08-10 14:00:00+00:00,0.0805,0.0809,0.0799,0.08,1846311.3
2026-08-10 15:00:00+00:00,0.08,0.0804,0.0797,0.0801,1786886.6
2026-08-10 16:00:00+00:00,0.08,0.0805,0.0795,0.0799,2864407.5
2026-08-10 17:00:00+00:00,0.0799,0.0809,0.0797,0.0804,2180977.0
2026-08-10 18:00:00+00:00,0.0804,0.0808,0.0799,0.0801,1508754.9
2026-08-10 19:00:00+00:00,0.08,0.0809,0.08,0.0806,1751572.4
2026-08-10 20:00:00+00:00,0.0806,0.0807,0.0804,0.0805,705002.8
2026-08-10 21:00:00+00:00,0.0805,0.0805,0.0793,0.0795,1923521.4
2026-08-10 22:00:00+00:00,0.0794,0.0799,0.0792,0.0798,1081723.5
2026-08-10 23:00:00+00:00,0.0797,0.0801,0.0797,0.0801,952269.1
2026-08-11 00:00:00+00:00,0.0801,0.0812,0.0798,0.0808,5751662.7
2026-08-11 01:00:00+00:00,0.0809,0.0815,0.0808,0.0812,1351593.5
2026-08-11 02:00:00+00:00,0.0812,0.0814,0.0807,0.0807,1551951.8
2026-08-11 03:00:00+00:00,0.0807,0.081,0.0803,0.0805,1079972.6
2026-08-11 04:00:00+00:00,0.0806,0.0807,0.0801,0.0802,912904.7
2026-08-11 05:00:00+00:00,0.0801,0.0802,0.0797,0.0801,1106269.7
2026-08-11 06:00:00+00:00,0.0801,0.0804,0.0797,0.0797,717722.8
2026-08-11 07:00:00+00:00,0.0798,0.0801,0.0793,0.0799,1141566.2
2026-08-11 08:00:00+00:00,0.08,0.0802,0.0798,0.0801,790385.8
2026-08-11 09:00:00+00:00,0.08,0.0803,0.0796,0.08,1391627.3
2026-08-11 10:00:00+00:00,0.08,0.0801,0.0793,0.0795,1261771.3
2026-08-11 11:00:00+00:00,0.0795,0.0801,0.0795,0.0801,1071353.5
2026-08-11 12:00:00+00:00,0.0801,0.0805,0.0797,0.08,1206972.2
2026-08-11 13:00:00+00:00,0.08,0.0803,0.0797,0.0799,1149400.3
2026-08-11 14:00:00+00:00,0.0799,0.08,0.0778,0.0781,2847814.4
2026-08-11 15:00:00+00:00,0.0781,0.0786,0.0773,0.078,2370143.7
2026-08-11 16:00:00+00:00,0.0778,0.0785,0.0778,0.0782,1688740.0
2026-08-11 17:00:00+00:00,0.0782,0.0785,0.0778,0.0782,2837332.6
2026-08-11 18:00:00+00:00,0.0781,0.0781,0.0775,0.0776,1234086.1
2026-08-11 19:00:00+00:00,0.0775,0.0784,0.0773,0.0783,1941699.8
2026-08-11 20:00:00+00:00,0.0783,0.079,0.0782,0.0786,1406640.1
2026-08-11 21:00:00+00:00,0.0786,0.0788,0.0784,0.0788,664816.7
2026-08-11 22:00:00+00:00,0.0788,0.0794,0.0786,0.0794,2645601.1
2026-08-11 23:00:00+00:00,0.0794,0.0804,0.0792,0.0803,2324008.1
2026-08-12 00:00:00+00:00,0.0802,0.0805,0.0798,0.0803,3132133.8
2026-08-12 01:00:00+00:00,0.0803,0.0809,0.0803,0.0806,1926648.4
2026-08-12 02:00:00+00:00,0.0806,0.0806,0.08,0.0801,1620896.6
2026-08-12 03:00:00+00:00,0.0801,0.0805,0.0801,0.0802,831829.8
2026-08-12 04:00:00+00:00,0.0802,0.0803,0.0795,0.0796,1143546.7
2026-08-12 05:00:00+00:00,0.0795,0.0798,0.0795,0.0795,545051.9
2026-08-12 06:00:00+00:00,0.0795,0.0797,0.0785,0.0787,2630920.5
2026-08-12 07:00:00+00:00,0.0787,0.0789,0.0785,0.0787,557253.2
2026-08-12 08:00:00+00:00,0.0787,0.0787,0.0781,0.0782,1865318.1
2026-08-12 09:00:00+00:00,0.0781,0.0789,0.078,0.0788,993983.3
2026-08-12 10:00:00+00:00,0.0788,0.0791,0.0787,0.079,1484818.7
2026-08-12 11:00:00+00:00,0.0789,0.0791,0.0786,0.079,954160.9
2026-08-12 12:00:00+00:00,0.079,0.0795,0.0787,0.079,3886046.9
2026-08-12 13:00:00+00:00,0.0791,0.0791,0.0786,0.0788,1353033.0
2026-08-12 14:00:00+00:00,0.0787,0.0788,0.078,0.0783,3636068.9
2026-08-12 15:00:00+00:00,0.0782,0.0788,0.0782,0.0787,1236563.9
2026-08-12 16:00:00+00:00,0.0786,0.079,0.0781,0.0785,1389314.4
2026-08-12 17:00:00+00:00,0.0785,0.0789,0.0784,0.0784,1643391.9
2026-08-12 18:00:00+00:00,0.0784,0.0785,0.0781,0.0782,961236.9
2026-08-12 19:00:00+00:00,0.0782,0.0784,0.0766,0.0772,4524635.5
2026-08-12 20:00:00+00:00,0.0772,0.0773,0.0757,0.0765,5985146.1
2026-08-12 21:00:00+00:00,0.0765,0.0767,0.0746,0.075,3793897.1
2026-08-12 22:00:00+00:00,0.0749,0.0752,0.0742,0.0744,3978055.1
2026-08-12 23:00:00+00:00,0.0744,0.0744,0.0736,0.0741,4510010.0
2026-08-13 00:00:00+00:00,0.0741,0.0747,0.074,0.0741,3496748.4
2026-08-13 01:00:00+00:00,0.0741,0.0746,0.0737,0.0746,3746425.7
2026-08-13 02:00:00+00:00,0.0746,0.0749,0.074,0.0747,1831101.6
2026-08-13 03:00:00+00:00,0.0747,0.0762,0.0747,0.0756,3331976.3
2026-08-13 04:00:00+00:00,0.0756,0.0762,0.0755,0.0761,2125942.2
2026-08-13 05:00:00+00:00,0.0761,0.0764,0.076,0.0761,1553957.7
2026-08-13 06:00:00+00:00,0.0762,0.0765,0.0761,0.0765,740296.2
2026-08-13 07:00:00+00:00,0.0765,0.0767,0.0754,0.0754,1884661.1
2026-08-13 08:00:00+00:00,0.0755,0.0756,0.0747,0.0749,2461082.2
2026-08-13 09:00:00+00:00,0.0749,0.075,0.0747,0.0749,2262697.4
2026-08-13 10:00:00+00:00,0.075,0.075,0.0744,0.0748,1474188.1
2026-08-13 11:00:00+00:00,0.0748,0.075,0.0744,0.0746,2236327.8
2026-08-13 12:00:00+00:00,0.0746,0.075,0.0746,0.0749,1159870.6
2026-08-13 13:00:00+00:00,0.075,0.0756,0.0746,0.0755,2129012.2
2026-08-13 14:00:00+00:00,0.0756,0.0758,0.0752,0.0757,2867783.4
2026-08-13 15:00:00+00:00,0.0757,0.0758,0.0748,0.0748,1867866.7
2026-08-13 16:00:00+00:00,0.0748,0.0754,0.0742,0.0746,3759761.3
2026-08-13 17:00:00+00:00,0.0745,0.075,0.0745,0.0748,993530.5
2026-08-13 18:00:00+00:00,0.0748,0.0752,0.0747,0.0751,1496020.8
2026-08-13 19:00:00+00:00,0.0751,0.0754,0.0749,0.0752,843622.0
2026-08-13 20:00:00+00:00,0.0752,0.0753,0.0749,0.0751,554111.2
2026-08-13 21:00:00+00:00,0.075,0.0754,0.075,0.0752,404534.4
2026-08-13 22:00:00+00:00,0.0752,0.076,0.0752,0.0758,2354837.6
2026-08-13 23:00:00+00:00,0.0757,0.0758,0.0751,0.0753,841756.1
2026-08-14 00:00:00+00:00,0.0753,0.0756,0.0751,0.0755,1069288.8
2026-08-14 01:00:00+00:00,0.0754,0.0755,0.075,0.0752,1308423.6
2026-08-14 02:00:00+00:00,0.0752,0.0753,0.075,0.0751,533903.5
2026-08-14 03:00:00+00:00,0.0751,0.0753,0.0748,0.0749,963263.9
2026-08-14 04:00:00+00:00,0.0749,0.0755,0.0749,0.0749,714291.3
2026-08-14 05:00:00+00:00,0.075,0.0756,0.0748,0.0756,786522.8
2026-08-14 06:00:00+00:00,0.0757,0.0758,0.0753,0.0755,1261948.4
2026-08-14 07:00:00+00:00,0.0755,0.0755,0.075,0.0753,603502.7
2026-08-14 08:00:00+00:00,0.0753,0.0758,0.075,0.0758,3124406.0
2026-08-14 09:00:00+00:00,0.0758,0.0759,0.0742,0.0743,2542256.3
2026-08-14 10:00:00+00:00,0.0742,0.0747,0.0742,0.0744,2118838.4
2026-08-14 11:00:00+00:00,0.0744,0.0746,0.0742,0.0743,1422422.2
2026-08-14 12:00:00+00:00,0.0744,0.0747,0.0743,0.0745,1515206.2
2026-08-14 13:00:00+00:00,0.0745,0.075,0.0742,0.0747,1923080.0
2026-08-14 14:00:00+00:00,0.0748,0.0749,0.0742,0.0743,1320806.5
2026-08-14 15:00:00+00:00,0.0743,0.075,0.0741,0.0748,1089142.6
2026-08-14 16:00:00+00:00,0.0748,0.0751,0.0746,0.0748,2062403.6
2026-08-14 17:00:00+00:00,0.0748,0.0752,0.0747,0.0751,1096961.9
2026-08-14 18:00:00+00:00,0.075,0.0751,0.0745,0.0745,905097.0
2026-08-14 19:00:00+00:00,0.0745,0.0749,0.0743,0.0747,518620.1
2026-08-14 20:00:00+00:00,0.0747,0.0747,0.0744,0.0744,552656.1
2026-08-14 21:00:00+00:00,0.0744,0.0744,0.0734,0.0736,3096217.1
2026-08-14 22:00:00+00:00,0.0735,0.0737,0.0729,0.0735,2386407.7
2026-08-14 23:00:00+00:00,0.0735,0.0746,0.0734,0.0745,1131985.4
2026-08-15 00:00:00+00:00,0.0746,0.0749,0.0745,0.0748,1095963.6
2026-08-15 01:00:00+00:00,0.0748,0.075,0.0745,0.0746,1108366.8
2026-08-15 02:00:00+00:00,0.0746,0.0755,0.0746,0.0753,948437.0
2026-08-15 03:00:00+00:00,0.0753,0.0755,0.075,0.0753,1094317.2
2026-08-15 04:00:00+00:00,0.0753,0.0755,0.0752,0.0754,850299.3
2026-08-15 05:00:00+00:00,0.0753,0.0754,0.075,0.0752,777259.5
2026-08-15 06:00:00+00:00,0.0752,0.0754,0.0751,0.0753,773012.7
2026-08-15 07:00:00+00:00,0.0752,0.0753,0.0743,0.0743,1961505.3
2026-08-15 08:00:00+00:00,0.0743,0.0745,0.0741,0.0741,1487899.9
2026-08-15 09:00:00+00:00,0.0742,0.0744,0.074,0.0743,1720068.1
2026-08-15 10:00:00+00:00,0.0743,0.0746,0.0742,0.0744,858846.6
2026-08-15 11:00:00+00:00,0.0745,0.0745,0.074,0.0743,439089.8
2026-08-15 12:00:00+00:00,0.0743,0.0744,0.0739,0.0741,1762206.3
2026-08-15 13:00:00+00:00,0.0741,0.0745,0.0739,0.074,930687.6
2026-08-15 14:00:00+00:00,0.0741,0.0742,0.0739,0.074,285104.0
2026-08-15 15:00:00+00:00,0.074,0.0743,0.0738,0.0741,618379.9
2026-08-15 16:00:00+00:00,0.0741,0.0744,0.074,0.0742,779606.9
2026-08-15 17:00:00+00:00,0.0741,0.0742,0.0739,0.074,661539.2
2026-08-15 18:00:00+00:00,0.0741,0.0741,0.0739,0.074,665142.4
2026-08-15 19:00:00+00:00,0.0739,0.074,0.0738,0.074,999121.6
2026-08-15 20:00:00+00:00,0.0739,0.0739,0.0735,0.0737,818325.2
2026-08-15 21:00:00+00:00,0.0736,0.0738,0.0735,0.0736,478180.3
2026-08-15 22:00:00+00:00,0.0736,0.0738,0.0733,0.0734,545201.4
2026-08-15 23:00:00+00:00,0.0734,0.0735,0.0727,0.0728,1976749.0
2026-08-16 00:00:00+00:00,0.0727,0.0731,0.0725,0.0729,1514103.5
2026-08-16 01:00:00+00:00,0.0728,0.0728,0.0722,0.0724,2185492.3
2026-08-16 02:00:00+00:00,0.0724,0.073,0.0723,0.0729,1079765.2
2026-08-16 03:00:00+00:00,0.0729,0.0732,0.0728,0.0729,1808306.4
2026-08-16 04:00:00+00:00,0.0728,0.0731,0.0727,0.0729,413421.6
2026-08-16 05:00:00+00:00,0.0729,0.0731,0.0727,0.0728,880486.2
2026-08-16 06:00:00+00:00,0.0727,0.0732,0.0726,0.0731,1843012.7
2026-08-16 07:00:00+00:00,0.0732,0.0736,0.073,0.0736,861547.8
2026-08-16 08:00:00+00:00,0.0736,0.074,0.0735,0.0739,1177271.1
2026-08-16 09:00:00+00:00,0.0739,0.074,0.0738,0.0738,940971.3
2026-08-16 10:00:00+00:00,0.0738,0.074,0.0734,0.0734,1352254.4
2026-08-16 11:00:00+00:00,0.0733,0.074,0.0733,0.0738,1111041.3
2026-08-16 12:00:00+00:00,0.0738,0.0742,0.0735,0.0741,807810.2
2026-08-16 13:00:00+00:00,0.0742,0.0744,0.074,0.0742,1062226.1
2026-08-16 14:00:00+00:00,0.0742,0.0744,0.074,0.0744,1168461.1
2026-08-16 15:00:00+00:00,0.0744,0.0751,0.0742,0.0749,1619902.1
2026-08-16 16:00:00+00:00,0.075,0.0751,0.0746,0.075,1668432.2
2026-08-16 17:00:00+00:00,0.075,0.075,0.0743,0.0745,1809280.2
2026-08-16 18:00:00+00:00,0.0744,0.0745,0.0742,0.0743,619661.5
2026-08-16 19:00:00+00:00,0.0742,0.0746,0.0742,0.0744,567994.3
2026-08-16 20:00:00+00:00,0.0743,0.0744,0.0738,0.0739,388878.8
2026-08-16 21:00:00+00:00,0.0739,0.074,0.0727,0.0731,1971659.7
2026-08-16 22:00:00+00:00,0.073,0.0735,0.0727,0.0735,1101972.3
2026-08-16 23:00:00+00:00,0.0735,0.0738,0.0734,0.0736,624280.2
2026-08-17 00:00:00+00:00,0.0736,0.0739,0.0734,0.0738,1441039.8
2026-08-17 01:00:00+00:00,0.0739,0.0748,0.0739,0.0744,1768730.8
2026-08-17 02:00:00+00:00,0.0744,0.0748,0.074,0.0747,1834346.6
2026-08-17 03:00:00+00:00,0.0747,0.0749,0.0744,0.0746,490304.7
2026-08-17 04:00:00+00:00,0.0747,0.0752,0.0747,0.0751,971413.2
2026-08-17 05:00:00+00:00,0.0751,0.0754,0.075,0.0753,1068617.4
2026-08-17 06:00:00+00:00,0.0754,0.0757,0.0752,0.0754,1350384.7
2026-08-17 07:00:00+00:00,0.0754,0.0757,0.075,0.0753,1354504.5
2026-08-17 08:00:00+00:00,0.0754,0.0754,0.0744,0.0746,894585.7
2026-08-17 09:00:00+00:00,0.0746,0.0748,0.0745,0.0746,576803.8
2026-08-17 10:00:00+00:00,0.0746,0.0749,0.0744,0.0748,837386.3
2026-08-17 11:00:00+00:00,0.0748,0.0751,0.0747,0.0748,446624.1
2026-08-17 12:00:00+00:00,0.0748,0.0751,0.0747,0.075,790258.9
2026-08-17 13:00:00+00:00,0.0749,0.0753,0.0747,0.075,1748811.6
2026-08-17 14:00:00+00:00,0.075,0.0752,0.0747,0.0751,807485.5
2026-08-17 15:00:00+00:00,0.0751,0.0755,0.0749,0.0754,900192.4
2026-08-17 16:00:00+00:00,0.0754,0.0754,0.0747,0.0747,1621312.4
2026-08-17 17:00:00+00:00,0.0747,0.0757,0.0747,0.0756,2555482.4
2026-08-17 18:00:00+00:00,0.0756,0.0759,0.0756,0.0758,940107.0
2026-08-17 19:00:00+00:00,0.0757,0.0758,0.0754,0.0756,957644.8
2026-08-17 20:00:00+00:00,0.0755,0.0757,0.0752,0.0752,680929.7
2026-08-17 21:00:00+00:00,0.0753,0.0753,0.0751,0.0751,660985.3
2026-08-17 22:00:00+00:00,0.0752,0.0753,0.0749,0.0749,344294.2
2026-08-17 23:00:00+00:00,0.0749,0.0754,0.0748,0.0751,596090.6
2026-08-18 00:00:00+00:00,0.0751,0.0754,0.075,0.0752,1070910.1
2026-08-18 01:00:00+00:00,0.0752,0.0752,0.0747,0.0748,626663.0
2026-08-18 02:00:00+00:00,0.0746,0.0749,0.0736,0.0738,1803178.5
2026-08-18 03:00:00+00:00,0.0738,0.0741,0.0737,0.074,660724.6
2026-08-18 04:00:00+00:00,0.0741,0.0745,0.0739,0.0744,766419.5
2026-08-18 05:00:00+00:00,0.0744,0.0747,0.0742,0.0744,873635.3
2026-08-18 06:00:00+00:00,0.0744,0.0752,0.0743,0.0748,1707486.5
2026-08-18 07:00:00+00:00,0.0749,0.0751,0.0746,0.075,442840.0
2026-08-18 08:00:00+00:00,0.0749,0.076,0.0746,0.0759,2338873.3
2026-08-18 09:00:00+00:00,0.0759,0.076,0.0751,0.0755,3483944.6
2026-08-18 10:00:00+00:00,0.0755,0.0756,0.0752,0.0753,989891.6
2026-08-18 11:00:00+00:00,0.0753,0.0755,0.0752,0.0754,830564.6
2026-08-18 12:00:00+00:00,0.0754,0.0755,0.0752,0.0753,625642.7
2026-08-18 13:00:00+00:00,0.0753,0.0755,0.0751,0.0753,1053080.7
2026-08-18 14:00:00+00:00,0.0752,0.0759,0.0749,0.0751,1693218.3
2026-08-18 15:00:00+00:00,0.0753,0.0757,0.0752,0.0756,838768.6
2026-08-18 16:00:00+00:00,0.0756,0.0757,0.0748,0.0749,952106.4
2026-08-18 17:00:00+00:00,0.0749,0.0754,0.0749,0.0753,1131385.2
2026-08-18 18:00:00+00:00,0.0752,0.0757,0.0752,0.0755,561146.2
2026-08-18 19:00:00+00:00,0.0755,0.0757,0.075,0.0751,1039141.7
2026-08-18 20:00:00+00:00,0.0751,0.0752,0.0749,0.0751,543627.8
2026-08-18 21:00:00+00:00,0.075,0.0753,0.0749,0.0751,345896.0
2026-08-18 22:00:00+00:00,0.0751,0.0754,0.075,0.0751,408937.7
2026-08-18 23:00:00+00:00,0.0751,0.0756,0.0751,0.0753,286406.0
2026-08-19 00:00:00+00:00,0.0753,0.0754,0.075,0.0752,1033461.7
2026-08-19 01:00:00+00:00,0.0752,0.0757,0.0751,0.0756,942931.0
2026-08-19 02:00:00+00:00,0.0756,0.0758,0.0754,0.0756,551024.7
2026-08-19 03:00:00+00:00,0.0755,0.0759,0.0754,0.0758,279391.3
2026-08-19 04:00:00+00:00,0.0758,0.076,0.0754,0.0757,2012183.4
2026-08-19 05:00:00+00:00,0.0758,0.0765,0.0756,0.0756,1622099.2
2026-08-19 06:00:00+00:00,0.0755,0.0763,0.0754,0.0763,2105108.9
2026-08-19 07:00:00+00:00,0.0764,0.0772,0.0761,0.0767,5110407.1
2026-08-19 08:00:00+00:00,0.0768,0.0777,0.0766,0.0773,3851669.8
2026-08-19 09:00:00+00:00,0.0773,0.0776,0.0768,0.077,2626834.6
2026-08-19 10:00:00+00:00,0.077,0.0774,0.0769,0.0772,1079785.4
2026-08-19 11:00:00+00:00,0.0772,0.0773,0.0768,0.077,1255889.6
2026-08-19 12:00:00+00:00,0.077,0.0776,0.0769,0.0774,1235777.5
2026-08-19 13:00:00+00:00,0.0774,0.0778,0.077,0.0773,2338911.1
2026-08-19 14:00:00+00:00,0.0772,0.0785,0.0772,0.0781,2927724.7
2026-08-19 15:00:00+00:00,0.0782,0.0807,0.078,0.0797,10881851.6
2026-08-19 16:00:00+00:00,0.0798,0.0812,0.0798,0.0809,5757122.6
2026-08-19 17:00:00+00:00,0.0809,0.0809,0.0797,0.0803,4204524.5
2026-08-19 18:00:00+00:00,0.0804,0.0806,0.0801,0.0804,1033587.1
2026-08-19 19:00:00+00:00,0.0804,0.0836,0.0804,0.0834,23396161.3
2026-08-19 20:00:00+00:00,0.0835,0.0852,0.083,0.0847,14729844.9
2026-08-19 21:00:00+00:00,0.0847,0.0893,0.0843,0.0891,23504242.0
2026-08-19 22:00:00+00:00,0.0891,0.0903,0.0882,0.0895,12859861.4
2026-08-19 23:00:00+00:00,0.0895,0.0906,0.0892,0.0895,8912762.3
2026-08-20 00:00:00+00:00,0.0895,0.09,0.0875,0.0886,18622356.7
2026-08-20 01:00:00+00:00,0.0887,0.0891,0.0871,0.0881,7504431.7
2026-08-20 02:00:00+00:00,0.0881,0.0886,0.0875,0.0881,4499952.4
2026-08-20 03:00:00+00:00,0.0881,0.0881,0.0869,0.0874,2497141.6
2026-08-20 04:00:00+00:00,0.0874,0.088,0.0872,0.0878,2452473.5
2026-08-20 05:00:00+00:00,0.0878,0.0878,0.087,0.0874,2368801.0
2026-08-20 06:00:00+00:00,0.0873,0.0893,0.0869,0.089,4545851.3
2026-08-20 07:00:00+00:00,0.0889,0.0896,0.0883,0.0891,5568016.6
2026-08-20 08:00:00+00:00,0.089,0.0907,0.0888,0.0898,6164084.4
2026-08-20 09:00:00+00:00,0.0898,0.0901,0.0888,0.0892,5290526.7
2026-08-20 10:00:00+00:00,0.0892,0.0893,0.0878,0.0886,21681573.1
2026-08-20 11:00:00+00:00,0.0887,0.09,0.0885,0.0886,13071711.5
2026-08-20 12:00:00+00:00,0.0886,0.0887,0.0874,0.088,4053712.3
2026-08-20 13:00:00+00:00,0.0881,0.0883,0.0874,0.088,3150854.9
2026-08-20 14:00:00+00:00,0.088,0.0882,0.0875,0.0881,1743464.8
2026-08-20 15:00:00+00:00,0.0881,0.0897,0.0881,0.0896,5017340.6
2026-08-20 16:00:00+00:00,0.0895,0.0905,0.0888,0.0904,4174148.7
2026-08-20 17:00:00+00:00,0.0904,0.0912,0.0897,0.09,4634868.9
2026-08-20 18:00:00+00:00,0.09,0.0901,0.0882,0.0888,4220565.5
2026-08-20 19:00:00+00:00,0.0888,0.0894,0.0886,0.0891,2170277.4
2026-08-20 20:00:00+00:00,0.0891,0.0899,0.089,0.0897,2945958.8
2026-08-20 21:00:00+00:00,0.0897,0.0905,0.0897,0.09,1844108.9
2026-08-20 22:00:00+00:00,0.09,0.0909,0.0897,0.0904,2213980.0
2026-08-20 23:00:00+00:00,0.0904,0.0913,0.0904,0.0909,2154772.4
2026-08-21 00:00:00+00:00,0.0909,0.0919,0.0905,0.0907,3324252.3
2026-08-21 01:00:00+00:00,0.0907,0.0925,0.0905,0.0914,4488163.8
2026-08-21 02:00:00+00:00,0.0915,0.0918,0.0907,0.0915,3437439.9
2026-08-21 03:00:00+00:00,0.0915,0.0915,0.0906,0.0908,3266658.0
2026-08-21 04:00:00+00:00,0.0908,0.0914,0.0908,0.0912,3389277.3
2026-08-21 05:00:00+00:00,0.0912,0.0925,0.0906,0.092,4374769.7
2026-08-21 06:00:00+00:00,0.092,0.093,0.0915,0.0919,4717742.6
2026-08-21 07:00:00+00:00,0.092,0.0941,0.0919,0.0938,3968661.7
2026-08-21 08:00:00+00:00,0.0938,0.0976,0.0932,0.0974,6788372.6
2026-08-21 09:00:00+00:00,0.0972,0.0976,0.0943,0.096,8246471.6
2026-08-21 10:00:00+00:00,0.096,0.0962,0.0944,0.0959,4672886.4
2026-08-21 11:00:00+00:00,0.0958,0.0962,0.0943,0.0957,5199076.3
2026-08-21 12:00:00+00:00,0.0958,0.0975,0.0952,0.0967,3919500.2
2026-08-21 13:00:00+00:00,0.0966,0.0973,0.0952,0.0969,7747481.3
2026-08-21 14:00:00+00:00,0.0969,0.098,0.0959,0.0976,4498342.2
2026-08-21 15:00:00+00:00,0.0975,0.0988,0.0972,0.0976,6591459.3
2026-08-21 16:00:00+00:00,0.0977,0.0988,0.0964,0.098,4002825.0
2026-08-21 17:00:00+00:00,0.0981,0.0984,0.0967,0.0983,5080640.0
2026-08-21 18:00:00+00:00,0.0983,0.0989,0.0962,0.097,3814520.4
2026-08-21 19:00:00+00:00,0.0969,0.097,0.0942,0.0952,8293724.7
2026-08-21 20:00:00+00:00,0.0953,0.0973,0.0949,0.0973,3411883.6
2026-08-21 21:00:00+00:00,0.0974,0.0999,0.0969,0.0998,4937150.4
2026-08-21 22:00:00+00:00,0.0998,0.1004,0.0984,0.0993,5297631.7
2026-08-21 23:00:00+00:00,0.0993,0.0996,0.0979,0.0982,3068128.9
2026-08-22 00:00:00+00:00,0.0982,0.0987,0.0972,0.0987,3913860.9
2026-08-22 01:00:00+00:00,0.0987,0.1006,0.0985,0.0999,5367228.4
2026-08-22 02:00:00+00:00,0.1,0.1022,0.0996,0.1022,4118647.5
2026-08-22 03:00:00+00:00,0.1021,0.1053,0.1018,0.1044,11084617.8
2026-08-22 04:00:00+00:00,0.1045,0.1096,0.1045,0.1084,14811630.7
2026-08-22 05:00:00+00:00,0.1083,0.1086,0.092,0.1003,56269234.0
2026-08-22 06:00:00+00:00,0.1003,0.1003,0.0977,0.1,10572955.9
2026-08-22 07:00:00+00:00,0.0999,0.1013,0.0994,0.0999,6675732.4
2026-08-22 08:00:00+00:00,0.0999,0.1003,0.0978,0.0995,7852831.3
2026-08-22 09:00:00+00:00,0.0996,0.1002,0.098,0.0991,8146485.3
2026-08-22 10:00:00+00:00,0.0991,0.0991,0.0959,0.0976,8027493.9
2026-08-22 11:00:00+00:00,0.0976,0.0983,0.097,0.0982,3226899.3
2026-08-22 12:00:00+00:00,0.0981,0.0993,0.098,0.0987,2393564.3
2026-08-22 13:00:00+00:00,0.0987,0.0993,0.098,0.0991,2854078.7
2026-08-22 14:00:00+00:00,0.0991,0.0992,0.0972,0.0977,2054833.0
2026-08-22 15:00:00+00:00,0.0976,0.0981,0.0968,0.0979,2243640.3
2026-08-22 16:00:00+00:00,0.098,0.0997,0.0975,0.0993,1640763.6
2026-08-22 17:00:00+00:00,0.0993,0.1011,0.0988,0.1007,2694601.7
2026-08-22 18:00:00+00:00,0.1008,0.1009,0.0991,0.0998,4795127.4
2026-08-22 19:00:00+00:00,0.0998,0.1002,0.0992,0.0999,1671864.7
2026-08-22 20:00:00+00:00,0.1,0.1005,0.0989,0.0992,1413856.1
2026-08-22 21:00:00+00:00,0.0992,0.0992,0.0967,0.097,4898053.1
2026-08-22 22:00:00+00:00,0.097,0.0997,0.0965,0.0995,3484584.4
2026-08-22 23:00:00+00:00,0.0996,0.0998,0.0986,0.099,1763933.1
2026-08-23 00:00:00+00:00,0.099,0.1005,0.0989,0.1001,1929018.3
2026-08-23 01:00:00+00:00,0.1001,0.1001,0.0982,0.0987,6208258.2
2026-08-23 02:00:00+00:00,0.0986,0.0986,0.0968,0.097,4048691.3
2026-08-23 03:00:00+00:00,0.097,0.0971,0.0954,0.0959,3650164.0
2026-08-23 04:00:00+00:00,0.0959,0.0965,0.0947,0.0951,5223990.5
2026-08-23 05:00:00+00:00,0.095,0.0967,0.0942,0.0956,3972641.5
2026-08-23 06:00:00+00:00,0.0955,0.0964,0.095,0.0961,2974004.7
2026-08-23 07:00:00+00:00,0.0962,0.0969,0.096,0.0964,2714941.2
2026-08-23 08:00:00+00:00,0.0964,0.0983,0.0964,0.0982,1216068.3
2026-08-23 09:00:00+00:00,0.0982,0.0989,0.098,0.0985,2211073.3
2026-08-23 10:00:00+00:00,0.0985,0.0999,0.0985,0.0995,2394185.0
2026-08-23 11:00:00+00:00,0.0995,0.1006,0.0993,0.1001,3653423.3
2026-08-23 12:00:00+00:00,0.1001,0.101,0.0993,0.1006,3593953.6
2026-08-23 13:00:00+00:00,0.1006,0.1038,0.1006,0.1033,6398707.4
2026-08-23 14:00:00+00:00,0.1033,0.1036,0.0996,0.1016,7459791.4
2026-08-23 15:00:00+00:00,0.1017,0.1034,0.1009,0.1021,5643694.2
2026-08-23 16:00:00+00:00,0.1021,0.1028,0.1014,0.1024,2739747.6
2026-08-23 17:00:00+00:00,0.1024,0.1028,0.1013,0.1016,2351658.9
2026-08-23 18:00:00+00:00,0.1015,0.1022,0.1014,0.1022,1348474.4
2026-08-23 19:00:00+00:00,0.1022,0.1023,0.1013,0.1015,1818852.9
2026-08-23 20:00:00+00:00,0.1015,0.1024,0.1009,0.1022,1529578.8
2026-08-23 21:00:00+00:00,0.1022,0.1035,0.1022,0.1026,2197718.6
2026-08-23 22:00:00+00:00,0.1026,0.1029,0.1018,0.1018,1572790.1
2026-08-23 23:00:00+00:00,0.1019,0.1021,0.101,0.1013,2790106.7
2026-08-24 00:00:00+00:00,0.1013,0.1014,0.0997,0.1009,3055843.1
2026-08-24 01:00:00+00:00,0.1009,0.101,0.0985,0.0986,2325506.6
2026-08-24 02:00:00+00:00,0.0986,0.1006,0.0982,0.1001,3042322.8
2026-08-24 03:00:00+00:00,0.1,0.1001,0.0989,0.0994,2348492.4
2026-08-24 04:00:00+00:00,0.0995,0.101,0.0995,0.0998,2300736.7
2026-08-24 05:00:00+00:00,0.0998,0.1009,0.0993,0.1,2781227.4
2026-08-24 06:00:00+00:00,0.0999,0.1002,0.099,0.0995,1363289.8
2026-08-24 07:00:00+00:00,0.0995,0.1002,0.099,0.0993,1735535.9
2026-08-24 08:00:00+00:00,0.0993,0.0994,0.098,0.0988,3385727.9
2026-08-24 09:00:00+00:00,0.0987,0.0995,0.0986,0.0988,1914570.8
2026-08-24 10:00:00+00:00,0.0988,0.0996,0.098,0.0982,2449368.6
2026-08-24 11:00:00+00:00,0.0982,0.0999,0.0974,0.0994,5423440.3
2026-08-24 12:00:00+00:00,0.0994,0.0998,0.0982,0.0996,3833734.0
2026-08-24 13:00:00+00:00,0.0995,0.1002,0.0971,0.098,5384996.4
2026-08-24 14:00:00+00:00,0.0981,0.1001,0.098,0.0996,3006349.2
2026-08-24 15:00:00+00:00,0.0995,0.1008,0.0988,0.0992,6689350.0
2026-08-24 16:00:00+00:00,0.0993,0.1002,0.0988,0.099,2617707.7
2026-08-24 17:00:00+00:00,0.0991,0.0991,0.097,0.0979,5609905.3
2026-08-24 18:00:00+00:00,0.098,0.0986,0.0977,0.0979,1115111.1
2026-08-24 19:00:00+00:00,0.0979,0.0982,0.0969,0.0971,2434524.1
2026-08-24 20:00:00+00:00,0.0971,0.0975,0.0964,0.0974,2558700.4
2026-08-24 21:00:00+00:00,0.0975,0.0978,0.0973,0.0974,1063442.8
2026-08-24 22:00:00+00:00,0.0973,0.0975,0.0959,0.096,1281415.8
2026-08-24 23:00:00+00:00,0.0961,0.097,0.0956,0.097,1298646.3
2026-08-25 00:00:00+00:00,0.0969,0.0985,0.0963,0.0982,4645294.4
2026-08-25 01:00:00+00:00,0.0982,0.0987,0.0978,0.0983,2135210.3
2026-08-25 02:00:00+00:00,0.0983,0.1001,0.0978,0.0987,3773467.4
2026-08-25 03:00:00+00:00,0.0986,0.0993,0.0976,0.0979,2232808.8
2026-08-25 04:00:00+00:00,0.0979,0.0986,0.0975,0.0984,2562998.5
2026-08-25 05:00:00+00:00,0.0983,0.0991,0.0983,0.0987,1382386.4
2026-08-25 06:00:00+00:00,0.0987,0.099,0.0969,0.0972,2629789.4
2026-08-25 07:00:00+00:00,0.0972,0.0979,0.0955,0.0963,3353936.1
2026-08-25 08:00:00+00:00,0.0963,0.0973,0.096,0.0963,5770118.4
2026-08-25 09:00:00+00:00,0.0963,0.0966,0.0951,0.0956,3589203.5
2026-08-25 10:00:00+00:00,0.0956,0.0959,0.0952,0.0958,1732828.1
2026-08-25 11:00:00+00:00,0.0958,0.0958,0.0948,0.0948,2105305.8
2026-08-25 12:00:00+00:00,0.0948,0.0956,0.0944,0.0954,2932259.8
2026-08-25 13:00:00+00:00,0.0953,0.0955,0.0934,0.0945,3774749.1
2026-08-25 14:00:00+00:00,0.0945,0.0957,0.0942,0.0952,3094303.9
2026-08-25 15:00:00+00:00,0.0952,0.0952,0.0945,0.0952,1811802.7
2026-08-25 16:00:00+00:00,0.0951,0.0953,0.0945,0.0948,1025774.6
2026-08-25 17:00:00+00:00,0.0948,0.0951,0.0942,0.0949,1417887.0
2026-08-25 18:00:00+00:00,0.0949,0.0954,0.0947,0.0951,1046808.5
2026-08-25 19:00:00+00:00,0.0951,0.0953,0.0939,0.0941,911563.8
2026-08-25 20:00:00+00:00,0.0941,0.0941,0.0923,0.0923,5675874.4
2026-08-25 21:00:00+00:00,0.0923,0.0927,0.091,0.0926,3565253.5
2026-08-25 22:00:00+00:00,0.0926,0.0934,0.0926,0.0933,821753.7
2026-08-25 23:00:00+00:00,0.0933,0.0935,0.0919,0.0921,2028728.0
2026-08-26 00:00:00+00:00,0.0922,0.0929,0.0919,0.0927,1209329.5
2026-08-26 01:00:00+00:00,0.0926,0.0934,0.0926,0.0933,3203774.3
2026-08-26 02:00:00+00:00,0.0933,0.0942,0.0932,0.0938,1269454.3
2026-08-26 03:00:00+00:00,0.0938,0.094,0.0933,0.0934,1448291.5
2026-08-26 04:00:00+00:00,0.0934,0.0937,0.0928,0.0928,1469850.0
2026-08-26 05:00:00+00:00,0.0928,0.0935,0.0922,0.0933,1649196.2
2026-08-26 06:00:00+00:00,0.0933,0.0937,0.0931,0.0935,933539.2
2026-08-26 07:00:00+00:00,0.0936,0.0938,0.0931,0.0931,1758237.5
2026-08-26 08:00:00+00:00,0.0931,0.0935,0.0926,0.0927,805038.7
2026-08-26 09:00:00+00:00,0.0928,0.0929,0.0915,0.092,1389054.1
2026-08-26 10:00:00+00:00,0.092,0.0933,0.0918,0.093,920364.1
2026-08-26 11:00:00+00:00,0.093,0.0932,0.0918,0.092,1623550.4
2026-08-26 12:00:00+00:00,0.092,0.093,0.0916,0.092,2531769.7
2026-08-26 13:00:00+00:00,0.092,0.0922,0.0906,0.0912,3915705.1
2026-08-26 14:00:00+00:00,0.0911,0.0915,0.0886,0.0888,6303280.1
2026-08-26 15:00:00+00:00,0.0888,0.0892,0.0881,0.0889,4738450.7
2026-08-26 16:00:00+00:00,0.0889,0.0894,0.0886,0.089,1489570.3
2026-08-26 17:00:00+00:00,0.0891,0.0904,0.0891,0.0895,1920795.7
2026-08-26 18:00:00+00:00,0.0895,0.0896,0.089,0.0896,1485132.1
2026-08-26 19:00:00+00:00,0.0895,0.0898,0.0891,0.0892,908577.9
2026-08-26 20:00:00+00:00,0.0892,0.0895,0.0886,0.0895,1059167.0
2026-08-26 21:00:00+00:00,0.0896,0.0904,0.0893,0.0903,1498160.7
2026-08-26 22:00:00+00:00,0.0902,0.0911,0.0902,0.0907,2269450.8
2026-08-26 23:00:00+00:00,0.0906,0.0939,0.0905,0.0928,6374848.6
2026-08-27 00:00:00+00:00,0.0928,0.0929,0.0914,0.0915,1365451.1
2026-08-27 01:00:00+00:00,0.0915,0.092,0.091,0.0915,1707480.7
2026-08-27 02:00:00+00:00,0.0915,0.0917,0.0906,0.0906,329296.3
2026-08-27 03:00:00+00:00,0.0906,0.0912,0.0903,0.0909,794900.3
2026-08-27 04:00:00+00:00,0.091,0.0912,0.0899,0.0902,867880.1
2026-08-27 05:00:00+00:00,0.0901,0.0909,0.0899,0.0909,1299584.9
2026-08-27 06:00:00+00:00,0.0908,0.0915,0.0902,0.0913,864951.1
2026-08-27 07:00:00+00:00,0.0913,0.0914,0.0907,0.0912,1435124.9
2026-08-27 08:00:00+00:00,0.0912,0.093,0.0911,0.0928,3461402.8
2026-08-27 09:00:00+00:00,0.0927,0.0934,0.092,0.0921,3018074.2
2026-08-27 10:00:00+00:00,0.0922,0.0925,0.0903,0.0907,3209983.2
2026-08-27 11:00:00+00:00,0.0907,0.0911,0.0897,0.0902,2205189.3
2026-08-27 12:00:00+00:00,0.0903,0.0907,0.0901,0.0904,1641925.5
2026-08-27 13:00:00+00:00,0.0905,0.0912,0.0899,0.0911,3983973.4
2026-08-27 14:00:00+00:00,0.091,0.0923,0.0904,0.0915,1814747.1
2026-08-27 15:00:00+00:00,0.0915,0.0924,0.0913,0.0915,3076483.5
2026-08-27 16:00:00+00:00,0.0916,0.0928,0.091,0.0922,2228047.2
2026-08-27 17:00:00+00:00,0.0921,0.0925,0.0915,0.0917,862519.3
2026-08-27 18:00:00+00:00,0.0916,0.0918,0.0903,0.0913,2227545.9
2026-08-27 19:00:00+00:00,0.0914,0.0914,0.0908,0.0911,990852.3
2026-08-27 20:00:00+00:00,0.0911,0.0919,0.0908,0.0913,782552.2
2026-08-27 21:00:00+00:00,0.0914,0.0917,0.091,0.0913,2408827.9
2026-08-27 22:00:00+00:00,0.0913,0.0927,0.0913,0.0927,1445740.9
2026-08-27 23:00:00+00:00,0.0927,0.0928,0.0917,0.0919,1762086.9
2026-08-28 00:00:00+00:00,0.092,0.093,0.0918,0.0922,1818889.9
2026-08-28 01:00:00+00:00,0.0922,0.0944,0.0919,0.0921,2246332.9
2026-08-28 02:00:00+00:00,0.0921,0.0921,0.09,0.0903,2291955.7
2026-08-28 03:00:00+00:00,0.0902,0.0905,0.0895,0.09,1477564.3
2026-08-28 04:00:00+00:00,0.0901,0.0904,0.0893,0.0899,1094638.5
2026-08-28 05:00:00+00:00,0.0899,0.0903,0.0895,0.09,703598.6
2026-08-28 06:00:00+00:00,0.0901,0.0908,0.0901,0.0905,794606.8
2026-08-28 07:00:00+00:00,0.0905,0.0906,0.09,0.0901,1093387.0
2026-08-28 08:00:00+00:00,0.0902,0.0906,0.0895,0.0897,1253997.8
2026-08-28 09:00:00+00:00,0.0897,0.0901,0.0892,0.0894,1589513.2
2026-08-28 10:00:00+00:00,0.0894,0.0902,0.0887,0.0902,1570291.1
2026-08-28 11:00:00+00:00,0.0902,0.0905,0.0899,0.0901,1094360.7
2026-08-28 12:00:00+00:00,0.0901,0.0902,0.0895,0.0897,788399.7
2026-08-28 13:00:00+00:00,0.0897,0.0901,0.0893,0.0898,1717571.0
2026-08-28 14:00:00+00:00,0.0898,0.0912,0.0878,0.0908,6450554.2
2026-08-28 15:00:00+00:00,0.0908,0.0911,0.0881,0.0884,3493395.9
2026-08-28 16:00:00+00:00,0.0884,0.0886,0.0863,0.0883,6482903.5
2026-08-28 17:00:00+00:00,0.0882,0.0888,0.088,0.0884,1643329.3
2026-08-28 18:00:00+00:00,0.0883,0.0884,0.0868,0.0874,2137653.6
2026-08-28 19:00:00+00:00,0.0874,0.0879,0.0872,0.0875,609037.3
2026-08-28 20:00:00+00:00,0.0874,0.0878,0.0873,0.0875,1122405.1
2026-08-28 21:00:00+00:00,0.0875,0.0877,0.0868,0.087,814822.6
2026-08-28 22:00:00+00:00,0.0869,0.0878,0.0869,0.0877,1223082.6
2026-08-28 23:00:00+00:00,0.0877,0.0879,0.0875,0.0878,976301.1
2026-08-29 00:00:00+00:00,0.0878,0.0889,0.0878,0.0886,1031206.6
2026-08-29 01:00:00+00:00,0.0886,0.0886,0.088,0.0881,1069577.6
2026-08-29 02:00:00+00:00,0.0882,0.0883,0.0874,0.0877,1075733.4
2026-08-29 03:00:00+00:00,0.0877,0.0877,0.0873,0.0874,395829.9
2026-08-29 04:00:00+00:00,0.0874,0.0877,0.0873,0.0874,536776.1
2026-08-29 05:00:00+00:00,0.0874,0.0883,0.0873,0.0883,973660.1
2026-08-29 06:00:00+00:00,0.0882,0.0882,0.0877,0.0879,626315.6
2026-08-29 07:00:00+00:00,0.0878,0.0881,0.0875,0.0877,881115.8
2026-08-29 08:00:00+00:00,0.0876,0.0876,0.0869,0.0871,1150911.4
2026-08-29 09:00:00+00:00,0.087,0.0873,0.0869,0.0872,738434.6
2026-08-29 10:00:00+00:00,0.0871,0.0874,0.087,0.0871,901407.7
2026-08-29 11:00:00+00:00,0.0871,0.0874,0.0869,0.0869,395017.6
2026-08-29 12:00:00+00:00,0.087,0.0874,0.0869,0.0871,298539.6
2026-08-29 13:00:00+00:00,0.0871,0.0874,0.0869,0.0874,602649.3
2026-08-29 14:00:00+00:00,0.0874,0.0885,0.0873,0.0882,1168794.1
2026-08-29 15:00:00+00:00,0.0882,0.0882,0.0876,0.0878,1042400.7
2026-08-29 16:00:00+00:00,0.0877,0.0883,0.0876,0.088,2130488.0
2026-08-29 17:00:00+00:00,0.088,0.0882,0.0877,0.0879,791934.4
2026-08-29 18:00:00+00:00,0.088,0.0882,0.0877,0.0878,342298.5
2026-08-29 19:00:00+00:00,0.0878,0.0881,0.0877,0.0878,352323.9
2026-08-29 20:00:00+00:00,0.0878,0.0884,0.0878,0.0884,705212.0
2026-08-29 21:00:00+00:00,0.0884,0.0884,0.0878,0.0879,550464.9
2026-08-29 22:00:00+00:00,0.0879,0.0879,0.0876,0.0878,163337.5
2026-08-29 23:00:00+00:00,0.0879,0.0879,0.0874,0.0877,726746.2
2026-08-30 00:00:00+00:00,0.0877,0.0879,0.0873,0.0873,407590.8
2026-08-30 01:00:00+00:00,0.0873,0.0874,0.0867,0.0867,862111.8
2026-08-30 02:00:00+00:00,0.0867,0.0872,0.0866,0.087,645581.0
2026-08-30 03:00:00+00:00,0.087,0.087,0.0864,0.0865,848343.0
2026-08-30 04:00:00+00:00,0.0865,0.0867,0.0857,0.0863,1449469.4
2026-08-30 05:00:00+00:00,0.0863,0.0868,0.0862,0.0866,1399420.4
2026-08-30 06:00:00+00:00,0.0867,0.0872,0.0863,0.087,1032093.8
2026-08-30 07:00:00+00:00,0.0869,0.0869,0.0862,0.0865,835450.9
2026-08-30 08:00:00+00:00,0.0864,0.0866,0.0863,0.0863,1194769.3
2026-08-30 09:00:00+00:00,0.0864,0.0866,0.0863,0.0866,896649.6
2026-08-30 10:00:00+00:00,0.0866,0.0879,0.0865,0.0877,2800006.7
2026-08-30 11:00:00+00:00,0.0878,0.088,0.0875,0.0879,945648.8
2026-08-30 12:00:00+00:00,0.0879,0.0886,0.0878,0.0886,1697606.0
2026-08-30 13:00:00+00:00,0.0886,0.0895,0.0884,0.0893,2296055.4
2026-08-30 14:00:00+00:00,0.0892,0.09,0.0891,0.0893,2613835.6
2026-08-30 15:00:00+00:00,0.0893,0.0894,0.0882,0.0885,3423229.4
2026-08-30 16:00:00+00:00,0.0885,0.09,0.0883,0.0897,4252745.6
2026-08-30 17:00:00+00:00,0.0897,0.0899,0.0888,0.0894,2895596.5
2026-08-30 18:00:00+00:00,0.0895,0.091,0.0891,0.0902,5286665.2
2026-08-30 19:00:00+00:00,0.0902,0.0902,0.0892,0.0894,2087476.4
2026-08-30 20:00:00+00:00,0.0895,0.09,0.0883,0.0891,2415390.0
2026-08-30 21:00:00+00:00,0.0891,0.0894,0.0884,0.0894,3230291.6
2026-08-30 22:00:00+00:00,0.0895,0.09,0.0881,0.0886,1750781.2
2026-08-30 23:00:00+00:00,0.0885,0.0887,0.0831,0.0843,16662321.1
2026-08-31 00:00:00+00:00,0.0842,0.0857,0.0839,0.0852,2166813.9
2026-08-31 01:00:00+00:00,0.0852,0.0854,0.0841,0.0842,1640350.0
2026-08-31 02:00:00+00:00,0.0843,0.0853,0.0839,0.0843,1655562.0
2026-08-31 03:00:00+00:00,0.0843,0.0856,0.0842,0.0855,594976.6
2026-08-31 04:00:00+00:00,0.0855,0.0855,0.0846,0.085,979117.6
2026-08-31 05:00:00+00:00,0.085,0.0866,0.0849,0.0861,1461529.0
2026-08-31 06:00:00+00:00,0.0861,0.0865,0.086,0.0863,1412883.5
2026-08-31 07:00:00+00:00,0.0862,0.0871,0.0862,0.0863,1290100.5
2026-08-31 08:00:00+00:00,0.0863,0.0866,0.0857,0.0863,1429623.1
2026-08-31 09:00:00+00:00,0.0863,0.087,0.0862,0.0865,1584191.1
2026-08-31 10:00:00+00:00,0.0866,0.0866,0.086,0.0863,2113131.9
2026-08-31 11:00:00+00:00,0.0863,0.0866,0.0859,0.086,1320135.0
2026-08-31 12:00:00+00:00,0.086,0.0868,0.0854,0.0857,1660715.4
2026-08-31 13:00:00+00:00,0.0857,0.086,0.0849,0.0852,2018894.2
2026-08-31 14:00:00+00:00,0.0853,0.0874,0.0852,0.0872,3283320.4
2026-08-31 15:00:00+00:00,0.0872,0.0878,0.0865,0.0875,3100633.1
2026-08-31 16:00:00+00:00,0.0875,0.0881,0.0869,0.0877,2777475.2
2026-08-31 17:00:00+00:00,0.0877,0.0945,0.0876,0.0941,24649022.6
2026-08-31 18:00:00+00:00,0.0942,0.0966,0.0931,0.0946,22715764.5
2026-08-31 19:00:00+00:00,0.0946,0.0971,0.0942,0.0964,10634682.3
2026-08-31 20:00:00+00:00,0.0964,0.1007,0.0964,0.1003,28204386.9
2026-08-31 21:00:00+00:00,0.1003,0.1077,0.099,0.1065,23355381.2
2026-08-31 22:00:00+00:00,0.1064,0.1087,0.1052,0.1071,41960232.9
2026-08-31 23:00:00+00:00,0.1072,0.1099,0.1063,0.1094,32699689.5
2026-09-01 00:00:00+00:00,0.1094,0.1177,0.1072,0.1171,58352439.7
2026-09-01 01:00:00+00:00,0.117,0.1202,0.1133,0.1144,51022023.8
2026-09-01 02:00:00+00:00,0.1144,0.1144,0.1098,0.1125,44556153.2
2026-09-01 03:00:00+00:00,0.1124,0.1153,0.1108,0.1115,24386097.2
2026-09-01 04:00:00+00:00,0.1115,0.1123,0.1082,0.111,21204111.1
2026-09-01 05:00:00+00:00,0.111,0.1125,0.1106,0.1118,11196633.9
2026-09-01 06:00:00+00:00,0.1118,0.1123,0.1093,0.1114,13657524.4
2026-09-01 07:00:00+00:00,0.1114,0.1146,0.1105,0.1129,23437914.0
2026-09-01 08:00:00+00:00,0.1129,0.1131,0.1052,0.1068,40656222.0
2026-09-01 09:00:00+00:00,0.1069,0.1107,0.1063,0.1099,18384965.7
2026-09-01 10:00:00+00:00,0.1099,0.1136,0.1089,0.1125,13260565.1
2026-09-01 11:00:00+00:00,0.1125,0.1163,0.1119,0.1133,34194625.8
2026-09-01 12:00:00+00:00,0.1133,0.1134,0.1085,0.1094,18092226.1
2026-09-01 13:00:00+00:00,0.1094,0.1118,0.1084,0.1097,16875926.1
2026-09-01 14:00:00+00:00,0.1097,0.1131,0.1086,0.1098,31033498.1
2026-09-01 15:00:00+00:00,0.1098,0.1107,0.1071,0.1097,14603827.5
2026-09-01 16:00:00+00:00,0.1097,0.1105,0.1071,0.1088,11369908.8
2026-09-01 17:00:00+00:00,0.1088,0.1089,0.1068,0.1073,8496184.9
2026-09-01 18:00:00+00:00,0.1073,0.1082,0.1045,0.1064,12263295.7
2026-09-01 19:00:00+00:00,0.1065,0.1091,0.1055,0.1082,8130769.8
2026-09-01 20:00:00+00:00,0.1082,0.1083,0.1063,0.1072,4096159.0
2026-09-01 21:00:00+00:00,0.1071,0.1086,0.1057,0.1085,5019175.3
2026-09-01 22:00:00+00:00,0.1084,0.1094,0.1074,0.1084,3941912.4
2026-09-01 23:00:00+00:00,0.1085,0.1106,0.1085,0.1104,4662113.6
2026-09-02 00:00:00+00:00,0.1104,0.1105,0.1076,0.108,4819554.2
2026-09-02 01:00:00+00:00,0.108,0.1107,0.1078,0.1104,6756306.8
2026-09-02 02:00:00+00:00,0.1105,0.1128,0.1093,0.1115,9667492.8
2026-09-02 03:00:00+00:00,0.1115,0.1133,0.1111,0.113,7204905.6
2026-09-02 04:00:00+00:00,0.113,0.1149,0.1119,0.1122,10690142.9
2026-09-02 05:00:00+00:00,0.1122,0.1135,0.1113,0.1134,5539917.9
2026-09-02 06:00:00+00:00,0.1135,0.115,0.1128,0.1141,5841441.4
2026-09-02 07:00:00+00:00,0.1142,0.1158,0.1137,0.1146,6618475.6
2026-09-02 08:00:00+00:00,0.1147,0.1196,0.1144,0.1163,19430435.0
2026-09-02 09:00:00+00:00,0.1164,0.1183,0.1141,0.1149,12669306.4
2026-09-02 10:00:00+00:00,0.1149,0.1149,0.1095,0.1109,27875049.3
2026-09-02 11:00:00+00:00,0.1109,0.1112,0.1059,0.1076,20606835.4
2026-09-02 12:00:00+00:00,0.1076,0.1091,0.1072,0.1087,5588228.0
2026-09-02 13:00:00+00:00,0.1087,0.1125,0.1087,0.1109,8984844.1
2026-09-02 14:00:00+00:00,0.1109,0.1178,0.1105,0.1159,20630525.0
2026-09-02 15:00:00+00:00,0.116,0.12,0.1146,0.1166,17700449.1
2026-09-02 16:00:00+00:00,0.1166,0.1256,0.1154,0.1221,49419572.0
2026-09-02 17:00:00+00:00,0.122,0.1249,0.1201,0.1223,23569243.8
2026-09-02 18:00:00+00:00,0.1223,0.1267,0.122,0.1241,16303749.8
2026-09-02 19:00:00+00:00,0.1241,0.1255,0.1233,0.1241,8948181.5
2026-09-02 20:00:00+00:00,0.124,0.1255,0.1218,0.1229,9445087.6
2026-09-02 21:00:00+00:00,0.1229,0.1232,0.1212,0.1221,6268087.7
2026-09-02 22:00:00+00:00,0.1221,0.1245,0.1217,0.1234,7861654.7
2026-09-02 23:00:00+00:00,0.1234,0.1278,0.1224,0.1241,18019190.1
2026-09-03 00:00:00+00:00,0.1241,0.1249,0.1228,0.1231,5683855.2
2026-09-03 01:00:00+00:00,0.123,0.1259,0.1224,0.1246,6464941.7
2026-09-03 02:00:00+00:00,0.1246,0.1327,0.1239,0.132,19315822.5
2026-09-03 03:00:00+00:00,0.1321,0.1321,0.1269,0.1273,10160465.6
2026-09-03 04:00:00+00:00,0.1273,0.1308,0.1264,0.1308,12053883.4
2026-09-03 05:00:00+00:00,0.1307,0.1318,0.1282,0.1315,8316189.8
2026-09-03 06:00:00+00:00,0.1316,0.1361,0.1309,0.1351,18770172.0
2026-09-03 07:00:00+00:00,0.135,0.1379,0.1332,0.1374,15554453.0
2026-09-03 08:00:00+00:00,0.1373,0.1394,0.1348,0.1359,19200226.3
2026-09-03 09:00:00+00:00,0.1358,0.1413,0.1355,0.1382,18152897.7
2026-09-03 10:00:00+00:00,0.1382,0.1399,0.1341,0.1355,20422123.1
2026-09-03 11:00:00+00:00,0.1354,0.138,0.1334,0.1359,13507669.5
2026-09-03 12:00:00+00:00,0.1359,0.1376,0.1346,0.135,12591526.3
2026-09-03 13:00:00+00:00,0.135,0.1366,0.1324,0.1327,11827629.1
2026-09-03 14:00:00+00:00,0.1326,0.1373,0.1316,0.1338,24949969.4
2026-09-03 15:00:00+00:00,0.1339,0.1343,0.1303,0.1322,19153964.0
2026-09-03 16:00:00+00:00,0.1321,0.1323,0.1298,0.131,11768885.7
2026-09-03 17:00:00+00:00,0.1311,0.1333,0.1307,0.1328,8077358.5
2026-09-03 18:00:00+00:00,0.1329,0.145,0.1324,0.1447,44835676.5
2026-09-03 19:00:00+00:00,0.1447,0.1448,0.137,0.1386,24406773.1
2026-09-03 20:00:00+00:00,0.1386,0.1419,0.1368,0.1405,14355298.3
2026-09-03 21:00:00+00:00,0.1405,0.144,0.1387,0.1388,14250135.8
2026-09-03 22:00:00+00:00,0.1388,0.1413,0.1368,0.1387,10774670.6
2026-09-03 23:00:00+00:00,0.1387,0.1416,0.1384,0.141,7254926.2
