timestamp,open,high,low,close,volume
2026-03-08 01:00:00+00:00,8.89,8.92,8.88,8.91,29524.06
2026-03-08 02:00:00+00:00,8.91,8.91,8.81,8.83,117254.5
2026-03-08 03:00:00+00:00,8.83,8.87,8.81,8.85,52492.1
2026-03-08 04:00:00+00:00,8.86,8.87,8.79,8.82,72472.0
2026-03-08 05:00:00+00:00,8.82,8.89,8.82,8.86,25265.74
2026-03-08 06:00:00+00:00,8.86,8.87,8.83,8.87,18721.75
2026-03-08 07:00:00+00:00,8.86,8.91,8.86,8.89,21864.17
2026-03-08 08:00:00+00:00,8.89,8.89,8.84,8.88,43937.23
2026-03-08 09:00:00+00:00,8.87,8.95,8.86,8.93,60563.93
2026-03-08 10:00:00+00:00,8.93,9.02,8.93,8.98,46139.81
2026-03-08 11:00:00+00:00,8.98,8.99,8.89,8.91,46161.9
2026-03-08 12:00:00+00:00,8.92,9.02,8.85,8.96,110995.66
2026-03-08 13:00:00+00:00,8.95,8.97,8.84,8.9,93901.01
2026-03-08 14:00:00+00:00,8.89,8.93,8.86,8.9,37918.15
2026-03-08 15:00:00+00:00,8.9,8.9,8.84,8.88,38442.54
2026-03-08 16:00:00+00:00,8.87,8.88,8.82,8.83,43209.3
2026-03-08 17:00:00+00:00,8.84,8.89,8.83,8.86,23727.04
2026-03-08 18:00:00+00:00,8.86,8.87,8.82,8.85,36047.0
2026-03-08 19:00:00+00:00,8.86,8.98,8.85,8.96,70478.52
2026-03-08 20:00:00+00:00,8.96,8.99,8.92,8.94,42710.09
2026-03-08 21:00:00+00:00,8.94,8.95,8.86,8.91,43433.83
2026-03-08 22:00:00+00:00,8.9,8.9,8.69,8.85,400707.17
2026-03-08 23:00:00+00:00,8.85,8.89,8.8,8.82,89558.9
2026-03-09 00:00:00+00:00,8.82,8.98,8.82,8.91,74181.01
2026-03-09 01:00:00+00:00,8.9,8.93,8.84,8.84,59508.64
2026-03-09 02:00:00+00:00,8.84,8.94,8.81,8.92,55625.34
2026-03-09 03:00:00+00:00,8.91,9.09,8.91,8.97,180198.86
2026-03-09 04:00:00+00:00,8.98,9.04,8.97,8.99,50371.38
2026-03-09 05:00:00+00:00,8.99,9.26,8.98,9.21,301758.39
2026-03-09 06:00:00+00:00,9.21,9.29,9.12,9.12,333111.11
2026-03-09 07:00:00+00:00,9.13,9.13,9.02,9.08,145709.02
2026-03-09 08:00:00+00:00,9.08,9.16,9.07,9.09,115293.44
2026-03-09 09:00:00+00:00,9.08,9.18,9.05,9.11,123061.75
2026-03-09 10:00:00+00:00,9.11,9.12,9.04,9.07,54726.3
2026-03-09 11:00:00+00:00,9.06,9.1,9.02,9.09,60224.08
2026-03-09 12:00:00+00:00,9.08,9.17,9.08,9.14,87054.31
2026-03-09 13:00:00+00:00,9.13,9.33,9.12,9.29,202574.37
2026-03-09 14:00:00+00:00,9.28,9.32,9.2,9.25,244256.89
2026-03-09 15:00:00+00:00,9.26,9.29,9.21,9.28,81957.22
2026-03-09 16:00:00+00:00,9.27,9.34,9.27,9.29,123732.98
2026-03-09 17:00:00+00:00,9.29,9.33,9.23,9.25,124193.98
2026-03-09 18:00:00+00:00,9.26,9.31,9.21,9.25,69905.53
2026-03-09 19:00:00+00:00,9.25,9.53,9.23,9.39,320124.48
2026-03-09 20:00:00+00:00,9.39,9.43,9.34,9.37,139287.44
2026-03-09 21:00:00+00:00,9.36,9.4,9.33,9.36,101426.21
2026-03-09 22:00:00+00:00,9.35,9.38,9.23,9.26,85252.64
2026-03-09 23:00:00+00:00,9.25,9.29,9.23,9.26,38653.87
2026-03-10 00:00:00+00:00,9.26,9.37,9.25,9.32,88847.56
2026-03-10 01:00:00+00:00,9.32,9.38,9.31,9.35,57597.7
2026-03-10 02:00:00+00:00,9.35,9.51,9.32,9.45,125291.94
2026-03-10 03:00:00+00:00,9.45,9.47,9.31,9.33,93908.38
2026-03-10 04:00:00+00:00,9.33,9.48,9.33,9.44,60762.89
2026-03-10 05:00:00+00:00,9.43,9.43,9.37,9.39,47537.54
2026-03-10 06:00:00+00:00,9.38,9.39,9.33,9.35,44784.73
2026-03-10 07:00:00+00:00,9.35,9.41,9.34,9.41,57369.24
2026-03-10 08:00:00+00:00,9.41,9.47,9.4,9.43,72112.7
2026-03-10 09:00:00+00:00,9.44,9.6,9.43,9.58,116979.53
2026-03-10 10:00:00+00:00,9.57,9.59,9.49,9.53,64773.38
2026-03-10 11:00:00+00:00,9.54,9.59,9.48,9.5,104243.68
2026-03-10 12:00:00+00:00,9.49,9.5,9.4,9.44,49199.76
2026-03-10 13:00:00+00:00,9.44,9.49,9.33,9.38,93759.16
2026-03-10 14:00:00+00:00,9.38,9.67,9.31,9.65,228646.02
2026-03-10 15:00:00+00:00,9.64,9.81,9.62,9.77,659327.59
2026-03-10 16:00:00+00:00,9.77,9.96,9.69,9.84,476260.69
2026-03-10 17:00:00+00:00,9.83,9.96,9.82,9.88,318348.64
2026-03-10 18:00:00+00:00,9.87,9.89,9.61,9.63,254613.91
2026-03-10 19:00:00+00:00,9.63,9.65,9.55,9.6,119544.24
2026-03-10 20:00:00+00:00,9.6,9.66,9.59,9.63,60965.3
2026-03-10 21:00:00+00:00,9.63,9.66,9.51,9.54,92179.52
2026-03-10 22:00:00+00:00,9.55,9.59,9.5,9.5,56312.78
2026-03-10 23:00:00+00:00,9.5,9.54,9.49,9.53,63565.33
2026-03-11 00:00:00+00:00,9.53,9.59,9.5,9.56,87770.34
2026-03-11 01:00:00+00:00,9.56,9.57,9.5,9.56,60999.74
2026-03-11 02:00:00+00:00,9.56,9.57,9.48,9.57,54528.58
2026-03-11 03:00:00+00:00,9.56,9.6,9.54,9.54,56788.87
2026-03-11 04:00:00+00:00,9.55,9.7,9.52,9.7,76693.15
2026-03-11 05:00:00+00:00,9.69,9.74,9.49,9.5,80937.56
2026-03-11 06:00:00+00:00,9.5,9.63,9.49,9.62,69726.39
2026-03-11 07:00:00+00:00,9.62,9.62,9.49,9.51,48924.59
2026-03-11 08:00:00+00:00,9.51,9.57,9.49,9.55,69719.68
2026-03-11 09:00:00+00:00,9.55,9.57,9.5,9.52,37017.69
2026-03-11 10:00:00+00:00,9.52,9.6,9.51,9.58,30635.54
2026-03-11 11:00:00+00:00,9.58,9.62,9.54,9.55,38924.3
2026-03-11 12:00:00+00:00,9.56,9.68,9.52,9.6,125754.71
2026-03-11 13:00:00+00:00,9.61,9.86,9.6,9.72,165138.19
2026-03-11 14:00:00+00:00,9.71,9.79,9.65,9.68,121508.66
2026-03-11 15:00:00+00:00,9.69,9.7,9.51,9.6,126649.45
2026-03-11 16:00:00+00:00,9.6,9.68,9.57,9.64,104393.83
2026-03-11 17:00:00+00:00,9.64,9.75,9.61,9.68,115553.86
2026-03-11 18:00:00+00:00,9.68,9.76,9.67,9.74,155022.0
2026-03-11 19:00:00+00:00,9.74,9.75,9.69,9.7,56800.85
2026-03-11 20:00:00+00:00,9.7,9.71,9.64,9.67,59486.78
2026-03-11 21:00:00+00:00,9.67,9.67,9.61,9.65,69162.21
2026-03-11 22:00:00+00:00,9.64,9.66,9.58,9.6,83665.2
2026-03-11 23:00:00+00:00,9.61,9.62,9.53,9.55,44882.36
2026-03-12 00:00:00+00:00,9.56,9.57,9.52,9.55,66347.54
2026-03-12 01:00:00+00:00,9.54,9.55,9.49,9.51,57824.08
2026-03-12 02:00:00+00:00,9.51,9.53,9.43,9.45,92808.21
2026-03-12 03:00:00+00:00,9.45,9.52,9.44,9.49,45821.88
2026-03-12 04:00:00+00:00,9.49,9.53,9.47,9.48,39058.37
2026-03-12 05:00:00+00:00,9.48,9.5,9.45,9.47,22782.43
2026-03-12 06:00:00+00:00,9.47,9.55,9.46,9.53,43923.94
2026-03-12 07:00:00+00:00,9.53,9.59,9.5,9.59,71009.22
2026-03-12 08:00:00+00:00,9.58,9.65,9.54,9.58,47721.01
2026-03-12 09:00:00+00:00,9.58,9.64,9.51,9.59,73028.35
2026-03-12 10:00:00+00:00,9.58,9.66,9.57,9.62,84224.12
2026-03-12 11:00:00+00:00,9.61,9.63,9.55,9.57,50372.61
2026-03-12 12:00:00+00:00,9.58,9.65,9.54,9.61,57182.11
2026-03-12 13:00:00+00:00,9.61,9.64,9.51,9.57,92000.63
2026-03-12 14:00:00+00:00,9.57,9.64,9.44,9.51,168215.67
2026-03-12 15:00:00+00:00,9.5,9.63,9.49,9.59,88465.94
2026-03-12 16:00:00+00:00,9.59,9.62,9.53,9.59,76148.98
2026-03-12 17:00:00+00:00,9.6,9.61,9.52,9.55,33148.3
2026-03-12 18:00:00+00:00,9.56,9.59,9.53,9.54,33215.32
2026-03-12 19:00:00+00:00,9.54,9.62,9.52,9.61,54228.5
2026-03-12 20:00:00+00:00,9.6,9.62,9.59,9.61,36391.49
2026-03-12 21:00:00+00:00,9.61,9.67,9.61,9.66,41052.85
2026-03-12 22:00:00+00:00,9.65,9.69,9.62,9.65,66984.86
2026-03-12 23:00:00+00:00,9.65,9.74,9.65,9.67,141092.05
2026-03-13 00:00:00+00:00,9.67,9.95,9.65,9.82,329200.03
2026-03-13 01:00:00+00:00,9.82,9.97,9.82,9.95,168661.8
2026-03-13 02:00:00+00:00,9.96,10.01,9.86,9.89,242010.99
2026-03-13 03:00:00+00:00,9.9,9.98,9.85,9.95,154660.68
2026-03-13 04:00:00+00:00,9.95,9.95,9.87,9.91,79546.41
2026-03-13 05:00:00+00:00,9.92,10.0,9.88,9.95,86182.41
2026-03-13 06:00:00+00:00,9.96,9.97,9.82,9.86,92122.33
2026-03-13 07:00:00+00:00,9.85,9.89,9.82,9.85,45031.28
2026-03-13 08:00:00+00:00,9.86,9.94,9.8,9.85,88975.14
2026-03-13 09:00:00+00:00,9.84,9.97,9.81,9.95,60057.76
2026-03-13 10:00:00+00:00,9.95,10.04,9.94,10.01,105194.97
2026-03-13 11:00:00+00:00,10.02,10.02,9.98,10.01,88405.87
2026-03-13 12:00:00+00:00,10.01,10.18,9.99,10.09,348893.55
2026-03-13 13:00:00+00:00,10.09,10.29,10.07,10.22,458730.68
2026-03-13 14:00:00+00:00,10.22,10.27,9.94,9.97,350092.11
2026-03-13 15:00:00+00:00,9.97,10.04,9.87,9.89,200183.59
2026-03-13 16:00:00+00:00,9.89,9.93,9.83,9.89,123258.7
2026-03-13 17:00:00+00:00,9.89,9.92,9.73,9.76,145145.47
2026-03-13 18:00:00+00:00,9.76,9.83,9.74,9.79,82126.4
2026-03-13 19:00:00+00:00,9.79,9.79,9.74,9.77,88095.39
2026-03-13 20:00:00+00:00,9.78,9.81,9.75,9.79,52447.58
2026-03-13 21:00:00+00:00,9.8,9.83,9.74,9.76,50064.59
2026-03-13 22:00:00+00:00,9.76,9.77,9.67,9.71,122702.62
2026-03-13 23:00:00+00:00,9.71,9.73,9.69,9.72,44840.91
2026-03-14 00:00:00+00:00,9.72,9.72,9.65,9.67,93481.25
2026-03-14 01:00:00+00:00,9.66,9.71,9.63,9.7,75231.6
2026-03-14 02:00:00+00:00,9.7,9.73,9.67,9.71,51445.21
2026-03-14 03:00:00+00:00,9.71,9.76,9.7,9.74,69243.17
2026-03-14 04:00:00+00:00,9.74,9.78,9.7,9.71,107074.47
2026-03-14 05:00:00+00:00,9.72,9.72,9.64,9.67,73563.73
2026-03-14 06:00:00+00:00,9.67,9.67,9.58,9.62,73142.47
2026-03-14 07:00:00+00:00,9.62,9.62,9.59,9.59,29685.52
2026-03-14 08:00:00+00:00,9.59,9.62,9.58,9.59,40767.44
2026-03-14 09:00:00+00:00,9.6,9.62,9.55,9.56,37713.08
2026-03-14 10:00:00+00:00,9.56,9.57,9.52,9.55,152690.01
2026-03-14 11:00:00+00:00,9.55,9.59,9.54,9.58,49919.16
2026-03-14 12:00:00+00:00,9.57,9.58,9.54,9.56,38669.25
2026-03-14 13:00:00+00:00,9.57,9.59,9.55,9.58,42772.43
2026-03-14 14:00:00+00:00,9.58,9.59,9.54,9.55,27710.6
2026-03-14 15:00:00+00:00,9.55,9.58,9.54,9.56,30129.76
2026-03-14 16:00:00+00:00,9.56,9.61,9.55,9.6,15158.48
2026-03-14 17:00:00+00:00,9.61,9.61,9.57,9.58,14729.15
2026-03-14 18:00:00+00:00,9.58,9.59,9.55,9.57,30574.1
2026-03-14 19:00:00+00:00,9.57,9.58,9.56,9.57,14106.96
2026-03-14 20:00:00+00:00,9.57,9.6,9.56,9.59,25014.85
2026-03-14 21:00:00+00:00,9.59,9.62,9.57,9.61,27075.47
2026-03-14 22:00:00+00:00,9.62,9.64,9.61,9.62,40432.93
2026-03-14 23:00:00+00:00,9.63,9.73,9.63,9.73,75043.79
2026-03-15 00:00:00+00:00,9.73,9.74,9.68,9.69,66799.8
2026-03-15 01:00:00+00:00,9.69,9.73,9.65,9.71,34639.59
2026-03-15 02:00:00+00:00,9.72,9.8,9.7,9.78,69928.17
2026-03-15 03:00:00+00:00,9.79,9.81,9.69,9.71,65565.29
2026-03-15 04:00:00+00:00,9.71,9.76,9.68,9.72,25481.63
2026-03-15 05:00:00+00:00,9.71,9.76,9.69,9.71,38282.82
2026-03-15 06:00:00+00:00,9.72,9.73,9.66,9.7,26780.67
2026-03-15 07:00:00+00:00,9.71,9.75,9.7,9.72,22904.85
2026-03-15 08:00:00+00:00,9.72,9.79,9.71,9.78,37877.89
2026-03-15 09:00:00+00:00,9.79,9.87,9.78,9.78,88148.92
2026-03-15 10:00:00+00:00,9.78,9.83,9.78,9.8,30297.23
2026-03-15 11:00:00+00:00,9.81,9.82,9.79,9.8,43657.79
2026-03-15 12:00:00+00:00,9.8,9.88,9.79,9.84,49872.12
2026-03-15 13:00:00+00:00,9.84,9.85,9.7,9.76,63305.63
2026-03-15 14:00:00+00:00,9.76,9.81,9.71,9.75,43333.44
2026-03-15 15:00:00+00:00,9.76,9.76,9.71,9.71,20773.89
2026-03-15 16:00:00+00:00,9.71,9.74,9.68,9.7,30864.42
2026-03-15 17:00:00+00:00,9.7,9.8,9.69,9.77,53795.97
2026-03-15 18:00:00+00:00,9.77,9.8,9.67,9.69,34154.98
2026-03-15 19:00:00+00:00,9.7,9.78,9.68,9.77,49123.96
2026-03-15 20:00:00+00:00,9.76,9.84,9.73,9.79,47389.87
2026-03-15 21:00:00+00:00,9.8,9.87,9.76,9.84,69121.64
2026-03-15 22:00:00+00:00,9.85,10.02,9.79,9.97,199400.25
2026-03-15 23:00:00+00:00,9.98,10.04,9.87,9.95,213871.99
2026-03-16 00:00:00+00:00,9.94,10.0,9.89,9.94,113318.71
2026-03-16 01:00:00+00:00,9.94,10.04,9.88,10.01,88803.14
2026-03-16 02:00:00+00:00,10.0,10.03,9.89,9.96,69297.5
2026-03-16 03:00:00+00:00,9.96,10.41,9.95,10.26,569419.83
2026-03-16 04:00:00+00:00,10.27,10.47,10.26,10.43,303957.39
2026-03-16 05:00:00+00:00,10.42,10.52,10.38,10.49,315736.78
2026-03-16 06:00:00+00:00,10.49,10.5,10.39,10.41,142254.6
2026-03-16 07:00:00+00:00,10.41,10.46,10.34,10.37,143283.13
2026-03-16 08:00:00+00:00,10.37,10.45,10.23,10.24,202005.81
2026-03-16 09:00:00+00:00,10.24,10.31,10.24,10.27,65658.75
2026-03-16 10:00:00+00:00,10.27,10.3,10.19,10.27,147974.05
2026-03-16 11:00:00+00:00,10.27,10.29,10.18,10.22,71726.67
2026-03-16 12:00:00+00:00,10.21,10.28,10.16,10.18,266474.93
2026-03-16 13:00:00+00:00,10.17,10.28,10.15,10.19,324048.95
2026-03-16 14:00:00+00:00,10.2,10.24,10.04,10.14,294645.58
2026-03-16 15:00:00+00:00,10.15,10.2,10.07,10.08,203459.07
2026-03-16 16:00:00+00:00,10.08,10.27,10.07,10.25,174038.51
2026-03-16 17:00:00+00:00,10.25,10.31,10.21,10.26,105046.8
2026-03-16 18:00:00+00:00,10.25,10.34,10.23,10.24,138907.35
2026-03-16 19:00:00+00:00,10.24,10.33,10.19,10.27,204992.15
2026-03-16 20:00:00+00:00,10.28,10.38,10.26,10.33,89227.36
2026-03-16 21:00:00+00:00,10.33,10.45,10.32,10.38,194828.55
2026-03-16 22:00:00+00:00,10.38,10.51,10.37,10.5,164397.47
2026-03-16 23:00:00+00:00,10.5,10.51,10.35,10.49,173454.81
2026-03-17 00:00:00+00:00,10.48,10.55,10.45,10.5,319314.5
2026-03-17 01:00:00+00:00,10.51,10.52,10.44,10.5,197609.62
2026-03-17 02:00:00+00:00,10.5,10.51,10.45,10.48,142973.6
2026-03-17 03:00:00+00:00,10.47,10.48,10.28,10.35,168888.24
2026-03-17 04:00:00+00:00,10.35,10.39,10.25,10.29,161542.85
2026-03-17 05:00:00+00:00,10.29,10.33,10.24,10.28,105399.17
2026-03-17 06:00:00+00:00,10.29,10.38,10.25,10.3,86954.18
2026-03-17 07:00:00+00:00,10.29,10.39,10.29,10.31,67591.06
2026-03-17 08:00:00+00:00,10.32,10.36,10.27,10.29,104936.72
2026-03-17 09:00:00+00:00,10.29,10.31,10.25,10.27,145098.76
2026-03-17 10:00:00+00:00,10.27,10.3,10.23,10.26,196739.97
2026-03-17 11:00:00+00:00,10.27,10.31,10.26,10.26,78408.41
2026-03-17 12:00:00+00:00,10.26,10.28,10.21,10.24,160002.47
2026-03-17 13:00:00+00:00,10.25,10.3,10.23,10.25,174346.5
2026-03-17 14:00:00+00:00,10.26,10.31,10.23,10.28,130268.96
2026-03-17 15:00:00+00:00,10.28,10.34,10.22,10.27,176993.71
2026-03-17 16:00:00+00:00,10.27,10.33,10.25,10.27,101982.3
2026-03-17 17:00:00+00:00,10.26,10.31,10.25,10.29,55873.14
2026-03-17 18:00:00+00:00,10.29,10.33,10.27,10.3,46960.86
2026-03-17 19:00:00+00:00,10.3,10.31,10.24,10.25,47942.69
2026-03-17 20:00:00+00:00,10.25,10.3,10.24,10.28,35435.67
2026-03-17 21:00:00+00:00,10.28,10.33,10.27,10.3,62147.46
2026-03-17 22:00:00+00:00,10.3,10.34,10.22,10.27,62837.84
2026-03-17 23:00:00+00:00,10.26,10.27,10.18,10.2,129805.47
2026-03-18 00:00:00+00:00,10.2,10.23,10.16,10.2,157149.9
2026-03-18 01:00:00+00:00,10.21,10.25,10.2,10.23,39489.42
2026-03-18 02:00:00+00:00,10.22,10.3,10.22,10.26,67311.91
2026-03-18 03:00:00+00:00,10.27,10.36,10.26,10.32,73155.95
2026-03-18 04:00:00+00:00,10.32,10.32,10.23,10.25,33341.73
2026-03-18 05:00:00+00:00,10.26,10.33,10.22,10.24,51073.93
2026-03-18 06:00:00+00:00,10.25,10.32,10.24,10.26,32636.78
2026-03-18 07:00:00+00:00,10.26,10.26,10.22,10.25,38756.51
2026-03-18 08:00:00+00:00,10.25,10.29,10.24,10.25,36513.53
2026-03-18 09:00:00+00:00,10.24,10.28,10.24,10.25,34639.42
2026-03-18 10:00:00+00:00,10.25,10.26,10.2,10.21,54218.17
2026-03-18 11:00:00+00:00,10.21,10.25,9.93,9.98,385320.69
2026-03-18 12:00:00+00:00,9.98,9.98,9.73,9.81,463133.36
2026-03-18 13:00:00+00:00,9.8,9.84,9.75,9.8,195413.06
2026-03-18 14:00:00+00:00,9.8,9.81,9.56,9.57,366830.06
2026-03-18 15:00:00+00:00,9.57,9.59,9.48,9.57,248802.64
2026-03-18 16:00:00+00:00,9.56,9.57,9.49,9.54,176182.28
2026-03-18 17:00:00+00:00,9.54,9.65,9.52,9.62,151154.04
2026-03-18 18:00:00+00:00,9.63,9.72,9.56,9.6,283822.83
2026-03-18 19:00:00+00:00,9.6,9.68,9.59,9.62,109029.31
2026-03-18 20:00:00+00:00,9.62,9.68,9.54,9.66,100167.81
2026-03-18 21:00:00+00:00,9.66,9.74,9.66,9.72,70625.14
2026-03-18 22:00:00+00:00,9.72,9.72,9.66,9.69,65498.78
2026-03-18 23:00:00+00:00,9.7,9.71,9.63,9.69,53484.17
2026-03-19 00:00:00+00:00,9.68,9.7,9.65,9.66,36595.49
2026-03-19 01:00:00+00:00,9.67,9.69,9.65,9.66,20893.32
2026-03-19 02:00:00+00:00,9.66,9.67,9.61,9.62,58873.94
2026-03-19 03:00:00+00:00,9.63,9.75,9.62,9.67,106609.08
2026-03-19 04:00:00+00:00,9.66,9.67,9.61,9.62,38615.72
2026-03-19 05:00:00+00:00,9.62,9.64,9.59,9.6,28219.45
2026-03-19 06:00:00+00:00,9.61,9.63,9.57,9.6,53168.02
2026-03-19 07:00:00+00:00,9.6,9.61,9.44,9.51,128428.61
2026-03-19 08:00:00+00:00,9.52,9.55,9.48,9.52,53990.25
2026-03-19 09:00:00+00:00,9.52,9.61,9.51,9.6,67332.09
2026-03-19 10:00:00+00:00,9.6,9.62,9.54,9.55,24641.09
2026-03-19 11:00:00+00:00,9.54,9.58,9.53,9.54,30171.91
2026-03-19 12:00:00+00:00,9.55,9.55,9.43,9.44,62097.25
2026-03-19 13:00:00+00:00,9.43,9.49,9.36,9.47,131691.83
2026-03-19 14:00:00+00:00,9.48,9.51,9.37,9.43,74298.84
2026-03-19 15:00:00+00:00,9.43,9.48,9.33,9.4,88192.03
2026-03-19 16:00:00+00:00,9.41,9.41,9.35,9.37,52723.14
2026-03-19 17:00:00+00:00,9.38,9.48,9.33,9.46,52099.68
2026-03-19 18:00:00+00:00,9.47,9.47,9.42,9.46,29186.07
2026-03-19 19:00:00+00:00,9.46,9.58,9.45,9.51,77882.93
2026-03-19 20:00:00+00:00,9.51,9.55,9.49,9.5,41056.83
2026-03-19 21:00:00+00:00,9.51,9.53,9.5,9.52,23348.81
2026-03-19 22:00:00+00:00,9.52,9.52,9.42,9.46,49015.78
2026-03-19 23:00:00+00:00,9.47,9.5,9.44,9.48,32791.64
2026-03-20 00:00:00+00:00,9.48,9.53,9.46,9.52,27386.22
2026-03-20 01:00:00+00:00,9.53,9.6,9.52,9.56,32822.98
2026-03-20 02:00:00+00:00,9.56,9.57,9.5,9.55,33498.66
2026-03-20 03:00:00+00:00,9.54,9.58,9.52,9.57,30459.82
2026-03-20 04:00:00+00:00,9.57,9.58,9.52,9.58,24211.21
2026-03-20 05:00:00+00:00,9.57,9.6,9.55,9.57,21108.04
2026-03-20 06:00:00+00:00,9.56,9.56,9.51,9.51,20650.38
2026-03-20 07:00:00+00:00,9.51,9.56,9.45,9.53,49282.71
2026-03-20 08:00:00+00:00,9.53,9.61,9.52,9.58,86688.88
2026-03-20 09:00:00+00:00,9.57,9.57,9.49,9.53,46759.89
2026-03-20 10:00:00+00:00,9.53,9.56,9.49,9.54,27716.0
2026-03-20 11:00:00+00:00,9.55,9.59,9.49,9.52,43785.2
2026-03-20 12:00:00+00:00,9.52,9.55,9.47,9.49,37463.77
2026-03-20 13:00:00+00:00,9.49,9.54,9.44,9.46,75223.59
2026-03-20 14:00:00+00:00,9.45,9.54,9.42,9.45,86024.14
2026-03-20 15:00:00+00:00,9.45,9.5,9.42,9.49,44988.17
2026-03-20 16:00:00+00:00,9.49,9.51,9.45,9.48,44229.84
2026-03-20 17:00:00+00:00,9.47,9.5,9.41,9.5,42165.8
2026-03-20 18:00:00+00:00,9.5,9.54,9.44,9.47,200627.15
2026-03-20 19:00:00+00:00,9.47,9.54,9.43,9.53,79974.7
2026-03-20 20:00:00+00:00,9.54,9.55,9.45,9.52,63225.92
2026-03-20 21:00:00+00:00,9.51,9.61,9.48,9.57,87853.89
2026-03-20 22:00:00+00:00,9.58,9.65,9.57,9.59,119219.87
2026-03-20 23:00:00+00:00,9.58,9.59,9.53,9.56,43817.82
2026-03-21 00:00:00+00:00,9.57,9.61,9.53,9.56,55054.28
2026-03-21 01:00:00+00:00,9.56,9.59,9.53,9.55,30788.09
2026-03-21 02:00:00+00:00,9.55,9.61,9.53,9.61,31080.49
2026-03-21 03:00:00+00:00,9.61,9.62,9.57,9.59,24022.92
2026-03-21 04:00:00+00:00,9.59,9.62,9.55,9.57,23763.68
2026-03-21 05:00:00+00:00,9.57,9.62,9.56,9.59,23244.82
2026-03-21 06:00:00+00:00,9.59,9.64,9.58,9.62,32718.47
2026-03-21 07:00:00+00:00,9.62,9.63,9.58,9.59,39113.9
2026-03-21 08:00:00+00:00,9.59,9.59,9.54,9.57,140686.64
2026-03-21 09:00:00+00:00,9.57,9.6,9.54,9.55,40131.03
2026-03-21 10:00:00+00:00,9.54,9.55,9.49,9.5,40717.33
2026-03-21 11:00:00+00:00,9.5,9.52,9.49,9.51,15863.5
2026-03-21 12:00:00+00:00,9.5,9.52,9.49,9.51,37570.6
2026-03-21 13:00:00+00:00,9.5,9.51,9.48,9.49,11302.19
2026-03-21 14:00:00+00:00,9.5,9.55,9.46,9.47,47052.64
2026-03-21 15:00:00+00:00,9.47,9.55,9.47,9.54,24764.49
2026-03-21 16:00:00+00:00,9.54,9.57,9.49,9.49,43533.53
2026-03-21 17:00:00+00:00,9.5,9.51,9.48,9.5,26770.93
2026-03-21 18:00:00+00:00,9.5,9.51,9.48,9.49,17884.99
2026-03-21 19:00:00+00:00,9.49,9.5,9.47,9.5,14827.82
2026-03-21 20:00:00+00:00,9.5,9.53,9.49,9.53,20987.08
2026-03-21 21:00:00+00:00,9.53,9.53,9.5,9.5,17698.34
2026-03-21 22:00:00+00:00,9.5,9.52,9.48,9.5,23576.89
2026-03-21 23:00:00+00:00,9.5,9.5,9.15,9.21,260668.31
2026-03-22 00:00:00+00:00,9.21,9.27,9.05,9.22,202708.34
2026-03-22 01:00:00+00:00,9.23,9.26,9.2,9.23,61495.32
2026-03-22 02:00:00+00:00,9.23,9.32,9.22,9.29,45527.87
2026-03-22 03:00:00+00:00,9.28,9.36,9.25,9.28,39627.06
2026-03-22 04:00:00+00:00,9.28,9.32,9.26,9.3,49776.21
2026-03-22 05:00:00+00:00,9.3,9.31,9.24,9.25,35649.86
2026-03-22 06:00:00+00:00,9.24,9.25,9.21,9.24,26370.92
2026-03-22 07:00:00+00:00,9.24,9.26,9.19,9.19,49940.18
2026-03-22 08:00:00+00:00,9.19,9.19,9.1,9.15,92614.31
2026-03-22 09:00:00+00:00,9.16,9.19,9.12,9.14,36677.99
2026-03-22 10:00:00+00:00,9.14,9.14,9.09,9.11,48169.07
2026-03-22 11:00:00+00:00,9.11,9.12,9.06,9.07,47962.32
2026-03-22 12:00:00+00:00,9.06,9.14,9.06,9.12,44086.55
2026-03-22 13:00:00+00:00,9.12,9.14,9.07,9.1,50291.89
2026-03-22 14:00:00+00:00,9.1,9.14,9.07,9.08,51646.38
2026-03-22 15:00:00+00:00,9.09,9.11,9.07,9.1,44790.52
2026-03-22 16:00:00+00:00,9.1,9.11,9.08,9.08,39169.39
2026-03-22 17:00:00+00:00,9.08,9.1,9.06,9.08,33931.85
2026-03-22 18:00:00+00:00,9.07,9.09,8.99,9.04,98141.97
2026-03-22 19:00:00+00:00,9.04,9.04,8.95,8.98,92549.13
2026-03-22 20:00:00+00:00,8.98,9.03,8.96,8.99,86618.92
2026-03-22 21:00:00+00:00,8.99,8.99,8.87,8.98,118905.39
2026-03-22 22:00:00+00:00,8.98,9.09,8.93,9.05,170540.24
2026-03-22 23:00:00+00:00,9.05,9.09,9.01,9.03,40845.88
2026-03-23 00:00:00+00:00,9.03,9.07,8.99,9.05,56505.22
2026-03-23 01:00:00+00:00,9.04,9.11,9.03,9.07,45226.7
2026-03-23 02:00:00+00:00,9.07,9.14,9.05,9.12,42142.26
2026-03-23 03:00:00+00:00,9.12,9.19,9.09,9.1,37412.75
2026-03-23 04:00:00+00:00,9.11,9.16,9.1,9.16,28380.15
2026-03-23 05:00:00+00:00,9.15,9.18,9.11,9.16,32087.38
2026-03-23 06:00:00+00:00,9.16,9.16,8.99,9.03,58852.91
2026-03-23 07:00:00+00:00,9.03,9.06,8.95,9.02,70517.23
2026-03-23 08:00:00+00:00,9.03,9.06,8.97,8.98,51520.04
2026-03-23 09:00:00+00:00,8.99,9.02,8.92,9.0,59531.72
2026-03-23 10:00:00+00:00,9.01,9.06,8.98,9.0,39353.64
2026-03-23 11:00:00+00:00,9.01,9.59,9.0,9.38,1050664.88
2026-03-23 12:00:00+00:00,9.39,9.49,9.34,9.47,231861.34
2026-03-23 13:00:00+00:00,9.47,9.64,9.43,9.62,168186.83
2026-03-23 14:00:00+00:00,9.63,9.76,9.59,9.64,287716.02
2026-03-23 15:00:00+00:00,9.64,9.67,9.4,9.42,199863.66
2026-03-23 16:00:00+00:00,9.42,9.48,9.36,9.46,88999.36
2026-03-23 17:00:00+00:00,9.46,9.56,9.43,9.52,80931.79
2026-03-23 18:00:00+00:00,9.53,9.55,9.43,9.53,95350.19
2026-03-23 19:00:00+00:00,9.53,9.58,9.45,9.47,57736.27
2026-03-23 20:00:00+00:00,9.46,9.54,9.44,9.54,37567.17
2026-03-23 21:00:00+00:00,9.54,9.58,9.52,9.57,42207.93
2026-03-23 22:00:00+00:00,9.57,9.58,9.51,9.56,87788.21
2026-03-23 23:00:00+00:00,9.56,9.57,9.49,9.56,54555.04
2026-03-24 00:00:00+00:00,9.56,9.59,9.48,9.54,101499.44
2026-03-24 01:00:00+00:00,9.53,9.54,9.45,9.5,58988.12
2026-03-24 02:00:00+00:00,9.51,9.57,9.49,9.52,57205.38
2026-03-24 03:00:00+00:00,9.52,9.6,9.51,9.57,49654.83
2026-03-24 04:00:00+00:00,9.58,9.62,9.5,9.52,40198.18
2026-03-24 05:00:00+00:00,9.52,9.56,9.47,9.53,37760.08
2026-03-24 06:00:00+00:00,9.53,9.55,9.49,9.55,42774.93
2026-03-24 07:00:00+00:00,9.55,9.62,9.54,9.6,95587.36
2026-03-24 08:00:00+00:00,9.61,9.64,9.56,9.59,62098.94
2026-03-24 09:00:00+00:00,9.59,9.62,9.54,9.6,51261.77
2026-03-24 10:00:00+00:00,9.59,9.6,9.55,9.57,44109.17
2026-03-24 11:00:00+00:00,9.57,9.57,9.51,9.55,47844.12
2026-03-24 12:00:00+00:00,9.55,9.56,9.51,9.55,33616.36
2026-03-24 13:00:00+00:00,9.55,9.56,9.43,9.45,123325.26
2026-03-24 14:00:00+00:00,9.45,9.5,9.39,9.47,130062.23
2026-03-24 15:00:00+00:00,9.47,9.5,9.44,9.44,70694.05
2026-03-24 16:00:00+00:00,9.44,9.48,9.4,9.4,56875.41
2026-03-24 17:00:00+00:00,9.4,9.42,9.35,9.39,58657.1
2026-03-24 18:00:00+00:00,9.39,9.45,9.38,9.41,30850.41
2026-03-24 19:00:00+00:00,9.41,9.43,9.38,9.39,25915.51
2026-03-24 20:00:00+00:00,9.39,9.58,9.38,9.56,112267.74
2026-03-24 21:00:00+00:00,9.56,9.58,9.51,9.56,86152.09
2026-03-24 22:00:00+00:00,9.56,9.6,9.54,9.57,70870.23
2026-03-24 23:00:00+00:00,9.58,9.65,9.56,9.62,81754.52
2026-03-25 00:00:00+00:00,9.63,9.66,9.58,9.64,94980.26
2026-03-25 01:00:00+00:00,9.64,9.65,9.6,9.6,57138.31
2026-03-25 02:00:00+00:00,9.6,9.62,9.58,9.58,44792.54
2026-03-25 03:00:00+00:00,9.58,9.63,9.56,9.62,47592.28
2026-03-25 04:00:00+00:00,9.62,9.66,9.6,9.64,45962.21
2026-03-25 05:00:00+00:00,9.64,9.69,9.62,9.64,93550.95
2026-03-25 06:00:00+00:00,9.64,9.69,9.61,9.64,88592.99
2026-03-25 07:00:00+00:00,9.65,9.71,9.63,9.64,73672.76
2026-03-25 08:00:00+00:00,9.65,9.74,9.62,9.7,115156.26
2026-03-25 09:00:00+00:00,9.69,9.72,9.65,9.71,43578.82
2026-03-25 10:00:00+00:00,9.7,9.74,9.69,9.71,65066.25
2026-03-25 11:00:00+00:00,9.72,9.78,9.69,9.75,175473.89
2026-03-25 12:00:00+00:00,9.75,9.8,9.67,9.74,135350.26
2026-03-25 13:00:00+00:00,9.73,9.77,9.71,9.73,126070.28
2026-03-25 14:00:00+00:00,9.73,9.74,9.69,9.7,76217.74
2026-03-25 15:00:00+00:00,9.7,9.71,9.59,9.67,87770.94
2026-03-25 16:00:00+00:00,9.67,9.76,9.65,9.7,142902.0
2026-03-25 17:00:00+00:00,9.71,9.71,9.63,9.65,60690.74
2026-03-25 18:00:00+00:00,9.65,9.7,9.65,9.66,47969.12
2026-03-25 19:00:00+00:00,9.66,9.71,9.65,9.68,46736.44
2026-03-25 20:00:00+00:00,9.68,9.69,9.61,9.65,33708.27
2026-03-25 21:00:00+00:00,9.65,9.68,9.63,9.64,33698.57
2026-03-25 22:00:00+00:00,9.65,9.73,9.64,9.68,51271.01
2026-03-25 23:00:00+00:00,9.68,9.7,9.66,9.68,27566.05
2026-03-26 00:00:00+00:00,9.69,9.69,9.65,9.68,37451.1
2026-03-26 01:00:00+00:00,9.68,9.69,9.64,9.67,31709.62
2026-03-26 02:00:00+00:00,9.66,9.67,9.56,9.6,42551.9
2026-03-26 03:00:00+00:00,9.59,9.61,9.54,9.57,40498.16
2026-03-26 04:00:00+00:00,9.57,9.57,9.53,9.55,39004.62
2026-03-26 05:00:00+00:00,9.55,9.56,9.44,9.45,105399.89
2026-03-26 06:00:00+00:00,9.44,9.46,9.42,9.43,72568.77
2026-03-26 07:00:00+00:00,9.43,9.46,9.41,9.44,55935.03
2026-03-26 08:00:00+00:00,9.45,9.45,9.38,9.41,70180.94
2026-03-26 09:00:00+00:00,9.41,9.42,9.27,9.29,170420.22
2026-03-26 10:00:00+00:00,9.29,9.3,9.24,9.26,103416.04
2026-03-26 11:00:00+00:00,9.27,9.29,9.23,9.23,82040.3
2026-03-26 12:00:00+00:00,9.23,9.26,9.21,9.25,89995.26
2026-03-26 13:00:00+00:00,9.25,9.34,9.24,9.3,86503.87
2026-03-26 14:00:00+00:00,9.3,9.32,9.22,9.24,77634.36
2026-03-26 15:00:00+00:00,9.24,9.25,9.13,9.18,116485.27
2026-03-26 16:00:00+00:00,9.19,9.21,9.13,9.14,63187.95
2026-03-26 17:00:00+00:00,9.14,9.17,9.03,9.06,152321.98
2026-03-26 18:00:00+00:00,9.06,9.07,8.99,9.02,166729.33
2026-03-26 19:00:00+00:00,9.03,9.04,8.99,9.02,85909.63
2026-03-26 20:00:00+00:00,9.01,9.15,9.0,9.1,212296.17
2026-03-26 21:00:00+00:00,9.09,9.15,9.08,9.11,65189.18
2026-03-26 22:00:00+00:00,9.11,9.12,9.07,9.12,52259.29
2026-03-26 23:00:00+00:00,9.12,9.14,9.08,9.11,44016.69
2026-03-27 00:00:00+00:00,9.1,9.12,9.08,9.11,50133.82
2026-03-27 01:00:00+00:00,9.11,9.14,9.07,9.14,54194.97
2026-03-27 02:00:00+00:00,9.14,9.15,9.11,9.13,22439.98
2026-03-27 03:00:00+00:00,9.13,9.13,9.07,9.08,31585.23
2026-03-27 04:00:00+00:00,9.07,9.08,9.0,9.06,54801.62
2026-03-27 05:00:00+00:00,9.05,9.1,9.04,9.08,29942.19
2026-03-27 06:00:00+00:00,9.07,9.1,9.05,9.09,54755.03
2026-03-27 07:00:00+00:00,9.08,9.1,9.03,9.07,57844.85
2026-03-27 08:00:00+00:00,9.07,9.08,8.91,8.98,166691.3
2026-03-27 09:00:00+00:00,8.98,8.99,8.91,8.94,100377.96
2026-03-27 10:00:00+00:00,8.93,8.96,8.7,8.72,342343.9
2026-03-27 11:00:00+00:00,8.72,8.77,8.66,8.76,200457.71
2026-03-27 12:00:00+00:00,8.76,8.79,8.73,8.78,121625.52
2026-03-27 13:00:00+00:00,8.79,8.84,8.75,8.79,161934.68
2026-03-27 14:00:00+00:00,8.78,8.83,8.73,8.8,112121.34
2026-03-27 15:00:00+00:00,8.8,8.89,8.78,8.8,112433.58
2026-03-27 16:00:00+00:00,8.81,8.81,8.75,8.77,60998.84
2026-03-27 17:00:00+00:00,8.77,8.82,8.72,8.73,80943.1
2026-03-27 18:00:00+00:00,8.72,8.74,8.66,8.72,96546.55
2026-03-27 19:00:00+00:00,8.72,8.77,8.69,8.77,58004.05
2026-03-27 20:00:00+00:00,8.77,8.78,8.72,8.77,34609.83
2026-03-27 21:00:00+00:00,8.77,8.81,8.77,8.77,26264.33
2026-03-27 22:00:00+00:00,8.78,8.79,8.74,8.77,21347.95
2026-03-27 23:00:00+00:00,8.77,8.8,8.74,8.79,48792.67
2026-03-28 00:00:00+00:00,8.79,8.79,8.76,8.77,29629.58
2026-03-28 01:00:00+00:00,8.77,8.77,8.7,8.74,52703.74
2026-03-28 02:00:00+00:00,8.75,8.78,8.72,8.74,38808.42
2026-03-28 03:00:00+00:00,8.74,8.76,8.73,8.74,18275.63
2026-03-28 04:00:00+00:00,8.74,8.75,8.71,8.74,23291.67
2026-03-28 05:00:00+00:00,8.74,8.77,8.72,8.77,14510.81
2026-03-28 06:00:00+00:00,8.76,8.8,8.75,8.79,30380.35
2026-03-28 07:00:00+00:00,8.79,8.83,8.77,8.83,27058.2
2026-03-28 08:00:00+00:00,8.84,8.85,8.8,8.81,34504.18
2026-03-28 09:00:00+00:00,8.81,8.82,8.79,8.8,22043.66
2026-03-28 10:00:00+00:00,8.8,8.84,8.77,8.8,28764.97
2026-03-28 11:00:00+00:00,8.8,8.82,8.79,8.82,23348.13
2026-03-28 12:00:00+00:00,8.82,8.84,8.78,8.79,37304.77
2026-03-28 13:00:00+00:00,8.79,8.94,8.77,8.89,144666.85
2026-03-28 14:00:00+00:00,8.9,8.93,8.85,8.88,63157.62
2026-03-28 15:00:00+00:00,8.88,8.99,8.87,8.94,94313.14
2026-03-28 16:00:00+00:00,8.94,8.95,8.89,8.91,35475.98
2026-03-28 17:00:00+00:00,8.92,8.94,8.86,8.88,30528.24
2026-03-28 18:00:00+00:00,8.89,8.92,8.87,8.91,24024.58
2026-03-28 19:00:00+00:00,8.9,8.91,8.86,8.89,20250.89
2026-03-28 20:00:00+00:00,8.88,8.91,8.87,8.89,25671.85
2026-03-28 21:00:00+00:00,8.88,8.89,8.82,8.84,34482.13
2026-03-28 22:00:00+00:00,8.83,8.85,8.81,8.83,31210.25
2026-03-28 23:00:00+00:00,8.84,8.84,8.73,8.75,65446.56
2026-03-29 00:00:00+00:00,8.76,8.78,8.73,8.75,41838.81
2026-03-29 01:00:00+00:00,8.75,8.78,8.73,8.77,46046.07
2026-03-29 02:00:00+00:00,8.76,8.79,8.75,8.78,21964.34
2026-03-29 03:00:00+00:00,8.78,8.82,8.76,8.8,32857.91
2026-03-29 04:00:00+00:00,8.79,8.81,8.76,8.78,19488.57
2026-03-29 05:00:00+00:00,8.77,8.78,8.74,8.77,31916.71
2026-03-29 06:00:00+00:00,8.77,8.79,8.75,8.76,16155.03
2026-03-29 07:00:00+00:00,8.75,8.76,8.72,8.75,34346.17
2026-03-29 08:00:00+00:00,8.75,8.76,8.73,8.75,12288.33
2026-03-29 09:00:00+00:00,8.75,8.76,8.72,8.73,28187.96
2026-03-29 10:00:00+00:00,8.72,8.72,8.67,8.7,29738.43
2026-03-29 11:00:00+00:00,8.7,8.75,8.69,8.73,24321.59
2026-03-29 12:00:00+00:00,8.72,8.73,8.68,8.7,26275.49
2026-03-29 13:00:00+00:00,8.71,8.71,8.62,8.65,78350.91
2026-03-29 14:00:00+00:00,8.65,8.71,8.64,8.69,48892.51
2026-03-29 15:00:00+00:00,8.69,8.71,8.63,8.66,62487.48
2026-03-29 16:00:00+00:00,8.66,8.68,8.63,8.63,35855.13
2026-03-29 17:00:00+00:00,8.63,8.65,8.57,8.61,65821.53
2026-03-29 18:00:00+00:00,8.61,8.64,8.59,8.62,23876.36
2026-03-29 19:00:00+00:00,8.62,8.64,8.6,8.61,24891.72
2026-03-29 20:00:00+00:00,8.61,8.68,8.6,8.65,28082.87
2026-03-29 21:00:00+00:00,8.65,8.67,8.64,8.67,17781.5
2026-03-29 22:00:00+00:00,8.66,8.66,8.37,8.56,245507.54
2026-03-29 23:00:00+00:00,8.56,8.63,8.53,8.6,119752.12
2026-03-30 00:00:00+00:00,8.6,8.76,8.56,8.67,120069.34
2026-03-30 01:00:00+00:00,8.67,8.75,8.67,8.73,52541.85
2026-03-30 02:00:00+00:00,8.73,8.86,8.72,8.8,105859.46
2026-03-30 03:00:00+00:00,8.8,8.83,8.76,8.81,34438.15
2026-03-30 04:00:00+00:00,8.81,8.86,8.81,8.85,56873.32
2026-03-30 05:00:00+00:00,8.85,8.89,8.82,8.84,51001.62
2026-03-30 06:00:00+00:00,8.84,8.86,8.8,8.82,30541.13
2026-03-30 07:00:00+00:00,8.82,8.92,8.81,8.92,45051.16
2026-03-30 08:00:00+00:00,8.92,9.08,8.91,9.0,185865.74
2026-03-30 09:00:00+00:00,9.01,9.02,8.91,8.92,38145.97
2026-03-30 10:00:00+00:00,8.91,8.94,8.89,8.94,39718.65
2026-03-30 11:00:00+00:00,8.93,9.05,8.93,8.99,166300.87
2026-03-30 12:00:00+00:00,8.99,9.01,8.96,9.0,38746.42
2026-03-30 13:00:00+00:00,9.01,9.03,8.93,8.94,84964.46
2026-03-30 14:00:00+00:00,8.95,8.98,8.87,8.98,92519.94
2026-03-30 15:00:00+00:00,8.98,8.99,8.9,8.94,42095.21
2026-03-30 16:00:00+00:00,8.95,8.96,8.88,8.92,91334.28
2026-03-30 17:00:00+00:00,8.91,8.94,8.82,8.84,86071.41
2026-03-30 18:00:00+00:00,8.85,8.86,8.77,8.79,82256.45
2026-03-30 19:00:00+00:00,8.78,8.81,8.74,8.8,38424.88
2026-03-30 20:00:00+00:00,8.8,8.83,8.78,8.8,21734.16
2026-03-30 21:00:00+00:00,8.8,8.88,8.78,8.85,41360.99
2026-03-30 22:00:00+00:00,8.84,8.86,8.8,8.83,29241.06
2026-03-30 23:00:00+00:00,8.82,8.82,8.76,8.81,38145.4
2026-03-31 00:00:00+00:00,8.81,8.88,8.79,8.86,57581.1
2026-03-31 01:00:00+00:00,8.86,9.07,8.84,9.01,82699.29
2026-03-31 02:00:00+00:00,9.01,9.07,8.98,9.03,53336.04
2026-03-31 03:00:00+00:00,9.02,9.04,8.96,8.97,26999.8
2026-03-31 04:00:00+00:00,8.98,9.0,8.93,8.93,34056.5
2026-03-31 05:00:00+00:00,8.93,8.96,8.9,8.94,20953.2
2026-03-31 06:00:00+00:00,8.95,8.97,8.9,8.96,27229.89
2026-03-31 07:00:00+00:00,8.96,8.96,8.88,8.92,27758.19
2026-03-31 08:00:00+00:00,8.92,8.92,8.8,8.81,46631.62
2026-03-31 09:00:00+00:00,8.81,8.84,8.69,8.72,78073.15
2026-03-31 10:00:00+00:00,8.72,8.75,8.71,8.72,38546.43
2026-03-31 11:00:00+00:00,8.73,8.8,8.71,8.77,96731.28
2026-03-31 12:00:00+00:00,8.77,8.81,8.74,8.78,54422.49
2026-03-31 13:00:00+00:00,8.77,8.9,8.77,8.87,68582.83
2026-03-31 14:00:00+00:00,8.87,8.96,8.74,8.77,83739.14
2026-03-31 15:00:00+00:00,8.78,8.88,8.74,8.74,164139.12
2026-03-31 16:00:00+00:00,8.75,8.91,8.72,8.86,111197.5
2026-03-31 17:00:00+00:00,8.87,8.96,8.8,8.82,109051.95
2026-03-31 18:00:00+00:00,8.83,8.91,8.83,8.9,106487.47
2026-03-31 19:00:00+00:00,8.91,8.93,8.88,8.91,41989.11
2026-03-31 20:00:00+00:00,8.9,8.96,8.9,8.94,86488.63
2026-03-31 21:00:00+00:00,8.94,8.95,8.87,8.9,117689.93
2026-03-31 22:00:00+00:00,8.9,8.91,8.85,8.89,50536.1
2026-03-31 23:00:00+00:00,8.89,8.93,8.88,8.91,52016.76
2026-04-01 00:00:00+00:00,8.91,8.98,8.89,8.97,55908.32
2026-04-01 01:00:00+00:00,8.97,8.98,8.89,8.9,52152.94
2026-04-01 02:00:00+00:00,8.91,8.92,8.87,8.88,29720.5
2026-04-01 03:00:00+00:00,8.89,8.99,8.89,8.96,37704.58
2026-04-01 04:00:00+00:00,8.96,8.99,8.95,8.97,41853.54
2026-04-01 05:00:00+00:00,8.97,9.12,8.95,9.09,194871.25
2026-04-01 06:00:00+00:00,9.09,9.43,9.09,9.39,776207.75
2026-04-01 07:00:00+00:00,9.39,9.48,9.33,9.34,401802.68
2026-04-01 08:00:00+00:00,9.34,9.36,9.24,9.24,125098.45
2026-04-01 09:00:00+00:00,9.24,9.25,9.18,9.21,79381.94
2026-04-01 10:00:00+00:00,9.22,9.23,9.15,9.17,62872.5
2026-04-01 11:00:00+00:00,9.18,9.23,9.16,9.21,86550.13
2026-04-01 12:00:00+00:00,9.2,9.31,9.19,9.23,215090.32
2026-04-01 13:00:00+00:00,9.24,9.26,9.14,9.17,135061.98
2026-04-01 14:00:00+00:00,9.16,9.22,9.15,9.2,68072.49
2026-04-01 15:00:00+00:00,9.21,9.23,9.17,9.22,47545.24
2026-04-01 16:00:00+00:00,9.22,9.26,9.17,9.23,82094.39
2026-04-01 17:00:00+00:00,9.24,9.31,9.18,9.19,100274.34
2026-04-01 18:00:00+00:00,9.19,9.19,9.12,9.12,54965.63
2026-04-01 19:00:00+00:00,9.13,9.19,9.12,9.16,31246.72
2026-04-01 20:00:00+00:00,9.17,9.17,9.09,9.13,36840.7
2026-04-01 21:00:00+00:00,9.13,9.21,9.12,9.18,62072.77
2026-04-01 22:00:00+00:00,9.18,9.19,9.11,9.12,53938.67
2026-04-01 23:00:00+00:00,9.12,9.14,9.1,9.13,65493.64
2026-04-02 00:00:00+00:00,9.13,9.19,9.12,9.19,46072.64
2026-04-02 01:00:00+00:00,9.18,9.19,8.86,8.93,425111.62
2026-04-02 02:00:00+00:00,8.92,8.94,8.77,8.81,173319.7
2026-04-02 03:00:00+00:00,8.8,8.83,8.73,8.78,170648.63
2026-04-02 04:00:00+00:00,8.77,8.79,8.66,8.68,163411.88
2026-04-02 05:00:00+00:00,8.68,8.72,8.66,8.71,152908.24
2026-04-02 06:00:00+00:00,8.71,8.74,8.69,8.71,65597.78
2026-04-02 07:00:00+00:00,8.7,8.75,8.67,8.75,105608.4
2026-04-02 08:00:00+00:00,8.74,8.74,8.66,8.67,83479.39
2026-04-02 09:00:00+00:00,8.67,8.68,8.64,8.67,84382.51
2026-04-02 10:00:00+00:00,8.66,8.69,8.63,8.68,48092.48
2026-04-02 11:00:00+00:00,8.68,8.7,8.64,8.69,64049.39
2026-04-02 12:00:00+00:00,8.68,8.7,8.65,8.66,55360.41
2026-04-02 13:00:00+00:00,8.66,8.69,8.62,8.69,150531.29
2026-04-02 14:00:00+00:00,8.69,8.85,8.66,8.82,202149.35
2026-04-02 15:00:00+00:00,8.81,8.82,8.71,8.73,106703.7
2026-04-02 16:00:00+00:00,8.74,8.79,8.69,8.73,96891.41
2026-04-02 17:00:00+00:00,8.73,8.78,8.64,8.65,94802.47
2026-04-02 18:00:00+00:00,8.65,8.72,8.64,8.7,55549.23
2026-04-02 19:00:00+00:00,8.69,8.72,8.66,8.71,66121.77
2026-04-02 20:00:00+00:00,8.7,8.75,8.67,8.71,45924.63
2026-04-02 21:00:00+00:00,8.71,8.73,8.68,8.73,45358.99
2026-04-02 22:00:00+00:00,8.72,8.75,8.7,8.73,43463.69
2026-04-02 23:00:00+00:00,8.73,8.77,8.71,8.75,66445.61
2026-04-03 00:00:00+00:00,8.75,8.78,8.74,8.78,52786.21
2026-04-03 01:00:00+00:00,8.78,8.81,8.74,8.76,31939.43
2026-04-03 02:00:00+00:00,8.76,8.82,8.73,8.78,46168.35
2026-04-03 03:00:00+00:00,8.78,8.82,8.76,8.81,51620.29
2026-04-03 04:00:00+00:00,8.81,8.85,8.77,8.83,33232.69
2026-04-03 05:00:00+00:00,8.83,8.95,8.8,8.89,98183.1
2026-04-03 06:00:00+00:00,8.9,8.95,8.86,8.92,92601.33
2026-04-03 07:00:00+00:00,8.91,8.95,8.88,8.9,63434.3
2026-04-03 08:00:00+00:00,8.9,8.93,8.88,8.91,43718.97
2026-04-03 09:00:00+00:00,8.91,8.96,8.89,8.93,32323.01
2026-04-03 10:00:00+00:00,8.93,8.96,8.91,8.94,38778.08
2026-04-03 11:00:00+00:00,8.95,8.97,8.92,8.96,37110.88
2026-04-03 12:00:00+00:00,8.96,9.07,8.94,8.96,163738.8
2026-04-03 13:00:00+00:00,8.97,8.99,8.93,8.99,59425.97
2026-04-03 14:00:00+00:00,8.98,9.05,8.96,9.03,81657.26
2026-04-03 15:00:00+00:00,9.03,9.06,9.0,9.01,95184.09
2026-04-03 16:00:00+00:00,9.01,9.13,9.01,9.12,129770.2
2026-04-03 17:00:00+00:00,9.12,9.15,9.0,9.03,118434.71
2026-04-03 18:00:00+00:00,9.03,9.05,8.98,8.99,63831.5
2026-04-03 19:00:00+00:00,9.0,9.01,8.93,8.96,52450.74
2026-04-03 20:00:00+00:00,8.96,8.99,8.94,8.94,42588.89
2026-04-03 21:00:00+00:00,8.94,8.98,8.93,8.94,28494.75
2026-04-03 22:00:00+00:00,8.94,8.96,8.9,8.91,41721.36
2026-04-03 23:00:00+00:00,8.9,8.92,8.87,8.91,40506.0
2026-04-04 00:00:00+00:00,8.91,8.92,8.85,8.87,29933.45
2026-04-04 01:00:00+00:00,8.86,8.9,8.86,8.9,14806.23
2026-04-04 02:00:00+00:00,8.9,8.92,8.88,8.89,17862.69
2026-04-04 03:00:00+00:00,8.9,8.92,8.88,8.9,11364.94
2026-04-04 04:00:00+00:00,8.9,8.92,8.87,8.91,11616.12
2026-04-04 05:00:00+00:00,8.9,8.91,8.86,8.87,16051.89
2026-04-04 06:00:00+00:00,8.87,8.91,8.85,8.9,23858.53
2026-04-04 07:00:00+00:00,8.91,8.91,8.87,8.87,13636.51
2026-04-04 08:00:00+00:00,8.88,8.89,8.84,8.86,18689.21
2026-04-04 09:00:00+00:00,8.85,8.89,8.84,8.85,17673.62
2026-04-04 10:00:00+00:00,8.85,8.9,8.85,8.89,24154.95
2026-04-04 11:00:00+00:00,8.9,8.91,8.87,8.89,14116.86
2026-04-04 12:00:00+00:00,8.89,8.91,8.88,8.89,23730.5
2026-04-04 13:00:00+00:00,8.9,8.91,8.85,8.87,30757.26
2026-04-04 14:00:00+00:00,8.87,8.89,8.83,8.89,24131.17
2026-04-04 15:00:00+00:00,8.89,8.97,8.88,8.95,70372.22
2026-04-04 16:00:00+00:00,8.95,9.02,8.93,8.93,62086.42
2026-04-04 17:00:00+00:00,8.94,9.05,8.92,9.04,59888.73
2026-04-04 18:00:00+00:00,9.05,9.07,9.01,9.03,57875.26
2026-04-04 19:00:00+00:00,9.03,9.11,9.01,9.02,53160.5
2026-04-04 20:00:00+00:00,9.02,9.04,8.98,9.0,41618.87
2026-04-04 21:00:00+00:00,8.99,9.03,8.98,9.0,41731.6
2026-04-04 22:00:00+00:00,9.0,9.02,8.99,8.99,21968.79
2026-04-04 23:00:00+00:00,8.99,9.0,8.96,8.99,17968.38
2026-04-05 00:00:00+00:00,8.99,9.02,8.98,9.01,23228.22
2026-04-05 01:00:00+00:00,9.01,9.03,8.97,8.98,23483.16
2026-04-05 02:00:00+00:00,8.97,9.0,8.95,8.97,31523.89
2026-04-05 03:00:00+00:00,8.97,8.99,8.94,8.95,25193.66
2026-04-05 04:00:00+00:00,8.95,8.96,8.93,8.94,14533.95
2026-04-05 05:00:00+00:00,8.93,8.93,8.87,8.87,20339.68
2026-04-05 06:00:00+00:00,8.87,8.88,8.79,8.82,55831.95
2026-04-05 07:00:00+00:00,8.82,8.84,8.78,8.8,32456.04
2026-04-05 08:00:00+00:00,8.8,8.84,8.79,8.82,28404.56
2026-04-05 09:00:00+00:00,8.83,8.85,8.8,8.83,18235.86
2026-04-05 10:00:00+00:00,8.83,8.86,8.8,8.81,17104.81
2026-04-05 11:00:00+00:00,8.81,8.83,8.79,8.82,22578.33
2026-04-05 12:00:00+00:00,8.82,8.82,8.74,8.79,48730.52
2026-04-05 13:00:00+00:00,8.78,8.82,8.75,8.81,28023.23
2026-04-05 14:00:00+00:00,8.82,8.84,8.8,8.82,23071.71
2026-04-05 15:00:00+00:00,8.81,8.95,8.8,8.87,94295.98
2026-04-05 16:00:00+00:00,8.88,8.89,8.84,8.84,29829.16
2026-04-05 17:00:00+00:00,8.84,8.87,8.81,8.87,23492.2
2026-04-05 18:00:00+00:00,8.87,8.87,8.83,8.85,28626.56
2026-04-05 19:00:00+00:00,8.86,8.89,8.82,8.85,27140.3
2026-04-05 20:00:00+00:00,8.85,8.9,8.85,8.89,26271.16
2026-04-05 21:00:00+00:00,8.88,8.89,8.83,8.86,34890.42
2026-04-05 22:00:00+00:00,8.86,8.97,8.81,8.96,67998.63
2026-04-05 23:00:00+00:00,8.96,9.09,8.94,9.06,112592.03
2026-04-06 00:00:00+00:00,9.07,9.43,9.07,9.42,456131.27
2026-04-06 01:00:00+00:00,9.42,9.61,9.39,9.43,576839.21
2026-04-06 02:00:00+00:00,9.43,9.66,9.42,9.59,389530.76
2026-04-06 03:00:00+00:00,9.6,9.62,9.44,9.45,209319.98
2026-04-06 04:00:00+00:00,9.45,9.52,9.4,9.48,120199.74
2026-04-06 05:00:00+00:00,9.49,9.54,9.46,9.47,130835.71
2026-04-06 06:00:00+00:00,9.47,9.52,9.37,9.39,169417.8
2026-04-06 07:00:00+00:00,9.4,9.43,9.37,9.39,70319.78
2026-04-06 08:00:00+00:00,9.39,9.45,9.38,9.42,73335.93
2026-04-06 09:00:00+00:00,9.41,9.51,9.41,9.45,118765.46
2026-04-06 10:00:00+00:00,9.45,9.5,9.44,9.46,63492.31
2026-04-06 11:00:00+00:00,9.45,9.47,9.44,9.44,40641.51
2026-04-06 12:00:00+00:00,9.45,9.46,9.4,9.41,42615.24
2026-04-06 13:00:00+00:00,9.41,9.41,9.33,9.36,91664.02
2026-04-06 14:00:00+00:00,9.36,9.4,9.33,9.36,104173.13
2026-04-06 15:00:00+00:00,9.36,9.39,9.34,9.39,50163.8
2026-04-06 16:00:00+00:00,9.38,9.4,9.32,9.33,65192.98
2026-04-06 17:00:00+00:00,9.34,9.35,9.27,9.33,77754.81
2026-04-06 18:00:00+00:00,9.32,9.36,9.3,9.34,44155.3
2026-04-06 19:00:00+00:00,9.34,9.34,9.29,9.32,61160.79
2026-04-06 20:00:00+00:00,9.32,9.36,9.31,9.34,33242.67
2026-04-06 21:00:00+00:00,9.33,9.33,9.26,9.28,34475.73
2026-04-06 22:00:00+00:00,9.27,9.27,9.12,9.12,152971.23
2026-04-06 23:00:00+00:00,9.12,9.12,8.81,8.91,667430.81
2026-04-07 00:00:00+00:00,8.9,8.93,8.81,8.83,223709.84
2026-04-07 01:00:00+00:00,8.83,8.83,8.69,8.71,290166.15
2026-04-07 02:00:00+00:00,8.71,8.72,8.63,8.67,444796.56
2026-04-07 03:00:00+00:00,8.67,8.71,8.64,8.69,219831.03
2026-04-07 04:00:00+00:00,8.68,8.73,8.65,8.71,293823.79
2026-04-07 05:00:00+00:00,8.7,8.71,8.53,8.56,515931.99
2026-04-07 06:00:00+00:00,8.56,8.59,8.46,8.58,512505.88
2026-04-07 07:00:00+00:00,8.59,8.66,8.57,8.65,286103.81
2026-04-07 08:00:00+00:00,8.65,8.71,8.64,8.69,147887.06
2026-04-07 09:00:00+00:00,8.7,8.73,8.67,8.7,114568.68
2026-04-07 10:00:00+00:00,8.7,8.71,8.61,8.63,259766.92
2026-04-07 11:00:00+00:00,8.63,8.64,8.58,8.62,199385.4
2026-04-07 12:00:00+00:00,8.61,8.69,8.55,8.66,235769.07
2026-04-07 13:00:00+00:00,8.66,8.69,8.6,8.6,244103.33
2026-04-07 14:00:00+00:00,8.61,8.62,8.52,8.56,185346.96
2026-04-07 15:00:00+00:00,8.56,8.62,8.54,8.59,134172.97
2026-04-07 16:00:00+00:00,8.59,8.64,8.56,8.57,124192.76
2026-04-07 17:00:00+00:00,8.57,8.7,8.56,8.61,166701.06
2026-04-07 18:00:00+00:00,8.6,8.66,8.6,8.64,120910.66
2026-04-07 19:00:00+00:00,8.64,8.81,8.63,8.79,270491.41
2026-04-07 20:00:00+00:00,8.8,8.89,8.74,8.76,297510.61
2026-04-07 21:00:00+00:00,8.77,9.13,8.75,9.04,311708.28
2026-04-07 22:00:00+00:00,9.05,9.36,9.04,9.35,571743.05
2026-04-07 23:00:00+00:00,9.35,9.62,9.35,9.43,711341.94
2026-04-08 00:00:00+00:00,9.43,9.48,9.34,9.37,213258.21
2026-04-08 01:00:00+00:00,9.37,9.45,9.32,9.41,147533.1
2026-04-08 02:00:00+00:00,9.42,9.52,9.41,9.43,195221.96
2026-04-08 03:00:00+00:00,9.43,9.48,9.42,9.44,164433.18
2026-04-08 04:00:00+00:00,9.43,9.56,9.43,9.46,273060.53
2026-04-08 05:00:00+00:00,9.46,9.52,9.42,9.46,157608.8
2026-04-08 06:00:00+00:00,9.46,9.48,9.4,9.41,159260.84
2026-04-08 07:00:00+00:00,9.41,9.45,9.37,9.39,166349.38
2026-04-08 08:00:00+00:00,9.4,9.4,9.36,9.38,70077.24
2026-04-08 09:00:00+00:00,9.38,9.41,9.35,9.36,87427.78
2026-04-08 10:00:00+00:00,9.36,9.39,9.34,9.36,72058.97
2026-04-08 11:00:00+00:00,9.35,9.36,9.28,9.3,131231.12
2026-04-08 12:00:00+00:00,9.3,9.37,9.27,9.36,170004.05
2026-04-08 13:00:00+00:00,9.35,9.44,9.31,9.32,199844.39
2026-04-08 14:00:00+00:00,9.33,9.34,9.14,9.18,274115.85
2026-04-08 15:00:00+00:00,9.18,9.23,9.17,9.22,100487.59
2026-04-08 16:00:00+00:00,9.21,9.25,9.17,9.22,69502.31
2026-04-08 17:00:00+00:00,9.23,9.29,9.2,9.27,74470.54
2026-04-08 18:00:00+00:00,9.27,9.29,9.12,9.14,99973.21
2026-04-08 19:00:00+00:00,9.14,9.19,9.12,9.19,75173.32
2026-04-08 20:00:00+00:00,9.19,9.22,9.13,9.15,49986.83
2026-04-08 21:00:00+00:00,9.14,9.22,9.13,9.2,67694.39
2026-04-08 22:00:00+00:00,9.19,9.19,9.11,9.12,120496.08
2026-04-08 23:00:00+00:00,9.12,9.12,9.04,9.05,147024.0
2026-04-09 00:00:00+00:00,9.05,9.06,8.94,8.97,161299.26
2026-04-09 01:00:00+00:00,8.96,8.99,8.92,8.99,117022.29
2026-04-09 02:00:00+00:00,8.99,9.06,8.96,9.04,90076.15
2026-04-09 03:00:00+00:00,9.03,9.06,9.01,9.03,45346.96
2026-04-09 04:00:00+00:00,9.02,9.07,9.01,9.04,33031.91
2026-04-09 05:00:00+00:00,9.05,9.06,9.0,9.02,31875.14
2026-04-09 06:00:00+00:00,9.01,9.06,9.01,9.05,27182.09
2026-04-09 07:00:00+00:00,9.06,9.09,9.05,9.08,25406.33
2026-04-09 08:00:00+00:00,9.08,9.17,9.05,9.16,73812.91
2026-04-09 09:00:00+00:00,9.16,9.16,9.06,9.13,117452.71
2026-04-09 10:00:00+00:00,9.13,9.16,9.1,9.1,47866.54
2026-04-09 11:00:00+00:00,9.1,9.11,9.04,9.08,50370.32
2026-04-09 12:00:00+00:00,9.09,9.13,9.06,9.1,54800.59
2026-04-09 13:00:00+00:00,9.11,9.12,9.06,9.1,77298.99
2026-04-09 14:00:00+00:00,9.1,9.18,9.06,9.16,87735.51
2026-04-09 15:00:00+00:00,9.16,9.37,9.13,9.34,252286.84
2026-04-09 16:00:00+00:00,9.34,9.39,9.24,9.29,180967.33
2026-04-09 17:00:00+00:00,9.29,9.39,9.28,9.36,156766.47
2026-04-09 18:00:00+00:00,9.36,9.37,9.26,9.28,89051.61
2026-04-09 19:00:00+00:00,9.28,9.35,9.25,9.31,136655.11
2026-04-09 20:00:00+00:00,9.31,9.35,9.28,9.33,147620.7
2026-04-09 21:00:00+00:00,9.33,9.46,9.31,9.42,132017.08
2026-04-09 22:00:00+00:00,9.42,9.7,9.39,9.48,543440.17
2026-04-09 23:00:00+00:00,9.48,9.52,9.34,9.37,241335.19
2026-04-10 00:00:00+00:00,9.37,9.41,9.31,9.34,137136.73
2026-04-10 01:00:00+00:00,9.33,9.42,9.27,9.35,82938.93
2026-04-10 02:00:00+00:00,9.35,9.38,9.31,9.33,46560.89
2026-04-10 03:00:00+00:00,9.33,9.36,9.28,9.31,67343.84
2026-04-10 04:00:00+00:00,9.31,9.4,9.3,9.38,75004.45
2026-04-10 05:00:00+00:00,9.39,9.42,9.36,9.37,84615.44
2026-04-10 06:00:00+00:00,9.38,9.4,9.28,9.3,68937.18
2026-04-10 07:00:00+00:00,9.31,9.32,9.27,9.28,92713.04
2026-04-10 08:00:00+00:00,9.28,9.33,9.25,9.27,90120.06
2026-04-10 09:00:00+00:00,9.27,9.33,9.27,9.31,48572.33
2026-04-10 10:00:00+00:00,9.31,9.31,9.26,9.28,48349.95
2026-04-10 11:00:00+00:00,9.28,9.34,9.26,9.3,62227.47
2026-04-10 12:00:00+00:00,9.31,9.38,9.3,9.38,122793.02
2026-04-10 13:00:00+00:00,9.38,9.42,9.32,9.37,80182.13
2026-04-10 14:00:00+00:00,9.37,9.47,9.33,9.44,129971.66
2026-04-10 15:00:00+00:00,9.45,9.51,9.39,9.42,113796.33
2026-04-10 16:00:00+00:00,9.42,9.46,9.4,9.42,63966.29
2026-04-10 17:00:00+00:00,9.42,9.42,9.35,9.4,48689.58
2026-04-10 18:00:00+00:00,9.4,9.53,9.38,9.52,189144.03
2026-04-10 19:00:00+00:00,9.52,9.56,9.49,9.53,76826.96
2026-04-10 20:00:00+00:00,9.53,9.56,9.49,9.51,85733.69
2026-04-10 21:00:00+00:00,9.51,9.52,9.4,9.45,78246.11
2026-04-10 22:00:00+00:00,9.45,9.46,9.39,9.42,46144.5
2026-04-10 23:00:00+00:00,9.42,9.42,9.38,9.39,57787.48
2026-04-11 00:00:00+00:00,9.39,9.4,9.35,9.35,50743.21
2026-04-11 01:00:00+00:00,9.35,9.36,9.31,9.35,47581.72
2026-04-11 02:00:00+00:00,9.35,9.38,9.33,9.35,92624.83
2026-04-11 03:00:00+00:00,9.34,9.37,9.31,9.33,59584.19
2026-04-11 04:00:00+00:00,9.32,9.35,9.3,9.31,47760.32
2026-04-11 05:00:00+00:00,9.3,9.31,9.25,9.26,64977.37
2026-04-11 06:00:00+00:00,9.26,9.29,9.23,9.28,47652.92
2026-04-11 07:00:00+00:00,9.28,9.31,9.26,9.28,32670.24
2026-04-11 08:00:00+00:00,9.29,9.32,9.27,9.28,44553.59
2026-04-11 09:00:00+00:00,9.28,9.32,9.26,9.28,48646.28
2026-04-11 10:00:00+00:00,9.28,9.29,9.25,9.27,31731.16
2026-04-11 11:00:00+00:00,9.26,9.29,9.25,9.28,32794.72
2026-04-11 12:00:00+00:00,9.28,9.3,9.26,9.27,30218.53
2026-04-11 13:00:00+00:00,9.27,9.28,9.19,9.24,85821.53
2026-04-11 14:00:00+00:00,9.23,9.28,9.23,9.27,30042.97
2026-04-11 15:00:00+00:00,9.28,9.34,9.27,9.34,53727.69
2026-04-11 16:00:00+00:00,9.33,9.47,9.33,9.44,101411.06
2026-04-11 17:00:00+00:00,9.45,9.46,9.38,9.39,63866.97
2026-04-11 18:00:00+00:00,9.39,9.53,9.36,9.5,150282.2
2026-04-11 19:00:00+00:00,9.49,9.61,9.48,9.58,137249.83
2026-04-11 20:00:00+00:00,9.58,9.61,9.43,9.46,140227.84
2026-04-11 21:00:00+00:00,9.46,9.5,9.43,9.47,68902.15
2026-04-11 22:00:00+00:00,9.46,9.52,9.39,9.42,114949.82
2026-04-11 23:00:00+00:00,9.41,9.42,9.33,9.38,61230.58
2026-04-12 00:00:00+00:00,9.37,9.38,9.32,9.37,60905.7
2026-04-12 01:00:00+00:00,9.37,9.39,9.03,9.09,358550.91
2026-04-12 02:00:00+00:00,9.08,9.14,9.03,9.13,171132.86
2026-04-12 03:00:00+00:00,9.13,9.13,9.08,9.09,109592.92
2026-04-12 04:00:00+00:00,9.08,9.1,9.06,9.07,106606.84
2026-04-12 05:00:00+00:00,9.08,9.09,9.05,9.07,94545.42
2026-04-12 06:00:00+00:00,9.07,9.09,9.04,9.05,48770.71
2026-04-12 07:00:00+00:00,9.05,9.05,9.0,9.02,93360.89
2026-04-12 08:00:00+00:00,9.02,9.05,9.0,9.04,52517.45
2026-04-12 09:00:00+00:00,9.04,9.05,9.0,9.03,49043.24
2026-04-12 10:00:00+00:00,9.02,9.05,8.98,9.0,80759.01
2026-04-12 11:00:00+00:00,8.99,9.05,8.98,9.03,53332.7
2026-04-12 12:00:00+00:00,9.03,9.06,9.0,9.02,95283.2
2026-04-12 13:00:00+00:00,9.02,9.05,8.96,8.97,108330.64
2026-04-12 14:00:00+00:00,8.96,9.01,8.96,8.98,65328.46
2026-04-12 15:00:00+00:00,8.98,8.99,8.92,8.96,75488.37
2026-04-12 16:00:00+00:00,8.96,9.02,8.95,9.02,77455.7
2026-04-12 17:00:00+00:00,9.02,9.13,9.01,9.11,78350.1
2026-04-12 18:00:00+00:00,9.12,9.17,9.09,9.11,89698.75
2026-04-12 19:00:00+00:00,9.11,9.11,9.06,9.08,48979.61
2026-04-12 20:00:00+00:00,9.09,9.15,9.06,9.13,64275.56
2026-04-12 21:00:00+00:00,9.14,9.17,9.11,9.15,68101.0
2026-04-12 22:00:00+00:00,9.15,9.15,9.02,9.06,120173.78
2026-04-12 23:00:00+00:00,9.06,9.06,9.01,9.03,70483.4
2026-04-13 00:00:00+00:00,9.04,9.12,9.02,9.1,79424.48
2026-04-13 01:00:00+00:00,9.1,9.17,9.09,9.14,83746.18
2026-04-13 02:00:00+00:00,9.14,9.15,9.05,9.06,51652.91
2026-04-13 03:00:00+00:00,9.06,9.08,9.04,9.07,35362.41
2026-04-13 04:00:00+00:00,9.07,9.12,9.05,9.05,42194.82
2026-04-13 05:00:00+00:00,9.05,9.07,9.01,9.07,47725.54
2026-04-13 06:00:00+00:00,9.07,9.2,9.06,9.15,129907.4
2026-04-13 07:00:00+00:00,9.16,9.16,9.04,9.06,71985.28
2026-04-13 08:00:00+00:00,9.06,9.07,9.01,9.03,72463.27
2026-04-13 09:00:00+00:00,9.02,9.09,9.02,9.08,47504.81
2026-04-13 10:00:00+00:00,9.08,9.09,8.98,8.99,71477.1
2026-04-13 11:00:00+00:00,9.0,9.08,8.97,9.07,141161.37
2026-04-13 12:00:00+00:00,9.06,9.19,9.03,9.15,103883.66
2026-04-13 13:00:00+00:00,9.16,9.28,9.1,9.26,285882.2
2026-04-13 14:00:00+00:00,9.27,9.33,9.15,9.31,205756.94
2026-04-13 15:00:00+00:00,9.32,9.33,9.15,9.21,190812.32
2026-04-13 16:00:00+00:00,9.21,9.31,9.15,9.28,185285.24
2026-04-13 17:00:00+00:00,9.29,9.39,9.25,9.26,147378.44
2026-04-13 18:00:00+00:00,9.26,9.27,9.18,9.26,105759.44
2026-04-13 19:00:00+00:00,9.27,9.42,9.26,9.4,174938.13
2026-04-13 20:00:00+00:00,9.41,9.42,9.27,9.3,121178.75
2026-04-13 21:00:00+00:00,9.3,9.33,9.25,9.32,84577.52
2026-04-13 22:00:00+00:00,9.31,9.62,9.31,9.59,509395.82
2026-04-13 23:00:00+00:00,9.6,9.71,9.56,9.66,429770.17
2026-04-14 00:00:00+00:00,9.66,9.71,9.49,9.51,213498.7
2026-04-14 01:00:00+00:00,9.51,9.54,9.46,9.5,105612.43
2026-04-14 02:00:00+00:00,9.5,9.5,9.43,9.46,132990.48
2026-04-14 03:00:00+00:00,9.45,9.49,9.43,9.46,66574.46
2026-04-14 04:00:00+00:00,9.45,9.47,9.43,9.45,67671.34
2026-04-14 05:00:00+00:00,9.45,9.45,9.37,9.39,97548.85
2026-04-14 06:00:00+00:00,9.38,9.44,9.38,9.42,70516.42
2026-04-14 07:00:00+00:00,9.42,9.46,9.39,9.42,108632.35
2026-04-14 08:00:00+00:00,9.42,9.46,9.39,9.45,108641.55
2026-04-14 09:00:00+00:00,9.44,9.45,9.39,9.43,79223.53
2026-04-14 10:00:00+00:00,9.42,9.45,9.4,9.41,58822.2
2026-04-14 11:00:00+00:00,9.41,9.41,9.38,9.39,85913.93
2026-04-14 12:00:00+00:00,9.39,9.4,9.36,9.38,71197.54
2026-04-14 13:00:00+00:00,9.38,9.5,9.37,9.49,189320.68
2026-04-14 14:00:00+00:00,9.5,9.54,9.39,9.39,255006.41
2026-04-14 15:00:00+00:00,9.4,9.47,9.28,9.42,251992.35
2026-04-14 16:00:00+00:00,9.42,9.49,9.37,9.39,193544.65
2026-04-14 17:00:00+00:00,9.39,9.45,9.32,9.38,114818.96
2026-04-14 18:00:00+00:00,9.38,9.4,9.21,9.25,203784.25
2026-04-14 19:00:00+00:00,9.25,9.35,9.25,9.35,135350.21
2026-04-14 20:00:00+00:00,9.36,9.38,9.3,9.32,90944.08
2026-04-14 21:00:00+00:00,9.33,9.39,9.32,9.37,345907.68
2026-04-14 22:00:00+00:00,9.36,9.39,9.29,9.31,160988.75
2026-04-14 23:00:00+00:00,9.31,9.33,9.27,9.31,67539.18
2026-04-15 00:00:00+00:00,9.3,9.38,9.3,9.34,83678.12
2026-04-15 01:00:00+00:00,9.33,9.39,9.32,9.36,75378.12
2026-04-15 02:00:00+00:00,9.37,9.39,9.28,9.32,50826.28
2026-04-15 03:00:00+00:00,9.32,9.36,9.29,9.35,58423.68
2026-04-15 04:00:00+00:00,9.35,9.45,9.34,9.41,200890.22
2026-04-15 05:00:00+00:00,9.41,9.45,9.32,9.35,92734.71
2026-04-15 06:00:00+00:00,9.34,9.34,9.29,9.31,54450.27
2026-04-15 07:00:00+00:00,9.31,9.33,9.26,9.27,120068.45
2026-04-15 08:00:00+00:00,9.27,9.4,9.26,9.35,90416.88
2026-04-15 09:00:00+00:00,9.36,9.37,9.3,9.32,48171.42
2026-04-15 10:00:00+00:00,9.32,9.4,9.29,9.34,60593.83
2026-04-15 11:00:00+00:00,9.34,9.46,9.34,9.43,109331.92
2026-04-15 12:00:00+00:00,9.42,9.44,9.38,9.44,90058.96
2026-04-15 13:00:00+00:00,9.43,9.45,9.36,9.39,96501.73
2026-04-15 14:00:00+00:00,9.39,9.47,9.38,9.45,90741.08
2026-04-15 15:00:00+00:00,9.46,9.46,9.33,9.37,112524.4
2026-04-15 16:00:00+00:00,9.36,9.46,9.36,9.43,83277.72
2026-04-15 17:00:00+00:00,9.44,9.48,9.4,9.45,79598.97
2026-04-15 18:00:00+00:00,9.45,9.5,9.44,9.47,101503.23
2026-04-15 19:00:00+00:00,9.47,9.57,9.45,9.53,160006.47
2026-04-15 20:00:00+00:00,9.53,9.54,9.45,9.47,80380.79
2026-04-15 21:00:00+00:00,9.47,9.51,9.43,9.5,38503.25
2026-04-15 22:00:00+00:00,9.5,9.56,9.48,9.49,113457.19
2026-04-15 23:00:00+00:00,9.48,9.48,9.39,9.43,88928.68
2026-04-16 00:00:00+00:00,9.44,9.45,9.37,9.4,68512.97
2026-04-16 01:00:00+00:00,9.41,9.41,9.35,9.37,81216.95
2026-04-16 02:00:00+00:00,9.37,9.49,9.37,9.44,101779.1
2026-04-16 03:00:00+00:00,9.44,9.51,9.41,9.49,140426.2
2026-04-16 04:00:00+00:00,9.49,9.55,9.47,9.48,132104.11
2026-04-16 05:00:00+00:00,9.49,9.52,9.46,9.49,54088.36
2026-04-16 06:00:00+00:00,9.5,9.57,9.5,9.56,69017.32
2026-04-16 07:00:00+00:00,9.57,9.62,9.49,9.51,171826.66
2026-04-16 08:00:00+00:00,9.51,9.52,9.44,9.45,95919.35
2026-04-16 09:00:00+00:00,9.44,9.51,9.43,9.43,49965.1
2026-04-16 10:00:00+00:00,9.43,9.45,9.35,9.41,109665.72
2026-04-16 11:00:00+00:00,9.41,9.48,9.38,9.46,79846.2
2026-04-16 12:00:00+00:00,9.47,9.56,9.47,9.5,128997.02
2026-04-16 13:00:00+00:00,9.51,9.62,9.31,9.41,286137.77
2026-04-16 14:00:00+00:00,9.41,9.42,9.26,9.4,256102.35
2026-04-16 15:00:00+00:00,9.4,9.61,9.39,9.58,335356.87
2026-04-16 16:00:00+00:00,9.59,9.65,9.42,9.46,272922.73
2026-04-16 17:00:00+00:00,9.46,9.55,9.41,9.53,158709.3
2026-04-16 18:00:00+00:00,9.52,9.85,9.49,9.78,503888.33
2026-04-16 19:00:00+00:00,9.78,9.87,9.74,9.86,318557.29
2026-04-16 20:00:00+00:00,9.85,9.89,9.66,9.7,218568.96
2026-04-16 21:00:00+00:00,9.7,9.74,9.65,9.73,131493.33
2026-04-16 22:00:00+00:00,9.73,9.77,9.68,9.71,75234.66
2026-04-16 23:00:00+00:00,9.71,9.78,9.69,9.73,71276.25
2026-04-17 00:00:00+00:00,9.72,9.75,9.67,9.69,80384.36
2026-04-17 01:00:00+00:00,9.69,9.72,9.6,9.64,140196.13
2026-04-17 02:00:00+00:00,9.63,9.65,9.55,9.59,100136.76
2026-04-17 03:00:00+00:00,9.58,9.59,9.54,9.55,46761.31
2026-04-17 04:00:00+00:00,9.55,9.59,9.53,9.55,68495.93
2026-04-17 05:00:00+00:00,9.55,9.56,9.45,9.45,99097.64
2026-04-17 06:00:00+00:00,9.45,9.58,9.45,9.56,94482.11
2026-04-17 07:00:00+00:00,9.57,9.63,9.56,9.62,83967.07
2026-04-17 08:00:00+00:00,9.63,9.71,9.62,9.67,94362.44
2026-04-17 09:00:00+00:00,9.67,9.74,9.6,9.68,177016.66
2026-04-17 10:00:00+00:00,9.68,9.71,9.5,9.55,127388.61
2026-04-17 11:00:00+00:00,9.54,9.68,9.53,9.65,92984.43
2026-04-17 12:00:00+00:00,9.66,9.76,9.61,9.74,147546.74
2026-04-17 13:00:00+00:00,9.73,9.92,9.71,9.9,465035.34
2026-04-17 14:00:00+00:00,9.89,10.01,9.86,9.94,348288.46
2026-04-17 15:00:00+00:00,9.94,9.94,9.75,9.82,172762.24
2026-04-17 16:00:00+00:00,9.81,9.95,9.8,9.92,217642.94
2026-04-17 17:00:00+00:00,9.93,9.93,9.77,9.84,200145.98
2026-04-17 18:00:00+00:00,9.84,9.85,9.74,9.77,121250.16
2026-04-17 19:00:00+00:00,9.77,9.84,9.75,9.79,75100.0
2026-04-17 20:00:00+00:00,9.79,9.83,9.72,9.79,80941.23
2026-04-17 21:00:00+00:00,9.78,9.85,9.76,9.79,64269.0
2026-04-17 22:00:00+00:00,9.79,9.85,9.77,9.8,54430.28
2026-04-17 23:00:00+00:00,9.8,9.8,9.69,9.72,84805.28
2026-04-18 00:00:00+00:00,9.72,9.77,9.7,9.74,51273.74
2026-04-18 01:00:00+00:00,9.75,9.79,9.68,9.7,53368.05
2026-04-18 02:00:00+00:00,9.7,9.75,9.68,9.71,41956.86
2026-04-18 03:00:00+00:00,9.71,9.72,9.63,9.64,74452.61
2026-04-18 04:00:00+00:00,9.65,9.68,9.62,9.66,101358.85
2026-04-18 05:00:00+00:00,9.66,9.72,9.66,9.7,54883.3
2026-04-18 06:00:00+00:00,9.69,9.73,9.65,9.69,35686.05
2026-04-18 07:00:00+00:00,9.69,9.74,9.68,9.7,65955.89
2026-04-18 08:00:00+00:00,9.7,9.71,9.51,9.56,175509.99
2026-04-18 09:00:00+00:00,9.56,9.57,9.48,9.53,104671.18
2026-04-18 10:00:00+00:00,9.53,9.53,9.42,9.43,182194.05
2026-04-18 11:00:00+00:00,9.44,9.44,9.35,9.4,137563.02
2026-04-18 12:00:00+00:00,9.39,9.42,9.38,9.41,79414.76
2026-04-18 13:00:00+00:00,9.42,9.43,9.33,9.4,84068.97
2026-04-18 14:00:00+00:00,9.39,9.44,9.37,9.43,77493.45
2026-04-18 15:00:00+00:00,9.42,9.45,9.39,9.4,83461.5
2026-04-18 16:00:00+00:00,9.41,9.44,9.36,9.39,98974.6
2026-04-18 17:00:00+00:00,9.39,9.42,9.35,9.39,66672.21
2026-04-18 18:00:00+00:00,9.39,9.4,9.3,9.34,139480.99
2026-04-18 19:00:00+00:00,9.33,9.4,9.33,9.38,50388.95
2026-04-18 20:00:00+00:00,9.38,9.42,9.35,9.4,77742.32
2026-04-18 21:00:00+00:00,9.4,9.41,9.37,9.39,49469.81
2026-04-18 22:00:00+00:00,9.4,9.4,9.35,9.39,46602.45
2026-04-18 23:00:00+00:00,9.38,9.4,9.32,9.33,52783.41
2026-04-19 00:00:00+00:00,9.33,9.34,9.27,9.3,74055.33
2026-04-19 01:00:00+00:00,9.3,9.33,9.25,9.28,67749.48
2026-04-19 02:00:00+00:00,9.28,9.29,9.21,9.27,131974.0
2026-04-19 03:00:00+00:00,9.28,9.33,9.24,9.3,96376.57
2026-04-19 04:00:00+00:00,9.29,9.33,9.25,9.29,73097.42
2026-04-19 05:00:00+00:00,9.3,9.32,9.26,9.27,54327.89
2026-04-19 06:00:00+00:00,9.27,9.31,9.23,9.28,60286.14
2026-04-19 07:00:00+00:00,9.28,9.28,9.13,9.22,221756.21
2026-04-19 08:00:00+00:00,9.21,9.22,9.18,9.2,63294.03
2026-04-19 09:00:00+00:00,9.2,9.22,9.17,9.18,71191.24
2026-04-19 10:00:00+00:00,9.17,9.2,9.15,9.18,62105.96
2026-04-19 11:00:00+00:00,9.18,9.28,9.17,9.25,115505.11
2026-04-19 12:00:00+00:00,9.25,9.29,9.24,9.27,80960.98
2026-04-19 13:00:00+00:00,9.27,9.36,9.26,9.29,101751.23
2026-04-19 14:00:00+00:00,9.3,9.36,9.24,9.32,115907.68
2026-04-19 15:00:00+00:00,9.31,9.32,9.2,9.28,110804.95
2026-04-19 16:00:00+00:00,9.29,9.29,9.21,9.22,119687.65
2026-04-19 17:00:00+00:00,9.22,9.24,9.14,9.15,164848.51
2026-04-19 18:00:00+00:00,9.15,9.19,9.13,9.18,109253.67
2026-04-19 19:00:00+00:00,9.18,9.24,9.17,9.2,82142.49
2026-04-19 20:00:00+00:00,9.19,9.2,9.12,9.15,79273.03
2026-04-19 21:00:00+00:00,9.15,9.18,9.11,9.13,71025.39
2026-04-19 22:00:00+00:00,9.12,9.12,8.96,9.01,510521.09
2026-04-19 23:00:00+00:00,9.0,9.02,8.97,9.0,144036.72
2026-04-20 00:00:00+00:00,9.0,9.1,8.98,9.08,226434.31
2026-04-20 01:00:00+00:00,9.07,9.14,9.07,9.13,66169.76
2026-04-20 02:00:00+00:00,9.13,9.14,9.07,9.11,85105.32
2026-04-20 03:00:00+00:00,9.11,9.17,9.11,9.15,54931.6
2026-04-20 04:00:00+00:00,9.16,9.17,9.11,9.14,51257.69
2026-04-20 05:00:00+00:00,9.14,9.14,9.05,9.08,105678.19
2026-04-20 06:00:00+00:00,9.08,9.17,9.06,9.15,95507.51
2026-04-20 07:00:00+00:00,9.15,9.33,9.14,9.22,251392.82
2026-04-20 08:00:00+00:00,9.23,9.24,9.16,9.16,154380.94
2026-04-20 09:00:00+00:00,9.17,9.25,9.16,9.21,156906.67
2026-04-20 10:00:00+00:00,9.2,9.28,9.2,9.22,101457.93
2026-04-20 11:00:00+00:00,9.21,9.23,9.17,9.22,136329.31
2026-04-20 12:00:00+00:00,9.22,9.27,9.19,9.25,131346.32
2026-04-20 13:00:00+00:00,9.26,9.29,9.22,9.26,200743.42
2026-04-20 14:00:00+00:00,9.25,9.3,9.17,9.2,223968.03
2026-04-20 15:00:00+00:00,9.21,9.25,9.15,9.23,315214.29
2026-04-20 16:00:00+00:00,9.23,9.24,9.16,9.17,110999.08
2026-04-20 17:00:00+00:00,9.18,9.27,9.17,9.26,85842.53
2026-04-20 18:00:00+00:00,9.27,9.35,9.27,9.33,213645.7
2026-04-20 19:00:00+00:00,9.32,9.36,9.3,9.31,78778.03
2026-04-20 20:00:00+00:00,9.32,9.4,9.29,9.38,144588.5
2026-04-20 21:00:00+00:00,9.38,9.44,9.35,9.4,211352.03
2026-04-20 22:00:00+00:00,9.4,9.42,9.34,9.37,72383.46
2026-04-20 23:00:00+00:00,9.36,9.36,9.26,9.27,66500.4
2026-04-21 00:00:00+00:00,9.27,9.34,9.27,9.33,65145.49
2026-04-21 01:00:00+00:00,9.32,9.37,9.31,9.31,56597.97
2026-04-21 02:00:00+00:00,9.31,9.32,9.27,9.28,54487.99
2026-04-21 03:00:00+00:00,9.27,9.32,9.25,9.29,69247.64
2026-04-21 04:00:00+00:00,9.28,9.33,9.26,9.32,47747.42
2026-04-21 05:00:00+00:00,9.32,9.38,9.31,9.36,89351.01
2026-04-21 06:00:00+00:00,9.37,9.38,9.3,9.33,82683.79
2026-04-21 07:00:00+00:00,9.32,9.38,9.28,9.34,89116.35
2026-04-21 08:00:00+00:00,9.34,9.43,9.33,9.37,120279.6
2026-04-21 09:00:00+00:00,9.37,9.42,9.34,9.39,75574.98
2026-04-21 10:00:00+00:00,9.39,9.44,9.39,9.41,61978.23
2026-04-21 11:00:00+00:00,9.42,9.53,9.38,9.44,242997.07
2026-04-21 12:00:00+00:00,9.44,9.46,9.34,9.4,232239.24
2026-04-21 13:00:00+00:00,9.39,9.4,9.33,9.37,126287.33
2026-04-21 14:00:00+00:00,9.38,9.47,9.34,9.36,115820.81
2026-04-21 15:00:00+00:00,9.36,9.4,9.32,9.39,128037.3
2026-04-21 16:00:00+00:00,9.39,9.44,9.31,9.33,97122.77
2026-04-21 17:00:00+00:00,9.33,9.39,9.21,9.33,213611.41
2026-04-21 18:00:00+00:00,9.33,9.35,9.26,9.32,81133.89
2026-04-21 19:00:00+00:00,9.32,9.35,9.17,9.2,147879.98
2026-04-21 20:00:00+00:00,9.21,9.36,9.2,9.31,173165.77
2026-04-21 21:00:00+00:00,9.3,9.33,9.29,9.3,59786.23
2026-04-21 22:00:00+00:00,9.3,9.32,9.26,9.3,40919.82
2026-04-21 23:00:00+00:00,9.3,9.4,9.3,9.39,54955.76
2026-04-22 00:00:00+00:00,9.4,9.43,9.38,9.42,137655.38
2026-04-22 01:00:00+00:00,9.42,9.43,9.36,9.39,88173.01
2026-04-22 02:00:00+00:00,9.4,9.59,9.38,9.58,308831.74
2026-04-22 03:00:00+00:00,9.59,9.61,9.5,9.56,128778.04
2026-04-22 04:00:00+00:00,9.57,9.59,9.53,9.56,71458.45
2026-04-22 05:00:00+00:00,9.56,9.68,9.54,9.62,270398.11
2026-04-22 06:00:00+00:00,9.61,9.62,9.58,9.61,104459.63
2026-04-22 07:00:00+00:00,9.61,9.61,9.55,9.57,100945.06
2026-04-22 08:00:00+00:00,9.58,9.59,9.53,9.56,59612.88
2026-04-22 09:00:00+00:00,9.56,9.64,9.54,9.6,111284.51
2026-04-22 10:00:00+00:00,9.61,9.64,9.55,9.58,220046.85
2026-04-22 11:00:00+00:00,9.58,9.6,9.56,9.58,76677.5
2026-04-22 12:00:00+00:00,9.57,9.59,9.51,9.53,63608.8
2026-04-22 13:00:00+00:00,9.52,9.57,9.49,9.55,116464.27
2026-04-22 14:00:00+00:00,9.56,9.6,9.52,9.57,111957.81
2026-04-22 15:00:00+00:00,9.57,9.59,9.54,9.54,114529.76
2026-04-22 16:00:00+00:00,9.55,9.57,9.49,9.49,73404.45
2026-04-22 17:00:00+00:00,9.5,9.55,9.49,9.52,57029.51
2026-04-22 18:00:00+00:00,9.53,9.58,9.51,9.51,37480.24
2026-04-22 19:00:00+00:00,9.52,9.53,9.43,9.48,81304.62
2026-04-22 20:00:00+00:00,9.48,9.48,9.43,9.44,48521.61
2026-04-22 21:00:00+00:00,9.44,9.49,9.44,9.48,67342.86
2026-04-22 22:00:00+00:00,9.47,9.49,9.42,9.43,63094.73
2026-04-22 23:00:00+00:00,9.43,9.43,9.33,9.33,119642.01
2026-04-23 00:00:00+00:00,9.33,9.36,9.21,9.35,283372.94
2026-04-23 01:00:00+00:00,9.35,9.35,9.28,9.33,83361.99
2026-04-23 02:00:00+00:00,9.34,9.34,9.27,9.31,122388.4
2026-04-23 03:00:00+00:00,9.31,9.31,9.22,9.27,96303.67
2026-04-23 04:00:00+00:00,9.27,9.32,9.26,9.32,45467.82
2026-04-23 05:00:00+00:00,9.32,9.35,9.25,9.28,192342.76
2026-04-23 06:00:00+00:00,9.28,9.34,9.27,9.33,159638.52
2026-04-23 07:00:00+00:00,9.32,9.33,9.27,9.28,55106.8
2026-04-23 08:00:00+00:00,9.29,9.29,9.24,9.29,61877.41
2026-04-23 09:00:00+00:00,9.29,9.29,9.22,9.24,69336.89
2026-04-23 10:00:00+00:00,9.25,9.26,9.19,9.22,89519.12
2026-04-23 11:00:00+00:00,9.23,9.3,9.22,9.27,64875.63
2026-04-23 12:00:00+00:00,9.28,9.31,9.26,9.29,111664.8
2026-04-23 13:00:00+00:00,9.3,9.31,9.26,9.28,38680.17
2026-04-23 14:00:00+00:00,9.27,9.36,9.24,9.36,78951.94
2026-04-23 15:00:00+00:00,9.36,9.45,9.34,9.4,145535.33
2026-04-23 16:00:00+00:00,9.4,9.41,9.33,9.33,75472.53
2026-04-23 17:00:00+00:00,9.33,9.35,9.16,9.26,261991.33
2026-04-23 18:00:00+00:00,9.26,9.31,9.25,9.26,102524.08
2026-04-23 19:00:00+00:00,9.26,9.31,9.24,9.28,87323.12
2026-04-23 20:00:00+00:00,9.27,9.35,9.27,9.32,60762.32
2026-04-23 21:00:00+00:00,9.32,9.37,9.3,9.34,65400.09
2026-04-23 22:00:00+00:00,9.34,9.38,9.34,9.36,58998.56
2026-04-23 23:00:00+00:00,9.35,9.41,9.34,9.38,31022.01
2026-04-24 00:00:00+00:00,9.39,9.42,9.39,9.41,60444.35
2026-04-24 01:00:00+00:00,9.42,9.44,9.36,9.43,62460.75
2026-04-24 02:00:00+00:00,9.43,9.44,9.36,9.36,39714.47
2026-04-24 03:00:00+00:00,9.36,9.37,9.28,9.33,50758.55
2026-04-24 04:00:00+00:00,9.33,9.34,9.3,9.32,50545.1
2026-04-24 05:00:00+00:00,9.32,9.38,9.3,9.36,45808.16
2026-04-24 06:00:00+00:00,9.37,9.41,9.35,9.37,39667.39
2026-04-24 07:00:00+00:00,9.37,9.41,9.34,9.37,69136.24
2026-04-24 08:00:00+00:00,9.37,9.4,9.35,9.37,49479.21
2026-04-24 09:00:00+00:00,9.37,9.38,9.32,9.36,55901.13
2026-04-24 10:00:00+00:00,9.35,9.42,9.33,9.39,33167.29
2026-04-24 11:00:00+00:00,9.4,9.47,9.4,9.44,93192.82
2026-04-24 12:00:00+00:00,9.44,9.47,9.39,9.41,41828.38
2026-04-24 13:00:00+00:00,9.41,9.45,9.4,9.41,50268.96
2026-04-24 14:00:00+00:00,9.42,9.43,9.37,9.41,52801.81
2026-04-24 15:00:00+00:00,9.41,9.46,9.34,9.46,73164.47
2026-04-24 16:00:00+00:00,9.46,9.48,9.39,9.43,44176.89
2026-04-24 17:00:00+00:00,9.42,9.45,9.4,9.42,74786.82
2026-04-24 18:00:00+00:00,9.42,9.45,9.38,9.42,37188.59
2026-04-24 19:00:00+00:00,9.43,9.45,9.41,9.44,31234.92
2026-04-24 20:00:00+00:00,9.44,9.47,9.39,9.46,62119.94
2026-04-24 21:00:00+00:00,9.46,9.48,9.43,9.45,74211.81
2026-04-24 22:00:00+00:00,9.45,9.45,9.37,9.39,54999.81
2026-04-24 23:00:00+00:00,9.39,9.41,9.37,9.4,38674.15
2026-04-25 00:00:00+00:00,9.4,9.42,9.38,9.41,41083.37
2026-04-25 01:00:00+00:00,9.41,9.46,9.41,9.43,34385.85
2026-04-25 02:00:00+00:00,9.44,9.44,9.4,9.44,29395.1
2026-04-25 03:00:00+00:00,9.44,9.46,9.41,9.44,31406.8
2026-04-25 04:00:00+00:00,9.44,9.46,9.42,9.44,30975.2
2026-04-25 05:00:00+00:00,9.44,9.46,9.39,9.45,116769.37
2026-04-25 06:00:00+00:00,9.45,9.5,9.45,9.46,89918.45
2026-04-25 07:00:00+00:00,9.45,9.47,9.43,9.45,24342.28
2026-04-25 08:00:00+00:00,9.45,9.47,9.43,9.46,53019.76
2026-04-25 09:00:00+00:00,9.45,9.49,9.45,9.48,52762.89
2026-04-25 10:00:00+00:00,9.47,9.49,9.46,9.47,53762.58
2026-04-25 11:00:00+00:00,9.48,9.48,9.38,9.4,48336.13
2026-04-25 12:00:00+00:00,9.4,9.41,9.37,9.39,26658.51
2026-04-25 13:00:00+00:00,9.38,9.44,9.38,9.42,16672.49
2026-04-25 14:00:00+00:00,9.42,9.43,9.38,9.38,22479.58
2026-04-25 15:00:00+00:00,9.39,9.4,9.32,9.34,55100.87
2026-04-25 16:00:00+00:00,9.34,9.37,9.3,9.33,61375.84
2026-04-25 17:00:00+00:00,9.33,9.34,9.28,9.3,49575.55
2026-04-25 18:00:00+00:00,9.3,9.34,9.29,9.31,28375.81
2026-04-25 19:00:00+00:00,9.31,9.33,9.3,9.3,13419.22
2026-04-25 20:00:00+00:00,9.31,9.33,9.29,9.33,29213.27
2026-04-25 21:00:00+00:00,9.32,9.35,9.32,9.33,30673.47
2026-04-25 22:00:00+00:00,9.33,9.37,9.32,9.34,28469.05
2026-04-25 23:00:00+00:00,9.34,9.37,9.34,9.36,20456.09
2026-04-26 00:00:00+00:00,9.36,9.37,9.32,9.33,36693.18
2026-04-26 01:00:00+00:00,9.33,9.34,9.31,9.32,24191.28
2026-04-26 02:00:00+00:00,9.32,9.37,9.32,9.35,24108.34
2026-04-26 03:00:00+00:00,9.34,9.36,9.31,9.34,23926.12
2026-04-26 04:00:00+00:00,9.35,9.4,9.32,9.37,41032.25
2026-04-26 05:00:00+00:00,9.36,9.44,9.36,9.4,72380.06
2026-04-26 06:00:00+00:00,9.4,9.44,9.39,9.42,58089.82
2026-04-26 07:00:00+00:00,9.41,9.44,9.4,9.43,29277.45
2026-04-26 08:00:00+00:00,9.43,9.45,9.41,9.44,38550.47
2026-04-26 09:00:00+00:00,9.43,9.46,9.43,9.45,40456.58
2026-04-26 10:00:00+00:00,9.45,9.46,9.43,9.45,32529.95
2026-04-26 11:00:00+00:00,9.45,9.53,9.45,9.48,70173.33
2026-04-26 12:00:00+00:00,9.49,9.5,9.42,9.43,33645.54
2026-04-26 13:00:00+00:00,9.44,9.45,9.41,9.41,30665.88
2026-04-26 14:00:00+00:00,9.41,9.49,9.4,9.47,53522.98
2026-04-26 15:00:00+00:00,9.46,9.49,9.45,9.49,34692.66
2026-04-26 16:00:00+00:00,9.48,9.49,9.43,9.43,54419.43
2026-04-26 17:00:00+00:00,9.43,9.44,9.4,9.43,50145.51
2026-04-26 18:00:00+00:00,9.42,9.55,9.41,9.48,314416.46
2026-04-26 19:00:00+00:00,9.48,9.52,9.46,9.48,54644.01
2026-04-26 20:00:00+00:00,9.48,9.49,9.45,9.45,31911.92
2026-04-26 21:00:00+00:00,9.45,9.47,9.39,9.46,93618.16
2026-04-26 22:00:00+00:00,9.46,9.51,9.42,9.45,109328.09
2026-04-26 23:00:00+00:00,9.44,9.5,9.43,9.45,69677.42
2026-04-27 00:00:00+00:00,9.46,9.51,9.42,9.51,73475.23
2026-04-27 01:00:00+00:00,9.51,9.56,9.47,9.55,94110.67
2026-04-27 02:00:00+00:00,9.55,9.56,9.5,9.54,42310.01
2026-04-27 03:00:00+00:00,9.53,9.57,9.51,9.51,80978.37
2026-04-27 04:00:00+00:00,9.51,9.54,9.48,9.5,47611.13
2026-04-27 05:00:00+00:00,9.5,9.5,9.27,9.29,255660.77
2026-04-27 06:00:00+00:00,9.29,9.3,9.21,9.26,165401.91
2026-04-27 07:00:00+00:00,9.25,9.27,9.23,9.23,90786.28
2026-04-27 08:00:00+00:00,9.23,9.26,9.22,9.25,75135.1
2026-04-27 09:00:00+00:00,9.26,9.28,9.24,9.26,53753.62
2026-04-27 10:00:00+00:00,9.25,9.28,9.25,9.26,24159.65
2026-04-27 11:00:00+00:00,9.26,9.28,9.24,9.27,51682.6
2026-04-27 12:00:00+00:00,9.26,9.27,9.24,9.24,40555.44
2026-04-27 13:00:00+00:00,9.24,9.26,9.19,9.24,97473.56
2026-04-27 14:00:00+00:00,9.23,9.32,9.23,9.27,129146.42
2026-04-27 15:00:00+00:00,9.28,9.28,9.08,9.13,295615.67
2026-04-27 16:00:00+00:00,9.13,9.18,9.1,9.16,88798.95
2026-04-27 17:00:00+00:00,9.16,9.2,9.15,9.17,34816.67
2026-04-27 18:00:00+00:00,9.17,9.21,9.16,9.19,22447.93
2026-04-27 19:00:00+00:00,9.19,9.21,9.13,9.18,54918.09
2026-04-27 20:00:00+00:00,9.17,9.2,9.17,9.17,25827.38
2026-04-27 21:00:00+00:00,9.17,9.2,9.16,9.18,20571.59
2026-04-27 22:00:00+00:00,9.18,9.23,9.16,9.22,28521.6
2026-04-27 23:00:00+00:00,9.22,9.28,9.22,9.27,66010.84
2026-04-28 00:00:00+00:00,9.26,9.27,9.23,9.26,53543.37
2026-04-28 01:00:00+00:00,9.25,9.27,9.23,9.25,43485.6
2026-04-28 02:00:00+00:00,9.25,9.28,9.2,9.21,38847.39
2026-04-28 03:00:00+00:00,9.22,9.23,9.2,9.22,22937.15
2026-04-28 04:00:00+00:00,9.22,9.25,9.21,9.22,21177.27
2026-04-28 05:00:00+00:00,9.22,9.26,9.21,9.22,22614.95
2026-04-28 06:00:00+00:00,9.23,9.25,9.16,9.19,31431.75
2026-04-28 07:00:00+00:00,9.18,9.19,9.14,9.18,45282.92
2026-04-28 08:00:00+00:00,9.17,9.21,9.16,9.18,56807.89
2026-04-28 09:00:00+00:00,9.19,9.19,9.13,9.15,74022.95
2026-04-28 10:00:00+00:00,9.16,9.21,9.15,9.21,32061.13
2026-04-28 11:00:00+00:00,9.22,9.23,9.12,9.15,179868.21
2026-04-28 12:00:00+00:00,9.16,9.2,9.14,9.19,65018.37
2026-04-28 13:00:00+00:00,9.2,9.23,9.13,9.19,108160.83
2026-04-28 14:00:00+00:00,9.19,9.2,9.11,9.17,55603.42
2026-04-28 15:00:00+00:00,9.17,9.2,9.13,9.17,63686.79
2026-04-28 16:00:00+00:00,9.16,9.18,9.14,9.17,37758.34
2026-04-28 17:00:00+00:00,9.16,9.2,9.13,9.16,33895.96
2026-04-28 18:00:00+00:00,9.16,9.19,9.12,9.17,85821.94
2026-04-28 19:00:00+00:00,9.17,9.19,9.14,9.18,32637.69
2026-04-28 20:00:00+00:00,9.19,9.2,9.17,9.18,37339.32
2026-04-28 21:00:00+00:00,9.19,9.21,9.17,9.18,42336.96
2026-04-28 22:00:00+00:00,9.18,9.2,9.15,9.16,39055.01
2026-04-28 23:00:00+00:00,9.17,9.18,9.15,9.17,15185.69
2026-04-29 00:00:00+00:00,9.17,9.18,9.15,9.18,21687.27
2026-04-29 01:00:00+00:00,9.17,9.19,9.14,9.18,44399.12
2026-04-29 02:00:00+00:00,9.18,9.2,9.15,9.18,27826.14
2026-04-29 03:00:00+00:00,9.18,9.26,9.18,9.26,68912.31
2026-04-29 04:00:00+00:00,9.26,9.35,9.24,9.34,100780.76
2026-04-29 05:00:00+00:00,9.34,9.35,9.32,9.33,72854.46
2026-04-29 06:00:00+00:00,9.33,9.35,9.28,9.3,35323.1
2026-04-29 07:00:00+00:00,9.3,9.33,9.28,9.3,46603.3
2026-04-29 08:00:00+00:00,9.3,9.3,9.25,9.27,43058.92
2026-04-29 09:00:00+00:00,9.26,9.42,9.25,9.4,123044.71
2026-04-29 10:00:00+00:00,9.4,9.45,9.36,9.4,131679.61
2026-04-29 11:00:00+00:00,9.39,9.4,9.33,9.35,60748.35
2026-04-29 12:00:00+00:00,9.34,9.35,9.2,9.27,174218.62
2026-04-29 13:00:00+00:00,9.26,9.28,9.16,9.22,107070.84
2026-04-29 14:00:00+00:00,9.21,9.24,9.17,9.2,46838.9
2026-04-29 15:00:00+00:00,9.19,9.21,9.08,9.12,158339.58
2026-04-29 16:00:00+00:00,9.12,9.16,9.1,9.12,77000.1
2026-04-29 17:00:00+00:00,9.12,9.19,9.11,9.18,37000.44
2026-04-29 18:00:00+00:00,9.19,9.19,8.92,9.07,531638.5
2026-04-29 19:00:00+00:00,9.07,9.08,9.02,9.06,106250.25
2026-04-29 20:00:00+00:00,9.06,9.13,9.05,9.1,85642.81
2026-04-29 21:00:00+00:00,9.1,9.16,9.09,9.13,60276.48
2026-04-29 22:00:00+00:00,9.12,9.14,9.1,9.12,30658.26
2026-04-29 23:00:00+00:00,9.12,9.13,9.09,9.12,52416.55
2026-04-30 00:00:00+00:00,9.12,9.23,9.12,9.21,84061.28
2026-04-30 01:00:00+00:00,9.22,9.22,9.17,9.19,40141.48
2026-04-30 02:00:00+00:00,9.2,9.22,9.09,9.12,102558.59
2026-04-30 03:00:00+00:00,9.12,9.17,9.12,9.16,38195.7
2026-04-30 04:00:00+00:00,9.17,9.17,9.08,9.08,59008.96
2026-04-30 05:00:00+00:00,9.09,9.12,9.05,9.09,37744.12
2026-04-30 06:00:00+00:00,9.1,9.13,9.08,9.11,25738.49
2026-04-30 07:00:00+00:00,9.11,9.16,9.09,9.15,49013.34
2026-04-30 08:00:00+00:00,9.16,9.17,9.14,9.15,54772.68
2026-04-30 09:00:00+00:00,9.15,9.23,9.14,9.18,81016.8
2026-04-30 10:00:00+00:00,9.18,9.19,9.13,9.14,47355.42
2026-04-30 11:00:00+00:00,9.15,9.19,9.11,9.14,50442.09
2026-04-30 12:00:00+00:00,9.15,9.18,9.13,9.13,27027.94
2026-04-30 13:00:00+00:00,9.13,9.16,9.09,9.13,62744.87
2026-04-30 14:00:00+00:00,9.13,9.16,9.08,9.12,95236.49
2026-04-30 15:00:00+00:00,9.12,9.17,9.09,9.13,78412.56
2026-04-30 16:00:00+00:00,9.14,9.14,9.08,9.1,35808.78
2026-04-30 17:00:00+00:00,9.09,9.11,9.07,9.1,24527.81
2026-04-30 18:00:00+00:00,9.09,9.13,9.08,9.1,25618.18
2026-04-30 19:00:00+00:00,9.1,9.13,9.09,9.1,30392.0
2026-04-30 20:00:00+00:00,9.11,9.12,9.09,9.09,34715.62
2026-04-30 21:00:00+00:00,9.09,9.11,9.08,9.09,23520.47
2026-04-30 22:00:00+00:00,9.09,9.1,9.06,9.06,40617.88
2026-04-30 23:00:00+00:00,9.07,9.1,9.06,9.09,15808.96
2026-05-01 00:00:00+00:00,9.1,9.14,9.09,9.1,24514.07
2026-05-01 01:00:00+00:00,9.11,9.14,9.1,9.13,24537.01
2026-05-01 02:00:00+00:00,9.12,9.13,9.09,9.11,17795.92
2026-05-01 03:00:00+00:00,9.11,9.21,9.1,9.15,62483.59
2026-05-01 04:00:00+00:00,9.16,9.18,9.12,9.12,47610.44
2026-05-01 05:00:00+00:00,9.12,9.14,9.1,9.12,18587.64
2026-05-01 06:00:00+00:00,9.12,9.13,9.06,9.09,37554.85
2026-05-01 07:00:00+00:00,9.08,9.12,9.07,9.1,24231.61
2026-05-01 08:00:00+00:00,9.1,9.15,9.1,9.14,36165.59
2026-05-01 09:00:00+00:00,9.14,9.14,9.08,9.11,51791.93
2026-05-01 10:00:00+00:00,9.11,9.12,9.06,9.11,26206.54
2026-05-01 11:00:00+00:00,9.12,9.13,9.09,9.13,30660.44
2026-05-01 12:00:00+00:00,9.12,9.2,9.11,9.16,84556.06
2026-05-01 13:00:00+00:00,9.17,9.26,9.17,9.25,105678.94
2026-05-01 14:00:00+00:00,9.25,9.27,9.18,9.22,84274.37
2026-05-01 15:00:00+00:00,9.21,9.24,9.16,9.2,124431.26
2026-05-01 16:00:00+00:00,9.2,9.22,9.14,9.17,71116.74
2026-05-01 17:00:00+00:00,9.16,9.19,9.13,9.19,61407.64
2026-05-01 18:00:00+00:00,9.19,9.19,9.16,9.17,30130.0
2026-05-01 19:00:00+00:00,9.17,9.19,9.15,9.16,43919.37
2026-05-01 20:00:00+00:00,9.15,9.16,9.07,9.08,49725.08
2026-05-01 21:00:00+00:00,9.08,9.13,9.08,9.11,42859.08
2026-05-01 22:00:00+00:00,9.11,9.13,9.08,9.09,45035.35
2026-05-01 23:00:00+00:00,9.09,9.1,9.06,9.08,39722.81
2026-05-02 00:00:00+00:00,9.09,9.11,9.07,9.09,27888.89
2026-05-02 01:00:00+00:00,9.09,9.12,9.08,9.11,19622.11
2026-05-02 02:00:00+00:00,9.1,9.13,9.09,9.11,27074.63
2026-05-02 03:00:00+00:00,9.11,9.14,9.09,9.12,27906.56
2026-05-02 04:00:00+00:00,9.13,9.13,9.07,9.08,26333.25
2026-05-02 05:00:00+00:00,9.09,9.1,9.06,9.08,18727.45
2026-05-02 06:00:00+00:00,9.07,9.11,9.07,9.1,27806.89
2026-05-02 07:00:00+00:00,9.11,9.11,9.09,9.1,5602.49
2026-05-02 08:00:00+00:00,9.09,9.1,9.08,9.09,18359.08
2026-05-02 09:00:00+00:00,9.1,9.13,9.09,9.11,18450.4
2026-05-02 10:00:00+00:00,9.11,9.13,9.1,9.13,16092.16
2026-05-02 11:00:00+00:00,9.12,9.12,9.07,9.08,21987.86
2026-05-02 12:00:00+00:00,9.09,9.11,9.08,9.08,26062.26
2026-05-02 13:00:00+00:00,9.09,9.12,9.08,9.12,29483.25
2026-05-02 14:00:00+00:00,9.11,9.14,9.11,9.13,21852.27
2026-05-02 15:00:00+00:00,9.13,9.16,9.12,9.15,22924.23
2026-05-02 16:00:00+00:00,9.15,9.18,9.14,9.17,21723.71
2026-05-02 17:00:00+00:00,9.17,9.17,9.14,9.14,34943.05
2026-05-02 18:00:00+00:00,9.13,9.16,9.1,9.15,64196.73
2026-05-02 19:00:00+00:00,9.15,9.17,9.14,9.17,39390.73
2026-05-02 20:00:00+00:00,9.17,9.19,9.15,9.17,20970.15
2026-05-02 21:00:00+00:00,9.18,9.25,9.15,9.21,176383.46
2026-05-02 22:00:00+00:00,9.21,9.22,9.18,9.21,78768.23
2026-05-02 23:00:00+00:00,9.21,9.21,9.17,9.18,26182.93
2026-05-03 00:00:00+00:00,9.19,9.2,9.12,9.14,34884.78
2026-05-03 01:00:00+00:00,9.13,9.14,9.07,9.08,57815.54
2026-05-03 02:00:00+00:00,9.07,9.09,9.04,9.06,78966.95
2026-05-03 03:00:00+00:00,9.06,9.07,9.02,9.05,46112.88
2026-05-03 04:00:00+00:00,9.04,9.05,9.02,9.02,62115.91
2026-05-03 05:00:00+00:00,9.02,9.06,9.02,9.04,43145.53
2026-05-03 06:00:00+00:00,9.03,9.07,9.0,9.05,68635.38
2026-05-03 07:00:00+00:00,9.05,9.08,9.04,9.06,34841.14
2026-05-03 08:00:00+00:00,9.05,9.08,9.03,9.03,29032.31
2026-05-03 09:00:00+00:00,9.03,9.08,8.97,9.06,162926.57
2026-05-03 10:00:00+00:00,9.06,9.07,9.04,9.05,33862.81
2026-05-03 11:00:00+00:00,9.04,9.11,9.03,9.08,70472.33
2026-05-03 12:00:00+00:00,9.08,9.13,9.08,9.09,67649.6
2026-05-03 13:00:00+00:00,9.09,9.1,9.05,9.06,38277.15
2026-05-03 14:00:00+00:00,9.06,9.11,9.05,9.09,61664.23
2026-05-03 15:00:00+00:00,9.1,9.13,9.08,9.11,40702.71
2026-05-03 16:00:00+00:00,9.11,9.11,9.07,9.09,37955.12
2026-05-03 17:00:00+00:00,9.09,9.11,9.07,9.1,24806.89
2026-05-03 18:00:00+00:00,9.1,9.12,9.09,9.1,18637.1
2026-05-03 19:00:00+00:00,9.11,9.14,9.1,9.13,23938.7
2026-05-03 20:00:00+00:00,9.13,9.18,9.11,9.12,63957.24
2026-05-03 21:00:00+00:00,9.13,9.15,9.06,9.08,61510.98
2026-05-03 22:00:00+00:00,9.09,9.2,9.08,9.17,82778.98
2026-05-03 23:00:00+00:00,9.17,9.18,9.08,9.08,56508.21
2026-05-04 00:00:00+00:00,9.08,9.09,8.99,9.06,103287.68
2026-05-04 01:00:00+00:00,9.06,9.21,9.01,9.19,130088.95
2026-05-04 02:00:00+00:00,9.2,9.31,9.18,9.29,189342.88
2026-05-04 03:00:00+00:00,9.29,9.34,9.25,9.29,116025.3
2026-05-04 04:00:00+00:00,9.29,9.38,9.28,9.33,110188.89
2026-05-04 05:00:00+00:00,9.33,9.34,9.25,9.32,50676.92
2026-05-04 06:00:00+00:00,9.32,9.33,9.21,9.26,72702.44
2026-05-04 07:00:00+00:00,9.26,9.29,9.23,9.24,52753.14
2026-05-04 08:00:00+00:00,9.23,9.24,9.17,9.2,94258.99
2026-05-04 09:00:00+00:00,9.2,9.32,9.16,9.29,186055.12
2026-05-04 10:00:00+00:00,9.29,9.29,9.03,9.12,340367.24
2026-05-04 11:00:00+00:00,9.12,9.15,9.11,9.14,57797.38
2026-05-04 12:00:00+00:00,9.14,9.17,9.11,9.11,54047.84
2026-05-04 13:00:00+00:00,9.1,9.15,9.07,9.12,95963.66
2026-05-04 14:00:00+00:00,9.12,9.28,9.07,9.23,141827.26
2026-05-04 15:00:00+00:00,9.24,9.24,9.1,9.14,171561.51
2026-05-04 16:00:00+00:00,9.14,9.24,9.09,9.19,170525.41
2026-05-04 17:00:00+00:00,9.2,9.3,9.18,9.26,87624.55
2026-05-04 18:00:00+00:00,9.25,9.29,9.23,9.27,88490.21
2026-05-04 19:00:00+00:00,9.27,9.27,9.2,9.23,52210.63
2026-05-04 20:00:00+00:00,9.23,9.24,9.13,9.15,98319.59
2026-05-04 21:00:00+00:00,9.15,9.26,9.14,9.23,52457.33
2026-05-04 22:00:00+00:00,9.23,9.26,9.18,9.19,63346.37
2026-05-04 23:00:00+00:00,9.18,9.19,9.14,9.18,71179.53
2026-05-05 00:00:00+00:00,9.18,9.22,9.17,9.21,81957.58
2026-05-05 01:00:00+00:00,9.21,9.26,9.2,9.24,96784.93
2026-05-05 02:00:00+00:00,9.24,9.3,9.23,9.26,99678.5
2026-05-05 03:00:00+00:00,9.26,9.32,9.24,9.28,72021.61
2026-05-05 04:00:00+00:00,9.29,9.3,9.26,9.27,31560.02
2026-05-05 05:00:00+00:00,9.27,9.31,9.26,9.3,56804.37
2026-05-05 06:00:00+00:00,9.3,9.33,9.27,9.33,42910.27
2026-05-05 07:00:00+00:00,9.33,9.38,9.31,9.33,67483.37
2026-05-05 08:00:00+00:00,9.33,9.36,9.32,9.34,53826.44
2026-05-05 09:00:00+00:00,9.34,9.37,9.31,9.34,97156.33
2026-05-05 10:00:00+00:00,9.34,9.43,9.33,9.4,115634.5
2026-05-05 11:00:00+00:00,9.41,9.41,9.34,9.39,54384.75
2026-05-05 12:00:00+00:00,9.39,9.43,9.38,9.42,56459.73
2026-05-05 13:00:00+00:00,9.42,9.52,9.41,9.47,196295.39
2026-05-05 14:00:00+00:00,9.48,9.52,9.4,9.45,169768.35
2026-05-05 15:00:00+00:00,9.45,9.49,9.4,9.41,82580.04
2026-05-05 16:00:00+00:00,9.41,9.43,9.33,9.37,63515.51
2026-05-05 17:00:00+00:00,9.38,9.4,9.35,9.38,81442.57
2026-05-05 18:00:00+00:00,9.38,9.41,9.37,9.4,39216.99
2026-05-05 19:00:00+00:00,9.4,9.43,9.38,9.4,36541.85
2026-05-05 20:00:00+00:00,9.41,9.46,9.4,9.44,96099.68
2026-05-05 21:00:00+00:00,9.44,9.49,9.43,9.45,94395.93
2026-05-05 22:00:00+00:00,9.46,9.49,9.37,9.42,110183.98
2026-05-05 23:00:00+00:00,9.42,9.43,9.36,9.4,44734.74
2026-05-06 00:00:00+00:00,9.4,9.42,9.37,9.4,53949.34
2026-05-06 01:00:00+00:00,9.4,9.53,9.4,9.49,106124.79
2026-05-06 02:00:00+00:00,9.5,9.51,9.43,9.49,64556.44
2026-05-06 03:00:00+00:00,9.49,9.58,9.48,9.56,190451.4
2026-05-06 04:00:00+00:00,9.57,9.59,9.49,9.51,146417.81
2026-05-06 05:00:00+00:00,9.52,9.56,9.49,9.55,110304.55
2026-05-06 06:00:00+00:00,9.56,9.57,9.5,9.53,89014.35
2026-05-06 07:00:00+00:00,9.52,9.59,9.52,9.56,95950.62
2026-05-06 08:00:00+00:00,9.56,9.74,9.56,9.73,236902.02
2026-05-06 09:00:00+00:00,9.72,9.75,9.67,9.73,249643.12
2026-05-06 10:00:00+00:00,9.73,9.76,9.7,9.74,223089.31
2026-05-06 11:00:00+00:00,9.73,9.76,9.7,9.74,129897.02
2026-05-06 12:00:00+00:00,9.75,9.78,9.71,9.75,152350.85
2026-05-06 13:00:00+00:00,9.75,9.75,9.55,9.57,220339.46
2026-05-06 14:00:00+00:00,9.56,9.62,9.46,9.55,288229.72
2026-05-06 15:00:00+00:00,9.55,9.63,9.53,9.62,153992.95
2026-05-06 16:00:00+00:00,9.62,9.67,9.57,9.62,144353.18
2026-05-06 17:00:00+00:00,9.63,9.65,9.59,9.59,92580.58
2026-05-06 18:00:00+00:00,9.6,9.62,9.57,9.57,57556.44
2026-05-06 19:00:00+00:00,9.57,9.62,9.56,9.61,69986.14
2026-05-06 20:00:00+00:00,9.6,9.65,9.56,9.6,60513.26
2026-05-06 21:00:00+00:00,9.6,9.67,9.57,9.65,84226.0
2026-05-06 22:00:00+00:00,9.66,9.66,9.57,9.6,72643.35
2026-05-06 23:00:00+00:00,9.59,9.62,9.52,9.61,49872.56
2026-05-07 00:00:00+00:00,9.61,9.63,9.52,9.54,74762.19
2026-05-07 01:00:00+00:00,9.53,9.56,9.47,9.52,124748.32
2026-05-07 02:00:00+00:00,9.53,9.53,9.45,9.51,103699.08
2026-05-07 03:00:00+00:00,9.5,9.52,9.46,9.47,36137.21
2026-05-07 04:00:00+00:00,9.46,9.57,9.46,9.57,47680.35
2026-05-07 05:00:00+00:00,9.56,9.62,9.56,9.58,86389.3
2026-05-07 06:00:00+00:00,9.58,9.66,9.53,9.66,105050.04
2026-05-07 07:00:00+00:00,9.66,9.7,9.64,9.68,99655.28
2026-05-07 08:00:00+00:00,9.69,9.69,9.64,9.64,93730.28
2026-05-07 09:00:00+00:00,9.64,9.65,9.56,9.57,74164.11
2026-05-07 10:00:00+00:00,9.56,9.6,9.52,9.58,64402.54
2026-05-07 11:00:00+00:00,9.58,9.61,9.55,9.57,58789.98
2026-05-07 12:00:00+00:00,9.58,9.65,9.57,9.64,82255.66
2026-05-07 13:00:00+00:00,9.64,9.65,9.49,9.54,128458.39
2026-05-07 14:00:00+00:00,9.53,9.56,9.41,9.46,232219.68
2026-05-07 15:00:00+00:00,9.46,9.48,9.37,9.41,198924.23
2026-05-07 16:00:00+00:00,9.42,9.48,9.4,9.45,89139.62
2026-05-07 17:00:00+00:00,9.45,9.51,9.4,9.51,108578.67
2026-05-07 18:00:00+00:00,9.5,9.55,9.47,9.5,93025.32
2026-05-07 19:00:00+00:00,9.5,9.51,9.46,9.47,86055.71
2026-05-07 20:00:00+00:00,9.47,9.53,9.44,9.44,76329.24
2026-05-07 21:00:00+00:00,9.44,9.49,9.41,9.45,81659.56
2026-05-07 22:00:00+00:00,9.45,9.49,9.41,9.46,62871.94
2026-05-07 23:00:00+00:00,9.45,9.51,9.45,9.5,36567.35
2026-05-08 00:00:00+00:00,9.51,9.54,9.47,9.5,79011.92
2026-05-08 01:00:00+00:00,9.51,9.52,9.46,9.49,33108.32
2026-05-08 02:00:00+00:00,9.49,9.52,9.43,9.49,83030.08
2026-05-08 03:00:00+00:00,9.48,9.51,9.43,9.49,60297.43
2026-05-08 04:00:00+00:00,9.49,9.53,9.47,9.5,82432.05
2026-05-08 05:00:00+00:00,9.51,9.52,9.48,9.49,53127.25
2026-05-08 06:00:00+00:00,9.48,9.5,9.45,9.49,73803.44
2026-05-08 07:00:00+00:00,9.49,9.52,9.44,9.52,62069.43
2026-05-08 08:00:00+00:00,9.51,9.58,9.51,9.54,132751.47
2026-05-08 09:00:00+00:00,9.54,9.63,9.53,9.56,99603.04
2026-05-08 10:00:00+00:00,9.57,9.62,9.55,9.59,91524.14
2026-05-08 11:00:00+00:00,9.59,9.61,9.56,9.59,113490.58
2026-05-08 12:00:00+00:00,9.59,9.62,9.55,9.57,126715.27
2026-05-08 13:00:00+00:00,9.58,9.59,9.5,9.54,74988.48
2026-05-08 14:00:00+00:00,9.55,9.72,9.54,9.71,175194.76
2026-05-08 15:00:00+00:00,9.7,9.78,9.62,9.78,190391.24
2026-05-08 16:00:00+00:00,9.78,9.8,9.72,9.74,97089.31
2026-05-08 17:00:00+00:00,9.74,9.86,9.7,9.81,182602.27
2026-05-08 18:00:00+00:00,9.81,9.94,9.8,9.9,304000.12
2026-05-08 19:00:00+00:00,9.9,9.96,9.87,9.91,167597.65
2026-05-08 20:00:00+00:00,9.91,9.92,9.86,9.89,95871.26
2026-05-08 21:00:00+00:00,9.89,10.0,9.88,9.98,149463.28
2026-05-08 22:00:00+00:00,9.98,10.02,9.92,9.95,162261.8
2026-05-08 23:00:00+00:00,9.95,9.95,9.86,9.91,72318.56
2026-05-09 00:00:00+00:00,9.91,10.01,9.89,10.0,141180.75
2026-05-09 01:00:00+00:00,10.0,10.12,9.99,10.08,209285.11
2026-05-09 02:00:00+00:00,10.09,10.1,10.02,10.04,70082.14
2026-05-09 03:00:00+00:00,10.03,10.05,9.96,9.98,102611.68
2026-05-09 04:00:00+00:00,9.99,10.04,9.95,9.97,34846.01
2026-05-09 05:00:00+00:00,9.97,10.02,9.94,10.0,54937.88
2026-05-09 06:00:00+00:00,10.0,10.02,9.94,9.95,46732.22
2026-05-09 07:00:00+00:00,9.96,9.99,9.93,9.95,73659.42
2026-05-09 08:00:00+00:00,9.95,10.0,9.94,9.97,74992.37
2026-05-09 09:00:00+00:00,9.97,9.97,9.88,9.89,65171.41
2026-05-09 10:00:00+00:00,9.9,9.92,9.86,9.91,33773.19
2026-05-09 11:00:00+00:00,9.91,9.95,9.9,9.93,39686.71
2026-05-09 12:00:00+00:00,9.94,9.96,9.9,9.93,40258.85
2026-05-09 13:00:00+00:00,9.93,9.98,9.89,9.9,189196.18
2026-05-09 14:00:00+00:00,9.9,9.91,9.81,9.85,206425.16
2026-05-09 15:00:00+00:00,9.84,9.86,9.8,9.83,63089.19
2026-05-09 16:00:00+00:00,9.84,9.88,9.81,9.84,54821.21
2026-05-09 17:00:00+00:00,9.85,9.97,9.84,9.95,81347.95
2026-05-09 18:00:00+00:00,9.95,9.98,9.93,9.96,64993.46
2026-05-09 19:00:00+00:00,9.96,10.0,9.94,10.0,51094.62
2026-05-09 20:00:00+00:00,10.0,10.01,9.94,9.97,38986.77
2026-05-09 21:00:00+00:00,9.97,9.99,9.94,9.97,40563.11
2026-05-09 22:00:00+00:00,9.96,10.01,9.94,9.98,37606.2
2026-05-09 23:00:00+00:00,9.99,10.01,9.93,9.97,36805.26
2026-05-10 00:00:00+00:00,9.96,10.0,9.91,9.93,74990.69
2026-05-10 01:00:00+00:00,9.92,9.92,9.86,9.89,45831.94
2026-05-10 02:00:00+00:00,9.89,9.93,9.85,9.92,31741.72
2026-05-10 03:00:00+00:00,9.91,9.95,9.9,9.91,41813.6
2026-05-10 04:00:00+00:00,9.91,9.94,9.89,9.91,29780.59
2026-05-10 05:00:00+00:00,9.92,9.95,9.89,9.93,27294.83
2026-05-10 06:00:00+00:00,9.93,9.96,9.91,9.95,49510.97
2026-05-10 07:00:00+00:00,9.95,10.02,9.92,9.92,82827.82
2026-05-10 08:00:00+00:00,9.92,10.07,9.91,10.03,219897.32
2026-05-10 09:00:00+00:00,10.04,10.07,9.97,10.0,60860.59
2026-05-10 10:00:00+00:00,10.0,10.02,9.94,10.01,58893.3
2026-05-10 11:00:00+00:00,10.0,10.02,9.94,9.98,42044.19
2026-05-10 12:00:00+00:00,9.99,10.01,9.95,10.0,39323.46
2026-05-10 13:00:00+00:00,10.0,10.08,9.99,10.08,54504.8
2026-05-10 14:00:00+00:00,10.08,10.12,10.01,10.05,282112.45
2026-05-10 15:00:00+00:00,10.05,10.17,10.05,10.15,150020.03
2026-05-10 16:00:00+00:00,10.16,10.26,10.14,10.25,176062.49
2026-05-10 17:00:00+00:00,10.25,10.37,10.19,10.36,201115.46
2026-05-10 18:00:00+00:00,10.36,10.43,10.33,10.4,147105.97
2026-05-10 19:00:00+00:00,10.4,10.49,10.34,10.41,155980.83
2026-05-10 20:00:00+00:00,10.41,10.47,9.95,10.09,350971.83
2026-05-10 21:00:00+00:00,10.09,10.19,10.03,10.14,152485.85
2026-05-10 22:00:00+00:00,10.13,10.3,10.11,10.28,176063.61
2026-05-10 23:00:00+00:00,10.29,10.3,10.21,10.23,116117.73
2026-05-11 00:00:00+00:00,10.23,10.26,10.11,10.16,125358.67
2026-05-11 01:00:00+00:00,10.15,10.22,10.11,10.15,85490.34
2026-05-11 02:00:00+00:00,10.15,10.15,10.01,10.06,128181.34
2026-05-11 03:00:00+00:00,10.06,10.07,9.97,10.03,104985.97
2026-05-11 04:00:00+00:00,10.03,10.05,9.98,10.04,55537.05
2026-05-11 05:00:00+00:00,10.03,10.11,10.02,10.08,99417.56
2026-05-11 06:00:00+00:00,10.09,10.15,10.08,10.11,60060.07
2026-05-11 07:00:00+00:00,10.1,10.11,10.04,10.09,64794.8
2026-05-11 08:00:00+00:00,10.09,10.11,10.02,10.07,83266.88
2026-05-11 09:00:00+00:00,10.08,10.16,10.07,10.15,57105.6
2026-05-11 10:00:00+00:00,10.15,10.21,10.1,10.11,70280.57
2026-05-11 11:00:00+00:00,10.11,10.16,10.09,10.12,50431.05
2026-05-11 12:00:00+00:00,10.13,10.15,10.06,10.07,73173.22
2026-05-11 13:00:00+00:00,10.08,10.15,10.03,10.11,84514.6
2026-05-11 14:00:00+00:00,10.11,10.17,10.0,10.11,173325.74
2026-05-11 15:00:00+00:00,10.11,10.25,10.08,10.24,86087.07
2026-05-11 16:00:00+00:00,10.24,10.27,10.14,10.18,110172.44
2026-05-11 17:00:00+00:00,10.18,10.23,10.14,10.22,51433.13
2026-05-11 18:00:00+00:00,10.22,10.23,10.15,10.17,48923.64
2026-05-11 19:00:00+00:00,10.16,10.23,10.15,10.21,65098.13
2026-05-11 20:00:00+00:00,10.21,10.23,10.17,10.19,52980.3
2026-05-11 21:00:00+00:00,10.18,10.21,10.16,10.16,24229.22
2026-05-11 22:00:00+00:00,10.16,10.2,10.13,10.15,53023.38
2026-05-11 23:00:00+00:00,10.15,10.17,10.11,10.14,49242.6
2026-05-12 00:00:00+00:00,10.14,10.17,10.1,10.15,66636.36
2026-05-12 01:00:00+00:00,10.16,10.17,9.98,10.03,131507.12
2026-05-12 02:00:00+00:00,10.02,10.08,10.02,10.06,59012.41
2026-05-12 03:00:00+00:00,10.06,10.08,10.0,10.02,48492.86
2026-05-12 04:00:00+00:00,10.01,10.05,10.0,10.03,32511.44
2026-05-12 05:00:00+00:00,10.03,10.08,10.03,10.05,36797.14
2026-05-12 06:00:00+00:00,10.04,10.07,10.01,10.03,59426.6
2026-05-12 07:00:00+00:00,10.02,10.03,9.94,10.02,73408.66
2026-05-12 08:00:00+00:00,10.01,10.02,9.94,9.97,71567.76
2026-05-12 09:00:00+00:00,9.96,9.97,9.89,9.91,128487.17
2026-05-12 10:00:00+00:00,9.91,9.93,9.84,9.86,87097.17
2026-05-12 11:00:00+00:00,9.87,9.88,9.81,9.87,71109.46
2026-05-12 12:00:00+00:00,9.87,9.93,9.82,9.89,83259.45
2026-05-12 13:00:00+00:00,9.89,9.91,9.77,9.79,101758.07
2026-05-12 14:00:00+00:00,9.79,9.84,9.69,9.74,228099.27
2026-05-12 15:00:00+00:00,9.74,9.78,9.66,9.74,171202.81
2026-05-12 16:00:00+00:00,9.73,9.77,9.68,9.7,93971.67
2026-05-12 17:00:00+00:00,9.7,9.81,9.7,9.79,64891.79
2026-05-12 18:00:00+00:00,9.8,9.85,9.78,9.83,37847.65
2026-05-12 19:00:00+00:00,9.84,9.89,9.83,9.87,50409.52
2026-05-12 20:00:00+00:00,9.87,9.89,9.84,9.86,33320.56
2026-05-12 21:00:00+00:00,9.87,9.89,9.85,9.88,51036.91
2026-05-12 22:00:00+00:00,9.88,9.9,9.86,9.87,27149.5
2026-05-12 23:00:00+00:00,9.88,9.89,9.83,9.83,40895.66
2026-05-13 00:00:00+00:00,9.83,9.89,9.82,9.88,32822.01
2026-05-13 01:00:00+00:00,9.88,9.97,9.88,9.94,103939.18
2026-05-13 02:00:00+00:00,9.95,10.0,9.93,9.98,59511.34
2026-05-13 03:00:00+00:00,9.98,10.05,9.97,10.03,60710.89
2026-05-13 04:00:00+00:00,10.04,10.06,10.01,10.05,67870.78
2026-05-13 05:00:00+00:00,10.04,10.05,9.96,10.0,47788.48
2026-05-13 06:00:00+00:00,10.0,10.03,9.97,9.97,39316.87
2026-05-13 07:00:00+00:00,9.98,10.02,9.97,10.0,40441.71
2026-05-13 08:00:00+00:00,10.0,10.06,9.98,10.03,31504.22
2026-05-13 09:00:00+00:00,10.04,10.15,10.03,10.14,117201.75
2026-05-13 10:00:00+00:00,10.15,10.16,10.05,10.08,87087.9
2026-05-13 11:00:00+00:00,10.07,10.08,9.94,9.95,80796.53
2026-05-13 12:00:00+00:00,9.95,9.98,9.79,9.86,161709.62
2026-05-13 13:00:00+00:00,9.87,9.91,9.74,9.76,196556.05
2026-05-13 14:00:00+00:00,9.76,9.83,9.7,9.81,122272.79
2026-05-13 15:00:00+00:00,9.81,9.83,9.62,9.64,152019.68
2026-05-13 16:00:00+00:00,9.64,9.76,9.63,9.73,112508.55
2026-05-13 17:00:00+00:00,9.74,9.79,9.74,9.77,69971.99
2026-05-13 18:00:00+00:00,9.77,9.82,9.77,9.78,49852.73
2026-05-13 19:00:00+00:00,9.78,9.79,9.71,9.74,46470.07
2026-05-13 20:00:00+00:00,9.73,9.8,9.72,9.79,43978.78
2026-05-13 21:00:00+00:00,9.79,9.79,9.7,9.71,46411.42
2026-05-13 22:00:00+00:00,9.72,9.77,9.69,9.76,58552.81
2026-05-13 23:00:00+00:00,9.76,9.78,9.74,9.76,33170.99
2026-05-14 00:00:00+00:00,9.76,9.82,9.76,9.8,59565.66
2026-05-14 01:00:00+00:00,9.79,9.81,9.77,9.79,30982.05
2026-05-14 02:00:00+00:00,9.8,9.82,9.72,9.73,54843.63
2026-05-14 03:00:00+00:00,9.73,9.75,9.63,9.65,111035.21
2026-05-14 04:00:00+00:00,9.66,9.72,9.64,9.72,73227.14
2026-05-14 05:00:00+00:00,9.72,9.8,9.7,9.78,48276.61
2026-05-14 06:00:00+00:00,9.79,9.79,9.74,9.74,46150.96
2026-05-14 07:00:00+00:00,9.74,9.76,9.7,9.71,59937.41
2026-05-14 08:00:00+00:00,9.71,9.73,9.68,9.71,59998.87
2026-05-14 09:00:00+00:00,9.71,9.72,9.63,9.68,90020.48
2026-05-14 10:00:00+00:00,9.67,9.73,9.66,9.71,42612.85
2026-05-14 11:00:00+00:00,9.71,9.73,9.66,9.68,43127.72
2026-05-14 12:00:00+00:00,9.67,9.78,9.66,9.76,34254.53
2026-05-14 13:00:00+00:00,9.77,9.83,9.75,9.78,84888.77
2026-05-14 14:00:00+00:00,9.78,10.05,9.74,10.03,211784.62
2026-05-14 15:00:00+00:00,10.04,10.07,9.98,10.05,155053.62
2026-05-14 16:00:00+00:00,10.06,10.1,9.93,10.05,181472.47
2026-05-14 17:00:00+00:00,10.05,10.08,9.94,10.01,108610.11
2026-05-14 18:00:00+00:00,10.01,10.12,9.98,10.09,117636.09
2026-05-14 19:00:00+00:00,10.09,10.14,10.0,10.02,142430.06
2026-05-14 20:00:00+00:00,10.01,10.03,9.94,9.99,58858.67
2026-05-14 21:00:00+00:00,9.99,10.02,9.94,9.98,36901.0
2026-05-14 22:00:00+00:00,9.98,10.01,9.97,9.98,24703.35
2026-05-14 23:00:00+00:00,9.97,9.98,9.89,9.91,41698.66
2026-05-15 00:00:00+00:00,9.9,9.96,9.89,9.95,29871.26
2026-05-15 01:00:00+00:00,9.95,9.97,9.87,9.88,45728.04
2026-05-15 02:00:00+00:00,9.87,9.93,9.82,9.92,82940.69
2026-05-15 03:00:00+00:00,9.92,9.93,9.86,9.88,28995.28
2026-05-15 04:00:00+00:00,9.88,9.88,9.8,9.81,37889.82
2026-05-15 05:00:00+00:00,9.8,9.83,9.68,9.7,86662.85
2026-05-15 06:00:00+00:00,9.7,9.78,9.69,9.76,61460.41
2026-05-15 07:00:00+00:00,9.75,9.86,9.74,9.82,50370.46
2026-05-15 08:00:00+00:00,9.82,9.82,9.74,9.78,33091.6
2026-05-15 09:00:00+00:00,9.79,9.8,9.73,9.75,37400.48
2026-05-15 10:00:00+00:00,9.75,9.83,9.74,9.82,26607.88
2026-05-15 11:00:00+00:00,9.82,9.82,9.77,9.79,35037.34
2026-05-15 12:00:00+00:00,9.78,9.79,9.72,9.73,24689.11
2026-05-15 13:00:00+00:00,9.72,9.73,9.43,9.46,288940.76
2026-05-15 14:00:00+00:00,9.46,9.53,9.41,9.48,249044.09
2026-05-15 15:00:00+00:00,9.49,9.51,9.45,9.48,79619.05
2026-05-15 16:00:00+00:00,9.49,9.59,9.47,9.56,78344.99
2026-05-15 17:00:00+00:00,9.56,9.61,9.56,9.59,42542.7
2026-05-15 18:00:00+00:00,9.6,9.61,9.54,9.58,35838.01
2026-05-15 19:00:00+00:00,9.57,9.58,9.53,9.55,21451.77
2026-05-15 20:00:00+00:00,9.54,9.55,9.5,9.53,69173.3
2026-05-15 21:00:00+00:00,9.52,9.56,9.5,9.52,45393.73
2026-05-15 22:00:00+00:00,9.52,9.56,9.51,9.55,24652.35
2026-05-15 23:00:00+00:00,9.56,9.57,9.53,9.54,14717.99
2026-05-16 00:00:00+00:00,9.53,9.58,9.52,9.54,20258.53
2026-05-16 01:00:00+00:00,9.55,9.56,9.51,9.56,29780.34
2026-05-16 02:00:00+00:00,9.55,9.56,9.52,9.54,13348.71
2026-05-16 03:00:00+00:00,9.55,9.56,9.52,9.53,15513.35
2026-05-16 04:00:00+00:00,9.54,9.54,9.44,9.49,64799.11
2026-05-16 05:00:00+00:00,9.49,9.49,9.46,9.47,48073.67
2026-05-16 06:00:00+00:00,9.47,9.48,9.34,9.37,145957.64
2026-05-16 07:00:00+00:00,9.37,9.38,9.22,9.34,223200.46
2026-05-16 08:00:00+00:00,9.35,9.38,9.34,9.34,31353.31
2026-05-16 09:00:00+00:00,9.34,9.35,9.2,9.25,154235.27
2026-05-16 10:00:00+00:00,9.24,9.27,9.19,9.24,134677.84
2026-05-16 11:00:00+00:00,9.25,9.29,9.25,9.26,25659.0
2026-05-16 12:00:00+00:00,9.26,9.29,9.24,9.28,24044.7
2026-05-16 13:00:00+00:00,9.27,9.31,9.26,9.27,40865.15
2026-05-16 14:00:00+00:00,9.27,9.34,9.25,9.29,51663.55
2026-05-16 15:00:00+00:00,9.29,9.33,9.28,9.32,48460.53
2026-05-16 16:00:00+00:00,9.32,9.36,9.31,9.33,35698.54
2026-05-16 17:00:00+00:00,9.33,9.38,9.33,9.35,23064.62
2026-05-16 18:00:00+00:00,9.36,9.37,9.33,9.33,37051.28
2026-05-16 19:00:00+00:00,9.33,9.34,9.31,9.31,14054.1
2026-05-16 20:00:00+00:00,9.32,9.34,9.29,9.31,13313.16
2026-05-16 21:00:00+00:00,9.31,9.33,9.3,9.32,17777.99
2026-05-16 22:00:00+00:00,9.31,9.32,9.29,9.3,31176.6
2026-05-16 23:00:00+00:00,9.3,9.31,9.28,9.29,9456.34
2026-05-17 00:00:00+00:00,9.3,9.31,9.23,9.24,42506.08
2026-05-17 01:00:00+00:00,9.24,9.27,9.18,9.21,108854.92
2026-05-17 02:00:00+00:00,9.21,9.24,9.2,9.23,22118.93
2026-05-17 03:00:00+00:00,9.22,9.3,9.22,9.27,18943.46
2026-05-17 04:00:00+00:00,9.27,9.33,9.27,9.3,34542.59
2026-05-17 05:00:00+00:00,9.31,9.36,9.3,9.32,29227.71
2026-05-17 06:00:00+00:00,9.33,9.35,9.31,9.35,15119.61
2026-05-17 07:00:00+00:00,9.35,9.36,9.3,9.32,65348.47
2026-05-17 08:00:00+00:00,9.32,9.32,9.29,9.3,27770.09
2026-05-17 09:00:00+00:00,9.3,9.38,9.29,9.36,55575.0
2026-05-17 10:00:00+00:00,9.37,9.42,9.36,9.37,49796.61
2026-05-17 11:00:00+00:00,9.38,9.38,9.34,9.36,20120.76
2026-05-17 12:00:00+00:00,9.36,9.4,9.35,9.36,12536.73
2026-05-17 13:00:00+00:00,9.35,9.36,9.31,9.33,23213.74
2026-05-17 14:00:00+00:00,9.33,9.34,9.26,9.3,44550.06
2026-05-17 15:00:00+00:00,9.29,9.31,9.27,9.3,28820.33
2026-05-17 16:00:00+00:00,9.3,9.32,9.26,9.27,29809.22
2026-05-17 17:00:00+00:00,9.27,9.28,9.23,9.26,35652.17
2026-05-17 18:00:00+00:00,9.26,9.29,9.23,9.28,32996.21
2026-05-17 19:00:00+00:00,9.29,9.33,9.28,9.31,14872.99
2026-05-17 20:00:00+00:00,9.32,9.32,9.28,9.3,33644.19
2026-05-17 21:00:00+00:00,9.3,9.35,9.28,9.32,80345.64
2026-05-17 22:00:00+00:00,9.32,9.33,9.22,9.25,51964.11
2026-05-17 23:00:00+00:00,9.24,9.24,8.96,9.2,572242.05
2026-05-18 00:00:00+00:00,9.19,9.2,9.11,9.19,111840.69
2026-05-18 01:00:00+00:00,9.19,9.2,9.11,9.17,71728.1
2026-05-18 02:00:00+00:00,9.16,9.24,9.15,9.2,59126.94
2026-05-18 03:00:00+00:00,9.2,9.23,9.17,9.2,46960.32
2026-05-18 04:00:00+00:00,9.2,9.23,9.15,9.22,28159.9
2026-05-18 05:00:00+00:00,9.22,9.23,9.15,9.16,70152.65
2026-05-18 06:00:00+00:00,9.16,9.18,9.06,9.13,160848.66
2026-05-18 07:00:00+00:00,9.14,9.15,9.08,9.11,61479.77
2026-05-18 08:00:00+00:00,9.12,9.14,9.1,9.13,31535.82
2026-05-18 09:00:00+00:00,9.14,9.14,9.08,9.08,28026.71
2026-05-18 10:00:00+00:00,9.08,9.09,9.04,9.07,58991.24
2026-05-18 11:00:00+00:00,9.06,9.21,9.05,9.16,72307.94
2026-05-18 12:00:00+00:00,9.16,9.23,9.16,9.2,60919.81
2026-05-18 13:00:00+00:00,9.2,9.2,9.08,9.15,52055.42
2026-05-18 14:00:00+00:00,9.14,9.14,9.03,9.07,83378.84
2026-05-18 15:00:00+00:00,9.07,9.11,9.01,9.09,81902.86
2026-05-18 16:00:00+00:00,9.09,9.12,9.05,9.09,49848.0
2026-05-18 17:00:00+00:00,9.1,9.15,9.09,9.12,34559.43
2026-05-18 18:00:00+00:00,9.13,9.13,9.01,9.02,55762.2
2026-05-18 19:00:00+00:00,9.02,9.2,9.02,9.18,130597.72
2026-05-18 20:00:00+00:00,9.18,9.22,9.15,9.18,37387.56
2026-05-18 21:00:00+00:00,9.18,9.26,9.16,9.25,67615.35
2026-05-18 22:00:00+00:00,9.25,9.27,9.21,9.24,50727.64
2026-05-18 23:00:00+00:00,9.25,9.27,9.22,9.24,46704.88
2026-05-19 00:00:00+00:00,9.25,9.32,9.24,9.28,64779.35
2026-05-19 01:00:00+00:00,9.28,9.28,9.22,9.24,61702.58
2026-05-19 02:00:00+00:00,9.23,9.28,9.2,9.21,39391.35
2026-05-19 03:00:00+00:00,9.21,9.26,9.19,9.24,50650.02
2026-05-19 04:00:00+00:00,9.24,9.27,9.21,9.24,43874.53
2026-05-19 05:00:00+00:00,9.24,9.27,9.19,9.24,51980.18
2026-05-19 06:00:00+00:00,9.25,9.28,9.23,9.25,39116.46
2026-05-19 07:00:00+00:00,9.26,9.3,9.24,9.28,66034.82
2026-05-19 08:00:00+00:00,9.28,9.28,9.21,9.24,42718.08
2026-05-19 09:00:00+00:00,9.23,9.25,9.17,9.19,43280.73
2026-05-19 10:00:00+00:00,9.19,9.2,9.13,9.16,38258.94
2026-05-19 11:00:00+00:00,9.16,9.16,9.08,9.1,34215.44
2026-05-19 12:00:00+00:00,9.1,9.16,9.09,9.15,18391.39
2026-05-19 13:00:00+00:00,9.15,9.16,9.1,9.12,89930.45
2026-05-19 14:00:00+00:00,9.11,9.14,9.02,9.07,81119.45
2026-05-19 15:00:00+00:00,9.07,9.12,9.06,9.1,49174.96
2026-05-19 16:00:00+00:00,9.1,9.17,9.08,9.17,30395.54
2026-05-19 17:00:00+00:00,9.16,9.19,9.13,9.16,29755.12
2026-05-19 18:00:00+00:00,9.15,9.17,9.1,9.14,39086.55
2026-05-19 19:00:00+00:00,9.13,9.18,9.1,9.11,38113.3
2026-05-19 20:00:00+00:00,9.12,9.15,9.11,9.14,9490.9
2026-05-19 21:00:00+00:00,9.14,9.15,9.12,9.13,19668.97
2026-05-19 22:00:00+00:00,9.13,9.13,9.06,9.08,38197.23
2026-05-19 23:00:00+00:00,9.08,9.14,9.08,9.11,19395.92
2026-05-20 00:00:00+00:00,9.1,9.12,9.07,9.1,43230.87
2026-05-20 01:00:00+00:00,9.11,9.12,9.06,9.11,28723.77
2026-05-20 02:00:00+00:00,9.12,9.13,9.08,9.1,7625.85
2026-05-20 03:00:00+00:00,9.09,9.14,9.08,9.12,15675.44
2026-05-20 04:00:00+00:00,9.12,9.13,9.09,9.13,12153.58
2026-05-20 05:00:00+00:00,9.13,9.21,9.13,9.193,63526.12
2026-05-20 06:00:00+00:00,9.194,9.245,9.194,9.236,63621.71
2026-05-20 07:00:00+00:00,9.236,9.239,9.197,9.207,29085.5
2026-05-20 08:00:00+00:00,9.208,9.267,9.205,9.24,64140.57
2026-05-20 09:00:00+00:00,9.239,9.24,9.2,9.204,19546.83
2026-05-20 10:00:00+00:00,9.205,9.25,9.205,9.225,33373.3
2026-05-20 11:00:00+00:00,9.224,9.238,9.185,9.205,41641.16
2026-05-20 12:00:00+00:00,9.204,9.272,9.195,9.253,46032.56
2026-05-20 13:00:00+00:00,9.252,9.258,9.153,9.193,71051.11
2026-05-20 14:00:00+00:00,9.194,9.332,9.165,9.312,136705.46
2026-05-20 15:00:00+00:00,9.312,9.368,9.268,9.34,178568.24
2026-05-20 16:00:00+00:00,9.341,9.374,9.271,9.336,98485.92
2026-05-20 17:00:00+00:00,9.335,9.4,9.315,9.342,157812.55
2026-05-20 18:00:00+00:00,9.341,9.349,9.272,9.291,37001.1
2026-05-20 19:00:00+00:00,9.291,9.336,9.275,9.318,57075.3
2026-05-20 20:00:00+00:00,9.317,9.336,9.262,9.307,63779.41
2026-05-20 21:00:00+00:00,9.305,9.315,9.266,9.268,35473.85
2026-05-20 22:00:00+00:00,9.268,9.285,9.22,9.274,39948.6
2026-05-20 23:00:00+00:00,9.273,9.299,9.249,9.298,43905.95
2026-05-21 00:00:00+00:00,9.297,9.365,9.292,9.355,73509.71
2026-05-21 01:00:00+00:00,9.355,9.387,9.333,9.354,95948.22
2026-05-21 02:00:00+00:00,9.353,9.392,9.345,9.361,72535.17
2026-05-21 03:00:00+00:00,9.361,9.388,9.353,9.383,49526.75
2026-05-21 04:00:00+00:00,9.384,9.402,9.355,9.388,91168.93
2026-05-21 05:00:00+00:00,9.388,9.399,9.304,9.347,63945.1
2026-05-21 06:00:00+00:00,9.347,9.42,9.343,9.389,439941.15
2026-05-21 07:00:00+00:00,9.39,9.485,9.375,9.471,138410.71
2026-05-21 08:00:00+00:00,9.472,9.517,9.379,9.411,529114.49
2026-05-21 09:00:00+00:00,9.411,9.45,9.378,9.378,78760.74
2026-05-21 10:00:00+00:00,9.378,9.384,9.284,9.323,111667.77
2026-05-21 11:00:00+00:00,9.323,9.341,9.296,9.296,50125.43
2026-05-21 12:00:00+00:00,9.297,9.326,9.263,9.307,71960.19
2026-05-21 13:00:00+00:00,9.307,9.35,9.25,9.33,95433.29
2026-05-21 14:00:00+00:00,9.329,9.378,9.292,9.316,88452.63
2026-05-21 15:00:00+00:00,9.315,9.405,9.295,9.376,85172.07
2026-05-21 16:00:00+00:00,9.377,9.394,9.298,9.332,95968.09
2026-05-21 17:00:00+00:00,9.333,9.516,9.333,9.478,216501.17
2026-05-21 18:00:00+00:00,9.478,9.51,9.414,9.454,208237.77
2026-05-21 19:00:00+00:00,9.454,9.508,9.447,9.493,80232.1
2026-05-21 20:00:00+00:00,9.493,9.505,9.457,9.481,66451.45
2026-05-21 21:00:00+00:00,9.482,9.502,9.464,9.47,53697.11
2026-05-21 22:00:00+00:00,9.471,9.484,9.448,9.454,42597.62
2026-05-21 23:00:00+00:00,9.453,9.468,9.428,9.453,48862.26
2026-05-22 00:00:00+00:00,9.453,9.462,9.387,9.392,43524.34
2026-05-22 01:00:00+00:00,9.391,9.436,9.384,9.432,45490.62
2026-05-22 02:00:00+00:00,9.433,9.49,9.433,9.472,46499.27
2026-05-22 03:00:00+00:00,9.472,9.507,9.452,9.503,71671.23
2026-05-22 04:00:00+00:00,9.504,9.552,9.493,9.517,77453.85
2026-05-22 05:00:00+00:00,9.517,9.575,9.508,9.534,81623.55
2026-05-22 06:00:00+00:00,9.534,9.54,9.481,9.493,75233.98
2026-05-22 07:00:00+00:00,9.492,9.548,9.458,9.51,82180.49
2026-05-22 08:00:00+00:00,9.51,9.566,9.486,9.509,128436.08
2026-05-22 09:00:00+00:00,9.509,9.55,9.491,9.493,56962.38
2026-05-22 10:00:00+00:00,9.492,9.5,9.459,9.496,29319.0
2026-05-22 11:00:00+00:00,9.496,9.532,9.467,9.531,66160.0
2026-05-22 12:00:00+00:00,9.531,9.591,9.517,9.59,100616.38
2026-05-22 13:00:00+00:00,9.589,9.602,9.494,9.537,159423.16
2026-05-22 14:00:00+00:00,9.537,9.537,9.401,9.428,145862.97
2026-05-22 15:00:00+00:00,9.427,9.464,9.373,9.433,102319.34
2026-05-22 16:00:00+00:00,9.433,9.46,9.403,9.438,58199.72
2026-05-22 17:00:00+00:00,9.439,9.466,9.402,9.408,59999.58
2026-05-22 18:00:00+00:00,9.408,9.408,9.204,9.296,228836.94
2026-05-22 19:00:00+00:00,9.296,9.313,9.148,9.22,312361.93
2026-05-22 20:00:00+00:00,9.22,9.259,9.201,9.252,104475.37
2026-05-22 21:00:00+00:00,9.251,9.285,9.245,9.262,34323.01
2026-05-22 22:00:00+00:00,9.262,9.265,9.209,9.231,46090.46
2026-05-22 23:00:00+00:00,9.232,9.25,9.099,9.154,154743.96
2026-05-23 00:00:00+00:00,9.155,9.174,9.109,9.17,109663.66
2026-05-23 01:00:00+00:00,9.17,9.192,9.151,9.182,31992.76
2026-05-23 02:00:00+00:00,9.183,9.192,9.17,9.192,39357.42
2026-05-23 03:00:00+00:00,9.192,9.215,9.191,9.201,17245.26
2026-05-23 04:00:00+00:00,9.2,9.201,9.151,9.158,33632.02
2026-05-23 05:00:00+00:00,9.159,9.167,9.126,9.147,48479.46
2026-05-23 06:00:00+00:00,9.148,9.152,9.108,9.118,64080.39
2026-05-23 07:00:00+00:00,9.119,9.123,8.842,8.92,524059.46
2026-05-23 08:00:00+00:00,8.92,8.93,8.834,8.89,341771.7
2026-05-23 09:00:00+00:00,8.889,8.896,8.842,8.875,158710.01
2026-05-23 10:00:00+00:00,8.875,8.917,8.872,8.906,82308.26
2026-05-23 11:00:00+00:00,8.906,8.926,8.9,8.9,139079.5
2026-05-23 12:00:00+00:00,8.901,8.94,8.877,8.929,179992.17
2026-05-23 13:00:00+00:00,8.928,9.022,8.927,9.013,108248.79
2026-05-23 14:00:00+00:00,9.014,9.112,9.001,9.105,77185.66
2026-05-23 15:00:00+00:00,9.106,9.169,9.095,9.134,72178.67
2026-05-23 16:00:00+00:00,9.135,9.162,9.11,9.153,44382.84
2026-05-23 17:00:00+00:00,9.154,9.173,9.117,9.144,43860.41
2026-05-23 18:00:00+00:00,9.144,9.334,9.139,9.274,216278.29
2026-05-23 19:00:00+00:00,9.275,9.306,9.253,9.285,87078.52
2026-05-23 20:00:00+00:00,9.286,9.544,9.269,9.541,363511.8
2026-05-23 21:00:00+00:00,9.542,9.59,9.438,9.482,261365.05
2026-05-23 22:00:00+00:00,9.482,9.513,9.364,9.414,177999.37
2026-05-23 23:00:00+00:00,9.413,9.424,9.383,9.39,54649.29
2026-05-24 00:00:00+00:00,9.391,9.422,9.378,9.406,57142.25
2026-05-24 01:00:00+00:00,9.406,9.429,9.389,9.408,37048.15
2026-05-24 02:00:00+00:00,9.409,9.417,9.338,9.359,43763.09
2026-05-24 03:00:00+00:00,9.359,9.377,9.32,9.33,32741.49
2026-05-24 04:00:00+00:00,9.331,9.361,9.331,9.357,18404.53
2026-05-24 05:00:00+00:00,9.356,9.36,9.326,9.353,25505.97
2026-05-24 06:00:00+00:00,9.352,9.374,9.323,9.363,28839.9
2026-05-24 07:00:00+00:00,9.364,9.374,9.322,9.327,24058.08
2026-05-24 08:00:00+00:00,9.328,9.349,9.316,9.345,42982.8
2026-05-24 09:00:00+00:00,9.344,9.371,9.335,9.357,38213.2
2026-05-24 10:00:00+00:00,9.357,9.385,9.322,9.346,63376.19
2026-05-24 11:00:00+00:00,9.347,9.367,9.341,9.352,20856.77
2026-05-24 12:00:00+00:00,9.353,9.354,9.296,9.322,42589.04
2026-05-24 13:00:00+00:00,9.323,9.334,9.254,9.278,57207.89
2026-05-24 14:00:00+00:00,9.278,9.282,9.138,9.237,147130.77
2026-05-24 15:00:00+00:00,9.237,9.247,9.219,9.237,24084.3
2026-05-24 16:00:00+00:00,9.236,9.264,9.217,9.257,52015.17
2026-05-24 17:00:00+00:00,9.256,9.272,9.247,9.26,15487.04
2026-05-24 18:00:00+00:00,9.26,9.263,9.222,9.234,19836.05
2026-05-24 19:00:00+00:00,9.234,9.244,9.21,9.235,24600.49
2026-05-24 20:00:00+00:00,9.236,9.241,9.194,9.201,49387.38
2026-05-24 21:00:00+00:00,9.202,9.211,9.069,9.079,133650.74
2026-05-24 22:00:00+00:00,9.08,9.208,9.08,9.168,110313.59
2026-05-24 23:00:00+00:00,9.169,9.235,9.169,9.212,31916.79
2026-05-25 00:00:00+00:00,9.212,9.24,9.205,9.224,44954.98
2026-05-25 01:00:00+00:00,9.224,9.232,9.153,9.156,52011.68
2026-05-25 02:00:00+00:00,9.156,9.228,9.156,9.179,32839.1
2026-05-25 03:00:00+00:00,9.18,9.19,9.161,9.17,26612.58
2026-05-25 04:00:00+00:00,9.17,9.26,9.161,9.252,46149.12
2026-05-25 05:00:00+00:00,9.253,9.307,9.252,9.292,72843.79
2026-05-25 06:00:00+00:00,9.291,9.324,9.273,9.319,59535.7
2026-05-25 07:00:00+00:00,9.32,9.36,9.293,9.342,64809.43
2026-05-25 08:00:00+00:00,9.343,9.364,9.325,9.357,48940.08
2026-05-25 09:00:00+00:00,9.357,9.385,9.34,9.375,53314.37
2026-05-25 10:00:00+00:00,9.374,9.422,9.374,9.417,92102.11
2026-05-25 11:00:00+00:00,9.416,9.42,9.367,9.377,40824.47
2026-05-25 12:00:00+00:00,9.378,9.414,9.365,9.389,67677.91
2026-05-25 13:00:00+00:00,9.388,9.416,9.383,9.408,30542.31
2026-05-25 14:00:00+00:00,9.408,9.495,9.408,9.472,125143.78
2026-05-25 15:00:00+00:00,9.472,9.506,9.414,9.433,94819.17
2026-05-25 16:00:00+00:00,9.433,9.484,9.418,9.461,49466.77
2026-05-25 17:00:00+00:00,9.462,9.471,9.424,9.435,27062.42
2026-05-25 18:00:00+00:00,9.434,9.459,9.394,9.399,25835.96
2026-05-25 19:00:00+00:00,9.398,9.413,9.363,9.386,38089.46
2026-05-25 20:00:00+00:00,9.385,9.401,9.328,9.348,43617.05
2026-05-25 21:00:00+00:00,9.347,9.375,9.33,9.341,36747.59
2026-05-25 22:00:00+00:00,9.342,9.346,9.276,9.283,64143.53
2026-05-25 23:00:00+00:00,9.282,9.324,9.274,9.31,37558.73
2026-05-26 00:00:00+00:00,9.31,9.313,9.2,9.254,146518.9
2026-05-26 01:00:00+00:00,9.253,9.259,9.176,9.208,86937.55
2026-05-26 02:00:00+00:00,9.209,9.223,9.188,9.208,37390.26
2026-05-26 03:00:00+00:00,9.208,9.226,9.168,9.225,32821.29
2026-05-26 04:00:00+00:00,9.226,9.277,9.211,9.257,41839.38
2026-05-26 05:00:00+00:00,9.256,9.332,9.243,9.303,42617.95
2026-05-26 06:00:00+00:00,9.303,9.33,9.264,9.306,32860.58
2026-05-26 07:00:00+00:00,9.306,9.31,9.239,9.27,52211.59
2026-05-26 08:00:00+00:00,9.269,9.297,9.262,9.281,38286.07
2026-05-26 09:00:00+00:00,9.282,9.307,9.266,9.289,30106.49
2026-05-26 10:00:00+00:00,9.288,9.463,9.268,9.429,147008.04
2026-05-26 11:00:00+00:00,9.429,9.436,9.382,9.382,48901.87
2026-05-26 12:00:00+00:00,9.382,9.403,9.344,9.389,54926.37
2026-05-26 13:00:00+00:00,9.39,9.436,9.334,9.424,89917.73
2026-05-26 14:00:00+00:00,9.425,9.49,9.326,9.357,149689.36
2026-05-26 15:00:00+00:00,9.356,9.366,9.235,9.291,137621.71
2026-05-26 16:00:00+00:00,9.291,9.291,9.217,9.256,106094.95
2026-05-26 17:00:00+00:00,9.257,9.278,9.12,9.172,150135.32
2026-05-26 18:00:00+00:00,9.172,9.225,9.136,9.155,78537.34
2026-05-26 19:00:00+00:00,9.156,9.193,9.125,9.173,50635.2
2026-05-26 20:00:00+00:00,9.174,9.186,9.159,9.183,31233.4
2026-05-26 21:00:00+00:00,9.183,9.189,9.128,9.145,35971.83
2026-05-26 22:00:00+00:00,9.146,9.163,9.119,9.137,63469.52
2026-05-26 23:00:00+00:00,9.138,9.164,9.135,9.14,31154.17
2026-05-27 00:00:00+00:00,9.14,9.193,9.14,9.193,47609.04
2026-05-27 01:00:00+00:00,9.193,9.202,9.145,9.149,43712.52
2026-05-27 02:00:00+00:00,9.15,9.172,9.114,9.172,44743.1
2026-05-27 03:00:00+00:00,9.172,9.178,9.13,9.142,34545.17
2026-05-27 04:00:00+00:00,9.141,9.147,9.045,9.14,105191.16
2026-05-27 05:00:00+00:00,9.141,9.176,9.137,9.169,24711.02
2026-05-27 06:00:00+00:00,9.17,9.199,9.161,9.196,47286.34
2026-05-27 07:00:00+00:00,9.196,9.215,9.173,9.196,62365.45
2026-05-27 08:00:00+00:00,9.195,9.227,9.158,9.166,49620.63
2026-05-27 09:00:00+00:00,9.166,9.168,9.13,9.138,32406.28
2026-05-27 10:00:00+00:00,9.138,9.176,9.126,9.161,54985.58
2026-05-27 11:00:00+00:00,9.16,9.193,9.152,9.153,39331.99
2026-05-27 12:00:00+00:00,9.153,9.244,9.121,9.188,73086.5
2026-05-27 13:00:00+00:00,9.187,9.198,9.081,9.152,125165.8
2026-05-27 14:00:00+00:00,9.153,9.193,9.096,9.171,101660.75
2026-05-27 15:00:00+00:00,9.17,9.291,9.168,9.242,115844.34
2026-05-27 16:00:00+00:00,9.242,9.254,9.168,9.21,36255.22
2026-05-27 17:00:00+00:00,9.21,9.21,9.088,9.112,71527.95
2026-05-27 18:00:00+00:00,9.111,9.167,9.079,9.163,45213.28
2026-05-27 19:00:00+00:00,9.164,9.205,9.16,9.19,40109.52
2026-05-27 20:00:00+00:00,9.19,9.222,9.177,9.194,52264.02
2026-05-27 21:00:00+00:00,9.193,9.2,9.0,9.043,197761.54
2026-05-27 22:00:00+00:00,9.043,9.085,9.014,9.031,104141.42
2026-05-27 23:00:00+00:00,9.03,9.056,8.994,9.043,85669.54
2026-05-28 00:00:00+00:00,9.042,9.067,9.019,9.057,59528.91
2026-05-28 01:00:00+00:00,9.057,9.063,8.976,9.048,70368.91
2026-05-28 02:00:00+00:00,9.049,9.071,9.026,9.054,76400.35
2026-05-28 03:00:00+00:00,9.054,9.059,8.86,8.88,256948.25
2026-05-28 04:00:00+00:00,8.879,8.879,8.72,8.826,335993.54
2026-05-28 05:00:00+00:00,8.827,8.837,8.715,8.774,121405.1
2026-05-28 06:00:00+00:00,8.773,8.819,8.755,8.804,70602.07
2026-05-28 07:00:00+00:00,8.805,8.85,8.788,8.847,87609.38
2026-05-28 08:00:00+00:00,8.847,8.852,8.792,8.806,55829.66
2026-05-28 09:00:00+00:00,8.807,8.879,8.803,8.871,40142.48
2026-05-28 10:00:00+00:00,8.871,8.885,8.797,8.807,85061.7
2026-05-28 11:00:00+00:00,8.807,8.83,8.795,8.819,46874.78
2026-05-28 12:00:00+00:00,8.818,8.861,8.771,8.852,73634.85
2026-05-28 13:00:00+00:00,8.853,8.878,8.803,8.832,81142.33
2026-05-28 14:00:00+00:00,8.832,8.925,8.746,8.869,153416.87
2026-05-28 15:00:00+00:00,8.869,8.884,8.782,8.852,85938.61
2026-05-28 16:00:00+00:00,8.851,8.982,8.815,8.962,129053.23
2026-05-28 17:00:00+00:00,8.963,9.016,8.93,8.991,96410.17
2026-05-28 18:00:00+00:00,8.99,9.074,8.983,8.988,100304.05
2026-05-28 19:00:00+00:00,8.988,8.996,8.912,8.916,84284.11
2026-05-28 20:00:00+00:00,8.916,8.969,8.888,8.938,46125.13
2026-05-28 21:00:00+00:00,8.939,8.994,8.931,8.973,32768.27
2026-05-28 22:00:00+00:00,8.972,8.992,8.901,8.909,45162.25
2026-05-28 23:00:00+00:00,8.909,8.943,8.907,8.928,18589.76
2026-05-29 00:00:00+00:00,8.928,8.962,8.928,8.946,38754.83
2026-05-29 01:00:00+00:00,8.947,8.974,8.928,8.942,35213.36
2026-05-29 02:00:00+00:00,8.943,8.952,8.869,8.872,29559.35
2026-05-29 03:00:00+00:00,8.873,8.94,8.873,8.882,27463.97
2026-05-29 04:00:00+00:00,8.882,8.903,8.834,8.903,20892.65
2026-05-29 05:00:00+00:00,8.904,8.936,8.899,8.929,35049.07
2026-05-29 06:00:00+00:00,8.929,8.982,8.923,8.954,60644.84
2026-05-29 07:00:00+00:00,8.953,8.972,8.889,8.926,31174.16
2026-05-29 08:00:00+00:00,8.926,8.963,8.922,8.932,28584.81
2026-05-29 09:00:00+00:00,8.933,8.977,8.931,8.965,26233.97
2026-05-29 10:00:00+00:00,8.964,8.964,8.906,8.914,36531.94
2026-05-29 11:00:00+00:00,8.913,8.923,8.836,8.874,50967.64
2026-05-29 12:00:00+00:00,8.873,8.876,8.807,8.833,61740.91
2026-05-29 13:00:00+00:00,8.832,8.85,8.787,8.819,64648.49
2026-05-29 14:00:00+00:00,8.82,8.84,8.656,8.715,251560.7
2026-05-29 15:00:00+00:00,8.716,9.003,8.712,8.925,232134.44
2026-05-29 16:00:00+00:00,8.925,8.975,8.856,8.954,130175.39
2026-05-29 17:00:00+00:00,8.954,8.988,8.916,8.927,95109.81
2026-05-29 18:00:00+00:00,8.927,8.952,8.8,8.844,81169.85
2026-05-29 19:00:00+00:00,8.844,8.874,8.774,8.837,33524.52
2026-05-29 20:00:00+00:00,8.837,8.879,8.798,8.815,40406.9
2026-05-29 21:00:00+00:00,8.815,8.854,8.791,8.791,35273.3
2026-05-29 22:00:00+00:00,8.791,8.833,8.787,8.815,18515.43
2026-05-29 23:00:00+00:00,8.815,8.838,8.789,8.827,37919.85
2026-05-30 00:00:00+00:00,8.827,8.88,8.812,8.872,51218.35
2026-05-30 01:00:00+00:00,8.873,8.97,8.866,8.948,97693.5
2026-05-30 02:00:00+00:00,8.948,9.019,8.948,9.016,77502.64
2026-05-30 03:00:00+00:00,9.016,9.049,8.963,8.973,60820.68
2026-05-30 04:00:00+00:00,8.973,8.996,8.821,8.901,142249.11
2026-05-30 05:00:00+00:00,8.9,8.949,8.886,8.94,40497.16
2026-05-30 06:00:00+00:00,8.94,8.955,8.913,8.92,22017.08
2026-05-30 07:00:00+00:00,8.92,8.929,8.897,8.916,12517.87
2026-05-30 08:00:00+00:00,8.916,8.924,8.894,8.897,14970.64
2026-05-30 09:00:00+00:00,8.897,8.942,8.885,8.93,47601.34
2026-05-30 10:00:00+00:00,8.93,8.942,8.916,8.917,25388.11
2026-05-30 11:00:00+00:00,8.916,8.935,8.895,8.921,22947.98
2026-05-30 12:00:00+00:00,8.921,8.935,8.908,8.932,16269.15
2026-05-30 13:00:00+00:00,8.931,8.96,8.912,8.952,34395.48
2026-05-30 14:00:00+00:00,8.953,8.981,8.938,8.968,37050.48
2026-05-30 15:00:00+00:00,8.968,8.994,8.948,8.965,29534.1
2026-05-30 16:00:00+00:00,8.964,8.99,8.952,8.985,29830.33
2026-05-30 17:00:00+00:00,8.984,8.993,8.942,8.99,23180.68
2026-05-30 18:00:00+00:00,8.989,9.009,8.969,8.994,27214.61
2026-05-30 19:00:00+00:00,8.995,8.997,8.966,8.991,16726.93
2026-05-30 20:00:00+00:00,8.991,9.007,8.977,8.999,20030.15
2026-05-30 21:00:00+00:00,8.999,9.016,8.998,8.999,30246.44
2026-05-30 22:00:00+00:00,8.999,8.999,8.919,8.94,30605.48
2026-05-30 23:00:00+00:00,8.94,8.957,8.916,8.946,21141.59
2026-05-31 00:00:00+00:00,8.947,8.983,8.933,8.975,31125.71
2026-05-31 01:00:00+00:00,8.974,9.004,8.971,8.987,27932.25
2026-05-31 02:00:00+00:00,8.987,9.04,8.975,9.016,36799.32
2026-05-31 03:00:00+00:00,9.016,9.025,9.002,9.011,18640.33
2026-05-31 04:00:00+00:00,9.012,9.041,8.997,9.035,30396.88
2026-05-31 05:00:00+00:00,9.034,9.084,9.022,9.045,71521.26
2026-05-31 06:00:00+00:00,9.045,9.056,9.027,9.027,37795.34
2026-05-31 07:00:00+00:00,9.027,9.027,8.973,8.991,30975.83
2026-05-31 08:00:00+00:00,8.99,9.019,8.977,9.001,17938.25
2026-05-31 09:00:00+00:00,9.001,9.038,8.977,8.988,26961.63
2026-05-31 10:00:00+00:00,8.987,8.995,8.957,8.99,25911.58
2026-05-31 11:00:00+00:00,8.99,9.026,8.99,9.016,19052.99
2026-05-31 12:00:00+00:00,9.016,9.05,8.998,9.03,48656.66
2026-05-31 13:00:00+00:00,9.031,9.05,9.0,9.01,41179.3
2026-05-31 14:00:00+00:00,9.009,9.01,8.85,8.877,192711.59
2026-05-31 15:00:00+00:00,8.878,8.934,8.873,8.884,36083.75
2026-05-31 16:00:00+00:00,8.884,8.898,8.813,8.83,63267.88
2026-05-31 17:00:00+00:00,8.829,8.872,8.814,8.868,37097.57
2026-05-31 18:00:00+00:00,8.868,8.868,8.836,8.858,30400.24
2026-05-31 19:00:00+00:00,8.858,8.868,8.8,8.839,57029.24
2026-05-31 20:00:00+00:00,8.839,8.895,8.839,8.894,30330.99
2026-05-31 21:00:00+00:00,8.894,8.952,8.88,8.94,44878.3
2026-05-31 22:00:00+00:00,8.94,8.985,8.91,8.982,43519.94
2026-05-31 23:00:00+00:00,8.982,9.029,8.912,8.983,59889.69
2026-06-01 00:00:00+00:00,8.983,9.074,8.976,9.039,120334.8
2026-06-01 01:00:00+00:00,9.038,9.043,8.891,8.891,60648.47
2026-06-01 02:00:00+00:00,8.89,9.045,8.868,9.03,63628.77
2026-06-01 03:00:00+00:00,9.029,9.073,9.005,9.02,56866.59
2026-06-01 04:00:00+00:00,9.02,9.044,8.898,8.95,49658.84
2026-06-01 05:00:00+00:00,8.949,8.954,8.874,8.89,34990.8
2026-06-01 06:00:00+00:00,8.89,8.903,8.815,8.846,52786.56
2026-06-01 07:00:00+00:00,8.846,8.868,8.78,8.792,68167.05
2026-06-01 08:00:00+00:00,8.793,8.844,8.761,8.838,72930.06
2026-06-01 09:00:00+00:00,8.839,8.893,8.838,8.864,118098.19
2026-06-01 10:00:00+00:00,8.865,8.875,8.834,8.863,36629.8
2026-06-01 11:00:00+00:00,8.864,8.882,8.805,8.832,38046.43
2026-06-01 12:00:00+00:00,8.833,8.878,8.768,8.834,82267.82
2026-06-01 13:00:00+00:00,8.834,8.846,8.722,8.783,182729.71
2026-06-01 14:00:00+00:00,8.784,8.811,8.711,8.752,139200.38
2026-06-01 15:00:00+00:00,8.753,8.778,8.677,8.732,87198.46
2026-06-01 16:00:00+00:00,8.731,8.885,8.686,8.876,135638.58
2026-06-01 17:00:00+00:00,8.876,8.954,8.856,8.924,117404.19
2026-06-01 18:00:00+00:00,8.923,8.947,8.889,8.895,62882.35
2026-06-01 19:00:00+00:00,8.895,8.969,8.876,8.959,54305.85
2026-06-01 20:00:00+00:00,8.959,8.986,8.911,8.938,66558.91
2026-06-01 21:00:00+00:00,8.939,8.943,8.862,8.881,53241.38
2026-06-01 22:00:00+00:00,8.881,8.932,8.83,8.929,81665.12
2026-06-01 23:00:00+00:00,8.929,8.96,8.897,8.936,57165.93
2026-06-02 00:00:00+00:00,8.936,8.944,8.869,8.883,23707.96
2026-06-02 01:00:00+00:00,8.884,8.897,8.772,8.777,57669.81
2026-06-02 02:00:00+00:00,8.776,8.86,8.675,8.86,103917.78
2026-06-02 03:00:00+00:00,8.86,8.895,8.829,8.884,40078.31
2026-06-02 04:00:00+00:00,8.884,8.895,8.803,8.811,51721.49
2026-06-02 05:00:00+00:00,8.81,8.837,8.736,8.74,88136.34
2026-06-02 06:00:00+00:00,8.739,8.761,8.663,8.715,123509.01
2026-06-02 07:00:00+00:00,8.716,8.753,8.67,8.717,146074.64
2026-06-02 08:00:00+00:00,8.718,8.741,8.696,8.708,37561.09
2026-06-02 09:00:00+00:00,8.709,8.718,8.66,8.685,77493.75
2026-06-02 10:00:00+00:00,8.685,8.744,8.661,8.741,37143.58
2026-06-02 11:00:00+00:00,8.74,8.74,8.672,8.683,35415.42
2026-06-02 12:00:00+00:00,8.683,8.722,8.659,8.699,81119.52
2026-06-02 13:00:00+00:00,8.7,8.72,8.678,8.694,61635.79
2026-06-02 14:00:00+00:00,8.694,8.697,8.4,8.46,333420.28
2026-06-02 15:00:00+00:00,8.461,8.479,8.273,8.366,286018.64
2026-06-02 16:00:00+00:00,8.366,8.509,8.328,8.411,127128.04
2026-06-02 17:00:00+00:00,8.412,8.494,8.41,8.452,61504.73
2026-06-02 18:00:00+00:00,8.452,8.48,8.316,8.35,73945.35
2026-06-02 19:00:00+00:00,8.35,8.374,8.176,8.332,192855.15
2026-06-02 20:00:00+00:00,8.333,8.388,8.267,8.335,97573.47
2026-06-02 21:00:00+00:00,8.336,8.391,8.297,8.331,73052.8
2026-06-02 22:00:00+00:00,8.331,8.331,8.093,8.127,289177.02
2026-06-02 23:00:00+00:00,8.128,8.185,8.029,8.18,214851.49
2026-06-03 00:00:00+00:00,8.181,8.249,8.158,8.216,94438.15
2026-06-03 01:00:00+00:00,8.217,8.266,8.191,8.242,55958.35
2026-06-03 02:00:00+00:00,8.242,8.242,8.157,8.184,65540.8
2026-06-03 03:00:00+00:00,8.184,8.206,7.993,8.052,142668.62
2026-06-03 04:00:00+00:00,8.051,8.187,8.051,8.17,76277.49
2026-06-03 05:00:00+00:00,8.171,8.316,8.171,8.287,325431.19
2026-06-03 06:00:00+00:00,8.286,8.327,8.263,8.27,249804.42
2026-06-03 07:00:00+00:00,8.27,8.345,8.258,8.321,108905.06
2026-06-03 08:00:00+00:00,8.32,8.338,8.288,8.31,87010.15
2026-06-03 09:00:00+00:00,8.309,8.327,8.244,8.281,123902.98
2026-06-03 10:00:00+00:00,8.282,8.361,8.277,8.355,99766.44
2026-06-03 11:00:00+00:00,8.355,8.372,8.277,8.302,110458.54
2026-06-03 12:00:00+00:00,8.302,8.309,8.24,8.306,106075.02
2026-06-03 13:00:00+00:00,8.307,8.346,8.256,8.313,147898.07
2026-06-03 14:00:00+00:00,8.313,8.32,8.226,8.275,140199.86
2026-06-03 15:00:00+00:00,8.276,8.285,8.179,8.191,144322.69
2026-06-03 16:00:00+00:00,8.192,8.198,8.029,8.123,226529.48
2026-06-03 17:00:00+00:00,8.124,8.192,8.069,8.14,117197.91
2026-06-03 18:00:00+00:00,8.141,8.189,8.077,8.185,146714.29
2026-06-03 19:00:00+00:00,8.185,8.194,8.03,8.044,228249.39
2026-06-03 20:00:00+00:00,8.043,8.096,7.909,7.958,296470.15
2026-06-03 21:00:00+00:00,7.957,8.179,7.928,8.173,159174.9
2026-06-03 22:00:00+00:00,8.173,8.191,8.079,8.107,161775.33
2026-06-03 23:00:00+00:00,8.107,8.115,8.037,8.049,130879.47
2026-06-04 00:00:00+00:00,8.048,8.117,7.93,7.989,248202.46
2026-06-04 01:00:00+00:00,7.989,8.024,7.744,7.765,477339.26
2026-06-04 02:00:00+00:00,7.766,7.889,7.519,7.841,762254.92
2026-06-04 03:00:00+00:00,7.842,8.064,7.841,8.035,222606.64
2026-06-04 04:00:00+00:00,8.036,8.077,7.974,7.987,80274.4
2026-06-04 05:00:00+00:00,7.986,7.986,7.859,7.898,148336.21
2026-06-04 06:00:00+00:00,7.897,8.001,7.884,7.929,106186.9
2026-06-04 07:00:00+00:00,7.93,7.939,7.819,7.824,144788.92
2026-06-04 08:00:00+00:00,7.825,7.85,7.74,7.801,154729.84
2026-06-04 09:00:00+00:00,7.801,7.804,7.601,7.719,252015.1
2026-06-04 10:00:00+00:00,7.719,7.721,7.544,7.575,449676.83
2026-06-04 11:00:00+00:00,7.575,7.68,7.543,7.663,242934.8
2026-06-04 12:00:00+00:00,7.663,7.826,7.616,7.804,188175.03
2026-06-04 13:00:00+00:00,7.804,7.828,7.679,7.788,201620.69
2026-06-04 14:00:00+00:00,7.789,7.808,7.727,7.771,182026.92
2026-06-04 15:00:00+00:00,7.77,7.858,7.75,7.762,119462.67
2026-06-04 16:00:00+00:00,7.764,7.798,7.707,7.759,90756.91
2026-06-04 17:00:00+00:00,7.758,7.796,7.672,7.753,121533.68
2026-06-04 18:00:00+00:00,7.754,7.842,7.69,7.81,89317.61
2026-06-04 19:00:00+00:00,7.809,7.847,7.764,7.78,80536.85
2026-06-04 20:00:00+00:00,7.779,7.781,7.704,7.74,69656.22
2026-06-04 21:00:00+00:00,7.739,7.764,7.567,7.596,150746.53
2026-06-04 22:00:00+00:00,7.596,7.679,7.575,7.672,145021.6
2026-06-04 23:00:00+00:00,7.671,7.712,7.616,7.707,110480.73
2026-06-05 00:00:00+00:00,7.706,7.724,7.632,7.637,109795.31
2026-06-05 01:00:00+00:00,7.637,7.682,7.564,7.647,160760.84
2026-06-05 02:00:00+00:00,7.647,7.651,7.418,7.434,270780.08
2026-06-05 03:00:00+00:00,7.435,7.502,7.313,7.317,251034.86
2026-06-05 04:00:00+00:00,7.318,7.487,7.293,7.482,243458.64
2026-06-05 05:00:00+00:00,7.482,7.509,7.252,7.263,289338.62
2026-06-05 06:00:00+00:00,7.263,7.283,7.005,7.181,564050.36
2026-06-05 07:00:00+00:00,7.18,7.319,7.056,7.305,336924.76
2026-06-05 08:00:00+00:00,7.306,7.307,7.124,7.158,167366.1
2026-06-05 09:00:00+00:00,7.159,7.283,7.158,7.254,170382.68
2026-06-05 10:00:00+00:00,7.255,7.269,7.137,7.158,119340.71
2026-06-05 11:00:00+00:00,7.157,7.159,7.063,7.077,191841.67
2026-06-05 12:00:00+00:00,7.076,7.13,7.016,7.086,215580.37
2026-06-05 13:00:00+00:00,7.087,7.223,6.968,6.974,293350.59
2026-06-05 14:00:00+00:00,6.974,7.127,6.891,7.077,379388.27
2026-06-05 15:00:00+00:00,7.077,7.092,6.851,6.904,405380.17
2026-06-05 16:00:00+00:00,6.903,7.081,6.79,7.062,561141.51
2026-06-05 17:00:00+00:00,7.062,7.109,6.982,7.021,162701.16
2026-06-05 18:00:00+00:00,7.022,7.066,6.808,6.826,210220.45
2026-06-05 19:00:00+00:00,6.825,6.83,6.584,6.7,562936.33
2026-06-05 20:00:00+00:00,6.697,6.98,6.613,6.908,422566.44
2026-06-05 21:00:00+00:00,6.907,7.01,6.889,6.957,111989.02
2026-06-05 22:00:00+00:00,6.956,6.959,6.769,6.807,185751.57
2026-06-05 23:00:00+00:00,6.808,6.854,6.634,6.729,187261.47
2026-06-06 00:00:00+00:00,6.73,6.909,6.728,6.899,111562.23
2026-06-06 01:00:00+00:00,6.9,6.933,6.726,6.744,91297.44
2026-06-06 02:00:00+00:00,6.743,6.75,6.653,6.658,89497.82
2026-06-06 03:00:00+00:00,6.657,6.657,6.515,6.526,161056.96
2026-06-06 04:00:00+00:00,6.526,6.552,6.224,6.307,503012.24
2026-06-06 05:00:00+00:00,6.306,6.584,6.256,6.582,222975.54
2026-06-06 06:00:00+00:00,6.583,6.689,6.543,6.546,103430.59
2026-06-06 07:00:00+00:00,6.547,6.716,6.523,6.676,139666.62
2026-06-06 08:00:00+00:00,6.677,6.759,6.634,6.746,135277.74
2026-06-06 09:00:00+00:00,6.746,6.838,6.701,6.713,146382.31
2026-06-06 10:00:00+00:00,6.714,6.714,6.571,6.62,183150.3
2026-06-06 11:00:00+00:00,6.619,6.705,6.607,6.683,85110.6
2026-06-06 12:00:00+00:00,6.683,6.804,6.655,6.786,117183.98
2026-06-06 13:00:00+00:00,6.785,6.82,6.743,6.762,90270.52
2026-06-06 14:00:00+00:00,6.763,6.828,6.749,6.754,115333.04
2026-06-06 15:00:00+00:00,6.755,6.77,6.602,6.693,163203.85
2026-06-06 16:00:00+00:00,6.692,6.715,6.629,6.697,113199.99
2026-06-06 17:00:00+00:00,6.698,6.706,6.596,6.613,114553.95
2026-06-06 18:00:00+00:00,6.612,6.666,6.597,6.64,63936.75
2026-06-06 19:00:00+00:00,6.64,6.672,6.608,6.608,53938.8
2026-06-06 20:00:00+00:00,6.608,6.63,6.567,6.623,91407.73
2026-06-06 21:00:00+00:00,6.624,6.672,6.624,6.629,71260.4
2026-06-06 22:00:00+00:00,6.628,6.657,6.586,6.634,74289.98
2026-06-06 23:00:00+00:00,6.634,6.689,6.631,6.664,45871.35
2026-06-07 00:00:00+00:00,6.665,6.702,6.652,6.663,47950.5
2026-06-07 01:00:00+00:00,6.661,6.841,6.653,6.782,197150.99
2026-06-07 02:00:00+00:00,6.783,6.796,6.717,6.775,69290.84
2026-06-07 03:00:00+00:00,6.775,6.801,6.725,6.757,60390.39
2026-06-07 04:00:00+00:00,6.756,6.787,6.69,6.78,71076.31
2026-06-07 05:00:00+00:00,6.779,6.82,6.751,6.772,84530.42
2026-06-07 06:00:00+00:00,6.771,6.835,6.728,6.792,135859.97
2026-06-07 07:00:00+00:00,6.791,6.833,6.758,6.825,125190.99
2026-06-07 08:00:00+00:00,6.825,6.886,6.779,6.874,171170.67
2026-06-07 09:00:00+00:00,6.874,6.88,6.77,6.771,126718.72
2026-06-07 10:00:00+00:00,6.772,6.781,6.696,6.714,111646.48
2026-06-07 11:00:00+00:00,6.714,6.755,6.695,6.729,119807.2
2026-06-07 12:00:00+00:00,6.73,6.735,6.593,6.651,217926.14
2026-06-07 13:00:00+00:00,6.651,6.676,6.627,6.66,80064.23
2026-06-07 14:00:00+00:00,6.66,6.777,6.646,6.725,156410.76
2026-06-07 15:00:00+00:00,6.725,6.725,6.669,6.71,109293.05
2026-06-07 16:00:00+00:00,6.71,6.723,6.669,6.698,71069.34
2026-06-07 17:00:00+00:00,6.698,6.743,6.664,6.688,121084.68
2026-06-07 18:00:00+00:00,6.688,6.724,6.667,6.671,44214.69
2026-06-07 19:00:00+00:00,6.672,6.672,6.508,6.541,228505.09
2026-06-07 20:00:00+00:00,6.54,6.62,6.519,6.61,98078.27
2026-06-07 21:00:00+00:00,6.609,6.628,6.561,6.595,52367.45
2026-06-07 22:00:00+00:00,6.596,6.964,6.59,6.75,364831.03
2026-06-07 23:00:00+00:00,6.749,6.839,6.736,6.819,132362.38
2026-06-08 00:00:00+00:00,6.818,6.864,6.765,6.822,119813.58
2026-06-08 01:00:00+00:00,6.823,6.825,6.636,6.712,168498.91
2026-06-08 02:00:00+00:00,6.713,6.731,6.669,6.7,92072.01
2026-06-08 03:00:00+00:00,6.7,6.736,6.637,6.668,94419.52
2026-06-08 04:00:00+00:00,6.669,6.678,6.585,6.589,80156.94
2026-06-08 05:00:00+00:00,6.589,6.615,6.538,6.596,136635.84
2026-06-08 06:00:00+00:00,6.596,6.667,6.594,6.648,97705.21
2026-06-08 07:00:00+00:00,6.648,6.705,6.607,6.703,83448.28
2026-06-08 08:00:00+00:00,6.703,6.705,6.629,6.663,139025.63
2026-06-08 09:00:00+00:00,6.662,6.715,6.621,6.709,108183.8
2026-06-08 10:00:00+00:00,6.708,6.745,6.664,6.702,81631.33
2026-06-08 11:00:00+00:00,6.702,6.824,6.688,6.785,145472.18
2026-06-08 12:00:00+00:00,6.785,6.822,6.708,6.812,198782.54
2026-06-08 13:00:00+00:00,6.813,6.827,6.702,6.732,147764.83
2026-06-08 14:00:00+00:00,6.733,6.823,6.701,6.817,152333.03
2026-06-08 15:00:00+00:00,6.818,6.88,6.797,6.809,144170.9
2026-06-08 16:00:00+00:00,6.81,6.856,6.787,6.804,133761.21
2026-06-08 17:00:00+00:00,6.804,6.835,6.771,6.832,98886.01
2026-06-08 18:00:00+00:00,6.831,6.864,6.79,6.821,72798.09
2026-06-08 19:00:00+00:00,6.821,6.847,6.804,6.822,61891.13
2026-06-08 20:00:00+00:00,6.823,6.825,6.752,6.798,121467.09
2026-06-08 21:00:00+00:00,6.799,6.882,6.796,6.818,121781.51
2026-06-08 22:00:00+00:00,6.817,6.817,6.773,6.802,77402.47
2026-06-08 23:00:00+00:00,6.802,6.823,6.745,6.766,49038.05
2026-06-09 00:00:00+00:00,6.767,6.777,6.593,6.616,300936.17
2026-06-09 01:00:00+00:00,6.615,6.664,6.598,6.657,83235.0
2026-06-09 02:00:00+00:00,6.657,6.678,6.601,6.66,49061.15
2026-06-09 03:00:00+00:00,6.661,6.685,6.623,6.67,122103.48
2026-06-09 04:00:00+00:00,6.67,6.778,6.645,6.744,174101.84
2026-06-09 05:00:00+00:00,6.744,6.793,6.739,6.779,54595.76
2026-06-09 06:00:00+00:00,6.78,6.788,6.753,6.755,43646.21
2026-06-09 07:00:00+00:00,6.756,6.787,6.729,6.748,69065.09
2026-06-09 08:00:00+00:00,6.749,6.751,6.701,6.719,62337.27
2026-06-09 09:00:00+00:00,6.718,6.728,6.663,6.677,57822.41
2026-06-09 10:00:00+00:00,6.678,6.703,6.66,6.696,67155.0
2026-06-09 11:00:00+00:00,6.695,6.718,6.667,6.711,42130.95
2026-06-09 12:00:00+00:00,6.71,6.743,6.701,6.735,54440.06
2026-06-09 13:00:00+00:00,6.735,6.748,6.672,6.69,96428.62
2026-06-09 14:00:00+00:00,6.69,6.705,6.531,6.61,214710.31
2026-06-09 15:00:00+00:00,6.609,6.643,6.518,6.526,109853.41
2026-06-09 16:00:00+00:00,6.526,6.554,6.445,6.521,166387.91
2026-06-09 17:00:00+00:00,6.521,6.641,6.517,6.608,125780.53
2026-06-09 18:00:00+00:00,6.608,6.675,6.59,6.65,82051.33
2026-06-09 19:00:00+00:00,6.65,6.68,6.631,6.658,86892.51
2026-06-09 20:00:00+00:00,6.659,6.7,6.656,6.68,74299.85
2026-06-09 21:00:00+00:00,6.68,6.69,6.614,6.625,76108.07
2026-06-09 22:00:00+00:00,6.625,6.657,6.611,6.619,67747.5
2026-06-09 23:00:00+00:00,6.619,6.652,6.611,6.639,47772.63
2026-06-10 00:00:00+00:00,6.639,6.676,6.601,6.668,62518.55
2026-06-10 01:00:00+00:00,6.668,6.68,6.619,6.635,53025.1
2026-06-10 02:00:00+00:00,6.636,6.65,6.556,6.566,48885.41
2026-06-10 03:00:00+00:00,6.567,6.611,6.557,6.583,27792.2
2026-06-10 04:00:00+00:00,6.583,6.593,6.532,6.547,43761.7
2026-06-10 05:00:00+00:00,6.548,6.564,6.489,6.515,80129.14
2026-06-10 06:00:00+00:00,6.515,6.551,6.497,6.528,62931.95
2026-06-10 07:00:00+00:00,6.527,6.585,6.526,6.563,64035.91
2026-06-10 08:00:00+00:00,6.564,6.564,6.442,6.473,179565.73
2026-06-10 09:00:00+00:00,6.474,6.509,6.432,6.494,102565.66
2026-06-10 10:00:00+00:00,6.495,6.504,6.44,6.499,56320.67
2026-06-10 11:00:00+00:00,6.5,6.509,6.419,6.462,154844.96
2026-06-10 12:00:00+00:00,6.462,6.601,6.439,6.543,193617.38
2026-06-10 13:00:00+00:00,6.543,6.664,6.529,6.599,173107.86
2026-06-10 14:00:00+00:00,6.6,6.61,6.51,6.554,130758.57
2026-06-10 15:00:00+00:00,6.555,6.617,6.502,6.58,224293.77
2026-06-10 16:00:00+00:00,6.58,6.583,6.461,6.506,199296.04
2026-06-10 17:00:00+00:00,6.506,6.535,6.429,6.49,193945.55
2026-06-10 18:00:00+00:00,6.49,6.535,6.479,6.535,115144.24
2026-06-10 19:00:00+00:00,6.534,6.536,6.442,6.461,167752.65
2026-06-10 20:00:00+00:00,6.462,6.484,6.423,6.443,113834.68
2026-06-10 21:00:00+00:00,6.442,6.443,6.301,6.338,192314.97
2026-06-10 22:00:00+00:00,6.339,6.392,6.312,6.333,164463.67
2026-06-10 23:00:00+00:00,6.333,6.407,6.306,6.383,103340.04
2026-06-11 00:00:00+00:00,6.382,6.451,6.381,6.435,82787.95
2026-06-11 01:00:00+00:00,6.434,6.52,6.433,6.501,79900.26
2026-06-11 02:00:00+00:00,6.501,6.508,6.444,6.482,62544.14
2026-06-11 03:00:00+00:00,6.482,6.64,6.458,6.597,150001.1
2026-06-11 04:00:00+00:00,6.597,6.63,6.57,6.607,154168.34
2026-06-11 05:00:00+00:00,6.606,6.606,6.566,6.567,65938.12
2026-06-11 06:00:00+00:00,6.567,6.609,6.549,6.578,89231.79
2026-06-11 07:00:00+00:00,6.577,6.61,6.573,6.593,59800.94
2026-06-11 08:00:00+00:00,6.593,6.642,6.586,6.614,96288.4
2026-06-11 09:00:00+00:00,6.613,6.613,6.54,6.579,147239.3
2026-06-11 10:00:00+00:00,6.578,6.588,6.552,6.577,60350.81
2026-06-11 11:00:00+00:00,6.576,6.622,6.554,6.598,65287.6
2026-06-11 12:00:00+00:00,6.599,6.6,6.501,6.558,164398.22
2026-06-11 13:00:00+00:00,6.557,6.611,6.537,6.585,106597.75
2026-06-11 14:00:00+00:00,6.585,6.597,6.523,6.544,137067.73
2026-06-11 15:00:00+00:00,6.544,6.573,6.51,6.544,79253.06
2026-06-11 16:00:00+00:00,6.545,6.561,6.511,6.517,67850.81
2026-06-11 17:00:00+00:00,6.516,6.689,6.476,6.672,261596.83
2026-06-11 18:00:00+00:00,6.673,6.692,6.628,6.651,116662.07
2026-06-11 19:00:00+00:00,6.65,6.707,6.634,6.667,123546.9
2026-06-11 20:00:00+00:00,6.668,6.678,6.607,6.634,88511.91
2026-06-11 21:00:00+00:00,6.634,6.672,6.633,6.651,54805.15
2026-06-11 22:00:00+00:00,6.651,6.677,6.634,6.646,42509.64
2026-06-11 23:00:00+00:00,6.646,6.672,6.626,6.648,43058.71
2026-06-12 00:00:00+00:00,6.648,6.667,6.637,6.64,41041.75
2026-06-12 01:00:00+00:00,6.639,6.641,6.601,6.629,40822.96
2026-06-12 02:00:00+00:00,6.63,6.677,6.63,6.661,34208.09
2026-06-12 03:00:00+00:00,6.661,6.665,6.637,6.659,21102.39
2026-06-12 04:00:00+00:00,6.659,6.69,6.641,6.664,46846.71
2026-06-12 05:00:00+00:00,6.665,6.665,6.612,6.619,39994.81
2026-06-12 06:00:00+00:00,6.617,6.625,6.527,6.546,97717.74
2026-06-12 07:00:00+00:00,6.546,6.584,6.546,6.571,45494.9
2026-06-12 08:00:00+00:00,6.572,6.637,6.568,6.624,41068.32
2026-06-12 09:00:00+00:00,6.623,6.668,6.615,6.647,51664.71
2026-06-12 10:00:00+00:00,6.647,6.662,6.614,6.637,37015.21
2026-06-12 11:00:00+00:00,6.637,6.659,6.629,6.638,39422.39
2026-06-12 12:00:00+00:00,6.637,6.65,6.607,6.617,39839.34
2026-06-12 13:00:00+00:00,6.617,6.62,6.52,6.542,114605.74
2026-06-12 14:00:00+00:00,6.542,6.673,6.537,6.667,143074.7
2026-06-12 15:00:00+00:00,6.668,6.7,6.546,6.554,175671.74
2026-06-12 16:00:00+00:00,6.552,6.623,6.523,6.622,98107.99
2026-06-12 17:00:00+00:00,6.623,6.654,6.59,6.596,54232.92
2026-06-12 18:00:00+00:00,6.596,6.617,6.559,6.586,57299.59
2026-06-12 19:00:00+00:00,6.587,6.628,6.581,6.586,37579.93
2026-06-12 20:00:00+00:00,6.587,6.606,6.571,6.581,38343.03
2026-06-12 21:00:00+00:00,6.582,6.603,6.554,6.565,32954.78
2026-06-12 22:00:00+00:00,6.565,6.588,6.55,6.571,47238.5
2026-06-12 23:00:00+00:00,6.571,6.575,6.54,6.571,28369.68
2026-06-13 00:00:00+00:00,6.57,6.595,6.557,6.586,19284.42
2026-06-13 01:00:00+00:00,6.586,6.635,6.581,6.62,38304.53
2026-06-13 02:00:00+00:00,6.62,6.625,6.591,6.605,21940.5
2026-06-13 03:00:00+00:00,6.605,6.616,6.573,6.597,22581.93
2026-06-13 04:00:00+00:00,6.598,6.622,6.573,6.588,20486.59
2026-06-13 05:00:00+00:00,6.589,6.62,6.569,6.592,20123.77
2026-06-13 06:00:00+00:00,6.593,6.643,6.573,6.635,49630.86
2026-06-13 07:00:00+00:00,6.634,6.686,6.618,6.666,78416.17
2026-06-13 08:00:00+00:00,6.667,6.683,6.648,6.661,32594.17
2026-06-13 09:00:00+00:00,6.661,6.671,6.648,6.651,24869.7
2026-06-13 10:00:00+00:00,6.653,6.663,6.63,6.645,25180.82
2026-06-13 11:00:00+00:00,6.645,6.678,6.643,6.674,36678.0
2026-06-13 12:00:00+00:00,6.674,6.695,6.663,6.68,25387.8
2026-06-13 13:00:00+00:00,6.68,6.685,6.66,6.676,38290.45
2026-06-13 14:00:00+00:00,6.676,6.694,6.669,6.691,46911.19
2026-06-13 15:00:00+00:00,6.692,6.76,6.685,6.754,142418.78
2026-06-13 16:00:00+00:00,6.754,6.769,6.679,6.717,104241.43
2026-06-13 17:00:00+00:00,6.716,6.728,6.683,6.697,42451.66
2026-06-13 18:00:00+00:00,6.696,6.722,6.691,6.708,26854.17
2026-06-13 19:00:00+00:00,6.707,6.734,6.69,6.715,41820.61
2026-06-13 20:00:00+00:00,6.715,6.724,6.699,6.72,13354.95
2026-06-13 21:00:00+00:00,6.72,6.776,6.702,6.749,38792.21
2026-06-13 22:00:00+00:00,6.751,6.753,6.719,6.72,24081.16
2026-06-13 23:00:00+00:00,6.719,6.735,6.705,6.719,14667.78
2026-06-14 00:00:00+00:00,6.718,6.718,6.694,6.702,27109.93
2026-06-14 01:00:00+00:00,6.703,6.735,6.69,6.708,20740.03
2026-06-14 02:00:00+00:00,6.708,6.731,6.703,6.712,16638.2
2026-06-14 03:00:00+00:00,6.712,6.727,6.7,6.722,41301.92
2026-06-14 04:00:00+00:00,6.723,6.724,6.663,6.676,24739.18
2026-06-14 05:00:00+00:00,6.676,6.687,6.651,6.678,34053.37
2026-06-14 06:00:00+00:00,6.679,6.698,6.656,6.659,19896.53
2026-06-14 07:00:00+00:00,6.659,6.663,6.642,6.658,23523.96
2026-06-14 08:00:00+00:00,6.657,6.669,6.647,6.652,14430.95
2026-06-14 09:00:00+00:00,6.652,6.678,6.624,6.675,30309.51
2026-06-14 10:00:00+00:00,6.674,6.683,6.644,6.645,40244.23
2026-06-14 11:00:00+00:00,6.645,6.658,6.636,6.646,25079.82
2026-06-14 12:00:00+00:00,6.646,6.652,6.601,6.609,34535.82
2026-06-14 13:00:00+00:00,6.609,6.615,6.561,6.581,68135.58
2026-06-14 14:00:00+00:00,6.582,6.582,6.495,6.53,128503.19
2026-06-14 15:00:00+00:00,6.53,6.541,6.515,6.531,68893.62
2026-06-14 16:00:00+00:00,6.53,6.552,6.512,6.526,55843.64
2026-06-14 17:00:00+00:00,6.525,6.53,6.463,6.473,97314.82
2026-06-14 18:00:00+00:00,6.473,6.474,6.376,6.402,233349.42
2026-06-14 19:00:00+00:00,6.402,6.472,6.397,6.434,115914.58
2026-06-14 20:00:00+00:00,6.434,6.486,6.413,6.462,90972.58
2026-06-14 21:00:00+00:00,6.462,6.771,6.456,6.714,264635.47
2026-06-14 22:00:00+00:00,6.715,6.765,6.69,6.725,211365.08
2026-06-14 23:00:00+00:00,6.725,6.791,6.699,6.79,154600.19
2026-06-15 00:00:00+00:00,6.789,6.805,6.73,6.753,112737.64
2026-06-15 01:00:00+00:00,6.754,6.755,6.7,6.718,62029.0
2026-06-15 02:00:00+00:00,6.719,6.775,6.71,6.734,84477.42
2026-06-15 03:00:00+00:00,6.734,6.777,6.725,6.764,56711.45
2026-06-15 04:00:00+00:00,6.764,6.78,6.742,6.747,48088.21
2026-06-15 05:00:00+00:00,6.746,6.802,6.735,6.787,59866.06
2026-06-15 06:00:00+00:00,6.787,6.804,6.762,6.772,60911.34
2026-06-15 07:00:00+00:00,6.773,6.806,6.753,6.758,76976.15
2026-06-15 08:00:00+00:00,6.758,6.796,6.751,6.774,55471.68
2026-06-15 09:00:00+00:00,6.774,6.79,6.74,6.762,87186.75
2026-06-15 10:00:00+00:00,6.762,6.858,6.757,6.839,150985.74
2026-06-15 11:00:00+00:00,6.839,6.953,6.812,6.909,218203.08
2026-06-15 12:00:00+00:00,6.909,6.952,6.877,6.929,142032.21
2026-06-15 13:00:00+00:00,6.929,7.01,6.92,6.975,291801.21
2026-06-15 14:00:00+00:00,6.976,6.978,6.914,6.948,102552.21
2026-06-15 15:00:00+00:00,6.947,7.035,6.913,7.035,262596.2
2026-06-15 16:00:00+00:00,7.036,7.079,7.012,7.035,201917.59
2026-06-15 17:00:00+00:00,7.034,7.052,6.979,7.018,119750.04
2026-06-15 18:00:00+00:00,7.017,7.032,6.973,6.978,86716.0
2026-06-15 19:00:00+00:00,6.978,7.004,6.883,6.897,147244.37
2026-06-15 20:00:00+00:00,6.897,6.926,6.873,6.882,90662.02
2026-06-15 21:00:00+00:00,6.883,6.902,6.858,6.876,76732.63
2026-06-15 22:00:00+00:00,6.876,6.898,6.81,6.83,79615.71
2026-06-15 23:00:00+00:00,6.83,6.849,6.803,6.84,138987.52
2026-06-16 00:00:00+00:00,6.839,6.872,6.827,6.835,79023.29
2026-06-16 01:00:00+00:00,6.836,6.874,6.831,6.836,31620.6
2026-06-16 02:00:00+00:00,6.835,6.841,6.746,6.771,95543.62
2026-06-16 03:00:00+00:00,6.771,6.835,6.76,6.835,51478.37
2026-06-16 04:00:00+00:00,6.834,6.842,6.76,6.769,43561.75
2026-06-16 05:00:00+00:00,6.77,6.816,6.77,6.806,32794.23
2026-06-16 06:00:00+00:00,6.807,6.867,6.807,6.86,38059.76
2026-06-16 07:00:00+00:00,6.861,6.928,6.854,6.924,70876.3
2026-06-16 08:00:00+00:00,6.923,7.05,6.915,7.032,127982.21
2026-06-16 09:00:00+00:00,7.032,7.038,6.948,6.959,81191.76
2026-06-16 10:00:00+00:00,6.959,6.988,6.943,6.955,68384.78
2026-06-16 11:00:00+00:00,6.955,6.975,6.922,6.951,53803.82
2026-06-16 12:00:00+00:00,6.951,7.001,6.927,6.968,106877.72
2026-06-16 13:00:00+00:00,6.968,6.975,6.836,6.837,164222.73
2026-06-16 14:00:00+00:00,6.838,6.869,6.714,6.762,258585.24
2026-06-16 15:00:00+00:00,6.761,6.817,6.752,6.79,87267.29
2026-06-16 16:00:00+00:00,6.79,6.804,6.767,6.782,51611.61
2026-06-16 17:00:00+00:00,6.783,6.857,6.782,6.853,66388.76
2026-06-16 18:00:00+00:00,6.854,6.91,6.848,6.879,118181.32
2026-06-16 19:00:00+00:00,6.879,6.898,6.825,6.864,104395.68
2026-06-16 20:00:00+00:00,6.864,6.951,6.847,6.932,126067.56
2026-06-16 21:00:00+00:00,6.932,6.946,6.889,6.918,80491.28
2026-06-16 22:00:00+00:00,6.918,6.924,6.883,6.906,51524.85
2026-06-16 23:00:00+00:00,6.907,6.915,6.871,6.88,46485.86
2026-06-17 00:00:00+00:00,6.881,6.923,6.881,6.897,50804.1
2026-06-17 01:00:00+00:00,6.898,6.971,6.871,6.966,76168.64
2026-06-17 02:00:00+00:00,6.965,7.022,6.946,6.984,126696.78
2026-06-17 03:00:00+00:00,6.983,6.983,6.932,6.954,73511.21
2026-06-17 04:00:00+00:00,6.955,6.987,6.938,6.953,63867.86
2026-06-17 05:00:00+00:00,6.954,6.975,6.907,6.941,73190.4
2026-06-17 06:00:00+00:00,6.941,6.965,6.884,6.904,130790.57
2026-06-17 07:00:00+00:00,6.905,6.955,6.87,6.899,94646.45
2026-06-17 08:00:00+00:00,6.9,6.903,6.793,6.811,125513.32
2026-06-17 09:00:00+00:00,6.81,6.85,6.81,6.838,63964.84
2026-06-17 10:00:00+00:00,6.839,6.847,6.81,6.814,42595.55
2026-06-17 11:00:00+00:00,6.814,6.823,6.774,6.806,69279.3
2026-06-17 12:00:00+00:00,6.806,6.851,6.768,6.849,149457.64
2026-06-17 13:00:00+00:00,6.849,6.872,6.815,6.832,80597.42
2026-06-17 14:00:00+00:00,6.831,6.873,6.79,6.837,92215.14
2026-06-17 15:00:00+00:00,6.837,6.971,6.827,6.968,181195.76
2026-06-17 16:00:00+00:00,6.968,7.018,6.91,6.91,169526.53
2026-06-17 17:00:00+00:00,6.911,6.97,6.884,6.965,115212.35
2026-06-17 18:00:00+00:00,6.964,6.964,6.775,6.897,358866.1
2026-06-17 19:00:00+00:00,6.897,6.915,6.703,6.737,353196.71
2026-06-17 20:00:00+00:00,6.736,6.796,6.718,6.791,113291.83
2026-06-17 21:00:00+00:00,6.791,6.796,6.718,6.741,65178.0
2026-06-17 22:00:00+00:00,6.741,6.768,6.653,6.738,128307.55
2026-06-17 23:00:00+00:00,6.739,6.778,6.739,6.766,47320.41
2026-06-18 00:00:00+00:00,6.766,6.795,6.759,6.762,53070.04
2026-06-18 01:00:00+00:00,6.762,6.804,6.761,6.772,31718.55
2026-06-18 02:00:00+00:00,6.773,6.798,6.752,6.789,27418.32
2026-06-18 03:00:00+00:00,6.788,6.788,6.703,6.712,72349.21
2026-06-18 04:00:00+00:00,6.713,6.714,6.623,6.639,165755.96
2026-06-18 05:00:00+00:00,6.638,6.64,6.575,6.62,160099.83
2026-06-18 06:00:00+00:00,6.62,6.65,6.596,6.646,76982.07
2026-06-18 07:00:00+00:00,6.646,6.684,6.62,6.676,85885.74
2026-06-18 08:00:00+00:00,6.677,6.698,6.652,6.67,87132.97
2026-06-18 09:00:00+00:00,6.67,6.683,6.643,6.674,84561.76
2026-06-18 10:00:00+00:00,6.674,6.675,6.626,6.651,68088.17
2026-06-18 11:00:00+00:00,6.651,6.662,6.607,6.62,74692.73
2026-06-18 12:00:00+00:00,6.621,6.669,6.609,6.666,69241.66
2026-06-18 13:00:00+00:00,6.666,6.68,6.559,6.619,142680.2
2026-06-18 14:00:00+00:00,6.619,6.673,6.568,6.593,110539.53
2026-06-18 15:00:00+00:00,6.593,6.594,6.214,6.245,1133098.59
2026-06-18 16:00:00+00:00,6.244,6.338,6.228,6.334,291261.57
2026-06-18 17:00:00+00:00,6.335,6.341,6.252,6.291,208008.02
2026-06-18 18:00:00+00:00,6.291,6.32,6.264,6.306,145195.56
2026-06-18 19:00:00+00:00,6.305,6.368,6.298,6.356,109511.22
2026-06-18 20:00:00+00:00,6.357,6.386,6.326,6.352,136152.94
2026-06-18 21:00:00+00:00,6.352,6.354,6.277,6.293,162134.51
2026-06-18 22:00:00+00:00,6.293,6.311,6.28,6.307,62932.18
2026-06-18 23:00:00+00:00,6.306,6.322,6.275,6.318,95945.55
2026-06-19 00:00:00+00:00,6.317,6.324,6.29,6.309,63117.87
2026-06-19 01:00:00+00:00,6.309,6.321,6.273,6.306,88524.16
2026-06-19 02:00:00+00:00,6.306,6.323,6.245,6.277,141109.2
2026-06-19 03:00:00+00:00,6.277,6.29,6.111,6.15,331837.29
2026-06-19 04:00:00+00:00,6.15,6.15,6.029,6.042,349418.07
2026-06-19 05:00:00+00:00,6.043,6.091,6.041,6.071,202538.9
2026-06-19 06:00:00+00:00,6.071,6.084,6.006,6.047,228643.88
2026-06-19 07:00:00+00:00,6.047,6.047,5.968,5.992,556773.84
2026-06-19 08:00:00+00:00,5.992,6.057,5.987,6.056,253908.64
2026-06-19 09:00:00+00:00,6.057,6.102,6.03,6.063,281649.31
2026-06-19 10:00:00+00:00,6.063,6.071,6.008,6.042,124917.56
2026-06-19 11:00:00+00:00,6.042,6.073,6.01,6.047,155658.53
2026-06-19 12:00:00+00:00,6.047,6.124,6.035,6.11,168234.71
2026-06-19 13:00:00+00:00,6.11,6.193,6.086,6.165,199489.05
2026-06-19 14:00:00+00:00,6.166,6.178,6.11,6.119,167440.36
2026-06-19 15:00:00+00:00,6.119,6.15,6.11,6.122,115670.11
2026-06-19 16:00:00+00:00,6.123,6.157,6.069,6.071,233763.79
2026-06-19 17:00:00+00:00,6.071,6.133,5.983,5.993,334729.77
2026-06-19 18:00:00+00:00,5.993,6.052,5.734,5.921,1815278.29
2026-06-19 19:00:00+00:00,5.92,5.92,5.681,5.879,1227911.6
2026-06-19 20:00:00+00:00,5.88,5.937,5.802,5.933,319795.95
2026-06-19 21:00:00+00:00,5.932,5.948,5.872,5.942,155530.64
2026-06-19 22:00:00+00:00,5.941,5.975,5.926,5.933,207280.96
2026-06-19 23:00:00+00:00,5.932,5.939,5.873,5.896,190533.81
2026-06-20 00:00:00+00:00,5.896,5.972,5.883,5.902,237239.79
2026-06-20 01:00:00+00:00,5.903,5.975,5.899,5.941,140701.52
2026-06-20 02:00:00+00:00,5.941,5.956,5.91,5.941,114847.99
2026-06-20 03:00:00+00:00,5.941,5.968,5.907,5.95,111018.19
2026-06-20 04:00:00+00:00,5.949,5.997,5.933,5.98,115062.8
2026-06-20 05:00:00+00:00,5.981,6.053,5.98,6.029,177406.7
2026-06-20 06:00:00+00:00,6.028,6.047,5.819,5.94,962010.27
2026-06-20 07:00:00+00:00,5.939,6.259,5.866,6.148,1638669.72
2026-06-20 08:00:00+00:00,6.149,6.177,6.098,6.163,193021.26
2026-06-20 09:00:00+00:00,6.163,6.211,6.163,6.188,135238.15
2026-06-20 10:00:00+00:00,6.188,6.216,6.167,6.214,151433.75
2026-06-20 11:00:00+00:00,6.214,6.221,6.141,6.162,117074.58
2026-06-20 12:00:00+00:00,6.163,6.188,6.141,6.168,126180.1
2026-06-20 13:00:00+00:00,6.167,6.174,6.027,6.122,962630.37
2026-06-20 14:00:00+00:00,6.121,6.161,6.047,6.107,394759.49
2026-06-20 15:00:00+00:00,6.107,6.162,6.09,6.15,168402.43
2026-06-20 16:00:00+00:00,6.151,6.152,6.099,6.142,54478.18
2026-06-20 17:00:00+00:00,6.142,6.145,6.068,6.109,75353.33
2026-06-20 18:00:00+00:00,6.109,6.127,6.085,6.09,100309.8
2026-06-20 19:00:00+00:00,6.089,6.121,6.069,6.116,96199.57
2026-06-20 20:00:00+00:00,6.117,6.148,6.106,6.14,111998.62
2026-06-20 21:00:00+00:00,6.139,6.204,6.136,6.182,216985.69
2026-06-20 22:00:00+00:00,6.182,6.256,6.166,6.242,271408.84
2026-06-20 23:00:00+00:00,6.241,6.263,6.228,6.239,111851.05
2026-06-21 00:00:00+00:00,6.24,6.292,6.233,6.266,216645.28
2026-06-21 01:00:00+00:00,6.266,6.273,6.228,6.248,116616.55
2026-06-21 02:00:00+00:00,6.248,6.248,6.216,6.237,47204.67
2026-06-21 03:00:00+00:00,6.236,6.272,6.225,6.263,65185.07
2026-06-21 04:00:00+00:00,6.263,6.286,6.23,6.237,60639.13
2026-06-21 05:00:00+00:00,6.237,6.26,6.204,6.22,61326.03
2026-06-21 06:00:00+00:00,6.22,6.25,6.211,6.241,47616.54
2026-06-21 07:00:00+00:00,6.241,6.345,6.218,6.287,155976.61
2026-06-21 08:00:00+00:00,6.288,6.318,6.235,6.288,116077.64
2026-06-21 09:00:00+00:00,6.288,6.342,6.264,6.314,130369.09
2026-06-21 10:00:00+00:00,6.314,6.326,6.282,6.303,165649.82
2026-06-21 11:00:00+00:00,6.303,6.312,6.26,6.267,89408.03
2026-06-21 12:00:00+00:00,6.267,6.289,6.24,6.282,88711.86
2026-06-21 13:00:00+00:00,6.283,6.309,6.269,6.297,58629.14
2026-06-21 14:00:00+00:00,6.297,6.372,6.263,6.324,129428.75
2026-06-21 15:00:00+00:00,6.325,6.348,6.311,6.331,65298.49
2026-06-21 16:00:00+00:00,6.331,6.335,6.241,6.273,90856.44
2026-06-21 17:00:00+00:00,6.273,6.298,6.233,6.247,66412.93
2026-06-21 18:00:00+00:00,6.247,6.276,6.228,6.267,59903.24
2026-06-21 19:00:00+00:00,6.266,6.277,6.254,6.263,33513.05
2026-06-21 20:00:00+00:00,6.263,6.268,6.175,6.2,85887.64
2026-06-21 21:00:00+00:00,6.2,6.207,6.128,6.174,104219.37
2026-06-21 22:00:00+00:00,6.174,6.204,6.123,6.144,70507.39
2026-06-21 23:00:00+00:00,6.144,6.144,6.097,6.113,76290.0
2026-06-22 00:00:00+00:00,6.113,6.213,6.113,6.202,88518.25
2026-06-22 01:00:00+00:00,6.202,6.336,6.192,6.268,155145.73
2026-06-22 02:00:00+00:00,6.268,6.274,6.228,6.231,43800.41
2026-06-22 03:00:00+00:00,6.232,6.293,6.202,6.23,113161.86
2026-06-22 04:00:00+00:00,6.23,6.286,6.218,6.276,48243.9
2026-06-22 05:00:00+00:00,6.275,6.32,6.27,6.301,63161.12
2026-06-22 06:00:00+00:00,6.302,6.306,6.196,6.251,456512.75
2026-06-22 07:00:00+00:00,6.251,6.308,6.246,6.286,102393.52
2026-06-22 08:00:00+00:00,6.286,6.288,6.22,6.265,138433.47
2026-06-22 09:00:00+00:00,6.264,6.274,6.239,6.24,70307.23
2026-06-22 10:00:00+00:00,6.24,6.285,6.24,6.269,40278.45
2026-06-22 11:00:00+00:00,6.268,6.379,6.26,6.365,120198.19
2026-06-22 12:00:00+00:00,6.365,6.426,6.352,6.405,157571.96
2026-06-22 13:00:00+00:00,6.406,6.472,6.363,6.463,165785.65
2026-06-22 14:00:00+00:00,6.464,6.468,6.304,6.331,136982.39
2026-06-22 15:00:00+00:00,6.331,6.35,6.283,6.307,112912.14
2026-06-22 16:00:00+00:00,6.307,6.331,6.281,6.313,95251.68
2026-06-22 17:00:00+00:00,6.312,6.329,6.268,6.32,85850.7
2026-06-22 18:00:00+00:00,6.319,6.336,6.262,6.271,93915.85
2026-06-22 19:00:00+00:00,6.27,6.279,6.234,6.271,60028.55
2026-06-22 20:00:00+00:00,6.272,6.297,6.265,6.277,30487.87
2026-06-22 21:00:00+00:00,6.278,6.283,6.216,6.25,42841.17
2026-06-22 22:00:00+00:00,6.251,6.269,6.166,6.211,89823.16
2026-06-22 23:00:00+00:00,6.21,6.247,6.193,6.241,64848.76
2026-06-23 00:00:00+00:00,6.241,6.277,6.214,6.276,84543.69
2026-06-23 01:00:00+00:00,6.275,6.298,6.224,6.27,79120.89
2026-06-23 02:00:00+00:00,6.269,6.313,6.246,6.301,59252.38
2026-06-23 03:00:00+00:00,6.302,6.313,6.276,6.313,43650.84
2026-06-23 04:00:00+00:00,6.314,6.334,6.265,6.273,60467.43
2026-06-23 05:00:00+00:00,6.274,6.295,6.212,6.238,67172.66
2026-06-23 06:00:00+00:00,6.239,6.246,6.065,6.167,730593.06
2026-06-23 07:00:00+00:00,6.166,6.215,6.145,6.157,184013.89
2026-06-23 08:00:00+00:00,6.157,6.166,6.013,6.125,224501.48
2026-06-23 09:00:00+00:00,6.124,6.214,6.124,6.211,233850.86
2026-06-23 10:00:00+00:00,6.211,6.246,6.171,6.202,151115.82
2026-06-23 11:00:00+00:00,6.202,6.258,6.201,6.257,134229.53
2026-06-23 12:00:00+00:00,6.258,6.305,6.233,6.247,183131.58
2026-06-23 13:00:00+00:00,6.247,6.307,6.217,6.285,207314.11
2026-06-23 14:00:00+00:00,6.286,6.456,6.275,6.327,426165.5
2026-06-23 15:00:00+00:00,6.327,6.388,6.292,6.371,182630.54
2026-06-23 16:00:00+00:00,6.372,6.408,6.328,6.335,187740.51
2026-06-23 17:00:00+00:00,6.335,6.352,6.275,6.283,164751.04
2026-06-23 18:00:00+00:00,6.283,6.313,6.271,6.302,106709.84
2026-06-23 19:00:00+00:00,6.302,6.353,6.296,6.34,121282.69
2026-06-23 20:00:00+00:00,6.341,6.45,6.341,6.413,309864.12
2026-06-23 21:00:00+00:00,6.413,6.451,6.409,6.431,121525.36
2026-06-23 22:00:00+00:00,6.43,6.527,6.423,6.473,166895.4
2026-06-23 23:00:00+00:00,6.472,6.514,6.442,6.484,142784.64
2026-06-24 00:00:00+00:00,6.484,6.544,6.484,6.514,159248.71
2026-06-24 01:00:00+00:00,6.515,6.54,6.455,6.455,138067.15
2026-06-24 02:00:00+00:00,6.456,6.464,6.412,6.437,125648.05
2026-06-24 03:00:00+00:00,6.438,6.453,6.407,6.417,80983.26
2026-06-24 04:00:00+00:00,6.417,6.443,6.367,6.428,90939.55
2026-06-24 05:00:00+00:00,6.427,6.458,6.427,6.437,62951.01
2026-06-24 06:00:00+00:00,6.436,6.458,6.411,6.422,52525.67
2026-06-24 07:00:00+00:00,6.422,6.428,6.356,6.395,144543.08
2026-06-24 08:00:00+00:00,6.394,6.415,6.378,6.407,58752.08
2026-06-24 09:00:00+00:00,6.406,6.418,6.386,6.411,57020.19
2026-06-24 10:00:00+00:00,6.411,6.431,6.386,6.404,75893.72
2026-06-24 11:00:00+00:00,6.403,6.496,6.371,6.447,144659.36
2026-06-24 12:00:00+00:00,6.447,6.45,6.413,6.427,52586.02
2026-06-24 13:00:00+00:00,6.427,6.431,6.286,6.308,319485.96
2026-06-24 14:00:00+00:00,6.307,6.36,6.287,6.329,208961.24
2026-06-24 15:00:00+00:00,6.33,6.335,6.206,6.234,238269.76
2026-06-24 16:00:00+00:00,6.233,6.306,6.106,6.144,268959.06
2026-06-24 17:00:00+00:00,6.146,6.173,5.998,6.023,255534.09
2026-06-24 18:00:00+00:00,6.023,6.158,6.005,6.098,134812.79
2026-06-24 19:00:00+00:00,6.098,6.148,6.073,6.144,129558.81
2026-06-24 20:00:00+00:00,6.143,6.366,6.119,6.337,274923.13
2026-06-24 21:00:00+00:00,6.338,6.387,6.305,6.38,103896.43
2026-06-24 22:00:00+00:00,6.381,6.492,6.381,6.424,235169.09
2026-06-24 23:00:00+00:00,6.425,6.472,6.402,6.444,127488.15
2026-06-25 00:00:00+00:00,6.444,6.483,6.391,6.403,119076.21
2026-06-25 01:00:00+00:00,6.403,6.433,6.396,6.425,64554.18
2026-06-25 02:00:00+00:00,6.424,6.46,6.39,6.411,115812.52
2026-06-25 03:00:00+00:00,6.411,6.435,6.391,6.414,54091.95
2026-06-25 04:00:00+00:00,6.414,6.509,6.389,6.485,92246.6
2026-06-25 05:00:00+00:00,6.485,6.64,6.484,6.551,404706.43
2026-06-25 06:00:00+00:00,6.55,6.622,6.55,6.578,136821.87
2026-06-25 07:00:00+00:00,6.579,6.589,6.515,6.531,177418.08
2026-06-25 08:00:00+00:00,6.531,6.534,6.489,6.509,70148.3
2026-06-25 09:00:00+00:00,6.51,6.515,6.488,6.503,44451.47
2026-06-25 10:00:00+00:00,6.503,6.51,6.424,6.432,197164.13
2026-06-25 11:00:00+00:00,6.432,6.445,6.385,6.404,125935.99
2026-06-25 12:00:00+00:00,6.404,6.447,6.34,6.379,143594.43
2026-06-25 13:00:00+00:00,6.379,6.393,5.954,5.979,605416.45
2026-06-25 14:00:00+00:00,5.98,6.232,5.98,6.125,535229.01
2026-06-25 15:00:00+00:00,6.125,6.135,6.037,6.118,217236.56
2026-06-25 16:00:00+00:00,6.119,6.173,6.073,6.106,105526.25
2026-06-25 17:00:00+00:00,6.108,6.26,6.108,6.258,231468.68
2026-06-25 18:00:00+00:00,6.258,6.26,6.12,6.14,124867.86
2026-06-25 19:00:00+00:00,6.14,6.14,6.046,6.109,140589.88
2026-06-25 20:00:00+00:00,6.11,6.181,6.11,6.141,91346.98
2026-06-25 21:00:00+00:00,6.141,6.254,6.138,6.254,87028.94
2026-06-25 22:00:00+00:00,6.253,6.259,6.193,6.203,53530.17
2026-06-25 23:00:00+00:00,6.204,6.269,6.2,6.235,62779.12
2026-06-26 00:00:00+00:00,6.235,6.249,6.205,6.212,45838.52
2026-06-26 01:00:00+00:00,6.211,6.229,6.121,6.129,60348.57
2026-06-26 02:00:00+00:00,6.13,6.133,5.986,5.998,184822.78
2026-06-26 03:00:00+00:00,5.999,6.157,5.963,6.143,165560.8
2026-06-26 04:00:00+00:00,6.144,6.158,6.081,6.086,59179.22
2026-06-26 05:00:00+00:00,6.087,6.132,6.072,6.107,63605.58
2026-06-26 06:00:00+00:00,6.108,6.256,6.077,6.247,142627.51
2026-06-26 07:00:00+00:00,6.246,6.335,6.243,6.312,168258.86
2026-06-26 08:00:00+00:00,6.312,6.322,6.215,6.226,108255.33
2026-06-26 09:00:00+00:00,6.227,6.26,6.152,6.159,93815.89
2026-06-26 10:00:00+00:00,6.16,6.179,6.141,6.151,53985.88
2026-06-26 11:00:00+00:00,6.152,6.175,6.105,6.136,59302.16
2026-06-26 12:00:00+00:00,6.136,6.191,6.072,6.099,106290.7
2026-06-26 13:00:00+00:00,6.1,6.261,6.043,6.256,183252.48
2026-06-26 14:00:00+00:00,6.255,6.287,6.205,6.226,169328.67
2026-06-26 15:00:00+00:00,6.228,6.377,6.21,6.373,213165.34
2026-06-26 16:00:00+00:00,6.374,6.458,6.343,6.383,283151.36
2026-06-26 17:00:00+00:00,6.382,6.523,6.375,6.471,269340.82
2026-06-26 18:00:00+00:00,6.47,6.504,6.39,6.401,117925.08
2026-06-26 19:00:00+00:00,6.402,6.447,6.373,6.383,125400.47
2026-06-26 20:00:00+00:00,6.383,6.451,6.342,6.359,148883.63
2026-06-26 21:00:00+00:00,6.358,6.386,6.335,6.349,27893.59
2026-06-26 22:00:00+00:00,6.348,6.55,6.32,6.533,240551.71
2026-06-26 23:00:00+00:00,6.532,6.634,6.527,6.633,221580.6
2026-06-27 00:00:00+00:00,6.633,6.67,6.521,6.59,258902.16
2026-06-27 01:00:00+00:00,6.59,6.59,6.527,6.537,81591.61
2026-06-27 02:00:00+00:00,6.537,6.671,6.499,6.654,170290.77
2026-06-27 03:00:00+00:00,6.653,6.653,6.544,6.549,81904.69
2026-06-27 04:00:00+00:00,6.55,6.596,6.543,6.554,130998.09
2026-06-27 05:00:00+00:00,6.555,6.576,6.521,6.569,58652.13
2026-06-27 06:00:00+00:00,6.569,6.637,6.54,6.593,119328.52
2026-06-27 07:00:00+00:00,6.593,6.6,6.556,6.563,58664.07
2026-06-27 08:00:00+00:00,6.562,6.584,6.543,6.565,66420.1
2026-06-27 09:00:00+00:00,6.566,6.573,6.513,6.533,64587.79
2026-06-27 10:00:00+00:00,6.533,6.543,6.503,6.526,73752.19
2026-06-27 11:00:00+00:00,6.525,6.581,6.45,6.579,169054.2
2026-06-27 12:00:00+00:00,6.58,6.581,6.521,6.538,78079.78
2026-06-27 13:00:00+00:00,6.538,6.588,6.533,6.58,60046.73
2026-06-27 14:00:00+00:00,6.581,6.646,6.567,6.615,105148.03
2026-06-27 15:00:00+00:00,6.616,6.676,6.608,6.637,111509.68
2026-06-27 16:00:00+00:00,6.638,6.653,6.614,6.623,107315.17
2026-06-27 17:00:00+00:00,6.623,6.623,6.532,6.535,101241.89
2026-06-27 18:00:00+00:00,6.535,6.536,6.499,6.508,54102.79
2026-06-27 19:00:00+00:00,6.509,6.521,6.4,6.431,150487.9
2026-06-27 20:00:00+00:00,6.431,6.46,6.427,6.432,40201.83
2026-06-27 21:00:00+00:00,6.433,6.459,6.374,6.402,56310.0
2026-06-27 22:00:00+00:00,6.401,6.434,6.336,6.429,109926.49
2026-06-27 23:00:00+00:00,6.43,6.464,6.414,6.433,57896.47
2026-06-28 00:00:00+00:00,6.433,6.443,6.411,6.429,59648.18
2026-06-28 01:00:00+00:00,6.429,6.43,6.385,6.394,47589.13
2026-06-28 02:00:00+00:00,6.395,6.423,6.366,6.372,67113.55
2026-06-28 03:00:00+00:00,6.372,6.413,6.369,6.406,22672.0
2026-06-28 04:00:00+00:00,6.405,6.41,6.376,6.398,18925.79
2026-06-28 05:00:00+00:00,6.399,6.399,6.355,6.374,68093.89
2026-06-28 06:00:00+00:00,6.375,6.385,6.302,6.331,72360.17
2026-06-28 07:00:00+00:00,6.33,6.361,6.318,6.341,29887.5
2026-06-28 08:00:00+00:00,6.341,6.384,6.307,6.368,87422.03
2026-06-28 09:00:00+00:00,6.369,6.395,6.313,6.327,68919.0
2026-06-28 10:00:00+00:00,6.327,6.356,6.313,6.322,39626.15
2026-06-28 11:00:00+00:00,6.323,6.364,6.312,6.358,30949.18
2026-06-28 12:00:00+00:00,6.357,6.357,6.306,6.324,47904.75
2026-06-28 13:00:00+00:00,6.324,6.324,6.28,6.302,56100.56
2026-06-28 14:00:00+00:00,6.302,6.342,6.294,6.321,44684.98
2026-06-28 15:00:00+00:00,6.322,6.355,6.311,6.327,42575.67
2026-06-28 16:00:00+00:00,6.327,6.33,6.27,6.312,126271.53
2026-06-28 17:00:00+00:00,6.311,6.336,6.279,6.32,50761.69
2026-06-28 18:00:00+00:00,6.319,6.353,6.315,6.349,37452.39
2026-06-28 19:00:00+00:00,6.349,6.369,6.308,6.335,39725.72
2026-06-28 20:00:00+00:00,6.334,6.475,6.33,6.406,129063.86
2026-06-28 21:00:00+00:00,6.407,6.42,6.299,6.327,84390.94
2026-06-28 22:00:00+00:00,6.328,6.445,6.316,6.351,97650.92
2026-06-28 23:00:00+00:00,6.35,6.487,6.337,6.448,83862.74
2026-06-29 00:00:00+00:00,6.45,6.489,6.364,6.483,115747.44
2026-06-29 01:00:00+00:00,6.484,6.546,6.425,6.508,67021.38
2026-06-29 02:00:00+00:00,6.509,6.541,6.406,6.521,119533.23
2026-06-29 03:00:00+00:00,6.522,6.663,6.521,6.617,169394.17
2026-06-29 04:00:00+00:00,6.618,6.634,6.526,6.588,237020.45
2026-06-29 05:00:00+00:00,6.588,6.617,6.504,6.613,98800.56
2026-06-29 06:00:00+00:00,6.614,6.65,6.531,6.539,151319.01
2026-06-29 07:00:00+00:00,6.539,6.566,6.5,6.55,69061.33
2026-06-29 08:00:00+00:00,6.551,6.577,6.5,6.529,171121.19
2026-06-29 09:00:00+00:00,6.529,6.613,6.523,6.613,94995.99
2026-06-29 10:00:00+00:00,6.613,6.63,6.564,6.599,92712.25
2026-06-29 11:00:00+00:00,6.599,6.611,6.538,6.574,84027.75
2026-06-29 12:00:00+00:00,6.574,6.714,6.529,6.569,235770.44
2026-06-29 13:00:00+00:00,6.569,6.621,6.525,6.564,137762.34
2026-06-29 14:00:00+00:00,6.565,6.567,6.448,6.566,188348.89
2026-06-29 15:00:00+00:00,6.566,6.671,6.497,6.659,182657.96
2026-06-29 16:00:00+00:00,6.66,6.703,6.626,6.688,179862.71
2026-06-29 17:00:00+00:00,6.688,6.822,6.686,6.757,357206.52
2026-06-29 18:00:00+00:00,6.757,6.77,6.721,6.727,78068.2
2026-06-29 19:00:00+00:00,6.727,6.744,6.707,6.725,76979.26
2026-06-29 20:00:00+00:00,6.725,6.736,6.671,6.671,60832.03
2026-06-29 21:00:00+00:00,6.671,6.716,6.662,6.703,67844.2
2026-06-29 22:00:00+00:00,6.704,6.72,6.688,6.696,78042.82
2026-06-29 23:00:00+00:00,6.696,6.701,6.661,6.679,38166.0
2026-06-30 00:00:00+00:00,6.678,6.681,6.611,6.655,72642.98
2026-06-30 01:00:00+00:00,6.654,6.677,6.627,6.659,47839.32
2026-06-30 02:00:00+00:00,6.659,6.677,6.628,6.671,34173.75
2026-06-30 03:00:00+00:00,6.671,6.671,6.622,6.629,42597.04
2026-06-30 04:00:00+00:00,6.629,6.64,6.601,6.633,42805.14
2026-06-30 05:00:00+00:00,6.633,6.638,6.581,6.611,40585.66
2026-06-30 06:00:00+00:00,6.612,6.616,6.576,6.599,30486.23
2026-06-30 07:00:00+00:00,6.598,6.616,6.568,6.579,84667.15
2026-06-30 08:00:00+00:00,6.579,6.648,6.565,6.64,147798.31
2026-06-30 09:00:00+00:00,6.641,6.655,6.6,6.634,101019.96
2026-06-30 10:00:00+00:00,6.635,6.639,6.599,6.608,37928.77
2026-06-30 11:00:00+00:00,6.607,6.613,6.525,6.535,81555.19
2026-06-30 12:00:00+00:00,6.534,6.534,6.387,6.397,198218.7
2026-06-30 13:00:00+00:00,6.397,6.48,6.385,6.475,156215.51
2026-06-30 14:00:00+00:00,6.475,6.531,6.436,6.45,94163.94
2026-06-30 15:00:00+00:00,6.45,6.533,6.432,6.499,63033.45
2026-06-30 16:00:00+00:00,6.5,6.558,6.466,6.54,73109.38
2026-06-30 17:00:00+00:00,6.54,6.578,6.504,6.504,70374.38
2026-06-30 18:00:00+00:00,6.504,6.561,6.489,6.558,57768.22
2026-06-30 19:00:00+00:00,6.557,6.598,6.538,6.575,60602.7
2026-06-30 20:00:00+00:00,6.575,6.594,6.543,6.555,26852.0
2026-06-30 21:00:00+00:00,6.555,6.563,6.529,6.554,30414.95
2026-06-30 22:00:00+00:00,6.554,6.578,6.511,6.519,42458.88
2026-06-30 23:00:00+00:00,6.52,6.541,6.508,6.538,27118.08
2026-07-01 00:00:00+00:00,6.539,6.555,6.513,6.541,31762.8
2026-07-01 01:00:00+00:00,6.542,6.596,6.427,6.571,97246.86
2026-07-01 02:00:00+00:00,6.571,6.626,6.55,6.605,44466.84
2026-07-01 03:00:00+00:00,6.605,6.727,6.605,6.704,166302.71
2026-07-01 04:00:00+00:00,6.705,6.723,6.672,6.699,107790.0
2026-07-01 05:00:00+00:00,6.699,6.705,6.651,6.682,71714.33
2026-07-01 06:00:00+00:00,6.682,6.686,6.605,6.635,64844.72
2026-07-01 07:00:00+00:00,6.636,6.664,6.619,6.654,58356.84
2026-07-01 08:00:00+00:00,6.654,6.671,6.617,6.669,90867.97
2026-07-01 09:00:00+00:00,6.668,6.697,6.65,6.686,120617.32
2026-07-01 10:00:00+00:00,6.686,6.695,6.62,6.647,79469.64
2026-07-01 11:00:00+00:00,6.648,6.671,6.629,6.659,47423.6
2026-07-01 12:00:00+00:00,6.66,6.664,6.595,6.609,75014.33
2026-07-01 13:00:00+00:00,6.61,6.663,6.561,6.647,141948.74
2026-07-01 14:00:00+00:00,6.647,6.715,6.633,6.669,112660.03
2026-07-01 15:00:00+00:00,6.67,6.748,6.664,6.73,117179.49
2026-07-01 16:00:00+00:00,6.73,6.758,6.688,6.695,85725.8
2026-07-01 17:00:00+00:00,6.696,6.754,6.667,6.744,66298.77
2026-07-01 18:00:00+00:00,6.745,6.751,6.703,6.722,88191.01
2026-07-01 19:00:00+00:00,6.721,6.735,6.678,6.695,75972.45
2026-07-01 20:00:00+00:00,6.695,6.711,6.672,6.711,60022.54
2026-07-01 21:00:00+00:00,6.712,6.795,6.707,6.781,134231.76
2026-07-01 22:00:00+00:00,6.78,6.814,6.721,6.73,161978.09
2026-07-01 23:00:00+00:00,6.729,6.729,6.663,6.666,81562.5
2026-07-02 00:00:00+00:00,6.667,6.668,6.613,6.643,116271.46
2026-07-02 01:00:00+00:00,6.644,6.729,6.641,6.696,84095.76
2026-07-02 02:00:00+00:00,6.695,6.704,6.669,6.672,66509.39
2026-07-02 03:00:00+00:00,6.672,6.727,6.654,6.716,72422.53
2026-07-02 04:00:00+00:00,6.715,6.731,6.703,6.728,51261.2
2026-07-02 05:00:00+00:00,6.727,6.735,6.683,6.695,62050.53
2026-07-02 06:00:00+00:00,6.694,6.707,6.663,6.672,54250.0
2026-07-02 07:00:00+00:00,6.672,6.689,6.666,6.671,48878.78
2026-07-02 08:00:00+00:00,6.672,6.715,6.666,6.711,53901.48
2026-07-02 09:00:00+00:00,6.711,6.778,6.695,6.764,123051.97
2026-07-02 10:00:00+00:00,6.764,6.797,6.75,6.796,88342.34
2026-07-02 11:00:00+00:00,6.797,6.814,6.764,6.782,113632.22
2026-07-02 12:00:00+00:00,6.781,6.833,6.756,6.819,143052.47
2026-07-02 13:00:00+00:00,6.82,6.88,6.796,6.818,221015.01
2026-07-02 14:00:00+00:00,6.819,6.846,6.74,6.768,186375.75
2026-07-02 15:00:00+00:00,6.768,6.79,6.741,6.777,70010.88
2026-07-02 16:00:00+00:00,6.777,6.784,6.738,6.775,73778.21
2026-07-02 17:00:00+00:00,6.775,6.79,6.736,6.754,42071.08
2026-07-02 18:00:00+00:00,6.754,6.769,6.747,6.757,42485.36
2026-07-02 19:00:00+00:00,6.757,6.763,6.717,6.744,68831.75
2026-07-02 20:00:00+00:00,6.745,6.761,6.723,6.753,66662.68
2026-07-02 21:00:00+00:00,6.754,6.798,6.752,6.787,63081.39
2026-07-02 22:00:00+00:00,6.786,6.823,6.762,6.812,106586.62
2026-07-02 23:00:00+00:00,6.812,6.814,6.788,6.8,66091.02
2026-07-03 00:00:00+00:00,6.801,6.812,6.783,6.789,84627.97
2026-07-03 01:00:00+00:00,6.789,6.868,6.787,6.854,86731.11
2026-07-03 02:00:00+00:00,6.855,6.872,6.824,6.859,84525.09
2026-07-03 03:00:00+00:00,6.858,6.88,6.813,6.85,106217.83
2026-07-03 04:00:00+00:00,6.851,6.854,6.812,6.818,71064.05
2026-07-03 05:00:00+00:00,6.818,6.871,6.812,6.85,67456.61
2026-07-03 06:00:00+00:00,6.85,6.878,6.838,6.855,80752.17
2026-07-03 07:00:00+00:00,6.856,6.861,6.83,6.838,77329.25
2026-07-03 08:00:00+00:00,6.839,6.891,6.826,6.843,138231.74
2026-07-03 09:00:00+00:00,6.842,6.858,6.831,6.838,60278.82
2026-07-03 10:00:00+00:00,6.837,6.908,6.835,6.881,119475.3
2026-07-03 11:00:00+00:00,6.881,6.913,6.873,6.901,46108.7
2026-07-03 12:00:00+00:00,6.9,6.924,6.849,6.872,75324.36
2026-07-03 13:00:00+00:00,6.873,6.878,6.839,6.854,78566.39
2026-07-03 14:00:00+00:00,6.853,6.862,6.807,6.858,60544.44
2026-07-03 15:00:00+00:00,6.859,6.895,6.821,6.83,62618.47
2026-07-03 16:00:00+00:00,6.83,6.835,6.792,6.824,92254.18
2026-07-03 17:00:00+00:00,6.823,6.877,6.816,6.868,63190.76
2026-07-03 18:00:00+00:00,6.869,6.888,6.857,6.875,48373.22
2026-07-03 19:00:00+00:00,6.874,6.937,6.87,6.915,207166.6
2026-07-03 20:00:00+00:00,6.916,7.004,6.912,6.99,138745.16
2026-07-03 21:00:00+00:00,6.99,7.035,6.952,7.002,130280.06
2026-07-03 22:00:00+00:00,7.003,7.004,6.934,6.946,71827.16
2026-07-03 23:00:00+00:00,6.947,6.97,6.92,6.948,57657.95
2026-07-04 00:00:00+00:00,6.949,6.972,6.929,6.932,56926.8
2026-07-04 01:00:00+00:00,6.931,6.931,6.865,6.883,93502.61
2026-07-04 02:00:00+00:00,6.883,6.911,6.872,6.901,40770.6
2026-07-04 03:00:00+00:00,6.902,6.937,6.89,6.933,35433.69
2026-07-04 04:00:00+00:00,6.934,6.949,6.904,6.929,42805.88
2026-07-04 05:00:00+00:00,6.929,6.944,6.897,6.897,43871.45
2026-07-04 06:00:00+00:00,6.897,6.92,6.847,6.867,68381.4
2026-07-04 07:00:00+00:00,6.867,6.877,6.841,6.867,50655.86
2026-07-04 08:00:00+00:00,6.868,6.877,6.851,6.861,31409.69
2026-07-04 09:00:00+00:00,6.862,6.865,6.818,6.824,64937.12
2026-07-04 10:00:00+00:00,6.824,6.849,6.817,6.843,20889.9
2026-07-04 11:00:00+00:00,6.842,6.867,6.835,6.858,24782.35
2026-07-04 12:00:00+00:00,6.858,6.888,6.857,6.887,19036.47
2026-07-04 13:00:00+00:00,6.886,6.918,6.865,6.884,26970.94
2026-07-04 14:00:00+00:00,6.884,6.948,6.884,6.94,53493.73
2026-07-04 15:00:00+00:00,6.94,7.007,6.94,6.987,106877.16
2026-07-04 16:00:00+00:00,6.988,6.997,6.963,6.979,44971.85
2026-07-04 17:00:00+00:00,6.98,7.115,6.941,7.088,145608.48
2026-07-04 18:00:00+00:00,7.088,7.097,7.029,7.048,63896.17
2026-07-04 19:00:00+00:00,7.048,7.061,7.0,7.012,33699.36
2026-07-04 20:00:00+00:00,7.012,7.023,6.976,6.993,46141.39
2026-07-04 21:00:00+00:00,6.994,7.028,6.989,7.018,19982.22
2026-07-04 22:00:00+00:00,7.018,7.025,6.981,6.996,23471.03
2026-07-04 23:00:00+00:00,6.996,6.996,6.919,6.968,52963.18
2026-07-05 00:00:00+00:00,6.967,6.971,6.9,6.918,44524.93
2026-07-05 01:00:00+00:00,6.919,6.933,6.881,6.898,40414.59
2026-07-05 02:00:00+00:00,6.897,6.903,6.803,6.808,96594.86
2026-07-05 03:00:00+00:00,6.808,6.832,6.786,6.806,72170.08
2026-07-05 04:00:00+00:00,6.806,6.819,6.779,6.788,52147.59
2026-07-05 05:00:00+00:00,6.788,6.808,6.763,6.779,57707.31
2026-07-05 06:00:00+00:00,6.779,6.805,6.753,6.8,63571.77
2026-07-05 07:00:00+00:00,6.8,6.83,6.779,6.818,71780.87
2026-07-05 08:00:00+00:00,6.817,6.837,6.809,6.82,45740.53
2026-07-05 09:00:00+00:00,6.82,6.834,6.775,6.787,93095.56
2026-07-05 10:00:00+00:00,6.786,6.872,6.773,6.85,84572.01
2026-07-05 11:00:00+00:00,6.849,6.892,6.843,6.88,46667.16
2026-07-05 12:00:00+00:00,6.88,6.913,6.854,6.881,46712.77
2026-07-05 13:00:00+00:00,6.881,6.913,6.865,6.912,47315.91
2026-07-05 14:00:00+00:00,6.911,6.912,6.877,6.912,39387.35
2026-07-05 15:00:00+00:00,6.911,6.949,6.903,6.928,65494.55
2026-07-05 16:00:00+00:00,6.929,6.943,6.916,6.934,50027.17
2026-07-05 17:00:00+00:00,6.934,6.977,6.916,6.923,54864.55
2026-07-05 18:00:00+00:00,6.922,6.952,6.916,6.929,33339.16
2026-07-05 19:00:00+00:00,6.929,6.943,6.903,6.918,82682.83
2026-07-05 20:00:00+00:00,6.918,6.918,6.895,6.907,69635.95
2026-07-05 21:00:00+00:00,6.907,6.975,6.882,6.958,48193.21
2026-07-05 22:00:00+00:00,6.958,7.008,6.934,6.952,113115.42
2026-07-05 23:00:00+00:00,6.952,6.982,6.919,6.924,46407.99
2026-07-06 00:00:00+00:00,6.925,6.933,6.85,6.909,55953.43
2026-07-06 01:00:00+00:00,6.908,6.954,6.884,6.888,36591.33
2026-07-06 02:00:00+00:00,6.887,6.921,6.864,6.907,37774.41
2026-07-06 03:00:00+00:00,6.906,6.931,6.883,6.918,27615.6
2026-07-06 04:00:00+00:00,6.918,6.967,6.908,6.933,30973.61
2026-07-06 05:00:00+00:00,6.933,6.935,6.832,6.871,55578.51
2026-07-06 06:00:00+00:00,6.871,6.902,6.858,6.887,53184.95
2026-07-06 07:00:00+00:00,6.886,6.956,6.876,6.932,51643.94
2026-07-06 08:00:00+00:00,6.931,6.94,6.855,6.873,63298.08
2026-07-06 09:00:00+00:00,6.873,6.873,6.819,6.827,45407.79
2026-07-06 10:00:00+00:00,6.827,6.864,6.822,6.857,36069.41
2026-07-06 11:00:00+00:00,6.858,6.863,6.818,6.818,33294.28
2026-07-06 12:00:00+00:00,6.818,6.818,6.716,6.744,166335.98
2026-07-06 13:00:00+00:00,6.743,6.811,6.714,6.792,123861.78
2026-07-06 14:00:00+00:00,6.792,6.842,6.776,6.804,138228.99
2026-07-06 15:00:00+00:00,6.804,6.924,6.803,6.919,127649.17
2026-07-06 16:00:00+00:00,6.92,6.99,6.909,6.957,124114.71
2026-07-06 17:00:00+00:00,6.956,6.961,6.896,6.907,43015.68
2026-07-06 18:00:00+00:00,6.906,6.983,6.906,6.956,46252.9
2026-07-06 19:00:00+00:00,6.956,6.993,6.953,6.96,124380.18
2026-07-06 20:00:00+00:00,6.96,6.961,6.891,6.915,217564.34
2026-07-06 21:00:00+00:00,6.915,7.088,6.915,7.01,199979.61
2026-07-06 22:00:00+00:00,7.01,7.021,6.991,6.998,30852.4
2026-07-06 23:00:00+00:00,6.999,7.01,6.922,6.93,32044.0
2026-07-07 00:00:00+00:00,6.929,6.949,6.888,6.9,29299.46
2026-07-07 01:00:00+00:00,6.899,6.899,6.817,6.836,73755.48
2026-07-07 02:00:00+00:00,6.836,6.847,6.8,6.823,63350.45
2026-07-07 03:00:00+00:00,6.823,6.829,6.782,6.804,35237.61
2026-07-07 04:00:00+00:00,6.805,6.805,6.75,6.771,74685.08
2026-07-07 05:00:00+00:00,6.77,6.77,6.698,6.757,116065.16
2026-07-07 06:00:00+00:00,6.757,6.788,6.738,6.777,44728.54
2026-07-07 07:00:00+00:00,6.777,6.818,6.749,6.764,329156.91
2026-07-07 08:00:00+00:00,6.765,6.766,6.736,6.752,59662.84
2026-07-07 09:00:00+00:00,6.751,6.792,6.746,6.782,59006.74
2026-07-07 10:00:00+00:00,6.782,6.802,6.748,6.756,54826.11
2026-07-07 11:00:00+00:00,6.756,6.798,6.743,6.795,29406.15
2026-07-07 12:00:00+00:00,6.795,6.823,6.769,6.771,57090.02
2026-07-07 13:00:00+00:00,6.771,6.783,6.728,6.758,61637.23
2026-07-07 14:00:00+00:00,6.759,6.791,6.65,6.726,146758.38
2026-07-07 15:00:00+00:00,6.725,6.796,6.702,6.77,111111.23
2026-07-07 16:00:00+00:00,6.77,6.809,6.747,6.785,91860.01
2026-07-07 17:00:00+00:00,6.785,6.804,6.769,6.801,40690.23
2026-07-07 18:00:00+00:00,6.802,6.808,6.738,6.745,47645.15
2026-07-07 19:00:00+00:00,6.744,6.769,6.695,6.758,64564.33
2026-07-07 20:00:00+00:00,6.759,6.773,6.728,6.743,44040.24
2026-07-07 21:00:00+00:00,6.744,6.751,6.68,6.688,71254.17
2026-07-07 22:00:00+00:00,6.687,6.725,6.66,6.707,26992.76
2026-07-07 23:00:00+00:00,6.707,6.721,6.685,6.689,18568.28
2026-07-08 00:00:00+00:00,6.689,6.698,6.65,6.669,70467.68
2026-07-08 01:00:00+00:00,6.669,6.674,6.484,6.499,145543.44
2026-07-08 02:00:00+00:00,6.499,6.499,6.351,6.407,309653.74
2026-07-08 03:00:00+00:00,6.408,6.441,6.385,6.394,87400.42
2026-07-08 04:00:00+00:00,6.394,6.416,6.368,6.406,97795.25
2026-07-08 05:00:00+00:00,6.406,6.45,6.398,6.417,61206.64
2026-07-08 06:00:00+00:00,6.417,6.418,6.378,6.403,50963.26
2026-07-08 07:00:00+00:00,6.402,6.458,6.385,6.448,97768.91
2026-07-08 08:00:00+00:00,6.448,6.455,6.317,6.353,204346.45
2026-07-08 09:00:00+00:00,6.354,6.385,6.342,6.373,55548.41
2026-07-08 10:00:00+00:00,6.374,6.441,6.352,6.421,91819.11
2026-07-08 11:00:00+00:00,6.421,6.455,6.401,6.441,103963.53
2026-07-08 12:00:00+00:00,6.441,6.443,6.402,6.402,54122.21
2026-07-08 13:00:00+00:00,6.403,6.476,6.369,6.453,140138.81
2026-07-08 14:00:00+00:00,6.454,6.469,6.377,6.407,91373.12
2026-07-08 15:00:00+00:00,6.408,6.411,6.348,6.382,65809.99
2026-07-08 16:00:00+00:00,6.382,6.438,6.38,6.425,75906.73
2026-07-08 17:00:00+00:00,6.426,6.473,6.421,6.435,43629.78
2026-07-08 18:00:00+00:00,6.434,6.483,6.431,6.462,28638.46
2026-07-08 19:00:00+00:00,6.463,6.472,6.444,6.456,15019.91
2026-07-08 20:00:00+00:00,6.457,6.467,6.431,6.435,24839.55
2026-07-08 21:00:00+00:00,6.436,6.473,6.417,6.457,37459.01
2026-07-08 22:00:00+00:00,6.457,6.471,6.454,6.457,13211.97
2026-07-08 23:00:00+00:00,6.457,6.476,6.45,6.475,18604.45
2026-07-09 00:00:00+00:00,6.474,6.5,6.44,6.449,40727.67
2026-07-09 01:00:00+00:00,6.45,6.547,6.449,6.492,161679.99
2026-07-09 02:00:00+00:00,6.492,6.532,6.442,6.442,130149.4
2026-07-09 03:00:00+00:00,6.442,6.481,6.428,6.465,45575.65
2026-07-09 04:00:00+00:00,6.466,6.531,6.463,6.529,58489.07
2026-07-09 05:00:00+00:00,6.529,6.613,6.517,6.602,122873.92
2026-07-09 06:00:00+00:00,6.601,6.778,6.585,6.77,199962.87
2026-07-09 07:00:00+00:00,6.77,6.813,6.733,6.746,254131.24
2026-07-09 08:00:00+00:00,6.746,6.768,6.724,6.737,109203.78
2026-07-09 09:00:00+00:00,6.736,6.755,6.704,6.727,73272.37
2026-07-09 10:00:00+00:00,6.728,6.738,6.665,6.687,63309.78
2026-07-09 11:00:00+00:00,6.687,6.715,6.676,6.709,62909.35
2026-07-09 12:00:00+00:00,6.71,6.743,6.686,6.726,120650.17
2026-07-09 13:00:00+00:00,6.725,6.784,6.714,6.772,67149.58
2026-07-09 14:00:00+00:00,6.773,6.79,6.714,6.722,72260.46
2026-07-09 15:00:00+00:00,6.722,6.782,6.721,6.753,62903.0
2026-07-09 16:00:00+00:00,6.753,6.765,6.696,6.708,34903.49
2026-07-09 17:00:00+00:00,6.708,6.752,6.703,6.746,34284.43
2026-07-09 18:00:00+00:00,6.747,6.778,6.742,6.742,46435.05
2026-07-09 19:00:00+00:00,6.742,6.752,6.721,6.725,35564.63
2026-07-09 20:00:00+00:00,6.725,6.728,6.686,6.721,51913.3
2026-07-09 21:00:00+00:00,6.722,6.735,6.71,6.723,22337.08
2026-07-09 22:00:00+00:00,6.723,6.731,6.697,6.699,20139.26
2026-07-09 23:00:00+00:00,6.699,6.709,6.679,6.679,23303.06
2026-07-10 00:00:00+00:00,6.679,6.697,6.668,6.685,28994.46
2026-07-10 01:00:00+00:00,6.685,6.815,6.672,6.774,85199.02
2026-07-10 02:00:00+00:00,6.775,6.799,6.771,6.789,45424.4
2026-07-10 03:00:00+00:00,6.788,6.791,6.734,6.779,48517.34
2026-07-10 04:00:00+00:00,6.779,6.808,6.775,6.794,28428.59
2026-07-10 05:00:00+00:00,6.794,6.834,6.785,6.801,37754.86
2026-07-10 06:00:00+00:00,6.801,6.807,6.774,6.782,26714.52
2026-07-10 07:00:00+00:00,6.782,6.784,6.74,6.752,70303.01
2026-07-10 08:00:00+00:00,6.753,6.815,6.752,6.775,63348.4
2026-07-10 09:00:00+00:00,6.774,6.777,6.737,6.756,43136.66
2026-07-10 10:00:00+00:00,6.756,6.788,6.741,6.77,56309.07
2026-07-10 11:00:00+00:00,6.769,6.778,6.743,6.752,30616.29
2026-07-10 12:00:00+00:00,6.751,6.77,6.722,6.733,53549.33
2026-07-10 13:00:00+00:00,6.732,6.786,6.72,6.772,43846.9
2026-07-10 14:00:00+00:00,6.772,6.775,6.649,6.692,155162.67
2026-07-10 15:00:00+00:00,6.692,6.743,6.689,6.743,34086.16
2026-07-10 16:00:00+00:00,6.743,6.772,6.722,6.757,31746.1
2026-07-10 17:00:00+00:00,6.757,6.767,6.735,6.735,14645.54
2026-07-10 18:00:00+00:00,6.736,6.758,6.708,6.718,32348.01
2026-07-10 19:00:00+00:00,6.717,6.768,6.711,6.742,21645.95
2026-07-10 20:00:00+00:00,6.743,6.753,6.73,6.739,20312.55
2026-07-10 21:00:00+00:00,6.74,6.767,6.74,6.757,19768.44
2026-07-10 22:00:00+00:00,6.758,6.767,6.752,6.753,16066.25
2026-07-10 23:00:00+00:00,6.753,6.753,6.737,6.739,13362.21
2026-07-11 00:00:00+00:00,6.74,6.756,6.721,6.734,24675.16
2026-07-11 01:00:00+00:00,6.733,6.75,6.709,6.711,23404.53
2026-07-11 02:00:00+00:00,6.71,6.74,6.707,6.732,23702.91
2026-07-11 03:00:00+00:00,6.731,6.734,6.713,6.725,14877.23
2026-07-11 04:00:00+00:00,6.724,6.738,6.716,6.727,8985.21
2026-07-11 05:00:00+00:00,6.727,6.727,6.702,6.71,28325.87
2026-07-11 06:00:00+00:00,6.709,6.725,6.698,6.709,28269.97
2026-07-11 07:00:00+00:00,6.708,6.721,6.706,6.71,16503.41
2026-07-11 08:00:00+00:00,6.709,6.718,6.696,6.714,17348.92
2026-07-11 09:00:00+00:00,6.715,6.721,6.688,6.697,29276.88
2026-07-11 10:00:00+00:00,6.697,6.728,6.692,6.713,26703.45
2026-07-11 11:00:00+00:00,6.714,6.739,6.71,6.72,27381.47
2026-07-11 12:00:00+00:00,6.719,6.746,6.719,6.736,18748.08
2026-07-11 13:00:00+00:00,6.735,6.748,6.719,6.742,25834.03
2026-07-11 14:00:00+00:00,6.742,6.791,6.74,6.752,42685.24
2026-07-11 15:00:00+00:00,6.752,6.789,6.719,6.752,66333.95
2026-07-11 16:00:00+00:00,6.751,6.752,6.729,6.742,18579.52
2026-07-11 17:00:00+00:00,6.743,6.776,6.734,6.76,13691.68
2026-07-11 18:00:00+00:00,6.759,6.787,6.749,6.764,37734.81
2026-07-11 19:00:00+00:00,6.764,6.771,6.744,6.752,20700.05
2026-07-11 20:00:00+00:00,6.751,6.761,6.749,6.753,9432.17
2026-07-11 21:00:00+00:00,6.753,6.759,6.731,6.736,29569.38
2026-07-11 22:00:00+00:00,6.735,6.736,6.682,6.686,73231.02
2026-07-11 23:00:00+00:00,6.685,6.699,6.542,6.552,228231.24
2026-07-12 00:00:00+00:00,6.551,6.551,6.426,6.454,238232.01
2026-07-12 01:00:00+00:00,6.454,6.518,6.445,6.518,79257.1
2026-07-12 02:00:00+00:00,6.517,6.517,6.491,6.499,59346.85
2026-07-12 03:00:00+00:00,6.499,6.535,6.495,6.527,36705.98
2026-07-12 04:00:00+00:00,6.526,6.541,6.407,6.438,167355.19
2026-07-12 05:00:00+00:00,6.439,6.469,6.434,6.446,76395.53
2026-07-12 06:00:00+00:00,6.446,6.447,6.282,6.345,351476.14
2026-07-12 07:00:00+00:00,6.345,6.402,6.325,6.379,130227.94
2026-07-12 08:00:00+00:00,6.379,6.411,6.371,6.395,72451.88
2026-07-12 09:00:00+00:00,6.396,6.422,6.38,6.414,52518.46
2026-07-12 10:00:00+00:00,6.415,6.416,6.4,6.407,27108.93
2026-07-12 11:00:00+00:00,6.407,6.449,6.377,6.433,38621.28
2026-07-12 12:00:00+00:00,6.432,6.458,6.42,6.438,36574.85
2026-07-12 13:00:00+00:00,6.437,6.458,6.43,6.448,57584.08
2026-07-12 14:00:00+00:00,6.448,6.481,6.429,6.458,36592.68
2026-07-12 15:00:00+00:00,6.459,6.473,6.435,6.441,44073.37
2026-07-12 16:00:00+00:00,6.44,6.445,6.392,6.424,77179.76
2026-07-12 17:00:00+00:00,6.423,6.442,6.401,6.423,34397.37
2026-07-12 18:00:00+00:00,6.423,6.479,6.419,6.478,29175.14
2026-07-12 19:00:00+00:00,6.478,6.48,6.453,6.472,29330.0
2026-07-12 20:00:00+00:00,6.472,6.478,6.45,6.465,27439.17
2026-07-12 21:00:00+00:00,6.465,6.483,6.423,6.429,72225.67
2026-07-12 22:00:00+00:00,6.429,6.429,6.373,6.399,73261.47
2026-07-12 23:00:00+00:00,6.399,6.419,6.386,6.407,30379.48
2026-07-13 00:00:00+00:00,6.407,6.562,6.403,6.462,131589.03
2026-07-13 01:00:00+00:00,6.461,6.47,6.409,6.425,82230.26
2026-07-13 02:00:00+00:00,6.424,6.532,6.407,6.491,75991.78
2026-07-13 03:00:00+00:00,6.49,6.497,6.418,6.49,100771.25
2026-07-13 04:00:00+00:00,6.49,6.519,6.464,6.479,72384.53
2026-07-13 05:00:00+00:00,6.48,6.528,6.456,6.495,83797.87
2026-07-13 06:00:00+00:00,6.496,6.515,6.478,6.49,26359.89
2026-07-13 07:00:00+00:00,6.49,6.516,6.48,6.509,39023.7
2026-07-13 08:00:00+00:00,6.509,6.534,6.492,6.53,39572.64
2026-07-13 09:00:00+00:00,6.531,6.672,6.529,6.638,203530.54
2026-07-13 10:00:00+00:00,6.637,6.672,6.602,6.627,129451.87
2026-07-13 11:00:00+00:00,6.627,6.669,6.621,6.646,91022.95
2026-07-13 12:00:00+00:00,6.646,6.655,6.565,6.605,151479.78
2026-07-13 13:00:00+00:00,6.605,6.683,6.557,6.56,254294.9
2026-07-13 14:00:00+00:00,6.559,6.679,6.531,6.659,236217.68
2026-07-13 15:00:00+00:00,6.659,6.674,6.556,6.563,104035.86
2026-07-13 16:00:00+00:00,6.563,6.585,6.49,6.511,131763.46
2026-07-13 17:00:00+00:00,6.512,6.522,6.427,6.436,84379.82
2026-07-13 18:00:00+00:00,6.437,6.468,6.422,6.443,52591.38
2026-07-13 19:00:00+00:00,6.443,6.487,6.439,6.476,57438.68
2026-07-13 20:00:00+00:00,6.476,6.49,6.43,6.449,44395.87
2026-07-13 21:00:00+00:00,6.449,6.449,6.338,6.398,97174.94
2026-07-13 22:00:00+00:00,6.398,6.431,6.398,6.398,29247.64
2026-07-13 23:00:00+00:00,6.398,6.457,6.381,6.452,36346.1
2026-07-14 00:00:00+00:00,6.452,6.488,6.441,6.482,39129.35
2026-07-14 01:00:00+00:00,6.482,6.502,6.453,6.49,39402.57
2026-07-14 02:00:00+00:00,6.491,6.497,6.451,6.452,31259.55
2026-07-14 03:00:00+00:00,6.453,6.46,6.42,6.443,25909.23
2026-07-14 04:00:00+00:00,6.444,6.477,6.441,6.452,19805.42
2026-07-14 05:00:00+00:00,6.452,6.5,6.445,6.491,34500.75
2026-07-14 06:00:00+00:00,6.491,6.516,6.481,6.508,66191.52
2026-07-14 07:00:00+00:00,6.507,6.512,6.48,6.481,15993.07
2026-07-14 08:00:00+00:00,6.48,6.537,6.479,6.508,26917.3
2026-07-14 09:00:00+00:00,6.508,6.525,6.468,6.474,32843.18
2026-07-14 10:00:00+00:00,6.475,6.495,6.453,6.473,75552.01
2026-07-14 11:00:00+00:00,6.473,6.473,6.439,6.44,45192.14
2026-07-14 12:00:00+00:00,6.44,6.609,6.422,6.592,211021.53
2026-07-14 13:00:00+00:00,6.592,6.67,6.563,6.659,175973.56
2026-07-14 14:00:00+00:00,6.659,6.675,6.605,6.657,199361.11
2026-07-14 15:00:00+00:00,6.657,6.712,6.621,6.656,164685.85
2026-07-14 16:00:00+00:00,6.656,6.685,6.641,6.644,95895.29
2026-07-14 17:00:00+00:00,6.643,6.67,6.604,6.663,62973.29
2026-07-14 18:00:00+00:00,6.662,6.672,6.64,6.669,45771.62
2026-07-14 19:00:00+00:00,6.668,6.688,6.652,6.674,35660.42
2026-07-14 20:00:00+00:00,6.674,6.679,6.637,6.645,30624.63
2026-07-14 21:00:00+00:00,6.644,6.65,6.632,6.637,24857.89
2026-07-14 22:00:00+00:00,6.637,6.698,6.625,6.669,59155.41
2026-07-14 23:00:00+00:00,6.67,6.712,6.649,6.712,44871.63
2026-07-15 00:00:00+00:00,6.713,6.757,6.665,6.678,90550.66
2026-07-15 01:00:00+00:00,6.678,6.69,6.638,6.643,58916.98
2026-07-15 02:00:00+00:00,6.642,6.646,6.609,6.61,30745.69
2026-07-15 03:00:00+00:00,6.61,6.667,6.606,6.658,41400.85
2026-07-15 04:00:00+00:00,6.657,6.672,6.636,6.661,37410.24
2026-07-15 05:00:00+00:00,6.662,6.69,6.635,6.685,24087.79
2026-07-15 06:00:00+00:00,6.686,6.734,6.682,6.684,72824.77
2026-07-15 07:00:00+00:00,6.685,6.685,6.609,6.621,35861.33
2026-07-15 08:00:00+00:00,6.622,6.659,6.614,6.653,49991.48
2026-07-15 09:00:00+00:00,6.652,6.689,6.652,6.663,26357.43
2026-07-15 10:00:00+00:00,6.662,6.683,6.652,6.654,18376.47
2026-07-15 11:00:00+00:00,6.655,6.687,6.653,6.669,31331.55
2026-07-15 12:00:00+00:00,6.669,6.756,6.658,6.746,102937.2
2026-07-15 13:00:00+00:00,6.746,6.773,6.677,6.7,152067.89
2026-07-15 14:00:00+00:00,6.701,6.725,6.667,6.707,83206.38
2026-07-15 15:00:00+00:00,6.706,6.743,6.689,6.728,68113.12
2026-07-15 16:00:00+00:00,6.728,6.741,6.647,6.697,94448.71
2026-07-15 17:00:00+00:00,6.696,6.73,6.693,6.726,61671.09
2026-07-15 18:00:00+00:00,6.726,6.749,6.694,6.697,62871.64
2026-07-15 19:00:00+00:00,6.698,6.712,6.687,6.696,61105.33
2026-07-15 20:00:00+00:00,6.696,6.737,6.692,6.699,33646.9
2026-07-15 21:00:00+00:00,6.699,6.712,6.675,6.684,28355.96
2026-07-15 22:00:00+00:00,6.684,6.717,6.675,6.697,42753.32
2026-07-15 23:00:00+00:00,6.696,6.719,6.69,6.702,19363.54
2026-07-16 00:00:00+00:00,6.701,6.725,6.691,6.714,31846.56
2026-07-16 01:00:00+00:00,6.714,6.724,6.661,6.713,37044.29
2026-07-16 02:00:00+00:00,6.713,6.724,6.697,6.721,14875.09
2026-07-16 03:00:00+00:00,6.72,6.731,6.704,6.712,21121.74
2026-07-16 04:00:00+00:00,6.713,6.721,6.69,6.706,18126.13
2026-07-16 05:00:00+00:00,6.707,6.739,6.702,6.714,42690.46
2026-07-16 06:00:00+00:00,6.714,6.73,6.656,6.683,47981.95
2026-07-16 07:00:00+00:00,6.682,6.684,6.612,6.628,54291.26
2026-07-16 08:00:00+00:00,6.628,6.631,6.546,6.589,180113.14
2026-07-16 09:00:00+00:00,6.59,6.605,6.577,6.581,42649.25
2026-07-16 10:00:00+00:00,6.581,6.609,6.572,6.596,33440.4
2026-07-16 11:00:00+00:00,6.596,6.596,6.559,6.578,59957.73
2026-07-16 12:00:00+00:00,6.578,6.578,6.513,6.536,97681.17
2026-07-16 13:00:00+00:00,6.536,6.632,6.531,6.622,66087.46
2026-07-16 14:00:00+00:00,6.622,6.657,6.607,6.632,48289.61
2026-07-16 15:00:00+00:00,6.632,6.657,6.594,6.628,41305.16
2026-07-16 16:00:00+00:00,6.629,6.64,6.596,6.607,68579.21
2026-07-16 17:00:00+00:00,6.606,6.607,6.523,6.54,78080.77
2026-07-16 18:00:00+00:00,6.54,6.586,6.527,6.58,56867.39
2026-07-16 19:00:00+00:00,6.579,6.608,6.578,6.598,36882.38
2026-07-16 20:00:00+00:00,6.598,6.604,6.58,6.597,20133.6
2026-07-16 21:00:00+00:00,6.597,6.622,6.591,6.602,71377.41
2026-07-16 22:00:00+00:00,6.603,6.632,6.549,6.558,64560.71
2026-07-16 23:00:00+00:00,6.558,6.558,6.481,6.514,81126.65
2026-07-17 00:00:00+00:00,6.514,6.517,6.437,6.502,97264.11
2026-07-17 01:00:00+00:00,6.503,6.525,6.459,6.463,54466.92
2026-07-17 02:00:00+00:00,6.463,6.492,6.444,6.478,64793.81
2026-07-17 03:00:00+00:00,6.478,6.553,6.476,6.528,42282.17
2026-07-17 04:00:00+00:00,6.528,6.532,6.482,6.522,21730.75
2026-07-17 05:00:00+00:00,6.521,6.524,6.442,6.458,77107.12
2026-07-17 06:00:00+00:00,6.457,6.504,6.444,6.5,56779.96
2026-07-17 07:00:00+00:00,6.5,6.5,6.466,6.479,22175.31
2026-07-17 08:00:00+00:00,6.479,6.481,6.423,6.47,29796.94
2026-07-17 09:00:00+00:00,6.47,6.505,6.468,6.501,24742.51
2026-07-17 10:00:00+00:00,6.501,6.51,6.49,6.492,36369.39
2026-07-17 11:00:00+00:00,6.492,6.501,6.483,6.488,22538.19
2026-07-17 12:00:00+00:00,6.488,6.496,6.451,6.454,33363.36
2026-07-17 13:00:00+00:00,6.453,6.474,6.373,6.469,139708.47
2026-07-17 14:00:00+00:00,6.47,6.515,6.458,6.459,53136.7
2026-07-17 15:00:00+00:00,6.458,6.482,6.409,6.482,69098.12
2026-07-17 16:00:00+00:00,6.482,6.582,6.464,6.56,68189.49
2026-07-17 17:00:00+00:00,6.56,6.62,6.56,6.598,106263.78
2026-07-17 18:00:00+00:00,6.598,6.651,6.579,6.624,93726.96
2026-07-17 19:00:00+00:00,6.623,6.623,6.557,6.574,44161.78
2026-07-17 20:00:00+00:00,6.574,6.581,6.546,6.564,27307.54
2026-07-17 21:00:00+00:00,6.563,6.583,6.556,6.571,27781.91
2026-07-17 22:00:00+00:00,6.572,6.579,6.552,6.561,25002.28
2026-07-17 23:00:00+00:00,6.561,6.591,6.541,6.591,17808.49
2026-07-18 00:00:00+00:00,6.59,6.609,6.578,6.591,18563.13
2026-07-18 01:00:00+00:00,6.591,6.637,6.585,6.618,41484.96
2026-07-18 02:00:00+00:00,6.619,6.642,6.616,6.626,23764.27
2026-07-18 03:00:00+00:00,6.627,6.658,6.621,6.644,51675.92
2026-07-18 04:00:00+00:00,6.644,6.664,6.602,6.604,44576.52
2026-07-18 05:00:00+00:00,6.603,6.629,6.591,6.602,31004.06
2026-07-18 06:00:00+00:00,6.603,6.613,6.594,6.61,36710.13
2026-07-18 07:00:00+00:00,6.61,6.635,6.596,6.609,20850.76
2026-07-18 08:00:00+00:00,6.608,6.62,6.572,6.577,41965.11
2026-07-18 09:00:00+00:00,6.577,6.578,6.528,6.545,41197.51
2026-07-18 10:00:00+00:00,6.544,6.555,6.534,6.546,23130.16
2026-07-18 11:00:00+00:00,6.546,6.554,6.538,6.546,15325.92
2026-07-18 12:00:00+00:00,6.546,6.567,6.514,6.548,33470.58
2026-07-18 13:00:00+00:00,6.548,6.551,6.525,6.541,18010.88
2026-07-18 14:00:00+00:00,6.541,6.571,6.54,6.567,29206.78
2026-07-18 15:00:00+00:00,6.568,6.577,6.543,6.543,32126.64
2026-07-18 16:00:00+00:00,6.543,6.561,6.525,6.553,28907.39
2026-07-18 17:00:00+00:00,6.554,6.588,6.53,6.571,29152.1
2026-07-18 18:00:00+00:00,6.571,6.6,6.556,6.567,21542.57
2026-07-18 19:00:00+00:00,6.567,6.579,6.562,6.574,17904.83
2026-07-18 20:00:00+00:00,6.574,6.588,6.565,6.574,25571.58
2026-07-18 21:00:00+00:00,6.574,6.605,6.569,6.576,32483.8
2026-07-18 22:00:00+00:00,6.575,6.594,6.575,6.591,18123.17
2026-07-18 23:00:00+00:00,6.591,6.598,6.57,6.574,9602.15
2026-07-19 00:00:00+00:00,6.573,6.605,6.573,6.578,36135.71
2026-07-19 01:00:00+00:00,6.579,6.588,6.573,6.575,14916.12
2026-07-19 02:00:00+00:00,6.576,6.637,6.576,6.622,26843.58
2026-07-19 03:00:00+00:00,6.622,6.627,6.583,6.585,17470.73
2026-07-19 04:00:00+00:00,6.585,6.588,6.561,6.568,22896.53
2026-07-19 05:00:00+00:00,6.567,6.596,6.564,6.564,24004.85
2026-07-19 06:00:00+00:00,6.563,6.584,6.557,6.583,18776.74
2026-07-19 07:00:00+00:00,6.583,6.583,6.554,6.557,29440.19
2026-07-19 08:00:00+00:00,6.558,6.57,6.545,6.562,20137.44
2026-07-19 09:00:00+00:00,6.563,6.566,6.489,6.497,75366.38
2026-07-19 10:00:00+00:00,6.497,6.539,6.477,6.506,59843.92
2026-07-19 11:00:00+00:00,6.506,6.524,6.476,6.485,44593.98
2026-07-19 12:00:00+00:00,6.486,6.487,6.406,6.433,139936.08
2026-07-19 13:00:00+00:00,6.434,6.447,6.42,6.438,70652.55
2026-07-19 14:00:00+00:00,6.437,6.479,6.434,6.469,61750.93
2026-07-19 15:00:00+00:00,6.47,6.473,6.441,6.455,30079.79
2026-07-19 16:00:00+00:00,6.456,6.466,6.444,6.446,31211.81
2026-07-19 17:00:00+00:00,6.445,6.497,6.413,6.473,42345.1
2026-07-19 18:00:00+00:00,6.474,6.477,6.392,6.41,52409.35
2026-07-19 19:00:00+00:00,6.411,6.437,6.404,6.437,27209.43
2026-07-19 20:00:00+00:00,6.437,6.449,6.434,6.449,27240.21
2026-07-19 21:00:00+00:00,6.45,6.451,6.409,6.417,16526.07
2026-07-19 22:00:00+00:00,6.417,6.49,6.41,6.456,53059.83
2026-07-19 23:00:00+00:00,6.457,6.469,6.424,6.465,35354.38
2026-07-20 00:00:00+00:00,6.466,6.552,6.444,6.486,87695.16
2026-07-20 01:00:00+00:00,6.487,6.574,6.484,6.511,57587.89
2026-07-20 02:00:00+00:00,6.512,6.631,6.511,6.619,105918.47
2026-07-20 03:00:00+00:00,6.62,6.65,6.569,6.599,80852.04
2026-07-20 04:00:00+00:00,6.599,6.602,6.536,6.545,44216.03
2026-07-20 05:00:00+00:00,6.544,6.547,6.457,6.48,61958.11
2026-07-20 06:00:00+00:00,6.48,6.506,6.446,6.471,56928.16
2026-07-20 07:00:00+00:00,6.472,6.549,6.472,6.547,48767.22
2026-07-20 08:00:00+00:00,6.547,6.562,6.492,6.508,56223.15
2026-07-20 09:00:00+00:00,6.509,6.574,6.502,6.556,37428.63
2026-07-20 10:00:00+00:00,6.557,6.574,6.543,6.543,34595.78
2026-07-20 11:00:00+00:00,6.544,6.635,6.541,6.63,57517.46
2026-07-20 12:00:00+00:00,6.628,6.628,6.561,6.564,64818.12
2026-07-20 13:00:00+00:00,6.563,6.609,6.52,6.532,48006.14
2026-07-20 14:00:00+00:00,6.533,6.554,6.48,6.528,79456.89
2026-07-20 15:00:00+00:00,6.528,6.634,6.526,6.612,78149.1
2026-07-20 16:00:00+00:00,6.612,6.62,6.557,6.577,68416.46
2026-07-20 17:00:00+00:00,6.576,6.602,6.566,6.597,29781.94
2026-07-20 18:00:00+00:00,6.598,6.628,6.567,6.57,43979.43
2026-07-20 19:00:00+00:00,6.569,6.574,6.546,6.567,51265.93
2026-07-20 20:00:00+00:00,6.567,6.607,6.557,6.599,20419.35
2026-07-20 21:00:00+00:00,6.598,6.624,6.583,6.584,80052.85
2026-07-20 22:00:00+00:00,6.584,6.587,6.551,6.557,30287.72
2026-07-20 23:00:00+00:00,6.557,6.599,6.554,6.579,29555.22
2026-07-21 00:00:00+00:00,6.579,6.622,6.567,6.615,31464.76
2026-07-21 01:00:00+00:00,6.614,6.632,6.599,6.616,23039.89
2026-07-21 02:00:00+00:00,6.617,6.642,6.59,6.628,37776.16
2026-07-21 03:00:00+00:00,6.628,6.666,6.625,6.642,49955.55
2026-07-21 04:00:00+00:00,6.642,6.65,6.604,6.616,53809.69
2026-07-21 05:00:00+00:00,6.615,6.668,6.615,6.654,27970.95
2026-07-21 06:00:00+00:00,6.654,6.688,6.641,6.675,42809.93
2026-07-21 07:00:00+00:00,6.675,6.684,6.647,6.677,39305.16
2026-07-21 08:00:00+00:00,6.676,6.687,6.655,6.662,50679.94
2026-07-21 09:00:00+00:00,6.661,6.67,6.641,6.658,45813.29
2026-07-21 10:00:00+00:00,6.659,6.669,6.62,6.628,82643.77
2026-07-21 11:00:00+00:00,6.628,6.643,6.615,6.638,32043.71
2026-07-21 12:00:00+00:00,6.639,6.66,6.621,6.65,68495.36
2026-07-21 13:00:00+00:00,6.65,6.655,6.615,6.646,37777.86
2026-07-21 14:00:00+00:00,6.647,6.649,6.578,6.603,96977.6
2026-07-21 15:00:00+00:00,6.602,6.627,6.583,6.62,59361.66
2026-07-21 16:00:00+00:00,6.619,6.641,6.608,6.632,25263.26
2026-07-21 17:00:00+00:00,6.632,6.636,6.581,6.615,67923.53
2026-07-21 18:00:00+00:00,6.615,6.635,6.596,6.61,39045.89
2026-07-21 19:00:00+00:00,6.611,6.628,6.604,6.614,29691.78
2026-07-21 20:00:00+00:00,6.614,6.615,6.578,6.581,28311.28
2026-07-21 21:00:00+00:00,6.581,6.581,6.544,6.566,53069.3
2026-07-21 22:00:00+00:00,6.565,6.567,6.546,6.56,34921.98
2026-07-21 23:00:00+00:00,6.56,6.573,6.524,6.571,33399.4
2026-07-22 00:00:00+00:00,6.572,6.615,6.562,6.613,64802.9
2026-07-22 01:00:00+00:00,6.613,6.613,6.563,6.584,59879.55
2026-07-22 02:00:00+00:00,6.585,6.615,6.573,6.595,19824.38
2026-07-22 03:00:00+00:00,6.595,6.601,6.545,6.549,45547.2
2026-07-22 04:00:00+00:00,6.548,6.583,6.539,6.559,23293.05
2026-07-22 05:00:00+00:00,6.559,6.56,6.478,6.499,78587.75
2026-07-22 06:00:00+00:00,6.5,6.509,6.464,6.509,57630.08
2026-07-22 07:00:00+00:00,6.508,6.51,6.49,6.502,35805.31
2026-07-22 08:00:00+00:00,6.503,6.53,6.499,6.517,44736.43
2026-07-22 09:00:00+00:00,6.517,6.524,6.485,6.51,27692.27
2026-07-22 10:00:00+00:00,6.511,6.531,6.502,6.519,42781.13
2026-07-22 11:00:00+00:00,6.519,6.522,6.502,6.516,30062.49
2026-07-22 12:00:00+00:00,6.517,6.517,6.49,6.509,45863.94
2026-07-22 13:00:00+00:00,6.509,6.565,6.503,6.562,39133.41
2026-07-22 14:00:00+00:00,6.563,6.6,6.535,6.573,26586.74
2026-07-22 15:00:00+00:00,6.573,6.654,6.573,6.637,114419.9
2026-07-22 16:00:00+00:00,6.638,6.657,6.605,6.631,53653.67
2026-07-22 17:00:00+00:00,6.632,6.639,6.607,6.609,69042.52
2026-07-22 18:00:00+00:00,6.61,6.627,6.591,6.611,28018.11
2026-07-22 19:00:00+00:00,6.612,6.617,6.568,6.6,33326.9
2026-07-22 20:00:00+00:00,6.599,6.645,6.592,6.636,74380.39
2026-07-22 21:00:00+00:00,6.636,6.664,6.629,6.644,23064.48
2026-07-22 22:00:00+00:00,6.645,6.649,6.605,6.632,20749.8
2026-07-22 23:00:00+00:00,6.632,6.632,6.576,6.626,27258.56
2026-07-23 00:00:00+00:00,6.626,6.655,6.604,6.631,23779.46
2026-07-23 01:00:00+00:00,6.631,6.637,6.607,6.615,28650.12
2026-07-23 02:00:00+00:00,6.616,6.617,6.57,6.578,20921.23
2026-07-23 03:00:00+00:00,6.578,6.581,6.524,6.531,41319.73
2026-07-23 04:00:00+00:00,6.531,6.566,6.521,6.543,26104.22
2026-07-23 05:00:00+00:00,6.543,6.581,6.533,6.57,18763.01
2026-07-23 06:00:00+00:00,6.57,6.587,6.563,6.584,14386.19
2026-07-23 07:00:00+00:00,6.585,6.586,6.522,6.561,42491.07
2026-07-23 08:00:00+00:00,6.56,6.586,6.551,6.581,9781.85
2026-07-23 09:00:00+00:00,6.581,6.592,6.573,6.577,42359.88
2026-07-23 10:00:00+00:00,6.578,6.598,6.571,6.594,23057.78
2026-07-23 11:00:00+00:00,6.594,6.612,6.581,6.585,31283.69
2026-07-23 12:00:00+00:00,6.585,6.589,6.473,6.512,89625.61
2026-07-23 13:00:00+00:00,6.513,6.513,6.423,6.45,137957.42
2026-07-23 14:00:00+00:00,6.45,6.505,6.433,6.452,44690.51
2026-07-23 15:00:00+00:00,6.453,6.453,6.393,6.451,139305.34
2026-07-23 16:00:00+00:00,6.451,6.451,6.409,6.435,52300.61
2026-07-23 17:00:00+00:00,6.434,6.439,6.304,6.326,177238.71
2026-07-23 18:00:00+00:00,6.326,6.326,6.197,6.275,416522.91
2026-07-23 19:00:00+00:00,6.275,6.298,6.258,6.285,81016.8
2026-07-23 20:00:00+00:00,6.285,6.325,6.282,6.315,60258.03
2026-07-23 21:00:00+00:00,6.315,6.327,6.291,6.304,50040.27
2026-07-23 22:00:00+00:00,6.304,6.314,6.28,6.308,44725.05
2026-07-23 23:00:00+00:00,6.308,6.311,6.26,6.268,47545.47
2026-07-24 00:00:00+00:00,6.268,6.283,6.23,6.269,98088.54
2026-07-24 01:00:00+00:00,6.27,6.289,6.226,6.236,94700.13
2026-07-24 02:00:00+00:00,6.237,6.261,6.212,6.243,75691.15
2026-07-24 03:00:00+00:00,6.244,6.281,6.239,6.27,31854.15
2026-07-24 04:00:00+00:00,6.271,6.283,6.257,6.263,37468.01
2026-07-24 05:00:00+00:00,6.263,6.3,6.246,6.249,124673.83
2026-07-24 06:00:00+00:00,6.25,6.285,6.233,6.261,49470.16
2026-07-24 07:00:00+00:00,6.262,6.32,6.25,6.282,81826.81
2026-07-24 08:00:00+00:00,6.283,6.287,6.238,6.26,49993.12
2026-07-24 09:00:00+00:00,6.26,6.285,6.225,6.275,78250.53
2026-07-24 10:00:00+00:00,6.274,6.282,6.244,6.274,61929.08
2026-07-24 11:00:00+00:00,6.274,6.274,6.237,6.259,51455.35
2026-07-24 12:00:00+00:00,6.258,6.26,6.214,6.219,37242.95
2026-07-24 13:00:00+00:00,6.218,6.221,6.137,6.204,169564.94
2026-07-24 14:00:00+00:00,6.205,6.211,6.161,6.205,70490.09
2026-07-24 15:00:00+00:00,6.205,6.223,6.181,6.202,54258.23
2026-07-24 16:00:00+00:00,6.202,6.21,6.175,6.195,53135.7
2026-07-24 17:00:00+00:00,6.194,6.234,6.181,6.224,73647.21
2026-07-24 18:00:00+00:00,6.223,6.241,6.212,6.236,113536.12
2026-07-24 19:00:00+00:00,6.237,6.244,6.216,6.234,35754.85
2026-07-24 20:00:00+00:00,6.235,6.249,6.226,6.243,33272.67
2026-07-24 21:00:00+00:00,6.243,6.263,6.229,6.242,39025.68
2026-07-24 22:00:00+00:00,6.242,6.277,6.238,6.272,56940.59
2026-07-24 23:00:00+00:00,6.273,6.315,6.272,6.304,50952.06
2026-07-25 00:00:00+00:00,6.304,6.317,6.243,6.263,68466.43
2026-07-25 01:00:00+00:00,6.262,6.278,6.255,6.271,16968.2
2026-07-25 02:00:00+00:00,6.272,6.273,6.252,6.261,19366.18
2026-07-25 03:00:00+00:00,6.262,6.268,6.239,6.247,19808.44
2026-07-25 04:00:00+00:00,6.247,6.27,6.247,6.262,13018.71
2026-07-25 05:00:00+00:00,6.262,6.278,6.261,6.268,30564.06
2026-07-25 06:00:00+00:00,6.269,6.283,6.242,6.26,37830.59
2026-07-25 07:00:00+00:00,6.26,6.265,6.24,6.245,28398.86
2026-07-25 08:00:00+00:00,6.246,6.278,6.231,6.241,48579.21
2026-07-25 09:00:00+00:00,6.24,6.291,6.238,6.275,41280.44
2026-07-25 10:00:00+00:00,6.275,6.284,6.27,6.28,14691.48
2026-07-25 11:00:00+00:00,6.28,6.302,6.274,6.289,36331.27
2026-07-25 12:00:00+00:00,6.29,6.344,6.279,6.318,126367.99
2026-07-25 13:00:00+00:00,6.318,6.507,6.309,6.478,333266.49
2026-07-25 14:00:00+00:00,6.479,6.6,6.479,6.557,521610.34
2026-07-25 15:00:00+00:00,6.557,6.599,6.534,6.58,326365.64
2026-07-25 16:00:00+00:00,6.58,6.735,6.575,6.667,506469.49
2026-07-25 17:00:00+00:00,6.667,6.689,6.646,6.665,217858.58
2026-07-25 18:00:00+00:00,6.665,6.717,6.624,6.694,133488.28
2026-07-25 19:00:00+00:00,6.694,6.722,6.661,6.713,132695.57
2026-07-25 20:00:00+00:00,6.713,6.749,6.677,6.73,156015.61
2026-07-25 21:00:00+00:00,6.731,6.8,6.725,6.754,273201.11
2026-07-25 22:00:00+00:00,6.755,6.845,6.752,6.8,299299.37
2026-07-25 23:00:00+00:00,6.801,6.81,6.724,6.777,465628.17
2026-07-26 00:00:00+00:00,6.777,6.801,6.733,6.776,107467.48
2026-07-26 01:00:00+00:00,6.776,6.815,6.758,6.782,85760.95
2026-07-26 02:00:00+00:00,6.782,6.805,6.756,6.793,79870.32
2026-07-26 03:00:00+00:00,6.794,6.794,6.737,6.764,79828.69
2026-07-26 04:00:00+00:00,6.764,6.783,6.749,6.755,52869.81
2026-07-26 05:00:00+00:00,6.755,6.807,6.74,6.784,142079.23
2026-07-26 06:00:00+00:00,6.784,6.819,6.776,6.794,110603.92
2026-07-26 07:00:00+00:00,6.793,6.831,6.754,6.784,95195.69
2026-07-26 08:00:00+00:00,6.783,6.786,6.739,6.758,61066.13
2026-07-26 09:00:00+00:00,6.758,6.762,6.729,6.736,83907.34
2026-07-26 10:00:00+00:00,6.736,6.738,6.7,6.724,103610.21
2026-07-26 11:00:00+00:00,6.724,6.733,6.694,6.7,61009.76
2026-07-26 12:00:00+00:00,6.701,6.722,6.687,6.702,73350.77
2026-07-26 13:00:00+00:00,6.702,6.702,6.666,6.675,70952.25
2026-07-26 14:00:00+00:00,6.674,6.706,6.645,6.67,84766.38
2026-07-26 15:00:00+00:00,6.671,6.702,6.666,6.695,41579.81
2026-07-26 16:00:00+00:00,6.694,6.725,6.681,6.691,40615.1
2026-07-26 17:00:00+00:00,6.691,6.703,6.681,6.684,27044.44
2026-07-26 18:00:00+00:00,6.683,6.689,6.671,6.674,39138.18
2026-07-26 19:00:00+00:00,6.673,6.679,6.662,6.669,30071.56
2026-07-26 20:00:00+00:00,6.669,6.678,6.666,6.677,15502.71
2026-07-26 21:00:00+00:00,6.678,6.687,6.669,6.675,24842.36
2026-07-26 22:00:00+00:00,6.676,6.742,6.676,6.724,74613.17
2026-07-26 23:00:00+00:00,6.724,6.756,6.714,6.746,45062.22
2026-07-27 00:00:00+00:00,6.746,6.747,6.713,6.729,37143.2
2026-07-27 01:00:00+00:00,6.728,6.734,6.687,6.725,34009.9
2026-07-27 02:00:00+00:00,6.726,6.726,6.686,6.689,21933.24
2026-07-27 03:00:00+00:00,6.69,6.705,6.677,6.69,28817.68
2026-07-27 04:00:00+00:00,6.69,6.713,6.688,6.694,54999.17
2026-07-27 05:00:00+00:00,6.695,6.71,6.676,6.7,49482.96
2026-07-27 06:00:00+00:00,6.7,6.746,6.692,6.702,46799.77
2026-07-27 07:00:00+00:00,6.702,6.714,6.669,6.682,48666.09
2026-07-27 08:00:00+00:00,6.683,6.684,6.622,6.634,107819.02
2026-07-27 09:00:00+00:00,6.633,6.638,6.597,6.613,147908.84
2026-07-27 10:00:00+00:00,6.612,6.657,6.603,6.651,92626.53
2026-07-27 11:00:00+00:00,6.651,6.685,6.64,6.669,72878.69
2026-07-27 12:00:00+00:00,6.668,6.695,6.651,6.676,52341.27
2026-07-27 13:00:00+00:00,6.677,6.682,6.609,6.641,112401.45
2026-07-27 14:00:00+00:00,6.641,6.66,6.509,6.527,202335.17
2026-07-27 15:00:00+00:00,6.527,6.567,6.481,6.544,153407.88
2026-07-27 16:00:00+00:00,6.544,6.633,6.532,6.616,137742.43
2026-07-27 17:00:00+00:00,6.617,6.62,6.57,6.578,46134.59
2026-07-27 18:00:00+00:00,6.578,6.583,6.55,6.577,61787.97
2026-07-27 19:00:00+00:00,6.578,6.615,6.564,6.614,36495.75
2026-07-27 20:00:00+00:00,6.614,6.621,6.597,6.602,18288.89
2026-07-27 21:00:00+00:00,6.602,6.614,6.561,6.577,42596.05
2026-07-27 22:00:00+00:00,6.578,6.578,6.44,6.45,118009.85
2026-07-27 23:00:00+00:00,6.451,6.451,6.376,6.408,230632.48
2026-07-28 00:00:00+00:00,6.407,6.451,6.389,6.426,51994.24
2026-07-28 01:00:00+00:00,6.427,6.432,6.358,6.374,93189.4
2026-07-28 02:00:00+00:00,6.374,6.426,6.365,6.415,44498.93
2026-07-28 03:00:00+00:00,6.415,6.44,6.409,6.434,22932.23
2026-07-28 04:00:00+00:00,6.434,6.454,6.43,6.446,14435.11
2026-07-28 05:00:00+00:00,6.446,6.457,6.419,6.421,31656.94
2026-07-28 06:00:00+00:00,6.422,6.449,6.403,6.445,40562.37
2026-07-28 07:00:00+00:00,6.445,6.469,6.426,6.447,43884.21
2026-07-28 08:00:00+00:00,6.446,6.446,6.42,6.438,25583.63
2026-07-28 09:00:00+00:00,6.437,6.461,6.431,6.442,21566.82
2026-07-28 10:00:00+00:00,6.441,6.484,6.44,6.469,23636.05
2026-07-28 11:00:00+00:00,6.469,6.482,6.45,6.461,41046.39
2026-07-28 12:00:00+00:00,6.461,6.49,6.456,6.485,41036.99
2026-07-28 13:00:00+00:00,6.485,6.503,6.373,6.418,130724.41
2026-07-28 14:00:00+00:00,6.419,6.461,6.402,6.449,36279.42
2026-07-28 15:00:00+00:00,6.449,6.59,6.439,6.573,99526.45
2026-07-28 16:00:00+00:00,6.574,6.577,6.516,6.56,92514.92
2026-07-28 17:00:00+00:00,6.56,6.563,6.502,6.52,34338.75
2026-07-28 18:00:00+00:00,6.521,6.539,6.513,6.537,12759.04
2026-07-28 19:00:00+00:00,6.537,6.607,6.537,6.595,53027.55
2026-07-28 20:00:00+00:00,6.595,6.602,6.567,6.582,40413.54
2026-07-28 21:00:00+00:00,6.582,6.629,6.582,6.605,50360.4
2026-07-28 22:00:00+00:00,6.605,6.617,6.536,6.536,48146.27
2026-07-28 23:00:00+00:00,6.536,6.58,6.525,6.577,25349.68
2026-07-29 00:00:00+00:00,6.578,6.638,6.565,6.568,58282.59
2026-07-29 01:00:00+00:00,6.567,6.571,6.506,6.509,24257.71
2026-07-29 02:00:00+00:00,6.509,6.533,6.487,6.507,40211.79
2026-07-29 03:00:00+00:00,6.507,6.51,6.411,6.412,57006.43
2026-07-29 04:00:00+00:00,6.413,6.415,6.308,6.414,208459.52
2026-07-29 05:00:00+00:00,6.414,6.433,6.405,6.425,40707.21
2026-07-29 06:00:00+00:00,6.425,6.454,6.385,6.434,53930.05
2026-07-29 07:00:00+00:00,6.435,6.438,6.41,6.427,39174.79
2026-07-29 08:00:00+00:00,6.428,6.428,6.376,6.409,65489.49
2026-07-29 09:00:00+00:00,6.41,6.434,6.406,6.416,46481.88
2026-07-29 10:00:00+00:00,6.416,6.433,6.391,6.406,43076.3
2026-07-29 11:00:00+00:00,6.407,6.42,6.388,6.415,24092.5
2026-07-29 12:00:00+00:00,6.416,6.416,6.383,6.389,34287.65
2026-07-29 13:00:00+00:00,6.388,6.41,6.359,6.401,55229.37
2026-07-29 14:00:00+00:00,6.401,6.415,6.367,6.379,49446.63
2026-07-29 15:00:00+00:00,6.378,6.405,6.37,6.384,35588.25
2026-07-29 16:00:00+00:00,6.383,6.403,6.362,6.385,25439.12
2026-07-29 17:00:00+00:00,6.385,6.439,6.385,6.438,40400.26
2026-07-29 18:00:00+00:00,6.438,6.497,6.404,6.474,104333.18
2026-07-29 19:00:00+00:00,6.474,6.489,6.341,6.364,66585.37
2026-07-29 20:00:00+00:00,6.364,6.385,6.312,6.347,76021.56
2026-07-29 21:00:00+00:00,6.347,6.395,6.313,6.392,40069.73
2026-07-29 22:00:00+00:00,6.392,6.423,6.39,6.421,35452.52
2026-07-29 23:00:00+00:00,6.422,6.438,6.402,6.432,29189.83
2026-07-30 00:00:00+00:00,6.432,6.446,6.391,6.401,22502.9
2026-07-30 01:00:00+00:00,6.402,6.522,6.402,6.5,54763.68
2026-07-30 02:00:00+00:00,6.501,6.527,6.489,6.491,56333.89
2026-07-30 03:00:00+00:00,6.492,6.526,6.482,6.487,34533.79
2026-07-30 04:00:00+00:00,6.487,6.491,6.427,6.438,37337.12
2026-07-30 05:00:00+00:00,6.438,6.479,6.424,6.457,20070.19
2026-07-30 06:00:00+00:00,6.458,6.459,6.432,6.437,13568.31
2026-07-30 07:00:00+00:00,6.436,6.46,6.418,6.424,16847.23
2026-07-30 08:00:00+00:00,6.423,6.45,6.419,6.447,17321.0
2026-07-30 09:00:00+00:00,6.448,6.46,6.436,6.44,45899.41
2026-07-30 10:00:00+00:00,6.441,6.471,6.437,6.459,17709.97
2026-07-30 11:00:00+00:00,6.459,6.508,6.457,6.495,37905.44
2026-07-30 12:00:00+00:00,6.496,6.512,6.457,6.463,43556.65
2026-07-30 13:00:00+00:00,6.463,6.481,6.419,6.481,46736.64
2026-07-30 14:00:00+00:00,6.481,6.507,6.446,6.49,60794.87
2026-07-30 15:00:00+00:00,6.489,6.497,6.446,6.455,24636.21
2026-07-30 16:00:00+00:00,6.455,6.501,6.453,6.482,57024.66
2026-07-30 17:00:00+00:00,6.482,6.497,6.471,6.485,34128.52
2026-07-30 18:00:00+00:00,6.486,6.498,6.456,6.462,20603.15
2026-07-30 19:00:00+00:00,6.462,6.481,6.45,6.473,16400.16
2026-07-30 20:00:00+00:00,6.474,6.491,6.451,6.457,38789.18
2026-07-30 21:00:00+00:00,6.456,6.469,6.449,6.454,21065.11
2026-07-30 22:00:00+00:00,6.453,6.48,6.445,6.457,12365.02
2026-07-30 23:00:00+00:00,6.457,6.478,6.434,6.434,20941.03
2026-07-31 00:00:00+00:00,6.435,6.45,6.431,6.446,18643.72
2026-07-31 01:00:00+00:00,6.447,6.544,6.447,6.484,69794.68
2026-07-31 02:00:00+00:00,6.483,6.491,6.408,6.416,25686.29
2026-07-31 03:00:00+00:00,6.417,6.468,6.397,6.455,19912.36
2026-07-31 04:00:00+00:00,6.454,6.463,6.431,6.452,14062.48
2026-07-31 05:00:00+00:00,6.452,6.483,6.44,6.459,25155.94
2026-07-31 06:00:00+00:00,6.459,6.466,6.422,6.442,29450.65
2026-07-31 07:00:00+00:00,6.441,6.472,6.392,6.456,39092.03
2026-07-31 08:00:00+00:00,6.456,6.478,6.452,6.463,16023.24
2026-07-31 09:00:00+00:00,6.464,6.473,6.415,6.422,24837.92
2026-07-31 10:00:00+00:00,6.423,6.484,6.404,6.481,31920.51
2026-07-31 11:00:00+00:00,6.482,6.524,6.449,6.462,37084.79
2026-07-31 12:00:00+00:00,6.463,6.464,6.418,6.449,42362.25
2026-07-31 13:00:00+00:00,6.45,6.506,6.38,6.387,86543.15
2026-07-31 14:00:00+00:00,6.388,6.431,6.331,6.41,144444.13
2026-07-31 15:00:00+00:00,6.409,6.417,6.381,6.403,32003.71
2026-07-31 16:00:00+00:00,6.404,6.428,6.403,6.419,34259.23
2026-07-31 17:00:00+00:00,6.419,6.475,6.414,6.462,22449.72
2026-07-31 18:00:00+00:00,6.462,6.477,6.441,6.457,23565.79
2026-07-31 19:00:00+00:00,6.456,6.463,6.412,6.424,12981.34
2026-07-31 20:00:00+00:00,6.424,6.453,6.397,6.4,25935.94
2026-07-31 21:00:00+00:00,6.4,6.425,6.388,6.399,13969.98
2026-07-31 22:00:00+00:00,6.398,6.413,6.386,6.391,17575.57
2026-07-31 23:00:00+00:00,6.391,6.399,6.382,6.386,12064.6
2026-08-01 00:00:00+00:00,6.387,6.405,6.381,6.388,29049.27
2026-08-01 01:00:00+00:00,6.388,6.421,6.388,6.414,13689.39
2026-08-01 02:00:00+00:00,6.415,6.424,6.403,6.416,14254.7
2026-08-01 03:00:00+00:00,6.416,6.419,6.398,6.409,14576.88
2026-08-01 04:00:00+00:00,6.409,6.449,6.409,6.442,15696.87
2026-08-01 05:00:00+00:00,6.442,6.453,6.396,6.409,28680.97
2026-08-01 06:00:00+00:00,6.409,6.417,6.395,6.413,19064.45
2026-08-01 07:00:00+00:00,6.413,6.425,6.373,6.379,25160.79
2026-08-01 08:00:00+00:00,6.379,6.384,6.361,6.374,30251.16
2026-08-01 09:00:00+00:00,6.373,6.374,6.342,6.347,23358.68
2026-08-01 10:00:00+00:00,6.348,6.354,6.323,6.347,35337.66
2026-08-01 11:00:00+00:00,6.348,6.35,6.33,6.334,38200.48
2026-08-01 12:00:00+00:00,6.334,6.361,6.325,6.351,19475.12
2026-08-01 13:00:00+00:00,6.351,6.364,6.348,6.357,14759.17
2026-08-01 14:00:00+00:00,6.356,6.369,6.351,6.368,11154.47
2026-08-01 15:00:00+00:00,6.368,6.379,6.36,6.375,12996.02
2026-08-01 16:00:00+00:00,6.374,6.388,6.35,6.361,16940.08
2026-08-01 17:00:00+00:00,6.36,6.367,6.286,6.305,58846.97
2026-08-01 18:00:00+00:00,6.304,6.306,6.04,6.104,393210.09
2026-08-01 19:00:00+00:00,6.103,6.157,6.089,6.132,106645.93
2026-08-01 20:00:00+00:00,6.132,6.157,6.108,6.153,110092.69
2026-08-01 21:00:00+00:00,6.153,6.195,6.152,6.189,68768.36
2026-08-01 22:00:00+00:00,6.189,6.211,6.182,6.185,41711.52
2026-08-01 23:00:00+00:00,6.185,6.201,6.185,6.191,25115.39
2026-08-02 00:00:00+00:00,6.191,6.206,6.185,6.199,30985.34
2026-08-02 01:00:00+00:00,6.2,6.232,6.199,6.224,39279.42
2026-08-02 02:00:00+00:00,6.224,6.347,6.214,6.325,66400.06
2026-08-02 03:00:00+00:00,6.326,6.349,6.317,6.321,42498.8
2026-08-02 04:00:00+00:00,6.322,6.543,6.322,6.48,229839.58
2026-08-02 05:00:00+00:00,6.481,6.687,6.481,6.577,440793.07
2026-08-02 06:00:00+00:00,6.577,6.634,6.57,6.611,209205.73
2026-08-02 07:00:00+00:00,6.611,6.631,6.579,6.611,152499.06
2026-08-02 08:00:00+00:00,6.612,6.617,6.56,6.576,156405.96
2026-08-02 09:00:00+00:00,6.576,6.656,6.554,6.616,191339.42
2026-08-02 10:00:00+00:00,6.616,6.616,6.581,6.593,94498.54
2026-08-02 11:00:00+00:00,6.592,6.632,6.58,6.596,131935.68
2026-08-02 12:00:00+00:00,6.596,6.606,6.556,6.564,87744.81
2026-08-02 13:00:00+00:00,6.563,6.6,6.557,6.595,54422.53
2026-08-02 14:00:00+00:00,6.594,6.609,6.563,6.589,60840.05
2026-08-02 15:00:00+00:00,6.589,6.614,6.589,6.596,37762.57
2026-08-02 16:00:00+00:00,6.596,6.607,6.564,6.587,74033.44
2026-08-02 17:00:00+00:00,6.587,6.646,6.579,6.625,69482.35
2026-08-02 18:00:00+00:00,6.624,6.674,6.622,6.625,69284.98
2026-08-02 19:00:00+00:00,6.624,6.624,6.586,6.602,51954.16
2026-08-02 20:00:00+00:00,6.601,6.606,6.576,6.587,50751.3
2026-08-02 21:00:00+00:00,6.587,6.671,6.586,6.643,33805.62
2026-08-02 22:00:00+00:00,6.643,6.663,6.57,6.6,52465.86
2026-08-02 23:00:00+00:00,6.599,6.601,6.53,6.553,89553.38
2026-08-03 00:00:00+00:00,6.552,6.564,6.519,6.538,82466.48
2026-08-03 01:00:00+00:00,6.537,6.547,6.509,6.516,40222.72
2026-08-03 02:00:00+00:00,6.516,6.516,6.469,6.486,67664.4
2026-08-03 03:00:00+00:00,6.485,6.485,6.392,6.427,123716.16
2026-08-03 04:00:00+00:00,6.427,6.451,6.407,6.412,67699.45
2026-08-03 05:00:00+00:00,6.412,6.43,6.401,6.429,36745.59
2026-08-03 06:00:00+00:00,6.43,6.43,6.389,6.393,40349.83
2026-08-03 07:00:00+00:00,6.393,6.417,6.382,6.402,46810.19
2026-08-03 08:00:00+00:00,6.401,6.433,6.369,6.428,61023.02
2026-08-03 09:00:00+00:00,6.428,6.458,6.404,6.454,31206.89
2026-08-03 10:00:00+00:00,6.455,6.462,6.434,6.443,19905.28
2026-08-03 11:00:00+00:00,6.443,6.46,6.425,6.443,36556.17
2026-08-03 12:00:00+00:00,6.443,6.455,6.419,6.442,63351.24
2026-08-03 13:00:00+00:00,6.442,6.549,6.44,6.546,70631.32
2026-08-03 14:00:00+00:00,6.545,6.551,6.508,6.542,51763.23
2026-08-03 15:00:00+00:00,6.541,6.545,6.5,6.513,62764.4
2026-08-03 16:00:00+00:00,6.513,6.558,6.513,6.532,76016.73
2026-08-03 17:00:00+00:00,6.532,6.553,6.523,6.538,44315.75
2026-08-03 18:00:00+00:00,6.538,6.586,6.534,6.57,37867.85
2026-08-03 19:00:00+00:00,6.57,6.598,6.565,6.577,69429.09
2026-08-03 20:00:00+00:00,6.578,6.593,6.561,6.583,41472.67
2026-08-03 21:00:00+00:00,6.583,6.585,6.56,6.577,34943.45
2026-08-03 22:00:00+00:00,6.576,6.584,6.548,6.577,43391.49
2026-08-03 23:00:00+00:00,6.576,6.577,6.56,6.575,17028.48
2026-08-04 00:00:00+00:00,6.574,6.616,6.563,6.589,81168.54
2026-08-04 01:00:00+00:00,6.589,6.932,6.587,6.868,623493.84
2026-08-04 02:00:00+00:00,6.869,6.987,6.78,6.919,323259.74
2026-08-04 03:00:00+00:00,6.919,6.953,6.854,6.865,192743.38
2026-08-04 04:00:00+00:00,6.866,6.918,6.838,6.878,143312.45
2026-08-04 05:00:00+00:00,6.877,6.9,6.827,6.838,104241.19
2026-08-04 06:00:00+00:00,6.839,6.854,6.788,6.804,115900.9
2026-08-04 07:00:00+00:00,6.804,6.835,6.768,6.833,71503.74
2026-08-04 08:00:00+00:00,6.833,6.835,6.762,6.77,108387.57
2026-08-04 09:00:00+00:00,6.77,6.8,6.761,6.8,66153.41
2026-08-04 10:00:00+00:00,6.8,6.85,6.787,6.8,71321.16
2026-08-04 11:00:00+00:00,6.8,6.824,6.791,6.819,59151.74
2026-08-04 12:00:00+00:00,6.818,6.829,6.78,6.802,101719.36
2026-08-04 13:00:00+00:00,6.802,6.837,6.723,6.747,143193.84
2026-08-04 14:00:00+00:00,6.747,6.761,6.693,6.741,106992.64
2026-08-04 15:00:00+00:00,6.74,6.762,6.686,6.757,82335.39
2026-08-04 16:00:00+00:00,6.759,6.76,6.712,6.722,34953.06
2026-08-04 17:00:00+00:00,6.721,6.737,6.7,6.703,31988.04
2026-08-04 18:00:00+00:00,6.702,6.746,6.699,6.737,36316.51
2026-08-04 19:00:00+00:00,6.737,6.748,6.721,6.732,19878.21
2026-08-04 20:00:00+00:00,6.731,6.739,6.696,6.714,36275.23
2026-08-04 21:00:00+00:00,6.714,6.721,6.695,6.705,28887.16
2026-08-04 22:00:00+00:00,6.705,6.72,6.637,6.719,111045.44
2026-08-04 23:00:00+00:00,6.72,6.727,6.682,6.688,37547.88
2026-08-05 00:00:00+00:00,6.688,6.694,6.656,6.666,59768.77
2026-08-05 01:00:00+00:00,6.665,6.681,6.652,6.67,32788.41
2026-08-05 02:00:00+00:00,6.671,6.708,6.667,6.697,41018.33
2026-08-05 03:00:00+00:00,6.697,6.703,6.6,6.626,127902.56
2026-08-05 04:00:00+00:00,6.627,6.658,6.627,6.654,23335.42
2026-08-05 05:00:00+00:00,6.654,6.686,6.653,6.682,62035.06
2026-08-05 06:00:00+00:00,6.682,6.721,6.679,6.694,51586.18
2026-08-05 07:00:00+00:00,6.693,6.695,6.662,6.684,16345.21
2026-08-05 08:00:00+00:00,6.683,6.704,6.661,6.663,33931.17
2026-08-05 09:00:00+00:00,6.664,6.687,6.664,6.67,20173.27
2026-08-05 10:00:00+00:00,6.669,6.696,6.659,6.668,64086.33
2026-08-05 11:00:00+00:00,6.669,6.685,6.655,6.661,31297.94
2026-08-05 12:00:00+00:00,6.661,6.72,6.658,6.672,51388.69
2026-08-05 13:00:00+00:00,6.671,6.674,6.531,6.618,193686.36
2026-08-05 14:00:00+00:00,6.618,6.652,6.609,6.635,78723.68
2026-08-05 15:00:00+00:00,6.636,6.682,6.622,6.647,78606.46
2026-08-05 16:00:00+00:00,6.647,6.7,6.644,6.677,102862.89
2026-08-05 17:00:00+00:00,6.677,6.686,6.654,6.679,87446.56
2026-08-05 18:00:00+00:00,6.679,6.698,6.67,6.685,28363.49
2026-08-05 19:00:00+00:00,6.685,6.694,6.664,6.665,25911.68
2026-08-05 20:00:00+00:00,6.665,6.706,6.664,6.682,42696.26
2026-08-05 21:00:00+00:00,6.682,6.682,6.642,6.654,27982.13
2026-08-05 22:00:00+00:00,6.654,6.674,6.646,6.653,11442.8
2026-08-05 23:00:00+00:00,6.654,6.672,6.642,6.661,27220.16
2026-08-06 00:00:00+00:00,6.662,6.681,6.65,6.66,15338.22
2026-08-06 01:00:00+00:00,6.659,6.669,6.622,6.645,32578.0
2026-08-06 02:00:00+00:00,6.644,6.654,6.614,6.651,34715.55
2026-08-06 03:00:00+00:00,6.651,6.671,6.638,6.67,19842.91
2026-08-06 04:00:00+00:00,6.669,6.7,6.657,6.671,55262.8
2026-08-06 05:00:00+00:00,6.67,6.703,6.662,6.672,22469.96
2026-08-06 06:00:00+00:00,6.673,6.681,6.652,6.674,16764.71
2026-08-06 07:00:00+00:00,6.673,6.698,6.666,6.687,26152.24
2026-08-06 08:00:00+00:00,6.687,6.692,6.658,6.677,21361.97
2026-08-06 09:00:00+00:00,6.677,6.68,6.491,6.526,284333.25
2026-08-06 10:00:00+00:00,6.525,6.525,6.35,6.41,680754.93
2026-08-06 11:00:00+00:00,6.411,6.455,6.389,6.442,153097.14
2026-08-06 12:00:00+00:00,6.442,6.45,6.412,6.417,119523.81
2026-08-06 13:00:00+00:00,6.416,6.434,6.396,6.42,144467.13
2026-08-06 14:00:00+00:00,6.42,6.458,6.405,6.454,79829.13
2026-08-06 15:00:00+00:00,6.454,6.479,6.44,6.47,76269.57
2026-08-06 16:00:00+00:00,6.472,6.505,6.438,6.504,136897.14
2026-08-06 17:00:00+00:00,6.503,6.508,6.459,6.463,43755.62
2026-08-06 18:00:00+00:00,6.462,6.486,6.443,6.453,57643.98
2026-08-06 19:00:00+00:00,6.453,6.468,6.445,6.449,17295.39
2026-08-06 20:00:00+00:00,6.449,6.471,6.448,6.459,21915.61
2026-08-06 21:00:00+00:00,6.459,6.471,6.453,6.464,19798.45
2026-08-06 22:00:00+00:00,6.465,6.477,6.451,6.454,17344.63
2026-08-06 23:00:00+00:00,6.454,6.458,6.41,6.441,37803.77
2026-08-07 00:00:00+00:00,6.44,6.448,6.403,6.419,42093.2
2026-08-07 01:00:00+00:00,6.42,6.435,6.4,6.418,27385.77
2026-08-07 02:00:00+00:00,6.417,6.436,6.394,6.426,33539.25
2026-08-07 03:00:00+00:00,6.427,6.446,6.406,6.408,33483.76
2026-08-07 04:00:00+00:00,6.407,6.41,6.389,6.398,49922.23
2026-08-07 05:00:00+00:00,6.398,6.411,6.372,6.409,39656.92
2026-08-07 06:00:00+00:00,6.408,6.435,6.402,6.418,29015.26
2026-08-07 07:00:00+00:00,6.418,6.435,6.402,6.415,23557.95
2026-08-07 08:00:00+00:00,6.414,6.44,6.409,6.412,39703.12
2026-08-07 09:00:00+00:00,6.413,6.48,6.413,6.454,80793.51
2026-08-07 10:00:00+00:00,6.454,6.462,6.429,6.449,71343.52
2026-08-07 11:00:00+00:00,6.45,6.472,6.45,6.466,34699.16
2026-08-07 12:00:00+00:00,6.467,6.526,6.465,6.496,116197.38
2026-08-07 13:00:00+00:00,6.497,6.505,6.477,6.479,35457.07
2026-08-07 14:00:00+00:00,6.48,6.489,6.407,6.428,84409.6
2026-08-07 15:00:00+00:00,6.428,6.453,6.424,6.44,31254.51
2026-08-07 16:00:00+00:00,6.441,6.462,6.407,6.407,38590.06
2026-08-07 17:00:00+00:00,6.406,6.409,6.361,6.396,76286.1
2026-08-07 18:00:00+00:00,6.397,6.414,6.393,6.41,26564.76
2026-08-07 19:00:00+00:00,6.41,6.456,6.408,6.446,31080.75
2026-08-07 20:00:00+00:00,6.446,6.452,6.438,6.45,12910.57
2026-08-07 21:00:00+00:00,6.45,6.478,6.447,6.447,23453.08
2026-08-07 22:00:00+00:00,6.447,6.447,6.422,6.424,14056.81
2026-08-07 23:00:00+00:00,6.424,6.444,6.423,6.435,9487.52
2026-08-08 00:00:00+00:00,6.434,6.438,6.419,6.437,10920.56
2026-08-08 01:00:00+00:00,6.437,6.595,6.436,6.552,79803.36
2026-08-08 02:00:00+00:00,6.553,6.567,6.523,6.536,56960.7
2026-08-08 03:00:00+00:00,6.536,6.544,6.517,6.525,27823.57
2026-08-08 04:00:00+00:00,6.526,6.549,6.516,6.523,25089.06
2026-08-08 05:00:00+00:00,6.523,6.552,6.522,6.53,29687.84
2026-08-08 06:00:00+00:00,6.53,6.539,6.513,6.518,17453.74
2026-08-08 07:00:00+00:00,6.518,6.527,6.506,6.521,9682.34
2026-08-08 08:00:00+00:00,6.521,6.544,6.514,6.534,31855.26
2026-08-08 09:00:00+00:00,6.534,6.567,6.534,6.542,29785.04
2026-08-08 10:00:00+00:00,6.541,6.555,6.503,6.527,94521.4
2026-08-08 11:00:00+00:00,6.527,6.58,6.519,6.551,84102.33
2026-08-08 12:00:00+00:00,6.551,6.566,6.533,6.537,17713.75
2026-08-08 13:00:00+00:00,6.538,6.538,6.517,6.517,52781.38
2026-08-08 14:00:00+00:00,6.517,6.567,6.516,6.55,52556.01
2026-08-08 15:00:00+00:00,6.551,6.566,6.537,6.544,25249.99
2026-08-08 16:00:00+00:00,6.545,6.561,6.541,6.549,36329.26
2026-08-08 17:00:00+00:00,6.549,6.559,6.539,6.541,17007.59
2026-08-08 18:00:00+00:00,6.541,6.541,6.523,6.534,23584.1
2026-08-08 19:00:00+00:00,6.533,6.537,6.52,6.525,10883.5
2026-08-08 20:00:00+00:00,6.525,6.531,6.51,6.518,25077.18
2026-08-08 21:00:00+00:00,6.518,6.527,6.514,6.515,21703.55
2026-08-08 22:00:00+00:00,6.516,6.516,6.461,6.473,55390.71
2026-08-08 23:00:00+00:00,6.472,6.486,6.464,6.482,19041.25
2026-08-09 00:00:00+00:00,6.481,6.486,6.457,6.486,57772.93
2026-08-09 01:00:00+00:00,6.485,6.493,6.472,6.48,17299.51
2026-08-09 02:00:00+00:00,6.481,6.493,6.472,6.475,10978.99
2026-08-09 03:00:00+00:00,6.475,6.477,6.439,6.462,26750.7
2026-08-09 04:00:00+00:00,6.461,6.485,6.455,6.475,12522.84
2026-08-09 05:00:00+00:00,6.474,6.474,6.433,6.456,32881.1
2026-08-09 06:00:00+00:00,6.456,6.497,6.451,6.493,19627.34
2026-08-09 07:00:00+00:00,6.493,6.497,6.472,6.484,27495.73
2026-08-09 08:00:00+00:00,6.485,6.503,6.463,6.475,18412.44
2026-08-09 09:00:00+00:00,6.475,6.494,6.465,6.483,14814.42
2026-08-09 10:00:00+00:00,6.483,6.494,6.478,6.48,19172.16
2026-08-09 11:00:00+00:00,6.48,6.484,6.465,6.476,16010.11
2026-08-09 12:00:00+00:00,6.475,6.476,6.456,6.467,25174.36
2026-08-09 13:00:00+00:00,6.466,6.49,6.454,6.48,70307.83
2026-08-09 14:00:00+00:00,6.481,6.511,6.477,6.503,20695.83
2026-08-09 15:00:00+00:00,6.504,6.556,6.504,6.55,34040.19
2026-08-09 16:00:00+00:00,6.551,6.59,6.537,6.539,94317.55
2026-08-09 17:00:00+00:00,6.54,6.566,6.538,6.55,23088.87
2026-08-09 18:00:00+00:00,6.55,6.558,6.529,6.54,27394.49
2026-08-09 19:00:00+00:00,6.539,6.595,6.534,6.565,127650.52
2026-08-09 20:00:00+00:00,6.566,6.573,6.539,6.566,62469.85
2026-08-09 21:00:00+00:00,6.566,6.585,6.546,6.563,35693.17
2026-08-09 22:00:00+00:00,6.564,6.589,6.48,6.496,39561.82
2026-08-09 23:00:00+00:00,6.496,6.502,6.386,6.421,106297.05
2026-08-10 00:00:00+00:00,6.421,6.476,6.376,6.463,73435.95
2026-08-10 01:00:00+00:00,6.463,6.539,6.452,6.526,28687.04
2026-08-10 02:00:00+00:00,6.527,6.529,6.464,6.511,16700.41
2026-08-10 03:00:00+00:00,6.511,6.52,6.461,6.486,14207.86
2026-08-10 04:00:00+00:00,6.485,6.526,6.485,6.499,17707.81
2026-08-10 05:00:00+00:00,6.5,6.57,6.498,6.545,40306.51
2026-08-10 06:00:00+00:00,6.546,6.575,6.518,6.536,33570.1
2026-08-10 07:00:00+00:00,6.537,6.553,6.523,6.537,33788.07
2026-08-10 08:00:00+00:00,6.537,6.549,6.508,6.515,43830.44
2026-08-10 09:00:00+00:00,6.514,6.526,6.497,6.509,29263.09
2026-08-10 10:00:00+00:00,6.509,6.536,6.498,6.525,16656.16
2026-08-10 11:00:00+00:00,6.525,6.549,6.518,6.549,19781.34
2026-08-10 12:00:00+00:00,6.55,6.582,6.527,6.533,61119.16
2026-08-10 13:00:00+00:00,6.533,6.553,6.515,6.533,63224.58
2026-08-10 14:00:00+00:00,6.533,6.568,6.517,6.522,52231.62
2026-08-10 15:00:00+00:00,6.521,6.536,6.472,6.489,60575.79
2026-08-10 16:00:00+00:00,6.488,6.488,6.419,6.433,107558.51
2026-08-10 17:00:00+00:00,6.434,6.502,6.426,6.488,39048.44
2026-08-10 18:00:00+00:00,6.487,6.497,6.478,6.495,16328.9
2026-08-10 19:00:00+00:00,6.494,6.496,6.461,6.473,35704.09
2026-08-10 20:00:00+00:00,6.473,6.473,6.455,6.458,9455.95
2026-08-10 21:00:00+00:00,6.457,6.457,6.419,6.425,29985.25
2026-08-10 22:00:00+00:00,6.426,6.44,6.413,6.424,16568.92
2026-08-10 23:00:00+00:00,6.424,6.442,6.417,6.436,18866.62
2026-08-11 00:00:00+00:00,6.436,6.484,6.432,6.478,33891.86
2026-08-11 01:00:00+00:00,6.477,6.537,6.473,6.527,44404.68
2026-08-11 02:00:00+00:00,6.527,6.555,6.525,6.54,47929.5
2026-08-11 03:00:00+00:00,6.541,6.556,6.531,6.541,21088.14
2026-08-11 04:00:00+00:00,6.54,6.548,6.512,6.532,19059.69
2026-08-11 05:00:00+00:00,6.531,6.531,6.491,6.498,26596.42
2026-08-11 06:00:00+00:00,6.498,6.52,6.475,6.487,41861.48
2026-08-11 07:00:00+00:00,6.487,6.496,6.471,6.484,22645.56
2026-08-11 08:00:00+00:00,6.485,6.497,6.472,6.49,26516.19
2026-08-11 09:00:00+00:00,6.49,6.527,6.472,6.51,47309.76
2026-08-11 10:00:00+00:00,6.51,6.516,6.46,6.498,33119.69
2026-08-11 11:00:00+00:00,6.498,6.525,6.496,6.508,26231.43
2026-08-11 12:00:00+00:00,6.509,6.514,6.47,6.481,31588.45
2026-08-11 13:00:00+00:00,6.48,6.482,6.422,6.426,110054.86
2026-08-11 14:00:00+00:00,6.426,6.431,6.224,6.253,336354.71
2026-08-11 15:00:00+00:00,6.253,6.253,6.11,6.217,579434.22
2026-08-11 16:00:00+00:00,6.217,6.255,6.189,6.219,134518.05
2026-08-11 17:00:00+00:00,6.219,6.238,6.208,6.211,90208.02
2026-08-11 18:00:00+00:00,6.211,6.245,6.207,6.239,68004.37
2026-08-11 19:00:00+00:00,6.239,6.279,6.22,6.279,60367.6
2026-08-11 20:00:00+00:00,6.279,6.331,6.275,6.309,67145.19
2026-08-11 21:00:00+00:00,6.309,6.323,6.293,6.316,44841.65
2026-08-11 22:00:00+00:00,6.317,6.335,6.308,6.321,27571.62
2026-08-11 23:00:00+00:00,6.321,6.329,6.307,6.322,21992.32
2026-08-12 00:00:00+00:00,6.324,6.327,6.28,6.291,64298.18
2026-08-12 01:00:00+00:00,6.291,6.312,6.283,6.294,55458.32
2026-08-12 02:00:00+00:00,6.294,6.305,6.284,6.291,27342.36
2026-08-12 03:00:00+00:00,6.292,6.31,6.264,6.287,38873.07
2026-08-12 04:00:00+00:00,6.286,6.316,6.279,6.294,30708.98
2026-08-12 05:00:00+00:00,6.295,6.3,6.286,6.294,23849.76
2026-08-12 06:00:00+00:00,6.294,6.294,6.237,6.244,126554.57
2026-08-12 07:00:00+00:00,6.244,6.268,6.21,6.237,129893.24
2026-08-12 08:00:00+00:00,6.236,6.251,6.22,6.223,73610.28
2026-08-12 09:00:00+00:00,6.222,6.268,6.216,6.253,58170.7
2026-08-12 10:00:00+00:00,6.253,6.295,6.25,6.284,85904.1
2026-08-12 11:00:00+00:00,6.285,6.314,6.272,6.31,38393.97
2026-08-12 12:00:00+00:00,6.311,6.546,6.305,6.409,500159.96
2026-08-12 13:00:00+00:00,6.41,6.429,6.347,6.353,146429.13
2026-08-12 14:00:00+00:00,6.352,6.368,6.282,6.296,146230.52
2026-08-12 15:00:00+00:00,6.295,6.401,6.292,6.377,97685.97
2026-08-12 16:00:00+00:00,6.377,6.38,6.329,6.349,43294.11
2026-08-12 17:00:00+00:00,6.35,6.372,6.334,6.363,61569.2
2026-08-12 18:00:00+00:00,6.363,6.4,6.363,6.381,94571.08
2026-08-12 19:00:00+00:00,6.38,6.391,6.324,6.357,101896.9
2026-08-12 20:00:00+00:00,6.356,6.425,6.354,6.39,67691.7
2026-08-12 21:00:00+00:00,6.389,6.404,6.314,6.338,83420.74
2026-08-12 22:00:00+00:00,6.338,6.353,6.298,6.312,51760.6
2026-08-12 23:00:00+00:00,6.313,6.328,6.298,6.32,25267.15
2026-08-13 00:00:00+00:00,6.319,6.383,6.317,6.373,42756.21
2026-08-13 01:00:00+00:00,6.372,6.412,6.361,6.403,44837.33
2026-08-13 02:00:00+00:00,6.402,6.425,6.377,6.42,48368.83
2026-08-13 03:00:00+00:00,6.421,6.526,6.421,6.512,213073.92
2026-08-13 04:00:00+00:00,6.512,6.55,6.489,6.505,194375.75
2026-08-13 05:00:00+00:00,6.506,6.544,6.487,6.516,113399.79
2026-08-13 06:00:00+00:00,6.516,6.548,6.516,6.537,107925.3
2026-08-13 07:00:00+00:00,6.537,6.548,6.511,6.519,102144.08
2026-08-13 08:00:00+00:00,6.519,6.536,6.496,6.515,91787.99
2026-08-13 09:00:00+00:00,6.515,6.516,6.476,6.503,66594.32
2026-08-13 10:00:00+00:00,6.503,6.518,6.482,6.514,63785.13
2026-08-13 11:00:00+00:00,6.515,6.519,6.48,6.505,56163.84
2026-08-13 12:00:00+00:00,6.505,6.55,6.498,6.548,104720.78
2026-08-13 13:00:00+00:00,6.549,6.55,6.482,6.494,83689.79
2026-08-13 14:00:00+00:00,6.493,6.527,6.469,6.492,78452.35
2026-08-13 15:00:00+00:00,6.492,6.499,6.411,6.412,100958.36
2026-08-13 16:00:00+00:00,6.411,6.419,6.366,6.394,172077.9
2026-08-13 17:00:00+00:00,6.394,6.42,6.391,6.418,39394.16
2026-08-13 18:00:00+00:00,6.418,6.443,6.412,6.432,21832.93
2026-08-13 19:00:00+00:00,6.433,6.44,6.418,6.423,24747.84
2026-08-13 20:00:00+00:00,6.424,6.427,6.408,6.417,14328.48
2026-08-13 21:00:00+00:00,6.416,6.429,6.408,6.423,8472.79
2026-08-13 22:00:00+00:00,6.423,6.447,6.421,6.445,13442.95
2026-08-13 23:00:00+00:00,6.445,6.458,6.438,6.457,21591.17
2026-08-14 00:00:00+00:00,6.457,6.484,6.45,6.467,46968.09
2026-08-14 01:00:00+00:00,6.466,6.49,6.455,6.469,39807.85
2026-08-14 02:00:00+00:00,6.469,6.474,6.437,6.449,24270.19
2026-08-14 03:00:00+00:00,6.449,6.45,6.411,6.417,33897.95
2026-08-14 04:00:00+00:00,6.417,6.437,6.406,6.433,17355.02
2026-08-14 05:00:00+00:00,6.433,6.436,6.416,6.429,18443.88
2026-08-14 06:00:00+00:00,6.43,6.431,6.381,6.382,32496.55
2026-08-14 07:00:00+00:00,6.381,6.409,6.372,6.377,62605.65
2026-08-14 08:00:00+00:00,6.378,6.407,6.377,6.393,34404.27
2026-08-14 09:00:00+00:00,6.393,6.396,6.358,6.359,32711.29
2026-08-14 10:00:00+00:00,6.359,6.381,6.351,6.365,28371.96
2026-08-14 11:00:00+00:00,6.365,6.374,6.357,6.362,22436.68
2026-08-14 12:00:00+00:00,6.362,6.384,6.348,6.384,35110.34
2026-08-14 13:00:00+00:00,6.383,6.405,6.362,6.394,51568.26
2026-08-14 14:00:00+00:00,6.394,6.403,6.375,6.386,30798.1
2026-08-14 15:00:00+00:00,6.385,6.451,6.373,6.439,43886.98
2026-08-14 16:00:00+00:00,6.44,6.459,6.423,6.444,30469.62
2026-08-14 17:00:00+00:00,6.445,6.494,6.441,6.442,42977.15
2026-08-14 18:00:00+00:00,6.443,6.447,6.407,6.428,28486.31
2026-08-14 19:00:00+00:00,6.427,6.459,6.402,6.432,32547.51
2026-08-14 20:00:00+00:00,6.433,6.441,6.423,6.425,15269.27
2026-08-14 21:00:00+00:00,6.424,6.429,6.392,6.402,46376.96
2026-08-14 22:00:00+00:00,6.402,6.432,6.39,6.43,22031.73
2026-08-14 23:00:00+00:00,6.431,6.495,6.43,6.476,33667.78
2026-08-15 00:00:00+00:00,6.477,6.515,6.477,6.5,49939.62
2026-08-15 01:00:00+00:00,6.5,6.504,6.478,6.489,50057.17
2026-08-15 02:00:00+00:00,6.49,6.877,6.49,6.766,701341.96
2026-08-15 03:00:00+00:00,6.767,6.86,6.746,6.77,518426.23
2026-08-15 04:00:00+00:00,6.77,6.793,6.687,6.723,185947.18
2026-08-15 05:00:00+00:00,6.723,6.742,6.677,6.688,135185.43
2026-08-15 06:00:00+00:00,6.688,6.703,6.597,6.654,168244.45
2026-08-15 07:00:00+00:00,6.654,6.659,6.62,6.62,86128.86
2026-08-15 08:00:00+00:00,6.621,6.632,6.594,6.598,129065.86
2026-08-15 09:00:00+00:00,6.598,6.604,6.582,6.59,48950.56
2026-08-15 10:00:00+00:00,6.589,6.598,6.579,6.591,34687.13
2026-08-15 11:00:00+00:00,6.59,6.59,6.569,6.573,33912.7
2026-08-15 12:00:00+00:00,6.573,6.599,6.568,6.59,37784.81
2026-08-15 13:00:00+00:00,6.59,6.59,6.552,6.566,44459.14
2026-08-15 14:00:00+00:00,6.566,6.581,6.555,6.556,36295.92
2026-08-15 15:00:00+00:00,6.555,6.574,6.54,6.563,27602.77
2026-08-15 16:00:00+00:00,6.563,6.564,6.478,6.507,128354.13
2026-08-15 17:00:00+00:00,6.507,6.518,6.494,6.506,47399.62
2026-08-15 18:00:00+00:00,6.505,6.508,6.492,6.495,34671.64
2026-08-15 19:00:00+00:00,6.495,6.511,6.489,6.507,36552.42
2026-08-15 20:00:00+00:00,6.506,6.507,6.494,6.498,21940.87
2026-08-15 21:00:00+00:00,6.498,6.507,6.492,6.497,25623.99
2026-08-15 22:00:00+00:00,6.497,6.498,6.363,6.377,244465.21
2026-08-15 23:00:00+00:00,6.378,6.378,6.301,6.333,296809.28
2026-08-16 00:00:00+00:00,6.333,6.337,6.22,6.326,399717.72
2026-08-16 01:00:00+00:00,6.326,6.35,6.32,6.338,85811.88
2026-08-16 02:00:00+00:00,6.338,6.363,6.314,6.358,64464.14
2026-08-16 03:00:00+00:00,6.358,6.37,6.351,6.353,46419.1
2026-08-16 04:00:00+00:00,6.353,6.358,6.336,6.343,47630.43
2026-08-16 05:00:00+00:00,6.343,6.345,6.33,6.336,35014.11
2026-08-16 06:00:00+00:00,6.335,6.34,6.32,6.33,53129.18
2026-08-16 07:00:00+00:00,6.33,6.34,6.324,6.335,33355.58
2026-08-16 08:00:00+00:00,6.335,6.346,6.324,6.337,50424.78
2026-08-16 09:00:00+00:00,6.337,6.359,6.333,6.345,37598.79
2026-08-16 10:00:00+00:00,6.345,6.383,6.343,6.373,30617.87
2026-08-16 11:00:00+00:00,6.373,6.386,6.349,6.361,23643.23
2026-08-16 12:00:00+00:00,6.361,6.384,6.355,6.384,17100.39
2026-08-16 13:00:00+00:00,6.384,6.396,6.375,6.383,32577.83
2026-08-16 14:00:00+00:00,6.383,6.424,6.382,6.415,68585.84
2026-08-16 15:00:00+00:00,6.414,6.436,6.414,6.431,22904.5
2026-08-16 16:00:00+00:00,6.432,6.437,6.367,6.369,67292.41
2026-08-16 17:00:00+00:00,6.369,6.38,6.357,6.361,39412.85
2026-08-16 18:00:00+00:00,6.36,6.363,6.336,6.338,44848.12
2026-08-16 19:00:00+00:00,6.339,6.358,6.339,6.346,31497.99
2026-08-16 20:00:00+00:00,6.346,6.351,6.323,6.33,42153.23
2026-08-16 21:00:00+00:00,6.33,6.334,6.277,6.299,103141.83
2026-08-16 22:00:00+00:00,6.298,6.333,6.288,6.329,44381.44
2026-08-16 23:00:00+00:00,6.33,6.336,6.319,6.33,12477.84
2026-08-17 00:00:00+00:00,6.33,6.343,6.292,6.311,44265.46
2026-08-17 01:00:00+00:00,6.311,6.372,6.309,6.339,66686.06
2026-08-17 02:00:00+00:00,6.34,6.387,6.33,6.372,32474.03
2026-08-17 03:00:00+00:00,6.373,6.375,6.357,6.367,33957.31
2026-08-17 04:00:00+00:00,6.367,6.403,6.367,6.39,43367.46
2026-08-17 05:00:00+00:00,6.39,6.391,6.356,6.357,25248.74
2026-08-17 06:00:00+00:00,6.357,6.394,6.342,6.381,48429.28
2026-08-17 07:00:00+00:00,6.381,6.382,6.361,6.363,26767.99
2026-08-17 08:00:00+00:00,6.364,6.366,6.31,6.32,68598.27
2026-08-17 09:00:00+00:00,6.32,6.333,6.315,6.327,36667.54
2026-08-17 10:00:00+00:00,6.328,6.359,6.32,6.35,22987.69
2026-08-17 11:00:00+00:00,6.35,6.351,6.318,6.329,40275.41
2026-08-17 12:00:00+00:00,6.328,6.332,6.3,6.311,67937.3
2026-08-17 13:00:00+00:00,6.311,6.326,6.293,6.309,81283.58
2026-08-17 14:00:00+00:00,6.31,6.335,6.293,6.329,51214.86
2026-08-17 15:00:00+00:00,6.328,6.347,6.314,6.327,78658.57
2026-08-17 16:00:00+00:00,6.328,6.335,6.3,6.301,49806.92
2026-08-17 17:00:00+00:00,6.3,6.348,6.297,6.323,46851.63
2026-08-17 18:00:00+00:00,6.322,6.358,6.322,6.339,35840.98
2026-08-17 19:00:00+00:00,6.339,6.353,6.316,6.342,44436.02
2026-08-17 20:00:00+00:00,6.343,6.359,6.324,6.343,70302.36
2026-08-17 21:00:00+00:00,6.342,6.352,6.334,6.339,18242.28
2026-08-17 22:00:00+00:00,6.339,6.345,6.315,6.318,23180.4
2026-08-17 23:00:00+00:00,6.318,6.368,6.314,6.352,18843.23
2026-08-18 00:00:00+00:00,6.352,6.388,6.345,6.387,45931.17
2026-08-18 01:00:00+00:00,6.387,6.455,6.332,6.338,87912.82
2026-08-18 02:00:00+00:00,6.338,6.338,6.244,6.25,161714.09
2026-08-18 03:00:00+00:00,6.25,6.287,6.237,6.278,90857.86
2026-08-18 04:00:00+00:00,6.278,6.3,6.271,6.3,28238.82
2026-08-18 05:00:00+00:00,6.301,6.356,6.293,6.34,61365.08
2026-08-18 06:00:00+00:00,6.339,6.37,6.313,6.354,33688.1
2026-08-18 07:00:00+00:00,6.354,6.356,6.305,6.313,34186.58
2026-08-18 08:00:00+00:00,6.313,6.348,6.296,6.326,45524.04
2026-08-18 09:00:00+00:00,6.326,6.338,6.318,6.326,48492.36
2026-08-18 10:00:00+00:00,6.326,6.329,6.3,6.313,84537.34
2026-08-18 11:00:00+00:00,6.313,6.335,6.313,6.332,17108.3
2026-08-18 12:00:00+00:00,6.332,6.335,6.313,6.329,24706.15
2026-08-18 13:00:00+00:00,6.329,6.339,6.313,6.324,35360.48
2026-08-18 14:00:00+00:00,6.325,6.4,6.325,6.354,107337.08
2026-08-18 15:00:00+00:00,6.354,6.378,6.351,6.376,45346.91
2026-08-18 16:00:00+00:00,6.376,6.382,6.321,6.34,67926.28
2026-08-18 17:00:00+00:00,6.339,6.358,6.329,6.351,31994.23
2026-08-18 18:00:00+00:00,6.351,6.363,6.34,6.348,23400.0
2026-08-18 19:00:00+00:00,6.348,6.362,6.334,6.349,50393.7
2026-08-18 20:00:00+00:00,6.349,6.358,6.313,6.314,33734.61
2026-08-18 21:00:00+00:00,6.313,6.326,6.304,6.318,23927.25
2026-08-18 22:00:00+00:00,6.318,6.327,6.311,6.321,15649.28
2026-08-18 23:00:00+00:00,6.322,6.349,6.322,6.334,9989.26
2026-08-19 00:00:00+00:00,6.335,6.347,6.318,6.33,30854.32
2026-08-19 01:00:00+00:00,6.33,6.357,6.329,6.35,15281.79
2026-08-19 02:00:00+00:00,6.349,6.356,6.337,6.345,21068.24
2026-08-19 03:00:00+00:00,6.345,6.374,6.337,6.364,18347.03
2026-08-19 04:00:00+00:00,6.364,6.366,6.347,6.35,9593.48
2026-08-19 05:00:00+00:00,6.35,6.365,6.345,6.347,10125.14
2026-08-19 06:00:00+00:00,6.346,6.366,6.336,6.365,27907.22
2026-08-19 07:00:00+00:00,6.366,6.373,6.345,6.35,30711.86
2026-08-19 08:00:00+00:00,6.351,6.393,6.348,6.359,88965.8
2026-08-19 09:00:00+00:00,6.359,6.37,6.339,6.345,50256.38
2026-08-19 10:00:00+00:00,6.345,6.345,6.325,6.34,23493.67
2026-08-19 11:00:00+00:00,6.34,6.35,6.306,6.314,68375.67
2026-08-19 12:00:00+00:00,6.314,6.371,6.311,6.359,49577.41
2026-08-19 13:00:00+00:00,6.358,6.358,6.303,6.309,121000.3
2026-08-19 14:00:00+00:00,6.309,6.393,6.291,6.378,202064.31
2026-08-19 15:00:00+00:00,6.379,6.729,6.37,6.56,816566.08
2026-08-19 16:00:00+00:00,6.559,6.643,6.558,6.607,297132.76
2026-08-19 17:00:00+00:00,6.608,6.61,6.523,6.544,201388.91
2026-08-19 18:00:00+00:00,6.543,6.55,6.5,6.527,95146.82
2026-08-19 19:00:00+00:00,6.526,6.591,6.52,6.586,119593.11
2026-08-19 20:00:00+00:00,6.586,6.761,6.586,6.711,299051.34
2026-08-19 21:00:00+00:00,6.711,6.879,6.702,6.827,722972.43
2026-08-19 22:00:00+00:00,6.827,6.858,6.76,6.795,358353.42
2026-08-19 23:00:00+00:00,6.796,6.812,6.751,6.778,121400.84
2026-08-20 00:00:00+00:00,6.778,6.823,6.744,6.786,144798.07
2026-08-20 01:00:00+00:00,6.786,6.8,6.748,6.793,83595.08
2026-08-20 02:00:00+00:00,6.794,6.811,6.77,6.773,73503.25
2026-08-20 03:00:00+00:00,6.772,6.772,6.691,6.754,117198.2
2026-08-20 04:00:00+00:00,6.754,6.773,6.729,6.763,40249.9
2026-08-20 05:00:00+00:00,6.763,6.778,6.745,6.75,36789.4
2026-08-20 06:00:00+00:00,6.751,6.804,6.728,6.804,68981.27
2026-08-20 07:00:00+00:00,6.803,6.829,6.786,6.808,124276.8
2026-08-20 08:00:00+00:00,6.808,6.947,6.797,6.914,287284.04
2026-08-20 09:00:00+00:00,6.914,6.93,6.854,6.871,150568.84
2026-08-20 10:00:00+00:00,6.87,6.964,6.868,6.916,111974.05
2026-08-20 11:00:00+00:00,6.916,6.952,6.874,6.889,101122.47
2026-08-20 12:00:00+00:00,6.889,6.907,6.73,6.864,328845.15
2026-08-20 13:00:00+00:00,6.864,6.922,6.832,6.913,146962.58
2026-08-20 14:00:00+00:00,6.913,6.972,6.901,6.971,198873.64
2026-08-20 15:00:00+00:00,6.971,7.137,6.959,7.056,471486.92
2026-08-20 16:00:00+00:00,7.057,7.236,7.047,7.221,316078.68
2026-08-20 17:00:00+00:00,7.22,7.322,7.201,7.264,310642.04
2026-08-20 18:00:00+00:00,7.265,7.279,7.161,7.167,337006.96
2026-08-20 19:00:00+00:00,7.167,7.203,7.124,7.142,150972.37
2026-08-20 20:00:00+00:00,7.142,7.211,7.119,7.211,135284.12
2026-08-20 21:00:00+00:00,7.21,7.221,7.134,7.207,133599.71
2026-08-20 22:00:00+00:00,7.207,7.207,7.149,7.171,74018.1
2026-08-20 23:00:00+00:00,7.172,7.309,7.169,7.291,120706.08
2026-08-21 00:00:00+00:00,7.291,7.357,7.218,7.272,145742.4
2026-08-21 01:00:00+00:00,7.271,7.336,7.235,7.301,135516.64
2026-08-21 02:00:00+00:00,7.302,7.325,7.253,7.271,162110.68
2026-08-21 03:00:00+00:00,7.271,7.343,7.233,7.303,123986.2
2026-08-21 04:00:00+00:00,7.304,7.356,7.27,7.313,105771.68
2026-08-21 05:00:00+00:00,7.312,7.395,7.279,7.393,267434.68
2026-08-21 06:00:00+00:00,7.393,7.445,7.308,7.36,302244.77
2026-08-21 07:00:00+00:00,7.361,7.497,7.351,7.477,277699.0
2026-08-21 08:00:00+00:00,7.478,7.699,7.476,7.684,304279.64
2026-08-21 09:00:00+00:00,7.685,7.689,7.369,7.589,457163.24
2026-08-21 10:00:00+00:00,7.589,7.631,7.539,7.621,214587.45
2026-08-21 11:00:00+00:00,7.62,7.666,7.433,7.493,288540.9
2026-08-21 12:00:00+00:00,7.492,7.581,7.45,7.556,224152.23
2026-08-21 13:00:00+00:00,7.557,7.637,7.469,7.58,255549.84
2026-08-21 14:00:00+00:00,7.58,7.651,7.512,7.632,194527.26
2026-08-21 15:00:00+00:00,7.632,7.676,7.536,7.618,333665.48
2026-08-21 16:00:00+00:00,7.619,7.655,7.546,7.631,154014.41
2026-08-21 17:00:00+00:00,7.632,7.702,7.608,7.659,240490.62
2026-08-21 18:00:00+00:00,7.658,7.67,7.474,7.525,217278.34
2026-08-21 19:00:00+00:00,7.524,7.583,7.467,7.542,166966.57
2026-08-21 20:00:00+00:00,7.542,7.639,7.518,7.635,115223.82
2026-08-21 21:00:00+00:00,7.635,7.78,7.632,7.773,270462.09
2026-08-21 22:00:00+00:00,7.773,7.889,7.749,7.862,396164.91
2026-08-21 23:00:00+00:00,7.863,7.893,7.794,7.838,194684.29
2026-08-22 00:00:00+00:00,7.838,7.899,7.773,7.876,158436.48
2026-08-22 01:00:00+00:00,7.876,7.926,7.821,7.843,163662.89
2026-08-22 02:00:00+00:00,7.843,8.07,7.843,8.061,213175.58
2026-08-22 03:00:00+00:00,8.062,8.114,8.023,8.073,378714.42
2026-08-22 04:00:00+00:00,8.073,8.317,8.021,8.24,379116.38
2026-08-22 05:00:00+00:00,8.239,8.305,7.0,7.698,1510614.25
2026-08-22 06:00:00+00:00,7.697,7.718,7.563,7.67,332389.16
2026-08-22 07:00:00+00:00,7.67,7.735,7.596,7.61,214986.4
2026-08-22 08:00:00+00:00,7.61,7.658,7.465,7.539,343198.38
2026-08-22 09:00:00+00:00,7.54,7.612,7.459,7.529,191985.39
2026-08-22 10:00:00+00:00,7.53,7.548,7.348,7.503,421551.95
2026-08-22 11:00:00+00:00,7.503,7.54,7.461,7.526,165873.92
2026-08-22 12:00:00+00:00,7.526,7.596,7.504,7.556,135618.65
2026-08-22 13:00:00+00:00,7.556,7.571,7.51,7.541,102394.36
2026-08-22 14:00:00+00:00,7.542,7.551,7.441,7.475,184661.66
2026-08-22 15:00:00+00:00,7.475,7.504,7.428,7.451,92252.45
2026-08-22 16:00:00+00:00,7.45,7.63,7.45,7.598,202759.92
2026-08-22 17:00:00+00:00,7.598,7.603,7.548,7.577,78556.71
2026-08-22 18:00:00+00:00,7.577,7.587,7.526,7.562,62521.93
2026-08-22 19:00:00+00:00,7.561,7.599,7.531,7.566,46905.7
2026-08-22 20:00:00+00:00,7.565,7.599,7.544,7.57,96180.78
2026-08-22 21:00:00+00:00,7.57,7.57,7.438,7.455,147978.74
2026-08-22 22:00:00+00:00,7.455,7.528,7.413,7.485,88855.15
2026-08-22 23:00:00+00:00,7.486,7.512,7.45,7.494,38502.74
2026-08-23 00:00:00+00:00,7.493,7.584,7.466,7.571,117537.45
2026-08-23 01:00:00+00:00,7.57,7.57,7.501,7.516,57072.91
2026-08-23 02:00:00+00:00,7.516,7.521,7.424,7.46,100690.89
2026-08-23 03:00:00+00:00,7.46,7.471,7.377,7.408,154619.52
2026-08-23 04:00:00+00:00,7.408,7.444,7.308,7.331,200830.74
2026-08-23 05:00:00+00:00,7.331,7.394,7.275,7.312,207865.28
2026-08-23 06:00:00+00:00,7.313,7.383,7.299,7.341,106339.22
2026-08-23 07:00:00+00:00,7.342,7.397,7.329,7.373,75467.61
2026-08-23 08:00:00+00:00,7.372,7.437,7.369,7.406,72672.92
2026-08-23 09:00:00+00:00,7.406,7.424,7.381,7.419,48909.82
2026-08-23 10:00:00+00:00,7.418,7.476,7.416,7.437,95263.71
2026-08-23 11:00:00+00:00,7.437,7.532,7.429,7.53,150381.63
2026-08-23 12:00:00+00:00,7.529,7.556,7.484,7.543,86466.5
2026-08-23 13:00:00+00:00,7.542,7.627,7.536,7.612,191230.01
2026-08-23 14:00:00+00:00,7.612,7.66,7.432,7.563,304476.63
2026-08-23 15:00:00+00:00,7.564,7.602,7.512,7.556,137434.05
2026-08-23 16:00:00+00:00,7.557,7.594,7.531,7.579,80742.11
2026-08-23 17:00:00+00:00,7.579,7.603,7.531,7.548,105670.88
2026-08-23 18:00:00+00:00,7.548,7.591,7.543,7.588,59880.57
2026-08-23 19:00:00+00:00,7.588,7.594,7.539,7.545,48563.7
2026-08-23 20:00:00+00:00,7.545,7.577,7.514,7.577,54846.2
2026-08-23 21:00:00+00:00,7.577,7.676,7.576,7.627,140197.59
2026-08-23 22:00:00+00:00,7.627,7.657,7.584,7.625,57905.14
2026-08-23 23:00:00+00:00,7.626,7.648,7.584,7.609,61684.07
2026-08-24 00:00:00+00:00,7.608,7.609,7.466,7.57,135409.28
2026-08-24 01:00:00+00:00,7.57,7.579,7.418,7.424,134307.39
2026-08-24 02:00:00+00:00,7.423,7.538,7.395,7.503,79167.6
2026-08-24 03:00:00+00:00,7.504,7.505,7.432,7.454,95895.49
2026-08-24 04:00:00+00:00,7.454,7.515,7.452,7.509,141383.48
2026-08-24 05:00:00+00:00,7.508,7.53,7.454,7.489,80928.49
2026-08-24 06:00:00+00:00,7.488,7.516,7.435,7.48,101734.79
2026-08-24 07:00:00+00:00,7.481,7.541,7.453,7.459,82256.43
2026-08-24 08:00:00+00:00,7.46,7.476,7.409,7.445,134466.07
2026-08-24 09:00:00+00:00,7.445,7.501,7.441,7.49,47454.26
2026-08-24 10:00:00+00:00,7.49,7.525,7.449,7.463,79077.08
2026-08-24 11:00:00+00:00,7.463,7.582,7.421,7.547,134340.08
2026-08-24 12:00:00+00:00,7.546,7.62,7.463,7.595,206112.78
2026-08-24 13:00:00+00:00,7.595,7.614,7.442,7.515,324628.24
2026-08-24 14:00:00+00:00,7.514,7.603,7.496,7.567,143580.24
2026-08-24 15:00:00+00:00,7.567,7.649,7.514,7.541,158158.6
2026-08-24 16:00:00+00:00,7.541,7.646,7.531,7.558,181648.15
2026-08-24 17:00:00+00:00,7.559,7.583,7.487,7.529,156591.2
2026-08-24 18:00:00+00:00,7.53,7.575,7.509,7.523,67603.01
2026-08-24 19:00:00+00:00,7.524,7.537,7.512,7.53,157667.36
2026-08-24 20:00:00+00:00,7.531,7.567,7.52,7.554,75910.13
2026-08-24 21:00:00+00:00,7.554,7.58,7.54,7.574,67092.58
2026-08-24 22:00:00+00:00,7.574,7.588,7.516,7.52,56905.26
2026-08-24 23:00:00+00:00,7.521,7.553,7.499,7.544,49265.24
2026-08-25 00:00:00+00:00,7.544,7.64,7.511,7.623,93149.28
2026-08-25 01:00:00+00:00,7.623,7.64,7.585,7.62,67212.37
2026-08-25 02:00:00+00:00,7.621,7.734,7.587,7.685,150042.94
2026-08-25 03:00:00+00:00,7.685,7.725,7.604,7.624,103590.04
2026-08-25 04:00:00+00:00,7.624,7.67,7.612,7.65,50871.58
2026-08-25 05:00:00+00:00,7.65,7.704,7.638,7.674,54005.39
2026-08-25 06:00:00+00:00,7.674,7.679,7.574,7.587,97793.89
2026-08-25 07:00:00+00:00,7.587,7.624,7.481,7.529,91833.52
2026-08-25 08:00:00+00:00,7.53,7.581,7.524,7.534,136590.69
2026-08-25 09:00:00+00:00,7.535,7.548,7.492,7.529,103457.87
2026-08-25 10:00:00+00:00,7.528,7.539,7.512,7.53,90145.0
2026-08-25 11:00:00+00:00,7.529,7.555,7.513,7.523,57374.79
2026-08-25 12:00:00+00:00,7.523,7.54,7.493,7.527,122901.28
2026-08-25 13:00:00+00:00,7.527,7.532,7.322,7.416,392911.54
2026-08-25 14:00:00+00:00,7.416,7.516,7.398,7.496,170739.44
2026-08-25 15:00:00+00:00,7.497,7.514,7.453,7.51,88718.85
2026-08-25 16:00:00+00:00,7.509,7.537,7.459,7.467,74952.37
2026-08-25 17:00:00+00:00,7.467,7.497,7.435,7.486,74033.0
2026-08-25 18:00:00+00:00,7.487,7.522,7.479,7.498,27086.95
2026-08-25 19:00:00+00:00,7.498,7.504,7.447,7.46,39299.96
2026-08-25 20:00:00+00:00,7.461,7.462,7.345,7.35,179316.11
2026-08-25 21:00:00+00:00,7.35,7.373,7.226,7.349,177785.69
2026-08-25 22:00:00+00:00,7.35,7.394,7.348,7.392,31543.7
2026-08-25 23:00:00+00:00,7.391,7.401,7.318,7.328,62963.07
2026-08-26 00:00:00+00:00,7.328,7.365,7.296,7.36,50065.96
2026-08-26 01:00:00+00:00,7.359,7.394,7.354,7.373,25829.63
2026-08-26 02:00:00+00:00,7.374,7.419,7.356,7.395,16385.6
2026-08-26 03:00:00+00:00,7.394,7.399,7.349,7.371,26625.23
2026-08-26 04:00:00+00:00,7.37,7.382,7.334,7.338,33102.24
2026-08-26 05:00:00+00:00,7.338,7.375,7.307,7.375,37817.71
2026-08-26 06:00:00+00:00,7.375,7.404,7.367,7.396,50339.6
2026-08-26 07:00:00+00:00,7.396,7.419,7.39,7.392,63155.36
2026-08-26 08:00:00+00:00,7.391,7.412,7.354,7.369,32891.11
2026-08-26 09:00:00+00:00,7.37,7.385,7.282,7.318,110581.3
2026-08-26 10:00:00+00:00,7.317,7.415,7.305,7.403,59137.85
2026-08-26 11:00:00+00:00,7.403,7.41,7.32,7.339,57805.77
2026-08-26 12:00:00+00:00,7.339,7.392,7.279,7.352,83451.58
2026-08-26 13:00:00+00:00,7.351,7.364,7.269,7.31,61329.32
2026-08-26 14:00:00+00:00,7.309,7.335,7.183,7.205,148652.73
2026-08-26 15:00:00+00:00,7.205,7.252,7.153,7.232,137697.32
2026-08-26 16:00:00+00:00,7.231,7.257,7.192,7.212,45923.46
2026-08-26 17:00:00+00:00,7.213,7.295,7.21,7.246,44804.14
2026-08-26 18:00:00+00:00,7.247,7.262,7.236,7.25,25850.18
2026-08-26 19:00:00+00:00,7.249,7.281,7.244,7.255,18464.53
2026-08-26 20:00:00+00:00,7.254,7.273,7.205,7.273,22522.0
2026-08-26 21:00:00+00:00,7.273,7.355,7.268,7.348,71802.98
2026-08-26 22:00:00+00:00,7.347,7.4,7.342,7.369,130515.13
2026-08-26 23:00:00+00:00,7.368,7.46,7.364,7.441,144605.82
2026-08-27 00:00:00+00:00,7.442,7.444,7.365,7.365,42102.55
2026-08-27 01:00:00+00:00,7.364,7.407,7.334,7.385,41915.37
2026-08-27 02:00:00+00:00,7.385,7.402,7.34,7.349,23965.07
2026-08-27 03:00:00+00:00,7.349,7.38,7.328,7.348,23557.99
2026-08-27 04:00:00+00:00,7.348,7.379,7.318,7.339,34139.12
2026-08-27 05:00:00+00:00,7.34,7.362,7.297,7.351,35914.98
2026-08-27 06:00:00+00:00,7.352,7.376,7.32,7.37,41816.81
2026-08-27 07:00:00+00:00,7.37,7.387,7.355,7.377,26212.38
2026-08-27 08:00:00+00:00,7.378,7.478,7.373,7.472,209309.49
2026-08-27 09:00:00+00:00,7.471,7.517,7.44,7.452,136558.92
2026-08-27 10:00:00+00:00,7.452,7.472,7.353,7.419,90673.06
2026-08-27 11:00:00+00:00,7.419,7.44,7.376,7.394,43550.49
2026-08-27 12:00:00+00:00,7.393,7.431,7.383,7.399,48029.21
2026-08-27 13:00:00+00:00,7.399,7.55,7.394,7.472,287706.21
2026-08-27 14:00:00+00:00,7.471,7.545,7.456,7.509,76054.33
2026-08-27 15:00:00+00:00,7.509,7.58,7.502,7.52,136355.57
2026-08-27 16:00:00+00:00,7.521,7.556,7.502,7.528,70965.29
2026-08-27 17:00:00+00:00,7.527,7.583,7.516,7.528,72836.52
2026-08-27 18:00:00+00:00,7.528,7.534,7.459,7.515,217050.13
2026-08-27 19:00:00+00:00,7.515,7.521,7.482,7.482,35787.92
2026-08-27 20:00:00+00:00,7.484,7.532,7.472,7.525,70036.09
2026-08-27 21:00:00+00:00,7.524,7.528,7.489,7.517,31913.44
2026-08-27 22:00:00+00:00,7.516,7.544,7.511,7.52,72757.0
2026-08-27 23:00:00+00:00,7.52,7.54,7.511,7.527,99668.24
2026-08-28 00:00:00+00:00,7.528,7.538,7.513,7.52,98911.45
2026-08-28 01:00:00+00:00,7.521,7.597,7.499,7.521,153455.95
2026-08-28 02:00:00+00:00,7.522,7.523,7.407,7.44,258525.94
2026-08-28 03:00:00+00:00,7.439,7.464,7.414,7.442,139403.16
2026-08-28 04:00:00+00:00,7.441,7.46,7.409,7.436,73723.33
2026-08-28 05:00:00+00:00,7.436,7.473,7.421,7.464,60920.87
2026-08-28 06:00:00+00:00,7.464,7.503,7.464,7.486,31756.48
2026-08-28 07:00:00+00:00,7.486,7.487,7.4,7.4,110658.06
2026-08-28 08:00:00+00:00,7.401,7.439,7.371,7.397,69356.38
2026-08-28 09:00:00+00:00,7.397,7.4,7.365,7.367,77515.88
2026-08-28 10:00:00+00:00,7.368,7.42,7.323,7.42,77192.29
2026-08-28 11:00:00+00:00,7.42,7.448,7.417,7.428,95971.84
2026-08-28 12:00:00+00:00,7.427,7.432,7.388,7.404,21256.67
2026-08-28 13:00:00+00:00,7.404,7.414,7.362,7.392,50277.41
2026-08-28 14:00:00+00:00,7.393,7.475,7.279,7.437,249410.24
2026-08-28 15:00:00+00:00,7.438,7.459,7.324,7.331,119138.28
2026-08-28 16:00:00+00:00,7.331,7.34,7.205,7.299,261788.84
2026-08-28 17:00:00+00:00,7.299,7.321,7.266,7.289,85574.26
2026-08-28 18:00:00+00:00,7.289,7.291,7.205,7.249,164352.8
2026-08-28 19:00:00+00:00,7.249,7.289,7.247,7.27,26809.9
2026-08-28 20:00:00+00:00,7.269,7.288,7.261,7.275,22683.03
2026-08-28 21:00:00+00:00,7.276,7.301,7.25,7.258,37284.4
2026-08-28 22:00:00+00:00,7.259,7.311,7.252,7.306,34234.66
2026-08-28 23:00:00+00:00,7.306,7.321,7.3,7.308,26706.41
2026-08-29 00:00:00+00:00,7.308,7.329,7.293,7.299,77100.84
2026-08-29 01:00:00+00:00,7.298,7.311,7.286,7.3,15370.19
2026-08-29 02:00:00+00:00,7.301,7.307,7.257,7.282,56417.16
2026-08-29 03:00:00+00:00,7.281,7.289,7.26,7.261,23860.24
2026-08-29 04:00:00+00:00,7.261,7.307,7.259,7.299,17950.33
2026-08-29 05:00:00+00:00,7.299,7.315,7.295,7.313,20902.9
2026-08-29 06:00:00+00:00,7.314,7.316,7.263,7.28,29167.96
2026-08-29 07:00:00+00:00,7.28,7.289,7.268,7.272,18320.94
2026-08-29 08:00:00+00:00,7.271,7.271,7.226,7.243,33775.05
2026-08-29 09:00:00+00:00,7.244,7.268,7.24,7.256,17352.02
2026-08-29 10:00:00+00:00,7.255,7.285,7.242,7.262,24675.52
2026-08-29 11:00:00+00:00,7.262,7.269,7.251,7.261,31506.2
2026-08-29 12:00:00+00:00,7.261,7.289,7.259,7.283,10982.28
2026-08-29 13:00:00+00:00,7.283,7.304,7.268,7.3,29542.43
2026-08-29 14:00:00+00:00,7.3,7.367,7.295,7.358,76377.9
2026-08-29 15:00:00+00:00,7.359,7.368,7.316,7.331,47056.2
2026-08-29 16:00:00+00:00,7.333,7.344,7.302,7.32,28843.22
2026-08-29 17:00:00+00:00,7.32,7.324,7.274,7.291,28703.11
2026-08-29 18:00:00+00:00,7.292,7.332,7.288,7.318,28638.05
2026-08-29 19:00:00+00:00,7.318,7.34,7.313,7.32,38645.12
2026-08-29 20:00:00+00:00,7.32,7.335,7.317,7.325,13912.84
2026-08-29 21:00:00+00:00,7.324,7.346,7.306,7.308,60102.31
2026-08-29 22:00:00+00:00,7.308,7.328,7.305,7.325,14750.77
2026-08-29 23:00:00+00:00,7.325,7.337,7.313,7.331,13661.92
2026-08-30 00:00:00+00:00,7.331,7.348,7.315,7.316,25201.9
2026-08-30 01:00:00+00:00,7.316,7.32,7.25,7.279,71659.51
2026-08-30 02:00:00+00:00,7.278,7.294,7.268,7.286,17627.37
2026-08-30 03:00:00+00:00,7.287,7.306,7.283,7.294,9460.61
2026-08-30 04:00:00+00:00,7.294,7.304,7.267,7.288,12709.6
2026-08-30 05:00:00+00:00,7.288,7.309,7.287,7.306,7232.57
2026-08-30 06:00:00+00:00,7.306,7.347,7.303,7.347,18121.25
2026-08-30 07:00:00+00:00,7.347,7.35,7.317,7.326,21579.3
2026-08-30 08:00:00+00:00,7.326,7.344,7.31,7.325,35018.43
2026-08-30 09:00:00+00:00,7.325,7.347,7.315,7.34,33679.98
2026-08-30 10:00:00+00:00,7.339,7.386,7.33,7.38,54657.61
2026-08-30 11:00:00+00:00,7.381,7.394,7.356,7.384,62532.62
2026-08-30 12:00:00+00:00,7.385,7.412,7.376,7.398,62361.63
2026-08-30 13:00:00+00:00,7.399,7.438,7.38,7.425,67134.71
2026-08-30 14:00:00+00:00,7.424,7.432,7.404,7.422,63171.04
2026-08-30 15:00:00+00:00,7.423,7.431,7.389,7.411,53755.24
2026-08-30 16:00:00+00:00,7.411,7.471,7.406,7.447,73876.88
2026-08-30 17:00:00+00:00,7.447,7.457,7.381,7.423,64644.12
2026-08-30 18:00:00+00:00,7.423,7.46,7.399,7.445,42699.64
2026-08-30 19:00:00+00:00,7.445,7.449,7.391,7.411,27467.44
2026-08-30 20:00:00+00:00,7.412,7.434,7.331,7.366,97032.09
2026-08-30 21:00:00+00:00,7.365,7.368,7.281,7.336,145582.29
2026-08-30 22:00:00+00:00,7.337,7.367,7.27,7.315,123763.56
2026-08-30 23:00:00+00:00,7.315,7.315,7.011,7.113,491070.05
2026-08-31 00:00:00+00:00,7.114,7.182,7.081,7.152,108002.55
2026-08-31 01:00:00+00:00,7.152,7.163,7.106,7.11,128465.47
2026-08-31 02:00:00+00:00,7.11,7.173,7.081,7.098,87056.38
2026-08-31 03:00:00+00:00,7.1,7.156,7.095,7.143,44433.59
2026-08-31 04:00:00+00:00,7.144,7.154,7.125,7.149,27473.95
2026-08-31 05:00:00+00:00,7.149,7.234,7.145,7.209,50098.37
2026-08-31 06:00:00+00:00,7.208,7.236,7.2,7.222,34347.52
2026-08-31 07:00:00+00:00,7.221,7.245,7.214,7.218,33543.51
2026-08-31 08:00:00+00:00,7.218,7.244,7.186,7.217,46100.53
2026-08-31 09:00:00+00:00,7.217,7.245,7.204,7.224,37346.42
2026-08-31 10:00:00+00:00,7.224,7.248,7.192,7.237,43428.59
2026-08-31 11:00:00+00:00,7.237,7.249,7.171,7.197,70862.04
2026-08-31 12:00:00+00:00,7.197,7.236,7.153,7.177,78543.95
2026-08-31 13:00:00+00:00,7.176,7.2,7.13,7.15,68138.36
2026-08-31 14:00:00+00:00,7.151,7.237,7.143,7.23,71879.44
2026-08-31 15:00:00+00:00,7.231,7.234,7.19,7.203,50892.83
2026-08-31 16:00:00+00:00,7.204,7.229,7.176,7.201,34804.68
2026-08-31 17:00:00+00:00,7.201,7.239,7.181,7.232,50669.69
2026-08-31 18:00:00+00:00,7.233,7.265,7.219,7.232,43626.62
2026-08-31 19:00:00+00:00,7.232,7.25,7.191,7.212,85723.67
2026-08-31 20:00:00+00:00,7.212,7.24,7.207,7.22,28979.66
2026-08-31 21:00:00+00:00,7.22,7.251,7.203,7.238,51310.35
2026-08-31 22:00:00+00:00,7.239,7.248,7.214,7.226,26246.06
2026-08-31 23:00:00+00:00,7.225,7.236,7.211,7.233,29143.8
2026-09-01 00:00:00+00:00,7.233,7.286,7.225,7.275,73903.4
2026-09-01 01:00:00+00:00,7.276,7.295,7.25,7.269,47527.79
2026-09-01 02:00:00+00:00,7.268,7.27,7.234,7.259,25466.18
2026-09-01 03:00:00+00:00,7.259,7.298,7.249,7.278,47513.69
2026-09-01 04:00:00+00:00,7.278,7.29,7.261,7.265,33363.87
2026-09-01 05:00:00+00:00,7.266,7.336,7.264,7.326,70865.24
2026-09-01 06:00:00+00:00,7.326,7.326,7.278,7.301,38212.03
2026-09-01 07:00:00+00:00,7.301,7.332,7.29,7.317,72941.46
2026-09-01 08:00:00+00:00,7.317,7.322,7.202,7.214,120480.6
2026-09-01 09:00:00+00:00,7.215,7.268,7.203,7.247,98772.68
2026-09-01 10:00:00+00:00,7.246,7.287,7.212,7.281,66988.65
2026-09-01 11:00:00+00:00,7.281,7.31,7.251,7.282,120967.08
2026-09-01 12:00:00+00:00,7.282,7.298,7.247,7.269,103296.26
2026-09-01 13:00:00+00:00,7.268,7.306,7.214,7.292,86392.96
2026-09-01 14:00:00+00:00,7.292,7.372,7.282,7.333,192594.92
2026-09-01 15:00:00+00:00,7.333,7.337,7.268,7.304,113468.48
2026-09-01 16:00:00+00:00,7.305,7.311,7.211,7.266,192068.03
2026-09-01 17:00:00+00:00,7.266,7.301,7.24,7.243,122793.85
2026-09-01 18:00:00+00:00,7.243,7.256,7.143,7.225,188988.05
2026-09-01 19:00:00+00:00,7.226,7.251,7.208,7.232,38829.71
2026-09-01 20:00:00+00:00,7.233,7.246,7.204,7.233,59096.76
2026-09-01 21:00:00+00:00,7.234,7.24,7.169,7.205,55001.23
2026-09-01 22:00:00+00:00,7.206,7.217,7.176,7.188,64139.59
2026-09-01 23:00:00+00:00,7.188,7.238,7.18,7.218,36953.87
2026-09-02 00:00:00+00:00,7.219,7.236,7.178,7.183,47866.16
2026-09-02 01:00:00+00:00,7.183,7.202,7.11,7.142,113592.98
2026-09-02 02:00:00+00:00,7.142,7.188,7.132,7.186,56855.93
2026-09-02 03:00:00+00:00,7.186,7.247,7.183,7.202,61071.55
2026-09-02 04:00:00+00:00,7.203,7.236,7.184,7.232,41221.57
2026-09-02 05:00:00+00:00,7.232,7.257,7.209,7.243,47122.64
2026-09-02 06:00:00+00:00,7.242,7.246,7.201,7.226,37103.27
2026-09-02 07:00:00+00:00,7.225,7.246,7.207,7.21,21598.16
2026-09-02 08:00:00+00:00,7.21,7.223,7.13,7.145,72306.41
2026-09-02 09:00:00+00:00,7.145,7.174,7.08,7.11,94782.98
2026-09-02 10:00:00+00:00,7.111,7.125,7.041,7.085,139945.42
2026-09-02 11:00:00+00:00,7.084,7.126,7.048,7.12,109553.69
2026-09-02 12:00:00+00:00,7.119,7.145,7.093,7.097,63657.1
2026-09-02 13:00:00+00:00,7.098,7.202,7.098,7.169,113918.29
2026-09-02 14:00:00+00:00,7.17,7.193,7.135,7.136,81925.46
2026-09-02 15:00:00+00:00,7.137,7.165,7.108,7.15,44875.83
2026-09-02 16:00:00+00:00,7.149,7.177,7.137,7.144,39037.32
2026-09-02 17:00:00+00:00,7.143,7.168,7.104,7.166,62302.63
2026-09-02 18:00:00+00:00,7.167,7.185,7.155,7.174,54348.77
2026-09-02 19:00:00+00:00,7.174,7.184,7.139,7.167,34816.6
2026-09-02 20:00:00+00:00,7.168,7.199,7.164,7.182,64389.69
2026-09-02 21:00:00+00:00,7.182,7.193,7.168,7.179,46622.38
2026-09-02 22:00:00+00:00,7.179,7.181,7.137,7.148,41489.37
2026-09-02 23:00:00+00:00,7.149,7.197,7.144,7.194,31191.62
2026-09-03 00:00:00+00:00,7.194,7.196,7.156,7.16,32504.15
2026-09-03 01:00:00+00:00,7.16,7.24,7.134,7.196,103551.35
2026-09-03 02:00:00+00:00,7.195,7.282,7.191,7.269,165203.05
2026-09-03 03:00:00+00:00,7.269,7.283,7.242,7.278,137950.33
2026-09-03 04:00:00+00:00,7.279,7.297,7.247,7.296,94633.04
2026-09-03 05:00:00+00:00,7.297,7.313,7.213,7.288,147919.49
2026-09-03 06:00:00+00:00,7.288,7.294,7.271,7.279,80330.32
2026-09-03 07:00:00+00:00,7.279,7.347,7.23,7.261,254407.24
2026-09-03 08:00:00+00:00,7.262,7.302,7.262,7.279,75521.91
2026-09-03 09:00:00+00:00,7.279,7.297,7.255,7.265,47854.05
2026-09-03 10:00:00+00:00,7.264,7.275,7.232,7.274,42425.74
2026-09-03 11:00:00+00:00,7.273,7.301,7.262,7.282,79282.96
2026-09-03 12:00:00+00:00,7.282,7.328,7.276,7.315,116887.44
2026-09-03 13:00:00+00:00,7.314,7.328,7.275,7.31,109070.05
2026-09-03 14:00:00+00:00,7.309,7.46,7.294,7.458,268841.42
2026-09-03 15:00:00+00:00,7.458,7.522,7.406,7.512,304671.41
2026-09-03 16:00:00+00:00,7.512,7.547,7.469,7.518,218059.51
2026-09-03 17:00:00+00:00,7.518,7.536,7.492,7.507,116269.44
2026-09-03 18:00:00+00:00,7.507,7.547,7.505,7.533,95755.28
2026-09-03 19:00:00+00:00,7.533,7.565,7.507,7.537,110220.94
2026-09-03 20:00:00+00:00,7.538,7.546,7.507,7.528,75155.57
2026-09-03 21:00:00+00:00,7.528,7.578,7.513,7.549,89453.44
2026-09-03 22:00:00+00:00,7.549,7.552,7.474,7.503,99163.91
2026-09-03 23:00:00+00:00,7.503,7.531,7.492,7.519,66203.42
