timestamp,open,high,low,close,volume
2026-03-08 01:00:00+00:00,448.5,450.8,447.8,449.5,622.128
2026-03-08 02:00:00+00:00,449.5,451.1,446.5,447.1,648.104
2026-03-08 03:00:00+00:00,447.1,449.1,445.7,448.2,491.437
2026-03-08 04:00:00+00:00,448.2,448.8,446.2,447.1,481.893
2026-03-08 05:00:00+00:00,447.1,449.3,447.1,449.0,359.929
2026-03-08 06:00:00+00:00,449.0,449.3,447.0,448.2,439.32
2026-03-08 07:00:00+00:00,448.1,450.4,447.7,449.9,296.864
2026-03-08 08:00:00+00:00,449.8,450.5,448.5,450.2,364.441
2026-03-08 09:00:00+00:00,450.2,452.7,450.0,450.8,941.477
2026-03-08 10:00:00+00:00,450.8,455.4,450.8,453.8,502.026
2026-03-08 11:00:00+00:00,453.8,453.8,448.5,448.9,773.433
2026-03-08 12:00:00+00:00,448.8,450.0,446.6,449.5,1324.608
2026-03-08 13:00:00+00:00,449.5,450.2,445.0,448.1,560.912
2026-03-08 14:00:00+00:00,448.0,448.8,447.1,448.1,459.928
2026-03-08 15:00:00+00:00,448.2,448.9,446.0,447.0,534.698
2026-03-08 16:00:00+00:00,447.0,447.2,443.7,443.9,399.633
2026-03-08 17:00:00+00:00,444.0,445.5,443.5,445.2,323.275
2026-03-08 18:00:00+00:00,445.3,445.4,443.3,444.5,346.533
2026-03-08 19:00:00+00:00,444.5,448.6,444.4,447.2,618.913
2026-03-08 20:00:00+00:00,447.2,449.8,446.1,447.8,628.259
2026-03-08 21:00:00+00:00,447.8,448.7,445.5,447.9,298.125
2026-03-08 22:00:00+00:00,447.9,447.9,440.4,445.6,1599.225
2026-03-08 23:00:00+00:00,445.7,446.5,441.5,443.1,565.531
2026-03-09 00:00:00+00:00,443.0,448.1,442.9,444.7,487.921
2026-03-09 01:00:00+00:00,444.7,447.9,443.2,444.7,701.548
2026-03-09 02:00:00+00:00,444.6,448.7,442.9,447.3,773.967
2026-03-09 03:00:00+00:00,447.2,454.4,447.0,450.6,1147.678
2026-03-09 04:00:00+00:00,450.7,452.6,449.0,449.0,597.774
2026-03-09 05:00:00+00:00,449.1,452.7,448.3,451.8,1306.873
2026-03-09 06:00:00+00:00,451.8,451.9,446.4,447.0,1932.269
2026-03-09 07:00:00+00:00,447.0,448.5,444.7,447.5,530.091
2026-03-09 08:00:00+00:00,447.5,449.3,446.6,448.4,399.683
2026-03-09 09:00:00+00:00,448.5,451.5,446.2,448.7,897.982
2026-03-09 10:00:00+00:00,448.8,450.2,447.0,447.7,535.344
2026-03-09 11:00:00+00:00,447.7,450.5,446.8,449.9,330.181
2026-03-09 12:00:00+00:00,449.9,452.2,449.6,451.1,482.633
2026-03-09 13:00:00+00:00,451.0,456.9,450.9,454.5,2066.009
2026-03-09 14:00:00+00:00,454.4,455.4,446.4,448.3,3441.267
2026-03-09 15:00:00+00:00,448.3,449.9,445.5,448.8,1857.748
2026-03-09 16:00:00+00:00,448.8,451.8,448.4,450.2,1113.693
2026-03-09 17:00:00+00:00,450.1,451.9,449.4,450.4,604.896
2026-03-09 18:00:00+00:00,450.3,451.5,448.9,448.9,817.958
2026-03-09 19:00:00+00:00,449.0,453.8,448.5,450.3,1847.966
2026-03-09 20:00:00+00:00,450.4,450.7,449.2,450.6,285.357
2026-03-09 21:00:00+00:00,450.6,451.3,449.4,450.1,224.128
2026-03-09 22:00:00+00:00,450.1,450.5,446.4,447.0,563.715
2026-03-09 23:00:00+00:00,447.0,447.4,443.6,444.6,799.711
2026-03-10 00:00:00+00:00,444.5,447.6,443.7,445.8,1139.397
2026-03-10 01:00:00+00:00,445.8,448.3,445.2,447.6,454.152
2026-03-10 02:00:00+00:00,447.6,454.3,447.2,449.7,2609.856
2026-03-10 03:00:00+00:00,449.7,450.7,446.3,447.1,989.747
2026-03-10 04:00:00+00:00,447.1,449.5,446.7,448.6,455.589
2026-03-10 05:00:00+00:00,448.7,449.4,446.5,446.9,436.668
2026-03-10 06:00:00+00:00,446.9,446.9,442.7,445.4,1289.984
2026-03-10 07:00:00+00:00,445.3,446.5,444.3,446.2,833.114
2026-03-10 08:00:00+00:00,446.2,449.6,445.5,448.7,1495.423
2026-03-10 09:00:00+00:00,448.7,452.0,447.7,450.6,2179.501
2026-03-10 10:00:00+00:00,450.6,450.8,448.0,448.5,913.79
2026-03-10 11:00:00+00:00,448.5,448.7,446.0,446.9,1323.589
2026-03-10 12:00:00+00:00,447.0,449.1,445.4,449.1,2989.299
2026-03-10 13:00:00+00:00,449.1,450.5,446.4,446.7,1373.733
2026-03-10 14:00:00+00:00,446.6,451.8,442.6,451.6,1862.587
2026-03-10 15:00:00+00:00,451.7,452.3,449.3,450.7,1949.941
2026-03-10 16:00:00+00:00,450.7,452.8,448.9,451.1,1318.679
2026-03-10 17:00:00+00:00,451.2,452.1,448.6,449.4,635.398
2026-03-10 18:00:00+00:00,449.4,449.7,444.6,445.4,872.388
2026-03-10 19:00:00+00:00,445.3,446.3,444.1,445.6,351.745
2026-03-10 20:00:00+00:00,445.6,447.4,445.6,446.8,335.692
2026-03-10 21:00:00+00:00,446.8,447.5,444.0,445.1,597.707
2026-03-10 22:00:00+00:00,445.0,446.7,444.1,446.2,375.711
2026-03-10 23:00:00+00:00,446.2,447.1,445.5,447.1,422.283
2026-03-11 00:00:00+00:00,447.0,447.8,445.7,446.7,491.925
2026-03-11 01:00:00+00:00,446.7,448.6,446.5,448.5,343.154
2026-03-11 02:00:00+00:00,448.6,449.7,448.0,448.6,925.599
2026-03-11 03:00:00+00:00,448.6,449.2,446.4,447.9,402.591
2026-03-11 04:00:00+00:00,448.0,451.5,446.6,451.1,681.931
2026-03-11 05:00:00+00:00,451.2,452.2,448.3,449.3,444.853
2026-03-11 06:00:00+00:00,449.4,453.4,448.9,451.2,776.693
2026-03-11 07:00:00+00:00,451.1,452.4,448.7,449.3,634.152
2026-03-11 08:00:00+00:00,449.4,450.5,447.3,450.5,482.994
2026-03-11 09:00:00+00:00,450.4,450.4,447.1,447.4,389.531
2026-03-11 10:00:00+00:00,447.3,449.4,447.2,449.2,267.169
2026-03-11 11:00:00+00:00,449.2,449.9,448.1,448.2,419.189
2026-03-11 12:00:00+00:00,448.2,452.5,447.0,450.5,713.885
2026-03-11 13:00:00+00:00,450.5,461.2,450.2,453.2,6630.683
2026-03-11 14:00:00+00:00,453.2,457.9,452.9,455.4,647.491
2026-03-11 15:00:00+00:00,455.5,455.8,450.9,455.5,990.872
2026-03-11 16:00:00+00:00,455.5,457.6,454.8,457.1,468.761
2026-03-11 17:00:00+00:00,457.1,458.9,455.7,457.0,608.006
2026-03-11 18:00:00+00:00,457.0,458.0,456.2,457.3,404.573
2026-03-11 19:00:00+00:00,457.3,458.3,456.2,457.8,187.088
2026-03-11 20:00:00+00:00,457.7,458.2,456.0,457.0,306.948
2026-03-11 21:00:00+00:00,457.0,459.8,456.4,459.0,758.72
2026-03-11 22:00:00+00:00,459.0,460.5,455.2,456.2,1015.379
2026-03-11 23:00:00+00:00,456.0,456.8,454.6,455.1,460.961
2026-03-12 00:00:00+00:00,455.1,458.3,455.0,458.2,501.729
2026-03-12 01:00:00+00:00,458.2,458.2,455.7,456.5,461.065
2026-03-12 02:00:00+00:00,456.4,456.9,451.6,452.7,826.211
2026-03-12 03:00:00+00:00,452.7,454.9,452.3,453.4,304.698
2026-03-12 04:00:00+00:00,453.4,455.0,453.3,453.6,238.801
2026-03-12 05:00:00+00:00,453.5,454.9,453.3,454.5,212.056
2026-03-12 06:00:00+00:00,454.6,454.7,453.1,453.5,344.436
2026-03-12 07:00:00+00:00,453.5,456.0,452.8,455.4,264.427
2026-03-12 08:00:00+00:00,455.4,456.3,454.0,456.2,333.921
2026-03-12 09:00:00+00:00,456.2,457.9,454.3,456.2,332.823
2026-03-12 10:00:00+00:00,456.2,460.4,456.2,459.7,462.099
2026-03-12 11:00:00+00:00,459.6,460.0,457.6,458.1,370.802
2026-03-12 12:00:00+00:00,458.2,459.0,457.3,458.5,458.179
2026-03-12 13:00:00+00:00,458.5,461.5,456.8,458.7,977.622
2026-03-12 14:00:00+00:00,458.8,459.9,452.4,453.4,907.58
2026-03-12 15:00:00+00:00,453.3,456.8,453.1,456.2,398.094
2026-03-12 16:00:00+00:00,456.2,458.5,454.2,457.1,781.626
2026-03-12 17:00:00+00:00,457.0,457.4,454.3,454.9,269.334
2026-03-12 18:00:00+00:00,454.9,456.2,453.8,455.1,546.117
2026-03-12 19:00:00+00:00,455.2,457.3,454.9,456.3,580.137
2026-03-12 20:00:00+00:00,456.3,456.5,453.6,454.1,455.337
2026-03-12 21:00:00+00:00,454.1,455.2,454.1,454.9,239.794
2026-03-12 22:00:00+00:00,454.9,455.3,453.2,454.9,518.956
2026-03-12 23:00:00+00:00,454.8,457.7,454.8,455.2,432.625
2026-03-13 00:00:00+00:00,455.2,475.6,454.8,465.1,7552.88
2026-03-13 01:00:00+00:00,465.1,472.3,460.4,467.0,6102.69
2026-03-13 02:00:00+00:00,467.1,467.4,461.7,465.3,3909.85
2026-03-13 03:00:00+00:00,465.4,470.6,464.8,467.9,2577.09
2026-03-13 04:00:00+00:00,468.0,474.5,466.4,467.5,2182.762
2026-03-13 05:00:00+00:00,467.5,467.8,466.0,466.0,384.852
2026-03-13 06:00:00+00:00,466.0,467.3,464.3,464.7,460.464
2026-03-13 07:00:00+00:00,464.7,466.1,464.3,465.9,747.632
2026-03-13 08:00:00+00:00,465.9,469.8,464.7,468.4,847.982
2026-03-13 09:00:00+00:00,468.3,471.1,468.3,469.5,1301.508
2026-03-13 10:00:00+00:00,469.5,471.3,469.2,470.6,511.297
2026-03-13 11:00:00+00:00,470.7,471.3,469.8,470.1,718.006
2026-03-13 12:00:00+00:00,470.1,470.8,465.9,469.7,1611.583
2026-03-13 13:00:00+00:00,469.7,474.2,467.3,469.4,3195.021
2026-03-13 14:00:00+00:00,469.4,474.4,465.3,466.0,1897.308
2026-03-13 15:00:00+00:00,466.1,468.9,462.9,463.5,1474.562
2026-03-13 16:00:00+00:00,463.5,465.5,462.0,464.7,894.391
2026-03-13 17:00:00+00:00,464.7,465.7,461.4,462.8,571.994
2026-03-13 18:00:00+00:00,462.8,465.0,462.5,464.4,431.02
2026-03-13 19:00:00+00:00,464.3,465.0,463.0,463.2,245.987
2026-03-13 20:00:00+00:00,463.3,464.3,463.0,463.9,228.18
2026-03-13 21:00:00+00:00,464.0,464.8,462.7,462.9,294.233
2026-03-13 22:00:00+00:00,462.8,463.1,459.6,460.7,777.621
2026-03-13 23:00:00+00:00,460.7,462.1,459.8,461.0,313.38
2026-03-14 00:00:00+00:00,460.9,461.2,458.9,459.7,387.642
2026-03-14 01:00:00+00:00,459.7,461.2,458.3,459.9,539.758
2026-03-14 02:00:00+00:00,459.8,460.6,457.1,458.8,503.241
2026-03-14 03:00:00+00:00,458.8,461.7,458.7,461.1,515.317
2026-03-14 04:00:00+00:00,461.2,463.1,461.1,461.7,310.905
2026-03-14 05:00:00+00:00,461.8,462.4,460.0,460.4,280.658
2026-03-14 06:00:00+00:00,460.4,460.4,456.6,458.6,462.561
2026-03-14 07:00:00+00:00,458.6,461.8,458.1,459.2,433.157
2026-03-14 08:00:00+00:00,459.2,459.7,457.1,457.8,441.327
2026-03-14 09:00:00+00:00,457.9,458.7,456.2,457.4,202.062
2026-03-14 10:00:00+00:00,457.3,457.3,454.3,455.5,441.351
2026-03-14 11:00:00+00:00,455.5,462.9,455.4,460.4,2209.669
2026-03-14 12:00:00+00:00,460.4,461.8,457.0,459.1,2020.163
2026-03-14 13:00:00+00:00,459.1,460.6,458.0,459.7,952.348
2026-03-14 14:00:00+00:00,459.6,460.2,457.4,457.8,700.21
2026-03-14 15:00:00+00:00,457.7,464.4,457.3,461.5,2745.856
2026-03-14 16:00:00+00:00,461.5,463.3,461.5,462.6,414.139
2026-03-14 17:00:00+00:00,462.6,463.7,461.7,462.0,325.562
2026-03-14 18:00:00+00:00,461.9,463.2,461.2,462.6,284.138
2026-03-14 19:00:00+00:00,462.6,464.0,462.4,463.8,242.18
2026-03-14 20:00:00+00:00,463.8,464.9,462.6,464.5,353.78
2026-03-14 21:00:00+00:00,464.4,465.4,463.0,465.3,282.284
2026-03-14 22:00:00+00:00,465.4,466.7,464.9,465.4,558.261
2026-03-14 23:00:00+00:00,465.4,468.5,464.9,467.6,730.201
2026-03-15 00:00:00+00:00,467.6,468.8,460.0,463.6,2954.713
2026-03-15 01:00:00+00:00,463.7,464.5,463.4,464.2,251.908
2026-03-15 02:00:00+00:00,464.1,466.8,464.1,465.7,392.961
2026-03-15 03:00:00+00:00,465.6,466.2,464.5,465.1,445.019
2026-03-15 04:00:00+00:00,465.1,466.0,464.7,465.9,251.164
2026-03-15 05:00:00+00:00,465.9,467.0,465.2,465.5,370.937
2026-03-15 06:00:00+00:00,465.5,466.4,463.4,464.3,269.842
2026-03-15 07:00:00+00:00,464.3,465.4,463.7,464.7,210.366
2026-03-15 08:00:00+00:00,464.8,468.5,464.1,468.5,827.922
2026-03-15 09:00:00+00:00,468.5,469.7,466.2,466.7,676.62
2026-03-15 10:00:00+00:00,466.7,468.5,466.2,468.3,504.432
2026-03-15 11:00:00+00:00,468.3,469.1,467.7,468.6,244.022
2026-03-15 12:00:00+00:00,468.5,468.5,466.2,466.6,334.13
2026-03-15 13:00:00+00:00,466.5,467.2,459.8,463.7,3124.581
2026-03-15 14:00:00+00:00,463.7,464.1,462.0,463.8,475.274
2026-03-15 15:00:00+00:00,463.8,464.1,462.5,462.7,261.269
2026-03-15 16:00:00+00:00,462.6,463.7,460.7,461.6,641.535
2026-03-15 17:00:00+00:00,461.7,464.6,461.6,463.7,271.326
2026-03-15 18:00:00+00:00,463.7,463.8,460.9,461.3,260.864
2026-03-15 19:00:00+00:00,461.3,462.1,460.8,461.7,212.238
2026-03-15 20:00:00+00:00,461.6,463.9,460.8,462.2,257.24
2026-03-15 21:00:00+00:00,462.2,465.3,461.5,464.7,455.773
2026-03-15 22:00:00+00:00,464.8,470.7,462.8,469.5,3179.451
2026-03-15 23:00:00+00:00,469.5,470.4,467.3,469.7,1013.274
2026-03-16 00:00:00+00:00,469.6,470.5,467.1,467.8,434.855
2026-03-16 01:00:00+00:00,467.8,468.2,465.1,467.9,382.548
2026-03-16 02:00:00+00:00,467.9,468.6,465.8,467.7,283.236
2026-03-16 03:00:00+00:00,467.7,475.6,467.0,471.7,1914.841
2026-03-16 04:00:00+00:00,471.6,474.4,468.5,470.6,4805.903
2026-03-16 05:00:00+00:00,470.7,474.2,470.7,473.8,934.88
2026-03-16 06:00:00+00:00,473.8,473.8,470.5,470.9,729.175
2026-03-16 07:00:00+00:00,471.0,473.5,470.8,471.8,1861.108
2026-03-16 08:00:00+00:00,471.8,473.3,469.1,470.3,954.405
2026-03-16 09:00:00+00:00,470.4,473.0,470.4,472.0,473.33
2026-03-16 10:00:00+00:00,472.1,475.9,471.8,474.4,2174.233
2026-03-16 11:00:00+00:00,474.4,475.8,472.8,474.1,749.355
2026-03-16 12:00:00+00:00,474.2,477.1,473.4,475.3,1368.071
2026-03-16 13:00:00+00:00,475.2,480.1,475.1,477.8,990.743
2026-03-16 14:00:00+00:00,477.9,479.3,473.9,477.5,799.183
2026-03-16 15:00:00+00:00,477.6,479.7,475.8,476.2,970.434
2026-03-16 16:00:00+00:00,476.1,479.4,475.7,479.1,709.712
2026-03-16 17:00:00+00:00,479.1,479.9,477.5,478.5,578.639
2026-03-16 18:00:00+00:00,478.5,480.6,478.1,478.7,768.677
2026-03-16 19:00:00+00:00,478.7,482.2,478.3,479.8,740.896
2026-03-16 20:00:00+00:00,479.9,481.9,479.4,481.4,480.393
2026-03-16 21:00:00+00:00,481.2,483.8,479.7,480.9,875.93
2026-03-16 22:00:00+00:00,480.9,483.8,480.6,481.0,519.187
2026-03-16 23:00:00+00:00,481.0,481.0,477.0,478.8,963.771
2026-03-17 00:00:00+00:00,478.8,481.0,477.0,478.6,921.593
2026-03-17 01:00:00+00:00,478.5,481.2,476.9,478.3,1090.161
2026-03-17 02:00:00+00:00,478.3,480.0,476.1,478.1,522.411
2026-03-17 03:00:00+00:00,478.1,478.1,473.7,475.3,1079.778
2026-03-17 04:00:00+00:00,475.3,475.8,471.3,473.4,761.753
2026-03-17 05:00:00+00:00,473.4,475.2,472.4,474.3,474.273
2026-03-17 06:00:00+00:00,474.4,474.7,472.7,473.2,395.923
2026-03-17 07:00:00+00:00,473.2,475.9,473.2,473.7,309.135
2026-03-17 08:00:00+00:00,473.8,474.6,472.6,473.0,440.322
2026-03-17 09:00:00+00:00,473.0,475.0,472.3,473.4,596.816
2026-03-17 10:00:00+00:00,473.4,474.7,472.0,473.8,1105.492
2026-03-17 11:00:00+00:00,473.9,475.9,473.7,475.0,564.922
2026-03-17 12:00:00+00:00,475.0,476.3,472.8,473.3,775.475
2026-03-17 13:00:00+00:00,473.3,475.2,471.9,473.3,867.04
2026-03-17 14:00:00+00:00,473.3,475.8,472.6,475.6,471.199
2026-03-17 15:00:00+00:00,475.6,478.0,470.8,472.8,1063.13
2026-03-17 16:00:00+00:00,472.8,475.5,472.0,474.4,380.079
2026-03-17 17:00:00+00:00,474.5,476.3,474.2,476.0,260.248
2026-03-17 18:00:00+00:00,476.0,477.2,475.1,475.9,510.969
2026-03-17 19:00:00+00:00,475.9,476.3,474.0,474.3,241.87
2026-03-17 20:00:00+00:00,474.4,475.0,473.3,474.2,219.877
2026-03-17 21:00:00+00:00,474.2,475.9,473.9,475.4,277.326
2026-03-17 22:00:00+00:00,475.3,476.3,472.3,473.7,370.878
2026-03-17 23:00:00+00:00,473.6,473.7,470.2,470.7,221.983
2026-03-18 00:00:00+00:00,470.7,472.0,469.7,471.7,283.676
2026-03-18 01:00:00+00:00,471.8,472.4,470.3,470.6,242.891
2026-03-18 02:00:00+00:00,470.5,472.5,469.9,471.9,297.931
2026-03-18 03:00:00+00:00,471.9,472.6,470.5,470.8,427.959
2026-03-18 04:00:00+00:00,470.8,471.2,469.7,470.6,444.282
2026-03-18 05:00:00+00:00,470.6,472.6,470.1,470.7,314.855
2026-03-18 06:00:00+00:00,470.8,471.9,470.5,470.8,188.489
2026-03-18 07:00:00+00:00,470.8,470.8,469.1,470.0,423.732
2026-03-18 08:00:00+00:00,470.0,471.4,469.1,469.3,589.947
2026-03-18 09:00:00+00:00,469.2,469.5,468.4,469.4,828.008
2026-03-18 10:00:00+00:00,469.4,469.6,467.5,468.3,543.886
2026-03-18 11:00:00+00:00,468.2,468.3,462.0,462.5,1891.885
2026-03-18 12:00:00+00:00,462.4,462.4,456.0,456.6,1753.651
2026-03-18 13:00:00+00:00,456.5,457.2,453.8,454.7,1527.966
2026-03-18 14:00:00+00:00,454.7,454.7,448.3,448.7,1804.24
2026-03-18 15:00:00+00:00,448.8,450.3,446.5,448.5,1686.546
2026-03-18 16:00:00+00:00,448.4,449.6,446.7,448.4,781.994
2026-03-18 17:00:00+00:00,448.4,456.5,447.6,453.0,2189.166
2026-03-18 18:00:00+00:00,452.9,455.3,451.4,452.4,505.259
2026-03-18 19:00:00+00:00,452.4,454.0,451.8,452.2,255.356
2026-03-18 20:00:00+00:00,452.2,455.7,451.1,455.0,453.239
2026-03-18 21:00:00+00:00,454.9,458.2,454.7,458.1,268.7
2026-03-18 22:00:00+00:00,458.0,458.2,455.0,455.4,272.614
2026-03-18 23:00:00+00:00,455.4,457.2,454.7,456.9,392.066
2026-03-19 00:00:00+00:00,456.9,457.4,455.1,455.2,264.669
2026-03-19 01:00:00+00:00,455.2,455.9,454.2,455.1,343.893
2026-03-19 02:00:00+00:00,455.0,457.1,453.9,456.2,354.074
2026-03-19 03:00:00+00:00,456.2,460.7,456.2,457.2,1014.715
2026-03-19 04:00:00+00:00,457.2,458.0,456.1,457.4,492.691
2026-03-19 05:00:00+00:00,457.5,457.9,455.9,456.5,294.642
2026-03-19 06:00:00+00:00,456.4,458.3,454.5,455.0,382.017
2026-03-19 07:00:00+00:00,455.0,459.1,449.7,456.3,3059.497
2026-03-19 08:00:00+00:00,456.3,457.7,454.3,456.3,1593.59
2026-03-19 09:00:00+00:00,456.4,460.3,455.9,459.8,731.316
2026-03-19 10:00:00+00:00,459.8,460.7,457.4,457.5,841.6
2026-03-19 11:00:00+00:00,457.5,458.2,455.6,455.6,352.735
2026-03-19 12:00:00+00:00,455.6,455.7,452.8,453.0,793.1
2026-03-19 13:00:00+00:00,453.1,457.4,452.1,457.4,838.678
2026-03-19 14:00:00+00:00,457.4,459.4,454.9,457.1,1337.157
2026-03-19 15:00:00+00:00,457.1,458.5,452.5,453.6,1575.559
2026-03-19 16:00:00+00:00,453.6,454.3,452.1,453.5,850.517
2026-03-19 17:00:00+00:00,453.5,456.9,451.8,456.2,521.461
2026-03-19 18:00:00+00:00,456.2,457.1,454.6,455.7,184.728
2026-03-19 19:00:00+00:00,455.6,458.3,455.6,456.4,545.569
2026-03-19 20:00:00+00:00,456.3,458.6,456.1,457.3,194.61
2026-03-19 21:00:00+00:00,457.2,457.6,455.2,455.7,516.22
2026-03-19 22:00:00+00:00,455.6,456.1,453.5,455.3,795.147
2026-03-19 23:00:00+00:00,455.3,456.5,454.1,455.6,374.542
2026-03-20 00:00:00+00:00,455.7,458.9,454.9,458.1,772.48
2026-03-20 01:00:00+00:00,458.2,461.8,457.1,461.8,826.491
2026-03-20 02:00:00+00:00,461.7,463.5,459.2,462.6,885.499
2026-03-20 03:00:00+00:00,462.6,465.2,461.8,464.6,588.189
2026-03-20 04:00:00+00:00,464.5,465.6,463.0,464.7,446.291
2026-03-20 05:00:00+00:00,464.6,464.6,461.9,462.2,354.108
2026-03-20 06:00:00+00:00,462.2,464.3,460.5,463.9,550.249
2026-03-20 07:00:00+00:00,463.9,468.1,461.9,467.2,1189.904
2026-03-20 08:00:00+00:00,467.1,471.0,466.3,469.9,1239.219
2026-03-20 09:00:00+00:00,470.0,470.1,458.4,464.0,2689.067
2026-03-20 10:00:00+00:00,464.0,464.3,462.0,463.8,542.754
2026-03-20 11:00:00+00:00,463.8,469.4,463.8,467.5,1760.927
2026-03-20 12:00:00+00:00,467.6,469.4,466.5,467.3,743.9
2026-03-20 13:00:00+00:00,467.3,468.4,464.2,465.4,1237.468
2026-03-20 14:00:00+00:00,465.4,472.2,464.2,468.8,1907.517
2026-03-20 15:00:00+00:00,468.9,472.0,467.8,469.0,574.468
2026-03-20 16:00:00+00:00,469.1,470.3,466.8,468.2,364.94
2026-03-20 17:00:00+00:00,468.2,469.3,465.6,468.0,411.948
2026-03-20 18:00:00+00:00,468.1,468.2,464.5,466.9,526.423
2026-03-20 19:00:00+00:00,467.0,469.1,466.5,468.9,427.325
2026-03-20 20:00:00+00:00,468.9,469.5,465.3,468.0,418.699
2026-03-20 21:00:00+00:00,467.9,471.4,466.7,470.6,576.762
2026-03-20 22:00:00+00:00,470.6,475.2,470.6,472.7,1289.984
2026-03-20 23:00:00+00:00,472.7,475.1,470.9,474.6,1521.97
2026-03-21 00:00:00+00:00,474.6,477.2,472.4,472.5,905.01
2026-03-21 01:00:00+00:00,472.6,473.0,470.6,471.2,362.487
2026-03-21 02:00:00+00:00,471.2,472.1,470.4,471.7,402.317
2026-03-21 03:00:00+00:00,471.7,471.8,470.0,470.9,509.727
2026-03-21 04:00:00+00:00,470.9,472.2,470.6,470.8,273.504
2026-03-21 05:00:00+00:00,470.8,472.1,470.7,471.6,292.975
2026-03-21 06:00:00+00:00,471.6,472.2,467.1,469.0,1362.133
2026-03-21 07:00:00+00:00,468.9,468.9,465.5,468.2,1859.017
2026-03-21 08:00:00+00:00,468.3,470.1,467.3,469.4,525.379
2026-03-21 09:00:00+00:00,469.4,470.3,468.4,469.4,557.404
2026-03-21 10:00:00+00:00,469.5,469.8,468.1,468.2,231.472
2026-03-21 11:00:00+00:00,468.2,468.5,466.6,468.0,245.413
2026-03-21 12:00:00+00:00,467.9,468.9,467.8,468.2,170.218
2026-03-21 13:00:00+00:00,468.3,469.4,467.0,468.8,591.205
2026-03-21 14:00:00+00:00,468.7,470.3,467.7,468.1,585.497
2026-03-21 15:00:00+00:00,468.2,469.0,465.8,466.1,474.919
2026-03-21 16:00:00+00:00,466.2,467.9,465.5,466.3,415.994
2026-03-21 17:00:00+00:00,466.4,468.5,466.4,467.6,521.175
2026-03-21 18:00:00+00:00,467.6,470.0,467.4,469.1,369.143
2026-03-21 19:00:00+00:00,469.1,469.9,467.3,467.8,446.025
2026-03-21 20:00:00+00:00,467.7,468.3,467.0,468.2,162.914
2026-03-21 21:00:00+00:00,468.2,469.3,467.8,468.7,260.007
2026-03-21 22:00:00+00:00,468.6,469.4,467.3,467.8,220.694
2026-03-21 23:00:00+00:00,467.7,467.7,459.7,462.6,1338.483
2026-03-22 00:00:00+00:00,462.5,462.6,457.4,458.6,1183.38
2026-03-22 01:00:00+00:00,458.6,460.3,458.1,459.8,464.107
2026-03-22 02:00:00+00:00,459.9,461.7,458.4,460.6,601.004
2026-03-22 03:00:00+00:00,460.5,469.4,459.4,464.7,3452.13
2026-03-22 04:00:00+00:00,464.6,469.3,464.4,468.3,921.758
2026-03-22 05:00:00+00:00,468.4,468.5,466.3,466.9,622.854
2026-03-22 06:00:00+00:00,466.8,466.9,465.5,466.5,265.63
2026-03-22 07:00:00+00:00,466.5,467.4,464.5,464.7,283.574
2026-03-22 08:00:00+00:00,464.7,468.6,463.1,467.0,1666.988
2026-03-22 09:00:00+00:00,467.1,467.7,465.2,465.7,334.286
2026-03-22 10:00:00+00:00,465.8,467.0,465.5,465.9,397.091
2026-03-22 11:00:00+00:00,465.9,468.9,465.2,465.2,1835.554
2026-03-22 12:00:00+00:00,465.2,468.3,465.0,467.7,585.019
2026-03-22 13:00:00+00:00,467.7,469.5,467.0,467.9,842.705
2026-03-22 14:00:00+00:00,467.9,469.5,466.5,467.9,462.965
2026-03-22 15:00:00+00:00,467.9,470.0,466.7,468.8,833.861
2026-03-22 16:00:00+00:00,468.8,469.4,468.4,468.5,149.199
2026-03-22 17:00:00+00:00,468.5,468.5,467.2,467.5,145.105
2026-03-22 18:00:00+00:00,467.4,468.5,465.2,467.0,388.222
2026-03-22 19:00:00+00:00,467.0,467.4,464.9,465.5,393.346
2026-03-22 20:00:00+00:00,465.6,466.8,465.2,465.4,443.345
2026-03-22 21:00:00+00:00,465.3,468.9,461.0,466.4,2427.169
2026-03-22 22:00:00+00:00,466.4,469.9,464.9,469.4,681.853
2026-03-22 23:00:00+00:00,469.4,471.4,467.3,467.4,825.65
2026-03-23 00:00:00+00:00,467.4,467.8,464.0,466.2,705.891
2026-03-23 01:00:00+00:00,466.1,470.9,465.8,468.7,833.277
2026-03-23 02:00:00+00:00,468.8,473.2,468.1,471.7,828.095
2026-03-23 03:00:00+00:00,471.6,472.9,468.2,468.7,720.463
2026-03-23 04:00:00+00:00,468.7,468.9,466.7,467.9,730.211
2026-03-23 05:00:00+00:00,467.9,469.3,466.6,468.2,593.498
2026-03-23 06:00:00+00:00,468.1,468.1,462.8,464.6,895.194
2026-03-23 07:00:00+00:00,464.7,467.9,462.6,466.4,1270.51
2026-03-23 08:00:00+00:00,466.5,469.1,465.9,466.4,352.506
2026-03-23 09:00:00+00:00,466.4,467.1,464.4,467.1,306.974
2026-03-23 10:00:00+00:00,467.1,469.5,467.1,468.9,759.708
2026-03-23 11:00:00+00:00,468.8,486.3,468.4,476.1,8346.224
2026-03-23 12:00:00+00:00,476.2,482.9,474.5,482.3,2232.733
2026-03-23 13:00:00+00:00,482.4,484.5,480.1,482.3,1175.76
2026-03-23 14:00:00+00:00,482.4,483.4,479.5,481.1,1046.022
2026-03-23 15:00:00+00:00,481.0,481.6,477.2,478.1,823.026
2026-03-23 16:00:00+00:00,478.2,480.3,478.1,480.3,639.824
2026-03-23 17:00:00+00:00,480.2,480.8,475.6,479.0,958.171
2026-03-23 18:00:00+00:00,479.0,480.4,478.1,478.6,920.514
2026-03-23 19:00:00+00:00,478.5,480.4,476.2,476.9,477.982
2026-03-23 20:00:00+00:00,476.9,478.8,476.7,478.7,387.401
2026-03-23 21:00:00+00:00,478.7,480.2,476.4,476.5,777.905
2026-03-23 22:00:00+00:00,476.6,477.9,475.8,477.4,280.505
2026-03-23 23:00:00+00:00,477.4,478.6,476.0,478.0,542.119
2026-03-24 00:00:00+00:00,478.1,478.8,474.6,475.0,1928.774
2026-03-24 01:00:00+00:00,474.9,476.6,473.0,473.5,912.727
2026-03-24 02:00:00+00:00,473.5,475.1,471.4,471.6,1381.046
2026-03-24 03:00:00+00:00,471.5,474.3,471.3,474.2,537.782
2026-03-24 04:00:00+00:00,474.2,474.3,472.5,474.0,265.943
2026-03-24 05:00:00+00:00,474.0,476.8,472.4,475.4,1034.92
2026-03-24 06:00:00+00:00,475.3,476.5,474.1,476.0,523.959
2026-03-24 07:00:00+00:00,476.0,477.4,475.5,476.9,545.413
2026-03-24 08:00:00+00:00,476.9,478.3,475.7,477.3,985.854
2026-03-24 09:00:00+00:00,477.3,480.2,476.9,479.6,748.399
2026-03-24 10:00:00+00:00,479.6,479.7,468.6,472.4,5276.992
2026-03-24 11:00:00+00:00,472.3,474.4,471.3,473.5,576.265
2026-03-24 12:00:00+00:00,473.5,474.1,472.8,473.2,454.31
2026-03-24 13:00:00+00:00,473.2,473.7,470.2,472.0,1375.675
2026-03-24 14:00:00+00:00,472.0,473.4,469.7,471.1,1433.166
2026-03-24 15:00:00+00:00,471.1,474.9,471.0,474.3,806.439
2026-03-24 16:00:00+00:00,474.2,475.6,473.5,475.2,617.216
2026-03-24 17:00:00+00:00,475.3,475.6,471.1,472.8,755.559
2026-03-24 18:00:00+00:00,472.8,475.1,472.3,473.6,657.833
2026-03-24 19:00:00+00:00,473.6,474.3,472.8,474.2,347.192
2026-03-24 20:00:00+00:00,474.1,476.8,473.1,476.4,480.55
2026-03-24 21:00:00+00:00,476.4,478.4,475.7,478.0,523.008
2026-03-24 22:00:00+00:00,478.0,478.5,477.0,477.9,486.391
2026-03-24 23:00:00+00:00,477.8,478.6,477.2,477.4,458.949
2026-03-25 00:00:00+00:00,477.4,478.7,476.2,478.2,658.237
2026-03-25 01:00:00+00:00,478.1,478.7,477.2,477.5,557.087
2026-03-25 02:00:00+00:00,477.6,478.4,476.5,477.8,752.972
2026-03-25 03:00:00+00:00,477.7,479.4,476.7,479.3,551.164
2026-03-25 04:00:00+00:00,479.3,480.1,477.9,478.8,684.494
2026-03-25 05:00:00+00:00,478.8,480.1,477.8,478.0,708.772
2026-03-25 06:00:00+00:00,478.0,478.4,476.3,476.6,742.336
2026-03-25 07:00:00+00:00,476.5,479.2,473.8,478.3,2184.696
2026-03-25 08:00:00+00:00,478.3,480.3,477.8,478.6,842.371
2026-03-25 09:00:00+00:00,478.7,479.0,477.6,478.7,657.237
2026-03-25 10:00:00+00:00,478.7,479.6,478.4,478.5,274.464
2026-03-25 11:00:00+00:00,478.4,479.5,477.0,477.5,518.923
2026-03-25 12:00:00+00:00,477.6,478.7,476.4,477.7,275.39
2026-03-25 13:00:00+00:00,477.8,478.1,474.7,476.1,488.915
2026-03-25 14:00:00+00:00,476.2,477.2,475.4,475.8,433.007
2026-03-25 15:00:00+00:00,475.8,476.8,473.3,476.4,518.149
2026-03-25 16:00:00+00:00,476.5,479.3,476.3,477.6,472.856
2026-03-25 17:00:00+00:00,477.6,477.7,475.7,476.1,284.377
2026-03-25 18:00:00+00:00,476.2,477.0,474.9,475.2,1057.277
2026-03-25 19:00:00+00:00,475.2,475.9,473.6,474.1,279.422
2026-03-25 20:00:00+00:00,474.2,474.2,473.0,473.1,204.443
2026-03-25 21:00:00+00:00,473.1,473.4,472.2,472.5,191.081
2026-03-25 22:00:00+00:00,472.7,474.8,471.4,473.9,326.808
2026-03-25 23:00:00+00:00,474.0,474.1,472.5,473.6,202.201
2026-03-26 00:00:00+00:00,473.6,474.1,472.2,473.2,295.187
2026-03-26 01:00:00+00:00,473.3,473.5,472.3,472.6,251.324
2026-03-26 02:00:00+00:00,472.5,472.8,470.5,471.5,601.848
2026-03-26 03:00:00+00:00,471.5,471.7,470.1,470.6,358.996
2026-03-26 04:00:00+00:00,470.6,470.9,469.7,470.1,572.438
2026-03-26 05:00:00+00:00,470.1,470.3,466.3,467.5,609.242
2026-03-26 06:00:00+00:00,467.5,474.0,464.4,468.2,3464.096
2026-03-26 07:00:00+00:00,468.3,469.3,466.8,466.9,413.211
2026-03-26 08:00:00+00:00,467.0,467.6,466.0,467.6,385.423
2026-03-26 09:00:00+00:00,467.6,468.4,464.0,464.9,878.145
2026-03-26 10:00:00+00:00,464.8,464.9,462.4,462.5,802.27
2026-03-26 11:00:00+00:00,462.5,463.4,461.1,461.8,1341.027
2026-03-26 12:00:00+00:00,461.8,463.0,461.6,462.2,895.186
2026-03-26 13:00:00+00:00,462.2,465.3,461.4,464.2,707.552
2026-03-26 14:00:00+00:00,464.3,464.9,462.6,464.4,671.079
2026-03-26 15:00:00+00:00,464.4,464.4,461.1,461.8,452.648
2026-03-26 16:00:00+00:00,461.8,463.2,460.6,461.9,1275.348
2026-03-26 17:00:00+00:00,461.9,464.0,461.8,462.3,526.776
2026-03-26 18:00:00+00:00,462.3,463.1,459.9,461.0,739.867
2026-03-26 19:00:00+00:00,461.0,461.1,458.7,460.0,532.316
2026-03-26 20:00:00+00:00,460.0,464.5,459.8,462.5,1466.265
2026-03-26 21:00:00+00:00,462.5,462.7,460.5,461.8,460.378
2026-03-26 22:00:00+00:00,461.9,462.3,459.5,461.3,352.515
2026-03-26 23:00:00+00:00,461.4,462.5,461.1,461.9,224.351
2026-03-27 00:00:00+00:00,462.0,464.0,461.7,463.4,353.282
2026-03-27 01:00:00+00:00,463.5,464.9,463.4,464.5,369.952
2026-03-27 02:00:00+00:00,464.6,466.0,464.6,465.2,236.149
2026-03-27 03:00:00+00:00,465.3,465.7,463.3,463.9,281.186
2026-03-27 04:00:00+00:00,463.8,465.3,461.9,464.0,2008.55
2026-03-27 05:00:00+00:00,464.0,474.0,463.7,472.3,19035.951
2026-03-27 06:00:00+00:00,472.3,475.0,465.7,467.8,6376.156
2026-03-27 07:00:00+00:00,467.8,470.0,458.2,458.8,1569.421
2026-03-27 08:00:00+00:00,458.8,465.8,458.8,465.5,1421.101
2026-03-27 09:00:00+00:00,465.4,468.5,463.6,466.5,1665.094
2026-03-27 10:00:00+00:00,466.5,467.7,460.6,461.2,1964.356
2026-03-27 11:00:00+00:00,461.2,463.1,459.8,461.9,875.334
2026-03-27 12:00:00+00:00,462.0,465.0,461.1,463.3,2209.165
2026-03-27 13:00:00+00:00,463.3,464.7,460.6,461.5,2294.806
2026-03-27 14:00:00+00:00,461.5,464.8,460.4,464.5,3377.316
2026-03-27 15:00:00+00:00,464.5,469.7,464.2,467.0,2686.081
2026-03-27 16:00:00+00:00,467.0,469.8,465.7,469.2,1429.644
2026-03-27 17:00:00+00:00,469.2,471.7,464.0,465.2,2268.972
2026-03-27 18:00:00+00:00,465.2,468.4,464.7,467.4,1059.993
2026-03-27 19:00:00+00:00,467.4,467.8,465.3,466.2,1205.372
2026-03-27 20:00:00+00:00,466.2,469.7,466.0,469.1,1061.233
2026-03-27 21:00:00+00:00,469.2,472.0,469.1,470.4,1426.912
2026-03-27 22:00:00+00:00,470.4,472.5,470.2,471.8,930.145
2026-03-27 23:00:00+00:00,471.8,473.2,470.6,472.9,1083.004
2026-03-28 00:00:00+00:00,472.9,475.3,472.3,474.8,1531.971
2026-03-28 01:00:00+00:00,474.9,475.8,471.8,474.6,1134.184
2026-03-28 02:00:00+00:00,474.5,477.5,472.2,473.9,1116.846
2026-03-28 03:00:00+00:00,473.9,475.8,473.2,475.2,854.872
2026-03-28 04:00:00+00:00,475.2,475.6,470.8,473.7,1191.106
2026-03-28 05:00:00+00:00,473.8,474.7,472.2,474.3,747.79
2026-03-28 06:00:00+00:00,474.3,477.2,473.8,476.6,855.017
2026-03-28 07:00:00+00:00,476.5,480.1,476.4,479.7,1142.701
2026-03-28 08:00:00+00:00,479.7,480.1,475.8,477.4,1048.478
2026-03-28 09:00:00+00:00,477.4,478.7,476.3,478.5,914.818
2026-03-28 10:00:00+00:00,478.6,479.8,474.3,476.4,1108.182
2026-03-28 11:00:00+00:00,476.4,478.3,476.0,478.0,793.52
2026-03-28 12:00:00+00:00,478.0,479.0,476.2,478.8,750.58
2026-03-28 13:00:00+00:00,478.8,483.5,478.7,481.4,1468.784
2026-03-28 14:00:00+00:00,481.5,482.6,479.0,480.8,883.702
2026-03-28 15:00:00+00:00,480.7,483.9,480.6,482.9,909.303
2026-03-28 16:00:00+00:00,482.9,484.2,482.0,482.4,1162.025
2026-03-28 17:00:00+00:00,482.3,484.0,481.5,482.4,1213.094
2026-03-28 18:00:00+00:00,482.3,484.1,481.9,483.9,846.522
2026-03-28 19:00:00+00:00,483.8,484.1,481.3,482.8,914.387
2026-03-28 20:00:00+00:00,482.8,483.7,482.1,482.2,780.332
2026-03-28 21:00:00+00:00,482.1,483.3,481.2,482.7,790.255
2026-03-28 22:00:00+00:00,482.8,483.4,481.3,483.4,938.969
2026-03-28 23:00:00+00:00,483.3,483.6,478.3,481.2,1922.406
2026-03-29 00:00:00+00:00,481.2,482.1,480.7,482.1,983.675
2026-03-29 01:00:00+00:00,482.1,484.2,481.9,483.9,2072.991
2026-03-29 02:00:00+00:00,484.0,484.8,483.3,484.3,745.976
2026-03-29 03:00:00+00:00,484.3,484.6,482.9,484.0,671.38
2026-03-29 04:00:00+00:00,484.0,484.7,483.0,483.1,672.57
2026-03-29 05:00:00+00:00,483.0,484.4,481.6,483.7,739.093
2026-03-29 06:00:00+00:00,483.7,484.5,483.0,484.2,622.09
2026-03-29 07:00:00+00:00,484.2,484.3,482.0,483.0,798.893
2026-03-29 08:00:00+00:00,483.0,484.3,482.0,483.6,756.258
2026-03-29 09:00:00+00:00,483.6,484.2,481.8,482.5,643.175
2026-03-29 10:00:00+00:00,482.5,482.9,481.1,481.5,817.506
2026-03-29 11:00:00+00:00,481.5,483.4,481.2,482.8,668.99
2026-03-29 12:00:00+00:00,482.7,483.2,481.8,482.2,771.543
2026-03-29 13:00:00+00:00,482.1,482.2,477.5,478.0,5595.181
2026-03-29 14:00:00+00:00,478.0,478.2,457.4,459.4,54250.499
2026-03-29 15:00:00+00:00,459.3,462.3,457.6,459.1,5318.557
2026-03-29 16:00:00+00:00,459.1,459.1,451.0,451.6,4220.398
2026-03-29 17:00:00+00:00,451.5,455.0,449.3,453.3,2841.063
2026-03-29 18:00:00+00:00,453.3,453.9,450.4,452.6,1404.389
2026-03-29 19:00:00+00:00,452.5,455.2,451.4,454.5,1488.716
2026-03-29 20:00:00+00:00,454.6,455.4,453.7,453.9,1024.014
2026-03-29 21:00:00+00:00,453.9,455.0,452.3,454.6,1136.146
2026-03-29 22:00:00+00:00,454.6,454.6,446.9,451.6,3215.719
2026-03-29 23:00:00+00:00,451.7,453.3,448.1,452.7,2240.443
2026-03-30 00:00:00+00:00,452.7,455.8,450.6,455.2,1785.676
2026-03-30 01:00:00+00:00,455.4,456.4,453.9,456.0,1338.603
2026-03-30 02:00:00+00:00,456.1,460.3,454.6,458.8,1664.482
2026-03-30 03:00:00+00:00,458.8,459.0,455.5,456.9,1300.4
2026-03-30 04:00:00+00:00,456.9,456.9,454.3,456.2,1620.95
2026-03-30 05:00:00+00:00,456.2,457.0,454.3,454.7,1946.533
2026-03-30 06:00:00+00:00,454.7,455.2,454.2,454.5,909.625
2026-03-30 07:00:00+00:00,454.4,454.7,452.0,453.3,1977.861
2026-03-30 08:00:00+00:00,453.3,455.1,452.6,453.9,2455.795
2026-03-30 09:00:00+00:00,453.9,454.9,452.5,454.4,1502.047
2026-03-30 10:00:00+00:00,454.3,455.4,453.2,454.6,1046.918
2026-03-30 11:00:00+00:00,454.5,458.1,454.1,456.4,1759.783
2026-03-30 12:00:00+00:00,456.5,459.4,455.8,459.1,1747.381
2026-03-30 13:00:00+00:00,459.1,459.5,456.5,457.0,1721.951
2026-03-30 14:00:00+00:00,457.1,460.6,455.8,460.2,1433.389
2026-03-30 15:00:00+00:00,460.2,466.2,459.4,465.1,1567.207
2026-03-30 16:00:00+00:00,465.0,467.3,463.5,467.1,1305.58
2026-03-30 17:00:00+00:00,467.1,467.4,462.5,463.9,1879.774
2026-03-30 18:00:00+00:00,464.0,464.6,459.6,460.7,626.693
2026-03-30 19:00:00+00:00,460.6,461.8,457.0,459.5,852.619
2026-03-30 20:00:00+00:00,459.4,460.4,457.3,459.1,828.192
2026-03-30 21:00:00+00:00,459.0,463.0,458.8,461.8,815.518
2026-03-30 22:00:00+00:00,461.8,462.6,460.2,460.9,515.406
2026-03-30 23:00:00+00:00,460.8,460.8,458.3,460.3,793.539
2026-03-31 00:00:00+00:00,460.3,464.8,460.0,464.2,1157.628
2026-03-31 01:00:00+00:00,464.3,468.5,463.2,466.4,1033.023
2026-03-31 02:00:00+00:00,466.4,466.5,463.7,465.7,599.134
2026-03-31 03:00:00+00:00,465.7,466.9,464.6,466.9,592.813
2026-03-31 04:00:00+00:00,466.9,467.8,465.3,466.4,529.236
2026-03-31 05:00:00+00:00,466.4,470.4,465.0,469.6,1008.229
2026-03-31 06:00:00+00:00,469.6,469.8,467.7,469.2,603.796
2026-03-31 07:00:00+00:00,469.2,470.5,467.5,470.1,1071.898
2026-03-31 08:00:00+00:00,470.0,472.2,467.8,468.2,1094.202
2026-03-31 09:00:00+00:00,468.2,468.6,464.4,465.6,1920.724
2026-03-31 10:00:00+00:00,465.5,468.2,465.3,467.7,900.921
2026-03-31 11:00:00+00:00,467.7,469.3,466.5,467.1,811.137
2026-03-31 12:00:00+00:00,467.2,469.2,465.1,468.0,658.928
2026-03-31 13:00:00+00:00,468.0,471.8,466.6,471.1,1729.916
2026-03-31 14:00:00+00:00,471.0,475.4,470.1,470.9,1352.2
2026-03-31 15:00:00+00:00,471.0,475.1,469.6,469.9,1280.582
2026-03-31 16:00:00+00:00,469.8,474.9,469.4,473.7,2405.297
2026-03-31 17:00:00+00:00,473.7,477.9,473.3,474.7,1176.17
2026-03-31 18:00:00+00:00,474.7,476.6,471.9,473.0,381.952
2026-03-31 19:00:00+00:00,473.0,473.3,470.4,470.8,376.657
2026-03-31 20:00:00+00:00,470.8,472.2,469.6,470.1,1150.867
2026-03-31 21:00:00+00:00,470.1,470.4,463.8,464.2,12044.704
2026-03-31 22:00:00+00:00,464.2,468.3,463.8,466.6,4179.253
2026-03-31 23:00:00+00:00,466.6,468.0,466.2,466.5,1545.445
2026-04-01 00:00:00+00:00,466.5,466.6,463.4,465.4,1898.696
2026-04-01 01:00:00+00:00,465.5,465.7,461.2,462.1,2230.612
2026-04-01 02:00:00+00:00,462.1,462.6,460.3,460.6,1785.078
2026-04-01 03:00:00+00:00,460.7,464.1,460.5,463.0,1586.242
2026-04-01 04:00:00+00:00,462.9,464.2,461.6,462.0,2193.651
2026-04-01 05:00:00+00:00,462.0,463.8,461.8,462.4,1412.413
2026-04-01 06:00:00+00:00,462.4,466.2,462.4,464.0,1842.505
2026-04-01 07:00:00+00:00,463.9,465.0,459.9,460.5,1700.002
2026-04-01 08:00:00+00:00,460.5,461.9,460.1,460.6,1439.206
2026-04-01 09:00:00+00:00,460.6,460.8,458.6,459.0,946.14
2026-04-01 10:00:00+00:00,459.0,461.7,458.0,461.6,834.434
2026-04-01 11:00:00+00:00,461.6,463.6,461.6,462.4,591.138
2026-04-01 12:00:00+00:00,462.3,463.0,459.3,459.5,2087.649
2026-04-01 13:00:00+00:00,459.5,461.6,457.8,459.3,3214.056
2026-04-01 14:00:00+00:00,459.3,461.8,459.1,459.8,2973.631
2026-04-01 15:00:00+00:00,459.7,460.7,457.5,458.9,3043.415
2026-04-01 16:00:00+00:00,459.0,460.6,458.3,458.7,1376.389
2026-04-01 17:00:00+00:00,458.6,460.5,458.1,458.6,1160.769
2026-04-01 18:00:00+00:00,458.7,458.7,456.1,457.3,993.641
2026-04-01 19:00:00+00:00,457.2,457.3,455.5,455.6,660.743
2026-04-01 20:00:00+00:00,455.5,456.0,454.8,454.9,650.88
2026-04-01 21:00:00+00:00,454.9,455.5,453.9,454.6,842.97
2026-04-01 22:00:00+00:00,454.6,455.9,453.7,454.1,931.411
2026-04-01 23:00:00+00:00,454.2,455.2,453.7,455.1,721.276
2026-04-02 00:00:00+00:00,455.1,455.8,453.9,454.8,1012.994
2026-04-02 01:00:00+00:00,454.9,455.0,449.6,450.1,3234.081
2026-04-02 02:00:00+00:00,450.0,451.2,447.2,448.3,1379.295
2026-04-02 03:00:00+00:00,448.2,448.2,444.9,445.1,1791.077
2026-04-02 04:00:00+00:00,445.0,446.0,442.2,442.5,2739.297
2026-04-02 05:00:00+00:00,442.4,444.8,439.6,442.2,2145.112
2026-04-02 06:00:00+00:00,442.2,443.8,440.1,440.4,1402.03
2026-04-02 07:00:00+00:00,440.4,442.2,440.4,441.5,583.731
2026-04-02 08:00:00+00:00,441.6,444.9,441.4,443.3,655.039
2026-04-02 09:00:00+00:00,443.4,446.1,443.4,445.4,867.86
2026-04-02 10:00:00+00:00,445.3,446.0,443.8,444.4,693.169
2026-04-02 11:00:00+00:00,444.4,445.7,442.4,444.2,472.663
2026-04-02 12:00:00+00:00,444.1,444.4,441.3,441.9,614.316
2026-04-02 13:00:00+00:00,442.0,444.4,441.1,444.3,819.696
2026-04-02 14:00:00+00:00,444.4,448.9,444.1,446.2,1193.925
2026-04-02 15:00:00+00:00,446.1,446.1,442.2,442.8,371.448
2026-04-02 16:00:00+00:00,442.7,445.6,442.4,444.4,434.594
2026-04-02 17:00:00+00:00,444.3,445.3,439.4,441.0,986.936
2026-04-02 18:00:00+00:00,441.1,442.4,440.9,441.7,308.514
2026-04-02 19:00:00+00:00,441.7,442.7,439.7,442.6,648.919
2026-04-02 20:00:00+00:00,442.7,443.0,441.5,442.7,567.246
2026-04-02 21:00:00+00:00,442.7,443.8,442.5,443.7,332.142
2026-04-02 22:00:00+00:00,443.8,444.8,443.5,444.4,269.964
2026-04-02 23:00:00+00:00,444.4,445.6,443.8,444.3,360.422
2026-04-03 00:00:00+00:00,444.2,445.5,444.0,444.0,170.095
2026-04-03 01:00:00+00:00,444.0,444.8,443.4,444.4,226.56
2026-04-03 02:00:00+00:00,444.5,444.9,442.6,444.3,348.754
2026-04-03 03:00:00+00:00,444.3,445.0,444.1,444.9,301.692
2026-04-03 04:00:00+00:00,445.0,445.4,444.1,444.9,249.701
2026-04-03 05:00:00+00:00,445.0,446.7,444.1,444.3,319.944
2026-04-03 06:00:00+00:00,444.3,445.1,443.5,444.3,560.754
2026-04-03 07:00:00+00:00,444.4,445.5,444.1,444.8,203.61
2026-04-03 08:00:00+00:00,444.9,445.7,442.9,443.6,306.657
2026-04-03 09:00:00+00:00,443.7,443.8,441.6,442.0,379.493
2026-04-03 10:00:00+00:00,442.0,443.5,441.0,443.4,397.928
2026-04-03 11:00:00+00:00,443.4,444.1,442.5,443.6,380.206
2026-04-03 12:00:00+00:00,443.6,446.0,442.1,442.4,894.427
2026-04-03 13:00:00+00:00,442.3,442.5,441.1,442.2,334.824
2026-04-03 14:00:00+00:00,442.2,442.9,441.2,442.2,299.958
2026-04-03 15:00:00+00:00,442.2,442.2,440.0,440.6,623.673
2026-04-03 16:00:00+00:00,440.5,442.8,439.6,442.0,677.957
2026-04-03 17:00:00+00:00,442.1,442.3,440.5,442.2,385.853
2026-04-03 18:00:00+00:00,442.2,442.9,441.8,441.9,288.538
2026-04-03 19:00:00+00:00,441.9,442.0,440.8,441.9,176.921
2026-04-03 20:00:00+00:00,441.9,443.9,441.5,443.6,314.433
2026-04-03 21:00:00+00:00,443.5,444.5,443.3,443.6,400.161
2026-04-03 22:00:00+00:00,443.7,443.8,442.3,443.5,239.863
2026-04-03 23:00:00+00:00,443.4,443.4,442.2,443.0,326.81
2026-04-04 00:00:00+00:00,443.0,443.9,442.2,442.5,225.033
2026-04-04 01:00:00+00:00,442.6,443.0,441.9,442.6,282.261
2026-04-04 02:00:00+00:00,442.6,443.3,442.0,443.2,273.931
2026-04-04 03:00:00+00:00,443.2,443.9,442.9,443.5,179.96
2026-04-04 04:00:00+00:00,443.6,444.0,443.3,443.3,99.092
2026-04-04 05:00:00+00:00,443.3,444.1,443.0,443.8,158.054
2026-04-04 06:00:00+00:00,443.8,444.3,443.3,443.9,202.086
2026-04-04 07:00:00+00:00,443.8,443.8,442.4,442.7,599.562
2026-04-04 08:00:00+00:00,442.7,444.0,442.3,443.0,337.615
2026-04-04 09:00:00+00:00,443.1,443.2,442.2,442.5,218.293
2026-04-04 10:00:00+00:00,442.5,442.9,441.8,442.7,517.699
2026-04-04 11:00:00+00:00,442.8,442.9,442.0,442.6,173.442
2026-04-04 12:00:00+00:00,442.7,443.0,442.3,442.6,119.754
2026-04-04 13:00:00+00:00,442.6,445.1,442.3,443.5,534.748
2026-04-04 14:00:00+00:00,443.5,444.3,442.4,442.9,245.575
2026-04-04 15:00:00+00:00,442.9,443.8,442.4,442.7,294.232
2026-04-04 16:00:00+00:00,442.7,443.1,442.1,442.2,374.884
2026-04-04 17:00:00+00:00,442.2,443.3,441.9,441.9,206.69
2026-04-04 18:00:00+00:00,441.9,442.0,441.0,441.5,377.785
2026-04-04 19:00:00+00:00,441.5,442.8,441.0,441.2,356.592
2026-04-04 20:00:00+00:00,441.2,442.3,440.9,442.1,298.727
2026-04-04 21:00:00+00:00,442.0,442.9,441.4,442.2,440.498
2026-04-04 22:00:00+00:00,442.3,442.5,441.8,441.9,228.709
2026-04-04 23:00:00+00:00,441.8,441.8,441.0,441.2,251.769
2026-04-05 00:00:00+00:00,441.1,442.5,440.0,441.4,885.749
2026-04-05 01:00:00+00:00,441.5,441.5,440.3,440.3,212.652
2026-04-05 02:00:00+00:00,440.3,441.4,440.0,440.8,196.856
2026-04-05 03:00:00+00:00,440.8,441.0,440.0,440.5,143.738
2026-04-05 04:00:00+00:00,440.4,440.7,434.0,435.7,2332.524
2026-04-05 05:00:00+00:00,435.6,437.9,434.4,436.7,1363.856
2026-04-05 06:00:00+00:00,436.7,436.8,434.5,435.8,635.808
2026-04-05 07:00:00+00:00,435.9,436.4,434.8,435.7,513.855
2026-04-05 08:00:00+00:00,435.7,435.8,435.0,435.2,164.981
2026-04-05 09:00:00+00:00,435.2,436.1,434.8,436.0,401.901
2026-04-05 10:00:00+00:00,435.9,436.4,435.1,435.1,157.68
2026-04-05 11:00:00+00:00,435.1,435.3,432.5,433.0,494.067
2026-04-05 12:00:00+00:00,433.0,433.2,426.4,427.6,1661.994
2026-04-05 13:00:00+00:00,427.6,427.7,425.8,426.8,882.033
2026-04-05 14:00:00+00:00,426.8,427.1,424.3,424.4,1354.358
2026-04-05 15:00:00+00:00,424.4,424.7,420.4,421.3,3872.69
2026-04-05 16:00:00+00:00,421.3,426.5,421.0,426.0,1569.368
2026-04-05 17:00:00+00:00,426.1,428.1,425.1,426.2,610.014
2026-04-05 18:00:00+00:00,426.3,428.1,425.3,427.4,616.004
2026-04-05 19:00:00+00:00,427.5,427.5,424.4,425.5,459.489
2026-04-05 20:00:00+00:00,425.6,426.2,424.1,425.6,468.051
2026-04-05 21:00:00+00:00,425.5,426.0,422.2,422.4,1017.307
2026-04-05 22:00:00+00:00,422.4,425.8,421.8,425.6,989.646
2026-04-05 23:00:00+00:00,425.7,429.4,424.6,428.6,2516.734
2026-04-06 00:00:00+00:00,428.7,432.7,428.7,431.5,1503.383
2026-04-06 01:00:00+00:00,431.6,432.9,430.8,431.8,979.025
2026-04-06 02:00:00+00:00,431.9,435.2,431.9,433.9,1354.8
2026-04-06 03:00:00+00:00,434.0,434.9,432.0,433.0,640.912
2026-04-06 04:00:00+00:00,433.1,434.7,432.4,434.4,389.721
2026-04-06 05:00:00+00:00,434.4,436.4,433.7,436.1,768.906
2026-04-06 06:00:00+00:00,436.0,436.6,433.1,434.6,962.154
2026-04-06 07:00:00+00:00,434.6,437.2,433.9,436.2,384.986
2026-04-06 08:00:00+00:00,436.2,438.2,436.1,436.3,956.766
2026-04-06 09:00:00+00:00,436.2,440.1,436.0,437.6,1351.483
2026-04-06 10:00:00+00:00,437.7,440.6,437.7,439.7,1017.153
2026-04-06 11:00:00+00:00,439.6,439.6,437.3,439.1,719.377
2026-04-06 12:00:00+00:00,439.2,440.0,437.7,438.0,421.837
2026-04-06 13:00:00+00:00,438.1,439.4,437.1,437.6,694.642
2026-04-06 14:00:00+00:00,437.4,440.1,436.7,438.6,652.167
2026-04-06 15:00:00+00:00,438.5,438.8,437.2,438.5,292.845
2026-04-06 16:00:00+00:00,438.5,438.7,436.9,437.1,400.429
2026-04-06 17:00:00+00:00,437.1,438.3,435.7,437.5,611.696
2026-04-06 18:00:00+00:00,437.4,438.8,437.1,437.5,307.592
2026-04-06 19:00:00+00:00,437.4,437.4,436.1,436.6,181.359
2026-04-06 20:00:00+00:00,436.5,438.9,436.4,438.2,297.58
2026-04-06 21:00:00+00:00,438.1,439.0,437.8,438.1,334.888
2026-04-06 22:00:00+00:00,438.0,438.4,433.3,434.5,1105.103
2026-04-06 23:00:00+00:00,434.5,436.2,432.6,435.1,1219.05
2026-04-07 00:00:00+00:00,435.0,438.0,433.6,433.6,1069.45
2026-04-07 01:00:00+00:00,433.5,434.1,430.8,431.2,712.109
2026-04-07 02:00:00+00:00,431.1,433.6,430.7,432.8,412.953
2026-04-07 03:00:00+00:00,432.8,434.2,432.3,432.5,687.996
2026-04-07 04:00:00+00:00,432.5,433.5,431.8,433.2,187.315
2026-04-07 05:00:00+00:00,433.1,433.1,432.2,432.9,170.642
2026-04-07 06:00:00+00:00,432.8,433.2,429.9,430.8,565.57
2026-04-07 07:00:00+00:00,430.7,431.9,430.3,431.1,276.169
2026-04-07 08:00:00+00:00,431.1,433.3,431.1,433.1,327.268
2026-04-07 09:00:00+00:00,433.1,434.3,432.8,433.4,501.778
2026-04-07 10:00:00+00:00,433.4,434.7,431.1,431.7,1032.532
2026-04-07 11:00:00+00:00,431.7,432.6,430.6,432.4,453.543
2026-04-07 12:00:00+00:00,432.4,433.6,430.9,432.6,1652.404
2026-04-07 13:00:00+00:00,432.6,434.5,432.4,432.8,473.997
2026-04-07 14:00:00+00:00,432.7,433.6,430.1,431.9,674.874
2026-04-07 15:00:00+00:00,431.9,435.2,431.4,433.2,980.118
2026-04-07 16:00:00+00:00,433.1,435.0,432.9,433.7,225.658
2026-04-07 17:00:00+00:00,433.7,436.2,433.1,434.9,429.968
2026-04-07 18:00:00+00:00,434.8,435.1,432.3,433.0,555.465
2026-04-07 19:00:00+00:00,432.9,435.8,432.6,435.6,327.646
2026-04-07 20:00:00+00:00,435.7,437.5,435.6,437.0,385.137
2026-04-07 21:00:00+00:00,437.1,442.1,437.1,440.5,1715.134
2026-04-07 22:00:00+00:00,440.5,445.5,440.5,445.3,1964.388
2026-04-07 23:00:00+00:00,445.4,448.4,443.9,445.9,2189.779
2026-04-08 00:00:00+00:00,446.0,446.6,441.8,442.4,1305.792
2026-04-08 01:00:00+00:00,442.5,443.9,442.0,443.2,502.288
2026-04-08 02:00:00+00:00,443.3,444.7,443.2,444.0,2174.033
2026-04-08 03:00:00+00:00,444.1,444.2,442.3,443.1,204.529
2026-04-08 04:00:00+00:00,443.0,444.8,443.0,443.5,628.173
2026-04-08 05:00:00+00:00,443.5,444.5,442.8,443.3,247.159
2026-04-08 06:00:00+00:00,443.5,443.7,442.7,443.3,402.582
2026-04-08 07:00:00+00:00,443.2,446.0,442.8,444.1,1575.036
2026-04-08 08:00:00+00:00,444.2,445.9,444.0,445.8,410.523
2026-04-08 09:00:00+00:00,445.8,447.6,445.5,447.1,427.76
2026-04-08 10:00:00+00:00,447.2,447.3,445.8,446.1,334.991
2026-04-08 11:00:00+00:00,446.0,446.5,444.1,445.9,1831.836
2026-04-08 12:00:00+00:00,445.8,449.1,445.7,448.5,1735.101
2026-04-08 13:00:00+00:00,448.6,449.9,447.1,448.1,1348.476
2026-04-08 14:00:00+00:00,448.1,448.3,442.1,443.3,1684.041
2026-04-08 15:00:00+00:00,443.4,445.7,443.2,445.0,341.045
2026-04-08 16:00:00+00:00,445.0,445.7,443.8,444.1,359.999
2026-04-08 17:00:00+00:00,444.1,446.1,443.5,445.9,627.475
2026-04-08 18:00:00+00:00,445.9,446.0,443.5,443.5,540.101
2026-04-08 19:00:00+00:00,443.5,444.0,442.3,442.7,248.782
2026-04-08 20:00:00+00:00,442.6,443.5,442.4,442.7,400.021
2026-04-08 21:00:00+00:00,442.6,444.3,442.2,443.4,206.759
2026-04-08 22:00:00+00:00,443.5,443.6,441.2,441.2,306.117
2026-04-08 23:00:00+00:00,441.2,441.7,440.1,441.3,288.383
2026-04-09 00:00:00+00:00,441.3,441.9,440.0,441.7,290.83
2026-04-09 01:00:00+00:00,441.6,441.8,440.0,441.0,790.994
2026-04-09 02:00:00+00:00,441.1,442.0,440.7,441.9,523.645
2026-04-09 03:00:00+00:00,442.0,442.1,440.2,440.9,181.668
2026-04-09 04:00:00+00:00,441.0,441.1,438.6,439.5,670.488
2026-04-09 05:00:00+00:00,439.4,442.0,439.1,441.5,629.607
2026-04-09 06:00:00+00:00,441.6,442.4,440.4,442.2,173.279
2026-04-09 07:00:00+00:00,442.2,445.8,442.2,443.7,2006.698
2026-04-09 08:00:00+00:00,443.7,444.4,442.2,442.9,609.835
2026-04-09 09:00:00+00:00,443.0,444.0,442.2,443.7,221.99
2026-04-09 10:00:00+00:00,443.8,443.8,442.4,442.6,440.158
2026-04-09 11:00:00+00:00,442.6,442.6,440.2,441.1,500.855
2026-04-09 12:00:00+00:00,441.0,441.6,440.1,440.8,320.591
2026-04-09 13:00:00+00:00,440.8,441.0,434.0,435.4,4006.586
2026-04-09 14:00:00+00:00,435.3,436.5,433.0,436.2,2262.328
2026-04-09 15:00:00+00:00,436.3,442.1,435.5,441.3,1470.163
2026-04-09 16:00:00+00:00,441.3,443.0,440.4,442.2,984.121
2026-04-09 17:00:00+00:00,442.1,444.9,442.0,444.4,684.707
2026-04-09 18:00:00+00:00,444.5,445.1,442.6,444.5,328.706
2026-04-09 19:00:00+00:00,444.5,446.9,444.2,444.9,518.358
2026-04-09 20:00:00+00:00,445.0,445.5,444.3,444.7,223.157
2026-04-09 21:00:00+00:00,444.8,445.6,443.1,443.8,777.57
2026-04-09 22:00:00+00:00,443.8,446.6,443.2,443.2,460.868
2026-04-09 23:00:00+00:00,443.3,444.7,442.7,443.1,391.437
2026-04-10 00:00:00+00:00,443.2,444.0,442.2,443.7,192.6
2026-04-10 01:00:00+00:00,443.7,446.2,442.6,444.7,280.935
2026-04-10 02:00:00+00:00,444.7,445.4,444.1,444.4,429.931
2026-04-10 03:00:00+00:00,444.4,444.5,442.3,443.2,772.922
2026-04-10 04:00:00+00:00,443.2,443.8,442.4,443.2,154.255
2026-04-10 05:00:00+00:00,443.1,443.4,440.4,440.5,638.039
2026-04-10 06:00:00+00:00,440.5,441.1,439.5,439.7,571.586
2026-04-10 07:00:00+00:00,439.6,439.8,437.0,437.2,655.404
2026-04-10 08:00:00+00:00,437.2,437.3,434.3,436.9,1053.793
2026-04-10 09:00:00+00:00,436.9,439.6,436.5,438.8,801.734
2026-04-10 10:00:00+00:00,438.8,440.1,438.7,439.9,252.837
2026-04-10 11:00:00+00:00,439.9,442.6,439.9,442.5,285.875
2026-04-10 12:00:00+00:00,442.4,442.9,440.8,442.6,712.741
2026-04-10 13:00:00+00:00,442.6,443.0,441.6,442.8,224.86
2026-04-10 14:00:00+00:00,442.7,445.0,442.2,444.5,771.932
2026-04-10 15:00:00+00:00,444.5,445.3,442.3,442.7,387.437
2026-04-10 16:00:00+00:00,442.8,445.4,442.8,445.2,349.962
2026-04-10 17:00:00+00:00,445.2,445.4,443.7,444.5,273.75
2026-04-10 18:00:00+00:00,444.5,445.5,443.8,445.5,399.938
2026-04-10 19:00:00+00:00,445.5,446.8,445.2,445.8,2488.938
2026-04-10 20:00:00+00:00,445.8,446.4,444.4,446.1,413.866
2026-04-10 21:00:00+00:00,446.1,446.3,444.9,445.4,276.237
2026-04-10 22:00:00+00:00,445.5,445.7,443.8,444.8,588.226
2026-04-10 23:00:00+00:00,444.8,444.9,443.6,443.8,163.996
2026-04-11 00:00:00+00:00,443.7,444.9,442.8,444.6,311.953
2026-04-11 01:00:00+00:00,444.6,444.9,443.0,444.2,197.783
2026-04-11 02:00:00+00:00,444.2,445.2,443.3,444.9,228.382
2026-04-11 03:00:00+00:00,445.0,445.3,443.1,443.2,285.227
2026-04-11 04:00:00+00:00,443.2,443.3,442.0,442.1,323.174
2026-04-11 05:00:00+00:00,442.0,442.0,440.4,440.5,311.87
2026-04-11 06:00:00+00:00,440.5,440.7,439.1,439.8,259.544
2026-04-11 07:00:00+00:00,439.7,440.4,439.5,440.3,106.446
2026-04-11 08:00:00+00:00,440.3,441.6,440.1,441.3,159.451
2026-04-11 09:00:00+00:00,441.2,442.1,440.7,441.0,261.355
2026-04-11 10:00:00+00:00,441.0,441.1,440.0,440.3,161.129
2026-04-11 11:00:00+00:00,440.2,440.7,439.0,440.0,297.325
2026-04-11 12:00:00+00:00,439.9,440.7,439.6,439.8,240.414
2026-04-11 13:00:00+00:00,439.8,439.8,438.1,439.4,445.495
2026-04-11 14:00:00+00:00,439.3,439.8,438.1,438.4,202.303
2026-04-11 15:00:00+00:00,438.3,439.8,438.3,438.4,212.678
2026-04-11 16:00:00+00:00,438.4,440.7,438.0,439.0,598.877
2026-04-11 17:00:00+00:00,439.1,439.5,438.4,438.7,331.917
2026-04-11 18:00:00+00:00,438.7,440.5,438.3,439.8,996.932
2026-04-11 19:00:00+00:00,439.8,441.5,439.7,440.9,930.121
2026-04-11 20:00:00+00:00,441.0,441.2,438.2,438.7,633.428
2026-04-11 21:00:00+00:00,438.7,440.0,438.5,439.1,295.588
2026-04-11 22:00:00+00:00,439.1,440.3,437.2,438.4,690.937
2026-04-11 23:00:00+00:00,438.3,438.5,436.6,437.7,296.557
2026-04-12 00:00:00+00:00,437.6,438.0,433.1,434.9,1305.307
2026-04-12 01:00:00+00:00,434.9,436.6,424.8,426.3,5608.266
2026-04-12 02:00:00+00:00,426.2,427.9,424.5,427.7,1832.358
2026-04-12 03:00:00+00:00,427.7,428.5,426.8,426.8,2271.233
2026-04-12 04:00:00+00:00,426.8,427.3,422.8,423.7,965.275
2026-04-12 05:00:00+00:00,423.8,426.0,423.6,425.4,272.626
2026-04-12 06:00:00+00:00,425.3,426.1,425.1,425.5,404.108
2026-04-12 07:00:00+00:00,425.4,425.6,423.0,425.3,643.648
2026-04-12 08:00:00+00:00,425.4,426.1,425.0,425.3,144.899
2026-04-12 09:00:00+00:00,425.2,425.8,424.8,425.6,194.275
2026-04-12 10:00:00+00:00,425.7,426.4,423.5,424.3,675.425
2026-04-12 11:00:00+00:00,424.2,426.1,423.5,425.7,3780.925
2026-04-12 12:00:00+00:00,425.6,425.6,422.5,423.0,1335.093
2026-04-12 13:00:00+00:00,423.0,424.0,421.6,422.3,933.483
2026-04-12 14:00:00+00:00,422.3,423.4,421.7,422.6,607.979
2026-04-12 15:00:00+00:00,422.7,424.1,422.2,422.3,277.474
2026-04-12 16:00:00+00:00,422.2,422.8,421.7,422.4,604.688
2026-04-12 17:00:00+00:00,422.5,423.9,422.4,423.5,244.844
2026-04-12 18:00:00+00:00,423.6,423.6,421.9,422.4,277.917
2026-04-12 19:00:00+00:00,422.5,423.8,422.1,423.5,285.705
2026-04-12 20:00:00+00:00,423.5,425.7,422.9,424.9,430.418
2026-04-12 21:00:00+00:00,425.0,425.0,423.1,423.6,196.138
2026-04-12 22:00:00+00:00,423.5,423.5,419.5,422.3,1546.818
2026-04-12 23:00:00+00:00,422.3,422.3,419.9,421.3,586.599
2026-04-13 00:00:00+00:00,421.2,424.4,421.1,424.1,537.26
2026-04-13 01:00:00+00:00,424.0,424.8,423.3,424.7,134.007
2026-04-13 02:00:00+00:00,424.7,426.0,424.4,425.2,488.827
2026-04-13 03:00:00+00:00,425.3,425.8,424.7,425.8,104.2
2026-04-13 04:00:00+00:00,425.8,427.0,424.8,425.6,200.999
2026-04-13 05:00:00+00:00,425.6,425.7,424.2,425.7,227.858
2026-04-13 06:00:00+00:00,425.7,427.6,425.7,426.0,510.097
2026-04-13 07:00:00+00:00,426.1,426.2,424.1,424.8,291.223
2026-04-13 08:00:00+00:00,424.8,425.1,423.2,423.7,214.387
2026-04-13 09:00:00+00:00,423.8,426.2,423.8,426.2,1069.13
2026-04-13 10:00:00+00:00,426.1,426.5,425.4,425.9,425.392
2026-04-13 11:00:00+00:00,425.9,426.4,425.5,425.9,451.306
2026-04-13 12:00:00+00:00,425.9,427.3,425.5,426.7,468.482
2026-04-13 13:00:00+00:00,426.6,428.1,424.8,428.0,821.585
2026-04-13 14:00:00+00:00,428.1,428.3,426.4,427.6,575.119
2026-04-13 15:00:00+00:00,427.6,428.0,425.8,426.5,946.174
2026-04-13 16:00:00+00:00,426.6,428.2,425.0,426.5,455.232
2026-04-13 17:00:00+00:00,426.4,427.9,425.7,426.3,214.138
2026-04-13 18:00:00+00:00,426.1,426.5,425.2,425.5,178.443
2026-04-13 19:00:00+00:00,425.4,428.5,425.1,428.2,469.663
2026-04-13 20:00:00+00:00,428.3,428.9,427.0,428.4,502.702
2026-04-13 21:00:00+00:00,428.3,429.7,428.2,429.4,258.703
2026-04-13 22:00:00+00:00,429.5,439.1,429.5,438.1,2731.88
2026-04-13 23:00:00+00:00,438.1,440.6,436.5,438.2,3227.954
2026-04-14 00:00:00+00:00,438.3,438.8,434.4,434.7,726.221
2026-04-14 01:00:00+00:00,434.6,436.5,434.1,435.8,312.212
2026-04-14 02:00:00+00:00,435.8,437.3,435.4,435.8,216.434
2026-04-14 03:00:00+00:00,435.8,435.8,434.1,434.9,246.235
2026-04-14 04:00:00+00:00,434.9,437.2,434.8,436.7,609.162
2026-04-14 05:00:00+00:00,436.8,438.6,435.9,436.5,933.497
2026-04-14 06:00:00+00:00,436.6,437.7,434.7,436.0,336.35
2026-04-14 07:00:00+00:00,436.0,437.9,435.1,435.8,590.454
2026-04-14 08:00:00+00:00,435.9,437.6,435.1,436.7,383.573
2026-04-14 09:00:00+00:00,436.8,438.1,436.3,437.4,581.8
2026-04-14 10:00:00+00:00,437.3,439.1,436.8,439.0,1439.134
2026-04-14 11:00:00+00:00,438.9,439.9,437.4,439.3,708.001
2026-04-14 12:00:00+00:00,439.3,440.0,437.7,439.1,634.121
2026-04-14 13:00:00+00:00,439.2,444.0,439.1,442.9,1545.968
2026-04-14 14:00:00+00:00,443.0,444.2,440.2,440.2,774.019
2026-04-14 15:00:00+00:00,440.3,442.2,437.8,441.3,1313.407
2026-04-14 16:00:00+00:00,441.4,443.1,438.4,439.3,294.016
2026-04-14 17:00:00+00:00,439.3,440.5,438.0,439.9,562.097
2026-04-14 18:00:00+00:00,440.0,440.5,435.3,435.7,579.315
2026-04-14 19:00:00+00:00,435.7,436.3,433.5,434.6,309.701
2026-04-14 20:00:00+00:00,434.7,436.7,434.1,434.7,387.569
2026-04-14 21:00:00+00:00,434.6,436.6,434.6,436.4,124.35
2026-04-14 22:00:00+00:00,436.4,437.3,435.6,435.9,195.266
2026-04-14 23:00:00+00:00,435.9,436.8,435.1,436.2,370.069
2026-04-15 00:00:00+00:00,436.2,438.2,435.8,437.6,321.731
2026-04-15 01:00:00+00:00,437.5,438.6,435.9,436.1,366.526
2026-04-15 02:00:00+00:00,436.1,437.1,434.9,435.8,186.623
2026-04-15 03:00:00+00:00,435.8,436.0,434.4,435.2,190.986
2026-04-15 04:00:00+00:00,435.3,435.7,434.2,434.4,236.455
2026-04-15 05:00:00+00:00,434.4,435.0,432.0,432.3,289.708
2026-04-15 06:00:00+00:00,432.2,432.4,431.4,431.6,193.956
2026-04-15 07:00:00+00:00,431.7,432.4,428.1,428.5,887.91
2026-04-15 08:00:00+00:00,428.5,433.6,427.5,433.5,2165.899
2026-04-15 09:00:00+00:00,433.5,434.8,433.2,434.8,659.332
2026-04-15 10:00:00+00:00,434.7,436.9,434.2,435.4,411.391
2026-04-15 11:00:00+00:00,435.3,436.5,434.5,435.4,471.579
2026-04-15 12:00:00+00:00,435.4,435.8,434.9,435.0,396.491
2026-04-15 13:00:00+00:00,435.1,435.2,432.4,433.5,340.642
2026-04-15 14:00:00+00:00,433.5,437.6,433.5,436.4,1084.956
2026-04-15 15:00:00+00:00,436.5,437.6,433.9,434.5,442.88
2026-04-15 16:00:00+00:00,434.5,436.2,434.2,435.4,295.145
2026-04-15 17:00:00+00:00,435.5,437.8,434.8,437.6,278.895
2026-04-15 18:00:00+00:00,437.5,439.7,437.3,439.6,397.313
2026-04-15 19:00:00+00:00,439.6,443.4,439.4,441.8,454.961
2026-04-15 20:00:00+00:00,441.8,442.1,439.6,440.2,327.997
2026-04-15 21:00:00+00:00,440.1,440.2,438.5,439.7,291.886
2026-04-15 22:00:00+00:00,439.7,442.4,439.7,440.3,407.917
2026-04-15 23:00:00+00:00,440.3,441.0,438.8,440.8,471.659
2026-04-16 00:00:00+00:00,440.8,441.3,439.6,440.7,268.181
2026-04-16 01:00:00+00:00,440.7,440.8,439.2,440.2,137.223
2026-04-16 02:00:00+00:00,440.3,444.0,440.1,442.5,872.071
2026-04-16 03:00:00+00:00,442.5,443.5,442.1,442.6,1733.086
2026-04-16 04:00:00+00:00,442.6,442.8,441.1,442.1,338.22
2026-04-16 05:00:00+00:00,442.1,444.0,441.4,443.3,369.215
2026-04-16 06:00:00+00:00,443.3,443.6,442.2,443.6,604.795
2026-04-16 07:00:00+00:00,443.5,444.1,440.8,441.4,536.666
2026-04-16 08:00:00+00:00,441.3,441.5,439.6,439.7,576.295
2026-04-16 09:00:00+00:00,439.7,440.7,439.5,439.6,367.974
2026-04-16 10:00:00+00:00,439.5,440.9,439.3,439.7,258.883
2026-04-16 11:00:00+00:00,439.6,440.5,438.7,440.0,611.863
2026-04-16 12:00:00+00:00,440.1,441.0,439.4,439.7,460.971
2026-04-16 13:00:00+00:00,439.7,443.0,435.1,437.4,2209.543
2026-04-16 14:00:00+00:00,437.4,438.6,434.1,437.8,1037.639
2026-04-16 15:00:00+00:00,437.7,442.2,437.5,441.5,600.138
2026-04-16 16:00:00+00:00,441.5,442.9,439.0,439.8,937.598
2026-04-16 17:00:00+00:00,439.8,441.0,438.9,439.9,351.675
2026-04-16 18:00:00+00:00,440.0,446.1,439.3,445.6,925.072
2026-04-16 19:00:00+00:00,445.7,447.3,444.6,446.9,651.97
2026-04-16 20:00:00+00:00,447.0,447.4,444.9,446.7,375.274
2026-04-16 21:00:00+00:00,446.7,446.9,445.0,446.1,309.03
2026-04-16 22:00:00+00:00,446.1,451.5,446.1,449.0,1092.9
2026-04-16 23:00:00+00:00,449.0,457.5,449.0,454.9,2824.114
2026-04-17 00:00:00+00:00,454.8,458.1,454.8,455.0,1540.088
2026-04-17 01:00:00+00:00,455.0,455.4,452.0,453.5,1093.459
2026-04-17 02:00:00+00:00,453.4,453.4,450.2,451.1,717.697
2026-04-17 03:00:00+00:00,451.0,451.2,449.3,449.5,292.225
2026-04-17 04:00:00+00:00,449.5,451.5,448.9,449.1,615.348
2026-04-17 05:00:00+00:00,449.1,449.2,447.3,447.5,339.56
2026-04-17 06:00:00+00:00,447.6,451.0,447.5,449.9,838.006
2026-04-17 07:00:00+00:00,449.9,450.4,448.3,449.7,619.295
2026-04-17 08:00:00+00:00,449.7,451.3,449.1,450.8,365.746
2026-04-17 09:00:00+00:00,450.8,451.9,448.5,449.2,894.528
2026-04-17 10:00:00+00:00,449.3,450.0,446.6,447.6,675.0
2026-04-17 11:00:00+00:00,447.6,450.2,447.5,449.8,301.892
2026-04-17 12:00:00+00:00,449.9,452.4,449.2,452.1,582.172
2026-04-17 13:00:00+00:00,452.1,457.4,450.6,457.1,2510.279
2026-04-17 14:00:00+00:00,457.1,461.8,456.4,460.1,1709.624
2026-04-17 15:00:00+00:00,460.2,461.6,457.4,458.5,1003.81
2026-04-17 16:00:00+00:00,458.4,460.6,458.1,459.3,441.846
2026-04-17 17:00:00+00:00,459.4,459.8,455.0,455.2,611.256
2026-04-17 18:00:00+00:00,455.3,455.5,453.4,454.5,616.994
2026-04-17 19:00:00+00:00,454.5,455.2,453.7,454.8,253.709
2026-04-17 20:00:00+00:00,454.9,456.0,452.9,454.1,774.401
2026-04-17 21:00:00+00:00,454.2,455.6,453.8,455.0,1286.147
2026-04-17 22:00:00+00:00,454.9,455.7,453.6,454.2,496.108
2026-04-17 23:00:00+00:00,454.2,454.2,451.9,453.4,356.469
2026-04-18 00:00:00+00:00,453.4,454.1,452.3,453.6,248.797
2026-04-18 01:00:00+00:00,453.6,454.7,453.3,454.0,312.418
2026-04-18 02:00:00+00:00,453.9,456.1,453.6,455.1,224.24
2026-04-18 03:00:00+00:00,455.0,455.8,453.8,454.0,388.065
2026-04-18 04:00:00+00:00,454.1,454.8,453.2,454.5,329.98
2026-04-18 05:00:00+00:00,454.5,454.6,453.1,453.8,135.325
2026-04-18 06:00:00+00:00,453.7,454.2,453.3,453.7,70.152
2026-04-18 07:00:00+00:00,453.7,455.0,452.6,453.2,320.189
2026-04-18 08:00:00+00:00,453.2,453.6,450.7,451.3,710.727
2026-04-18 09:00:00+00:00,451.3,451.6,449.1,449.6,338.056
2026-04-18 10:00:00+00:00,449.6,449.7,447.0,447.3,360.403
2026-04-18 11:00:00+00:00,447.4,447.4,444.2,445.3,1062.063
2026-04-18 12:00:00+00:00,445.2,446.6,444.4,446.3,1791.383
2026-04-18 13:00:00+00:00,446.2,446.7,444.4,446.5,281.256
2026-04-18 14:00:00+00:00,446.5,447.5,445.8,447.5,212.273
2026-04-18 15:00:00+00:00,447.4,448.0,445.5,445.8,378.929
2026-04-18 16:00:00+00:00,445.9,447.8,444.6,446.2,452.31
2026-04-18 17:00:00+00:00,446.1,446.4,444.3,445.7,149.675
2026-04-18 18:00:00+00:00,445.7,446.3,443.8,444.1,380.898
2026-04-18 19:00:00+00:00,444.1,445.4,443.6,444.3,540.487
2026-04-18 20:00:00+00:00,444.3,445.2,443.8,444.4,344.1
2026-04-18 21:00:00+00:00,444.3,445.3,443.3,444.8,152.639
2026-04-18 22:00:00+00:00,444.7,445.1,444.0,444.6,159.207
2026-04-18 23:00:00+00:00,444.6,445.3,443.5,443.5,136.436
2026-04-19 00:00:00+00:00,443.6,445.7,443.4,445.7,268.395
2026-04-19 01:00:00+00:00,445.6,446.2,444.1,445.5,127.36
2026-04-19 02:00:00+00:00,445.4,445.5,443.4,444.7,202.612
2026-04-19 03:00:00+00:00,444.7,445.9,443.5,445.0,250.135
2026-04-19 04:00:00+00:00,445.0,445.5,443.4,444.4,295.854
2026-04-19 05:00:00+00:00,444.4,445.4,443.8,444.8,164.673
2026-04-19 06:00:00+00:00,444.7,445.5,443.6,444.8,253.299
2026-04-19 07:00:00+00:00,444.8,444.8,439.4,441.8,1726.019
2026-04-19 08:00:00+00:00,441.7,442.8,440.9,442.4,338.671
2026-04-19 09:00:00+00:00,442.4,442.7,438.1,439.8,952.308
2026-04-19 10:00:00+00:00,439.8,440.4,438.6,439.6,236.457
2026-04-19 11:00:00+00:00,439.5,441.4,439.0,441.1,406.63
2026-04-19 12:00:00+00:00,441.1,442.7,440.8,441.5,202.022
2026-04-19 13:00:00+00:00,441.5,444.1,441.0,441.3,534.393
2026-04-19 14:00:00+00:00,441.4,443.9,440.8,443.0,264.674
2026-04-19 15:00:00+00:00,443.0,443.3,440.3,443.0,210.825
2026-04-19 16:00:00+00:00,442.9,443.2,441.0,441.7,260.151
2026-04-19 17:00:00+00:00,441.7,441.7,438.3,438.4,461.986
2026-04-19 18:00:00+00:00,438.3,439.6,438.0,439.3,251.974
2026-04-19 19:00:00+00:00,439.3,440.9,439.3,440.3,283.465
2026-04-19 20:00:00+00:00,440.3,440.7,438.9,439.8,248.15
2026-04-19 21:00:00+00:00,439.7,440.5,438.5,438.8,799.571
2026-04-19 22:00:00+00:00,438.7,438.7,433.9,435.1,879.667
2026-04-19 23:00:00+00:00,435.0,435.6,434.1,435.1,258.697
2026-04-20 00:00:00+00:00,435.3,438.5,435.2,438.2,286.64
2026-04-20 01:00:00+00:00,438.3,439.4,437.9,438.6,342.23
2026-04-20 02:00:00+00:00,438.6,438.7,437.3,438.3,201.3
2026-04-20 03:00:00+00:00,438.4,438.9,437.8,438.5,173.678
2026-04-20 04:00:00+00:00,438.5,438.9,437.9,438.4,71.489
2026-04-20 05:00:00+00:00,438.4,438.4,436.2,437.3,233.991
2026-04-20 06:00:00+00:00,437.4,440.1,437.2,439.5,286.877
2026-04-20 07:00:00+00:00,439.7,442.9,439.2,441.2,1136.799
2026-04-20 08:00:00+00:00,441.3,441.7,440.1,440.3,735.821
2026-04-20 09:00:00+00:00,440.3,442.2,440.0,441.4,239.873
2026-04-20 10:00:00+00:00,441.5,443.0,441.0,441.0,137.786
2026-04-20 11:00:00+00:00,441.0,441.1,440.2,440.4,111.621
2026-04-20 12:00:00+00:00,440.4,441.9,440.1,441.3,176.893
2026-04-20 13:00:00+00:00,441.4,443.0,440.8,442.4,230.623
2026-04-20 14:00:00+00:00,442.5,443.9,440.1,440.7,290.196
2026-04-20 15:00:00+00:00,440.6,443.2,439.3,442.7,323.724
2026-04-20 16:00:00+00:00,442.7,442.7,440.2,440.3,149.903
2026-04-20 17:00:00+00:00,440.3,443.0,440.1,442.5,443.849
2026-04-20 18:00:00+00:00,442.5,445.2,442.4,444.8,564.763
2026-04-20 19:00:00+00:00,444.8,445.0,443.7,444.3,597.93
2026-04-20 20:00:00+00:00,444.3,445.1,443.5,444.8,570.838
2026-04-20 21:00:00+00:00,444.9,446.4,443.8,444.7,488.819
2026-04-20 22:00:00+00:00,444.8,445.4,444.3,444.9,73.365
2026-04-20 23:00:00+00:00,444.8,444.8,443.4,443.6,136.922
2026-04-21 00:00:00+00:00,443.6,444.3,443.1,444.1,181.378
2026-04-21 01:00:00+00:00,444.1,445.2,443.4,443.5,448.529
2026-04-21 02:00:00+00:00,443.5,443.5,442.4,442.5,194.401
2026-04-21 03:00:00+00:00,442.4,442.5,441.2,442.1,178.028
2026-04-21 04:00:00+00:00,442.0,442.2,441.3,442.1,94.203
2026-04-21 05:00:00+00:00,442.2,443.3,442.1,442.4,118.126
2026-04-21 06:00:00+00:00,442.5,443.5,441.2,443.0,264.478
2026-04-21 07:00:00+00:00,442.9,445.1,442.6,444.6,782.938
2026-04-21 08:00:00+00:00,444.6,445.7,442.9,444.0,456.113
2026-04-21 09:00:00+00:00,443.9,444.6,443.3,444.4,367.453
2026-04-21 10:00:00+00:00,444.5,447.0,444.5,446.3,368.947
2026-04-21 11:00:00+00:00,446.3,446.3,444.6,445.2,408.556
2026-04-21 12:00:00+00:00,445.2,446.0,443.3,444.2,553.597
2026-04-21 13:00:00+00:00,444.3,445.0,443.5,444.5,447.508
2026-04-21 14:00:00+00:00,444.6,447.4,443.7,444.8,526.615
2026-04-21 15:00:00+00:00,444.8,446.7,443.9,445.5,487.032
2026-04-21 16:00:00+00:00,445.6,447.2,444.1,446.0,908.271
2026-04-21 17:00:00+00:00,446.0,448.0,443.2,446.5,984.339
2026-04-21 18:00:00+00:00,446.4,447.2,443.7,445.1,871.568
2026-04-21 19:00:00+00:00,445.2,445.8,440.5,441.2,1073.423
2026-04-21 20:00:00+00:00,441.2,445.5,440.7,444.6,809.339
2026-04-21 21:00:00+00:00,444.5,446.0,443.9,445.4,555.534
2026-04-21 22:00:00+00:00,445.5,446.1,444.7,445.9,603.612
2026-04-21 23:00:00+00:00,445.9,449.7,445.9,448.5,827.72
2026-04-22 00:00:00+00:00,448.6,450.0,448.5,449.3,590.99
2026-04-22 01:00:00+00:00,449.3,449.5,447.5,448.4,445.421
2026-04-22 02:00:00+00:00,448.5,453.0,448.4,452.8,1847.733
2026-04-22 03:00:00+00:00,452.8,454.2,450.5,453.0,784.054
2026-04-22 04:00:00+00:00,453.1,455.6,453.1,455.3,682.611
2026-04-22 05:00:00+00:00,455.3,469.4,455.0,465.6,6953.93
2026-04-22 06:00:00+00:00,465.6,467.8,465.0,467.8,1647.06
2026-04-22 07:00:00+00:00,467.9,471.1,466.8,469.9,2088.835
2026-04-22 08:00:00+00:00,469.9,474.0,469.9,473.0,2998.348
2026-04-22 09:00:00+00:00,473.1,473.4,469.6,469.7,1099.128
2026-04-22 10:00:00+00:00,469.7,471.7,468.1,471.2,1089.21
2026-04-22 11:00:00+00:00,471.2,471.2,466.1,466.9,1033.489
2026-04-22 12:00:00+00:00,467.0,467.4,464.4,464.8,832.503
2026-04-22 13:00:00+00:00,464.8,465.8,463.3,464.7,1906.421
2026-04-22 14:00:00+00:00,464.7,465.6,461.9,463.5,1067.554
2026-04-22 15:00:00+00:00,463.6,465.6,463.4,465.1,1040.277
2026-04-22 16:00:00+00:00,465.2,466.9,463.6,463.8,652.523
2026-04-22 17:00:00+00:00,463.7,464.8,462.5,463.5,378.275
2026-04-22 18:00:00+00:00,463.5,465.4,463.5,464.6,441.147
2026-04-22 19:00:00+00:00,464.6,465.1,462.9,463.1,323.518
2026-04-22 20:00:00+00:00,463.1,463.3,461.9,462.2,761.358
2026-04-22 21:00:00+00:00,462.1,463.9,462.1,463.2,386.562
2026-04-22 22:00:00+00:00,463.1,464.0,462.4,462.8,432.079
2026-04-22 23:00:00+00:00,462.7,462.7,460.3,460.3,530.659
2026-04-23 00:00:00+00:00,460.3,461.0,455.8,460.1,2410.251
2026-04-23 01:00:00+00:00,460.2,460.3,458.0,458.8,641.503
2026-04-23 02:00:00+00:00,458.7,458.9,455.7,455.8,1374.172
2026-04-23 03:00:00+00:00,455.8,456.1,453.9,454.9,1697.252
2026-04-23 04:00:00+00:00,454.9,457.1,454.5,456.8,1775.443
2026-04-23 05:00:00+00:00,456.8,457.0,454.5,455.9,347.804
2026-04-23 06:00:00+00:00,456.0,457.6,455.9,456.7,242.862
2026-04-23 07:00:00+00:00,456.8,457.0,455.0,455.4,334.517
2026-04-23 08:00:00+00:00,455.3,456.7,455.3,456.0,169.146
2026-04-23 09:00:00+00:00,455.9,455.9,453.8,455.3,284.12
2026-04-23 10:00:00+00:00,455.3,455.4,452.5,453.9,1568.656
2026-04-23 11:00:00+00:00,453.9,456.5,453.4,455.9,1831.928
2026-04-23 12:00:00+00:00,455.9,456.9,454.7,456.1,798.652
2026-04-23 13:00:00+00:00,456.2,456.4,455.0,455.7,322.432
2026-04-23 14:00:00+00:00,455.6,459.8,455.0,459.0,522.849
2026-04-23 15:00:00+00:00,459.1,459.1,456.1,458.5,404.796
2026-04-23 16:00:00+00:00,458.5,459.0,456.6,456.7,366.045
2026-04-23 17:00:00+00:00,456.6,457.8,453.6,456.5,977.541
2026-04-23 18:00:00+00:00,456.5,457.5,456.0,456.1,481.817
2026-04-23 19:00:00+00:00,456.0,458.1,455.5,457.2,490.336
2026-04-23 20:00:00+00:00,457.2,459.6,457.1,458.2,182.988
2026-04-23 21:00:00+00:00,458.2,459.4,457.0,458.4,338.389
2026-04-23 22:00:00+00:00,458.5,460.1,458.5,459.8,365.615
2026-04-23 23:00:00+00:00,459.8,460.9,459.0,460.8,264.793
2026-04-24 00:00:00+00:00,460.9,461.7,459.9,461.1,424.122
2026-04-24 01:00:00+00:00,461.2,461.2,459.1,460.5,372.623
2026-04-24 02:00:00+00:00,460.5,460.8,458.9,459.1,293.627
2026-04-24 03:00:00+00:00,459.1,459.9,455.2,456.6,2018.631
2026-04-24 04:00:00+00:00,456.6,457.9,455.6,457.3,498.297
2026-04-24 05:00:00+00:00,457.2,457.9,456.1,457.3,234.839
2026-04-24 06:00:00+00:00,457.3,457.4,455.9,456.3,302.802
2026-04-24 07:00:00+00:00,456.3,456.6,455.5,456.0,192.892
2026-04-24 08:00:00+00:00,456.1,457.3,455.7,456.6,287.134
2026-04-24 09:00:00+00:00,456.6,456.8,455.6,456.5,187.522
2026-04-24 10:00:00+00:00,456.5,456.5,454.5,455.8,272.013
2026-04-24 11:00:00+00:00,455.8,458.4,455.8,457.6,636.257
2026-04-24 12:00:00+00:00,457.7,458.5,456.7,457.6,212.6
2026-04-24 13:00:00+00:00,457.7,458.5,456.6,458.2,221.365
2026-04-24 14:00:00+00:00,458.1,459.2,457.4,458.0,198.303
2026-04-24 15:00:00+00:00,457.9,461.1,456.9,460.2,645.124
2026-04-24 16:00:00+00:00,460.3,460.9,459.3,460.4,333.254
2026-04-24 17:00:00+00:00,460.4,460.7,457.6,458.2,509.091
2026-04-24 18:00:00+00:00,458.2,458.2,456.2,457.3,147.639
2026-04-24 19:00:00+00:00,457.3,457.8,456.3,456.5,160.747
2026-04-24 20:00:00+00:00,456.4,457.6,456.2,457.5,301.843
2026-04-24 21:00:00+00:00,457.4,458.3,456.5,456.8,304.264
2026-04-24 22:00:00+00:00,456.7,456.8,455.0,455.4,380.64
2026-04-24 23:00:00+00:00,455.5,456.4,455.2,456.2,188.613
2026-04-25 00:00:00+00:00,456.2,456.5,455.1,455.8,165.658
2026-04-25 01:00:00+00:00,455.9,456.5,454.7,454.8,203.037
2026-04-25 02:00:00+00:00,454.7,455.5,454.4,455.3,237.638
2026-04-25 03:00:00+00:00,455.4,455.9,454.7,455.4,218.455
2026-04-25 04:00:00+00:00,455.5,455.5,455.0,455.3,114.177
2026-04-25 05:00:00+00:00,455.3,455.3,454.3,455.1,112.479
2026-04-25 06:00:00+00:00,455.1,456.1,454.8,454.9,162.85
2026-04-25 07:00:00+00:00,454.8,455.1,454.3,454.6,77.821
2026-04-25 08:00:00+00:00,454.6,455.3,454.4,454.8,75.784
2026-04-25 09:00:00+00:00,454.8,455.4,454.4,454.9,67.773
2026-04-25 10:00:00+00:00,454.8,455.4,454.7,454.8,225.474
2026-04-25 11:00:00+00:00,454.7,454.7,452.6,453.7,617.212
2026-04-25 12:00:00+00:00,453.6,454.1,453.0,453.4,159.976
2026-04-25 13:00:00+00:00,453.4,455.1,453.4,454.1,368.211
2026-04-25 14:00:00+00:00,454.1,454.3,453.3,453.6,145.777
2026-04-25 15:00:00+00:00,453.5,455.3,453.2,453.7,218.491
2026-04-25 16:00:00+00:00,453.7,454.3,452.8,453.5,219.121
2026-04-25 17:00:00+00:00,453.4,453.5,452.1,452.5,181.591
2026-04-25 18:00:00+00:00,452.5,453.3,452.4,452.8,195.348
2026-04-25 19:00:00+00:00,452.7,453.2,452.4,452.6,148.666
2026-04-25 20:00:00+00:00,452.6,453.2,452.1,452.6,160.052
2026-04-25 21:00:00+00:00,452.6,452.8,452.1,452.6,122.233
2026-04-25 22:00:00+00:00,452.7,454.6,452.7,453.9,284.474
2026-04-25 23:00:00+00:00,453.9,454.1,452.8,453.0,284.152
2026-04-26 00:00:00+00:00,453.1,453.6,451.9,452.1,356.192
2026-04-26 01:00:00+00:00,452.2,452.5,451.4,451.4,441.578
2026-04-26 02:00:00+00:00,451.4,453.0,451.3,452.7,286.692
2026-04-26 03:00:00+00:00,452.7,453.2,451.8,452.2,261.597
2026-04-26 04:00:00+00:00,452.2,454.0,452.1,453.4,166.299
2026-04-26 05:00:00+00:00,453.3,456.3,453.2,453.7,672.241
2026-04-26 06:00:00+00:00,453.7,454.2,452.9,453.1,228.774
2026-04-26 07:00:00+00:00,453.1,453.9,452.8,453.6,234.503
2026-04-26 08:00:00+00:00,453.7,454.2,453.2,453.7,253.712
2026-04-26 09:00:00+00:00,453.8,453.8,452.5,453.0,136.285
2026-04-26 10:00:00+00:00,453.0,453.2,452.2,452.3,98.175
2026-04-26 11:00:00+00:00,452.4,453.2,452.3,452.9,168.086
2026-04-26 12:00:00+00:00,452.8,452.8,451.6,451.6,281.557
2026-04-26 13:00:00+00:00,451.6,451.6,450.3,451.1,257.174
2026-04-26 14:00:00+00:00,451.1,452.5,450.8,451.6,341.158
2026-04-26 15:00:00+00:00,451.6,452.4,451.0,452.2,307.373
2026-04-26 16:00:00+00:00,452.2,452.2,450.8,450.9,360.302
2026-04-26 17:00:00+00:00,450.8,451.8,450.4,451.1,143.782
2026-04-26 18:00:00+00:00,451.1,453.6,451.1,453.3,355.465
2026-04-26 19:00:00+00:00,453.3,454.2,453.0,454.0,179.9
2026-04-26 20:00:00+00:00,454.0,454.8,453.5,453.5,210.2
2026-04-26 21:00:00+00:00,453.5,455.3,452.8,454.8,676.109
2026-04-26 22:00:00+00:00,454.8,455.7,453.7,454.3,520.771
2026-04-26 23:00:00+00:00,454.2,455.7,453.4,454.9,176.833
2026-04-27 00:00:00+00:00,455.0,455.8,453.2,455.2,665.809
2026-04-27 01:00:00+00:00,455.3,458.2,455.0,457.4,1794.13
2026-04-27 02:00:00+00:00,457.5,457.6,455.6,455.6,289.517
2026-04-27 03:00:00+00:00,455.6,456.6,455.3,455.8,484.657
2026-04-27 04:00:00+00:00,455.8,456.4,454.5,454.7,152.367
2026-04-27 05:00:00+00:00,454.8,454.9,448.4,448.6,858.591
2026-04-27 06:00:00+00:00,448.5,449.1,446.7,447.6,348.126
2026-04-27 07:00:00+00:00,447.6,447.8,446.9,446.9,224.756
2026-04-27 08:00:00+00:00,446.9,448.1,446.1,447.6,451.843
2026-04-27 09:00:00+00:00,447.7,448.8,447.0,448.1,420.082
2026-04-27 10:00:00+00:00,448.1,448.4,447.7,447.9,148.592
2026-04-27 11:00:00+00:00,447.9,448.0,447.3,448.0,113.899
2026-04-27 12:00:00+00:00,447.9,450.9,447.6,449.9,981.07
2026-04-27 13:00:00+00:00,449.9,453.4,448.7,452.7,862.774
2026-04-27 14:00:00+00:00,452.8,455.6,452.4,452.9,747.672
2026-04-27 15:00:00+00:00,453.0,455.5,449.3,451.2,1791.947
2026-04-27 16:00:00+00:00,451.2,451.6,447.5,448.3,571.064
2026-04-27 17:00:00+00:00,448.3,449.1,446.9,448.3,454.932
2026-04-27 18:00:00+00:00,448.2,449.0,447.8,448.8,191.382
2026-04-27 19:00:00+00:00,448.8,448.8,447.2,448.4,390.016
2026-04-27 20:00:00+00:00,448.4,449.2,448.0,448.7,468.286
2026-04-27 21:00:00+00:00,448.7,449.0,448.0,448.1,170.609
2026-04-27 22:00:00+00:00,448.1,449.0,447.9,448.7,251.451
2026-04-27 23:00:00+00:00,448.6,450.1,448.2,449.8,217.045
2026-04-28 00:00:00+00:00,449.8,452.0,449.0,450.8,923.077
2026-04-28 01:00:00+00:00,450.7,451.0,448.8,449.1,697.308
2026-04-28 02:00:00+00:00,449.2,449.5,447.1,447.7,414.378
2026-04-28 03:00:00+00:00,447.7,448.1,446.9,447.8,316.926
2026-04-28 04:00:00+00:00,447.8,448.6,447.1,447.9,185.389
2026-04-28 05:00:00+00:00,447.9,449.5,447.6,447.8,214.254
2026-04-28 06:00:00+00:00,447.8,448.3,445.0,446.0,256.413
2026-04-28 07:00:00+00:00,446.1,446.8,444.8,446.7,216.067
2026-04-28 08:00:00+00:00,446.6,447.8,446.3,447.0,336.001
2026-04-28 09:00:00+00:00,447.1,447.6,446.6,447.2,287.399
2026-04-28 10:00:00+00:00,447.2,448.2,446.9,447.7,327.507
2026-04-28 11:00:00+00:00,447.7,447.8,446.3,446.7,131.027
2026-04-28 12:00:00+00:00,446.8,447.4,445.9,447.1,273.34
2026-04-28 13:00:00+00:00,447.2,448.0,445.5,447.2,344.727
2026-04-28 14:00:00+00:00,447.2,447.2,444.1,445.3,502.201
2026-04-28 15:00:00+00:00,445.4,446.3,442.7,446.3,546.724
2026-04-28 16:00:00+00:00,446.2,447.1,445.4,446.8,155.355
2026-04-28 17:00:00+00:00,446.8,448.0,445.9,447.7,165.813
2026-04-28 18:00:00+00:00,447.6,449.4,447.4,449.0,166.58
2026-04-28 19:00:00+00:00,448.9,450.1,448.6,449.9,243.887
2026-04-28 20:00:00+00:00,449.9,454.2,449.9,452.1,764.653
2026-04-28 21:00:00+00:00,452.1,452.2,450.4,452.2,221.975
2026-04-28 22:00:00+00:00,452.2,452.8,451.1,451.3,143.643
2026-04-28 23:00:00+00:00,451.3,453.8,451.2,453.7,186.562
2026-04-29 00:00:00+00:00,453.7,454.5,452.3,453.6,256.636
2026-04-29 01:00:00+00:00,453.6,453.6,451.6,452.5,113.781
2026-04-29 02:00:00+00:00,452.5,453.1,452.1,452.7,222.888
2026-04-29 03:00:00+00:00,452.8,455.0,452.2,453.7,297.929
2026-04-29 04:00:00+00:00,453.8,455.6,453.6,454.4,401.921
2026-04-29 05:00:00+00:00,454.4,454.5,453.0,454.2,703.693
2026-04-29 06:00:00+00:00,454.2,454.6,452.5,453.3,454.308
2026-04-29 07:00:00+00:00,453.3,454.3,452.8,453.2,300.408
2026-04-29 08:00:00+00:00,453.3,453.4,452.2,453.1,582.056
2026-04-29 09:00:00+00:00,453.1,455.3,452.4,454.8,423.362
2026-04-29 10:00:00+00:00,454.8,455.5,453.9,454.2,353.812
2026-04-29 11:00:00+00:00,454.1,454.6,453.5,454.1,237.145
2026-04-29 12:00:00+00:00,454.1,454.1,451.1,452.0,492.842
2026-04-29 13:00:00+00:00,452.1,453.2,449.3,450.8,576.029
2026-04-29 14:00:00+00:00,450.8,451.4,449.2,449.5,435.756
2026-04-29 15:00:00+00:00,449.6,450.1,446.4,446.9,2112.363
2026-04-29 16:00:00+00:00,446.8,448.2,446.4,446.9,372.909
2026-04-29 17:00:00+00:00,447.0,449.1,447.0,448.9,265.975
2026-04-29 18:00:00+00:00,448.9,449.2,441.9,445.2,1330.513
2026-04-29 19:00:00+00:00,445.2,445.7,444.4,445.4,142.899
2026-04-29 20:00:00+00:00,445.4,446.6,445.0,446.2,166.127
2026-04-29 21:00:00+00:00,446.1,448.0,445.4,447.0,210.485
2026-04-29 22:00:00+00:00,447.0,448.3,446.9,448.2,165.299
2026-04-29 23:00:00+00:00,448.1,448.3,447.1,447.5,114.557
2026-04-30 00:00:00+00:00,447.5,449.3,447.4,448.9,194.482
2026-04-30 01:00:00+00:00,448.9,448.9,447.8,448.2,76.107
2026-04-30 02:00:00+00:00,448.2,448.8,445.4,446.0,253.496
2026-04-30 03:00:00+00:00,446.1,447.4,445.8,447.0,233.733
2026-04-30 04:00:00+00:00,446.9,447.1,443.2,443.7,408.173
2026-04-30 05:00:00+00:00,443.7,444.0,442.2,442.7,626.726
2026-04-30 06:00:00+00:00,442.6,444.3,442.2,443.3,272.3
2026-04-30 07:00:00+00:00,443.3,445.7,443.1,445.6,413.68
2026-04-30 08:00:00+00:00,445.6,445.8,444.8,444.9,352.4
2026-04-30 09:00:00+00:00,444.9,447.2,444.9,445.9,245.394
2026-04-30 10:00:00+00:00,445.8,446.3,443.5,444.0,170.965
2026-04-30 11:00:00+00:00,444.0,445.9,444.0,444.7,204.792
2026-04-30 12:00:00+00:00,444.6,446.1,443.5,443.5,214.445
2026-04-30 13:00:00+00:00,443.6,444.0,441.4,443.1,515.31
2026-04-30 14:00:00+00:00,443.1,444.1,441.2,441.5,431.704
2026-04-30 15:00:00+00:00,441.4,444.9,441.1,444.2,293.475
2026-04-30 16:00:00+00:00,444.2,444.3,441.3,441.7,238.911
2026-04-30 17:00:00+00:00,441.7,441.9,440.3,441.2,454.293
2026-04-30 18:00:00+00:00,441.3,442.8,441.3,441.4,107.086
2026-04-30 19:00:00+00:00,441.3,442.5,441.0,441.2,111.879
2026-04-30 20:00:00+00:00,441.2,441.4,440.8,441.4,233.607
2026-04-30 21:00:00+00:00,441.5,442.2,440.7,440.7,283.783
2026-04-30 22:00:00+00:00,440.8,441.3,440.5,440.8,120.85
2026-04-30 23:00:00+00:00,440.9,441.8,440.8,440.9,194.041
2026-05-01 00:00:00+00:00,441.0,442.4,440.9,441.2,191.886
2026-05-01 01:00:00+00:00,441.2,442.4,441.1,442.3,141.842
2026-05-01 02:00:00+00:00,442.4,442.5,441.4,442.2,110.927
2026-05-01 03:00:00+00:00,442.2,444.8,442.0,444.3,279.582
2026-05-01 04:00:00+00:00,444.3,445.1,443.8,444.0,434.21
2026-05-01 05:00:00+00:00,444.0,444.7,443.6,443.6,176.762
2026-05-01 06:00:00+00:00,443.6,443.9,442.6,443.0,286.541
2026-05-01 07:00:00+00:00,443.0,443.8,442.6,443.4,252.709
2026-05-01 08:00:00+00:00,443.4,444.1,443.3,443.4,281.105
2026-05-01 09:00:00+00:00,443.3,443.6,442.5,442.7,125.088
2026-05-01 10:00:00+00:00,442.7,443.8,441.8,443.6,91.203
2026-05-01 11:00:00+00:00,443.6,444.0,442.5,442.9,188.054
2026-05-01 12:00:00+00:00,442.9,445.2,442.7,444.3,563.916
2026-05-01 13:00:00+00:00,444.3,455.5,444.2,453.4,1583.621
2026-05-01 14:00:00+00:00,453.4,458.2,452.3,452.8,1534.969
2026-05-01 15:00:00+00:00,452.8,453.2,450.1,451.5,1242.872
2026-05-01 16:00:00+00:00,451.5,453.4,451.0,453.0,399.014
2026-05-01 17:00:00+00:00,452.9,454.3,451.1,452.9,925.367
2026-05-01 18:00:00+00:00,453.0,453.6,452.2,453.1,232.64
2026-05-01 19:00:00+00:00,453.2,454.1,453.0,453.8,202.12
2026-05-01 20:00:00+00:00,453.9,454.5,451.5,452.1,274.795
2026-05-01 21:00:00+00:00,452.0,452.4,450.5,451.1,273.43
2026-05-01 22:00:00+00:00,451.2,451.5,450.0,450.5,136.199
2026-05-01 23:00:00+00:00,450.5,451.0,450.0,450.5,144.03
2026-05-02 00:00:00+00:00,450.6,453.1,450.4,452.5,188.799
2026-05-02 01:00:00+00:00,452.5,452.9,452.2,452.7,160.932
2026-05-02 02:00:00+00:00,452.8,453.2,452.0,452.1,119.198
2026-05-02 03:00:00+00:00,452.0,452.1,450.5,451.2,164.566
2026-05-02 04:00:00+00:00,451.2,451.2,449.4,449.8,256.087
2026-05-02 05:00:00+00:00,449.8,450.4,449.2,450.0,294.622
2026-05-02 06:00:00+00:00,450.0,451.1,449.2,450.0,237.275
2026-05-02 07:00:00+00:00,450.0,450.0,448.9,449.1,57.973
2026-05-02 08:00:00+00:00,449.0,449.7,448.5,449.5,163.298
2026-05-02 09:00:00+00:00,449.4,449.8,448.4,448.6,267.049
2026-05-02 10:00:00+00:00,448.6,449.0,448.0,448.1,98.629
2026-05-02 11:00:00+00:00,448.1,448.2,444.4,445.2,353.877
2026-05-02 12:00:00+00:00,445.3,446.6,445.2,445.6,195.202
2026-05-02 13:00:00+00:00,445.6,446.9,445.5,446.1,209.125
2026-05-02 14:00:00+00:00,446.1,447.2,445.8,447.0,119.018
2026-05-02 15:00:00+00:00,447.0,447.3,446.4,446.9,215.433
2026-05-02 16:00:00+00:00,446.9,447.6,446.6,447.3,182.83
2026-05-02 17:00:00+00:00,447.4,447.4,445.9,446.3,103.313
2026-05-02 18:00:00+00:00,446.2,447.1,445.5,446.5,129.897
2026-05-02 19:00:00+00:00,446.4,447.4,446.2,446.8,158.106
2026-05-02 20:00:00+00:00,446.8,446.8,446.0,446.4,87.393
2026-05-02 21:00:00+00:00,446.5,448.8,445.9,446.7,205.146
2026-05-02 22:00:00+00:00,446.8,447.3,445.9,446.6,168.375
2026-05-02 23:00:00+00:00,446.5,446.5,445.3,445.7,140.006
2026-05-03 00:00:00+00:00,445.6,445.9,443.7,444.4,342.934
2026-05-03 01:00:00+00:00,444.5,445.1,443.0,443.5,326.154
2026-05-03 02:00:00+00:00,443.5,443.6,442.4,443.4,359.169
2026-05-03 03:00:00+00:00,443.4,444.5,442.8,444.0,195.564
2026-05-03 04:00:00+00:00,444.0,444.2,443.2,444.1,373.377
2026-05-03 05:00:00+00:00,444.1,444.7,443.7,444.0,198.293
2026-05-03 06:00:00+00:00,443.9,444.1,443.0,443.6,117.562
2026-05-03 07:00:00+00:00,443.7,444.4,443.4,443.9,135.245
2026-05-03 08:00:00+00:00,443.8,445.1,443.6,444.2,218.918
2026-05-03 09:00:00+00:00,444.1,444.7,443.6,444.3,90.682
2026-05-03 10:00:00+00:00,444.3,444.8,443.7,444.2,132.689
2026-05-03 11:00:00+00:00,444.1,446.1,444.0,445.2,240.56
2026-05-03 12:00:00+00:00,445.2,446.8,445.2,446.6,567.26
2026-05-03 13:00:00+00:00,446.7,447.4,446.2,447.2,124.222
2026-05-03 14:00:00+00:00,447.2,447.5,446.0,447.0,154.661
2026-05-03 15:00:00+00:00,447.0,447.5,445.7,446.4,176.529
2026-05-03 16:00:00+00:00,446.3,446.3,445.0,445.0,169.896
2026-05-03 17:00:00+00:00,445.0,445.5,444.2,445.1,133.736
2026-05-03 18:00:00+00:00,445.1,445.5,444.8,445.1,83.439
2026-05-03 19:00:00+00:00,445.1,445.5,444.4,444.5,77.718
2026-05-03 20:00:00+00:00,444.5,445.7,444.2,444.6,127.592
2026-05-03 21:00:00+00:00,444.7,445.4,443.8,444.6,147.379
2026-05-03 22:00:00+00:00,444.6,446.4,444.4,445.7,492.796
2026-05-03 23:00:00+00:00,445.7,445.7,443.0,443.2,244.575
2026-05-04 00:00:00+00:00,443.1,443.4,441.0,442.2,568.62
2026-05-04 01:00:00+00:00,442.2,446.9,441.5,446.5,606.706
2026-05-04 02:00:00+00:00,446.6,449.9,445.0,448.5,1777.784
2026-05-04 03:00:00+00:00,448.6,450.1,448.3,449.7,521.73
2026-05-04 04:00:00+00:00,449.8,450.8,449.0,449.2,423.711
2026-05-04 05:00:00+00:00,449.3,449.4,447.2,447.8,505.15
2026-05-04 06:00:00+00:00,447.7,447.9,444.4,446.2,763.219
2026-05-04 07:00:00+00:00,446.3,447.2,445.9,446.7,164.732
2026-05-04 08:00:00+00:00,446.7,447.4,445.7,445.9,446.064
2026-05-04 09:00:00+00:00,445.8,446.0,444.8,445.8,630.588
2026-05-04 10:00:00+00:00,445.8,446.1,437.0,443.0,6833.533
2026-05-04 11:00:00+00:00,443.0,444.4,442.8,444.0,354.38
2026-05-04 12:00:00+00:00,444.0,445.1,443.3,443.6,192.322
2026-05-04 13:00:00+00:00,443.5,446.0,442.9,443.8,1196.799
2026-05-04 14:00:00+00:00,443.8,446.4,441.6,445.4,6510.559
2026-05-04 15:00:00+00:00,445.4,445.8,440.6,442.6,1623.576
2026-05-04 16:00:00+00:00,442.6,444.2,441.0,442.8,607.561
2026-05-04 17:00:00+00:00,442.9,444.6,442.9,444.3,554.504
2026-05-04 18:00:00+00:00,444.3,444.8,443.7,444.5,254.429
2026-05-04 19:00:00+00:00,444.4,444.5,443.7,444.1,99.613
2026-05-04 20:00:00+00:00,444.1,445.1,443.5,444.6,275.185
2026-05-04 21:00:00+00:00,444.7,445.4,444.0,444.4,178.867
2026-05-04 22:00:00+00:00,444.5,445.0,443.7,443.7,381.451
2026-05-04 23:00:00+00:00,443.7,444.5,443.0,443.7,274.047
2026-05-05 00:00:00+00:00,443.8,444.9,443.2,444.3,578.604
2026-05-05 01:00:00+00:00,444.2,444.5,443.3,443.9,213.006
2026-05-05 02:00:00+00:00,443.9,444.6,443.0,443.3,172.925
2026-05-05 03:00:00+00:00,443.3,446.0,443.2,445.6,411.403
2026-05-05 04:00:00+00:00,445.7,445.7,443.9,444.0,238.913
2026-05-05 05:00:00+00:00,443.9,448.3,443.8,445.3,3192.562
2026-05-05 06:00:00+00:00,445.3,445.8,444.6,445.5,256.426
2026-05-05 07:00:00+00:00,445.5,447.0,445.0,446.6,309.254
2026-05-05 08:00:00+00:00,446.5,457.4,446.3,454.3,12169.263
2026-05-05 09:00:00+00:00,454.2,456.2,453.6,454.7,1117.982
2026-05-05 10:00:00+00:00,454.7,460.9,454.5,459.8,2381.043
2026-05-05 11:00:00+00:00,459.8,461.7,459.8,461.1,2055.165
2026-05-05 12:00:00+00:00,461.1,461.4,458.5,459.9,906.631
2026-05-05 13:00:00+00:00,459.9,461.3,458.8,458.9,990.685
2026-05-05 14:00:00+00:00,458.8,459.0,454.9,456.8,1204.903
2026-05-05 15:00:00+00:00,456.7,457.1,454.6,455.6,567.033
2026-05-05 16:00:00+00:00,455.6,456.4,454.2,454.9,281.84
2026-05-05 17:00:00+00:00,454.9,455.4,454.0,454.2,271.2
2026-05-05 18:00:00+00:00,454.1,455.4,453.7,455.0,219.004
2026-05-05 19:00:00+00:00,455.1,455.8,454.5,455.7,234.14
2026-05-05 20:00:00+00:00,455.7,458.3,454.7,456.9,421.451
2026-05-05 21:00:00+00:00,456.9,458.4,455.5,456.1,627.627
2026-05-05 22:00:00+00:00,456.1,464.4,454.0,464.4,6078.324
2026-05-05 23:00:00+00:00,464.4,464.5,460.8,461.4,829.45
2026-05-06 00:00:00+00:00,461.5,462.6,460.7,460.9,644.521
2026-05-06 01:00:00+00:00,460.9,464.5,460.7,463.8,583.046
2026-05-06 02:00:00+00:00,463.7,464.0,460.8,461.9,491.887
2026-05-06 03:00:00+00:00,461.9,462.1,458.9,459.8,1007.848
2026-05-06 04:00:00+00:00,459.8,489.3,458.5,484.2,43817.135
2026-05-06 05:00:00+00:00,484.2,484.8,474.1,477.5,4987.267
2026-05-06 06:00:00+00:00,477.6,478.2,473.9,474.5,1246.42
2026-05-06 07:00:00+00:00,474.6,475.3,472.2,472.3,869.332
2026-05-06 08:00:00+00:00,472.3,472.8,469.8,472.8,1292.443
2026-05-06 09:00:00+00:00,472.8,473.1,470.2,472.2,1563.544
2026-05-06 10:00:00+00:00,472.2,473.4,471.4,472.9,779.361
2026-05-06 11:00:00+00:00,472.8,474.0,472.2,473.0,607.164
2026-05-06 12:00:00+00:00,473.1,473.2,470.4,471.2,775.108
2026-05-06 13:00:00+00:00,471.2,471.7,466.8,468.0,1403.672
2026-05-06 14:00:00+00:00,468.0,468.5,462.6,463.2,1468.744
2026-05-06 15:00:00+00:00,463.3,468.8,463.3,467.9,363.771
2026-05-06 16:00:00+00:00,467.9,470.7,467.7,468.0,765.395
2026-05-06 17:00:00+00:00,468.0,468.6,465.2,465.8,743.635
2026-05-06 18:00:00+00:00,465.8,466.0,464.3,465.5,411.953
2026-05-06 19:00:00+00:00,465.4,466.0,464.7,465.7,329.311
2026-05-06 20:00:00+00:00,465.6,466.9,464.9,465.2,363.357
2026-05-06 21:00:00+00:00,465.3,467.1,464.8,466.4,270.971
2026-05-06 22:00:00+00:00,466.3,466.6,464.2,464.6,836.992
2026-05-06 23:00:00+00:00,464.5,465.8,463.2,465.7,489.706
2026-05-07 00:00:00+00:00,465.7,466.4,464.2,464.6,584.171
2026-05-07 01:00:00+00:00,464.6,465.5,463.1,464.7,485.605
2026-05-07 02:00:00+00:00,464.7,465.0,463.3,464.3,366.169
2026-05-07 03:00:00+00:00,464.3,464.4,460.9,461.7,632.593
2026-05-07 04:00:00+00:00,461.7,461.7,460.0,460.2,412.425
2026-05-07 05:00:00+00:00,460.2,462.2,460.2,460.9,422.785
2026-05-07 06:00:00+00:00,460.9,461.8,459.5,461.6,528.324
2026-05-07 07:00:00+00:00,461.6,462.1,459.9,460.3,521.228
2026-05-07 08:00:00+00:00,460.3,462.2,460.0,460.0,532.232
2026-05-07 09:00:00+00:00,460.1,461.0,459.3,459.4,607.534
2026-05-07 10:00:00+00:00,459.3,460.5,458.0,458.0,994.924
2026-05-07 11:00:00+00:00,458.0,459.0,457.7,458.5,635.527
2026-05-07 12:00:00+00:00,458.5,460.5,458.5,460.1,743.745
2026-05-07 13:00:00+00:00,460.1,460.8,455.3,455.7,956.431
2026-05-07 14:00:00+00:00,455.7,455.9,450.8,452.1,1565.079
2026-05-07 15:00:00+00:00,452.1,453.4,450.2,450.8,770.468
2026-05-07 16:00:00+00:00,450.7,451.8,448.2,450.3,1381.567
2026-05-07 17:00:00+00:00,450.3,452.4,449.8,452.0,701.833
2026-05-07 18:00:00+00:00,451.9,452.3,450.0,451.0,538.82
2026-05-07 19:00:00+00:00,450.9,451.1,447.0,449.9,1014.296
2026-05-07 20:00:00+00:00,449.9,451.4,449.7,450.1,412.371
2026-05-07 21:00:00+00:00,450.1,450.7,449.4,449.9,681.836
2026-05-07 22:00:00+00:00,449.8,450.4,449.0,450.0,539.216
2026-05-07 23:00:00+00:00,450.0,451.1,449.8,450.2,606.395
2026-05-08 00:00:00+00:00,450.3,452.6,450.2,452.0,1471.78
2026-05-08 01:00:00+00:00,452.1,452.8,450.5,450.9,603.78
2026-05-08 02:00:00+00:00,451.0,451.4,449.4,450.5,617.323
2026-05-08 03:00:00+00:00,450.6,452.0,449.9,450.4,542.21
2026-05-08 04:00:00+00:00,450.5,450.9,450.1,450.4,133.971
2026-05-08 05:00:00+00:00,450.5,450.8,450.1,450.6,330.934
2026-05-08 06:00:00+00:00,450.5,450.5,449.8,450.1,278.946
2026-05-08 07:00:00+00:00,450.1,450.7,448.6,450.3,480.213
2026-05-08 08:00:00+00:00,450.2,450.8,449.9,450.0,466.037
2026-05-08 09:00:00+00:00,450.1,450.6,449.6,449.9,334.629
2026-05-08 10:00:00+00:00,450.0,450.7,449.3,450.1,368.075
2026-05-08 11:00:00+00:00,450.2,450.6,449.9,450.4,339.19
2026-05-08 12:00:00+00:00,450.5,451.1,449.5,449.6,381.941
2026-05-08 13:00:00+00:00,449.7,450.0,449.1,449.6,522.894
2026-05-08 14:00:00+00:00,449.7,451.8,449.7,450.9,1304.308
2026-05-08 15:00:00+00:00,451.0,451.0,447.8,450.4,740.581
2026-05-08 16:00:00+00:00,450.2,450.8,449.4,450.2,489.408
2026-05-08 17:00:00+00:00,450.3,452.7,449.8,451.8,429.7
2026-05-08 18:00:00+00:00,451.9,454.5,451.9,452.3,836.964
2026-05-08 19:00:00+00:00,452.2,453.8,451.6,452.2,1079.934
2026-05-08 20:00:00+00:00,452.2,452.6,450.1,450.6,486.322
2026-05-08 21:00:00+00:00,450.5,451.3,449.4,451.1,658.256
2026-05-08 22:00:00+00:00,451.0,451.9,450.7,451.3,797.572
2026-05-08 23:00:00+00:00,451.2,451.2,449.8,450.5,595.682
2026-05-09 00:00:00+00:00,450.5,452.5,450.0,451.9,953.086
2026-05-09 01:00:00+00:00,451.8,453.8,451.4,453.4,518.828
2026-05-09 02:00:00+00:00,453.4,453.6,451.9,453.3,697.305
2026-05-09 03:00:00+00:00,453.2,453.9,451.8,452.1,819.062
2026-05-09 04:00:00+00:00,452.2,453.4,451.5,451.8,1213.381
2026-05-09 05:00:00+00:00,451.7,452.8,451.1,451.4,710.993
2026-05-09 06:00:00+00:00,451.4,451.9,450.3,450.9,468.952
2026-05-09 07:00:00+00:00,450.9,451.0,450.1,450.9,732.987
2026-05-09 08:00:00+00:00,450.8,451.3,450.3,450.5,643.994
2026-05-09 09:00:00+00:00,450.5,450.8,449.5,450.1,529.583
2026-05-09 10:00:00+00:00,450.1,450.6,449.0,450.3,579.264
2026-05-09 11:00:00+00:00,450.3,450.7,450.0,450.4,391.159
2026-05-09 12:00:00+00:00,450.4,450.6,449.9,450.6,67.315
2026-05-09 13:00:00+00:00,450.6,450.7,450.0,450.4,190.231
2026-05-09 14:00:00+00:00,450.5,450.6,449.2,449.9,228.012
2026-05-09 15:00:00+00:00,449.9,450.1,448.3,450.0,280.966
2026-05-09 16:00:00+00:00,450.0,451.4,449.4,450.2,812.189
2026-05-09 17:00:00+00:00,450.2,451.0,448.3,450.2,711.202
2026-05-09 18:00:00+00:00,450.1,450.8,450.0,450.3,149.064
2026-05-09 19:00:00+00:00,450.4,450.6,449.9,450.3,129.625
2026-05-09 20:00:00+00:00,450.4,450.6,449.7,450.3,273.203
2026-05-09 21:00:00+00:00,450.3,450.7,450.0,450.2,189.869
2026-05-09 22:00:00+00:00,450.2,450.4,449.7,449.9,108.913
2026-05-09 23:00:00+00:00,450.0,450.3,449.3,449.8,117.39
2026-05-10 00:00:00+00:00,449.9,451.0,449.7,450.2,391.64
2026-05-10 01:00:00+00:00,450.2,450.2,449.0,450.0,117.558
2026-05-10 02:00:00+00:00,450.0,450.8,449.5,450.2,76.738
2026-05-10 03:00:00+00:00,450.3,450.5,449.9,450.4,115.902
2026-05-10 04:00:00+00:00,450.4,455.7,450.0,453.9,1750.057
2026-05-10 05:00:00+00:00,453.9,454.1,451.6,451.8,1064.233
2026-05-10 06:00:00+00:00,451.8,452.4,450.8,451.5,444.536
2026-05-10 07:00:00+00:00,451.5,453.5,451.2,452.9,612.826
2026-05-10 08:00:00+00:00,453.0,454.4,452.7,453.6,526.926
2026-05-10 09:00:00+00:00,453.7,454.9,453.2,454.1,400.807
2026-05-10 10:00:00+00:00,454.2,455.0,453.6,453.6,230.477
2026-05-10 11:00:00+00:00,453.6,454.4,452.3,453.7,199.027
2026-05-10 12:00:00+00:00,453.8,454.1,452.4,453.6,211.234
2026-05-10 13:00:00+00:00,453.6,454.2,453.0,454.0,560.591
2026-05-10 14:00:00+00:00,454.0,455.0,453.3,454.5,402.27
2026-05-10 15:00:00+00:00,454.6,456.8,454.2,456.5,515.055
2026-05-10 16:00:00+00:00,456.5,458.1,456.0,457.9,1235.202
2026-05-10 17:00:00+00:00,457.9,461.8,457.6,460.6,1301.49
2026-05-10 18:00:00+00:00,460.7,462.1,460.0,461.7,675.683
2026-05-10 19:00:00+00:00,461.7,462.8,460.4,462.0,531.932
2026-05-10 20:00:00+00:00,462.0,463.2,458.0,460.4,1498.149
2026-05-10 21:00:00+00:00,460.4,462.1,458.0,460.0,888.412
2026-05-10 22:00:00+00:00,459.9,465.4,459.7,463.2,1074.308
2026-05-10 23:00:00+00:00,463.3,464.4,462.5,464.3,535.628
2026-05-11 00:00:00+00:00,464.4,465.3,459.1,460.6,821.413
2026-05-11 01:00:00+00:00,460.6,461.8,459.3,460.5,401.038
2026-05-11 02:00:00+00:00,460.5,460.7,456.7,457.0,527.541
2026-05-11 03:00:00+00:00,457.0,457.1,451.8,453.0,994.876
2026-05-11 04:00:00+00:00,453.0,453.1,451.6,451.9,380.511
2026-05-11 05:00:00+00:00,451.9,453.3,451.3,451.9,526.737
2026-05-11 06:00:00+00:00,451.9,452.7,450.0,450.7,748.288
2026-05-11 07:00:00+00:00,450.6,451.0,448.3,450.1,1011.253
2026-05-11 08:00:00+00:00,450.1,451.5,448.1,450.6,1217.355
2026-05-11 09:00:00+00:00,450.7,451.2,450.3,450.9,318.066
2026-05-11 10:00:00+00:00,450.9,451.5,450.3,450.5,472.013
2026-05-11 11:00:00+00:00,450.4,451.0,450.1,450.7,363.643
2026-05-11 12:00:00+00:00,450.7,451.1,450.0,450.3,255.297
2026-05-11 13:00:00+00:00,450.4,451.0,448.8,450.3,664.192
2026-05-11 14:00:00+00:00,450.4,451.8,447.9,450.4,1199.587
2026-05-11 15:00:00+00:00,450.3,451.5,450.0,450.5,408.964
2026-05-11 16:00:00+00:00,450.6,451.2,448.8,449.4,1487.224
2026-05-11 17:00:00+00:00,449.4,451.1,448.1,450.4,622.586
2026-05-11 18:00:00+00:00,450.4,450.7,449.8,449.9,550.261
2026-05-11 19:00:00+00:00,450.0,451.5,449.6,450.4,685.969
2026-05-11 20:00:00+00:00,450.4,451.0,449.4,450.4,318.889
2026-05-11 21:00:00+00:00,450.4,450.4,449.5,450.1,226.571
2026-05-11 22:00:00+00:00,450.0,450.9,449.9,450.5,464.599
2026-05-11 23:00:00+00:00,450.4,450.7,449.9,450.2,385.761
2026-05-12 00:00:00+00:00,450.2,450.4,448.1,449.2,688.784
2026-05-12 01:00:00+00:00,449.3,449.6,442.9,443.8,3951.132
2026-05-12 02:00:00+00:00,443.8,445.4,443.1,445.3,799.583
2026-05-12 03:00:00+00:00,445.3,446.0,444.9,445.7,591.638
2026-05-12 04:00:00+00:00,445.7,446.8,444.6,445.8,659.915
2026-05-12 05:00:00+00:00,445.8,446.5,445.5,445.5,314.111
2026-05-12 06:00:00+00:00,445.5,448.3,445.4,447.3,2324.205
2026-05-12 07:00:00+00:00,447.3,449.0,446.8,448.6,1220.586
2026-05-12 08:00:00+00:00,448.6,449.1,444.5,445.1,3349.461
2026-05-12 09:00:00+00:00,445.0,445.5,444.4,445.0,267.449
2026-05-12 10:00:00+00:00,444.9,445.0,439.7,440.3,2615.711
2026-05-12 11:00:00+00:00,440.3,440.8,437.4,440.3,2116.919
2026-05-12 12:00:00+00:00,440.2,441.0,439.2,440.4,557.854
2026-05-12 13:00:00+00:00,440.3,440.6,438.8,438.9,264.423
2026-05-12 14:00:00+00:00,439.0,440.6,438.3,439.6,468.049
2026-05-12 15:00:00+00:00,439.5,440.3,437.5,438.5,587.504
2026-05-12 16:00:00+00:00,438.4,440.3,436.0,436.6,783.809
2026-05-12 17:00:00+00:00,436.7,439.3,436.5,438.5,420.339
2026-05-12 18:00:00+00:00,438.5,440.5,438.2,439.9,288.839
2026-05-12 19:00:00+00:00,439.9,440.5,439.7,440.3,72.96
2026-05-12 20:00:00+00:00,440.3,440.5,440.0,440.4,122.183
2026-05-12 21:00:00+00:00,440.4,440.6,439.0,439.3,167.499
2026-05-12 22:00:00+00:00,439.3,440.4,439.3,439.7,126.414
2026-05-12 23:00:00+00:00,439.7,440.4,439.3,439.6,46.509
2026-05-13 00:00:00+00:00,439.6,440.4,438.8,439.8,106.607
2026-05-13 01:00:00+00:00,439.8,441.2,439.7,440.4,321.388
2026-05-13 02:00:00+00:00,440.5,441.0,439.1,440.3,2223.063
2026-05-13 03:00:00+00:00,440.3,443.1,440.2,442.9,1148.924
2026-05-13 04:00:00+00:00,442.9,444.1,442.9,443.2,883.893
2026-05-13 05:00:00+00:00,443.2,443.4,441.9,443.3,727.309
2026-05-13 06:00:00+00:00,443.3,444.8,440.2,440.5,2537.45
2026-05-13 07:00:00+00:00,440.6,440.8,437.0,439.5,3168.534
2026-05-13 08:00:00+00:00,439.5,439.8,438.3,439.6,300.036
2026-05-13 09:00:00+00:00,439.7,441.1,439.7,440.5,1117.341
2026-05-13 10:00:00+00:00,440.5,440.5,439.5,439.7,321.774
2026-05-13 11:00:00+00:00,439.7,440.0,438.0,438.0,480.229
2026-05-13 12:00:00+00:00,438.0,439.0,435.1,436.3,1385.511
2026-05-13 13:00:00+00:00,436.3,437.7,431.1,431.8,2214.456
2026-05-13 14:00:00+00:00,431.8,434.0,430.9,433.3,1556.423
2026-05-13 15:00:00+00:00,433.3,434.0,430.0,430.6,779.845
2026-05-13 16:00:00+00:00,430.6,434.5,430.5,433.8,982.654
2026-05-13 17:00:00+00:00,433.8,434.6,433.2,433.6,341.063
2026-05-13 18:00:00+00:00,433.6,434.6,433.5,434.2,279.073
2026-05-13 19:00:00+00:00,434.2,434.2,433.3,433.6,155.221
2026-05-13 20:00:00+00:00,433.6,435.0,433.6,434.4,142.904
2026-05-13 21:00:00+00:00,434.3,434.3,433.1,433.6,474.464
2026-05-13 22:00:00+00:00,433.6,434.6,433.0,434.2,177.526
2026-05-13 23:00:00+00:00,434.2,434.5,433.7,434.1,257.161
2026-05-14 00:00:00+00:00,434.2,435.7,434.2,435.2,270.963
2026-05-14 01:00:00+00:00,435.1,435.6,434.0,435.5,262.27
2026-05-14 02:00:00+00:00,435.6,435.6,433.0,433.8,135.193
2026-05-14 03:00:00+00:00,433.7,434.2,431.8,432.0,287.375
2026-05-14 04:00:00+00:00,432.1,433.6,431.5,433.3,175.797
2026-05-14 05:00:00+00:00,433.3,435.3,433.2,434.3,177.598
2026-05-14 06:00:00+00:00,434.3,435.0,434.2,434.4,187.362
2026-05-14 07:00:00+00:00,434.2,434.6,433.5,433.6,103.966
2026-05-14 08:00:00+00:00,433.6,434.2,432.8,433.7,102.526
2026-05-14 09:00:00+00:00,433.8,434.1,433.0,433.7,140.903
2026-05-14 10:00:00+00:00,433.6,434.0,432.7,433.4,586.387
2026-05-14 11:00:00+00:00,433.5,433.7,432.0,432.5,439.746
2026-05-14 12:00:00+00:00,432.4,434.4,432.3,433.9,231.432
2026-05-14 13:00:00+00:00,433.9,434.9,433.2,433.3,648.505
2026-05-14 14:00:00+00:00,433.2,436.2,432.5,435.9,300.847
2026-05-14 15:00:00+00:00,436.0,436.6,434.5,435.4,424.443
2026-05-14 16:00:00+00:00,435.5,436.7,434.0,436.2,624.465
2026-05-14 17:00:00+00:00,436.2,437.8,436.0,436.6,588.573
2026-05-14 18:00:00+00:00,436.5,438.6,436.0,438.3,515.218
2026-05-14 19:00:00+00:00,438.2,438.9,437.7,438.1,289.288
2026-05-14 20:00:00+00:00,438.1,438.5,436.6,438.1,398.56
2026-05-14 21:00:00+00:00,438.2,438.5,436.7,437.9,383.1
2026-05-14 22:00:00+00:00,437.8,438.1,437.0,437.2,282.899
2026-05-14 23:00:00+00:00,437.2,437.3,434.5,435.0,504.279
2026-05-15 00:00:00+00:00,434.9,437.5,434.8,437.0,624.715
2026-05-15 01:00:00+00:00,437.0,437.4,435.3,435.5,531.874
2026-05-15 02:00:00+00:00,435.4,437.1,434.3,436.9,396.521
2026-05-15 03:00:00+00:00,436.8,437.2,434.9,435.7,269.752
2026-05-15 04:00:00+00:00,435.6,435.8,434.2,434.5,759.569
2026-05-15 05:00:00+00:00,434.5,435.4,432.4,432.7,1600.062
2026-05-15 06:00:00+00:00,432.8,435.5,432.8,435.0,1277.145
2026-05-15 07:00:00+00:00,435.0,437.2,434.3,435.0,3310.743
2026-05-15 08:00:00+00:00,435.0,435.0,430.0,431.6,3832.41
2026-05-15 09:00:00+00:00,431.7,431.8,430.4,431.4,289.042
2026-05-15 10:00:00+00:00,431.5,433.3,431.3,432.8,252.345
2026-05-15 11:00:00+00:00,432.9,433.1,430.6,430.9,290.265
2026-05-15 12:00:00+00:00,431.0,431.6,430.1,430.4,529.798
2026-05-15 13:00:00+00:00,430.4,430.9,423.8,424.9,2367.212
2026-05-15 14:00:00+00:00,424.9,426.6,423.9,426.0,821.03
2026-05-15 15:00:00+00:00,425.9,426.4,424.4,425.0,646.431
2026-05-15 16:00:00+00:00,425.0,428.0,424.7,427.1,664.791
2026-05-15 17:00:00+00:00,427.1,428.3,426.5,426.9,373.992
2026-05-15 18:00:00+00:00,426.9,427.6,426.6,426.8,230.109
2026-05-15 19:00:00+00:00,426.8,426.9,425.1,425.2,212.04
2026-05-15 20:00:00+00:00,425.2,425.4,424.5,425.1,319.685
2026-05-15 21:00:00+00:00,425.2,426.3,424.6,424.6,733.411
2026-05-15 22:00:00+00:00,424.7,426.5,424.7,426.2,287.609
2026-05-15 23:00:00+00:00,426.2,426.9,426.1,426.8,192.859
2026-05-16 00:00:00+00:00,426.8,427.6,426.6,426.8,275.913
2026-05-16 01:00:00+00:00,426.7,426.7,425.0,425.8,108.374
2026-05-16 02:00:00+00:00,425.9,426.4,425.4,426.2,322.318
2026-05-16 03:00:00+00:00,426.3,428.0,426.3,427.8,1591.424
2026-05-16 04:00:00+00:00,427.7,428.2,425.3,427.3,2175.154
2026-05-16 05:00:00+00:00,427.2,427.9,422.5,423.7,4575.003
2026-05-16 06:00:00+00:00,423.7,424.3,421.2,422.4,1395.658
2026-05-16 07:00:00+00:00,422.4,422.5,418.0,420.2,3639.068
2026-05-16 08:00:00+00:00,420.1,421.9,419.9,420.7,494.371
2026-05-16 09:00:00+00:00,420.6,421.0,413.5,414.4,14674.651
2026-05-16 10:00:00+00:00,414.3,415.9,410.6,412.1,2336.7
2026-05-16 11:00:00+00:00,412.2,413.5,410.6,411.3,1088.967
2026-05-16 12:00:00+00:00,411.3,415.5,410.6,414.4,350.756
2026-05-16 13:00:00+00:00,414.5,415.8,414.3,415.3,164.012
2026-05-16 14:00:00+00:00,415.4,415.8,414.6,415.2,182.218
2026-05-16 15:00:00+00:00,415.2,417.5,415.0,417.1,222.321
2026-05-16 16:00:00+00:00,417.1,418.7,416.8,417.9,345.209
2026-05-16 17:00:00+00:00,417.9,418.7,417.7,417.9,63.686
2026-05-16 18:00:00+00:00,417.9,418.2,417.1,417.7,188.023
2026-05-16 19:00:00+00:00,417.8,418.2,417.3,417.5,75.737
2026-05-16 20:00:00+00:00,417.5,417.9,416.7,417.3,50.402
2026-05-16 21:00:00+00:00,417.3,417.9,416.9,416.9,154.843
2026-05-16 22:00:00+00:00,416.9,416.9,415.7,416.1,152.359
2026-05-16 23:00:00+00:00,416.0,416.3,415.6,415.8,92.438
2026-05-17 00:00:00+00:00,415.8,416.6,414.9,415.8,197.095
2026-05-17 01:00:00+00:00,415.7,415.9,413.4,413.4,249.722
2026-05-17 02:00:00+00:00,413.3,414.2,413.1,413.5,144.32
2026-05-17 03:00:00+00:00,413.6,415.4,413.5,415.2,378.86
2026-05-17 04:00:00+00:00,415.2,416.2,415.2,415.5,235.415
2026-05-17 05:00:00+00:00,415.5,416.8,415.2,415.6,96.588
2026-05-17 06:00:00+00:00,415.6,416.1,414.8,415.2,68.637
2026-05-17 07:00:00+00:00,415.3,415.5,414.5,415.4,124.414
2026-05-17 08:00:00+00:00,415.4,415.5,414.3,414.6,75.554
2026-05-17 09:00:00+00:00,414.6,415.3,414.4,415.1,135.241
2026-05-17 10:00:00+00:00,415.1,416.8,415.1,415.3,211.574
2026-05-17 11:00:00+00:00,415.3,415.4,413.6,414.1,198.481
2026-05-17 12:00:00+00:00,414.1,415.1,413.9,414.5,91.542
2026-05-17 13:00:00+00:00,414.5,414.5,412.5,413.5,244.687
2026-05-17 14:00:00+00:00,413.5,413.5,411.3,411.5,409.292
2026-05-17 15:00:00+00:00,411.4,412.7,411.1,412.3,241.794
2026-05-17 16:00:00+00:00,412.3,413.1,412.0,412.2,329.363
2026-05-17 17:00:00+00:00,412.2,412.3,408.1,411.3,1102.944
2026-05-17 18:00:00+00:00,411.3,412.5,410.4,412.4,241.764
2026-05-17 19:00:00+00:00,412.5,414.1,412.4,413.7,135.808
2026-05-17 20:00:00+00:00,413.8,414.2,412.0,412.5,249.246
2026-05-17 21:00:00+00:00,412.5,414.5,412.1,413.7,327.927
2026-05-17 22:00:00+00:00,413.7,413.7,410.2,410.7,705.732
2026-05-17 23:00:00+00:00,410.7,410.7,400.0,404.8,5190.055
2026-05-18 00:00:00+00:00,404.8,404.8,401.6,403.6,1041.307
2026-05-18 01:00:00+00:00,403.6,403.9,386.1,391.1,8542.98
2026-05-18 02:00:00+00:00,391.1,392.1,384.5,385.3,4060.719
2026-05-18 03:00:00+00:00,385.2,386.9,384.8,385.3,1630.342
2026-05-18 04:00:00+00:00,385.2,387.5,382.5,384.7,2605.477
2026-05-18 05:00:00+00:00,384.7,385.0,372.9,375.2,7595.564
2026-05-18 06:00:00+00:00,375.2,376.9,363.5,372.7,11747.419
2026-05-18 07:00:00+00:00,372.8,376.1,362.7,365.3,17399.809
2026-05-18 08:00:00+00:00,365.3,367.1,362.3,366.8,3477.773
2026-05-18 09:00:00+00:00,366.7,367.0,363.2,364.2,2024.272
2026-05-18 10:00:00+00:00,364.3,364.7,356.4,359.4,5536.702
2026-05-18 11:00:00+00:00,359.5,360.8,348.3,356.6,12990.504
2026-05-18 12:00:00+00:00,356.5,378.2,355.8,376.0,20392.1
2026-05-18 13:00:00+00:00,376.0,380.4,373.7,377.7,6351.688
2026-05-18 14:00:00+00:00,377.8,377.9,366.4,367.5,4571.187
2026-05-18 15:00:00+00:00,367.6,376.4,365.4,372.5,4964.538
2026-05-18 16:00:00+00:00,372.6,375.6,365.9,373.6,7730.427
2026-05-18 17:00:00+00:00,373.7,375.9,372.2,375.8,1762.384
2026-05-18 18:00:00+00:00,375.7,375.9,370.9,371.4,1834.956
2026-05-18 19:00:00+00:00,371.4,379.3,371.3,378.3,2211.656
2026-05-18 20:00:00+00:00,378.4,379.7,373.3,373.8,801.238
2026-05-18 21:00:00+00:00,373.7,376.3,372.1,374.7,1347.102
2026-05-18 22:00:00+00:00,374.8,383.8,374.1,382.6,3547.633
2026-05-18 23:00:00+00:00,382.6,383.6,378.2,378.8,1667.687
2026-05-19 00:00:00+00:00,378.8,379.7,377.4,378.2,699.43
2026-05-19 01:00:00+00:00,378.2,379.0,375.3,375.6,1134.783
2026-05-19 02:00:00+00:00,375.5,379.0,374.9,378.7,595.876
2026-05-19 03:00:00+00:00,378.8,382.4,378.8,380.1,1200.992
2026-05-19 04:00:00+00:00,380.2,382.2,379.3,380.1,544.354
2026-05-19 05:00:00+00:00,380.1,381.4,377.8,381.3,690.986
2026-05-19 06:00:00+00:00,381.2,385.0,381.1,383.6,1334.674
2026-05-19 07:00:00+00:00,383.6,383.6,380.5,381.2,512.396
2026-05-19 08:00:00+00:00,381.2,381.2,378.7,379.7,977.742
2026-05-19 09:00:00+00:00,379.6,380.3,376.6,378.6,2867.196
2026-05-19 10:00:00+00:00,378.5,378.6,372.6,373.6,4300.058
2026-05-19 11:00:00+00:00,373.7,385.3,373.0,381.1,7371.668
2026-05-19 12:00:00+00:00,381.0,386.4,380.6,385.8,2722.112
2026-05-19 13:00:00+00:00,386.0,386.7,380.6,382.3,1419.814
2026-05-19 14:00:00+00:00,382.3,382.5,360.8,366.3,15127.939
2026-05-19 15:00:00+00:00,366.3,367.0,364.2,364.8,1874.805
2026-05-19 16:00:00+00:00,364.9,368.7,364.8,368.5,888.747
2026-05-19 17:00:00+00:00,368.5,369.7,367.0,367.6,1418.425
2026-05-19 18:00:00+00:00,367.7,369.2,367.6,368.3,477.552
2026-05-19 19:00:00+00:00,368.4,369.6,367.7,368.0,824.601
2026-05-19 20:00:00+00:00,368.0,369.2,367.5,368.8,433.841
2026-05-19 21:00:00+00:00,368.7,370.1,368.4,369.4,634.315
2026-05-19 22:00:00+00:00,369.4,369.4,368.3,368.7,534.485
2026-05-19 23:00:00+00:00,368.6,370.9,368.5,370.4,667.021
2026-05-20 00:00:00+00:00,370.4,371.5,369.5,369.6,1037.24
2026-05-20 01:00:00+00:00,369.7,370.6,367.4,369.9,1144.553
2026-05-20 02:00:00+00:00,369.9,371.3,369.1,369.4,403.671
2026-05-20 03:00:00+00:00,369.4,370.9,369.1,370.0,223.865
2026-05-20 04:00:00+00:00,370.1,370.7,367.7,368.8,1004.568
2026-05-20 05:00:00+00:00,368.9,370.8,368.8,370.1,508.847
2026-05-20 06:00:00+00:00,370.2,370.5,369.0,369.5,682.415
2026-05-20 07:00:00+00:00,369.5,371.6,369.1,370.4,1401.402
2026-05-20 08:00:00+00:00,370.5,371.7,368.3,369.2,4847.2
2026-05-20 09:00:00+00:00,369.2,370.0,367.5,368.6,820.913
2026-05-20 10:00:00+00:00,368.6,370.0,368.2,368.5,436.536
2026-05-20 11:00:00+00:00,368.6,368.8,367.1,367.3,511.749
2026-05-20 12:00:00+00:00,367.3,367.8,364.6,366.4,1039.207
2026-05-20 13:00:00+00:00,366.5,366.6,364.0,365.3,546.907
2026-05-20 14:00:00+00:00,365.4,368.6,364.3,368.1,1123.8
2026-05-20 15:00:00+00:00,368.0,371.7,366.6,370.2,1258.585
2026-05-20 16:00:00+00:00,370.2,371.5,368.6,371.4,384.486
2026-05-20 17:00:00+00:00,371.5,374.2,370.9,372.2,735.814
2026-05-20 18:00:00+00:00,372.2,373.2,371.5,372.1,900.304
2026-05-20 19:00:00+00:00,372.1,373.5,371.0,372.8,744.884
2026-05-20 20:00:00+00:00,372.7,375.0,372.0,374.7,959.527
2026-05-20 21:00:00+00:00,374.7,375.2,373.2,373.8,562.407
2026-05-20 22:00:00+00:00,373.7,373.7,371.0,372.2,556.71
2026-05-20 23:00:00+00:00,372.1,373.4,371.9,373.1,438.661
2026-05-21 00:00:00+00:00,373.2,376.6,372.9,375.6,626.333
2026-05-21 01:00:00+00:00,375.7,378.5,375.5,377.5,541.889
2026-05-21 02:00:00+00:00,377.6,380.1,377.5,379.2,733.976
2026-05-21 03:00:00+00:00,379.2,382.0,375.4,380.4,4126.077
2026-05-21 04:00:00+00:00,380.4,381.2,379.1,380.5,426.791
2026-05-21 05:00:00+00:00,380.5,381.1,377.8,377.9,663.412
2026-05-21 06:00:00+00:00,377.9,378.5,376.3,376.9,431.192
2026-05-21 07:00:00+00:00,376.8,378.1,376.1,377.6,393.117
2026-05-21 08:00:00+00:00,377.5,378.5,376.5,376.9,331.379
2026-05-21 09:00:00+00:00,376.8,377.9,375.4,375.5,501.652
2026-05-21 10:00:00+00:00,375.4,376.1,373.4,373.6,1165.229
2026-05-21 11:00:00+00:00,373.5,375.5,373.2,374.7,628.292
2026-05-21 12:00:00+00:00,374.7,378.4,374.5,377.7,635.371
2026-05-21 13:00:00+00:00,377.6,379.2,376.8,378.8,802.918
2026-05-21 14:00:00+00:00,378.9,378.9,375.9,376.9,1752.791
2026-05-21 15:00:00+00:00,376.9,380.9,376.9,379.6,912.193
2026-05-21 16:00:00+00:00,379.7,381.6,378.0,380.7,1658.627
2026-05-21 17:00:00+00:00,380.7,383.5,380.7,381.9,1360.907
2026-05-21 18:00:00+00:00,382.0,382.4,378.5,379.6,536.005
2026-05-21 19:00:00+00:00,379.6,380.0,378.9,379.6,234.596
2026-05-21 20:00:00+00:00,379.7,380.9,379.3,379.8,111.561
2026-05-21 21:00:00+00:00,379.9,381.9,379.9,380.1,313.39
2026-05-21 22:00:00+00:00,380.1,380.8,379.9,380.6,177.437
2026-05-21 23:00:00+00:00,380.6,381.7,380.0,380.4,319.034
2026-05-22 00:00:00+00:00,380.5,380.8,378.4,378.5,246.545
2026-05-22 01:00:00+00:00,378.5,379.2,377.4,378.2,293.739
2026-05-22 02:00:00+00:00,378.2,380.1,378.2,378.7,434.887
2026-05-22 03:00:00+00:00,378.8,379.6,378.5,379.5,141.947
2026-05-22 04:00:00+00:00,379.5,380.6,379.0,379.0,450.102
2026-05-22 05:00:00+00:00,379.0,379.2,377.7,377.8,125.265
2026-05-22 06:00:00+00:00,377.7,379.0,377.5,378.2,222.746
2026-05-22 07:00:00+00:00,378.1,380.5,377.7,380.0,837.787
2026-05-22 08:00:00+00:00,379.9,380.9,378.6,378.8,356.159
2026-05-22 09:00:00+00:00,378.8,380.0,378.4,379.8,198.787
2026-05-22 10:00:00+00:00,379.7,380.2,379.1,379.1,267.329
2026-05-22 11:00:00+00:00,379.1,379.5,377.7,379.4,197.603
2026-05-22 12:00:00+00:00,379.4,382.3,379.2,381.0,501.397
2026-05-22 13:00:00+00:00,381.0,381.2,378.6,378.9,432.027
2026-05-22 14:00:00+00:00,378.9,381.9,377.8,380.8,817.156
2026-05-22 15:00:00+00:00,380.8,381.9,378.8,380.1,667.4
2026-05-22 16:00:00+00:00,380.1,381.0,379.0,379.4,449.015
2026-05-22 17:00:00+00:00,379.4,380.3,378.3,378.3,354.225
2026-05-22 18:00:00+00:00,378.2,378.4,374.4,375.9,638.194
2026-05-22 19:00:00+00:00,376.0,376.0,370.7,372.9,663.854
2026-05-22 20:00:00+00:00,372.8,374.4,371.9,373.8,294.24
2026-05-22 21:00:00+00:00,373.7,375.2,373.3,374.7,342.18
2026-05-22 22:00:00+00:00,374.7,375.1,372.6,373.9,318.711
2026-05-22 23:00:00+00:00,373.9,374.1,359.1,360.7,9881.459
2026-05-23 00:00:00+00:00,360.7,364.1,357.5,359.6,3248.028
2026-05-23 01:00:00+00:00,359.6,361.6,359.3,361.1,439.186
2026-05-23 02:00:00+00:00,361.1,363.0,361.0,362.8,768.184
2026-05-23 03:00:00+00:00,362.8,364.7,362.8,364.0,517.231
2026-05-23 04:00:00+00:00,363.9,364.1,363.0,363.2,319.049
2026-05-23 05:00:00+00:00,363.2,363.3,360.8,361.8,899.224
2026-05-23 06:00:00+00:00,361.9,362.3,361.3,361.9,423.72
2026-05-23 07:00:00+00:00,362.0,362.1,354.3,356.8,2697.714
2026-05-23 08:00:00+00:00,356.9,357.5,355.1,357.3,2266.822
2026-05-23 09:00:00+00:00,357.4,357.9,342.9,344.5,14144.641
2026-05-23 10:00:00+00:00,344.5,346.1,344.2,345.8,1288.548
2026-05-23 11:00:00+00:00,345.8,346.4,345.4,346.0,587.826
2026-05-23 12:00:00+00:00,345.9,345.9,344.3,344.9,826.775
2026-05-23 13:00:00+00:00,344.9,347.3,344.7,346.8,822.355
2026-05-23 14:00:00+00:00,346.8,349.4,346.5,348.9,843.906
2026-05-23 15:00:00+00:00,348.8,350.6,348.2,349.3,674.449
2026-05-23 16:00:00+00:00,349.3,351.9,348.4,351.2,1315.827
2026-05-23 17:00:00+00:00,351.2,353.1,351.2,351.8,1283.078
2026-05-23 18:00:00+00:00,351.7,354.4,351.7,352.0,809.704
2026-05-23 19:00:00+00:00,351.9,353.2,350.4,352.9,775.894
2026-05-23 20:00:00+00:00,352.8,358.7,352.6,358.7,1475.451
2026-05-23 21:00:00+00:00,358.7,359.8,355.1,356.5,2222.08
2026-05-23 22:00:00+00:00,356.6,357.5,354.0,355.3,725.384
2026-05-23 23:00:00+00:00,355.3,356.4,354.7,355.5,666.756
2026-05-24 00:00:00+00:00,355.6,357.5,354.8,356.5,1259.729
2026-05-24 01:00:00+00:00,356.6,358.0,356.0,356.6,954.274
2026-05-24 02:00:00+00:00,356.6,356.7,353.3,353.7,599.527
2026-05-24 03:00:00+00:00,353.8,356.0,353.4,354.6,975.25
2026-05-24 04:00:00+00:00,354.6,356.0,354.4,354.5,421.074
2026-05-24 05:00:00+00:00,354.5,354.5,351.0,353.4,479.534
2026-05-24 06:00:00+00:00,353.4,354.8,352.6,353.9,290.588
2026-05-24 07:00:00+00:00,353.9,353.9,352.0,352.4,630.626
2026-05-24 08:00:00+00:00,352.4,353.4,352.2,353.1,375.664
2026-05-24 09:00:00+00:00,353.0,354.1,352.9,353.7,483.601
2026-05-24 10:00:00+00:00,353.7,354.1,352.0,353.4,343.524
2026-05-24 11:00:00+00:00,353.5,354.5,352.8,354.0,463.007
2026-05-24 12:00:00+00:00,354.0,354.2,351.8,352.7,288.814
2026-05-24 13:00:00+00:00,352.7,353.2,349.8,351.2,508.255
2026-05-24 14:00:00+00:00,351.2,351.6,347.2,349.4,1446.14
2026-05-24 15:00:00+00:00,349.4,350.4,348.9,349.1,321.4
2026-05-24 16:00:00+00:00,349.1,352.4,349.0,350.8,1077.795
2026-05-24 17:00:00+00:00,350.7,351.2,350.2,350.6,232.963
2026-05-24 18:00:00+00:00,350.7,350.8,349.1,349.3,231.655
2026-05-24 19:00:00+00:00,349.4,350.0,348.5,349.5,258.345
2026-05-24 20:00:00+00:00,349.6,349.8,348.2,348.5,239.259
2026-05-24 21:00:00+00:00,348.5,349.2,333.5,341.2,5794.459
2026-05-24 22:00:00+00:00,341.2,347.1,341.0,346.4,1537.536
2026-05-24 23:00:00+00:00,346.4,347.9,346.1,347.0,541.579
2026-05-25 00:00:00+00:00,347.0,348.4,347.0,347.7,647.872
2026-05-25 01:00:00+00:00,347.8,348.3,344.2,344.5,905.55
2026-05-25 02:00:00+00:00,344.6,346.9,344.1,344.4,883.424
2026-05-25 03:00:00+00:00,344.5,345.9,344.1,345.2,574.463
2026-05-25 04:00:00+00:00,345.3,348.5,344.5,348.5,736.148
2026-05-25 05:00:00+00:00,348.6,350.9,348.2,350.2,342.154
2026-05-25 06:00:00+00:00,350.3,351.5,349.7,350.8,206.58
2026-05-25 07:00:00+00:00,350.8,351.8,348.9,351.0,1398.975
2026-05-25 08:00:00+00:00,351.0,351.3,350.1,350.7,435.145
2026-05-25 09:00:00+00:00,350.7,352.1,350.3,351.8,545.053
2026-05-25 10:00:00+00:00,351.8,352.5,351.0,351.4,269.948
2026-05-25 11:00:00+00:00,351.5,351.5,349.4,349.6,451.649
2026-05-25 12:00:00+00:00,349.7,350.2,348.8,349.4,441.295
2026-05-25 13:00:00+00:00,349.4,350.0,347.8,349.0,261.347
2026-05-25 14:00:00+00:00,349.0,350.8,348.8,350.2,603.372
2026-05-25 15:00:00+00:00,350.2,352.4,349.1,349.7,520.191
2026-05-25 16:00:00+00:00,349.8,350.3,349.2,349.6,356.275
2026-05-25 17:00:00+00:00,349.8,351.1,349.5,350.5,237.925
2026-05-25 18:00:00+00:00,350.5,351.0,350.0,350.2,171.242
2026-05-25 19:00:00+00:00,350.3,350.9,349.4,350.9,302.508
2026-05-25 20:00:00+00:00,350.9,352.2,349.7,349.9,226.242
2026-05-25 21:00:00+00:00,349.9,351.8,349.5,351.4,183.251
2026-05-25 22:00:00+00:00,351.5,351.5,349.0,349.1,393.373
2026-05-25 23:00:00+00:00,349.0,351.9,348.7,351.7,314.004
2026-05-26 00:00:00+00:00,351.8,351.9,347.0,348.8,647.084
2026-05-26 01:00:00+00:00,348.7,348.7,345.8,346.4,661.371
2026-05-26 02:00:00+00:00,346.4,346.6,345.2,345.8,486.113
2026-05-26 03:00:00+00:00,345.8,346.7,344.1,346.3,339.814
2026-05-26 04:00:00+00:00,346.4,349.4,345.7,348.9,314.144
2026-05-26 05:00:00+00:00,348.9,352.0,348.6,352.0,705.302
2026-05-26 06:00:00+00:00,351.9,352.6,350.2,351.6,604.661
2026-05-26 07:00:00+00:00,351.8,351.9,348.2,349.4,422.938
2026-05-26 08:00:00+00:00,349.5,350.6,348.9,349.5,309.174
2026-05-26 09:00:00+00:00,349.5,351.2,348.8,350.3,690.76
2026-05-26 10:00:00+00:00,350.3,355.2,350.2,354.3,1900.276
2026-05-26 11:00:00+00:00,354.3,354.7,352.7,353.6,807.8
2026-05-26 12:00:00+00:00,353.6,354.8,353.2,354.1,1203.087
2026-05-26 13:00:00+00:00,354.0,354.6,351.3,353.5,580.573
2026-05-26 14:00:00+00:00,353.6,354.5,350.1,351.4,1575.378
2026-05-26 15:00:00+00:00,351.4,351.8,348.2,349.6,1618.21
2026-05-26 16:00:00+00:00,349.5,349.7,346.9,347.8,553.795
2026-05-26 17:00:00+00:00,347.9,348.9,342.7,344.7,937.776
2026-05-26 18:00:00+00:00,344.7,347.0,344.3,344.8,287.161
2026-05-26 19:00:00+00:00,344.8,346.6,344.0,346.0,218.757
2026-05-26 20:00:00+00:00,346.1,346.8,345.8,346.2,324.86
2026-05-26 21:00:00+00:00,346.3,346.5,344.4,344.7,298.029
2026-05-26 22:00:00+00:00,344.7,345.4,343.6,344.0,1149.246
2026-05-26 23:00:00+00:00,344.1,344.6,343.3,343.4,247.729
2026-05-27 00:00:00+00:00,343.4,345.7,343.4,345.6,267.898
2026-05-27 01:00:00+00:00,345.5,345.7,343.3,343.5,512.6
2026-05-27 02:00:00+00:00,343.6,344.4,342.4,344.4,347.474
2026-05-27 03:00:00+00:00,344.5,344.9,342.7,343.1,311.034
2026-05-27 04:00:00+00:00,343.0,343.2,340.0,342.9,709.205
2026-05-27 05:00:00+00:00,342.9,344.7,342.6,344.2,287.796
2026-05-27 06:00:00+00:00,344.2,345.9,343.7,345.8,1965.245
2026-05-27 07:00:00+00:00,345.8,346.3,344.7,345.7,287.017
2026-05-27 08:00:00+00:00,345.8,346.3,343.6,343.9,1003.562
2026-05-27 09:00:00+00:00,343.9,344.3,342.9,343.5,326.468
2026-05-27 10:00:00+00:00,343.5,344.7,343.0,343.9,650.763
2026-05-27 11:00:00+00:00,343.8,344.5,342.3,342.7,604.674
2026-05-27 12:00:00+00:00,342.8,345.7,342.0,343.7,893.853
2026-05-27 13:00:00+00:00,343.6,344.2,339.5,340.9,1515.962
2026-05-27 14:00:00+00:00,341.0,343.1,338.5,343.0,1704.915
2026-05-27 15:00:00+00:00,342.9,347.5,342.8,345.5,1505.795
2026-05-27 16:00:00+00:00,345.6,346.6,343.3,344.2,220.527
2026-05-27 17:00:00+00:00,344.4,344.4,340.5,341.2,308.25
2026-05-27 18:00:00+00:00,341.1,343.0,340.1,342.9,162.631
2026-05-27 19:00:00+00:00,343.0,344.0,342.6,343.7,168.658
2026-05-27 20:00:00+00:00,343.6,344.2,342.4,344.0,229.313
2026-05-27 21:00:00+00:00,344.0,344.1,335.7,337.3,954.97
2026-05-27 22:00:00+00:00,337.3,339.2,336.5,337.3,652.477
2026-05-27 23:00:00+00:00,337.3,338.7,332.0,334.8,1703.522
2026-05-28 00:00:00+00:00,334.7,336.2,333.9,335.8,937.486
2026-05-28 01:00:00+00:00,335.8,336.2,332.6,334.8,417.307
2026-05-28 02:00:00+00:00,334.9,336.2,334.1,335.6,342.997
2026-05-28 03:00:00+00:00,335.6,335.8,331.1,333.6,7661.69
2026-05-28 04:00:00+00:00,333.5,333.5,327.4,331.9,5809.346
2026-05-28 05:00:00+00:00,331.9,333.2,323.9,325.1,12964.043
2026-05-28 06:00:00+00:00,325.1,327.3,322.8,326.7,4329.57
2026-05-28 07:00:00+00:00,326.6,328.7,326.3,326.7,4246.009
2026-05-28 08:00:00+00:00,326.8,326.9,323.0,324.8,8739.325
2026-05-28 09:00:00+00:00,324.8,326.3,324.6,325.2,699.714
2026-05-28 10:00:00+00:00,325.2,325.2,318.2,319.1,2635.487
2026-05-28 11:00:00+00:00,319.1,319.1,287.8,301.3,45700.486
2026-05-28 12:00:00+00:00,301.3,304.1,299.4,300.3,3928.905
2026-05-28 13:00:00+00:00,300.4,301.1,296.6,297.4,7064.426
2026-05-28 14:00:00+00:00,297.5,300.3,293.1,296.4,5150.023
2026-05-28 15:00:00+00:00,296.5,297.8,293.4,296.1,2692.244
2026-05-28 16:00:00+00:00,296.1,301.0,296.1,300.3,2368.714
2026-05-28 17:00:00+00:00,300.3,304.5,299.7,303.5,1950.473
2026-05-28 18:00:00+00:00,303.4,305.9,302.7,303.7,2279.233
2026-05-28 19:00:00+00:00,303.7,303.9,300.0,300.4,1323.067
2026-05-28 20:00:00+00:00,300.5,303.5,299.6,302.3,768.965
2026-05-28 21:00:00+00:00,302.4,303.5,301.0,302.0,2041.351
2026-05-28 22:00:00+00:00,301.9,302.9,296.1,297.6,4180.02
2026-05-28 23:00:00+00:00,297.6,300.5,297.4,300.3,1703.821
2026-05-29 00:00:00+00:00,300.2,303.5,300.1,303.0,1684.528
2026-05-29 01:00:00+00:00,303.0,303.4,300.3,300.6,903.776
2026-05-29 02:00:00+00:00,300.5,302.1,299.7,300.6,1679.019
2026-05-29 03:00:00+00:00,300.6,303.4,300.6,303.1,639.139
2026-05-29 04:00:00+00:00,303.0,305.7,301.1,305.5,1411.279
2026-05-29 05:00:00+00:00,305.5,306.1,303.4,305.2,1039.332
2026-05-29 06:00:00+00:00,305.1,308.4,304.8,307.9,1028.457
2026-05-29 07:00:00+00:00,308.0,309.4,305.3,306.0,4116.866
2026-05-29 08:00:00+00:00,306.0,312.4,301.0,301.5,43777.084
2026-05-29 09:00:00+00:00,301.6,304.7,300.6,302.1,4432.069
2026-05-29 10:00:00+00:00,302.0,303.1,299.4,300.9,3378.001
2026-05-29 11:00:00+00:00,301.0,301.3,298.1,299.1,2343.736
2026-05-29 12:00:00+00:00,299.1,300.4,297.9,299.4,1944.988
2026-05-29 13:00:00+00:00,299.4,299.9,296.7,299.2,1336.168
2026-05-29 14:00:00+00:00,299.2,300.9,296.6,299.5,2001.408
2026-05-29 15:00:00+00:00,299.6,309.5,299.2,305.9,5037.304
2026-05-29 16:00:00+00:00,305.9,307.1,302.8,306.9,2610.164
2026-05-29 17:00:00+00:00,306.8,307.9,305.2,305.8,1894.102
2026-05-29 18:00:00+00:00,305.8,307.1,303.7,304.4,703.416
2026-05-29 19:00:00+00:00,304.5,304.8,302.5,304.3,529.115
2026-05-29 20:00:00+00:00,304.3,305.8,304.1,305.5,458.73
2026-05-29 21:00:00+00:00,305.5,305.8,301.8,301.9,1013.451
2026-05-29 22:00:00+00:00,301.9,303.0,300.4,302.4,2414.131
2026-05-29 23:00:00+00:00,302.4,302.8,301.8,302.3,602.127
2026-05-30 00:00:00+00:00,302.3,304.3,302.3,303.4,1189.253
2026-05-30 01:00:00+00:00,303.4,305.2,302.9,304.8,2531.902
2026-05-30 02:00:00+00:00,304.9,306.2,304.8,305.7,501.343
2026-05-30 03:00:00+00:00,305.6,306.1,302.8,303.2,801.495
2026-05-30 04:00:00+00:00,303.1,303.4,296.8,299.5,4151.742
2026-05-30 05:00:00+00:00,299.5,302.0,298.8,301.5,729.058
2026-05-30 06:00:00+00:00,301.5,304.0,301.5,303.6,1506.272
2026-05-30 07:00:00+00:00,303.7,304.0,301.0,302.1,1368.497
2026-05-30 08:00:00+00:00,302.2,302.8,301.2,302.1,449.065
2026-05-30 09:00:00+00:00,302.2,304.6,302.0,303.0,527.593
2026-05-30 10:00:00+00:00,303.1,303.6,302.4,303.1,415.964
2026-05-30 11:00:00+00:00,303.0,303.9,302.7,303.6,218.606
2026-05-30 12:00:00+00:00,303.6,304.6,303.1,303.6,325.906
2026-05-30 13:00:00+00:00,303.7,304.7,303.5,304.7,429.696
2026-05-30 14:00:00+00:00,304.7,307.6,304.5,306.7,1626.398
2026-05-30 15:00:00+00:00,306.8,307.5,305.6,306.2,698.675
2026-05-30 16:00:00+00:00,306.3,308.1,306.0,307.0,512.855
2026-05-30 17:00:00+00:00,306.9,307.1,305.7,306.4,302.554
2026-05-30 18:00:00+00:00,306.5,307.4,306.0,307.0,270.035
2026-05-30 19:00:00+00:00,306.9,307.0,305.6,306.3,292.034
2026-05-30 20:00:00+00:00,306.3,306.9,305.8,306.8,176.584
2026-05-30 21:00:00+00:00,306.8,306.8,305.4,305.8,258.667
2026-05-30 22:00:00+00:00,305.7,305.7,302.0,302.6,618.796
2026-05-30 23:00:00+00:00,302.6,303.9,302.5,303.7,580.935
2026-05-31 00:00:00+00:00,303.7,304.5,303.1,304.2,415.092
2026-05-31 01:00:00+00:00,304.1,304.9,303.0,303.3,826.348
2026-05-31 02:00:00+00:00,303.2,304.1,302.2,303.5,1134.38
2026-05-31 03:00:00+00:00,303.5,304.6,303.4,304.1,1409.216
2026-05-31 04:00:00+00:00,304.1,304.7,303.4,304.3,242.437
2026-05-31 05:00:00+00:00,304.2,304.7,303.5,304.3,450.305
2026-05-31 06:00:00+00:00,304.4,306.4,303.8,305.4,793.492
2026-05-31 07:00:00+00:00,305.4,306.1,304.1,305.9,2021.211
2026-05-31 08:00:00+00:00,305.9,307.4,305.5,306.3,1417.795
2026-05-31 09:00:00+00:00,306.3,307.7,305.6,306.5,1679.701
2026-05-31 10:00:00+00:00,306.4,307.9,305.5,307.2,2507.008
2026-05-31 11:00:00+00:00,307.2,308.2,303.5,303.5,6985.665
2026-05-31 12:00:00+00:00,303.6,304.9,301.7,304.2,9649.108
2026-05-31 13:00:00+00:00,304.2,304.7,302.6,303.0,730.419
2026-05-31 14:00:00+00:00,303.0,303.0,298.7,299.3,2578.422
2026-05-31 15:00:00+00:00,299.2,300.6,298.7,299.4,1134.714
2026-05-31 16:00:00+00:00,299.5,300.0,297.6,298.3,978.553
2026-05-31 17:00:00+00:00,298.2,299.4,297.5,299.2,622.051
2026-05-31 18:00:00+00:00,299.2,299.9,298.0,299.8,282.033
2026-05-31 19:00:00+00:00,299.7,301.2,299.0,301.0,788.752
2026-05-31 20:00:00+00:00,301.0,302.1,300.0,300.7,822.968
2026-05-31 21:00:00+00:00,300.7,302.6,300.3,302.6,415.565
2026-05-31 22:00:00+00:00,302.5,303.6,301.7,303.0,594.427
2026-05-31 23:00:00+00:00,303.0,304.2,301.1,302.9,504.669
2026-06-01 00:00:00+00:00,302.8,304.8,302.7,304.0,1100.764
2026-06-01 01:00:00+00:00,304.2,304.3,297.6,297.8,2956.814
2026-06-01 02:00:00+00:00,297.7,302.4,296.9,301.9,859.654
2026-06-01 03:00:00+00:00,301.9,302.8,300.3,301.0,1710.868
2026-06-01 04:00:00+00:00,300.8,302.0,297.7,299.9,923.86
2026-06-01 05:00:00+00:00,299.8,300.0,298.3,298.6,747.111
2026-06-01 06:00:00+00:00,298.6,298.8,291.9,293.4,5454.376
2026-06-01 07:00:00+00:00,293.3,294.4,287.2,289.1,4512.81
2026-06-01 08:00:00+00:00,289.2,289.6,286.4,288.3,3907.342
2026-06-01 09:00:00+00:00,288.3,290.2,288.0,289.0,1782.219
2026-06-01 10:00:00+00:00,289.1,289.5,283.5,284.5,3686.113
2026-06-01 11:00:00+00:00,284.5,285.1,278.1,280.5,4315.668
2026-06-01 12:00:00+00:00,280.6,284.7,280.6,283.8,1676.179
2026-06-01 13:00:00+00:00,283.9,285.8,282.3,285.1,1599.566
2026-06-01 14:00:00+00:00,285.1,286.0,282.3,283.0,826.795
2026-06-01 15:00:00+00:00,283.1,287.7,283.0,286.9,1778.571
2026-06-01 16:00:00+00:00,286.9,289.1,285.4,288.4,1183.734
2026-06-01 17:00:00+00:00,288.3,293.2,287.8,291.0,2201.04
2026-06-01 18:00:00+00:00,291.0,291.6,289.1,291.6,377.991
2026-06-01 19:00:00+00:00,291.7,291.9,290.1,291.9,317.039
2026-06-01 20:00:00+00:00,291.9,293.9,290.1,293.6,814.437
2026-06-01 21:00:00+00:00,293.6,293.6,289.6,290.0,417.223
2026-06-01 22:00:00+00:00,290.0,291.6,288.7,291.6,633.834
2026-06-01 23:00:00+00:00,291.6,294.0,290.0,293.8,906.25
2026-06-02 00:00:00+00:00,293.9,294.1,290.8,291.0,645.995
2026-06-02 01:00:00+00:00,291.1,291.6,288.3,288.4,762.939
2026-06-02 02:00:00+00:00,288.4,292.2,286.3,292.1,1841.183
2026-06-02 03:00:00+00:00,292.2,293.3,290.7,291.8,2206.42
2026-06-02 04:00:00+00:00,291.8,291.9,288.6,288.9,492.274
2026-06-02 05:00:00+00:00,289.0,289.9,287.8,287.9,552.565
2026-06-02 06:00:00+00:00,287.9,288.6,285.1,285.7,962.728
2026-06-02 07:00:00+00:00,285.8,288.9,284.4,287.2,591.138
2026-06-02 08:00:00+00:00,287.2,287.8,285.3,285.6,780.297
2026-06-02 09:00:00+00:00,285.6,286.4,282.3,282.9,1345.184
2026-06-02 10:00:00+00:00,282.9,285.4,282.0,285.2,1162.129
2026-06-02 11:00:00+00:00,285.1,285.9,283.1,283.4,885.196
2026-06-02 12:00:00+00:00,283.5,285.4,282.2,284.8,857.374
2026-06-02 13:00:00+00:00,284.8,288.1,284.6,285.7,1289.055
2026-06-02 14:00:00+00:00,285.8,286.7,280.3,284.3,2618.445
2026-06-02 15:00:00+00:00,284.3,284.5,279.5,281.6,2999.141
2026-06-02 16:00:00+00:00,281.5,287.2,280.7,283.1,1302.603
2026-06-02 17:00:00+00:00,283.0,286.9,283.0,284.7,710.319
2026-06-02 18:00:00+00:00,284.6,285.7,278.7,280.7,979.319
2026-06-02 19:00:00+00:00,280.7,282.9,276.4,281.4,4158.359
2026-06-02 20:00:00+00:00,281.4,283.4,279.2,282.8,723.003
2026-06-02 21:00:00+00:00,282.7,284.7,281.4,282.1,1277.77
2026-06-02 22:00:00+00:00,282.1,282.3,269.6,272.6,5292.267
2026-06-02 23:00:00+00:00,272.7,272.9,265.1,268.7,13779.626
2026-06-03 00:00:00+00:00,268.7,271.6,268.2,270.0,1759.953
2026-06-03 01:00:00+00:00,270.0,270.2,256.0,262.7,11120.081
2026-06-03 02:00:00+00:00,262.7,263.1,260.3,262.7,2279.779
2026-06-03 03:00:00+00:00,262.7,263.9,241.9,247.3,46772.406
2026-06-03 04:00:00+00:00,247.4,248.6,243.8,248.3,7862.798
2026-06-03 05:00:00+00:00,248.2,255.2,247.6,254.1,31990.584
2026-06-03 06:00:00+00:00,254.1,254.9,251.6,252.1,11890.293
2026-06-03 07:00:00+00:00,252.1,255.9,250.5,251.7,29007.349
2026-06-03 08:00:00+00:00,251.7,252.4,249.9,251.0,5639.657
2026-06-03 09:00:00+00:00,251.0,251.5,247.3,248.3,66072.909
2026-06-03 10:00:00+00:00,248.3,253.2,248.0,253.1,8887.192
2026-06-03 11:00:00+00:00,253.1,254.5,248.9,249.1,4157.785
2026-06-03 12:00:00+00:00,249.1,250.6,247.9,249.7,3723.454
2026-06-03 13:00:00+00:00,249.7,251.0,247.3,248.5,4649.705
2026-06-03 14:00:00+00:00,248.5,248.9,242.8,243.4,13785.581
2026-06-03 15:00:00+00:00,243.4,247.8,243.3,247.0,5530.241
2026-06-03 16:00:00+00:00,247.1,249.1,242.5,248.9,5393.239
2026-06-03 17:00:00+00:00,248.9,249.7,245.2,249.2,5160.093
2026-06-03 18:00:00+00:00,249.2,252.0,246.4,251.3,3639.246
2026-06-03 19:00:00+00:00,251.4,252.1,241.8,243.6,8179.445
2026-06-03 20:00:00+00:00,243.6,244.8,240.0,242.1,6254.406
2026-06-03 21:00:00+00:00,242.1,247.5,241.3,247.4,31045.135
2026-06-03 22:00:00+00:00,247.3,248.1,240.9,242.3,4994.098
2026-06-03 23:00:00+00:00,242.3,243.6,239.5,243.3,6029.701
2026-06-04 00:00:00+00:00,243.3,245.1,237.8,241.0,4949.125
2026-06-04 01:00:00+00:00,241.1,241.6,231.8,234.5,14757.45
2026-06-04 02:00:00+00:00,234.5,243.4,230.2,242.6,12277.321
2026-06-04 03:00:00+00:00,242.6,249.7,242.3,246.6,4125.191
2026-06-04 04:00:00+00:00,246.7,248.6,244.0,244.2,3165.32
2026-06-04 05:00:00+00:00,244.2,245.0,241.6,242.6,3673.916
2026-06-04 06:00:00+00:00,242.6,245.9,242.4,242.8,2117.393
2026-06-04 07:00:00+00:00,242.9,245.1,242.3,243.9,3187.552
2026-06-04 08:00:00+00:00,244.0,247.4,241.5,246.3,3802.502
2026-06-04 09:00:00+00:00,246.3,246.3,238.8,243.4,6215.165
2026-06-04 10:00:00+00:00,243.4,244.9,239.7,239.9,4334.055
2026-06-04 11:00:00+00:00,239.9,245.4,239.6,245.2,3581.212
2026-06-04 12:00:00+00:00,245.3,252.0,244.2,249.9,2483.209
2026-06-04 13:00:00+00:00,250.0,250.8,246.7,250.6,3293.95
2026-06-04 14:00:00+00:00,250.7,251.2,245.9,247.3,3264.789
2026-06-04 15:00:00+00:00,247.3,248.6,244.6,246.3,2146.33
2026-06-04 16:00:00+00:00,246.2,247.6,244.4,247.1,873.692
2026-06-04 17:00:00+00:00,247.1,247.7,245.0,246.9,1710.733
2026-06-04 18:00:00+00:00,247.0,251.3,245.9,250.6,2038.036
2026-06-04 19:00:00+00:00,250.7,252.1,249.3,250.2,2480.147
2026-06-04 20:00:00+00:00,250.2,250.3,246.9,247.7,939.583
2026-06-04 21:00:00+00:00,247.6,248.9,241.8,243.3,2832.187
2026-06-04 22:00:00+00:00,243.2,245.7,241.6,245.4,1136.207
2026-06-04 23:00:00+00:00,245.3,246.1,242.7,245.6,1022.241
2026-06-05 00:00:00+00:00,245.5,246.1,242.8,243.0,1296.4
2026-06-05 01:00:00+00:00,243.0,245.4,241.6,244.8,1426.433
2026-06-05 02:00:00+00:00,244.8,245.0,240.7,240.8,2803.932
2026-06-05 03:00:00+00:00,240.8,242.7,239.0,239.5,2832.096
2026-06-05 04:00:00+00:00,239.6,241.9,238.7,241.3,1619.37
2026-06-05 05:00:00+00:00,241.4,241.6,233.7,234.1,2300.956
2026-06-05 06:00:00+00:00,234.2,234.3,218.3,224.0,18917.461
2026-06-05 07:00:00+00:00,224.0,226.0,220.0,225.7,4838.833
2026-06-05 08:00:00+00:00,225.7,225.9,221.7,223.2,2325.421
2026-06-05 09:00:00+00:00,223.2,229.1,223.0,229.1,3857.681
2026-06-05 10:00:00+00:00,229.1,232.5,226.9,226.9,2159.295
2026-06-05 11:00:00+00:00,226.9,227.1,222.7,223.0,2554.245
2026-06-05 12:00:00+00:00,222.9,224.1,218.8,220.8,3797.947
2026-06-05 13:00:00+00:00,220.8,224.9,214.1,216.2,6257.378
2026-06-05 14:00:00+00:00,216.1,221.3,215.8,218.5,4672.325
2026-06-05 15:00:00+00:00,218.5,219.0,213.5,214.4,4755.948
2026-06-05 16:00:00+00:00,214.3,221.3,211.2,220.6,7825.855
2026-06-05 17:00:00+00:00,220.5,221.3,217.2,218.1,1783.199
2026-06-05 18:00:00+00:00,218.2,218.9,211.7,212.6,2415.924
2026-06-05 19:00:00+00:00,212.6,217.6,209.4,216.3,3416.204
2026-06-05 20:00:00+00:00,216.3,220.5,214.2,220.2,2311.899
2026-06-05 21:00:00+00:00,220.1,221.8,219.9,220.4,1183.391
2026-06-05 22:00:00+00:00,220.4,220.5,214.3,215.3,4162.642
2026-06-05 23:00:00+00:00,215.3,215.9,207.9,210.0,6744.522
2026-06-06 00:00:00+00:00,209.9,215.0,209.8,214.6,3748.194
2026-06-06 01:00:00+00:00,214.7,215.9,211.9,212.8,1580.237
2026-06-06 02:00:00+00:00,212.8,214.6,212.1,212.7,1321.18
2026-06-06 03:00:00+00:00,212.6,213.0,209.8,211.4,1825.139
2026-06-06 04:00:00+00:00,211.4,212.0,202.0,203.5,11150.228
2026-06-06 05:00:00+00:00,203.6,211.8,202.0,211.5,4161.696
2026-06-06 06:00:00+00:00,211.4,221.5,210.3,221.1,15002.647
2026-06-06 07:00:00+00:00,221.1,225.9,219.7,222.1,8387.902
2026-06-06 08:00:00+00:00,222.2,227.2,220.8,223.7,2966.656
2026-06-06 09:00:00+00:00,223.8,225.2,222.0,223.0,1695.147
2026-06-06 10:00:00+00:00,223.0,223.1,217.1,218.8,4531.006
2026-06-06 11:00:00+00:00,218.7,220.1,216.6,219.7,1988.884
2026-06-06 12:00:00+00:00,219.7,220.7,215.4,217.6,1761.365
2026-06-06 13:00:00+00:00,217.6,219.6,216.4,218.9,948.319
2026-06-06 14:00:00+00:00,218.9,219.9,217.7,219.4,2092.921
2026-06-06 15:00:00+00:00,219.4,220.1,215.9,217.4,1068.47
2026-06-06 16:00:00+00:00,217.3,218.0,213.4,215.5,2250.087
2026-06-06 17:00:00+00:00,215.6,216.1,213.6,214.2,1280.257
2026-06-06 18:00:00+00:00,214.2,215.5,213.0,214.1,921.443
2026-06-06 19:00:00+00:00,214.1,215.4,213.9,214.1,385.194
2026-06-06 20:00:00+00:00,214.2,214.9,213.2,214.6,497.427
2026-06-06 21:00:00+00:00,214.7,217.5,214.5,216.2,626.215
2026-06-06 22:00:00+00:00,216.2,217.1,214.6,216.2,585.365
2026-06-06 23:00:00+00:00,216.2,218.2,216.1,217.4,869.474
2026-06-07 00:00:00+00:00,217.4,218.4,215.7,216.5,1402.019
2026-06-07 01:00:00+00:00,216.4,220.9,216.2,220.8,2345.652
2026-06-07 02:00:00+00:00,220.8,220.9,217.2,219.1,1507.286
2026-06-07 03:00:00+00:00,219.1,221.7,218.4,221.7,958.371
2026-06-07 04:00:00+00:00,221.7,225.5,220.7,224.0,2017.037
2026-06-07 05:00:00+00:00,224.0,226.1,222.8,225.6,1654.793
2026-06-07 06:00:00+00:00,225.7,226.6,224.6,225.6,2234.977
2026-06-07 07:00:00+00:00,225.6,226.3,222.8,223.6,1780.628
2026-06-07 08:00:00+00:00,223.6,226.7,221.7,226.2,2036.55
2026-06-07 09:00:00+00:00,226.2,229.7,226.1,226.6,2987.229
2026-06-07 10:00:00+00:00,226.6,226.6,224.6,224.7,772.046
2026-06-07 11:00:00+00:00,224.8,225.2,223.8,224.1,546.408
2026-06-07 12:00:00+00:00,224.0,224.1,220.5,222.7,1640.735
2026-06-07 13:00:00+00:00,222.8,224.2,222.1,223.5,1167.298
2026-06-07 14:00:00+00:00,223.5,226.3,223.4,225.9,1280.817
2026-06-07 15:00:00+00:00,225.8,225.8,222.9,224.1,1347.262
2026-06-07 16:00:00+00:00,224.2,225.4,223.5,224.2,877.34
2026-06-07 17:00:00+00:00,224.1,225.7,223.8,224.6,475.924
2026-06-07 18:00:00+00:00,224.6,225.7,224.0,224.2,688.31
2026-06-07 19:00:00+00:00,224.2,224.2,218.5,219.6,2654.485
2026-06-07 20:00:00+00:00,219.5,223.0,219.1,222.4,581.014
2026-06-07 21:00:00+00:00,222.3,223.7,221.8,223.3,862.748
2026-06-07 22:00:00+00:00,223.4,234.6,223.1,229.9,8046.327
2026-06-07 23:00:00+00:00,229.9,230.9,227.1,230.3,3658.041
2026-06-08 00:00:00+00:00,230.3,231.6,229.1,230.2,1458.065
2026-06-08 01:00:00+00:00,230.3,230.6,220.1,222.3,9255.778
2026-06-08 02:00:00+00:00,222.4,224.1,220.2,221.1,4949.079
2026-06-08 03:00:00+00:00,221.1,222.7,220.0,221.3,3385.121
2026-06-08 04:00:00+00:00,221.4,223.1,219.4,220.5,3599.842
2026-06-08 05:00:00+00:00,220.5,222.3,220.2,222.0,1020.07
2026-06-08 06:00:00+00:00,222.0,224.0,222.0,222.4,1156.932
2026-06-08 07:00:00+00:00,222.4,222.7,215.3,217.1,66105.471
2026-06-08 08:00:00+00:00,217.1,217.1,199.1,201.7,156265.732
2026-06-08 09:00:00+00:00,201.8,208.4,201.0,207.1,10555.881
2026-06-08 10:00:00+00:00,207.0,207.7,204.1,204.1,9981.365
2026-06-08 11:00:00+00:00,204.1,208.4,203.5,207.5,9614.79
2026-06-08 12:00:00+00:00,207.4,208.3,204.4,207.8,6442.479
2026-06-08 13:00:00+00:00,207.9,208.3,205.9,207.3,9957.648
2026-06-08 14:00:00+00:00,207.3,208.3,205.9,208.2,6579.572
2026-06-08 15:00:00+00:00,208.2,213.9,208.1,210.2,12584.167
2026-06-08 16:00:00+00:00,210.2,212.8,208.8,210.2,6370.523
2026-06-08 17:00:00+00:00,210.2,210.3,206.4,208.9,6450.031
2026-06-08 18:00:00+00:00,208.9,210.2,207.8,209.7,1657.843
2026-06-08 19:00:00+00:00,209.7,211.3,209.2,210.9,4376.354
2026-06-08 20:00:00+00:00,210.9,212.9,209.2,212.2,3479.881
2026-06-08 21:00:00+00:00,212.3,214.3,211.1,211.3,4144.031
2026-06-08 22:00:00+00:00,211.2,211.6,209.3,209.7,3252.429
2026-06-08 23:00:00+00:00,209.7,211.2,208.7,209.4,2916.403
2026-06-09 00:00:00+00:00,209.4,209.6,204.0,204.3,6311.452
2026-06-09 01:00:00+00:00,204.2,206.6,203.9,206.4,3957.244
2026-06-09 02:00:00+00:00,206.4,207.0,204.1,206.3,3163.673
2026-06-09 03:00:00+00:00,206.3,208.0,205.7,207.7,2323.171
2026-06-09 04:00:00+00:00,207.6,209.0,205.0,207.9,2902.224
2026-06-09 05:00:00+00:00,207.8,209.1,207.0,207.8,1431.228
2026-06-09 06:00:00+00:00,207.9,209.1,207.0,209.0,2468.337
2026-06-09 07:00:00+00:00,209.1,211.0,207.8,210.2,3792.848
2026-06-09 08:00:00+00:00,210.2,210.7,208.3,208.4,2801.14
2026-06-09 09:00:00+00:00,208.4,208.8,206.2,206.7,2024.966
2026-06-09 10:00:00+00:00,206.7,207.5,206.0,207.3,1806.423
2026-06-09 11:00:00+00:00,207.3,208.0,204.7,207.0,1986.535
2026-06-09 12:00:00+00:00,207.0,207.7,205.5,206.3,1473.654
2026-06-09 13:00:00+00:00,206.3,206.9,204.4,205.9,2380.182
2026-06-09 14:00:00+00:00,206.0,206.5,201.8,203.5,4421.891
2026-06-09 15:00:00+00:00,203.5,204.4,201.6,202.2,1905.488
2026-06-09 16:00:00+00:00,202.1,204.1,201.0,202.6,2909.328
2026-06-09 17:00:00+00:00,202.6,205.9,202.5,203.0,6979.215
2026-06-09 18:00:00+00:00,203.1,204.6,202.4,204.1,2208.81
2026-06-09 19:00:00+00:00,204.0,205.3,203.5,205.2,1392.531
2026-06-09 20:00:00+00:00,205.1,206.1,204.7,206.0,604.149
2026-06-09 21:00:00+00:00,206.0,206.1,202.6,203.1,1068.795
2026-06-09 22:00:00+00:00,203.1,203.9,202.1,203.0,834.181
2026-06-09 23:00:00+00:00,203.0,204.2,202.3,203.4,876.174
2026-06-10 00:00:00+00:00,203.4,204.5,200.4,203.5,3869.185
2026-06-10 01:00:00+00:00,203.5,203.6,200.7,201.5,1496.977
2026-06-10 02:00:00+00:00,201.6,202.0,200.0,201.0,2010.716
2026-06-10 03:00:00+00:00,201.0,203.2,201.0,202.1,995.732
2026-06-10 04:00:00+00:00,202.1,202.2,199.5,200.0,1326.708
2026-06-10 05:00:00+00:00,200.1,200.4,196.6,199.9,4724.118
2026-06-10 06:00:00+00:00,199.9,200.9,198.8,200.6,1296.054
2026-06-10 07:00:00+00:00,200.5,201.4,199.1,199.4,1597.57
2026-06-10 08:00:00+00:00,199.4,199.6,196.2,196.5,2763.521
2026-06-10 09:00:00+00:00,196.6,197.8,194.4,197.6,5270.106
2026-06-10 10:00:00+00:00,197.5,198.4,193.3,195.9,4003.919
2026-06-10 11:00:00+00:00,195.9,196.2,193.8,194.0,2543.721
2026-06-10 12:00:00+00:00,194.0,198.5,193.5,197.3,3531.361
2026-06-10 13:00:00+00:00,197.3,201.2,197.2,200.1,3283.387
2026-06-10 14:00:00+00:00,200.1,201.3,199.2,200.7,2383.23
2026-06-10 15:00:00+00:00,200.8,202.5,199.7,202.0,2190.291
2026-06-10 16:00:00+00:00,202.1,202.1,198.4,199.9,2452.206
2026-06-10 17:00:00+00:00,199.9,200.9,196.6,198.4,1974.558
2026-06-10 18:00:00+00:00,198.4,199.1,197.5,199.0,1341.829
2026-06-10 19:00:00+00:00,198.9,199.2,195.3,195.5,1710.818
2026-06-10 20:00:00+00:00,195.5,196.7,194.7,195.8,1309.347
2026-06-10 21:00:00+00:00,195.7,196.0,191.9,192.4,2985.189
2026-06-10 22:00:00+00:00,192.3,194.1,191.7,192.9,2114.611
2026-06-10 23:00:00+00:00,192.8,195.5,192.6,194.5,1314.506
2026-06-11 00:00:00+00:00,194.4,197.7,192.6,197.3,5243.745
2026-06-11 01:00:00+00:00,197.3,198.9,197.3,198.4,2436.652
2026-06-11 02:00:00+00:00,198.4,198.8,195.6,197.0,3744.535
2026-06-11 03:00:00+00:00,197.1,202.7,196.0,201.2,3738.214
2026-06-11 04:00:00+00:00,201.3,201.6,199.9,200.9,2186.57
2026-06-11 05:00:00+00:00,200.9,201.4,199.7,200.3,1862.24
2026-06-11 06:00:00+00:00,200.3,201.1,199.8,199.9,935.961
2026-06-11 07:00:00+00:00,199.9,202.7,199.5,200.6,7360.418
2026-06-11 08:00:00+00:00,200.7,202.6,199.7,201.4,10944.333
2026-06-11 09:00:00+00:00,201.4,201.7,200.0,200.7,1301.316
2026-06-11 10:00:00+00:00,200.7,200.9,199.8,200.9,1100.979
2026-06-11 11:00:00+00:00,200.8,202.0,200.2,201.8,1749.756
2026-06-11 12:00:00+00:00,201.7,201.7,198.8,200.5,3277.701
2026-06-11 13:00:00+00:00,200.5,201.8,200.0,200.8,1692.636
2026-06-11 14:00:00+00:00,200.9,201.2,199.3,199.7,2069.3
2026-06-11 15:00:00+00:00,199.7,200.5,198.5,199.6,1193.598
2026-06-11 16:00:00+00:00,199.6,202.7,199.0,199.9,3026.837
2026-06-11 17:00:00+00:00,199.8,204.8,199.6,204.7,5495.296
2026-06-11 18:00:00+00:00,204.8,205.5,203.2,205.0,3686.509
2026-06-11 19:00:00+00:00,205.0,206.0,202.6,204.8,2768.342
2026-06-11 20:00:00+00:00,204.9,205.0,202.6,203.2,774.12
2026-06-11 21:00:00+00:00,203.3,206.3,203.3,204.9,1790.468
2026-06-11 22:00:00+00:00,204.9,209.8,204.6,206.7,6137.906
2026-06-11 23:00:00+00:00,206.7,206.8,205.0,205.3,1052.705
2026-06-12 00:00:00+00:00,205.3,206.3,204.8,205.0,1987.959
2026-06-12 01:00:00+00:00,204.9,205.3,203.7,204.5,900.793
2026-06-12 02:00:00+00:00,204.4,205.7,204.0,205.1,753.936
2026-06-12 03:00:00+00:00,205.1,205.2,204.3,205.1,555.76
2026-06-12 04:00:00+00:00,205.2,206.9,204.9,205.6,1402.771
2026-06-12 05:00:00+00:00,205.5,205.5,203.6,203.9,636.27
2026-06-12 06:00:00+00:00,203.9,204.4,201.7,201.8,1467.222
2026-06-12 07:00:00+00:00,201.9,203.0,201.6,202.7,810.398
2026-06-12 08:00:00+00:00,202.8,204.6,202.8,204.1,462.243
2026-06-12 09:00:00+00:00,204.0,205.8,203.8,204.9,1411.033
2026-06-12 10:00:00+00:00,204.9,205.6,203.9,204.1,684.897
2026-06-12 11:00:00+00:00,204.2,205.2,204.1,204.7,1585.589
2026-06-12 12:00:00+00:00,204.6,206.0,204.2,204.6,2275.409
2026-06-12 13:00:00+00:00,204.7,205.5,202.0,202.9,1383.68
2026-06-12 14:00:00+00:00,203.0,207.0,202.8,206.8,2087.719
2026-06-12 15:00:00+00:00,206.8,209.1,204.7,205.1,4446.946
2026-06-12 16:00:00+00:00,205.2,206.5,204.1,205.8,6616.063
2026-06-12 17:00:00+00:00,205.8,206.5,204.4,204.5,1317.342
2026-06-12 18:00:00+00:00,204.5,205.0,203.5,203.6,2169.451
2026-06-12 19:00:00+00:00,203.6,205.1,203.5,204.1,1188.04
2026-06-12 20:00:00+00:00,204.2,205.1,203.9,204.6,641.914
2026-06-12 21:00:00+00:00,204.6,205.5,203.6,204.0,1098.868
2026-06-12 22:00:00+00:00,204.0,204.7,202.4,202.5,1243.322
2026-06-12 23:00:00+00:00,202.5,202.5,201.0,202.2,1328.55
2026-06-13 00:00:00+00:00,202.2,202.8,201.8,202.5,673.691
2026-06-13 01:00:00+00:00,202.5,204.2,202.5,204.0,843.736
2026-06-13 02:00:00+00:00,204.1,204.2,202.5,202.8,798.076
2026-06-13 03:00:00+00:00,202.8,203.2,201.9,203.1,693.837
2026-06-13 04:00:00+00:00,203.1,204.5,202.5,203.8,703.928
2026-06-13 05:00:00+00:00,203.8,204.2,200.9,203.1,2708.922
2026-06-13 06:00:00+00:00,203.2,205.4,202.6,205.3,1616.359
2026-06-13 07:00:00+00:00,205.3,208.8,204.4,207.7,4055.968
2026-06-13 08:00:00+00:00,207.7,207.7,206.3,206.5,906.934
2026-06-13 09:00:00+00:00,206.5,208.2,206.4,207.0,1345.334
2026-06-13 10:00:00+00:00,207.1,208.6,207.1,207.4,2286.411
2026-06-13 11:00:00+00:00,207.4,208.5,207.2,207.9,992.297
2026-06-13 12:00:00+00:00,207.9,209.0,207.7,208.2,1308.945
2026-06-13 13:00:00+00:00,208.2,209.3,208.0,208.8,1663.606
2026-06-13 14:00:00+00:00,208.9,209.7,207.8,208.7,2234.045
2026-06-13 15:00:00+00:00,208.8,209.4,208.1,208.7,1153.922
2026-06-13 16:00:00+00:00,208.8,208.8,206.4,207.1,1477.228
2026-06-13 17:00:00+00:00,207.1,207.8,205.9,206.3,865.389
2026-06-13 18:00:00+00:00,206.2,207.9,206.2,206.9,760.717
2026-06-13 19:00:00+00:00,206.9,208.0,206.8,207.5,506.632
2026-06-13 20:00:00+00:00,207.5,207.8,207.1,207.8,374.627
2026-06-13 21:00:00+00:00,207.8,209.7,207.0,209.0,1028.08
2026-06-13 22:00:00+00:00,209.1,209.4,208.4,208.5,617.376
2026-06-13 23:00:00+00:00,208.4,209.3,208.1,208.7,545.172
2026-06-14 00:00:00+00:00,208.7,209.0,208.0,208.5,736.1
2026-06-14 01:00:00+00:00,208.5,209.5,207.8,208.8,836.13
2026-06-14 02:00:00+00:00,208.8,209.5,208.3,208.5,1451.863
2026-06-14 03:00:00+00:00,208.5,209.1,208.3,208.9,310.309
2026-06-14 04:00:00+00:00,208.9,208.9,206.5,206.6,930.14
2026-06-14 05:00:00+00:00,206.5,206.9,203.0,203.6,2472.944
2026-06-14 06:00:00+00:00,203.6,204.5,202.8,203.2,2764.499
2026-06-14 07:00:00+00:00,203.2,203.8,202.2,203.4,1277.27
2026-06-14 08:00:00+00:00,203.5,204.4,203.3,203.7,877.293
2026-06-14 09:00:00+00:00,203.7,204.7,202.4,204.6,2125.24
2026-06-14 10:00:00+00:00,204.5,204.7,203.5,203.9,796.772
2026-06-14 11:00:00+00:00,203.8,204.7,203.7,204.2,570.379
2026-06-14 12:00:00+00:00,204.2,204.8,202.8,203.1,687.852
2026-06-14 13:00:00+00:00,203.1,203.3,201.5,202.3,1104.072
2026-06-14 14:00:00+00:00,202.4,202.5,199.6,201.1,2681.661
2026-06-14 15:00:00+00:00,201.1,201.7,200.8,201.6,741.014
2026-06-14 16:00:00+00:00,201.6,202.6,201.6,202.1,628.624
2026-06-14 17:00:00+00:00,202.1,202.5,201.1,201.3,446.043
2026-06-14 18:00:00+00:00,201.2,201.4,196.7,198.7,4892.694
2026-06-14 19:00:00+00:00,198.7,199.9,198.2,199.0,1160.563
2026-06-14 20:00:00+00:00,199.1,201.1,198.6,200.7,1222.721
2026-06-14 21:00:00+00:00,200.8,209.1,200.6,208.4,6825.872
2026-06-14 22:00:00+00:00,208.4,210.0,205.9,208.2,5422.504
2026-06-14 23:00:00+00:00,208.3,210.8,207.5,210.7,3058.066
2026-06-15 00:00:00+00:00,210.6,211.9,209.8,211.3,3572.373
2026-06-15 01:00:00+00:00,211.3,211.3,209.5,209.8,1350.35
2026-06-15 02:00:00+00:00,209.8,212.6,209.7,210.9,1146.926
2026-06-15 03:00:00+00:00,210.9,212.2,210.7,211.8,1876.127
2026-06-15 04:00:00+00:00,211.8,211.8,210.1,210.3,948.985
2026-06-15 05:00:00+00:00,210.3,212.3,210.1,211.8,534.814
2026-06-15 06:00:00+00:00,211.7,213.0,211.5,212.5,990.578
2026-06-15 07:00:00+00:00,212.4,214.0,211.8,212.2,2283.171
2026-06-15 08:00:00+00:00,212.3,213.9,212.1,213.4,1765.656
2026-06-15 09:00:00+00:00,213.5,215.2,212.9,215.2,1014.023
2026-06-15 10:00:00+00:00,215.2,224.3,215.1,222.3,7069.328
2026-06-15 11:00:00+00:00,222.4,228.7,221.0,228.4,6709.019
2026-06-15 12:00:00+00:00,228.3,230.3,226.4,227.6,7063.775
2026-06-15 13:00:00+00:00,227.6,230.0,225.8,228.5,6271.632
2026-06-15 14:00:00+00:00,228.5,231.1,227.3,227.5,3843.79
2026-06-15 15:00:00+00:00,227.5,227.7,223.5,227.3,4799.544
2026-06-15 16:00:00+00:00,227.2,227.3,225.7,225.9,1698.699
2026-06-15 17:00:00+00:00,225.8,226.0,224.4,225.6,1221.5
2026-06-15 18:00:00+00:00,225.6,225.7,223.5,223.5,1017.646
2026-06-15 19:00:00+00:00,223.4,224.5,220.6,224.3,2871.296
2026-06-15 20:00:00+00:00,224.3,227.5,224.1,225.4,2437.395
2026-06-15 21:00:00+00:00,225.3,226.7,224.3,226.2,1835.865
2026-06-15 22:00:00+00:00,226.3,228.4,223.2,224.4,2206.337
2026-06-15 23:00:00+00:00,224.5,224.9,223.1,224.6,766.439
2026-06-16 00:00:00+00:00,224.5,225.8,223.9,223.9,1072.463
2026-06-16 01:00:00+00:00,224.0,224.7,223.4,223.8,694.617
2026-06-16 02:00:00+00:00,223.8,225.2,219.6,223.3,3872.012
2026-06-16 03:00:00+00:00,223.3,223.3,221.0,222.8,3283.862
2026-06-16 04:00:00+00:00,222.8,222.9,219.2,220.0,1960.646
2026-06-16 05:00:00+00:00,220.0,221.7,220.0,220.4,801.356
2026-06-16 06:00:00+00:00,220.5,225.5,220.5,224.7,19834.127
2026-06-16 07:00:00+00:00,224.7,225.9,223.8,224.8,2407.338
2026-06-16 08:00:00+00:00,224.7,228.2,224.6,227.7,2781.588
2026-06-16 09:00:00+00:00,227.7,227.7,224.2,224.8,2192.205
2026-06-16 10:00:00+00:00,224.8,225.9,220.2,221.7,5415.982
2026-06-16 11:00:00+00:00,221.6,222.4,217.0,218.2,7813.84
2026-06-16 12:00:00+00:00,218.3,221.9,217.6,221.0,5658.237
2026-06-16 13:00:00+00:00,221.0,221.2,217.2,217.7,4658.564
2026-06-16 14:00:00+00:00,217.8,218.8,213.1,216.0,8590.865
2026-06-16 15:00:00+00:00,216.0,217.2,215.5,216.1,2283.399
2026-06-16 16:00:00+00:00,216.1,216.7,215.6,216.1,841.104
2026-06-16 17:00:00+00:00,216.2,218.3,216.2,218.1,1556.146
2026-06-16 18:00:00+00:00,218.2,219.8,218.0,219.2,1361.121
2026-06-16 19:00:00+00:00,219.2,219.2,217.7,218.4,669.979
2026-06-16 20:00:00+00:00,218.4,220.8,218.1,220.2,1819.658
2026-06-16 21:00:00+00:00,220.3,223.9,220.0,220.7,5028.931
2026-06-16 22:00:00+00:00,220.6,221.8,219.5,220.6,2440.152
2026-06-16 23:00:00+00:00,220.5,220.8,212.5,214.1,11070.223
2026-06-17 00:00:00+00:00,214.0,216.3,213.0,214.8,5173.628
2026-06-17 01:00:00+00:00,214.9,216.6,213.6,216.5,1661.24
2026-06-17 02:00:00+00:00,216.5,217.5,216.2,216.8,2149.267
2026-06-17 03:00:00+00:00,216.8,216.8,212.6,214.3,4994.725
2026-06-17 04:00:00+00:00,214.3,215.7,213.8,215.0,1226.013
2026-06-17 05:00:00+00:00,215.1,215.9,214.4,214.8,947.217
2026-06-17 06:00:00+00:00,214.9,215.3,213.8,214.5,1094.203
2026-06-17 07:00:00+00:00,214.5,215.5,214.1,215.1,1103.207
2026-06-17 08:00:00+00:00,215.1,215.1,213.0,213.3,1058.782
2026-06-17 09:00:00+00:00,213.3,214.9,213.2,214.2,1042.397
2026-06-17 10:00:00+00:00,214.2,214.4,212.8,213.0,1149.69
2026-06-17 11:00:00+00:00,213.0,213.4,211.1,211.9,3029.905
2026-06-17 12:00:00+00:00,211.9,213.8,210.2,213.6,3274.254
2026-06-17 13:00:00+00:00,213.6,213.9,212.2,212.4,1947.367
2026-06-17 14:00:00+00:00,212.3,213.6,211.7,212.5,1695.841
2026-06-17 15:00:00+00:00,212.6,216.3,212.2,216.1,1906.493
2026-06-17 16:00:00+00:00,216.1,218.2,215.5,215.9,1786.049
2026-06-17 17:00:00+00:00,215.9,217.2,215.2,216.8,904.636
2026-06-17 18:00:00+00:00,216.7,217.4,212.0,215.4,3569.587
2026-06-17 19:00:00+00:00,215.4,215.9,208.5,209.3,3701.177
2026-06-17 20:00:00+00:00,209.2,212.3,208.9,212.1,1268.103
2026-06-17 21:00:00+00:00,212.1,212.7,210.4,210.8,783.359
2026-06-17 22:00:00+00:00,210.9,212.5,208.8,211.6,1002.152
2026-06-17 23:00:00+00:00,211.6,213.3,211.6,212.5,912.217
2026-06-18 00:00:00+00:00,212.6,214.0,212.4,213.0,593.953
2026-06-18 01:00:00+00:00,213.0,214.5,212.7,213.3,470.14
2026-06-18 02:00:00+00:00,213.3,215.4,213.3,214.1,1328.171
2026-06-18 03:00:00+00:00,214.1,214.3,211.4,211.6,1054.804
2026-06-18 04:00:00+00:00,211.6,211.8,206.1,207.4,4337.326
2026-06-18 05:00:00+00:00,207.3,207.7,206.3,207.5,1207.518
2026-06-18 06:00:00+00:00,207.5,208.4,206.7,208.2,1065.956
2026-06-18 07:00:00+00:00,208.3,209.9,208.0,209.6,1569.2
2026-06-18 08:00:00+00:00,209.6,210.6,209.2,209.9,1070.219
2026-06-18 09:00:00+00:00,209.9,210.2,208.9,209.5,1106.635
2026-06-18 10:00:00+00:00,209.5,209.5,207.9,208.5,710.45
2026-06-18 11:00:00+00:00,208.6,208.9,206.8,207.2,626.901
2026-06-18 12:00:00+00:00,207.3,207.6,205.0,207.3,4446.231
2026-06-18 13:00:00+00:00,207.3,207.7,204.8,205.7,1910.356
2026-06-18 14:00:00+00:00,205.8,207.0,202.8,203.3,3638.454
2026-06-18 15:00:00+00:00,203.3,204.4,192.8,195.0,21822.161
2026-06-18 16:00:00+00:00,194.9,197.5,194.7,197.2,6667.946
2026-06-18 17:00:00+00:00,197.2,197.2,194.6,196.4,3109.313
2026-06-18 18:00:00+00:00,196.4,197.5,196.1,197.0,1215.941
2026-06-18 19:00:00+00:00,196.9,198.5,196.6,198.2,862.859
2026-06-18 20:00:00+00:00,198.2,200.2,198.2,199.7,2056.955
2026-06-18 21:00:00+00:00,199.6,199.8,198.5,199.1,1332.007
2026-06-18 22:00:00+00:00,199.1,199.2,196.5,198.3,2504.65
2026-06-18 23:00:00+00:00,198.3,200.0,197.9,199.7,1410.799
2026-06-19 00:00:00+00:00,199.7,200.0,198.4,198.9,2030.388
2026-06-19 01:00:00+00:00,199.0,199.2,197.5,198.5,1356.455
2026-06-19 02:00:00+00:00,198.4,199.0,197.4,198.0,1418.576
2026-06-19 03:00:00+00:00,198.0,198.2,193.2,194.8,4717.394
2026-06-19 04:00:00+00:00,194.7,195.8,192.9,193.7,1654.806
2026-06-19 05:00:00+00:00,193.7,195.7,193.7,195.1,1645.868
2026-06-19 06:00:00+00:00,195.1,195.8,194.4,195.2,907.633
2026-06-19 07:00:00+00:00,195.1,195.1,193.3,193.9,2935.043
2026-06-19 08:00:00+00:00,193.9,194.4,193.1,193.8,3005.229
2026-06-19 09:00:00+00:00,193.9,194.0,192.9,193.8,1779.839
2026-06-19 10:00:00+00:00,193.8,195.1,193.5,194.9,920.559
2026-06-19 11:00:00+00:00,194.9,195.4,194.0,195.2,2945.552
2026-06-19 12:00:00+00:00,195.3,196.3,194.0,196.2,1584.637
2026-06-19 13:00:00+00:00,196.2,199.0,195.7,198.0,3071.174
2026-06-19 14:00:00+00:00,197.9,198.5,196.0,197.1,2868.953
2026-06-19 15:00:00+00:00,197.0,197.9,196.1,196.9,1197.079
2026-06-19 16:00:00+00:00,197.0,198.1,196.0,196.2,684.058
2026-06-19 17:00:00+00:00,196.3,198.5,195.8,197.8,1484.592
2026-06-19 18:00:00+00:00,197.8,198.0,196.9,197.7,348.939
2026-06-19 19:00:00+00:00,197.7,197.8,196.6,197.3,322.997
2026-06-19 20:00:00+00:00,197.4,198.1,196.6,198.1,435.238
2026-06-19 21:00:00+00:00,198.2,198.4,196.8,196.9,357.716
2026-06-19 22:00:00+00:00,196.9,198.1,196.4,197.7,1441.011
2026-06-19 23:00:00+00:00,197.7,198.9,197.3,198.6,782.82
2026-06-20 00:00:00+00:00,198.6,199.7,198.0,198.1,1108.322
2026-06-20 01:00:00+00:00,198.2,198.5,197.3,198.3,1050.268
2026-06-20 02:00:00+00:00,198.2,198.3,197.0,197.4,748.962
2026-06-20 03:00:00+00:00,197.4,198.0,197.1,197.6,475.803
2026-06-20 04:00:00+00:00,197.6,198.5,197.2,198.2,502.77
2026-06-20 05:00:00+00:00,198.2,200.6,198.1,199.2,1175.525
2026-06-20 06:00:00+00:00,199.2,200.0,198.9,199.7,935.028
2026-06-20 07:00:00+00:00,199.7,200.9,198.9,199.9,724.295
2026-06-20 08:00:00+00:00,199.9,199.9,198.2,199.0,702.725
2026-06-20 09:00:00+00:00,199.1,199.9,198.9,199.7,360.21
2026-06-20 10:00:00+00:00,199.6,200.0,198.9,199.3,254.248
2026-06-20 11:00:00+00:00,199.3,199.5,197.3,198.5,1225.186
2026-06-20 12:00:00+00:00,198.4,199.1,197.9,198.5,398.82
2026-06-20 13:00:00+00:00,198.4,198.6,196.8,197.4,670.796
2026-06-20 14:00:00+00:00,197.3,199.5,195.6,199.0,3269.869
2026-06-20 15:00:00+00:00,199.0,200.8,198.5,200.1,1388.592
2026-06-20 16:00:00+00:00,200.2,200.3,198.8,199.6,1133.822
2026-06-20 17:00:00+00:00,199.7,199.7,197.8,198.7,817.046
2026-06-20 18:00:00+00:00,198.7,199.1,198.3,198.3,347.449
2026-06-20 19:00:00+00:00,198.4,198.9,198.2,198.6,214.62
2026-06-20 20:00:00+00:00,198.7,198.9,198.1,198.7,184.083
2026-06-20 21:00:00+00:00,198.7,199.3,198.4,199.1,279.016
2026-06-20 22:00:00+00:00,199.1,200.7,198.8,200.2,523.499
2026-06-20 23:00:00+00:00,200.2,200.4,199.5,200.1,702.309
2026-06-21 00:00:00+00:00,200.1,200.2,199.5,200.0,534.927
2026-06-21 01:00:00+00:00,200.0,200.1,199.0,199.4,521.089
2026-06-21 02:00:00+00:00,199.3,199.4,198.2,198.5,288.015
2026-06-21 03:00:00+00:00,198.5,199.9,198.3,199.8,324.791
2026-06-21 04:00:00+00:00,199.8,200.2,198.7,198.8,235.038
2026-06-21 05:00:00+00:00,198.9,199.2,198.3,198.6,757.53
2026-06-21 06:00:00+00:00,198.7,199.6,198.6,199.1,268.29
2026-06-21 07:00:00+00:00,199.1,199.4,198.6,199.0,358.955
2026-06-21 08:00:00+00:00,199.0,199.0,197.0,197.9,647.51
2026-06-21 09:00:00+00:00,198.0,198.6,197.4,198.3,855.837
2026-06-21 10:00:00+00:00,198.3,199.3,198.1,198.1,506.756
2026-06-21 11:00:00+00:00,198.2,198.9,196.9,198.0,908.747
2026-06-21 12:00:00+00:00,198.0,198.7,197.5,198.5,353.154
2026-06-21 13:00:00+00:00,198.6,198.8,198.0,198.6,319.853
2026-06-21 14:00:00+00:00,198.5,198.8,198.1,198.6,167.514
2026-06-21 15:00:00+00:00,198.6,200.1,198.5,199.8,822.606
2026-06-21 16:00:00+00:00,199.7,199.7,198.1,198.6,359.549
2026-06-21 17:00:00+00:00,198.5,199.1,198.4,198.5,117.46
2026-06-21 18:00:00+00:00,198.5,198.9,197.9,198.8,304.545
2026-06-21 19:00:00+00:00,198.8,199.2,198.5,198.7,353.117
2026-06-21 20:00:00+00:00,198.6,198.9,196.7,197.2,297.322
2026-06-21 21:00:00+00:00,197.1,197.2,195.1,196.3,1391.734
2026-06-21 22:00:00+00:00,196.3,197.5,195.3,196.9,1642.179
2026-06-21 23:00:00+00:00,196.9,196.9,194.4,194.9,1056.902
2026-06-22 00:00:00+00:00,195.0,198.3,194.9,198.3,920.806
2026-06-22 01:00:00+00:00,198.3,201.7,197.8,200.6,1546.75
2026-06-22 02:00:00+00:00,200.6,200.7,198.7,199.2,642.063
2026-06-22 03:00:00+00:00,199.2,200.1,197.9,198.6,584.223
2026-06-22 04:00:00+00:00,198.7,199.5,198.1,199.5,467.429
2026-06-22 05:00:00+00:00,199.5,200.5,199.1,199.4,726.528
2026-06-22 06:00:00+00:00,199.5,200.1,199.0,199.2,497.269
2026-06-22 07:00:00+00:00,199.2,200.5,199.1,199.4,558.009
2026-06-22 08:00:00+00:00,199.4,200.5,199.1,199.8,370.55
2026-06-22 09:00:00+00:00,199.9,200.2,199.1,199.3,1070.282
2026-06-22 10:00:00+00:00,199.3,200.2,198.9,199.2,422.124
2026-06-22 11:00:00+00:00,199.3,201.8,199.2,201.1,875.719
2026-06-22 12:00:00+00:00,201.2,204.0,201.2,202.3,2435.768
2026-06-22 13:00:00+00:00,202.3,205.0,201.7,204.7,2969.419
2026-06-22 14:00:00+00:00,204.8,205.3,200.4,201.2,2773.177
2026-06-22 15:00:00+00:00,201.3,202.7,200.7,201.3,1374.088
2026-06-22 16:00:00+00:00,201.4,201.6,198.4,199.3,2138.164
2026-06-22 17:00:00+00:00,199.3,199.5,197.7,199.2,767.593
2026-06-22 18:00:00+00:00,199.1,199.6,197.6,197.8,819.279
2026-06-22 19:00:00+00:00,197.8,198.9,197.5,198.8,863.419
2026-06-22 20:00:00+00:00,198.9,199.8,198.5,198.6,476.962
2026-06-22 21:00:00+00:00,198.7,198.9,197.6,198.7,552.073
2026-06-22 22:00:00+00:00,198.8,199.3,196.1,196.9,1480.015
2026-06-22 23:00:00+00:00,196.8,197.8,196.6,197.7,730.841
2026-06-23 00:00:00+00:00,197.6,198.4,195.0,195.7,58276.749
2026-06-23 01:00:00+00:00,195.6,196.6,194.9,196.2,3735.062
2026-06-23 02:00:00+00:00,196.1,196.6,193.4,195.7,4069.512
2026-06-23 03:00:00+00:00,195.7,195.9,194.7,195.9,1018.227
2026-06-23 04:00:00+00:00,195.9,196.4,194.9,195.1,1132.169
2026-06-23 05:00:00+00:00,195.0,195.6,194.0,194.7,1597.909
2026-06-23 06:00:00+00:00,194.7,194.8,189.2,190.9,8189.578
2026-06-23 07:00:00+00:00,191.0,191.8,190.7,191.0,1841.934
2026-06-23 08:00:00+00:00,191.0,191.9,186.4,188.6,7416.564
2026-06-23 09:00:00+00:00,188.7,190.3,188.7,190.0,2486.375
2026-06-23 10:00:00+00:00,190.0,191.0,189.7,190.3,890.142
2026-06-23 11:00:00+00:00,190.3,192.0,190.3,191.1,1102.903
2026-06-23 12:00:00+00:00,191.2,191.9,190.8,191.4,746.33
2026-06-23 13:00:00+00:00,191.4,193.2,189.9,191.8,10013.149
2026-06-23 14:00:00+00:00,191.8,192.4,190.7,191.0,1778.202
2026-06-23 15:00:00+00:00,190.9,190.9,189.4,190.4,1136.172
2026-06-23 16:00:00+00:00,190.4,191.5,190.3,190.6,1228.371
2026-06-23 17:00:00+00:00,190.6,191.3,189.8,190.1,658.946
2026-06-23 18:00:00+00:00,190.1,190.9,189.5,190.7,622.751
2026-06-23 19:00:00+00:00,190.7,192.1,190.5,191.9,925.972
2026-06-23 20:00:00+00:00,191.9,193.1,191.8,192.6,379.423
2026-06-23 21:00:00+00:00,192.7,194.8,192.6,193.6,1181.229
2026-06-23 22:00:00+00:00,193.6,194.9,193.6,194.0,782.559
2026-06-23 23:00:00+00:00,194.0,195.0,193.2,194.6,769.252
2026-06-24 00:00:00+00:00,194.7,195.2,194.3,194.9,1460.609
2026-06-24 01:00:00+00:00,194.9,196.6,194.2,196.0,2080.34
2026-06-24 02:00:00+00:00,196.0,196.1,194.7,195.1,802.869
2026-06-24 03:00:00+00:00,195.1,195.2,194.2,194.3,976.21
2026-06-24 04:00:00+00:00,194.3,195.1,192.9,194.9,956.56
2026-06-24 05:00:00+00:00,195.0,196.1,194.6,195.0,1339.433
2026-06-24 06:00:00+00:00,194.9,195.2,194.3,194.9,787.769
2026-06-24 07:00:00+00:00,195.0,195.1,192.9,194.5,2381.013
2026-06-24 08:00:00+00:00,194.6,194.8,193.5,193.9,735.526
2026-06-24 09:00:00+00:00,193.8,193.9,192.7,193.5,685.79
2026-06-24 10:00:00+00:00,193.4,193.5,191.9,192.2,1273.375
2026-06-24 11:00:00+00:00,192.2,194.7,191.1,193.6,2529.184
2026-06-24 12:00:00+00:00,193.6,194.3,193.0,193.1,1313.41
2026-06-24 13:00:00+00:00,193.2,193.3,190.3,191.0,3749.842
2026-06-24 14:00:00+00:00,191.0,192.3,190.2,191.8,2171.37
2026-06-24 15:00:00+00:00,191.7,191.8,187.8,187.9,2208.498
2026-06-24 16:00:00+00:00,187.9,189.9,181.9,182.3,8843.377
2026-06-24 17:00:00+00:00,182.3,184.5,181.0,181.4,5654.038
2026-06-24 18:00:00+00:00,181.5,185.2,181.0,183.9,3110.507
2026-06-24 19:00:00+00:00,184.0,185.0,183.6,185.0,1551.259
2026-06-24 20:00:00+00:00,184.9,189.8,184.5,189.2,2863.615
2026-06-24 21:00:00+00:00,189.1,189.5,187.6,189.4,677.857
2026-06-24 22:00:00+00:00,189.4,190.9,188.6,189.1,944.118
2026-06-24 23:00:00+00:00,189.0,190.7,188.8,190.4,660.729
2026-06-25 00:00:00+00:00,190.5,191.8,190.0,190.4,1313.266
2026-06-25 01:00:00+00:00,190.5,190.9,190.2,190.6,1028.182
2026-06-25 02:00:00+00:00,190.6,191.3,190.5,190.9,718.422
2026-06-25 03:00:00+00:00,190.9,191.6,190.4,191.4,1095.324
2026-06-25 04:00:00+00:00,191.4,193.7,190.8,193.6,1079.633
2026-06-25 05:00:00+00:00,193.6,195.2,193.3,194.6,2693.643
2026-06-25 06:00:00+00:00,194.5,195.8,194.3,194.9,1544.158
2026-06-25 07:00:00+00:00,194.9,195.8,194.7,195.0,1305.231
2026-06-25 08:00:00+00:00,195.1,197.2,194.9,195.7,2250.64
2026-06-25 09:00:00+00:00,195.8,196.2,194.8,195.2,1044.271
2026-06-25 10:00:00+00:00,195.2,195.3,193.5,194.0,1121.586
2026-06-25 11:00:00+00:00,194.0,194.6,193.2,194.1,856.031
2026-06-25 12:00:00+00:00,194.1,196.0,192.9,194.8,2543.843
2026-06-25 13:00:00+00:00,194.9,196.1,182.4,182.9,8752.751
2026-06-25 14:00:00+00:00,183.0,190.9,183.0,188.2,6529.804
2026-06-25 15:00:00+00:00,188.2,189.4,186.5,189.2,2009.88
2026-06-25 16:00:00+00:00,189.3,191.1,187.8,188.9,1200.174
2026-06-25 17:00:00+00:00,188.9,191.6,188.7,190.6,1423.141
2026-06-25 18:00:00+00:00,190.7,190.9,188.3,189.1,1097.918
2026-06-25 19:00:00+00:00,189.1,189.1,186.7,187.3,1396.822
2026-06-25 20:00:00+00:00,187.4,188.8,187.2,187.5,573.56
2026-06-25 21:00:00+00:00,187.6,191.2,187.5,190.9,1113.646
2026-06-25 22:00:00+00:00,190.9,191.9,190.3,191.6,951.859
2026-06-25 23:00:00+00:00,191.6,193.8,191.4,193.1,1226.68
2026-06-26 00:00:00+00:00,193.1,193.9,192.9,193.2,1236.05
2026-06-26 01:00:00+00:00,193.2,193.8,189.0,190.2,4529.339
2026-06-26 02:00:00+00:00,190.2,190.3,185.4,186.3,1636.966
2026-06-26 03:00:00+00:00,186.4,192.2,184.9,191.8,3646.309
2026-06-26 04:00:00+00:00,191.9,192.2,190.7,191.2,1403.906
2026-06-26 05:00:00+00:00,191.3,194.1,190.8,193.1,2646.007
2026-06-26 06:00:00+00:00,193.0,195.8,191.8,194.7,1854.79
2026-06-26 07:00:00+00:00,194.7,196.2,194.5,195.8,1986.424
2026-06-26 08:00:00+00:00,195.9,196.2,194.1,194.9,1989.207
2026-06-26 09:00:00+00:00,195.0,195.9,193.5,193.8,2410.799
2026-06-26 10:00:00+00:00,193.8,195.1,193.3,193.5,3788.238
2026-06-26 11:00:00+00:00,193.5,194.5,192.5,193.3,1137.015
2026-06-26 12:00:00+00:00,193.4,195.4,191.6,192.8,1680.747
2026-06-26 13:00:00+00:00,192.9,196.9,191.4,196.5,2875.36
2026-06-26 14:00:00+00:00,196.5,196.8,194.8,195.5,1982.486
2026-06-26 15:00:00+00:00,195.5,201.8,195.3,200.4,3381.082
2026-06-26 16:00:00+00:00,200.4,203.0,199.6,200.1,2849.011
2026-06-26 17:00:00+00:00,200.1,200.5,198.4,198.8,630.86
2026-06-26 18:00:00+00:00,198.9,199.4,197.3,197.5,594.31
2026-06-26 19:00:00+00:00,197.6,199.5,197.2,197.7,1089.0
2026-06-26 20:00:00+00:00,197.8,199.4,197.3,197.3,1196.471
2026-06-26 21:00:00+00:00,197.3,198.7,196.8,197.6,622.131
2026-06-26 22:00:00+00:00,197.6,198.4,196.9,198.3,755.739
2026-06-26 23:00:00+00:00,198.4,199.0,196.8,197.3,1502.159
2026-06-27 00:00:00+00:00,197.4,197.8,194.4,195.8,3633.901
2026-06-27 01:00:00+00:00,195.9,196.5,195.5,196.1,386.212
2026-06-27 02:00:00+00:00,196.1,197.9,195.7,197.6,877.504
2026-06-27 03:00:00+00:00,197.5,197.5,196.1,196.7,521.145
2026-06-27 04:00:00+00:00,196.8,198.0,196.8,197.3,471.575
2026-06-27 05:00:00+00:00,197.4,198.0,196.7,197.5,501.708
2026-06-27 06:00:00+00:00,197.5,198.2,196.8,197.3,759.031
2026-06-27 07:00:00+00:00,197.4,198.2,196.8,197.2,1097.836
2026-06-27 08:00:00+00:00,197.3,197.4,195.6,196.2,591.85
2026-06-27 09:00:00+00:00,196.2,196.6,195.7,196.6,646.211
2026-06-27 10:00:00+00:00,196.7,197.6,196.5,197.4,322.91
2026-06-27 11:00:00+00:00,197.5,197.5,195.9,196.4,407.923
2026-06-27 12:00:00+00:00,196.3,197.4,196.1,197.4,386.617
2026-06-27 13:00:00+00:00,197.5,198.5,197.4,198.1,621.904
2026-06-27 14:00:00+00:00,198.0,198.9,197.8,198.7,678.611
2026-06-27 15:00:00+00:00,198.7,200.1,198.7,199.6,935.94
2026-06-27 16:00:00+00:00,199.6,199.9,198.6,198.9,531.069
2026-06-27 17:00:00+00:00,199.0,199.0,197.2,198.0,634.568
2026-06-27 18:00:00+00:00,198.0,198.6,197.7,198.4,254.887
2026-06-27 19:00:00+00:00,198.3,199.0,196.0,196.7,536.147
2026-06-27 20:00:00+00:00,196.8,197.7,196.6,197.7,344.508
2026-06-27 21:00:00+00:00,197.7,198.2,196.5,196.5,425.596
2026-06-27 22:00:00+00:00,196.5,196.8,194.8,196.7,795.297
2026-06-27 23:00:00+00:00,196.7,197.0,195.4,195.5,327.014
2026-06-28 00:00:00+00:00,195.4,196.8,195.3,196.4,566.248
2026-06-28 01:00:00+00:00,196.4,196.9,195.7,196.6,355.3
2026-06-28 02:00:00+00:00,196.5,198.0,195.1,195.2,1550.295
2026-06-28 03:00:00+00:00,195.3,195.5,193.6,194.9,3916.524
2026-06-28 04:00:00+00:00,194.9,195.1,194.2,194.3,275.54
2026-06-28 05:00:00+00:00,194.3,194.4,193.1,194.1,448.045
2026-06-28 06:00:00+00:00,194.2,194.2,192.3,192.9,865.785
2026-06-28 07:00:00+00:00,192.9,193.7,192.8,193.4,409.304
2026-06-28 08:00:00+00:00,193.4,195.0,192.7,194.1,498.842
2026-06-28 09:00:00+00:00,194.3,194.7,193.0,193.2,372.692
2026-06-28 10:00:00+00:00,193.2,194.0,192.2,192.7,388.25
2026-06-28 11:00:00+00:00,192.8,193.9,192.6,193.7,255.847
2026-06-28 12:00:00+00:00,193.7,194.3,192.7,193.3,297.215
2026-06-28 13:00:00+00:00,193.3,193.3,192.1,192.8,275.045
2026-06-28 14:00:00+00:00,192.8,194.3,192.7,193.2,306.383
2026-06-28 15:00:00+00:00,193.2,193.9,192.7,193.2,536.097
2026-06-28 16:00:00+00:00,193.3,193.3,190.4,191.1,952.041
2026-06-28 17:00:00+00:00,191.1,191.9,189.5,190.8,1011.352
2026-06-28 18:00:00+00:00,190.8,191.1,190.2,190.9,388.666
2026-06-28 19:00:00+00:00,190.8,191.6,189.5,190.6,297.607
2026-06-28 20:00:00+00:00,190.5,192.0,190.4,191.6,526.332
2026-06-28 21:00:00+00:00,191.6,191.7,189.7,190.1,841.474
2026-06-28 22:00:00+00:00,190.2,192.4,188.3,189.0,1524.249
2026-06-28 23:00:00+00:00,188.9,191.7,188.7,191.0,551.89
2026-06-29 00:00:00+00:00,191.0,191.7,188.5,191.5,829.303
2026-06-29 01:00:00+00:00,191.5,192.2,190.2,191.8,950.299
2026-06-29 02:00:00+00:00,191.7,192.6,189.0,192.5,810.58
2026-06-29 03:00:00+00:00,192.5,195.0,192.3,194.2,826.452
2026-06-29 04:00:00+00:00,194.2,195.5,193.5,194.1,1012.427
2026-06-29 05:00:00+00:00,194.2,195.4,192.0,195.4,811.949
2026-06-29 06:00:00+00:00,195.4,198.5,195.2,196.6,1654.958
2026-06-29 07:00:00+00:00,196.6,197.6,195.9,196.8,926.447
2026-06-29 08:00:00+00:00,196.7,197.2,194.9,195.7,1028.189
2026-06-29 09:00:00+00:00,195.6,197.2,195.5,196.9,1085.268
2026-06-29 10:00:00+00:00,196.9,198.0,195.9,196.5,544.575
2026-06-29 11:00:00+00:00,196.6,198.0,195.8,196.6,1054.375
2026-06-29 12:00:00+00:00,196.6,199.4,195.5,196.8,2293.545
2026-06-29 13:00:00+00:00,196.8,199.0,195.0,196.6,1734.518
2026-06-29 14:00:00+00:00,196.7,196.7,194.6,195.7,1538.671
2026-06-29 15:00:00+00:00,195.6,196.7,193.8,196.4,1100.951
2026-06-29 16:00:00+00:00,196.5,197.8,195.6,197.5,842.374
2026-06-29 17:00:00+00:00,197.5,201.6,197.5,201.2,1605.745
2026-06-29 18:00:00+00:00,201.2,202.0,200.4,200.8,526.993
2026-06-29 19:00:00+00:00,200.8,203.0,200.2,202.4,1217.262
2026-06-29 20:00:00+00:00,202.5,203.0,201.6,201.8,356.742
2026-06-29 21:00:00+00:00,201.8,202.9,201.4,202.0,509.42
2026-06-29 22:00:00+00:00,202.0,202.2,200.9,200.9,687.62
2026-06-29 23:00:00+00:00,200.9,201.3,200.1,201.2,415.209
2026-06-30 00:00:00+00:00,201.3,201.7,199.0,199.8,733.419
2026-06-30 01:00:00+00:00,199.8,200.7,198.7,199.2,1007.195
2026-06-30 02:00:00+00:00,199.3,200.4,198.3,200.0,597.735
2026-06-30 03:00:00+00:00,200.0,201.4,199.5,199.7,1017.162
2026-06-30 04:00:00+00:00,199.6,199.9,198.7,199.7,632.887
2026-06-30 05:00:00+00:00,199.7,199.7,198.3,199.4,560.167
2026-06-30 06:00:00+00:00,199.4,199.8,199.1,199.6,762.691
2026-06-30 07:00:00+00:00,199.5,200.7,198.8,200.5,649.773
2026-06-30 08:00:00+00:00,200.6,201.3,198.4,199.6,3752.902
2026-06-30 09:00:00+00:00,199.6,202.1,199.3,202.0,1547.5
2026-06-30 10:00:00+00:00,202.1,202.1,200.8,201.0,1493.091
2026-06-30 11:00:00+00:00,201.0,201.3,199.2,199.4,785.609
2026-06-30 12:00:00+00:00,199.4,199.4,194.6,194.6,2054.152
2026-06-30 13:00:00+00:00,194.7,198.3,194.3,197.5,3677.797
2026-06-30 14:00:00+00:00,197.5,199.7,196.9,197.5,1166.837
2026-06-30 15:00:00+00:00,197.4,201.4,196.9,200.5,2305.567
2026-06-30 16:00:00+00:00,200.4,202.6,199.0,201.0,2991.178
2026-06-30 17:00:00+00:00,201.1,202.4,198.5,198.7,931.751
2026-06-30 18:00:00+00:00,198.7,200.4,198.3,200.3,967.151
2026-06-30 19:00:00+00:00,200.2,200.9,199.2,200.5,1038.91
2026-06-30 20:00:00+00:00,200.4,200.9,199.0,199.7,622.414
2026-06-30 21:00:00+00:00,199.6,200.2,198.7,199.9,268.853
2026-06-30 22:00:00+00:00,200.0,200.5,198.8,199.4,471.524
2026-06-30 23:00:00+00:00,199.5,200.2,199.1,200.0,501.573
2026-07-01 00:00:00+00:00,200.1,200.7,199.0,200.3,764.575
2026-07-01 01:00:00+00:00,200.3,201.5,196.0,200.9,1728.24
2026-07-01 02:00:00+00:00,200.9,205.9,200.3,205.5,3608.196
2026-07-01 03:00:00+00:00,205.5,210.4,203.8,207.6,3390.039
2026-07-01 04:00:00+00:00,207.6,208.0,205.5,206.7,1480.926
2026-07-01 05:00:00+00:00,206.6,207.0,205.2,206.1,1043.953
2026-07-01 06:00:00+00:00,206.0,206.0,202.3,203.1,2526.592
2026-07-01 07:00:00+00:00,203.1,203.4,201.8,203.2,1154.932
2026-07-01 08:00:00+00:00,203.2,204.5,201.9,204.4,1161.715
2026-07-01 09:00:00+00:00,204.4,206.2,204.1,204.8,1029.269
2026-07-01 10:00:00+00:00,204.8,207.2,204.0,207.1,1204.439
2026-07-01 11:00:00+00:00,207.0,207.1,203.8,203.8,1298.856
2026-07-01 12:00:00+00:00,203.9,204.1,201.9,203.5,1438.847
2026-07-01 13:00:00+00:00,203.6,208.4,203.6,208.2,2605.547
2026-07-01 14:00:00+00:00,208.2,214.7,207.7,214.6,5219.555
2026-07-01 15:00:00+00:00,214.5,218.7,214.0,214.9,5703.924
2026-07-01 16:00:00+00:00,214.9,216.4,212.6,213.0,1524.356
2026-07-01 17:00:00+00:00,212.9,213.6,211.3,212.9,2066.349
2026-07-01 18:00:00+00:00,212.9,213.4,211.4,212.3,828.968
2026-07-01 19:00:00+00:00,212.4,214.2,211.8,212.5,711.424
2026-07-01 20:00:00+00:00,212.6,214.4,212.0,214.3,498.365
2026-07-01 21:00:00+00:00,214.3,217.3,214.1,216.5,1247.493
2026-07-01 22:00:00+00:00,216.5,218.9,212.7,213.8,2321.91
2026-07-01 23:00:00+00:00,213.7,213.9,208.3,210.1,4553.332
2026-07-02 00:00:00+00:00,210.1,214.4,210.0,214.2,1401.094
2026-07-02 01:00:00+00:00,214.3,216.1,213.0,215.1,1379.882
2026-07-02 02:00:00+00:00,215.2,217.1,214.3,216.5,1167.245
2026-07-02 03:00:00+00:00,216.4,218.6,214.7,218.1,2356.259
2026-07-02 04:00:00+00:00,218.1,218.2,216.1,216.2,1462.769
2026-07-02 05:00:00+00:00,216.2,216.3,213.8,215.5,2405.169
2026-07-02 06:00:00+00:00,215.4,215.8,214.0,214.2,1551.708
2026-07-02 07:00:00+00:00,214.3,214.5,213.3,213.6,1273.497
2026-07-02 08:00:00+00:00,213.6,214.5,213.1,214.3,1150.166
2026-07-02 09:00:00+00:00,214.4,218.7,214.1,216.0,5828.513
2026-07-02 10:00:00+00:00,215.9,218.5,215.6,218.2,1289.637
2026-07-02 11:00:00+00:00,218.3,219.4,215.6,216.3,2323.927
2026-07-02 12:00:00+00:00,216.3,218.7,215.8,218.5,2863.422
2026-07-02 13:00:00+00:00,218.6,218.9,216.6,217.9,1848.274
2026-07-02 14:00:00+00:00,217.8,218.8,214.7,218.5,3368.74
2026-07-02 15:00:00+00:00,218.5,219.8,216.4,217.8,1842.217
2026-07-02 16:00:00+00:00,217.8,220.2,216.4,219.0,3258.963
2026-07-02 17:00:00+00:00,218.9,223.0,218.7,222.2,2789.702
2026-07-02 18:00:00+00:00,222.2,223.0,219.5,220.1,1885.657
2026-07-02 19:00:00+00:00,220.2,221.4,219.3,220.0,966.022
2026-07-02 20:00:00+00:00,220.0,221.8,219.5,219.9,970.569
2026-07-02 21:00:00+00:00,219.9,221.4,219.2,221.1,835.376
2026-07-02 22:00:00+00:00,221.1,221.2,219.7,220.5,742.83
2026-07-02 23:00:00+00:00,220.5,221.4,220.0,220.4,715.972
2026-07-03 00:00:00+00:00,220.3,220.6,219.4,220.1,599.06
2026-07-03 01:00:00+00:00,220.1,226.3,219.9,224.1,4540.543
2026-07-03 02:00:00+00:00,224.1,224.3,220.5,221.3,2724.42
2026-07-03 03:00:00+00:00,221.3,222.7,220.6,221.2,1399.788
2026-07-03 04:00:00+00:00,221.1,221.4,220.0,220.7,968.126
2026-07-03 05:00:00+00:00,220.6,223.9,220.6,223.2,763.928
2026-07-03 06:00:00+00:00,223.3,224.0,222.3,222.9,656.943
2026-07-03 07:00:00+00:00,222.9,224.7,222.8,224.3,819.387
2026-07-03 08:00:00+00:00,224.3,226.1,223.0,223.7,1486.652
2026-07-03 09:00:00+00:00,223.6,225.5,223.4,224.5,1636.333
2026-07-03 10:00:00+00:00,224.4,228.2,222.8,227.4,4152.058
2026-07-03 11:00:00+00:00,227.4,228.0,225.4,226.5,1883.275
2026-07-03 12:00:00+00:00,226.5,227.3,224.6,226.5,1723.723
2026-07-03 13:00:00+00:00,226.6,229.2,226.6,228.2,1443.222
2026-07-03 14:00:00+00:00,228.2,230.0,226.2,229.5,2150.206
2026-07-03 15:00:00+00:00,229.5,230.1,226.3,227.6,2364.239
2026-07-03 16:00:00+00:00,227.7,228.6,226.4,228.4,1157.678
2026-07-03 17:00:00+00:00,228.4,229.3,227.6,228.2,707.885
2026-07-03 18:00:00+00:00,228.2,228.5,227.2,227.8,1131.171
2026-07-03 19:00:00+00:00,227.8,229.5,227.6,227.6,1308.138
2026-07-03 20:00:00+00:00,227.6,229.7,227.5,229.2,1131.86
2026-07-03 21:00:00+00:00,229.1,231.0,228.3,229.7,1496.539
2026-07-03 22:00:00+00:00,229.7,230.8,229.2,230.0,1159.654
2026-07-03 23:00:00+00:00,230.0,230.4,229.3,229.5,660.253
2026-07-04 00:00:00+00:00,229.4,229.4,227.3,227.7,1629.568
2026-07-04 01:00:00+00:00,227.8,228.2,226.4,227.1,1309.452
2026-07-04 02:00:00+00:00,227.1,227.3,226.0,226.7,543.652
2026-07-04 03:00:00+00:00,226.8,227.3,225.8,226.7,668.89
2026-07-04 04:00:00+00:00,226.6,227.8,226.0,227.5,705.852
2026-07-04 05:00:00+00:00,227.4,228.2,226.8,227.4,724.336
2026-07-04 06:00:00+00:00,227.4,228.0,225.8,226.5,751.982
2026-07-04 07:00:00+00:00,226.5,226.9,226.0,226.8,598.824
2026-07-04 08:00:00+00:00,226.8,226.9,225.5,225.9,529.632
2026-07-04 09:00:00+00:00,225.9,226.1,224.3,224.7,697.448
2026-07-04 10:00:00+00:00,224.6,225.5,224.1,225.4,675.809
2026-07-04 11:00:00+00:00,225.3,226.6,224.9,226.0,443.955
2026-07-04 12:00:00+00:00,226.0,226.5,225.5,226.1,437.343
2026-07-04 13:00:00+00:00,226.2,227.2,225.7,227.0,605.605
2026-07-04 14:00:00+00:00,227.0,231.4,227.0,230.9,2896.23
2026-07-04 15:00:00+00:00,230.9,232.8,230.1,232.5,2558.214
2026-07-04 16:00:00+00:00,232.5,233.6,230.8,231.9,1705.901
2026-07-04 17:00:00+00:00,231.8,233.4,231.1,232.5,997.401
2026-07-04 18:00:00+00:00,232.5,233.6,231.5,233.0,1077.861
2026-07-04 19:00:00+00:00,233.0,234.9,232.9,234.0,1150.998
2026-07-04 20:00:00+00:00,234.0,235.0,230.9,232.7,3446.295
2026-07-04 21:00:00+00:00,232.7,235.1,232.7,234.3,1602.908
2026-07-04 22:00:00+00:00,234.3,237.5,233.0,234.8,2121.915
2026-07-04 23:00:00+00:00,234.8,237.8,233.2,236.1,2091.896
2026-07-05 00:00:00+00:00,236.1,237.7,234.5,237.0,1794.708
2026-07-05 01:00:00+00:00,237.1,241.1,236.8,237.9,2448.664
2026-07-05 02:00:00+00:00,238.0,238.3,234.2,234.7,2134.467
2026-07-05 03:00:00+00:00,234.7,238.5,234.3,236.5,1538.162
2026-07-05 04:00:00+00:00,236.5,242.0,236.1,239.5,3138.066
2026-07-05 05:00:00+00:00,239.4,240.3,236.8,238.5,1803.18
2026-07-05 06:00:00+00:00,238.5,241.0,236.5,239.9,1122.22
2026-07-05 07:00:00+00:00,239.9,241.7,237.4,240.9,1631.89
2026-07-05 08:00:00+00:00,240.8,242.6,239.2,240.0,2016.538
2026-07-05 09:00:00+00:00,240.0,242.8,236.4,236.8,3112.426
2026-07-05 10:00:00+00:00,236.7,239.0,236.1,238.7,910.383
2026-07-05 11:00:00+00:00,238.7,239.3,236.6,236.8,913.049
2026-07-05 12:00:00+00:00,236.9,242.1,235.2,241.4,2172.941
2026-07-05 13:00:00+00:00,241.5,242.1,236.5,237.6,3761.26
2026-07-05 14:00:00+00:00,237.5,238.6,236.7,238.5,1196.634
2026-07-05 15:00:00+00:00,238.5,239.6,237.1,237.7,785.016
2026-07-05 16:00:00+00:00,237.7,240.4,237.0,240.2,887.339
2026-07-05 17:00:00+00:00,240.3,240.7,238.5,239.6,1059.887
2026-07-05 18:00:00+00:00,239.6,242.7,239.4,242.0,1072.392
2026-07-05 19:00:00+00:00,242.0,249.5,241.8,248.2,3678.799
2026-07-05 20:00:00+00:00,248.1,248.2,244.4,244.6,2124.518
2026-07-05 21:00:00+00:00,244.6,246.9,242.9,245.4,2275.872
2026-07-05 22:00:00+00:00,245.3,245.7,242.6,243.5,2268.758
2026-07-05 23:00:00+00:00,243.6,244.9,242.1,244.4,1122.078
2026-07-06 00:00:00+00:00,244.4,244.5,241.3,242.6,1212.839
2026-07-06 01:00:00+00:00,242.6,243.1,241.4,242.4,711.219
2026-07-06 02:00:00+00:00,242.4,245.6,241.6,242.2,1269.141
2026-07-06 03:00:00+00:00,242.3,242.7,239.5,241.5,1427.814
2026-07-06 04:00:00+00:00,241.5,244.1,240.6,241.1,1799.658
2026-07-06 05:00:00+00:00,241.1,242.8,238.6,241.8,1870.663
2026-07-06 06:00:00+00:00,241.8,242.0,239.2,240.6,1417.489
2026-07-06 07:00:00+00:00,240.5,241.3,239.6,240.6,936.472
2026-07-06 08:00:00+00:00,240.6,242.3,240.4,242.3,514.682
2026-07-06 09:00:00+00:00,242.3,242.6,236.3,237.6,6568.453
2026-07-06 10:00:00+00:00,237.6,238.8,237.3,238.7,648.106
2026-07-06 11:00:00+00:00,238.7,239.0,236.6,237.0,524.913
2026-07-06 12:00:00+00:00,237.1,237.5,234.6,236.2,2547.944
2026-07-06 13:00:00+00:00,236.1,237.1,234.6,236.0,2055.769
2026-07-06 14:00:00+00:00,236.0,238.7,235.7,236.4,2424.937
2026-07-06 15:00:00+00:00,236.5,240.3,236.0,239.8,1802.873
2026-07-06 16:00:00+00:00,239.8,241.7,239.3,241.5,1220.18
2026-07-06 17:00:00+00:00,241.6,245.2,241.1,244.3,1900.934
2026-07-06 18:00:00+00:00,244.3,246.8,242.9,245.8,1420.815
2026-07-06 19:00:00+00:00,245.9,248.9,245.3,246.2,2837.94
2026-07-06 20:00:00+00:00,246.3,246.5,245.2,245.9,742.497
2026-07-06 21:00:00+00:00,245.9,251.1,245.6,247.0,2504.653
2026-07-06 22:00:00+00:00,247.0,247.4,245.4,245.9,505.3
2026-07-06 23:00:00+00:00,245.8,246.1,241.1,242.1,2680.196
2026-07-07 00:00:00+00:00,242.1,243.0,240.6,242.2,1196.55
2026-07-07 01:00:00+00:00,242.1,242.4,240.8,241.6,698.588
2026-07-07 02:00:00+00:00,241.7,241.7,237.0,239.0,2284.691
2026-07-07 03:00:00+00:00,239.0,240.0,237.8,238.0,3536.026
2026-07-07 04:00:00+00:00,238.0,239.4,237.8,239.0,1070.13
2026-07-07 05:00:00+00:00,239.0,240.6,237.9,239.9,1078.141
2026-07-07 06:00:00+00:00,239.8,240.7,239.4,240.3,359.816
2026-07-07 07:00:00+00:00,240.2,240.7,238.7,238.7,657.707
2026-07-07 08:00:00+00:00,238.7,239.1,237.8,238.0,387.673
2026-07-07 09:00:00+00:00,238.1,238.7,238.0,238.5,211.791
2026-07-07 10:00:00+00:00,238.5,239.7,238.2,238.6,787.132
2026-07-07 11:00:00+00:00,238.6,239.9,237.9,239.6,604.78
2026-07-07 12:00:00+00:00,239.5,240.5,238.9,239.8,1259.948
2026-07-07 13:00:00+00:00,239.9,240.1,237.8,237.9,647.175
2026-07-07 14:00:00+00:00,237.8,240.6,234.7,239.9,2283.359
2026-07-07 15:00:00+00:00,240.0,243.1,239.5,242.9,2410.293
2026-07-07 16:00:00+00:00,243.0,245.0,241.3,243.1,1250.33
2026-07-07 17:00:00+00:00,243.0,243.9,242.3,243.4,862.999
2026-07-07 18:00:00+00:00,243.4,244.0,241.6,241.6,956.013
2026-07-07 19:00:00+00:00,241.6,244.2,239.9,243.4,981.34
2026-07-07 20:00:00+00:00,243.5,243.6,241.5,242.4,642.866
2026-07-07 21:00:00+00:00,242.4,242.8,239.9,239.9,751.178
2026-07-07 22:00:00+00:00,239.9,240.4,238.1,239.8,1071.801
2026-07-07 23:00:00+00:00,239.7,241.2,239.2,239.4,818.415
2026-07-08 00:00:00+00:00,239.4,241.8,238.7,241.1,1641.362
2026-07-08 01:00:00+00:00,241.2,241.4,237.1,237.8,1614.428
2026-07-08 02:00:00+00:00,237.6,240.3,236.8,238.8,1748.252
2026-07-08 03:00:00+00:00,238.9,239.8,236.3,236.5,942.783
2026-07-08 04:00:00+00:00,236.6,238.7,236.3,237.4,547.135
2026-07-08 05:00:00+00:00,237.4,238.0,237.0,237.4,747.382
2026-07-08 06:00:00+00:00,237.4,238.4,236.3,238.0,558.622
2026-07-08 07:00:00+00:00,238.1,239.4,237.3,238.3,1149.314
2026-07-08 08:00:00+00:00,238.4,238.8,234.0,235.0,1992.35
2026-07-08 09:00:00+00:00,235.0,235.4,232.6,233.0,1664.884
2026-07-08 10:00:00+00:00,233.0,233.4,228.9,232.9,3221.467
2026-07-08 11:00:00+00:00,232.8,235.3,232.2,234.7,1731.85
2026-07-08 12:00:00+00:00,234.8,234.8,230.2,231.0,2356.458
2026-07-08 13:00:00+00:00,231.1,233.7,230.1,233.6,3955.821
2026-07-08 14:00:00+00:00,233.6,234.0,232.0,233.2,1422.425
2026-07-08 15:00:00+00:00,233.3,233.5,230.8,232.0,651.62
2026-07-08 16:00:00+00:00,232.0,236.3,231.6,235.8,997.299
2026-07-08 17:00:00+00:00,235.8,236.9,234.0,234.1,745.199
2026-07-08 18:00:00+00:00,234.2,235.0,233.2,233.9,422.441
2026-07-08 19:00:00+00:00,234.0,235.3,233.9,235.0,246.206
2026-07-08 20:00:00+00:00,234.9,235.2,232.9,232.9,789.485
2026-07-08 21:00:00+00:00,232.9,234.1,232.4,233.7,466.152
2026-07-08 22:00:00+00:00,233.8,235.0,233.5,234.9,275.244
2026-07-08 23:00:00+00:00,234.9,237.0,234.8,235.4,2146.035
2026-07-09 00:00:00+00:00,235.4,236.1,233.4,233.9,676.739
2026-07-09 01:00:00+00:00,233.9,236.9,233.6,233.8,1053.242
2026-07-09 02:00:00+00:00,233.8,235.1,231.4,232.4,3106.878
2026-07-09 03:00:00+00:00,232.5,234.2,232.2,234.1,440.309
2026-07-09 04:00:00+00:00,234.0,235.8,233.8,235.7,459.308
2026-07-09 05:00:00+00:00,235.6,237.8,235.2,237.5,814.384
2026-07-09 06:00:00+00:00,237.5,240.5,236.5,238.8,2200.003
2026-07-09 07:00:00+00:00,238.8,240.7,238.5,239.4,1271.963
2026-07-09 08:00:00+00:00,239.5,239.8,238.1,238.3,1118.796
2026-07-09 09:00:00+00:00,238.4,238.8,236.3,236.9,854.483
2026-07-09 10:00:00+00:00,237.0,237.5,235.7,236.4,798.351
2026-07-09 11:00:00+00:00,236.3,237.3,236.3,237.2,613.786
2026-07-09 12:00:00+00:00,237.2,238.3,236.3,237.0,1227.03
2026-07-09 13:00:00+00:00,236.9,238.5,236.5,237.8,430.635
2026-07-09 14:00:00+00:00,237.9,238.8,236.7,238.6,696.487
2026-07-09 15:00:00+00:00,238.6,238.7,236.6,237.0,494.449
2026-07-09 16:00:00+00:00,237.1,237.5,235.2,235.9,980.1
2026-07-09 17:00:00+00:00,236.0,237.8,235.7,237.8,672.268
2026-07-09 18:00:00+00:00,237.8,241.0,237.5,238.4,2033.015
2026-07-09 19:00:00+00:00,238.3,238.6,237.8,238.0,455.09
2026-07-09 20:00:00+00:00,238.1,238.3,237.1,237.5,275.214
2026-07-09 21:00:00+00:00,237.5,238.4,237.5,237.6,377.705
2026-07-09 22:00:00+00:00,237.7,238.8,237.5,238.1,501.738
2026-07-09 23:00:00+00:00,238.0,238.2,236.8,237.8,273.974
2026-07-10 00:00:00+00:00,237.9,238.6,237.0,238.1,586.259
2026-07-10 01:00:00+00:00,238.2,243.2,237.9,242.1,1242.311
2026-07-10 02:00:00+00:00,242.2,242.8,241.5,242.7,480.445
2026-07-10 03:00:00+00:00,242.7,243.1,241.9,242.4,397.967
2026-07-10 04:00:00+00:00,242.3,243.1,241.8,242.5,709.902
2026-07-10 05:00:00+00:00,242.4,243.5,242.0,243.1,636.669
2026-07-10 06:00:00+00:00,243.2,243.6,241.8,242.3,668.06
2026-07-10 07:00:00+00:00,242.4,243.7,242.1,243.4,569.937
2026-07-10 08:00:00+00:00,243.5,247.1,243.5,244.7,1472.008
2026-07-10 09:00:00+00:00,244.7,246.0,244.3,245.3,617.41
2026-07-10 10:00:00+00:00,245.3,248.6,245.1,248.6,941.038
2026-07-10 11:00:00+00:00,248.5,250.1,247.1,248.2,1955.114
2026-07-10 12:00:00+00:00,248.2,250.2,248.2,249.0,1700.93
2026-07-10 13:00:00+00:00,248.9,255.1,248.5,253.1,4633.793
2026-07-10 14:00:00+00:00,252.9,253.1,247.5,249.3,2959.959
2026-07-10 15:00:00+00:00,249.4,251.1,248.8,249.6,3170.584
2026-07-10 16:00:00+00:00,249.5,250.0,247.4,249.1,1304.241
2026-07-10 17:00:00+00:00,249.1,249.8,246.7,246.7,1507.636
2026-07-10 18:00:00+00:00,246.6,247.5,245.3,245.6,1315.104
2026-07-10 19:00:00+00:00,245.5,246.8,244.8,246.0,1164.027
2026-07-10 20:00:00+00:00,246.0,246.5,244.9,245.6,686.745
2026-07-10 21:00:00+00:00,245.6,246.9,245.5,246.4,678.77
2026-07-10 22:00:00+00:00,246.3,246.8,245.9,246.5,405.82
2026-07-10 23:00:00+00:00,246.5,246.5,245.1,245.2,329.335
2026-07-11 00:00:00+00:00,245.2,245.3,243.5,244.7,550.629
2026-07-11 01:00:00+00:00,244.7,245.2,244.0,244.6,322.415
2026-07-11 02:00:00+00:00,244.6,246.1,244.4,246.0,694.723
2026-07-11 03:00:00+00:00,245.9,246.0,244.9,245.9,407.905
2026-07-11 04:00:00+00:00,245.8,245.9,244.5,244.8,455.727
2026-07-11 05:00:00+00:00,244.7,245.8,244.4,245.5,561.336
2026-07-11 06:00:00+00:00,245.4,245.5,244.5,244.7,698.095
2026-07-11 07:00:00+00:00,244.6,244.8,244.1,244.4,261.388
2026-07-11 08:00:00+00:00,244.4,245.7,244.2,245.6,404.255
2026-07-11 09:00:00+00:00,245.7,247.6,245.7,246.4,2524.87
2026-07-11 10:00:00+00:00,246.3,246.5,245.3,245.7,380.113
2026-07-11 11:00:00+00:00,245.8,247.4,245.8,246.9,527.081
2026-07-11 12:00:00+00:00,246.8,248.1,246.7,248.1,518.851
2026-07-11 13:00:00+00:00,248.0,248.4,247.0,248.4,691.945
2026-07-11 14:00:00+00:00,248.4,250.3,246.8,249.4,4034.504
2026-07-11 15:00:00+00:00,249.5,249.9,247.1,248.3,1195.932
2026-07-11 16:00:00+00:00,248.2,248.7,246.4,248.4,1318.06
2026-07-11 17:00:00+00:00,248.4,248.7,246.7,247.9,608.875
2026-07-11 18:00:00+00:00,247.8,248.3,246.6,247.0,592.495
2026-07-11 19:00:00+00:00,247.0,250.1,247.0,248.2,1176.799
2026-07-11 20:00:00+00:00,248.2,248.3,247.4,247.7,417.374
2026-07-11 21:00:00+00:00,247.8,248.1,246.8,247.2,347.828
2026-07-11 22:00:00+00:00,247.2,247.9,246.6,247.7,533.953
2026-07-11 23:00:00+00:00,247.7,247.8,244.0,244.0,701.544
2026-07-12 00:00:00+00:00,243.9,244.9,243.3,243.9,1130.698
2026-07-12 01:00:00+00:00,243.9,246.8,243.7,246.7,544.152
2026-07-12 02:00:00+00:00,246.7,246.7,245.4,245.8,339.468
2026-07-12 03:00:00+00:00,245.7,246.6,245.2,246.0,426.001
2026-07-12 04:00:00+00:00,246.1,246.4,243.4,243.7,1318.345
2026-07-12 05:00:00+00:00,243.7,244.4,243.3,244.2,848.191
2026-07-12 06:00:00+00:00,244.1,244.2,243.3,244.2,679.278
2026-07-12 07:00:00+00:00,244.1,244.8,244.0,244.6,283.416
2026-07-12 08:00:00+00:00,244.6,245.3,244.6,244.9,309.668
2026-07-12 09:00:00+00:00,244.8,245.1,243.7,244.8,505.367
2026-07-12 10:00:00+00:00,244.9,245.0,244.4,244.5,300.222
2026-07-12 11:00:00+00:00,244.6,247.9,244.6,246.3,1144.482
2026-07-12 12:00:00+00:00,246.3,247.5,246.2,246.4,764.461
2026-07-12 13:00:00+00:00,246.4,247.0,245.2,245.4,600.219
2026-07-12 14:00:00+00:00,245.5,246.3,245.2,245.5,530.321
2026-07-12 15:00:00+00:00,245.5,245.9,244.9,245.5,302.285
2026-07-12 16:00:00+00:00,245.4,245.5,244.5,244.8,668.79
2026-07-12 17:00:00+00:00,244.8,245.2,244.1,244.6,377.064
2026-07-12 18:00:00+00:00,244.6,246.5,244.3,246.4,1601.523
2026-07-12 19:00:00+00:00,246.3,247.1,245.9,246.8,279.364
2026-07-12 20:00:00+00:00,246.8,247.2,245.9,246.5,371.617
2026-07-12 21:00:00+00:00,246.6,247.0,244.3,244.3,1121.945
2026-07-12 22:00:00+00:00,244.2,244.2,239.5,241.0,5681.819
2026-07-12 23:00:00+00:00,240.9,240.9,239.0,240.3,947.274
2026-07-13 00:00:00+00:00,240.2,244.9,239.9,243.4,1416.994
2026-07-13 01:00:00+00:00,243.3,243.5,240.1,240.5,954.058
2026-07-13 02:00:00+00:00,240.5,240.6,238.6,238.6,1165.946
2026-07-13 03:00:00+00:00,238.5,238.7,234.9,236.4,1629.436
2026-07-13 04:00:00+00:00,236.3,237.1,235.4,235.8,1129.988
2026-07-13 05:00:00+00:00,235.8,237.4,235.2,236.6,1381.489
2026-07-13 06:00:00+00:00,236.6,237.4,236.1,236.6,1586.487
2026-07-13 07:00:00+00:00,236.7,237.5,236.4,237.2,640.617
2026-07-13 08:00:00+00:00,237.2,239.6,237.2,238.8,795.429
2026-07-13 09:00:00+00:00,238.8,238.9,238.0,238.3,473.43
2026-07-13 10:00:00+00:00,238.3,238.7,237.9,238.4,317.083
2026-07-13 11:00:00+00:00,238.4,239.3,237.4,237.7,445.887
2026-07-13 12:00:00+00:00,237.7,238.2,236.8,237.5,811.551
2026-07-13 13:00:00+00:00,237.6,240.0,236.0,239.2,1368.305
2026-07-13 14:00:00+00:00,239.1,239.8,237.8,239.0,2314.576
2026-07-13 15:00:00+00:00,239.0,239.6,236.7,237.2,402.872
2026-07-13 16:00:00+00:00,237.1,237.9,235.6,236.2,427.948
2026-07-13 17:00:00+00:00,236.2,236.7,234.6,234.6,529.137
2026-07-13 18:00:00+00:00,234.7,236.7,234.6,235.5,574.162
2026-07-13 19:00:00+00:00,235.5,236.4,235.3,236.2,444.327
2026-07-13 20:00:00+00:00,236.1,236.3,234.8,235.4,559.377
2026-07-13 21:00:00+00:00,235.4,235.4,233.0,234.2,1133.846
2026-07-13 22:00:00+00:00,234.1,234.9,233.8,234.1,269.626
2026-07-13 23:00:00+00:00,234.1,236.6,233.9,236.5,457.217
2026-07-14 00:00:00+00:00,236.5,237.6,235.8,237.1,554.995
2026-07-14 01:00:00+00:00,237.1,237.3,235.9,236.4,320.274
2026-07-14 02:00:00+00:00,236.4,237.0,231.2,232.7,3935.034
2026-07-14 03:00:00+00:00,232.7,233.9,231.9,233.7,575.769
2026-07-14 04:00:00+00:00,233.7,234.2,232.9,233.2,395.949
2026-07-14 05:00:00+00:00,233.1,237.6,232.9,236.3,2376.534
2026-07-14 06:00:00+00:00,236.3,236.3,235.5,235.8,317.631
2026-07-14 07:00:00+00:00,235.8,236.0,234.5,234.9,463.747
2026-07-14 08:00:00+00:00,234.9,236.4,234.7,236.0,495.183
2026-07-14 09:00:00+00:00,235.9,236.7,235.9,236.2,233.864
2026-07-14 10:00:00+00:00,236.1,237.2,236.1,237.0,289.867
2026-07-14 11:00:00+00:00,236.9,238.3,236.8,237.9,652.6
2026-07-14 12:00:00+00:00,238.0,240.7,237.4,240.1,2127.0
2026-07-14 13:00:00+00:00,240.2,242.3,239.1,239.2,1720.26
2026-07-14 14:00:00+00:00,239.3,240.0,238.1,239.6,1803.222
2026-07-14 15:00:00+00:00,239.6,240.5,238.9,239.2,1474.721
2026-07-14 16:00:00+00:00,239.2,239.8,238.0,238.1,864.089
2026-07-14 17:00:00+00:00,238.0,238.1,236.4,237.4,742.458
2026-07-14 18:00:00+00:00,237.4,237.5,236.3,236.6,472.135
2026-07-14 19:00:00+00:00,236.5,237.5,235.9,236.0,621.802
2026-07-14 20:00:00+00:00,236.0,236.5,235.6,236.4,331.957
2026-07-14 21:00:00+00:00,236.4,237.6,236.0,236.6,500.008
2026-07-14 22:00:00+00:00,236.6,237.1,235.4,236.1,1014.318
2026-07-14 23:00:00+00:00,236.1,237.3,235.8,236.8,610.89
2026-07-15 00:00:00+00:00,236.9,237.0,235.1,235.6,735.912
2026-07-15 01:00:00+00:00,235.6,235.6,233.3,233.9,758.301
2026-07-15 02:00:00+00:00,233.8,233.8,231.3,231.9,1382.932
2026-07-15 03:00:00+00:00,231.9,234.9,231.5,233.5,820.379
2026-07-15 04:00:00+00:00,233.6,233.9,232.7,233.2,885.823
2026-07-15 05:00:00+00:00,233.3,236.6,232.8,235.2,2241.493
2026-07-15 06:00:00+00:00,235.2,238.3,234.9,235.8,1727.61
2026-07-15 07:00:00+00:00,235.8,236.3,234.4,235.1,640.444
2026-07-15 08:00:00+00:00,235.2,236.5,234.8,236.5,755.27
2026-07-15 09:00:00+00:00,236.5,237.2,235.6,235.8,494.962
2026-07-15 10:00:00+00:00,235.8,236.2,234.2,234.4,539.962
2026-07-15 11:00:00+00:00,234.4,235.6,234.3,235.4,409.619
2026-07-15 12:00:00+00:00,235.5,237.6,234.8,237.4,1560.215
2026-07-15 13:00:00+00:00,237.4,238.2,235.2,235.7,1271.998
2026-07-15 14:00:00+00:00,235.8,236.2,233.8,234.8,749.309
2026-07-15 15:00:00+00:00,234.7,235.1,233.7,234.6,921.857
2026-07-15 16:00:00+00:00,234.6,234.9,230.3,230.7,2576.182
2026-07-15 17:00:00+00:00,230.8,230.8,225.8,228.4,4487.333
2026-07-15 18:00:00+00:00,228.4,231.1,227.9,228.7,2066.079
2026-07-15 19:00:00+00:00,228.8,229.3,227.5,227.7,869.356
2026-07-15 20:00:00+00:00,227.7,229.5,227.3,228.4,2053.657
2026-07-15 21:00:00+00:00,228.4,228.6,226.0,226.7,1131.264
2026-07-15 22:00:00+00:00,226.7,228.1,226.3,226.7,998.104
2026-07-15 23:00:00+00:00,226.8,226.8,222.3,223.1,2934.561
2026-07-16 00:00:00+00:00,223.1,223.8,220.2,221.1,2295.235
2026-07-16 01:00:00+00:00,221.1,223.4,220.5,221.8,3914.652
2026-07-16 02:00:00+00:00,221.8,223.8,221.7,223.6,1206.197
2026-07-16 03:00:00+00:00,223.5,224.4,220.6,220.9,1522.138
2026-07-16 04:00:00+00:00,220.8,222.8,220.5,222.5,3325.701
2026-07-16 05:00:00+00:00,222.5,227.3,221.0,223.8,12654.679
2026-07-16 06:00:00+00:00,223.8,224.9,223.5,224.5,2065.069
2026-07-16 07:00:00+00:00,224.5,224.7,222.3,224.6,1802.91
2026-07-16 08:00:00+00:00,224.5,224.5,222.2,223.9,1975.967
2026-07-16 09:00:00+00:00,224.0,224.2,220.5,221.6,1596.628
2026-07-16 10:00:00+00:00,221.7,222.9,219.4,221.1,10361.716
2026-07-16 11:00:00+00:00,221.1,222.5,220.8,222.2,1097.1
2026-07-16 12:00:00+00:00,222.2,222.8,220.9,221.5,1099.479
2026-07-16 13:00:00+00:00,221.6,223.7,220.4,223.0,2505.534
2026-07-16 14:00:00+00:00,223.0,224.3,222.1,223.4,2055.521
2026-07-16 15:00:00+00:00,223.4,223.9,221.7,222.9,796.826
2026-07-16 16:00:00+00:00,222.9,223.1,221.4,222.1,639.432
2026-07-16 17:00:00+00:00,222.0,223.0,220.8,222.4,855.05
2026-07-16 18:00:00+00:00,222.4,224.2,221.8,221.8,1235.648
2026-07-16 19:00:00+00:00,221.8,223.1,221.4,222.5,823.909
2026-07-16 20:00:00+00:00,222.6,222.6,221.3,222.1,434.716
2026-07-16 21:00:00+00:00,222.2,222.9,221.5,222.8,977.131
2026-07-16 22:00:00+00:00,222.8,223.4,221.2,221.3,588.275
2026-07-16 23:00:00+00:00,221.3,222.0,220.7,221.9,866.562
2026-07-17 00:00:00+00:00,222.0,224.2,221.9,224.1,642.519
2026-07-17 01:00:00+00:00,224.1,224.6,222.3,223.0,1855.248
2026-07-17 02:00:00+00:00,223.0,223.2,221.4,222.2,777.971
2026-07-17 03:00:00+00:00,222.2,224.0,222.2,223.0,759.434
2026-07-17 04:00:00+00:00,222.9,223.9,222.6,223.4,989.243
2026-07-17 05:00:00+00:00,223.4,224.1,221.7,222.0,1452.488
2026-07-17 06:00:00+00:00,222.0,223.7,221.1,222.8,12803.008
2026-07-17 07:00:00+00:00,222.7,223.6,222.0,222.2,1469.422
2026-07-17 08:00:00+00:00,222.1,223.2,221.2,222.9,1013.533
2026-07-17 09:00:00+00:00,222.8,223.4,222.8,223.1,607.986
2026-07-17 10:00:00+00:00,223.1,223.6,222.0,222.5,1037.65
2026-07-17 11:00:00+00:00,222.5,222.9,217.0,218.4,3671.032
2026-07-17 12:00:00+00:00,218.5,219.2,217.9,218.7,1088.501
2026-07-17 13:00:00+00:00,218.6,218.6,215.6,218.0,2388.73
2026-07-17 14:00:00+00:00,218.1,219.0,217.3,217.4,1175.626
2026-07-17 15:00:00+00:00,217.4,217.9,213.8,216.9,12250.797
2026-07-17 16:00:00+00:00,216.9,218.0,215.8,217.3,5591.605
2026-07-17 17:00:00+00:00,217.2,219.8,217.2,219.0,1292.342
2026-07-17 18:00:00+00:00,219.0,220.8,218.9,220.2,648.779
2026-07-17 19:00:00+00:00,220.2,220.4,219.2,220.1,563.268
2026-07-17 20:00:00+00:00,220.0,220.5,219.6,220.4,367.15
2026-07-17 21:00:00+00:00,220.4,221.6,219.2,219.3,995.212
2026-07-17 22:00:00+00:00,219.4,220.2,219.1,219.5,551.008
2026-07-17 23:00:00+00:00,219.5,220.0,219.0,219.7,367.392
2026-07-18 00:00:00+00:00,219.8,220.4,219.1,219.7,619.14
2026-07-18 01:00:00+00:00,219.7,219.7,218.4,218.8,646.236
2026-07-18 02:00:00+00:00,218.8,219.6,218.5,219.2,336.869
2026-07-18 03:00:00+00:00,219.1,220.0,218.6,219.3,487.187
2026-07-18 04:00:00+00:00,219.4,219.9,218.5,218.7,405.422
2026-07-18 05:00:00+00:00,218.6,219.4,218.4,218.7,384.346
2026-07-18 06:00:00+00:00,218.7,219.1,218.4,218.9,342.049
2026-07-18 07:00:00+00:00,218.8,219.1,218.3,218.9,374.185
2026-07-18 08:00:00+00:00,218.8,219.5,218.2,218.7,924.314
2026-07-18 09:00:00+00:00,218.8,218.8,217.0,218.3,736.148
2026-07-18 10:00:00+00:00,218.4,218.5,217.8,218.3,950.261
2026-07-18 11:00:00+00:00,218.3,219.8,218.3,219.5,423.961
2026-07-18 12:00:00+00:00,219.6,219.9,218.5,219.3,380.242
2026-07-18 13:00:00+00:00,219.3,222.0,218.6,220.5,1229.516
2026-07-18 14:00:00+00:00,220.6,221.1,219.9,220.5,785.796
2026-07-18 15:00:00+00:00,220.5,220.8,219.5,219.8,351.323
2026-07-18 16:00:00+00:00,219.9,220.4,218.6,219.7,910.909
2026-07-18 17:00:00+00:00,219.7,221.2,219.6,220.9,975.998
2026-07-18 18:00:00+00:00,220.9,221.3,220.4,220.6,828.93
2026-07-18 19:00:00+00:00,220.6,220.8,220.1,220.3,682.101
2026-07-18 20:00:00+00:00,220.3,221.0,220.0,220.5,469.074
2026-07-18 21:00:00+00:00,220.5,220.7,219.7,220.4,438.98
2026-07-18 22:00:00+00:00,220.3,220.8,219.7,220.0,423.997
2026-07-18 23:00:00+00:00,220.0,220.6,219.9,220.2,510.068
2026-07-19 00:00:00+00:00,220.1,220.3,219.4,219.8,635.438
2026-07-19 01:00:00+00:00,219.8,220.3,219.5,219.6,186.508
2026-07-19 02:00:00+00:00,219.7,220.5,219.6,219.7,312.466
2026-07-19 03:00:00+00:00,219.7,219.8,218.3,218.5,429.567
2026-07-19 04:00:00+00:00,218.4,219.1,218.1,218.9,322.251
2026-07-19 05:00:00+00:00,218.9,219.7,217.7,218.0,471.194
2026-07-19 06:00:00+00:00,218.1,219.1,217.9,218.7,300.027
2026-07-19 07:00:00+00:00,218.8,218.8,218.0,218.1,526.65
2026-07-19 08:00:00+00:00,218.1,218.5,217.4,217.8,441.887
2026-07-19 09:00:00+00:00,217.9,218.1,217.2,217.6,545.388
2026-07-19 10:00:00+00:00,217.6,218.5,217.2,218.1,815.487
2026-07-19 11:00:00+00:00,218.2,218.2,217.0,217.3,506.433
2026-07-19 12:00:00+00:00,217.3,217.4,216.3,216.9,585.788
2026-07-19 13:00:00+00:00,216.9,217.5,216.2,217.3,1134.496
2026-07-19 14:00:00+00:00,217.3,217.4,216.0,216.5,821.626
2026-07-19 15:00:00+00:00,216.4,216.5,214.2,216.1,2520.709
2026-07-19 16:00:00+00:00,216.1,217.2,216.0,216.0,567.258
2026-07-19 17:00:00+00:00,216.0,217.5,215.1,216.3,679.541
2026-07-19 18:00:00+00:00,216.3,216.7,215.3,216.7,350.477
2026-07-19 19:00:00+00:00,216.8,218.0,216.4,217.8,367.274
2026-07-19 20:00:00+00:00,217.9,217.9,217.1,217.2,278.18
2026-07-19 21:00:00+00:00,217.3,217.3,215.9,216.2,404.847
2026-07-19 22:00:00+00:00,216.1,217.5,215.8,216.1,552.842
2026-07-19 23:00:00+00:00,216.0,216.0,214.1,215.3,1144.648
2026-07-20 00:00:00+00:00,215.3,215.5,212.6,213.4,1938.135
2026-07-20 01:00:00+00:00,213.3,214.9,211.6,212.1,1550.655
2026-07-20 02:00:00+00:00,212.2,214.6,212.1,213.9,995.074
2026-07-20 03:00:00+00:00,213.9,214.4,212.8,214.1,566.341
2026-07-20 04:00:00+00:00,214.1,214.1,209.8,210.9,1750.532
2026-07-20 05:00:00+00:00,210.9,211.9,210.0,211.3,934.717
2026-07-20 06:00:00+00:00,211.2,212.4,210.8,211.6,891.73
2026-07-20 07:00:00+00:00,211.7,213.0,211.5,212.6,563.366
2026-07-20 08:00:00+00:00,212.6,212.7,211.1,211.9,1539.041
2026-07-20 09:00:00+00:00,211.8,213.4,211.7,212.8,312.041
2026-07-20 10:00:00+00:00,212.8,213.7,212.5,212.6,810.817
2026-07-20 11:00:00+00:00,212.5,215.5,212.5,214.9,1379.971
2026-07-20 12:00:00+00:00,214.9,215.7,214.4,214.8,653.796
2026-07-20 13:00:00+00:00,214.8,216.2,214.2,214.5,965.05
2026-07-20 14:00:00+00:00,214.5,216.0,214.3,215.3,532.998
2026-07-20 15:00:00+00:00,215.3,219.0,215.3,217.9,2660.643
2026-07-20 16:00:00+00:00,218.0,218.0,216.5,217.3,1297.325
2026-07-20 17:00:00+00:00,217.3,218.2,217.1,217.8,377.755
2026-07-20 18:00:00+00:00,217.9,218.4,217.1,217.2,333.515
2026-07-20 19:00:00+00:00,217.2,218.1,216.7,217.8,719.123
2026-07-20 20:00:00+00:00,217.8,220.4,217.7,219.8,1077.251
2026-07-20 21:00:00+00:00,219.8,221.3,218.6,220.2,2724.546
2026-07-20 22:00:00+00:00,220.2,220.8,219.8,219.8,460.972
2026-07-20 23:00:00+00:00,219.9,221.0,219.8,219.9,384.393
2026-07-21 00:00:00+00:00,219.9,221.5,219.7,220.9,906.892
2026-07-21 01:00:00+00:00,220.9,221.4,220.7,220.8,491.77
2026-07-21 02:00:00+00:00,220.8,222.5,220.8,222.3,691.849
2026-07-21 03:00:00+00:00,222.2,223.8,221.9,223.6,2145.095
2026-07-21 04:00:00+00:00,223.5,224.5,223.4,224.3,2100.822
2026-07-21 05:00:00+00:00,224.3,225.1,223.8,224.2,619.899
2026-07-21 06:00:00+00:00,224.2,224.4,223.2,223.2,542.064
2026-07-21 07:00:00+00:00,223.3,224.5,222.7,223.9,1099.766
2026-07-21 08:00:00+00:00,223.9,224.4,223.3,223.8,718.144
2026-07-21 09:00:00+00:00,223.7,224.6,223.4,223.7,690.859
2026-07-21 10:00:00+00:00,223.7,225.8,223.7,224.4,962.428
2026-07-21 11:00:00+00:00,224.5,225.5,224.2,225.3,519.706
2026-07-21 12:00:00+00:00,225.3,225.5,224.6,225.3,802.697
2026-07-21 13:00:00+00:00,225.3,226.8,225.0,226.4,1334.198
2026-07-21 14:00:00+00:00,226.4,226.8,225.4,225.9,1239.204
2026-07-21 15:00:00+00:00,225.9,226.0,223.7,225.7,1685.381
2026-07-21 16:00:00+00:00,225.6,225.9,224.7,225.5,746.757
2026-07-21 17:00:00+00:00,225.4,225.7,223.7,224.9,744.799
2026-07-21 18:00:00+00:00,224.9,225.5,224.7,225.1,493.014
2026-07-21 19:00:00+00:00,225.0,225.4,223.5,224.0,1092.632
2026-07-21 20:00:00+00:00,224.0,224.0,223.2,223.8,414.981
2026-07-21 21:00:00+00:00,223.7,225.1,223.5,224.3,488.253
2026-07-21 22:00:00+00:00,224.2,224.2,223.5,223.9,230.216
2026-07-21 23:00:00+00:00,223.8,224.1,223.5,223.9,242.301
2026-07-22 00:00:00+00:00,224.0,224.5,223.6,224.2,1719.353
2026-07-22 01:00:00+00:00,224.3,224.9,224.1,224.6,592.541
2026-07-22 02:00:00+00:00,224.6,225.6,224.5,225.4,418.778
2026-07-22 03:00:00+00:00,225.4,225.4,224.3,224.3,286.222
2026-07-22 04:00:00+00:00,224.2,225.2,224.1,224.5,394.113
2026-07-22 05:00:00+00:00,224.5,224.5,221.6,221.9,1029.081
2026-07-22 06:00:00+00:00,221.8,222.3,220.4,220.8,788.297
2026-07-22 07:00:00+00:00,220.8,221.3,220.3,220.9,383.748
2026-07-22 08:00:00+00:00,220.8,222.0,220.8,220.9,359.089
2026-07-22 09:00:00+00:00,220.9,221.7,220.7,221.1,510.344
2026-07-22 10:00:00+00:00,221.0,222.8,220.9,222.1,849.25
2026-07-22 11:00:00+00:00,222.1,222.8,221.2,221.3,380.126
2026-07-22 12:00:00+00:00,221.3,222.4,220.5,221.2,1198.488
2026-07-22 13:00:00+00:00,221.2,221.9,220.6,221.8,902.833
2026-07-22 14:00:00+00:00,221.7,222.6,219.6,220.6,765.003
2026-07-22 15:00:00+00:00,220.6,222.0,220.2,220.8,922.156
2026-07-22 16:00:00+00:00,220.7,221.0,219.3,220.9,743.932
2026-07-22 17:00:00+00:00,220.9,221.5,220.1,220.5,516.76
2026-07-22 18:00:00+00:00,220.4,220.6,219.0,219.8,331.165
2026-07-22 19:00:00+00:00,219.8,219.9,218.5,219.4,352.471
2026-07-22 20:00:00+00:00,219.3,219.7,218.8,219.1,431.383
2026-07-22 21:00:00+00:00,219.1,220.3,218.9,220.0,216.851
2026-07-22 22:00:00+00:00,220.1,220.9,219.6,220.3,676.651
2026-07-22 23:00:00+00:00,220.3,220.3,219.3,220.0,235.9
2026-07-23 00:00:00+00:00,220.0,220.5,219.8,219.8,147.538
2026-07-23 01:00:00+00:00,219.7,219.9,219.2,219.6,112.085
2026-07-23 02:00:00+00:00,219.5,219.6,217.7,218.8,671.049
2026-07-23 03:00:00+00:00,218.8,218.9,217.7,218.1,168.099
2026-07-23 04:00:00+00:00,218.1,218.4,217.5,217.8,134.654
2026-07-23 05:00:00+00:00,217.8,218.2,217.3,217.6,227.048
2026-07-23 06:00:00+00:00,217.6,217.7,217.1,217.3,258.126
2026-07-23 07:00:00+00:00,217.2,217.2,215.4,216.0,1042.039
2026-07-23 08:00:00+00:00,216.0,217.3,215.8,216.4,1221.178
2026-07-23 09:00:00+00:00,216.3,216.6,216.0,216.4,527.637
2026-07-23 10:00:00+00:00,216.4,216.8,216.1,216.3,273.643
2026-07-23 11:00:00+00:00,216.4,217.5,215.6,216.3,2580.394
2026-07-23 12:00:00+00:00,216.3,216.9,215.0,216.0,1176.1
2026-07-23 13:00:00+00:00,216.0,216.1,214.0,214.2,2687.992
2026-07-23 14:00:00+00:00,214.2,215.2,213.9,214.5,674.034
2026-07-23 15:00:00+00:00,214.5,214.7,213.5,214.4,1001.384
2026-07-23 16:00:00+00:00,214.3,214.3,211.6,212.7,1973.696
2026-07-23 17:00:00+00:00,212.7,212.8,209.9,210.4,2300.469
2026-07-23 18:00:00+00:00,210.5,211.0,208.2,210.6,1423.57
2026-07-23 19:00:00+00:00,210.6,211.0,209.3,210.1,573.361
2026-07-23 20:00:00+00:00,210.1,212.3,209.8,211.7,783.338
2026-07-23 21:00:00+00:00,211.7,212.4,211.3,211.3,264.114
2026-07-23 22:00:00+00:00,211.3,212.4,210.9,212.0,379.181
2026-07-23 23:00:00+00:00,212.0,213.0,211.8,211.8,1008.439
2026-07-24 00:00:00+00:00,211.8,212.3,209.7,210.8,1056.484
2026-07-24 01:00:00+00:00,210.7,210.8,210.1,210.2,436.047
2026-07-24 02:00:00+00:00,210.1,210.7,209.4,210.0,710.777
2026-07-24 03:00:00+00:00,209.9,211.8,209.8,211.7,566.383
2026-07-24 04:00:00+00:00,211.8,211.9,210.8,211.0,457.228
2026-07-24 05:00:00+00:00,211.1,212.0,210.8,211.4,321.983
2026-07-24 06:00:00+00:00,211.3,212.3,211.2,211.9,335.365
2026-07-24 07:00:00+00:00,212.0,213.4,212.0,212.5,1296.433
2026-07-24 08:00:00+00:00,212.5,212.5,211.7,211.9,302.953
2026-07-24 09:00:00+00:00,211.9,212.0,210.8,211.5,583.398
2026-07-24 10:00:00+00:00,211.5,211.5,210.0,210.2,1121.707
2026-07-24 11:00:00+00:00,210.2,210.7,209.8,210.3,450.379
2026-07-24 12:00:00+00:00,210.2,210.8,209.3,209.6,403.704
2026-07-24 13:00:00+00:00,209.6,209.8,207.6,209.3,1813.457
2026-07-24 14:00:00+00:00,209.4,209.8,208.1,209.4,559.682
2026-07-24 15:00:00+00:00,209.4,210.6,208.7,209.8,915.951
2026-07-24 16:00:00+00:00,209.8,210.4,208.3,208.6,1012.995
2026-07-24 17:00:00+00:00,208.6,210.1,208.3,210.0,747.171
2026-07-24 18:00:00+00:00,210.1,210.2,209.1,209.6,658.664
2026-07-24 19:00:00+00:00,209.7,209.9,209.3,209.6,190.383
2026-07-24 20:00:00+00:00,209.5,210.1,209.3,209.9,355.515
2026-07-24 21:00:00+00:00,209.8,210.1,208.7,209.3,375.4
2026-07-24 22:00:00+00:00,209.3,210.3,209.2,210.2,110.478
2026-07-24 23:00:00+00:00,210.1,211.1,210.1,211.0,471.64
2026-07-25 00:00:00+00:00,211.0,211.1,210.5,210.9,473.216
2026-07-25 01:00:00+00:00,211.0,211.4,210.2,210.2,830.593
2026-07-25 02:00:00+00:00,210.2,210.8,210.2,210.7,157.442
2026-07-25 03:00:00+00:00,210.7,211.0,210.6,210.9,57.096
2026-07-25 04:00:00+00:00,211.0,211.5,210.9,211.2,121.43
2026-07-25 05:00:00+00:00,211.2,211.4,210.4,210.7,230.651
2026-07-25 06:00:00+00:00,210.6,211.7,209.8,211.6,1370.358
2026-07-25 07:00:00+00:00,211.5,213.0,211.1,211.5,4349.453
2026-07-25 08:00:00+00:00,211.6,211.6,209.3,209.6,4918.428
2026-07-25 09:00:00+00:00,209.6,210.3,209.4,210.3,422.026
2026-07-25 10:00:00+00:00,210.3,210.7,210.3,210.7,643.69
2026-07-25 11:00:00+00:00,210.6,211.0,210.2,210.6,268.225
2026-07-25 12:00:00+00:00,210.6,211.0,210.5,210.7,432.774
2026-07-25 13:00:00+00:00,210.7,211.5,210.5,210.5,370.414
2026-07-25 14:00:00+00:00,210.6,210.7,209.5,210.0,1077.931
2026-07-25 15:00:00+00:00,209.9,210.3,209.7,209.9,222.171
2026-07-25 16:00:00+00:00,209.9,210.1,209.5,210.0,302.79
2026-07-25 17:00:00+00:00,210.0,210.6,209.7,210.0,423.973
2026-07-25 18:00:00+00:00,210.0,210.5,209.8,210.0,189.714
2026-07-25 19:00:00+00:00,210.1,210.2,209.4,209.5,362.837
2026-07-25 20:00:00+00:00,209.5,209.6,209.3,209.5,208.789
2026-07-25 21:00:00+00:00,209.5,210.0,209.1,209.5,309.085
2026-07-25 22:00:00+00:00,209.6,209.9,209.3,209.9,255.992
2026-07-25 23:00:00+00:00,209.7,210.4,209.6,209.8,145.893
2026-07-26 00:00:00+00:00,209.8,210.3,209.2,209.3,298.269
2026-07-26 01:00:00+00:00,209.4,209.9,209.3,209.6,115.898
2026-07-26 02:00:00+00:00,209.6,209.8,209.1,209.7,274.469
2026-07-26 03:00:00+00:00,209.8,211.8,209.6,210.9,1611.7
2026-07-26 04:00:00+00:00,211.0,211.6,210.5,211.1,285.311
2026-07-26 05:00:00+00:00,211.1,211.4,210.2,210.2,416.103
2026-07-26 06:00:00+00:00,210.3,210.6,209.2,210.6,425.21
2026-07-26 07:00:00+00:00,210.5,210.5,209.8,210.1,539.109
2026-07-26 08:00:00+00:00,210.1,210.5,209.7,209.8,462.657
2026-07-26 09:00:00+00:00,209.8,210.7,209.7,210.5,264.053
2026-07-26 10:00:00+00:00,210.6,211.2,210.5,211.1,431.337
2026-07-26 11:00:00+00:00,211.0,211.7,210.7,210.9,826.138
2026-07-26 12:00:00+00:00,210.9,211.7,210.9,211.3,617.856
2026-07-26 13:00:00+00:00,211.4,211.4,210.5,210.6,462.969
2026-07-26 14:00:00+00:00,210.7,211.9,210.6,211.5,1095.502
2026-07-26 15:00:00+00:00,211.6,212.5,211.3,212.5,695.21
2026-07-26 16:00:00+00:00,212.5,214.4,211.9,213.9,1320.696
2026-07-26 17:00:00+00:00,213.9,214.8,213.5,214.6,658.961
2026-07-26 18:00:00+00:00,214.5,219.0,214.2,218.7,1146.084
2026-07-26 19:00:00+00:00,218.7,219.1,216.6,217.3,1726.498
2026-07-26 20:00:00+00:00,217.3,217.3,214.8,215.1,1222.986
2026-07-26 21:00:00+00:00,215.2,216.0,214.3,215.3,530.604
2026-07-26 22:00:00+00:00,215.4,216.9,215.4,216.8,733.303
2026-07-26 23:00:00+00:00,216.8,217.6,216.0,217.1,387.121
2026-07-27 00:00:00+00:00,217.1,219.0,216.8,217.3,962.125
2026-07-27 01:00:00+00:00,217.3,217.3,214.7,215.8,731.548
2026-07-27 02:00:00+00:00,216.0,216.0,214.8,215.4,730.551
2026-07-27 03:00:00+00:00,215.4,216.1,214.9,216.1,482.615
2026-07-27 04:00:00+00:00,216.0,217.3,216.0,217.2,639.133
2026-07-27 05:00:00+00:00,217.2,218.3,217.0,218.2,1249.194
2026-07-27 06:00:00+00:00,218.3,219.0,217.0,217.1,1001.548
2026-07-27 07:00:00+00:00,217.1,217.4,216.2,216.6,950.836
2026-07-27 08:00:00+00:00,216.5,216.7,215.5,215.7,394.24
2026-07-27 09:00:00+00:00,215.6,216.6,214.2,216.4,1489.73
2026-07-27 10:00:00+00:00,216.4,219.8,216.2,219.3,5842.991
2026-07-27 11:00:00+00:00,219.3,219.8,218.1,219.2,2964.572
2026-07-27 12:00:00+00:00,219.2,220.2,218.2,219.0,1655.216
2026-07-27 13:00:00+00:00,219.0,220.0,218.0,218.3,1339.386
2026-07-27 14:00:00+00:00,218.3,218.4,213.3,214.7,3575.743
2026-07-27 15:00:00+00:00,214.7,216.4,214.5,215.4,2278.626
2026-07-27 16:00:00+00:00,215.4,216.8,215.0,216.6,941.546
2026-07-27 17:00:00+00:00,216.7,216.9,215.5,215.5,244.407
2026-07-27 18:00:00+00:00,215.6,215.7,213.8,215.1,779.11
2026-07-27 19:00:00+00:00,215.2,216.0,214.8,215.8,300.373
2026-07-27 20:00:00+00:00,215.8,216.5,215.6,216.2,525.775
2026-07-27 21:00:00+00:00,216.2,216.2,215.0,215.4,335.712
2026-07-27 22:00:00+00:00,215.4,215.5,211.1,212.2,1893.171
2026-07-27 23:00:00+00:00,212.2,212.6,210.9,211.8,1118.146
2026-07-28 00:00:00+00:00,212.0,213.4,211.6,213.1,617.236
2026-07-28 01:00:00+00:00,213.2,213.5,211.4,213.3,719.23
2026-07-28 02:00:00+00:00,213.3,215.4,213.2,213.7,737.758
2026-07-28 03:00:00+00:00,213.8,214.1,212.9,213.7,527.282
2026-07-28 04:00:00+00:00,213.6,214.1,212.7,212.8,250.826
2026-07-28 05:00:00+00:00,212.7,213.6,212.3,213.0,1211.798
2026-07-28 06:00:00+00:00,212.9,213.7,212.1,213.2,719.861
2026-07-28 07:00:00+00:00,213.2,213.2,212.2,212.8,553.637
2026-07-28 08:00:00+00:00,212.7,213.4,212.6,213.2,608.494
2026-07-28 09:00:00+00:00,213.2,214.6,213.1,213.9,429.459
2026-07-28 10:00:00+00:00,213.9,214.3,213.2,213.2,306.217
2026-07-28 11:00:00+00:00,213.2,213.6,211.9,212.7,2343.989
2026-07-28 12:00:00+00:00,212.7,213.9,212.5,213.8,1312.204
2026-07-28 13:00:00+00:00,213.8,213.9,209.4,210.4,4497.816
2026-07-28 14:00:00+00:00,210.3,211.8,209.3,211.1,919.632
2026-07-28 15:00:00+00:00,211.1,215.2,210.9,214.7,1285.324
2026-07-28 16:00:00+00:00,214.6,214.9,212.8,213.6,1017.768
2026-07-28 17:00:00+00:00,213.5,213.5,211.9,213.1,835.995
2026-07-28 18:00:00+00:00,213.1,213.7,212.4,212.7,318.769
2026-07-28 19:00:00+00:00,212.8,213.8,212.7,213.6,309.522
2026-07-28 20:00:00+00:00,213.6,214.1,213.1,213.9,596.563
2026-07-28 21:00:00+00:00,213.9,214.9,213.8,214.4,211.422
2026-07-28 22:00:00+00:00,214.5,214.7,213.2,213.2,316.641
2026-07-28 23:00:00+00:00,213.1,214.6,212.7,214.3,233.56
2026-07-29 00:00:00+00:00,214.3,216.2,214.2,215.5,740.946
2026-07-29 01:00:00+00:00,215.5,215.8,214.2,214.2,253.492
2026-07-29 02:00:00+00:00,214.2,215.5,213.8,214.6,404.145
2026-07-29 03:00:00+00:00,214.5,214.6,211.1,211.5,1034.263
2026-07-29 04:00:00+00:00,211.5,212.6,210.9,212.2,649.887
2026-07-29 05:00:00+00:00,212.2,214.2,212.2,213.7,345.084
2026-07-29 06:00:00+00:00,213.6,216.0,213.1,214.1,2224.679
2026-07-29 07:00:00+00:00,214.1,214.3,213.5,214.2,1168.254
2026-07-29 08:00:00+00:00,214.3,214.3,212.5,212.6,309.574
2026-07-29 09:00:00+00:00,212.6,213.5,212.6,213.0,209.034
2026-07-29 10:00:00+00:00,212.9,213.1,211.4,211.8,615.642
2026-07-29 11:00:00+00:00,211.8,212.6,211.5,212.2,277.167
2026-07-29 12:00:00+00:00,212.2,212.4,211.6,211.7,358.538
2026-07-29 13:00:00+00:00,211.7,211.8,210.3,210.9,1616.448
2026-07-29 14:00:00+00:00,210.9,211.1,209.8,210.2,682.591
2026-07-29 15:00:00+00:00,210.1,211.6,209.4,210.9,990.043
2026-07-29 16:00:00+00:00,210.9,211.0,209.5,210.7,792.406
2026-07-29 17:00:00+00:00,210.8,211.5,210.3,211.0,582.841
2026-07-29 18:00:00+00:00,211.0,212.5,209.2,211.4,1544.836
2026-07-29 19:00:00+00:00,211.3,211.8,205.7,206.0,2296.217
2026-07-29 20:00:00+00:00,206.0,206.4,204.4,205.5,1327.804
2026-07-29 21:00:00+00:00,205.4,207.5,204.8,207.3,1112.21
2026-07-29 22:00:00+00:00,207.4,209.9,207.4,209.7,740.182
2026-07-29 23:00:00+00:00,209.7,212.5,209.6,211.5,621.666
2026-07-30 00:00:00+00:00,211.5,211.7,208.4,209.0,581.796
2026-07-30 01:00:00+00:00,209.0,210.8,208.3,210.5,426.848
2026-07-30 02:00:00+00:00,210.5,211.0,209.9,210.1,350.766
2026-07-30 03:00:00+00:00,210.2,211.2,210.1,210.4,235.331
2026-07-30 04:00:00+00:00,210.3,210.5,209.6,209.8,158.95
2026-07-30 05:00:00+00:00,209.9,211.2,209.7,210.6,462.222
2026-07-30 06:00:00+00:00,210.5,210.8,210.1,210.5,184.224
2026-07-30 07:00:00+00:00,210.5,211.0,209.6,209.6,492.725
2026-07-30 08:00:00+00:00,209.6,210.6,209.5,210.3,313.487
2026-07-30 09:00:00+00:00,210.3,211.4,210.1,211.0,1201.927
2026-07-30 10:00:00+00:00,211.0,211.1,210.2,210.5,261.27
2026-07-30 11:00:00+00:00,210.5,211.4,210.2,211.2,267.679
2026-07-30 12:00:00+00:00,211.2,212.2,211.1,211.8,869.07
2026-07-30 13:00:00+00:00,211.7,221.5,211.3,219.6,7151.012
2026-07-30 14:00:00+00:00,219.5,220.6,217.4,218.7,2335.876
2026-07-30 15:00:00+00:00,218.7,220.1,218.4,219.9,1193.339
2026-07-30 16:00:00+00:00,219.9,222.0,219.9,220.4,1905.807
2026-07-30 17:00:00+00:00,220.5,220.6,218.4,219.6,665.569
2026-07-30 18:00:00+00:00,219.6,220.2,219.4,219.7,370.377
2026-07-30 19:00:00+00:00,219.7,219.7,218.4,218.7,881.649
2026-07-30 20:00:00+00:00,218.6,219.2,217.8,217.9,1058.181
2026-07-30 21:00:00+00:00,217.8,217.9,216.1,216.2,1124.99
2026-07-30 22:00:00+00:00,216.2,217.1,215.9,216.2,494.086
2026-07-30 23:00:00+00:00,216.2,217.9,216.1,217.0,1172.518
2026-07-31 00:00:00+00:00,216.9,218.3,215.7,215.9,693.004
2026-07-31 01:00:00+00:00,216.0,217.9,216.0,217.0,682.693
2026-07-31 02:00:00+00:00,217.0,217.1,215.1,215.4,389.119
2026-07-31 03:00:00+00:00,215.4,215.4,214.0,214.6,733.094
2026-07-31 04:00:00+00:00,214.6,214.8,213.7,214.1,229.227
2026-07-31 05:00:00+00:00,214.1,215.0,213.9,214.4,111.522
2026-07-31 06:00:00+00:00,214.3,215.1,214.0,214.0,827.947
2026-07-31 07:00:00+00:00,213.9,214.0,212.1,213.9,671.319
2026-07-31 08:00:00+00:00,213.9,214.2,213.0,213.3,630.382
2026-07-31 09:00:00+00:00,213.3,213.4,205.0,205.8,6803.166
2026-07-31 10:00:00+00:00,205.9,208.1,205.9,207.8,1345.292
2026-07-31 11:00:00+00:00,207.8,208.3,207.4,207.5,534.262
2026-07-31 12:00:00+00:00,207.6,207.6,206.8,207.5,592.777
2026-07-31 13:00:00+00:00,207.6,208.1,206.0,206.6,1026.532
2026-07-31 14:00:00+00:00,206.5,207.9,205.5,206.9,1611.264
2026-07-31 15:00:00+00:00,206.9,207.6,206.4,207.5,764.584
2026-07-31 16:00:00+00:00,207.5,209.2,207.4,208.9,1488.997
2026-07-31 17:00:00+00:00,208.9,210.0,208.4,209.2,486.497
2026-07-31 18:00:00+00:00,209.2,209.7,208.5,209.6,346.951
2026-07-31 19:00:00+00:00,209.6,209.8,208.4,208.5,455.985
2026-07-31 20:00:00+00:00,208.5,209.6,208.5,208.9,901.455
2026-07-31 21:00:00+00:00,208.8,209.3,208.3,209.0,247.213
2026-07-31 22:00:00+00:00,208.9,210.0,208.8,209.9,183.235
2026-07-31 23:00:00+00:00,209.9,210.5,209.8,210.0,366.853
2026-08-01 00:00:00+00:00,210.1,210.3,209.0,209.1,532.711
2026-08-01 01:00:00+00:00,209.1,210.9,209.1,210.6,326.72
2026-08-01 02:00:00+00:00,210.7,212.1,210.5,211.9,520.137
2026-08-01 03:00:00+00:00,211.9,212.6,210.9,211.2,1060.331
2026-08-01 04:00:00+00:00,211.3,211.7,210.9,211.2,260.101
2026-08-01 05:00:00+00:00,211.2,211.8,210.3,210.6,260.622
2026-08-01 06:00:00+00:00,210.6,211.4,210.4,211.0,182.446
2026-08-01 07:00:00+00:00,210.9,211.3,210.5,210.7,408.4
2026-08-01 08:00:00+00:00,210.6,211.3,210.3,211.1,394.539
2026-08-01 09:00:00+00:00,211.0,211.2,209.0,209.3,632.115
2026-08-01 10:00:00+00:00,209.2,210.0,208.6,208.9,441.477
2026-08-01 11:00:00+00:00,209.0,209.2,207.9,208.5,1113.421
2026-08-01 12:00:00+00:00,208.4,208.8,208.3,208.5,254.432
2026-08-01 13:00:00+00:00,208.4,208.7,208.1,208.5,170.145
2026-08-01 14:00:00+00:00,208.5,208.7,208.2,208.4,283.392
2026-08-01 15:00:00+00:00,208.5,208.5,207.3,207.8,655.032
2026-08-01 16:00:00+00:00,207.8,208.4,207.6,208.3,806.73
2026-08-01 17:00:00+00:00,208.1,208.5,207.3,207.9,420.122
2026-08-01 18:00:00+00:00,207.8,207.9,205.9,207.0,1598.532
2026-08-01 19:00:00+00:00,207.0,207.3,206.4,206.6,272.316
2026-08-01 20:00:00+00:00,206.6,207.3,206.5,207.2,143.107
2026-08-01 21:00:00+00:00,207.2,208.6,207.2,208.4,288.934
2026-08-01 22:00:00+00:00,208.4,209.0,208.2,208.5,280.837
2026-08-01 23:00:00+00:00,208.5,208.7,207.7,208.1,360.04
2026-08-02 00:00:00+00:00,208.1,208.3,207.2,207.3,254.115
2026-08-02 01:00:00+00:00,207.3,208.2,207.3,207.7,526.458
2026-08-02 02:00:00+00:00,207.7,209.7,207.7,209.5,345.461
2026-08-02 03:00:00+00:00,209.5,209.7,208.9,209.2,241.684
2026-08-02 04:00:00+00:00,209.2,209.9,209.1,209.8,140.18
2026-08-02 05:00:00+00:00,209.8,211.4,209.4,211.1,3054.781
2026-08-02 06:00:00+00:00,211.1,213.2,211.0,211.5,1597.921
2026-08-02 07:00:00+00:00,211.5,212.7,211.4,212.1,675.469
2026-08-02 08:00:00+00:00,212.2,212.5,211.6,212.3,471.744
2026-08-02 09:00:00+00:00,212.3,212.9,211.3,212.7,347.837
2026-08-02 10:00:00+00:00,212.7,213.0,211.8,212.0,302.105
2026-08-02 11:00:00+00:00,212.0,212.4,211.7,211.8,253.753
2026-08-02 12:00:00+00:00,211.9,212.8,211.9,212.1,353.021
2026-08-02 13:00:00+00:00,212.1,212.4,211.7,212.2,241.625
2026-08-02 14:00:00+00:00,212.2,212.5,211.8,212.0,139.956
2026-08-02 15:00:00+00:00,212.0,213.4,212.0,213.2,309.098
2026-08-02 16:00:00+00:00,213.2,214.1,212.3,213.8,375.222
2026-08-02 17:00:00+00:00,213.7,214.2,212.7,212.8,296.597
2026-08-02 18:00:00+00:00,212.8,214.1,212.8,213.6,467.751
2026-08-02 19:00:00+00:00,213.6,214.4,213.6,214.1,351.628
2026-08-02 20:00:00+00:00,214.0,214.0,213.4,213.7,149.62
2026-08-02 21:00:00+00:00,213.7,214.8,213.6,214.0,254.625
2026-08-02 22:00:00+00:00,214.1,214.9,212.9,212.9,378.529
2026-08-02 23:00:00+00:00,212.8,212.9,211.8,212.9,276.35
2026-08-03 00:00:00+00:00,212.7,212.9,212.0,212.7,163.453
2026-08-03 01:00:00+00:00,212.6,212.8,211.7,211.8,286.416
2026-08-03 02:00:00+00:00,211.8,212.4,211.3,211.6,285.607
2026-08-03 03:00:00+00:00,211.6,211.6,210.2,210.8,294.586
2026-08-03 04:00:00+00:00,210.8,211.3,210.3,210.3,214.789
2026-08-03 05:00:00+00:00,210.2,211.9,210.1,210.8,647.207
2026-08-03 06:00:00+00:00,210.8,210.9,209.9,209.9,366.443
2026-08-03 07:00:00+00:00,210.0,210.6,209.8,210.0,232.82
2026-08-03 08:00:00+00:00,210.0,210.0,208.6,209.7,529.554
2026-08-03 09:00:00+00:00,209.7,211.0,209.4,210.7,381.732
2026-08-03 10:00:00+00:00,210.8,210.8,209.9,210.4,352.871
2026-08-03 11:00:00+00:00,210.5,210.8,209.7,209.8,194.104
2026-08-03 12:00:00+00:00,209.9,210.4,209.8,210.1,314.323
2026-08-03 13:00:00+00:00,210.1,211.8,209.4,211.4,1168.997
2026-08-03 14:00:00+00:00,211.5,211.7,210.2,211.5,1229.803
2026-08-03 15:00:00+00:00,211.5,211.5,210.7,211.3,983.966
2026-08-03 16:00:00+00:00,211.4,212.7,210.8,212.5,463.797
2026-08-03 17:00:00+00:00,212.5,214.7,212.3,213.9,707.532
2026-08-03 18:00:00+00:00,213.9,215.4,213.2,213.3,1064.352
2026-08-03 19:00:00+00:00,213.3,214.4,213.1,213.8,696.898
2026-08-03 20:00:00+00:00,213.9,214.8,213.6,214.5,356.483
2026-08-03 21:00:00+00:00,214.4,214.4,213.7,213.9,318.136
2026-08-03 22:00:00+00:00,213.9,214.3,213.5,213.7,306.298
2026-08-03 23:00:00+00:00,213.6,213.6,213.0,213.2,407.021
2026-08-04 00:00:00+00:00,213.2,214.1,211.5,211.6,883.036
2026-08-04 01:00:00+00:00,211.5,213.1,211.4,212.8,291.761
2026-08-04 02:00:00+00:00,212.9,213.7,212.5,213.0,250.491
2026-08-04 03:00:00+00:00,213.1,213.6,212.7,213.2,227.284
2026-08-04 04:00:00+00:00,213.2,214.6,213.2,214.0,406.193
2026-08-04 05:00:00+00:00,214.0,214.0,213.0,213.5,298.56
2026-08-04 06:00:00+00:00,213.5,214.2,213.0,213.2,473.643
2026-08-04 07:00:00+00:00,213.2,213.8,212.8,213.2,225.025
2026-08-04 08:00:00+00:00,213.2,213.7,213.1,213.2,170.835
2026-08-04 09:00:00+00:00,213.2,214.2,213.1,213.2,477.369
2026-08-04 10:00:00+00:00,213.1,214.3,212.6,213.9,556.099
2026-08-04 11:00:00+00:00,214.0,214.3,213.6,214.3,408.93
2026-08-04 12:00:00+00:00,214.2,214.3,213.3,213.5,188.85
2026-08-04 13:00:00+00:00,213.5,214.8,213.2,213.4,1298.253
2026-08-04 14:00:00+00:00,213.3,214.4,212.6,214.2,864.438
2026-08-04 15:00:00+00:00,214.2,214.8,213.1,214.1,432.341
2026-08-04 16:00:00+00:00,214.1,214.1,212.2,212.6,522.323
2026-08-04 17:00:00+00:00,212.7,214.5,212.7,213.6,468.963
2026-08-04 18:00:00+00:00,213.6,214.6,213.6,214.0,295.506
2026-08-04 19:00:00+00:00,214.0,214.7,214.0,214.3,459.409
2026-08-04 20:00:00+00:00,214.3,214.3,213.1,213.7,219.554
2026-08-04 21:00:00+00:00,213.6,213.9,213.4,213.6,195.774
2026-08-04 22:00:00+00:00,213.7,214.3,213.4,214.1,176.702
2026-08-04 23:00:00+00:00,214.0,214.6,213.3,213.4,210.203
2026-08-05 00:00:00+00:00,213.4,214.0,212.7,212.7,333.055
2026-08-05 01:00:00+00:00,212.8,213.0,211.7,212.7,521.977
2026-08-05 02:00:00+00:00,212.7,213.5,212.3,213.1,387.021
2026-08-05 03:00:00+00:00,213.2,213.3,210.8,211.3,673.969
2026-08-05 04:00:00+00:00,211.2,211.7,210.8,211.3,286.009
2026-08-05 05:00:00+00:00,211.2,212.4,211.2,211.9,252.585
2026-08-05 06:00:00+00:00,211.8,211.9,210.9,211.0,202.973
2026-08-05 07:00:00+00:00,211.1,211.2,210.0,210.8,402.47
2026-08-05 08:00:00+00:00,210.7,210.9,210.3,210.4,127.158
2026-08-05 09:00:00+00:00,210.4,213.6,210.1,212.1,3152.462
2026-08-05 10:00:00+00:00,212.1,214.8,211.4,213.0,4130.278
2026-08-05 11:00:00+00:00,213.0,213.5,212.9,213.2,376.27
2026-08-05 12:00:00+00:00,213.2,215.0,213.1,213.4,564.672
2026-08-05 13:00:00+00:00,213.4,213.4,211.8,212.9,1886.977
2026-08-05 14:00:00+00:00,212.9,213.9,212.9,213.9,524.15
2026-08-05 15:00:00+00:00,213.8,214.4,212.6,212.7,699.459
2026-08-05 16:00:00+00:00,212.7,214.3,212.5,214.2,632.084
2026-08-05 17:00:00+00:00,214.2,215.1,214.0,214.9,535.801
2026-08-05 18:00:00+00:00,214.9,215.6,214.4,215.3,350.79
2026-08-05 19:00:00+00:00,215.4,215.9,215.2,215.8,316.405
2026-08-05 20:00:00+00:00,215.8,217.4,215.1,216.8,979.273
2026-08-05 21:00:00+00:00,216.8,216.8,214.6,214.8,474.998
2026-08-05 22:00:00+00:00,214.9,215.0,213.9,214.4,313.561
2026-08-05 23:00:00+00:00,214.3,214.7,214.2,214.6,376.722
2026-08-06 00:00:00+00:00,214.7,214.9,213.4,213.8,585.587
2026-08-06 01:00:00+00:00,213.8,214.7,213.5,214.0,1402.984
2026-08-06 02:00:00+00:00,213.9,214.2,212.4,213.1,881.532
2026-08-06 03:00:00+00:00,213.1,214.5,212.6,214.1,846.385
2026-08-06 04:00:00+00:00,214.0,215.4,214.0,215.1,339.437
2026-08-06 05:00:00+00:00,215.1,215.7,214.8,215.0,246.113
2026-08-06 06:00:00+00:00,215.1,215.3,214.3,215.2,177.672
2026-08-06 07:00:00+00:00,215.1,215.7,214.3,214.7,401.007
2026-08-06 08:00:00+00:00,214.7,215.4,214.5,215.1,204.144
2026-08-06 09:00:00+00:00,215.0,215.0,211.5,212.3,2061.122
2026-08-06 10:00:00+00:00,212.3,212.4,211.3,211.5,437.437
2026-08-06 11:00:00+00:00,211.5,212.0,211.1,211.9,1045.038
2026-08-06 12:00:00+00:00,211.9,212.1,211.3,211.5,257.22
2026-08-06 13:00:00+00:00,211.5,212.7,210.8,212.3,418.432
2026-08-06 14:00:00+00:00,212.3,213.4,212.1,213.0,401.383
2026-08-06 15:00:00+00:00,212.9,214.3,212.9,214.0,203.981
2026-08-06 16:00:00+00:00,214.0,214.7,213.2,214.7,291.297
2026-08-06 17:00:00+00:00,214.7,215.3,214.1,214.9,243.587
2026-08-06 18:00:00+00:00,214.9,214.9,213.1,213.6,133.978
2026-08-06 19:00:00+00:00,213.6,214.0,213.3,213.6,511.227
2026-08-06 20:00:00+00:00,213.5,213.8,213.2,213.5,225.001
2026-08-06 21:00:00+00:00,213.5,214.1,213.1,213.6,112.287
2026-08-06 22:00:00+00:00,213.7,213.8,212.8,212.8,106.525
2026-08-06 23:00:00+00:00,212.8,212.8,212.0,212.8,592.556
2026-08-07 00:00:00+00:00,212.7,213.6,212.5,212.9,186.486
2026-08-07 01:00:00+00:00,213.0,213.8,213.0,213.4,639.652
2026-08-07 02:00:00+00:00,213.4,214.2,212.8,213.5,481.284
2026-08-07 03:00:00+00:00,213.6,213.7,212.8,213.1,168.544
2026-08-07 04:00:00+00:00,213.0,214.1,212.8,213.4,993.019
2026-08-07 05:00:00+00:00,213.5,214.8,213.0,214.7,330.547
2026-08-07 06:00:00+00:00,214.7,215.6,214.4,215.0,327.398
2026-08-07 07:00:00+00:00,214.9,216.0,214.7,215.1,662.095
2026-08-07 08:00:00+00:00,215.2,216.2,215.2,215.4,401.377
2026-08-07 09:00:00+00:00,215.4,216.1,215.3,215.7,243.806
2026-08-07 10:00:00+00:00,215.8,216.2,215.6,215.8,210.744
2026-08-07 11:00:00+00:00,215.8,216.8,215.7,216.6,657.272
2026-08-07 12:00:00+00:00,216.7,218.2,216.2,217.0,1540.968
2026-08-07 13:00:00+00:00,217.0,217.3,215.5,215.8,626.617
2026-08-07 14:00:00+00:00,215.8,216.1,214.7,215.2,487.562
2026-08-07 15:00:00+00:00,215.1,217.0,215.0,215.9,492.568
2026-08-07 16:00:00+00:00,216.0,216.4,215.7,215.7,127.413
2026-08-07 17:00:00+00:00,215.7,215.7,214.4,215.3,297.117
2026-08-07 18:00:00+00:00,215.3,216.0,214.8,215.2,243.095
2026-08-07 19:00:00+00:00,215.1,216.6,215.1,216.5,162.401
2026-08-07 20:00:00+00:00,216.4,216.8,216.0,216.4,87.528
2026-08-07 21:00:00+00:00,216.3,217.0,215.7,215.8,620.908
2026-08-07 22:00:00+00:00,215.8,216.1,215.1,215.1,253.938
2026-08-07 23:00:00+00:00,215.1,215.2,214.8,214.8,393.443
2026-08-08 00:00:00+00:00,214.8,215.2,214.4,214.8,622.427
2026-08-08 01:00:00+00:00,214.8,216.1,214.8,215.8,268.004
2026-08-08 02:00:00+00:00,215.7,216.4,215.6,215.8,93.119
2026-08-08 03:00:00+00:00,215.8,216.8,215.8,216.7,211.147
2026-08-08 04:00:00+00:00,216.8,217.1,216.2,217.0,135.92
2026-08-08 05:00:00+00:00,216.9,217.0,216.0,216.4,448.044
2026-08-08 06:00:00+00:00,216.4,216.5,216.0,216.3,66.382
2026-08-08 07:00:00+00:00,216.2,216.9,215.9,216.7,339.523
2026-08-08 08:00:00+00:00,216.7,217.6,216.6,217.0,268.156
2026-08-08 09:00:00+00:00,217.0,217.5,216.7,217.0,448.76
2026-08-08 10:00:00+00:00,217.1,217.3,216.7,216.7,121.034
2026-08-08 11:00:00+00:00,216.7,216.8,216.3,216.7,141.501
2026-08-08 12:00:00+00:00,216.7,216.9,216.3,216.7,96.429
2026-08-08 13:00:00+00:00,216.7,217.2,216.7,217.0,528.25
2026-08-08 14:00:00+00:00,216.9,218.5,216.9,218.0,340.785
2026-08-08 15:00:00+00:00,218.1,218.8,217.4,217.6,523.183
2026-08-08 16:00:00+00:00,217.7,217.8,217.1,217.3,401.177
2026-08-08 17:00:00+00:00,217.2,217.6,217.0,217.4,79.213
2026-08-08 18:00:00+00:00,217.3,217.4,216.9,216.9,82.231
2026-08-08 19:00:00+00:00,216.9,217.0,216.3,217.0,136.37
2026-08-08 20:00:00+00:00,216.9,217.0,216.3,216.5,92.84
2026-08-08 21:00:00+00:00,216.4,217.1,216.3,216.4,185.152
2026-08-08 22:00:00+00:00,216.4,216.6,215.5,215.8,160.822
2026-08-08 23:00:00+00:00,215.7,216.3,215.5,216.2,242.591
2026-08-09 00:00:00+00:00,216.2,217.0,216.0,217.0,252.323
2026-08-09 01:00:00+00:00,216.9,217.3,215.6,215.9,304.024
2026-08-09 02:00:00+00:00,215.9,216.0,215.5,215.7,83.287
2026-08-09 03:00:00+00:00,215.6,215.6,214.7,215.1,358.043
2026-08-09 04:00:00+00:00,215.1,215.6,215.0,215.4,237.802
2026-08-09 05:00:00+00:00,215.4,215.5,214.8,215.3,133.071
2026-08-09 06:00:00+00:00,215.3,215.6,215.0,215.5,132.658
2026-08-09 07:00:00+00:00,215.5,215.5,214.8,215.2,150.685
2026-08-09 08:00:00+00:00,215.2,216.0,215.2,215.8,482.827
2026-08-09 09:00:00+00:00,215.8,216.5,215.6,216.5,149.895
2026-08-09 10:00:00+00:00,216.5,217.0,216.3,216.7,209.857
2026-08-09 11:00:00+00:00,216.8,216.9,216.3,216.4,139.64
2026-08-09 12:00:00+00:00,216.3,216.7,216.0,216.6,191.532
2026-08-09 13:00:00+00:00,216.6,217.6,216.6,217.5,218.125
2026-08-09 14:00:00+00:00,217.4,217.9,217.0,217.8,323.732
2026-08-09 15:00:00+00:00,217.8,218.5,217.6,218.5,448.902
2026-08-09 16:00:00+00:00,218.5,218.6,217.4,217.6,446.166
2026-08-09 17:00:00+00:00,217.6,217.7,216.9,217.1,351.22
2026-08-09 18:00:00+00:00,217.1,217.1,216.6,216.6,95.058
2026-08-09 19:00:00+00:00,216.7,216.8,216.3,216.4,94.364
2026-08-09 20:00:00+00:00,216.3,216.4,216.0,216.1,119.543
2026-08-09 21:00:00+00:00,216.0,216.7,215.4,216.5,171.16
2026-08-09 22:00:00+00:00,216.5,217.8,214.9,215.7,328.065
2026-08-09 23:00:00+00:00,215.5,215.8,213.9,214.8,556.038
2026-08-10 00:00:00+00:00,214.7,216.1,214.5,215.1,291.002
2026-08-10 01:00:00+00:00,215.1,216.5,214.7,216.1,153.236
2026-08-10 02:00:00+00:00,216.2,216.2,215.0,215.8,59.64
2026-08-10 03:00:00+00:00,215.8,216.3,215.4,215.7,158.378
2026-08-10 04:00:00+00:00,215.8,216.4,215.4,215.5,406.237
2026-08-10 05:00:00+00:00,215.6,216.6,215.6,216.3,188.773
2026-08-10 06:00:00+00:00,216.4,217.4,216.1,217.3,639.968
2026-08-10 07:00:00+00:00,217.2,217.5,216.8,216.9,104.42
2026-08-10 08:00:00+00:00,216.8,217.0,216.1,216.5,108.616
2026-08-10 09:00:00+00:00,216.5,216.7,215.6,215.7,231.796
2026-08-10 10:00:00+00:00,215.6,216.1,215.4,216.0,158.925
2026-08-10 11:00:00+00:00,216.0,216.3,215.7,216.2,167.039
2026-08-10 12:00:00+00:00,216.3,216.4,215.4,215.4,360.712
2026-08-10 13:00:00+00:00,215.4,215.6,214.0,214.3,828.011
2026-08-10 14:00:00+00:00,214.3,215.2,214.2,214.2,216.959
2026-08-10 15:00:00+00:00,214.2,214.4,213.2,214.2,397.189
2026-08-10 16:00:00+00:00,214.2,214.4,213.1,213.3,508.332
2026-08-10 17:00:00+00:00,213.4,214.0,213.0,213.9,375.383
2026-08-10 18:00:00+00:00,214.0,214.1,213.4,213.5,111.081
2026-08-10 19:00:00+00:00,213.6,213.8,213.1,213.1,109.13
2026-08-10 20:00:00+00:00,213.1,213.2,212.5,212.8,198.287
2026-08-10 21:00:00+00:00,212.8,213.2,212.4,212.8,193.348
2026-08-10 22:00:00+00:00,212.8,213.3,212.5,213.2,109.719
2026-08-10 23:00:00+00:00,213.2,213.5,213.1,213.3,100.148
2026-08-11 00:00:00+00:00,213.3,214.6,213.0,214.6,361.97
2026-08-11 01:00:00+00:00,214.6,215.2,214.4,215.0,578.222
2026-08-11 02:00:00+00:00,215.0,216.1,215.0,215.3,362.328
2026-08-11 03:00:00+00:00,215.3,216.0,215.2,215.4,233.886
2026-08-11 04:00:00+00:00,215.4,215.5,214.7,214.8,136.913
2026-08-11 05:00:00+00:00,214.7,215.3,214.5,214.5,227.272
2026-08-11 06:00:00+00:00,214.5,215.4,214.2,215.3,486.833
2026-08-11 07:00:00+00:00,215.4,215.7,214.7,215.6,156.099
2026-08-11 08:00:00+00:00,215.6,215.6,214.7,215.1,614.344
2026-08-11 09:00:00+00:00,215.1,215.6,214.9,215.1,474.52
2026-08-11 10:00:00+00:00,215.0,215.0,214.6,214.6,536.772
2026-08-11 11:00:00+00:00,214.6,215.0,214.4,214.7,638.668
2026-08-11 12:00:00+00:00,214.7,214.7,213.3,213.6,982.345
2026-08-11 13:00:00+00:00,213.6,213.7,213.0,213.4,548.608
2026-08-11 14:00:00+00:00,213.3,213.9,211.8,212.1,551.169
2026-08-11 15:00:00+00:00,212.1,212.8,211.1,211.5,591.194
2026-08-11 16:00:00+00:00,211.4,212.4,211.1,212.0,441.212
2026-08-11 17:00:00+00:00,211.9,212.3,211.7,212.1,141.121
2026-08-11 18:00:00+00:00,212.1,212.2,211.2,211.8,160.551
2026-08-11 19:00:00+00:00,211.7,212.7,211.4,212.7,119.811
2026-08-11 20:00:00+00:00,212.7,213.2,212.6,213.1,158.193
2026-08-11 21:00:00+00:00,213.2,213.9,213.1,213.8,222.343
2026-08-11 22:00:00+00:00,213.9,214.1,213.5,214.1,142.789
2026-08-11 23:00:00+00:00,214.0,214.0,213.3,213.8,258.413
2026-08-12 00:00:00+00:00,213.8,214.5,213.6,214.5,397.369
2026-08-12 01:00:00+00:00,214.5,214.6,213.8,213.8,238.276
2026-08-12 02:00:00+00:00,213.8,214.0,213.1,213.3,91.792
2026-08-12 03:00:00+00:00,213.3,213.7,213.2,213.4,164.646
2026-08-12 04:00:00+00:00,213.4,213.7,213.0,213.4,125.735
2026-08-12 05:00:00+00:00,213.4,213.8,213.1,213.1,98.183
2026-08-12 06:00:00+00:00,213.2,213.3,212.7,212.8,60.9
2026-08-12 07:00:00+00:00,212.8,213.4,212.8,213.4,92.699
2026-08-12 08:00:00+00:00,213.2,213.6,213.2,213.2,121.929
2026-08-12 09:00:00+00:00,213.2,214.3,213.2,214.1,165.727
2026-08-12 10:00:00+00:00,214.1,214.5,214.0,214.1,229.517
2026-08-12 11:00:00+00:00,214.1,215.3,214.0,215.3,445.899
2026-08-12 12:00:00+00:00,215.4,216.8,214.5,215.9,1157.38
2026-08-12 13:00:00+00:00,215.9,216.1,214.2,214.3,333.88
2026-08-12 14:00:00+00:00,214.2,214.2,213.1,213.3,712.377
2026-08-12 15:00:00+00:00,213.3,214.1,213.2,213.7,141.292
2026-08-12 16:00:00+00:00,213.6,213.9,213.2,213.3,201.642
2026-08-12 17:00:00+00:00,213.3,214.5,213.3,214.3,262.067
2026-08-12 18:00:00+00:00,214.3,214.6,213.7,213.9,363.113
2026-08-12 19:00:00+00:00,213.9,213.9,213.5,213.9,82.7
2026-08-12 20:00:00+00:00,213.9,214.2,213.5,213.7,125.311
2026-08-12 21:00:00+00:00,213.6,213.6,211.9,212.1,289.057
2026-08-12 22:00:00+00:00,212.2,212.2,211.5,212.0,335.88
2026-08-12 23:00:00+00:00,212.0,212.9,212.0,212.9,159.618
2026-08-13 00:00:00+00:00,212.8,214.3,212.6,214.1,210.256
2026-08-13 01:00:00+00:00,214.0,214.6,214.0,214.2,139.575
2026-08-13 02:00:00+00:00,214.2,215.0,213.9,215.0,236.088
2026-08-13 03:00:00+00:00,215.1,216.3,215.1,215.2,756.874
2026-08-13 04:00:00+00:00,215.2,215.2,214.5,214.9,346.107
2026-08-13 05:00:00+00:00,214.9,215.4,214.6,215.3,244.616
2026-08-13 06:00:00+00:00,215.2,215.6,214.8,215.2,302.022
2026-08-13 07:00:00+00:00,215.2,215.6,214.9,215.6,219.636
2026-08-13 08:00:00+00:00,215.7,216.0,215.0,216.0,469.307
2026-08-13 09:00:00+00:00,216.0,216.1,214.8,215.0,1052.017
2026-08-13 10:00:00+00:00,215.1,215.2,212.8,213.3,1210.6
2026-08-13 11:00:00+00:00,213.4,213.6,213.1,213.5,203.557
2026-08-13 12:00:00+00:00,213.4,214.3,213.2,214.0,427.859
2026-08-13 13:00:00+00:00,214.0,214.5,213.7,213.7,478.449
2026-08-13 14:00:00+00:00,213.7,214.0,213.4,213.4,237.557
2026-08-13 15:00:00+00:00,213.5,213.6,207.1,208.5,5379.177
2026-08-13 16:00:00+00:00,208.6,209.1,205.2,205.8,5084.803
2026-08-13 17:00:00+00:00,205.9,206.5,205.5,205.8,1573.453
2026-08-13 18:00:00+00:00,205.7,206.4,205.5,206.0,545.837
2026-08-13 19:00:00+00:00,205.9,206.7,205.6,206.2,572.306
2026-08-13 20:00:00+00:00,206.3,206.7,205.4,205.5,506.049
2026-08-13 21:00:00+00:00,205.4,206.2,205.4,205.6,391.25
2026-08-13 22:00:00+00:00,205.5,207.1,205.5,206.3,1095.735
2026-08-13 23:00:00+00:00,206.3,207.0,206.1,206.6,532.559
2026-08-14 00:00:00+00:00,206.7,207.2,205.8,206.6,598.005
2026-08-14 01:00:00+00:00,206.6,207.4,206.5,207.1,206.919
2026-08-14 02:00:00+00:00,207.1,207.2,206.5,206.5,309.194
2026-08-14 03:00:00+00:00,206.5,206.8,205.3,205.6,1233.228
2026-08-14 04:00:00+00:00,205.6,206.9,205.6,206.8,317.182
2026-08-14 05:00:00+00:00,206.8,207.1,206.5,207.1,129.284
2026-08-14 06:00:00+00:00,207.0,207.0,205.7,206.0,274.868
2026-08-14 07:00:00+00:00,206.0,206.3,205.5,205.7,441.644
2026-08-14 08:00:00+00:00,205.7,206.1,205.5,205.7,295.289
2026-08-14 09:00:00+00:00,205.7,205.9,204.6,205.1,749.784
2026-08-14 10:00:00+00:00,205.1,205.6,204.9,205.4,328.689
2026-08-14 11:00:00+00:00,205.5,205.8,205.1,205.5,372.056
2026-08-14 12:00:00+00:00,205.4,205.5,202.9,203.1,1755.418
2026-08-14 13:00:00+00:00,203.2,203.7,202.3,202.7,1050.071
2026-08-14 14:00:00+00:00,202.7,202.8,199.7,200.1,3971.032
2026-08-14 15:00:00+00:00,200.1,202.0,199.9,201.6,1747.072
2026-08-14 16:00:00+00:00,201.7,203.2,201.4,203.2,478.993
2026-08-14 17:00:00+00:00,203.2,204.2,202.3,202.5,487.828
2026-08-14 18:00:00+00:00,202.5,202.7,202.0,202.4,861.962
2026-08-14 19:00:00+00:00,202.4,203.3,201.8,203.2,831.838
2026-08-14 20:00:00+00:00,203.2,204.0,203.1,203.8,1109.406
2026-08-14 21:00:00+00:00,203.8,204.1,203.6,203.8,518.129
2026-08-14 22:00:00+00:00,203.9,204.0,203.3,203.9,363.964
2026-08-14 23:00:00+00:00,204.0,205.0,203.9,204.9,355.103
2026-08-15 00:00:00+00:00,205.0,205.8,204.8,205.7,321.251
2026-08-15 01:00:00+00:00,205.7,206.7,203.7,205.5,2000.926
2026-08-15 02:00:00+00:00,205.6,206.6,205.2,206.4,542.114
2026-08-15 03:00:00+00:00,206.5,206.5,205.6,206.0,525.306
2026-08-15 04:00:00+00:00,206.0,206.6,205.9,206.0,171.992
2026-08-15 05:00:00+00:00,206.0,206.1,205.3,205.7,183.782
2026-08-15 06:00:00+00:00,205.6,206.0,205.4,205.9,120.195
2026-08-15 07:00:00+00:00,205.9,206.2,205.8,205.9,159.254
2026-08-15 08:00:00+00:00,205.9,206.2,205.3,205.3,193.175
2026-08-15 09:00:00+00:00,205.4,205.9,205.0,205.6,358.303
2026-08-15 10:00:00+00:00,205.6,205.6,204.4,204.5,266.341
2026-08-15 11:00:00+00:00,204.4,205.0,204.4,204.8,172.35
2026-08-15 12:00:00+00:00,204.8,204.9,204.3,204.7,168.402
2026-08-15 13:00:00+00:00,204.6,205.2,204.5,204.9,348.353
2026-08-15 14:00:00+00:00,204.8,206.8,204.8,206.0,25418.023
2026-08-15 15:00:00+00:00,206.0,206.6,204.3,205.2,23632.189
2026-08-15 16:00:00+00:00,205.3,207.3,205.0,206.8,4842.278
2026-08-15 17:00:00+00:00,206.8,206.8,204.5,204.8,6906.324
2026-08-15 18:00:00+00:00,204.7,204.8,202.9,203.2,1427.263
2026-08-15 19:00:00+00:00,203.1,204.0,202.7,204.0,771.353
2026-08-15 20:00:00+00:00,204.0,204.0,203.4,203.8,577.084
2026-08-15 21:00:00+00:00,203.9,204.2,203.7,203.8,580.894
2026-08-15 22:00:00+00:00,203.9,204.0,203.5,203.6,363.287
2026-08-15 23:00:00+00:00,203.6,203.8,203.4,203.7,472.934
2026-08-16 00:00:00+00:00,203.7,203.9,203.1,203.7,758.301
2026-08-16 01:00:00+00:00,203.7,204.0,203.4,203.8,442.086
2026-08-16 02:00:00+00:00,203.8,204.1,203.3,204.1,536.953
2026-08-16 03:00:00+00:00,204.0,204.1,203.0,203.4,935.247
2026-08-16 04:00:00+00:00,203.4,203.6,202.9,203.2,319.876
2026-08-16 05:00:00+00:00,203.1,203.3,203.0,203.1,217.498
2026-08-16 06:00:00+00:00,203.3,203.6,202.8,203.5,360.565
2026-08-16 07:00:00+00:00,203.5,203.9,203.4,203.8,307.086
2026-08-16 08:00:00+00:00,203.8,204.3,203.6,204.3,244.494
2026-08-16 09:00:00+00:00,204.3,204.4,203.9,204.2,265.296
2026-08-16 10:00:00+00:00,204.2,204.2,203.6,203.8,49.529
2026-08-16 11:00:00+00:00,203.8,204.2,203.8,204.0,290.387
2026-08-16 12:00:00+00:00,204.0,204.3,203.9,204.3,127.019
2026-08-16 13:00:00+00:00,204.3,204.7,204.2,204.7,499.549
2026-08-16 14:00:00+00:00,204.7,204.7,204.3,204.5,190.039
2026-08-16 15:00:00+00:00,204.4,204.8,204.3,204.7,365.079
2026-08-16 16:00:00+00:00,204.7,205.0,204.4,204.6,708.629
2026-08-16 17:00:00+00:00,204.7,204.7,204.1,204.3,138.282
2026-08-16 18:00:00+00:00,204.4,204.5,203.6,203.8,195.333
2026-08-16 19:00:00+00:00,203.7,204.0,203.7,203.8,178.781
2026-08-16 20:00:00+00:00,203.9,204.0,203.3,203.4,622.568
2026-08-16 21:00:00+00:00,203.3,203.8,201.9,202.9,1409.669
2026-08-16 22:00:00+00:00,202.8,203.5,202.7,203.5,202.073
2026-08-16 23:00:00+00:00,203.5,204.1,203.4,204.0,265.095
2026-08-17 00:00:00+00:00,204.0,204.6,203.7,204.1,366.088
2026-08-17 01:00:00+00:00,204.1,205.0,204.1,204.6,1099.18
2026-08-17 02:00:00+00:00,204.6,205.0,204.2,205.0,1346.472
2026-08-17 03:00:00+00:00,205.0,205.0,204.5,204.7,624.864
2026-08-17 04:00:00+00:00,204.7,205.1,204.6,204.8,862.848
2026-08-17 05:00:00+00:00,204.9,205.4,204.7,205.2,630.666
2026-08-17 06:00:00+00:00,205.2,205.9,205.1,205.6,665.032
2026-08-17 07:00:00+00:00,205.7,205.8,205.2,205.5,1131.812
2026-08-17 08:00:00+00:00,205.5,205.6,204.3,204.6,556.382
2026-08-17 09:00:00+00:00,204.6,205.2,204.3,204.3,232.777
2026-08-17 10:00:00+00:00,204.3,205.1,203.9,205.1,233.559
2026-08-17 11:00:00+00:00,205.1,205.4,204.7,204.7,167.924
2026-08-17 12:00:00+00:00,204.8,204.9,203.3,203.3,373.678
2026-08-17 13:00:00+00:00,203.3,204.3,203.3,204.1,400.686
2026-08-17 14:00:00+00:00,204.1,204.6,203.6,204.4,416.514
2026-08-17 15:00:00+00:00,204.5,205.7,204.2,205.0,1276.363
2026-08-17 16:00:00+00:00,205.1,205.8,204.9,205.5,725.998
2026-08-17 17:00:00+00:00,205.5,205.6,204.5,205.0,866.801
2026-08-17 18:00:00+00:00,205.0,205.4,204.5,204.5,344.134
2026-08-17 19:00:00+00:00,204.5,204.6,204.0,204.2,185.412
2026-08-17 20:00:00+00:00,204.2,204.8,204.1,204.5,157.404
2026-08-17 21:00:00+00:00,204.5,204.9,204.4,204.7,144.016
2026-08-17 22:00:00+00:00,204.8,205.0,204.2,204.2,163.485
2026-08-17 23:00:00+00:00,204.2,205.6,204.2,205.5,792.803
2026-08-18 00:00:00+00:00,205.5,205.5,204.7,204.9,228.193
2026-08-18 01:00:00+00:00,204.9,205.0,203.9,204.1,275.954
2026-08-18 02:00:00+00:00,204.0,204.1,202.5,202.8,782.269
2026-08-18 03:00:00+00:00,202.8,203.3,202.5,203.2,251.202
2026-08-18 04:00:00+00:00,203.2,203.6,202.8,203.5,279.308
2026-08-18 05:00:00+00:00,203.5,203.9,203.2,203.2,225.329
2026-08-18 06:00:00+00:00,203.2,204.5,203.0,204.0,306.917
2026-08-18 07:00:00+00:00,204.1,204.7,203.9,204.1,227.619
2026-08-18 08:00:00+00:00,204.0,204.3,203.4,204.3,503.829
2026-08-18 09:00:00+00:00,204.2,204.2,203.4,203.7,174.302
2026-08-18 10:00:00+00:00,203.6,203.9,203.2,203.8,469.469
2026-08-18 11:00:00+00:00,203.7,204.1,203.3,203.3,326.78
2026-08-18 12:00:00+00:00,203.4,203.9,203.2,203.3,161.395
2026-08-18 13:00:00+00:00,203.2,203.7,203.1,203.3,366.629
2026-08-18 14:00:00+00:00,203.5,205.0,202.8,203.8,701.696
2026-08-18 15:00:00+00:00,203.9,204.5,203.7,204.3,323.052
2026-08-18 16:00:00+00:00,204.3,204.9,203.9,204.9,277.013
2026-08-18 17:00:00+00:00,204.8,204.8,203.8,203.9,133.534
2026-08-18 18:00:00+00:00,203.8,204.7,203.8,204.4,204.838
2026-08-18 19:00:00+00:00,204.4,204.8,204.2,204.3,77.777
2026-08-18 20:00:00+00:00,204.3,204.4,203.7,203.8,284.202
2026-08-18 21:00:00+00:00,203.8,204.2,203.6,203.7,138.482
2026-08-18 22:00:00+00:00,203.6,203.9,203.5,203.8,101.93
2026-08-18 23:00:00+00:00,203.7,203.8,203.4,203.7,117.366
2026-08-19 00:00:00+00:00,203.5,203.5,202.3,202.3,509.059
2026-08-19 01:00:00+00:00,202.3,203.8,201.8,203.5,449.158
2026-08-19 02:00:00+00:00,203.6,203.6,202.9,203.3,212.095
2026-08-19 03:00:00+00:00,203.2,204.0,203.2,203.7,243.433
2026-08-19 04:00:00+00:00,203.6,203.7,202.7,203.3,348.077
2026-08-19 05:00:00+00:00,203.3,203.4,202.7,203.0,1553.087
2026-08-19 06:00:00+00:00,202.9,203.1,202.1,203.1,439.681
2026-08-19 07:00:00+00:00,203.0,203.3,202.6,203.1,468.852
2026-08-19 08:00:00+00:00,203.1,205.1,202.7,203.6,1344.197
2026-08-19 09:00:00+00:00,203.7,203.9,203.1,203.3,109.947
2026-08-19 10:00:00+00:00,203.2,203.7,203.2,203.6,105.732
2026-08-19 11:00:00+00:00,203.7,204.2,203.7,203.9,142.399
2026-08-19 12:00:00+00:00,204.0,205.0,203.8,204.7,309.83
2026-08-19 13:00:00+00:00,204.7,204.9,204.0,204.2,448.819
2026-08-19 14:00:00+00:00,204.2,207.1,203.1,206.8,3870.136
2026-08-19 15:00:00+00:00,206.8,210.2,204.2,204.8,59290.863
2026-08-19 16:00:00+00:00,204.9,208.5,204.8,207.2,2715.34
2026-08-19 17:00:00+00:00,207.2,207.4,205.5,206.4,1147.444
2026-08-19 18:00:00+00:00,206.4,206.5,205.5,206.3,680.24
2026-08-19 19:00:00+00:00,206.3,207.6,205.7,207.3,1104.905
2026-08-19 20:00:00+00:00,207.3,210.4,206.8,210.1,2633.781
2026-08-19 21:00:00+00:00,210.1,214.0,209.7,213.5,2847.926
2026-08-19 22:00:00+00:00,213.6,213.9,210.2,211.8,44247.52
2026-08-19 23:00:00+00:00,211.8,213.9,211.5,213.3,8013.649
2026-08-20 00:00:00+00:00,213.3,214.3,212.7,213.0,12033.522
2026-08-20 01:00:00+00:00,213.0,214.0,210.7,212.0,11607.635
2026-08-20 02:00:00+00:00,212.1,212.3,211.7,212.0,14011.375
2026-08-20 03:00:00+00:00,212.0,212.0,208.5,210.5,4895.857
2026-08-20 04:00:00+00:00,210.5,211.6,210.4,211.5,1011.21
2026-08-20 05:00:00+00:00,211.5,212.0,211.2,211.4,7134.707
2026-08-20 06:00:00+00:00,211.5,214.0,211.3,214.0,4747.511
2026-08-20 07:00:00+00:00,214.0,214.5,212.4,213.5,1734.162
2026-08-20 08:00:00+00:00,213.5,217.8,213.4,217.5,4742.722
2026-08-20 09:00:00+00:00,217.4,218.2,215.5,216.2,3642.132
2026-08-20 10:00:00+00:00,216.3,217.0,216.1,217.0,9663.299
2026-08-20 11:00:00+00:00,217.0,217.0,215.1,215.9,5250.803
2026-08-20 12:00:00+00:00,216.0,217.0,214.4,216.9,3247.018
2026-08-20 13:00:00+00:00,217.0,219.2,216.0,218.7,2680.614
2026-08-20 14:00:00+00:00,218.7,219.5,216.3,219.2,3741.334
2026-08-20 15:00:00+00:00,219.3,223.1,219.0,222.2,4071.729
2026-08-20 16:00:00+00:00,222.2,225.6,221.2,225.3,3722.558
2026-08-20 17:00:00+00:00,225.3,226.7,223.8,224.1,2371.558
2026-08-20 18:00:00+00:00,224.1,224.5,219.9,220.5,2456.162
2026-08-20 19:00:00+00:00,220.4,221.8,219.9,219.9,1348.728
2026-08-20 20:00:00+00:00,220.0,221.2,219.6,220.6,893.087
2026-08-20 21:00:00+00:00,220.6,221.0,220.2,220.9,652.094
2026-08-20 22:00:00+00:00,220.9,223.0,220.3,222.9,1630.481
2026-08-20 23:00:00+00:00,223.0,223.7,222.3,223.1,1746.215
2026-08-21 00:00:00+00:00,223.0,226.6,223.0,224.1,3563.068
2026-08-21 01:00:00+00:00,224.1,228.2,223.9,226.2,15464.52
2026-08-21 02:00:00+00:00,226.2,228.1,225.7,225.9,2731.208
2026-08-21 03:00:00+00:00,226.0,228.7,225.1,227.5,2201.238
2026-08-21 04:00:00+00:00,227.6,231.3,227.2,230.8,4598.593
2026-08-21 05:00:00+00:00,230.8,241.5,227.9,238.2,16120.037
2026-08-21 06:00:00+00:00,238.2,250.6,237.2,250.3,20781.755
2026-08-21 07:00:00+00:00,250.2,263.4,249.5,262.3,17756.707
2026-08-21 08:00:00+00:00,262.3,269.4,257.8,266.1,14001.248
2026-08-21 09:00:00+00:00,266.1,266.5,254.8,261.8,14133.704
2026-08-21 10:00:00+00:00,261.8,264.7,260.0,261.6,4654.979
2026-08-21 11:00:00+00:00,261.6,265.0,258.6,263.4,9736.719
2026-08-21 12:00:00+00:00,263.5,265.0,259.3,265.0,4818.571
2026-08-21 13:00:00+00:00,264.9,270.9,263.1,269.4,8964.047
2026-08-21 14:00:00+00:00,269.3,278.6,267.2,277.7,10348.77
2026-08-21 15:00:00+00:00,277.6,287.7,276.0,287.1,18363.123
2026-08-21 16:00:00+00:00,287.1,299.0,285.5,297.2,14654.222
2026-08-21 17:00:00+00:00,297.2,301.3,292.4,292.7,14951.963
2026-08-21 18:00:00+00:00,292.7,297.8,289.5,292.3,7420.165
2026-08-21 19:00:00+00:00,292.3,294.5,282.6,283.3,6699.032
2026-08-21 20:00:00+00:00,283.3,288.9,273.9,286.6,8801.668
2026-08-21 21:00:00+00:00,286.6,292.5,284.8,291.3,5667.895
2026-08-21 22:00:00+00:00,291.2,294.5,284.1,287.6,5115.904
2026-08-21 23:00:00+00:00,287.7,291.4,285.2,288.5,2908.136
2026-08-22 00:00:00+00:00,288.5,297.0,286.1,294.6,7489.551
2026-08-22 01:00:00+00:00,294.6,298.0,291.9,294.9,4048.066
2026-08-22 02:00:00+00:00,294.9,305.6,293.4,305.2,9530.71
2026-08-22 03:00:00+00:00,305.2,305.2,293.8,296.3,8560.354
2026-08-22 04:00:00+00:00,296.3,300.5,292.9,297.7,4221.981
2026-08-22 05:00:00+00:00,297.7,298.8,262.1,281.1,35394.432
2026-08-22 06:00:00+00:00,281.1,283.3,276.0,282.9,4445.634
2026-08-22 07:00:00+00:00,282.7,284.9,281.1,282.7,2370.804
2026-08-22 08:00:00+00:00,282.8,284.7,276.5,279.4,3184.985
2026-08-22 09:00:00+00:00,279.3,279.9,274.2,277.3,3554.63
2026-08-22 10:00:00+00:00,277.4,278.2,269.9,275.9,5170.788
2026-08-22 11:00:00+00:00,275.9,278.4,274.2,277.7,2875.128
2026-08-22 12:00:00+00:00,277.6,279.0,275.9,277.4,2413.789
2026-08-22 13:00:00+00:00,277.4,280.8,275.8,280.3,2521.093
2026-08-22 14:00:00+00:00,280.4,280.6,276.4,278.2,3626.255
2026-08-22 15:00:00+00:00,278.2,278.8,273.0,275.4,2212.191
2026-08-22 16:00:00+00:00,275.4,279.6,274.9,278.6,1270.575
2026-08-22 17:00:00+00:00,278.6,283.8,278.6,281.1,2281.349
2026-08-22 18:00:00+00:00,281.0,282.3,279.0,280.0,1245.554
2026-08-22 19:00:00+00:00,280.0,281.2,279.6,280.4,443.335
2026-08-22 20:00:00+00:00,280.4,280.8,277.8,278.3,367.965
2026-08-22 21:00:00+00:00,278.3,278.3,273.4,273.4,1445.27
2026-08-22 22:00:00+00:00,273.4,277.1,272.3,276.7,1370.278
2026-08-22 23:00:00+00:00,276.8,277.3,275.4,276.6,642.779
2026-08-23 00:00:00+00:00,276.6,280.1,273.3,279.9,2658.696
2026-08-23 01:00:00+00:00,279.8,280.1,275.7,276.0,3138.382
2026-08-23 02:00:00+00:00,276.1,277.3,273.7,275.1,2099.844
2026-08-23 03:00:00+00:00,275.2,275.6,270.7,272.9,2510.029
2026-08-23 04:00:00+00:00,272.8,274.9,267.1,267.8,5921.74
2026-08-23 05:00:00+00:00,267.7,269.3,264.6,265.6,3650.015
2026-08-23 06:00:00+00:00,265.6,268.6,262.7,265.5,3564.515
2026-08-23 07:00:00+00:00,265.6,268.4,265.2,267.4,2297.938
2026-08-23 08:00:00+00:00,267.3,271.7,266.8,270.8,4852.744
2026-08-23 09:00:00+00:00,270.8,271.8,270.0,271.2,930.215
2026-08-23 10:00:00+00:00,271.1,273.6,271.0,272.1,1094.39
2026-08-23 11:00:00+00:00,272.1,275.6,271.7,275.0,1928.52
2026-08-23 12:00:00+00:00,274.9,275.9,273.1,274.7,1449.796
2026-08-23 13:00:00+00:00,274.6,278.1,274.4,277.0,1972.049
2026-08-23 14:00:00+00:00,276.9,278.1,269.4,273.5,4004.726
2026-08-23 15:00:00+00:00,273.5,275.4,271.2,273.3,1339.79
2026-08-23 16:00:00+00:00,273.3,274.8,272.5,273.5,600.147
2026-08-23 17:00:00+00:00,273.6,275.2,272.1,273.4,922.251
2026-08-23 18:00:00+00:00,273.4,275.2,272.9,274.1,825.231
2026-08-23 19:00:00+00:00,274.0,274.1,271.8,272.4,728.0
2026-08-23 20:00:00+00:00,272.4,273.1,271.7,273.0,569.45
2026-08-23 21:00:00+00:00,273.0,277.9,272.9,275.5,3643.328
2026-08-23 22:00:00+00:00,275.5,276.2,273.8,274.5,699.799
2026-08-23 23:00:00+00:00,274.5,276.1,273.2,274.2,974.107
2026-08-24 00:00:00+00:00,274.2,278.3,271.7,277.9,1726.709
2026-08-24 01:00:00+00:00,278.0,278.0,269.0,269.4,4295.481
2026-08-24 02:00:00+00:00,269.5,273.1,268.8,272.6,1895.127
2026-08-24 03:00:00+00:00,272.6,273.0,268.7,269.0,1617.609
2026-08-24 04:00:00+00:00,269.0,271.4,268.3,269.5,1435.622
2026-08-24 05:00:00+00:00,269.4,271.2,268.0,270.0,1463.558
2026-08-24 06:00:00+00:00,269.9,270.2,266.4,268.1,1342.517
2026-08-24 07:00:00+00:00,268.1,270.7,266.1,266.5,1306.854
2026-08-24 08:00:00+00:00,266.5,267.8,264.7,267.3,2150.256
2026-08-24 09:00:00+00:00,267.2,271.3,266.9,270.4,1669.397
2026-08-24 10:00:00+00:00,270.3,271.8,268.9,269.0,2075.47
2026-08-24 11:00:00+00:00,269.0,275.8,267.3,274.5,5421.179
2026-08-24 12:00:00+00:00,274.4,286.0,271.0,283.5,9032.727
2026-08-24 13:00:00+00:00,283.5,284.6,273.5,275.6,6116.274
2026-08-24 14:00:00+00:00,275.6,279.5,274.4,276.8,5628.991
2026-08-24 15:00:00+00:00,276.8,278.9,272.6,274.1,4908.762
2026-08-24 16:00:00+00:00,274.2,277.3,274.1,276.2,3384.053
2026-08-24 17:00:00+00:00,276.3,276.7,262.1,268.7,8883.222
2026-08-24 18:00:00+00:00,268.8,270.9,267.8,268.8,2617.098
2026-08-24 19:00:00+00:00,268.9,270.6,268.5,270.0,1930.28
2026-08-24 20:00:00+00:00,270.1,270.6,268.6,270.5,828.692
2026-08-24 21:00:00+00:00,270.6,272.8,269.8,272.0,3849.813
2026-08-24 22:00:00+00:00,271.9,272.4,270.4,271.2,753.483
2026-08-24 23:00:00+00:00,271.2,271.9,270.1,271.0,967.771
2026-08-25 00:00:00+00:00,270.9,275.6,270.3,275.3,2384.968
2026-08-25 01:00:00+00:00,275.3,277.3,275.0,275.2,1589.642
2026-08-25 02:00:00+00:00,275.2,281.8,274.8,278.1,4082.696
2026-08-25 03:00:00+00:00,278.2,279.9,275.6,276.3,2069.11
2026-08-25 04:00:00+00:00,276.2,279.1,274.1,278.8,3950.252
2026-08-25 05:00:00+00:00,278.7,280.4,277.4,277.7,4884.412
2026-08-25 06:00:00+00:00,277.6,278.4,271.9,272.4,6627.625
2026-08-25 07:00:00+00:00,272.4,274.3,267.2,268.4,3355.706
2026-08-25 08:00:00+00:00,268.5,270.8,266.7,269.8,1571.457
2026-08-25 09:00:00+00:00,269.8,271.6,268.0,269.8,1115.202
2026-08-25 10:00:00+00:00,269.8,271.2,269.1,270.8,602.459
2026-08-25 11:00:00+00:00,270.8,271.0,269.5,269.7,522.326
2026-08-25 12:00:00+00:00,269.7,269.9,266.8,269.6,1390.343
2026-08-25 13:00:00+00:00,269.5,269.6,265.2,267.9,1754.357
2026-08-25 14:00:00+00:00,267.9,269.4,267.2,267.9,2165.231
2026-08-25 15:00:00+00:00,267.9,269.1,266.3,269.0,1024.357
2026-08-25 16:00:00+00:00,269.0,269.4,267.1,267.4,479.166
2026-08-25 17:00:00+00:00,267.4,267.8,265.3,267.5,867.576
2026-08-25 18:00:00+00:00,267.6,268.8,267.3,268.2,471.698
2026-08-25 19:00:00+00:00,268.2,268.7,266.4,266.9,209.782
2026-08-25 20:00:00+00:00,266.9,267.1,262.9,263.3,899.193
2026-08-25 21:00:00+00:00,263.4,265.1,260.6,264.5,1636.121
2026-08-25 22:00:00+00:00,264.5,266.9,264.5,266.7,338.85
2026-08-25 23:00:00+00:00,266.6,267.3,265.0,265.9,461.473
2026-08-26 00:00:00+00:00,266.0,268.2,265.8,268.0,625.196
2026-08-26 01:00:00+00:00,267.9,269.6,267.7,268.5,892.331
2026-08-26 02:00:00+00:00,268.4,270.8,267.4,270.0,755.524
2026-08-26 03:00:00+00:00,269.9,270.3,267.5,268.0,351.211
2026-08-26 04:00:00+00:00,267.9,267.9,265.4,265.6,907.992
2026-08-26 05:00:00+00:00,265.6,267.0,264.2,266.5,766.318
2026-08-26 06:00:00+00:00,266.4,266.8,264.9,265.7,555.6
2026-08-26 07:00:00+00:00,265.6,267.1,264.9,264.9,1181.936
2026-08-26 08:00:00+00:00,264.8,267.8,264.3,264.8,1437.456
2026-08-26 09:00:00+00:00,264.9,265.7,263.3,264.0,723.432
2026-08-26 10:00:00+00:00,264.0,267.7,263.5,267.2,422.668
2026-08-26 11:00:00+00:00,267.2,267.7,265.5,266.4,530.076
2026-08-26 12:00:00+00:00,266.5,268.1,264.7,266.6,914.155
2026-08-26 13:00:00+00:00,266.5,266.9,263.2,264.7,1559.699
2026-08-26 14:00:00+00:00,264.6,265.9,260.3,260.7,1109.54
2026-08-26 15:00:00+00:00,260.7,263.3,259.4,262.0,1182.703
2026-08-26 16:00:00+00:00,262.0,262.7,257.9,259.6,4391.617
2026-08-26 17:00:00+00:00,259.7,262.1,258.5,261.6,805.693
2026-08-26 18:00:00+00:00,261.6,262.1,260.7,261.7,527.698
2026-08-26 19:00:00+00:00,261.7,263.1,261.4,261.8,358.988
2026-08-26 20:00:00+00:00,261.8,262.9,260.3,262.9,323.812
2026-08-26 21:00:00+00:00,263.0,265.6,263.0,265.5,475.005
2026-08-26 22:00:00+00:00,265.4,268.0,265.3,266.6,611.606
2026-08-26 23:00:00+00:00,266.5,269.2,265.9,268.9,571.294
2026-08-27 00:00:00+00:00,268.9,268.9,267.3,267.4,620.12
2026-08-27 01:00:00+00:00,267.4,269.5,267.1,269.1,438.503
2026-08-27 02:00:00+00:00,269.1,269.6,267.7,267.9,305.597
2026-08-27 03:00:00+00:00,268.0,268.0,265.8,266.2,518.436
2026-08-27 04:00:00+00:00,266.2,267.1,265.3,265.8,391.993
2026-08-27 05:00:00+00:00,265.9,266.9,264.5,266.6,877.932
2026-08-27 06:00:00+00:00,266.6,268.7,265.7,267.7,2550.372
2026-08-27 07:00:00+00:00,267.7,269.3,267.2,268.9,593.816
2026-08-27 08:00:00+00:00,268.9,274.1,268.8,273.3,4364.29
2026-08-27 09:00:00+00:00,273.3,273.5,269.6,269.7,5349.794
2026-08-27 10:00:00+00:00,269.7,270.6,266.9,269.0,942.768
2026-08-27 11:00:00+00:00,269.0,270.2,267.6,268.3,596.882
2026-08-27 12:00:00+00:00,268.3,269.5,267.7,267.9,1040.814
2026-08-27 13:00:00+00:00,267.9,269.9,267.7,269.7,633.295
2026-08-27 14:00:00+00:00,269.7,271.6,268.7,270.3,2943.944
2026-08-27 15:00:00+00:00,270.2,272.3,269.8,271.2,1991.502
2026-08-27 16:00:00+00:00,271.2,273.5,270.6,272.3,1310.909
2026-08-27 17:00:00+00:00,272.3,273.8,270.6,270.6,1260.925
2026-08-27 18:00:00+00:00,270.7,270.8,267.6,269.3,2281.693
2026-08-27 19:00:00+00:00,269.2,269.9,268.7,269.4,717.964
2026-08-27 20:00:00+00:00,269.3,270.4,268.6,269.8,727.293
2026-08-27 21:00:00+00:00,269.8,270.2,268.6,269.8,1757.704
2026-08-27 22:00:00+00:00,269.8,270.8,269.8,270.4,557.994
2026-08-27 23:00:00+00:00,270.4,270.4,269.5,269.7,414.49
2026-08-28 00:00:00+00:00,269.6,270.6,268.1,269.4,1000.597
2026-08-28 01:00:00+00:00,269.5,272.2,268.3,268.4,1473.606
2026-08-28 02:00:00+00:00,268.4,268.4,263.4,264.6,2836.993
2026-08-28 03:00:00+00:00,264.5,265.3,263.8,264.2,535.847
2026-08-28 04:00:00+00:00,264.2,265.4,263.5,264.4,1748.457
2026-08-28 05:00:00+00:00,264.3,264.8,263.6,264.1,792.651
2026-08-28 06:00:00+00:00,264.1,265.6,264.1,264.8,781.142
2026-08-28 07:00:00+00:00,264.7,264.7,262.8,263.1,738.599
2026-08-28 08:00:00+00:00,263.1,264.1,261.5,262.0,1002.022
2026-08-28 09:00:00+00:00,262.0,263.6,261.6,263.1,816.263
2026-08-28 10:00:00+00:00,263.2,264.3,261.2,264.2,907.201
2026-08-28 11:00:00+00:00,264.3,265.8,264.3,264.9,770.455
2026-08-28 12:00:00+00:00,264.9,265.2,263.6,263.7,411.524
2026-08-28 13:00:00+00:00,263.6,264.3,255.1,257.7,12159.601
2026-08-28 14:00:00+00:00,257.7,258.6,250.3,255.3,9120.001
2026-08-28 15:00:00+00:00,255.3,256.0,249.0,249.4,4008.428
2026-08-28 16:00:00+00:00,249.5,250.1,244.0,247.5,6938.385
2026-08-28 17:00:00+00:00,247.5,248.3,246.3,247.3,1560.555
2026-08-28 18:00:00+00:00,247.1,247.3,244.3,246.0,1607.175
2026-08-28 19:00:00+00:00,246.1,248.0,246.1,247.7,472.568
2026-08-28 20:00:00+00:00,247.6,248.5,247.1,248.0,652.077
2026-08-28 21:00:00+00:00,248.0,248.7,246.4,246.7,762.865
2026-08-28 22:00:00+00:00,246.7,248.4,246.7,248.3,505.402
2026-08-28 23:00:00+00:00,248.3,248.5,247.6,248.1,578.504
2026-08-29 00:00:00+00:00,248.0,248.9,245.5,246.1,1195.519
2026-08-29 01:00:00+00:00,246.2,247.7,245.4,247.1,842.651
2026-08-29 02:00:00+00:00,247.1,247.2,246.3,247.1,391.305
2026-08-29 03:00:00+00:00,247.1,247.7,246.6,246.9,449.171
2026-08-29 04:00:00+00:00,246.9,247.2,246.0,246.5,517.059
2026-08-29 05:00:00+00:00,246.6,247.4,246.0,246.5,476.125
2026-08-29 06:00:00+00:00,246.5,246.5,244.5,245.5,956.76
2026-08-29 07:00:00+00:00,245.6,246.0,244.7,245.0,343.031
2026-08-29 08:00:00+00:00,245.0,245.0,243.5,243.7,849.924
2026-08-29 09:00:00+00:00,243.7,244.4,243.0,244.2,538.702
2026-08-29 10:00:00+00:00,244.1,245.1,243.7,243.9,1877.381
2026-08-29 11:00:00+00:00,243.8,243.9,242.6,242.8,1358.357
2026-08-29 12:00:00+00:00,242.8,244.9,242.5,244.0,1563.913
2026-08-29 13:00:00+00:00,243.9,245.4,243.8,245.2,842.814
2026-08-29 14:00:00+00:00,245.2,247.1,245.0,246.8,1196.07
2026-08-29 15:00:00+00:00,246.8,246.8,244.0,244.8,758.837
2026-08-29 16:00:00+00:00,244.9,246.2,244.7,245.4,742.652
2026-08-29 17:00:00+00:00,245.4,246.2,244.5,245.8,1227.8
2026-08-29 18:00:00+00:00,245.8,247.4,245.6,247.1,1062.276
2026-08-29 19:00:00+00:00,247.2,247.8,246.7,247.1,921.989
2026-08-29 20:00:00+00:00,247.2,247.8,246.5,246.5,412.193
2026-08-29 21:00:00+00:00,246.6,246.8,246.0,246.1,342.61
2026-08-29 22:00:00+00:00,246.0,247.0,245.9,246.9,304.19
2026-08-29 23:00:00+00:00,246.9,247.3,246.2,247.2,345.073
2026-08-30 00:00:00+00:00,247.2,247.3,246.4,246.6,373.9
2026-08-30 01:00:00+00:00,246.5,246.8,245.4,245.5,264.194
2026-08-30 02:00:00+00:00,245.5,246.2,245.4,245.5,471.57
2026-08-30 03:00:00+00:00,245.6,246.0,245.0,245.4,316.622
2026-08-30 04:00:00+00:00,245.3,245.6,244.3,244.9,640.934
2026-08-30 05:00:00+00:00,244.8,245.5,244.8,245.1,273.258
2026-08-30 06:00:00+00:00,245.1,246.0,244.9,246.0,306.388
2026-08-30 07:00:00+00:00,245.9,246.2,244.8,245.0,439.934
2026-08-30 08:00:00+00:00,244.9,245.7,244.8,245.2,411.563
2026-08-30 09:00:00+00:00,245.1,245.8,244.7,245.3,460.484
2026-08-30 10:00:00+00:00,245.2,246.1,245.0,245.6,423.988
2026-08-30 11:00:00+00:00,245.7,246.8,245.5,246.4,485.105
2026-08-30 12:00:00+00:00,246.4,251.8,246.4,251.4,3629.654
2026-08-30 13:00:00+00:00,251.5,253.0,250.8,252.4,2815.904
2026-08-30 14:00:00+00:00,252.3,254.4,251.2,253.8,1626.122
2026-08-30 15:00:00+00:00,253.9,254.1,251.0,252.6,1869.491
2026-08-30 16:00:00+00:00,252.7,254.9,251.9,254.9,1535.683
2026-08-30 17:00:00+00:00,254.9,255.4,252.1,253.3,1898.721
2026-08-30 18:00:00+00:00,253.4,254.5,252.4,253.9,352.912
2026-08-30 19:00:00+00:00,254.0,254.5,250.7,251.6,1110.706
2026-08-30 20:00:00+00:00,251.6,252.3,249.7,251.2,1017.121
2026-08-30 21:00:00+00:00,251.1,251.2,249.1,250.9,1012.96
2026-08-30 22:00:00+00:00,250.9,251.7,248.2,248.3,1753.526
2026-08-30 23:00:00+00:00,248.2,248.2,239.1,243.4,4854.535
2026-08-31 00:00:00+00:00,243.3,245.5,242.5,244.6,1721.549
2026-08-31 01:00:00+00:00,244.5,245.1,242.7,242.8,532.949
2026-08-31 02:00:00+00:00,242.9,245.1,241.4,242.4,982.543
2026-08-31 03:00:00+00:00,242.4,245.1,242.0,244.8,587.677
2026-08-31 04:00:00+00:00,244.8,244.9,243.5,244.5,1141.495
2026-08-31 05:00:00+00:00,244.4,247.8,244.4,246.9,2274.589
2026-08-31 06:00:00+00:00,246.9,247.2,245.9,246.4,586.877
2026-08-31 07:00:00+00:00,246.4,247.2,246.3,247.2,776.88
2026-08-31 08:00:00+00:00,247.1,248.9,246.2,248.2,1568.645
2026-08-31 09:00:00+00:00,248.1,249.0,247.4,247.6,875.658
2026-08-31 10:00:00+00:00,247.6,249.0,246.5,248.2,1207.063
2026-08-31 11:00:00+00:00,248.1,248.4,246.2,246.4,481.984
2026-08-31 12:00:00+00:00,246.4,247.9,245.2,246.1,1403.611
2026-08-31 13:00:00+00:00,246.2,247.6,243.2,244.4,1988.677
2026-08-31 14:00:00+00:00,244.4,247.2,243.9,246.1,1237.269
2026-08-31 15:00:00+00:00,246.2,247.1,245.5,245.5,852.812
2026-08-31 16:00:00+00:00,245.5,247.1,244.5,246.7,1378.886
2026-08-31 17:00:00+00:00,246.7,248.6,246.2,248.1,1241.736
2026-08-31 18:00:00+00:00,248.0,249.5,247.6,248.4,1195.438
2026-08-31 19:00:00+00:00,248.4,248.6,246.8,247.5,1782.871
2026-08-31 20:00:00+00:00,247.4,248.3,247.3,247.5,632.699
2026-08-31 21:00:00+00:00,247.5,248.5,246.9,248.2,503.532
2026-08-31 22:00:00+00:00,248.2,248.6,246.7,246.8,334.727
2026-08-31 23:00:00+00:00,246.7,247.2,246.1,247.2,258.662
2026-09-01 00:00:00+00:00,247.1,248.6,246.8,247.7,505.217
2026-09-01 01:00:00+00:00,247.8,248.2,246.8,247.4,393.94
2026-09-01 02:00:00+00:00,247.3,247.6,246.1,247.6,282.986
2026-09-01 03:00:00+00:00,247.6,248.8,246.7,247.7,211.441
2026-09-01 04:00:00+00:00,247.7,248.9,247.5,247.8,304.553
2026-09-01 05:00:00+00:00,247.8,251.9,247.7,251.1,1228.897
2026-09-01 06:00:00+00:00,251.1,251.2,249.0,249.2,665.862
2026-09-01 07:00:00+00:00,249.2,251.3,249.0,250.8,2077.212
2026-09-01 08:00:00+00:00,250.9,251.1,245.4,245.4,4678.175
2026-09-01 09:00:00+00:00,245.5,245.9,244.9,245.6,836.712
2026-09-01 10:00:00+00:00,245.6,248.0,245.2,247.6,577.275
2026-09-01 11:00:00+00:00,247.6,249.8,247.3,249.0,853.277
2026-09-01 12:00:00+00:00,249.1,250.0,247.0,247.1,944.827
2026-09-01 13:00:00+00:00,247.1,248.0,245.8,247.8,775.791
2026-09-01 14:00:00+00:00,247.9,250.1,247.8,249.3,1787.993
2026-09-01 15:00:00+00:00,249.3,249.9,247.1,248.7,3146.926
2026-09-01 16:00:00+00:00,248.7,248.7,244.8,246.4,1483.898
2026-09-01 17:00:00+00:00,246.3,248.2,246.0,246.5,888.784
2026-09-01 18:00:00+00:00,246.6,246.8,243.0,246.2,1590.367
2026-09-01 19:00:00+00:00,246.3,247.8,246.1,246.7,1036.725
2026-09-01 20:00:00+00:00,246.8,246.9,245.4,246.2,519.281
2026-09-01 21:00:00+00:00,246.2,246.5,244.4,245.2,1053.53
2026-09-01 22:00:00+00:00,245.2,245.7,244.3,244.7,684.076
2026-09-01 23:00:00+00:00,244.7,246.5,244.7,246.0,467.33
2026-09-02 00:00:00+00:00,246.1,246.8,245.5,245.5,509.668
2026-09-02 01:00:00+00:00,245.4,246.7,243.4,244.3,1004.277
2026-09-02 02:00:00+00:00,244.3,247.1,243.7,247.1,635.311
2026-09-02 03:00:00+00:00,247.0,250.2,247.0,248.9,2943.875
2026-09-02 04:00:00+00:00,249.0,249.7,247.5,248.6,2251.767
2026-09-02 05:00:00+00:00,248.6,249.2,247.7,248.5,652.733
2026-09-02 06:00:00+00:00,248.6,248.8,247.0,247.9,586.259
2026-09-02 07:00:00+00:00,247.9,248.3,247.4,247.5,266.552
2026-09-02 08:00:00+00:00,247.6,247.6,244.1,244.6,610.3
2026-09-02 09:00:00+00:00,244.5,245.4,243.3,244.4,829.664
2026-09-02 10:00:00+00:00,244.4,244.5,242.5,244.1,594.098
2026-09-02 11:00:00+00:00,244.0,244.9,242.9,244.9,1015.493
2026-09-02 12:00:00+00:00,244.8,245.6,243.3,243.3,586.187
2026-09-02 13:00:00+00:00,243.4,246.2,242.7,244.6,829.325
2026-09-02 14:00:00+00:00,244.5,245.1,242.7,242.7,517.32
2026-09-02 15:00:00+00:00,242.7,243.6,241.6,242.9,1657.257
2026-09-02 16:00:00+00:00,242.9,244.1,242.4,242.5,1521.747
2026-09-02 17:00:00+00:00,242.6,244.2,241.3,244.0,1102.918
2026-09-02 18:00:00+00:00,244.0,244.4,243.3,244.4,1071.979
2026-09-02 19:00:00+00:00,244.3,245.0,243.2,244.1,765.118
2026-09-02 20:00:00+00:00,244.2,245.4,244.1,245.0,766.254
2026-09-02 21:00:00+00:00,244.9,244.9,243.7,244.1,557.864
2026-09-02 22:00:00+00:00,244.0,244.2,242.0,242.3,685.534
2026-09-02 23:00:00+00:00,242.4,244.7,242.3,244.6,763.098
2026-09-03 00:00:00+00:00,244.6,244.8,242.7,243.1,677.74
2026-09-03 01:00:00+00:00,243.1,246.2,242.3,245.1,1225.697
2026-09-03 02:00:00+00:00,245.0,248.4,244.5,248.3,2237.756
2026-09-03 03:00:00+00:00,248.4,248.4,246.7,247.5,1520.656
2026-09-03 04:00:00+00:00,247.5,249.4,247.0,249.3,1085.298
2026-09-03 05:00:00+00:00,249.4,249.4,245.9,248.8,1379.766
2026-09-03 06:00:00+00:00,248.9,250.0,248.2,248.5,2429.118
2026-09-03 07:00:00+00:00,248.5,251.5,248.3,250.4,3288.771
2026-09-03 08:00:00+00:00,250.4,252.4,250.1,250.2,950.112
2026-09-03 09:00:00+00:00,250.2,251.8,248.9,249.3,935.867
2026-09-03 10:00:00+00:00,249.3,250.0,247.9,249.9,806.258
2026-09-03 11:00:00+00:00,249.8,250.9,249.6,250.0,988.294
2026-09-03 12:00:00+00:00,250.0,251.1,249.5,250.4,1449.861
2026-09-03 13:00:00+00:00,250.4,252.0,249.6,249.9,2494.913
2026-09-03 14:00:00+00:00,249.8,257.7,249.1,257.5,3707.669
2026-09-03 15:00:00+00:00,257.5,259.4,252.1,258.6,6345.412
2026-09-03 16:00:00+00:00,258.8,259.0,255.0,257.9,2250.993
2026-09-03 17:00:00+00:00,257.9,258.7,257.2,257.8,828.823
2026-09-03 18:00:00+00:00,257.7,258.7,256.7,257.4,957.23
2026-09-03 19:00:00+00:00,257.4,260.3,257.2,259.5,2179.276
2026-09-03 20:00:00+00:00,259.5,259.5,257.0,258.6,1457.431
2026-09-03 21:00:00+00:00,258.6,261.4,258.3,260.6,1318.136
2026-09-03 22:00:00+00:00,260.7,260.8,256.4,257.7,1717.017
2026-09-03 23:00:00+00:00,257.6,257.8,256.4,256.6,816.988
