timestamp,open,high,low,close,volume
2026-03-08 01:00:00+00:00,1.437,1.449,1.433,1.446,100778.51
2026-03-08 02:00:00+00:00,1.446,1.448,1.425,1.428,184018.2
2026-03-08 03:00:00+00:00,1.428,1.442,1.428,1.435,120951.24
2026-03-08 04:00:00+00:00,1.435,1.438,1.427,1.433,232664.24
2026-03-08 05:00:00+00:00,1.432,1.447,1.432,1.447,185250.03
2026-03-08 06:00:00+00:00,1.446,1.449,1.437,1.443,185095.16
2026-03-08 07:00:00+00:00,1.442,1.456,1.441,1.446,158396.29
2026-03-08 08:00:00+00:00,1.446,1.448,1.439,1.445,109792.98
2026-03-08 09:00:00+00:00,1.444,1.459,1.443,1.456,135995.0
2026-03-08 10:00:00+00:00,1.456,1.478,1.456,1.472,138008.58
2026-03-08 11:00:00+00:00,1.472,1.475,1.456,1.468,129374.19
2026-03-08 12:00:00+00:00,1.468,1.485,1.457,1.479,297380.46
2026-03-08 13:00:00+00:00,1.479,1.48,1.455,1.465,334450.33
2026-03-08 14:00:00+00:00,1.464,1.471,1.451,1.458,161688.5
2026-03-08 15:00:00+00:00,1.458,1.458,1.445,1.453,106734.27
2026-03-08 16:00:00+00:00,1.453,1.456,1.445,1.449,143932.32
2026-03-08 17:00:00+00:00,1.449,1.46,1.448,1.456,158509.3
2026-03-08 18:00:00+00:00,1.457,1.457,1.445,1.454,103008.91
2026-03-08 19:00:00+00:00,1.454,1.48,1.453,1.469,386837.3
2026-03-08 20:00:00+00:00,1.469,1.475,1.458,1.458,255380.3
2026-03-08 21:00:00+00:00,1.459,1.468,1.45,1.462,267805.91
2026-03-08 22:00:00+00:00,1.462,1.462,1.43,1.457,681889.04
2026-03-08 23:00:00+00:00,1.458,1.463,1.447,1.452,238774.76
2026-03-09 00:00:00+00:00,1.453,1.479,1.452,1.467,197430.22
2026-03-09 01:00:00+00:00,1.467,1.476,1.457,1.461,231123.37
2026-03-09 02:00:00+00:00,1.461,1.477,1.455,1.471,186484.55
2026-03-09 03:00:00+00:00,1.471,1.493,1.466,1.471,412899.23
2026-03-09 04:00:00+00:00,1.471,1.498,1.471,1.484,339365.81
2026-03-09 05:00:00+00:00,1.485,1.52,1.482,1.513,481023.77
2026-03-09 06:00:00+00:00,1.514,1.514,1.495,1.496,228398.66
2026-03-09 07:00:00+00:00,1.496,1.497,1.471,1.487,219060.69
2026-03-09 08:00:00+00:00,1.488,1.492,1.478,1.485,277403.55
2026-03-09 09:00:00+00:00,1.485,1.498,1.474,1.48,381169.73
2026-03-09 10:00:00+00:00,1.481,1.484,1.473,1.475,133360.89
2026-03-09 11:00:00+00:00,1.474,1.48,1.463,1.476,170456.65
2026-03-09 12:00:00+00:00,1.476,1.487,1.471,1.482,238904.8
2026-03-09 13:00:00+00:00,1.482,1.513,1.482,1.503,284243.71
2026-03-09 14:00:00+00:00,1.503,1.509,1.487,1.499,392227.23
2026-03-09 15:00:00+00:00,1.499,1.505,1.487,1.501,285933.06
2026-03-09 16:00:00+00:00,1.501,1.509,1.495,1.498,172489.27
2026-03-09 17:00:00+00:00,1.499,1.509,1.496,1.504,168139.08
2026-03-09 18:00:00+00:00,1.503,1.516,1.495,1.502,245594.08
2026-03-09 19:00:00+00:00,1.503,1.533,1.493,1.507,338489.83
2026-03-09 20:00:00+00:00,1.507,1.51,1.496,1.507,182062.65
2026-03-09 21:00:00+00:00,1.507,1.515,1.499,1.508,122957.91
2026-03-09 22:00:00+00:00,1.508,1.509,1.484,1.488,187441.04
2026-03-09 23:00:00+00:00,1.488,1.497,1.487,1.494,366046.79
2026-03-10 00:00:00+00:00,1.494,1.513,1.492,1.504,213578.05
2026-03-10 01:00:00+00:00,1.504,1.512,1.495,1.506,188577.84
2026-03-10 02:00:00+00:00,1.506,1.533,1.502,1.52,394893.78
2026-03-10 03:00:00+00:00,1.519,1.522,1.506,1.509,182445.69
2026-03-10 04:00:00+00:00,1.509,1.533,1.509,1.528,299210.63
2026-03-10 05:00:00+00:00,1.528,1.535,1.514,1.515,164080.3
2026-03-10 06:00:00+00:00,1.516,1.523,1.515,1.519,184524.02
2026-03-10 07:00:00+00:00,1.519,1.527,1.515,1.52,210056.37
2026-03-10 08:00:00+00:00,1.52,1.533,1.518,1.523,286166.46
2026-03-10 09:00:00+00:00,1.524,1.54,1.523,1.532,311828.57
2026-03-10 10:00:00+00:00,1.531,1.532,1.52,1.525,161855.73
2026-03-10 11:00:00+00:00,1.524,1.524,1.516,1.518,159787.27
2026-03-10 12:00:00+00:00,1.517,1.518,1.507,1.512,193510.87
2026-03-10 13:00:00+00:00,1.512,1.518,1.497,1.51,365140.93
2026-03-10 14:00:00+00:00,1.509,1.541,1.497,1.537,508554.12
2026-03-10 15:00:00+00:00,1.537,1.546,1.518,1.53,490700.64
2026-03-10 16:00:00+00:00,1.53,1.537,1.517,1.535,400953.33
2026-03-10 17:00:00+00:00,1.536,1.541,1.517,1.521,368741.41
2026-03-10 18:00:00+00:00,1.52,1.521,1.493,1.499,416778.67
2026-03-10 19:00:00+00:00,1.498,1.503,1.491,1.5,170608.41
2026-03-10 20:00:00+00:00,1.499,1.506,1.498,1.503,89770.34
2026-03-10 21:00:00+00:00,1.503,1.505,1.481,1.49,206967.05
2026-03-10 22:00:00+00:00,1.489,1.492,1.479,1.485,197514.88
2026-03-10 23:00:00+00:00,1.486,1.489,1.483,1.486,96573.3
2026-03-11 00:00:00+00:00,1.486,1.488,1.475,1.485,202046.39
2026-03-11 01:00:00+00:00,1.484,1.487,1.48,1.483,85148.95
2026-03-11 02:00:00+00:00,1.483,1.488,1.478,1.488,141800.63
2026-03-11 03:00:00+00:00,1.488,1.494,1.484,1.484,120721.7
2026-03-11 04:00:00+00:00,1.484,1.495,1.479,1.494,165639.29
2026-03-11 05:00:00+00:00,1.495,1.495,1.473,1.478,140369.86
2026-03-11 06:00:00+00:00,1.479,1.495,1.478,1.493,123202.49
2026-03-11 07:00:00+00:00,1.493,1.499,1.482,1.485,162383.37
2026-03-11 08:00:00+00:00,1.485,1.492,1.485,1.491,120776.43
2026-03-11 09:00:00+00:00,1.491,1.5,1.486,1.487,149083.87
2026-03-11 10:00:00+00:00,1.488,1.506,1.487,1.503,119144.11
2026-03-11 11:00:00+00:00,1.502,1.51,1.497,1.508,179812.43
2026-03-11 12:00:00+00:00,1.508,1.543,1.507,1.526,730477.4
2026-03-11 13:00:00+00:00,1.526,1.555,1.519,1.53,882098.54
2026-03-11 14:00:00+00:00,1.53,1.546,1.53,1.532,337129.96
2026-03-11 15:00:00+00:00,1.533,1.535,1.503,1.519,314368.42
2026-03-11 16:00:00+00:00,1.519,1.528,1.513,1.524,264105.26
2026-03-11 17:00:00+00:00,1.525,1.538,1.516,1.528,231538.27
2026-03-11 18:00:00+00:00,1.528,1.54,1.528,1.537,241425.28
2026-03-11 19:00:00+00:00,1.537,1.55,1.533,1.539,321959.36
2026-03-11 20:00:00+00:00,1.538,1.544,1.527,1.532,305886.06
2026-03-11 21:00:00+00:00,1.533,1.536,1.526,1.532,137442.07
2026-03-11 22:00:00+00:00,1.533,1.538,1.53,1.537,161062.9
2026-03-11 23:00:00+00:00,1.536,1.539,1.518,1.522,135931.57
2026-03-12 00:00:00+00:00,1.523,1.526,1.514,1.522,132776.7
2026-03-12 01:00:00+00:00,1.522,1.522,1.509,1.514,240874.99
2026-03-12 02:00:00+00:00,1.514,1.517,1.501,1.502,227837.59
2026-03-12 03:00:00+00:00,1.502,1.508,1.496,1.498,119037.15
2026-03-12 04:00:00+00:00,1.499,1.504,1.496,1.501,122431.19
2026-03-12 05:00:00+00:00,1.5,1.504,1.493,1.5,82542.81
2026-03-12 06:00:00+00:00,1.5,1.504,1.496,1.503,147976.98
2026-03-12 07:00:00+00:00,1.503,1.51,1.5,1.51,131621.68
2026-03-12 08:00:00+00:00,1.51,1.518,1.508,1.511,136864.5
2026-03-12 09:00:00+00:00,1.511,1.524,1.505,1.517,153576.27
2026-03-12 10:00:00+00:00,1.517,1.528,1.512,1.52,164129.91
2026-03-12 11:00:00+00:00,1.519,1.519,1.505,1.508,163149.3
2026-03-12 12:00:00+00:00,1.508,1.512,1.501,1.507,152941.76
2026-03-12 13:00:00+00:00,1.507,1.508,1.491,1.498,382399.17
2026-03-12 14:00:00+00:00,1.499,1.508,1.485,1.494,341123.69
2026-03-12 15:00:00+00:00,1.494,1.509,1.492,1.503,199221.52
2026-03-12 16:00:00+00:00,1.503,1.509,1.496,1.502,108408.32
2026-03-12 17:00:00+00:00,1.503,1.505,1.493,1.497,142153.51
2026-03-12 18:00:00+00:00,1.496,1.503,1.489,1.499,84253.9
2026-03-12 19:00:00+00:00,1.499,1.514,1.498,1.508,141855.58
2026-03-12 20:00:00+00:00,1.508,1.511,1.502,1.508,243125.74
2026-03-12 21:00:00+00:00,1.508,1.515,1.507,1.514,110444.16
2026-03-12 22:00:00+00:00,1.514,1.517,1.512,1.516,224084.05
2026-03-12 23:00:00+00:00,1.517,1.527,1.512,1.518,242994.53
2026-03-13 00:00:00+00:00,1.517,1.55,1.513,1.533,653266.38
2026-03-13 01:00:00+00:00,1.533,1.542,1.529,1.54,191683.05
2026-03-13 02:00:00+00:00,1.54,1.542,1.526,1.529,160458.31
2026-03-13 03:00:00+00:00,1.53,1.536,1.523,1.533,171472.84
2026-03-13 04:00:00+00:00,1.533,1.534,1.52,1.523,80541.54
2026-03-13 05:00:00+00:00,1.523,1.531,1.513,1.525,261651.23
2026-03-13 06:00:00+00:00,1.524,1.526,1.5,1.503,924472.42
2026-03-13 07:00:00+00:00,1.502,1.509,1.499,1.506,373989.06
2026-03-13 08:00:00+00:00,1.507,1.514,1.502,1.508,283736.29
2026-03-13 09:00:00+00:00,1.507,1.517,1.507,1.513,335102.14
2026-03-13 10:00:00+00:00,1.514,1.527,1.514,1.523,297792.34
2026-03-13 11:00:00+00:00,1.523,1.524,1.512,1.517,324938.36
2026-03-13 12:00:00+00:00,1.518,1.536,1.514,1.532,267487.64
2026-03-13 13:00:00+00:00,1.532,1.549,1.529,1.537,778402.94
2026-03-13 14:00:00+00:00,1.537,1.547,1.512,1.514,711053.36
2026-03-13 15:00:00+00:00,1.515,1.523,1.5,1.507,466627.83
2026-03-13 16:00:00+00:00,1.508,1.515,1.497,1.51,375154.85
2026-03-13 17:00:00+00:00,1.511,1.512,1.479,1.484,548025.9
2026-03-13 18:00:00+00:00,1.485,1.486,1.468,1.477,439178.09
2026-03-13 19:00:00+00:00,1.476,1.48,1.466,1.47,301611.87
2026-03-13 20:00:00+00:00,1.471,1.474,1.462,1.472,388244.39
2026-03-13 21:00:00+00:00,1.472,1.482,1.458,1.464,293978.24
2026-03-13 22:00:00+00:00,1.465,1.465,1.447,1.457,404457.45
2026-03-13 23:00:00+00:00,1.457,1.469,1.457,1.464,168482.48
2026-03-14 00:00:00+00:00,1.463,1.463,1.45,1.452,232527.03
2026-03-14 01:00:00+00:00,1.451,1.455,1.439,1.45,254360.89
2026-03-14 02:00:00+00:00,1.45,1.451,1.44,1.448,208050.75
2026-03-14 03:00:00+00:00,1.448,1.456,1.447,1.45,123200.1
2026-03-14 04:00:00+00:00,1.449,1.457,1.442,1.448,194813.1
2026-03-14 05:00:00+00:00,1.448,1.449,1.438,1.44,169097.5
2026-03-14 06:00:00+00:00,1.44,1.44,1.432,1.437,181832.0
2026-03-14 07:00:00+00:00,1.437,1.439,1.432,1.438,104537.73
2026-03-14 08:00:00+00:00,1.438,1.443,1.436,1.44,167461.46
2026-03-14 09:00:00+00:00,1.439,1.442,1.43,1.433,138676.66
2026-03-14 10:00:00+00:00,1.432,1.437,1.428,1.436,209815.98
2026-03-14 11:00:00+00:00,1.436,1.441,1.436,1.437,100162.58
2026-03-14 12:00:00+00:00,1.437,1.444,1.436,1.437,128972.72
2026-03-14 13:00:00+00:00,1.438,1.438,1.43,1.435,167035.7
2026-03-14 14:00:00+00:00,1.435,1.437,1.429,1.431,283187.89
2026-03-14 15:00:00+00:00,1.43,1.437,1.421,1.434,252026.62
2026-03-14 16:00:00+00:00,1.434,1.435,1.426,1.43,103539.75
2026-03-14 17:00:00+00:00,1.429,1.433,1.426,1.428,119245.61
2026-03-14 18:00:00+00:00,1.427,1.43,1.423,1.426,187444.64
2026-03-14 19:00:00+00:00,1.425,1.425,1.411,1.413,326872.9
2026-03-14 20:00:00+00:00,1.412,1.417,1.405,1.413,292844.29
2026-03-14 21:00:00+00:00,1.412,1.416,1.408,1.412,215911.36
2026-03-14 22:00:00+00:00,1.412,1.416,1.407,1.408,215727.35
2026-03-14 23:00:00+00:00,1.408,1.416,1.403,1.414,451192.67
2026-03-15 00:00:00+00:00,1.413,1.418,1.401,1.407,421140.12
2026-03-15 01:00:00+00:00,1.407,1.412,1.392,1.407,473267.36
2026-03-15 02:00:00+00:00,1.407,1.432,1.407,1.425,388627.03
2026-03-15 03:00:00+00:00,1.425,1.429,1.416,1.418,219329.83
2026-03-15 04:00:00+00:00,1.419,1.426,1.416,1.419,195476.6
2026-03-15 05:00:00+00:00,1.419,1.423,1.413,1.415,227755.79
2026-03-15 06:00:00+00:00,1.415,1.419,1.41,1.418,162957.7
2026-03-15 07:00:00+00:00,1.418,1.424,1.416,1.419,89052.2
2026-03-15 08:00:00+00:00,1.419,1.422,1.416,1.419,107225.76
2026-03-15 09:00:00+00:00,1.419,1.425,1.419,1.425,140120.96
2026-03-15 10:00:00+00:00,1.424,1.435,1.424,1.426,134836.29
2026-03-15 11:00:00+00:00,1.427,1.442,1.426,1.433,341633.76
2026-03-15 12:00:00+00:00,1.433,1.444,1.43,1.436,241903.98
2026-03-15 13:00:00+00:00,1.437,1.438,1.416,1.424,441364.43
2026-03-15 14:00:00+00:00,1.423,1.428,1.416,1.419,262980.04
2026-03-15 15:00:00+00:00,1.419,1.42,1.415,1.417,128858.1
2026-03-15 16:00:00+00:00,1.417,1.422,1.41,1.412,199244.36
2026-03-15 17:00:00+00:00,1.412,1.43,1.411,1.423,199370.74
2026-03-15 18:00:00+00:00,1.423,1.424,1.411,1.412,142493.08
2026-03-15 19:00:00+00:00,1.412,1.423,1.411,1.422,122188.5
2026-03-15 20:00:00+00:00,1.422,1.431,1.42,1.423,166066.35
2026-03-15 21:00:00+00:00,1.424,1.436,1.419,1.432,249098.56
2026-03-15 22:00:00+00:00,1.432,1.445,1.417,1.44,558191.85
2026-03-15 23:00:00+00:00,1.44,1.446,1.426,1.441,574568.5
2026-03-16 00:00:00+00:00,1.442,1.448,1.432,1.438,285123.0
2026-03-16 01:00:00+00:00,1.438,1.448,1.432,1.443,274362.3
2026-03-16 02:00:00+00:00,1.443,1.447,1.433,1.445,125302.65
2026-03-16 03:00:00+00:00,1.444,1.489,1.44,1.477,870925.68
2026-03-16 04:00:00+00:00,1.478,1.533,1.478,1.524,1081294.86
2026-03-16 05:00:00+00:00,1.525,1.55,1.512,1.543,1958284.3
2026-03-16 06:00:00+00:00,1.543,1.588,1.535,1.578,2275798.76
2026-03-16 07:00:00+00:00,1.578,1.602,1.577,1.583,1948524.69
2026-03-16 08:00:00+00:00,1.584,1.625,1.584,1.602,1699603.17
2026-03-16 09:00:00+00:00,1.602,1.625,1.597,1.609,1078064.74
2026-03-16 10:00:00+00:00,1.608,1.609,1.57,1.597,1052258.6
2026-03-16 11:00:00+00:00,1.597,1.635,1.585,1.593,1617774.23
2026-03-16 12:00:00+00:00,1.593,1.604,1.585,1.586,663759.31
2026-03-16 13:00:00+00:00,1.587,1.607,1.578,1.591,721838.31
2026-03-16 14:00:00+00:00,1.591,1.593,1.565,1.575,835028.74
2026-03-16 15:00:00+00:00,1.575,1.586,1.56,1.568,636687.68
2026-03-16 16:00:00+00:00,1.568,1.598,1.567,1.59,512514.53
2026-03-16 17:00:00+00:00,1.59,1.603,1.588,1.603,472034.41
2026-03-16 18:00:00+00:00,1.603,1.625,1.6,1.609,559032.22
2026-03-16 19:00:00+00:00,1.609,1.618,1.602,1.612,458310.02
2026-03-16 20:00:00+00:00,1.612,1.652,1.607,1.632,963783.76
2026-03-16 21:00:00+00:00,1.633,1.662,1.628,1.628,661527.9
2026-03-16 22:00:00+00:00,1.628,1.647,1.624,1.629,557561.21
2026-03-16 23:00:00+00:00,1.629,1.653,1.621,1.64,732544.66
2026-03-17 00:00:00+00:00,1.641,1.643,1.619,1.633,636292.58
2026-03-17 01:00:00+00:00,1.632,1.633,1.611,1.62,611374.34
2026-03-17 02:00:00+00:00,1.621,1.625,1.612,1.612,389229.59
2026-03-17 03:00:00+00:00,1.612,1.618,1.594,1.604,480623.75
2026-03-17 04:00:00+00:00,1.603,1.62,1.593,1.6,475461.21
2026-03-17 05:00:00+00:00,1.599,1.604,1.588,1.598,281597.58
2026-03-17 06:00:00+00:00,1.598,1.6,1.59,1.595,287782.3
2026-03-17 07:00:00+00:00,1.596,1.616,1.596,1.613,241016.71
2026-03-17 08:00:00+00:00,1.614,1.64,1.613,1.617,598118.02
2026-03-17 09:00:00+00:00,1.618,1.628,1.61,1.612,414706.64
2026-03-17 10:00:00+00:00,1.611,1.613,1.602,1.608,194755.5
2026-03-17 11:00:00+00:00,1.607,1.612,1.601,1.603,189474.14
2026-03-17 12:00:00+00:00,1.602,1.605,1.583,1.586,255509.08
2026-03-17 13:00:00+00:00,1.586,1.601,1.585,1.594,301036.34
2026-03-17 14:00:00+00:00,1.594,1.601,1.589,1.594,220677.46
2026-03-17 15:00:00+00:00,1.593,1.603,1.585,1.593,291712.72
2026-03-17 16:00:00+00:00,1.592,1.595,1.582,1.589,139943.75
2026-03-17 17:00:00+00:00,1.589,1.599,1.586,1.599,188677.31
2026-03-17 18:00:00+00:00,1.599,1.605,1.596,1.602,188476.96
2026-03-17 19:00:00+00:00,1.602,1.602,1.592,1.593,140865.15
2026-03-17 20:00:00+00:00,1.594,1.604,1.593,1.603,154200.75
2026-03-17 21:00:00+00:00,1.603,1.625,1.603,1.618,286703.6
2026-03-17 22:00:00+00:00,1.618,1.624,1.615,1.624,229251.19
2026-03-17 23:00:00+00:00,1.623,1.634,1.617,1.62,365237.83
2026-03-18 00:00:00+00:00,1.621,1.635,1.617,1.631,366517.75
2026-03-18 01:00:00+00:00,1.63,1.638,1.622,1.624,347646.78
2026-03-18 02:00:00+00:00,1.623,1.649,1.623,1.641,360164.68
2026-03-18 03:00:00+00:00,1.642,1.654,1.634,1.637,380636.15
2026-03-18 04:00:00+00:00,1.637,1.645,1.629,1.636,272114.99
2026-03-18 05:00:00+00:00,1.636,1.65,1.624,1.626,222541.61
2026-03-18 06:00:00+00:00,1.626,1.64,1.625,1.627,138707.76
2026-03-18 07:00:00+00:00,1.626,1.631,1.619,1.624,319340.84
2026-03-18 08:00:00+00:00,1.625,1.636,1.62,1.624,238314.3
2026-03-18 09:00:00+00:00,1.624,1.64,1.623,1.634,126392.73
2026-03-18 10:00:00+00:00,1.634,1.638,1.63,1.633,210977.39
2026-03-18 11:00:00+00:00,1.633,1.635,1.593,1.604,633870.54
2026-03-18 12:00:00+00:00,1.603,1.603,1.581,1.587,473974.49
2026-03-18 13:00:00+00:00,1.588,1.596,1.579,1.582,368388.05
2026-03-18 14:00:00+00:00,1.583,1.584,1.551,1.552,587602.36
2026-03-18 15:00:00+00:00,1.553,1.564,1.539,1.561,508910.13
2026-03-18 16:00:00+00:00,1.56,1.562,1.55,1.553,230041.09
2026-03-18 17:00:00+00:00,1.553,1.571,1.546,1.56,175770.71
2026-03-18 18:00:00+00:00,1.56,1.576,1.553,1.558,253320.57
2026-03-18 19:00:00+00:00,1.558,1.568,1.549,1.552,144814.6
2026-03-18 20:00:00+00:00,1.552,1.563,1.54,1.562,322853.04
2026-03-18 21:00:00+00:00,1.561,1.565,1.556,1.561,137221.82
2026-03-18 22:00:00+00:00,1.56,1.567,1.553,1.566,181951.97
2026-03-18 23:00:00+00:00,1.566,1.578,1.554,1.577,266936.11
2026-03-19 00:00:00+00:00,1.577,1.579,1.56,1.563,258914.15
2026-03-19 01:00:00+00:00,1.563,1.564,1.555,1.559,184938.95
2026-03-19 02:00:00+00:00,1.558,1.559,1.547,1.549,139529.28
2026-03-19 03:00:00+00:00,1.549,1.57,1.546,1.555,335728.85
2026-03-19 04:00:00+00:00,1.555,1.559,1.55,1.554,112513.28
2026-03-19 05:00:00+00:00,1.553,1.555,1.541,1.545,116325.87
2026-03-19 06:00:00+00:00,1.545,1.55,1.542,1.546,192823.6
2026-03-19 07:00:00+00:00,1.545,1.548,1.525,1.533,372123.63
2026-03-19 08:00:00+00:00,1.532,1.537,1.528,1.53,111302.65
2026-03-19 09:00:00+00:00,1.531,1.548,1.53,1.547,236956.43
2026-03-19 10:00:00+00:00,1.546,1.547,1.531,1.531,113502.63
2026-03-19 11:00:00+00:00,1.53,1.544,1.53,1.54,92961.05
2026-03-19 12:00:00+00:00,1.54,1.543,1.521,1.523,264939.26
2026-03-19 13:00:00+00:00,1.522,1.529,1.512,1.526,467732.21
2026-03-19 14:00:00+00:00,1.525,1.53,1.508,1.512,185583.27
2026-03-19 15:00:00+00:00,1.512,1.523,1.501,1.522,287468.99
2026-03-19 16:00:00+00:00,1.522,1.522,1.506,1.51,197176.51
2026-03-19 17:00:00+00:00,1.51,1.515,1.496,1.515,244727.18
2026-03-19 18:00:00+00:00,1.515,1.516,1.509,1.515,105524.77
2026-03-19 19:00:00+00:00,1.515,1.536,1.515,1.53,268835.3
2026-03-19 20:00:00+00:00,1.53,1.535,1.526,1.529,99409.02
2026-03-19 21:00:00+00:00,1.53,1.533,1.52,1.524,148404.66
2026-03-19 22:00:00+00:00,1.523,1.524,1.505,1.519,210793.5
2026-03-19 23:00:00+00:00,1.519,1.526,1.516,1.521,121209.15
2026-03-20 00:00:00+00:00,1.522,1.53,1.52,1.528,100667.95
2026-03-20 01:00:00+00:00,1.529,1.544,1.528,1.537,148816.28
2026-03-20 02:00:00+00:00,1.537,1.54,1.528,1.537,179439.07
2026-03-20 03:00:00+00:00,1.537,1.54,1.53,1.532,177005.18
2026-03-20 04:00:00+00:00,1.532,1.546,1.529,1.545,99696.67
2026-03-20 05:00:00+00:00,1.544,1.553,1.54,1.542,190228.15
2026-03-20 06:00:00+00:00,1.542,1.547,1.538,1.542,111833.83
2026-03-20 07:00:00+00:00,1.541,1.542,1.531,1.537,150138.81
2026-03-20 08:00:00+00:00,1.537,1.55,1.535,1.537,165690.72
2026-03-20 09:00:00+00:00,1.537,1.537,1.521,1.527,149144.51
2026-03-20 10:00:00+00:00,1.527,1.535,1.522,1.534,114379.08
2026-03-20 11:00:00+00:00,1.534,1.541,1.522,1.528,149267.13
2026-03-20 12:00:00+00:00,1.529,1.537,1.525,1.53,116876.6
2026-03-20 13:00:00+00:00,1.53,1.538,1.522,1.525,192430.38
2026-03-20 14:00:00+00:00,1.525,1.533,1.517,1.518,244622.95
2026-03-20 15:00:00+00:00,1.519,1.531,1.513,1.526,167163.91
2026-03-20 16:00:00+00:00,1.526,1.528,1.514,1.518,118197.09
2026-03-20 17:00:00+00:00,1.518,1.521,1.506,1.519,135922.29
2026-03-20 18:00:00+00:00,1.52,1.521,1.502,1.505,109804.4
2026-03-20 19:00:00+00:00,1.506,1.512,1.494,1.51,300794.14
2026-03-20 20:00:00+00:00,1.51,1.511,1.496,1.508,109640.13
2026-03-20 21:00:00+00:00,1.508,1.52,1.505,1.514,153879.88
2026-03-20 22:00:00+00:00,1.515,1.524,1.514,1.516,94808.15
2026-03-20 23:00:00+00:00,1.515,1.515,1.498,1.499,142361.0
2026-03-21 00:00:00+00:00,1.499,1.511,1.499,1.511,137501.56
2026-03-21 01:00:00+00:00,1.51,1.514,1.502,1.504,103628.91
2026-03-21 02:00:00+00:00,1.505,1.515,1.503,1.513,97370.26
2026-03-21 03:00:00+00:00,1.513,1.514,1.509,1.512,34507.28
2026-03-21 04:00:00+00:00,1.512,1.516,1.507,1.509,84393.5
2026-03-21 05:00:00+00:00,1.508,1.514,1.507,1.509,78721.02
2026-03-21 06:00:00+00:00,1.509,1.515,1.508,1.51,92626.7
2026-03-21 07:00:00+00:00,1.51,1.511,1.501,1.502,75929.19
2026-03-21 08:00:00+00:00,1.503,1.504,1.491,1.502,179403.17
2026-03-21 09:00:00+00:00,1.501,1.508,1.491,1.491,206471.81
2026-03-21 10:00:00+00:00,1.492,1.496,1.486,1.496,158212.39
2026-03-21 11:00:00+00:00,1.496,1.496,1.49,1.492,85588.44
2026-03-21 12:00:00+00:00,1.491,1.495,1.489,1.492,57561.48
2026-03-21 13:00:00+00:00,1.492,1.494,1.485,1.489,152104.7
2026-03-21 14:00:00+00:00,1.49,1.499,1.488,1.489,198619.73
2026-03-21 15:00:00+00:00,1.489,1.509,1.487,1.507,145100.02
2026-03-21 16:00:00+00:00,1.508,1.509,1.499,1.5,142772.2
2026-03-21 17:00:00+00:00,1.5,1.503,1.496,1.5,58225.45
2026-03-21 18:00:00+00:00,1.499,1.502,1.495,1.495,111402.75
2026-03-21 19:00:00+00:00,1.495,1.497,1.492,1.494,52145.13
2026-03-21 20:00:00+00:00,1.494,1.502,1.492,1.502,81658.93
2026-03-21 21:00:00+00:00,1.502,1.503,1.495,1.497,66414.56
2026-03-21 22:00:00+00:00,1.497,1.501,1.493,1.496,76176.88
2026-03-21 23:00:00+00:00,1.496,1.498,1.457,1.468,732779.44
2026-03-22 00:00:00+00:00,1.467,1.473,1.443,1.465,631999.25
2026-03-22 01:00:00+00:00,1.466,1.472,1.459,1.464,134039.16
2026-03-22 02:00:00+00:00,1.464,1.479,1.464,1.471,91264.48
2026-03-22 03:00:00+00:00,1.471,1.483,1.468,1.472,130774.49
2026-03-22 04:00:00+00:00,1.471,1.48,1.47,1.476,81636.5
2026-03-22 05:00:00+00:00,1.475,1.475,1.462,1.464,109256.36
2026-03-22 06:00:00+00:00,1.463,1.465,1.461,1.465,77526.21
2026-03-22 07:00:00+00:00,1.465,1.466,1.456,1.457,67518.33
2026-03-22 08:00:00+00:00,1.456,1.457,1.445,1.452,119874.52
2026-03-22 09:00:00+00:00,1.452,1.458,1.451,1.453,101997.92
2026-03-22 10:00:00+00:00,1.453,1.453,1.436,1.437,184352.94
2026-03-22 11:00:00+00:00,1.437,1.44,1.432,1.432,200455.57
2026-03-22 12:00:00+00:00,1.432,1.449,1.432,1.44,155087.7
2026-03-22 13:00:00+00:00,1.44,1.446,1.432,1.437,135089.84
2026-03-22 14:00:00+00:00,1.437,1.44,1.431,1.432,75163.77
2026-03-22 15:00:00+00:00,1.432,1.439,1.431,1.434,164865.83
2026-03-22 16:00:00+00:00,1.435,1.437,1.43,1.433,90873.35
2026-03-22 17:00:00+00:00,1.432,1.437,1.427,1.433,87929.11
2026-03-22 18:00:00+00:00,1.433,1.437,1.423,1.429,107569.54
2026-03-22 19:00:00+00:00,1.429,1.429,1.413,1.417,161182.82
2026-03-22 20:00:00+00:00,1.416,1.419,1.409,1.412,179530.96
2026-03-22 21:00:00+00:00,1.411,1.415,1.393,1.411,414824.81
2026-03-22 22:00:00+00:00,1.412,1.424,1.404,1.418,188957.11
2026-03-22 23:00:00+00:00,1.418,1.424,1.409,1.413,90824.9
2026-03-23 00:00:00+00:00,1.413,1.424,1.41,1.421,145130.71
2026-03-23 01:00:00+00:00,1.421,1.43,1.419,1.424,134583.87
2026-03-23 02:00:00+00:00,1.424,1.435,1.422,1.433,141085.02
2026-03-23 03:00:00+00:00,1.433,1.44,1.43,1.432,83864.81
2026-03-23 04:00:00+00:00,1.431,1.44,1.431,1.44,70953.44
2026-03-23 05:00:00+00:00,1.44,1.443,1.433,1.437,70408.53
2026-03-23 06:00:00+00:00,1.438,1.438,1.412,1.417,198300.15
2026-03-23 07:00:00+00:00,1.417,1.42,1.402,1.415,206569.33
2026-03-23 08:00:00+00:00,1.415,1.42,1.407,1.409,121679.19
2026-03-23 09:00:00+00:00,1.409,1.418,1.402,1.416,143823.28
2026-03-23 10:00:00+00:00,1.416,1.424,1.414,1.416,125844.14
2026-03-23 11:00:00+00:00,1.416,1.493,1.416,1.465,2316083.43
2026-03-23 12:00:00+00:00,1.466,1.477,1.456,1.471,388976.41
2026-03-23 13:00:00+00:00,1.471,1.485,1.463,1.48,316462.59
2026-03-23 14:00:00+00:00,1.48,1.488,1.46,1.467,338632.42
2026-03-23 15:00:00+00:00,1.466,1.474,1.431,1.433,524206.46
2026-03-23 16:00:00+00:00,1.434,1.442,1.426,1.438,258028.25
2026-03-23 17:00:00+00:00,1.439,1.44,1.426,1.435,297253.53
2026-03-23 18:00:00+00:00,1.435,1.442,1.427,1.441,307774.06
2026-03-23 19:00:00+00:00,1.44,1.442,1.42,1.423,423825.71
2026-03-23 20:00:00+00:00,1.424,1.429,1.409,1.427,411811.32
2026-03-23 21:00:00+00:00,1.427,1.433,1.425,1.429,259255.53
2026-03-23 22:00:00+00:00,1.43,1.431,1.409,1.413,253023.25
2026-03-23 23:00:00+00:00,1.412,1.422,1.405,1.421,354932.27
2026-03-24 00:00:00+00:00,1.421,1.426,1.413,1.423,718987.75
2026-03-24 01:00:00+00:00,1.423,1.425,1.408,1.413,220185.08
2026-03-24 02:00:00+00:00,1.414,1.422,1.412,1.415,114262.02
2026-03-24 03:00:00+00:00,1.414,1.425,1.409,1.422,125616.71
2026-03-24 04:00:00+00:00,1.422,1.426,1.411,1.415,246907.87
2026-03-24 05:00:00+00:00,1.414,1.419,1.409,1.416,201672.74
2026-03-24 06:00:00+00:00,1.417,1.42,1.408,1.417,148899.29
2026-03-24 07:00:00+00:00,1.417,1.429,1.415,1.427,482771.46
2026-03-24 08:00:00+00:00,1.427,1.427,1.412,1.42,200932.09
2026-03-24 09:00:00+00:00,1.421,1.422,1.411,1.416,260925.15
2026-03-24 10:00:00+00:00,1.416,1.416,1.397,1.406,490289.52
2026-03-24 11:00:00+00:00,1.405,1.406,1.386,1.398,699107.99
2026-03-24 12:00:00+00:00,1.397,1.4,1.391,1.393,340388.83
2026-03-24 13:00:00+00:00,1.393,1.401,1.384,1.389,478504.72
2026-03-24 14:00:00+00:00,1.389,1.405,1.386,1.401,328486.27
2026-03-24 15:00:00+00:00,1.402,1.404,1.379,1.383,378827.57
2026-03-24 16:00:00+00:00,1.382,1.383,1.367,1.379,627194.76
2026-03-24 17:00:00+00:00,1.38,1.381,1.36,1.367,294267.75
2026-03-24 18:00:00+00:00,1.368,1.382,1.362,1.374,161475.81
2026-03-24 19:00:00+00:00,1.374,1.385,1.373,1.38,227728.39
2026-03-24 20:00:00+00:00,1.379,1.403,1.378,1.396,558510.59
2026-03-24 21:00:00+00:00,1.396,1.399,1.384,1.398,143796.48
2026-03-24 22:00:00+00:00,1.397,1.399,1.387,1.395,204662.62
2026-03-24 23:00:00+00:00,1.396,1.405,1.394,1.401,236322.29
2026-03-25 00:00:00+00:00,1.402,1.412,1.394,1.406,270638.26
2026-03-25 01:00:00+00:00,1.406,1.411,1.402,1.405,212727.4
2026-03-25 02:00:00+00:00,1.405,1.407,1.398,1.4,531026.75
2026-03-25 03:00:00+00:00,1.4,1.403,1.388,1.402,405859.54
2026-03-25 04:00:00+00:00,1.401,1.404,1.39,1.395,227139.76
2026-03-25 05:00:00+00:00,1.395,1.4,1.388,1.388,277234.64
2026-03-25 06:00:00+00:00,1.389,1.389,1.379,1.383,362851.45
2026-03-25 07:00:00+00:00,1.383,1.389,1.381,1.385,168822.09
2026-03-25 08:00:00+00:00,1.385,1.401,1.383,1.385,390676.7
2026-03-25 09:00:00+00:00,1.385,1.39,1.376,1.388,595529.05
2026-03-25 10:00:00+00:00,1.387,1.396,1.387,1.389,250568.78
2026-03-25 11:00:00+00:00,1.388,1.397,1.379,1.393,417674.85
2026-03-25 12:00:00+00:00,1.394,1.395,1.38,1.388,374483.09
2026-03-25 13:00:00+00:00,1.389,1.391,1.371,1.371,425268.25
2026-03-25 14:00:00+00:00,1.372,1.382,1.367,1.378,258094.14
2026-03-25 15:00:00+00:00,1.378,1.381,1.363,1.369,329160.68
2026-03-25 16:00:00+00:00,1.369,1.384,1.367,1.37,498912.87
2026-03-25 17:00:00+00:00,1.369,1.376,1.365,1.373,266057.32
2026-03-25 18:00:00+00:00,1.374,1.383,1.371,1.375,217801.5
2026-03-25 19:00:00+00:00,1.375,1.377,1.367,1.369,286080.6
2026-03-25 20:00:00+00:00,1.369,1.369,1.346,1.353,723616.16
2026-03-25 21:00:00+00:00,1.353,1.356,1.349,1.354,255675.43
2026-03-25 22:00:00+00:00,1.354,1.364,1.349,1.36,403841.49
2026-03-25 23:00:00+00:00,1.359,1.364,1.354,1.363,205709.43
2026-03-26 00:00:00+00:00,1.363,1.369,1.354,1.359,189846.6
2026-03-26 01:00:00+00:00,1.359,1.368,1.359,1.36,205993.84
2026-03-26 02:00:00+00:00,1.361,1.361,1.345,1.35,245491.46
2026-03-26 03:00:00+00:00,1.35,1.35,1.34,1.343,215458.26
2026-03-26 04:00:00+00:00,1.343,1.343,1.333,1.336,362424.22
2026-03-26 05:00:00+00:00,1.336,1.338,1.326,1.331,552764.44
2026-03-26 06:00:00+00:00,1.331,1.331,1.318,1.325,356314.81
2026-03-26 07:00:00+00:00,1.324,1.329,1.322,1.328,161119.08
2026-03-26 08:00:00+00:00,1.328,1.329,1.319,1.321,366001.11
2026-03-26 09:00:00+00:00,1.32,1.323,1.307,1.312,399312.32
2026-03-26 10:00:00+00:00,1.313,1.314,1.305,1.312,398998.26
2026-03-26 11:00:00+00:00,1.312,1.316,1.309,1.313,303277.55
2026-03-26 12:00:00+00:00,1.313,1.328,1.313,1.319,411698.29
2026-03-26 13:00:00+00:00,1.319,1.337,1.319,1.332,552464.72
2026-03-26 14:00:00+00:00,1.333,1.337,1.326,1.33,403000.72
2026-03-26 15:00:00+00:00,1.33,1.331,1.316,1.323,369726.91
2026-03-26 16:00:00+00:00,1.324,1.333,1.318,1.319,428697.75
2026-03-26 17:00:00+00:00,1.32,1.331,1.317,1.321,308680.47
2026-03-26 18:00:00+00:00,1.322,1.324,1.315,1.315,305489.93
2026-03-26 19:00:00+00:00,1.315,1.317,1.301,1.306,417082.67
2026-03-26 20:00:00+00:00,1.306,1.329,1.301,1.307,703128.36
2026-03-26 21:00:00+00:00,1.308,1.328,1.306,1.32,288395.41
2026-03-26 22:00:00+00:00,1.32,1.325,1.317,1.32,169224.49
2026-03-26 23:00:00+00:00,1.321,1.326,1.315,1.321,245123.51
2026-03-27 00:00:00+00:00,1.321,1.325,1.317,1.324,140423.26
2026-03-27 01:00:00+00:00,1.324,1.34,1.322,1.335,180300.37
2026-03-27 02:00:00+00:00,1.336,1.337,1.326,1.327,140597.77
2026-03-27 03:00:00+00:00,1.328,1.329,1.316,1.321,160485.06
2026-03-27 04:00:00+00:00,1.321,1.325,1.313,1.321,214411.17
2026-03-27 05:00:00+00:00,1.321,1.325,1.316,1.321,244817.49
2026-03-27 06:00:00+00:00,1.322,1.325,1.317,1.322,126126.29
2026-03-27 07:00:00+00:00,1.323,1.327,1.317,1.324,202602.0
2026-03-27 08:00:00+00:00,1.325,1.327,1.306,1.315,307074.89
2026-03-27 09:00:00+00:00,1.315,1.315,1.295,1.301,541264.58
2026-03-27 10:00:00+00:00,1.3,1.3,1.272,1.276,890020.04
2026-03-27 11:00:00+00:00,1.277,1.284,1.273,1.281,416270.52
2026-03-27 12:00:00+00:00,1.282,1.284,1.273,1.283,422783.95
2026-03-27 13:00:00+00:00,1.283,1.295,1.282,1.287,336314.44
2026-03-27 14:00:00+00:00,1.287,1.289,1.274,1.284,314678.46
2026-03-27 15:00:00+00:00,1.284,1.29,1.276,1.279,405434.38
2026-03-27 16:00:00+00:00,1.278,1.286,1.275,1.281,128921.54
2026-03-27 17:00:00+00:00,1.281,1.289,1.281,1.283,134623.32
2026-03-27 18:00:00+00:00,1.283,1.283,1.272,1.277,144336.37
2026-03-27 19:00:00+00:00,1.277,1.283,1.27,1.282,175742.14
2026-03-27 20:00:00+00:00,1.281,1.285,1.273,1.283,111586.02
2026-03-27 21:00:00+00:00,1.283,1.293,1.283,1.284,130340.29
2026-03-27 22:00:00+00:00,1.284,1.289,1.283,1.285,100867.11
2026-03-27 23:00:00+00:00,1.285,1.295,1.28,1.292,150314.19
2026-03-28 00:00:00+00:00,1.291,1.294,1.282,1.283,172732.63
2026-03-28 01:00:00+00:00,1.282,1.282,1.271,1.279,161332.48
2026-03-28 02:00:00+00:00,1.28,1.287,1.275,1.278,178188.19
2026-03-28 03:00:00+00:00,1.278,1.285,1.275,1.284,237760.74
2026-03-28 04:00:00+00:00,1.284,1.288,1.28,1.284,117778.14
2026-03-28 05:00:00+00:00,1.285,1.292,1.283,1.291,107081.77
2026-03-28 06:00:00+00:00,1.291,1.299,1.288,1.295,138233.7
2026-03-28 07:00:00+00:00,1.295,1.301,1.294,1.301,86424.99
2026-03-28 08:00:00+00:00,1.301,1.306,1.3,1.302,164255.52
2026-03-28 09:00:00+00:00,1.301,1.303,1.289,1.293,125423.87
2026-03-28 10:00:00+00:00,1.292,1.298,1.292,1.296,77532.18
2026-03-28 11:00:00+00:00,1.296,1.299,1.285,1.288,231395.71
2026-03-28 12:00:00+00:00,1.288,1.288,1.275,1.28,423931.8
2026-03-28 13:00:00+00:00,1.281,1.306,1.281,1.296,350977.28
2026-03-28 14:00:00+00:00,1.296,1.297,1.285,1.29,287026.98
2026-03-28 15:00:00+00:00,1.289,1.296,1.284,1.286,374980.07
2026-03-28 16:00:00+00:00,1.287,1.291,1.285,1.289,144659.13
2026-03-28 17:00:00+00:00,1.289,1.291,1.275,1.281,202984.74
2026-03-28 18:00:00+00:00,1.281,1.286,1.278,1.282,72229.93
2026-03-28 19:00:00+00:00,1.282,1.285,1.278,1.283,89895.99
2026-03-28 20:00:00+00:00,1.282,1.287,1.282,1.283,74944.93
2026-03-28 21:00:00+00:00,1.283,1.283,1.261,1.269,485245.8
2026-03-28 22:00:00+00:00,1.269,1.274,1.262,1.266,383116.34
2026-03-28 23:00:00+00:00,1.267,1.267,1.253,1.259,446021.69
2026-03-29 00:00:00+00:00,1.259,1.263,1.247,1.259,272491.6
2026-03-29 01:00:00+00:00,1.259,1.267,1.259,1.264,120274.79
2026-03-29 02:00:00+00:00,1.265,1.267,1.262,1.266,101677.18
2026-03-29 03:00:00+00:00,1.266,1.272,1.265,1.27,84092.18
2026-03-29 04:00:00+00:00,1.271,1.271,1.266,1.268,102866.73
2026-03-29 05:00:00+00:00,1.268,1.273,1.265,1.271,98531.03
2026-03-29 06:00:00+00:00,1.271,1.274,1.267,1.271,71088.32
2026-03-29 07:00:00+00:00,1.27,1.271,1.265,1.268,58188.85
2026-03-29 08:00:00+00:00,1.268,1.273,1.268,1.273,40974.53
2026-03-29 09:00:00+00:00,1.272,1.274,1.269,1.271,98192.17
2026-03-29 10:00:00+00:00,1.27,1.27,1.263,1.267,87337.98
2026-03-29 11:00:00+00:00,1.267,1.276,1.266,1.266,85208.58
2026-03-29 12:00:00+00:00,1.266,1.267,1.257,1.262,136528.92
2026-03-29 13:00:00+00:00,1.263,1.267,1.254,1.263,198054.79
2026-03-29 14:00:00+00:00,1.263,1.27,1.261,1.264,183654.31
2026-03-29 15:00:00+00:00,1.265,1.267,1.254,1.257,121759.26
2026-03-29 16:00:00+00:00,1.256,1.261,1.255,1.256,78725.61
2026-03-29 17:00:00+00:00,1.256,1.258,1.249,1.254,108079.5
2026-03-29 18:00:00+00:00,1.254,1.258,1.251,1.255,73833.46
2026-03-29 19:00:00+00:00,1.255,1.256,1.25,1.253,65751.61
2026-03-29 20:00:00+00:00,1.253,1.264,1.253,1.26,88896.55
2026-03-29 21:00:00+00:00,1.261,1.268,1.259,1.268,86785.07
2026-03-29 22:00:00+00:00,1.267,1.267,1.221,1.251,525096.1
2026-03-29 23:00:00+00:00,1.251,1.262,1.249,1.261,326036.59
2026-03-30 00:00:00+00:00,1.261,1.287,1.26,1.27,422330.12
2026-03-30 01:00:00+00:00,1.27,1.276,1.265,1.275,195905.79
2026-03-30 02:00:00+00:00,1.276,1.286,1.27,1.274,250354.95
2026-03-30 03:00:00+00:00,1.274,1.277,1.271,1.272,183736.0
2026-03-30 04:00:00+00:00,1.273,1.277,1.269,1.272,280378.29
2026-03-30 05:00:00+00:00,1.272,1.275,1.26,1.263,288979.06
2026-03-30 06:00:00+00:00,1.263,1.271,1.261,1.268,173777.12
2026-03-30 07:00:00+00:00,1.268,1.279,1.267,1.277,305166.95
2026-03-30 08:00:00+00:00,1.278,1.286,1.274,1.279,424850.6
2026-03-30 09:00:00+00:00,1.279,1.28,1.267,1.27,195384.5
2026-03-30 10:00:00+00:00,1.269,1.272,1.266,1.272,219926.07
2026-03-30 11:00:00+00:00,1.272,1.288,1.271,1.281,326665.97
2026-03-30 12:00:00+00:00,1.281,1.286,1.274,1.276,215113.11
2026-03-30 13:00:00+00:00,1.277,1.281,1.264,1.265,258307.64
2026-03-30 14:00:00+00:00,1.266,1.273,1.259,1.271,271968.01
2026-03-30 15:00:00+00:00,1.272,1.272,1.259,1.264,284100.02
2026-03-30 16:00:00+00:00,1.264,1.269,1.26,1.263,248562.29
2026-03-30 17:00:00+00:00,1.263,1.266,1.246,1.25,392760.02
2026-03-30 18:00:00+00:00,1.25,1.251,1.244,1.247,220758.81
2026-03-30 19:00:00+00:00,1.246,1.247,1.233,1.241,372503.02
2026-03-30 20:00:00+00:00,1.24,1.244,1.233,1.236,193157.05
2026-03-30 21:00:00+00:00,1.236,1.252,1.235,1.248,205679.96
2026-03-30 22:00:00+00:00,1.248,1.25,1.244,1.247,117725.81
2026-03-30 23:00:00+00:00,1.246,1.246,1.237,1.243,175584.67
2026-03-31 00:00:00+00:00,1.244,1.247,1.236,1.244,189547.13
2026-03-31 01:00:00+00:00,1.244,1.264,1.241,1.258,317561.22
2026-03-31 02:00:00+00:00,1.257,1.264,1.254,1.258,120764.59
2026-03-31 03:00:00+00:00,1.258,1.261,1.252,1.254,143655.16
2026-03-31 04:00:00+00:00,1.254,1.256,1.245,1.247,189456.87
2026-03-31 05:00:00+00:00,1.246,1.251,1.242,1.247,115553.5
2026-03-31 06:00:00+00:00,1.247,1.251,1.239,1.25,151315.97
2026-03-31 07:00:00+00:00,1.25,1.257,1.247,1.256,181724.22
2026-03-31 08:00:00+00:00,1.256,1.258,1.238,1.241,283147.51
2026-03-31 09:00:00+00:00,1.241,1.244,1.226,1.232,335336.32
2026-03-31 10:00:00+00:00,1.233,1.238,1.227,1.229,257728.8
2026-03-31 11:00:00+00:00,1.228,1.244,1.226,1.237,584873.93
2026-03-31 12:00:00+00:00,1.238,1.246,1.233,1.242,766526.67
2026-03-31 13:00:00+00:00,1.243,1.27,1.242,1.267,431794.69
2026-03-31 14:00:00+00:00,1.268,1.278,1.253,1.257,391359.22
2026-03-31 15:00:00+00:00,1.257,1.267,1.252,1.253,244576.64
2026-03-31 16:00:00+00:00,1.253,1.276,1.253,1.265,282088.13
2026-03-31 17:00:00+00:00,1.265,1.274,1.255,1.26,429740.99
2026-03-31 18:00:00+00:00,1.26,1.268,1.26,1.265,164106.89
2026-03-31 19:00:00+00:00,1.266,1.27,1.263,1.269,181704.06
2026-03-31 20:00:00+00:00,1.27,1.271,1.255,1.265,663500.64
2026-03-31 21:00:00+00:00,1.265,1.267,1.258,1.262,132761.79
2026-03-31 22:00:00+00:00,1.262,1.262,1.251,1.254,140740.12
2026-03-31 23:00:00+00:00,1.254,1.256,1.25,1.253,137002.38
2026-04-01 00:00:00+00:00,1.253,1.257,1.25,1.256,148312.92
2026-04-01 01:00:00+00:00,1.257,1.26,1.251,1.251,143225.54
2026-04-01 02:00:00+00:00,1.25,1.255,1.247,1.253,142699.13
2026-04-01 03:00:00+00:00,1.254,1.265,1.253,1.261,102277.02
2026-04-01 04:00:00+00:00,1.262,1.268,1.261,1.266,154517.58
2026-04-01 05:00:00+00:00,1.266,1.283,1.262,1.28,295513.61
2026-04-01 06:00:00+00:00,1.281,1.303,1.279,1.3,841018.49
2026-04-01 07:00:00+00:00,1.3,1.301,1.284,1.287,283719.39
2026-04-01 08:00:00+00:00,1.288,1.292,1.276,1.28,245020.59
2026-04-01 09:00:00+00:00,1.28,1.286,1.273,1.283,116547.31
2026-04-01 10:00:00+00:00,1.283,1.284,1.276,1.28,136956.91
2026-04-01 11:00:00+00:00,1.281,1.281,1.27,1.277,170132.88
2026-04-01 12:00:00+00:00,1.277,1.295,1.272,1.279,732997.25
2026-04-01 13:00:00+00:00,1.28,1.284,1.264,1.271,476753.52
2026-04-01 14:00:00+00:00,1.271,1.275,1.266,1.272,215491.92
2026-04-01 15:00:00+00:00,1.272,1.276,1.264,1.276,302556.47
2026-04-01 16:00:00+00:00,1.276,1.281,1.269,1.277,228221.04
2026-04-01 17:00:00+00:00,1.277,1.284,1.27,1.271,258898.26
2026-04-01 18:00:00+00:00,1.272,1.273,1.258,1.26,303910.83
2026-04-01 19:00:00+00:00,1.26,1.268,1.256,1.265,174725.54
2026-04-01 20:00:00+00:00,1.265,1.265,1.256,1.261,116688.79
2026-04-01 21:00:00+00:00,1.261,1.27,1.261,1.266,183777.87
2026-04-01 22:00:00+00:00,1.265,1.266,1.251,1.255,150462.96
2026-04-01 23:00:00+00:00,1.255,1.258,1.253,1.255,130428.2
2026-04-02 00:00:00+00:00,1.256,1.269,1.255,1.265,179995.0
2026-04-02 01:00:00+00:00,1.266,1.266,1.231,1.239,457907.65
2026-04-02 02:00:00+00:00,1.238,1.238,1.216,1.229,595782.18
2026-04-02 03:00:00+00:00,1.229,1.23,1.211,1.219,295663.73
2026-04-02 04:00:00+00:00,1.218,1.224,1.215,1.218,236334.59
2026-04-02 05:00:00+00:00,1.22,1.221,1.213,1.219,216325.32
2026-04-02 06:00:00+00:00,1.219,1.225,1.218,1.222,182471.96
2026-04-02 07:00:00+00:00,1.222,1.227,1.218,1.225,98017.79
2026-04-02 08:00:00+00:00,1.226,1.226,1.216,1.216,133964.08
2026-04-02 09:00:00+00:00,1.217,1.22,1.212,1.217,259465.26
2026-04-02 10:00:00+00:00,1.218,1.22,1.211,1.216,130218.06
2026-04-02 11:00:00+00:00,1.215,1.219,1.207,1.216,217295.23
2026-04-02 12:00:00+00:00,1.216,1.216,1.206,1.209,266219.54
2026-04-02 13:00:00+00:00,1.209,1.211,1.204,1.211,260791.36
2026-04-02 14:00:00+00:00,1.211,1.233,1.208,1.231,461067.21
2026-04-02 15:00:00+00:00,1.23,1.23,1.216,1.222,600144.66
2026-04-02 16:00:00+00:00,1.222,1.231,1.217,1.224,211814.44
2026-04-02 17:00:00+00:00,1.223,1.232,1.218,1.221,310002.61
2026-04-02 18:00:00+00:00,1.22,1.229,1.219,1.227,134344.57
2026-04-02 19:00:00+00:00,1.227,1.229,1.22,1.226,63871.91
2026-04-02 20:00:00+00:00,1.227,1.232,1.225,1.228,71807.17
2026-04-02 21:00:00+00:00,1.228,1.233,1.224,1.229,96437.55
2026-04-02 22:00:00+00:00,1.23,1.233,1.228,1.23,88050.06
2026-04-02 23:00:00+00:00,1.229,1.238,1.229,1.237,109102.68
2026-04-03 00:00:00+00:00,1.237,1.242,1.236,1.24,84767.7
2026-04-03 01:00:00+00:00,1.241,1.244,1.233,1.235,89428.64
2026-04-03 02:00:00+00:00,1.235,1.239,1.23,1.235,134354.79
2026-04-03 03:00:00+00:00,1.235,1.239,1.232,1.237,119426.21
2026-04-03 04:00:00+00:00,1.236,1.241,1.234,1.239,65529.7
2026-04-03 05:00:00+00:00,1.24,1.251,1.238,1.248,127889.4
2026-04-03 06:00:00+00:00,1.249,1.26,1.248,1.254,166347.01
2026-04-03 07:00:00+00:00,1.254,1.257,1.249,1.252,166418.81
2026-04-03 08:00:00+00:00,1.251,1.258,1.25,1.255,119959.8
2026-04-03 09:00:00+00:00,1.255,1.255,1.246,1.248,203639.98
2026-04-03 10:00:00+00:00,1.248,1.251,1.244,1.25,119857.26
2026-04-03 11:00:00+00:00,1.25,1.259,1.25,1.256,178948.74
2026-04-03 12:00:00+00:00,1.256,1.267,1.251,1.255,292288.31
2026-04-03 13:00:00+00:00,1.255,1.256,1.246,1.25,111487.74
2026-04-03 14:00:00+00:00,1.249,1.255,1.246,1.254,86070.74
2026-04-03 15:00:00+00:00,1.253,1.258,1.248,1.249,107045.05
2026-04-03 16:00:00+00:00,1.249,1.254,1.246,1.252,140000.22
2026-04-03 17:00:00+00:00,1.253,1.257,1.248,1.249,154799.88
2026-04-03 18:00:00+00:00,1.25,1.253,1.245,1.246,68577.03
2026-04-03 19:00:00+00:00,1.245,1.246,1.237,1.243,147552.33
2026-04-03 20:00:00+00:00,1.242,1.251,1.242,1.242,131093.14
2026-04-03 21:00:00+00:00,1.241,1.248,1.241,1.244,106205.54
2026-04-03 22:00:00+00:00,1.244,1.244,1.234,1.237,55317.14
2026-04-03 23:00:00+00:00,1.236,1.239,1.233,1.239,59909.75
2026-04-04 00:00:00+00:00,1.238,1.242,1.237,1.241,87652.7
2026-04-04 01:00:00+00:00,1.241,1.241,1.233,1.239,140028.98
2026-04-04 02:00:00+00:00,1.239,1.242,1.237,1.237,64149.64
2026-04-04 03:00:00+00:00,1.238,1.246,1.236,1.245,134196.05
2026-04-04 04:00:00+00:00,1.245,1.247,1.242,1.244,37659.2
2026-04-04 05:00:00+00:00,1.244,1.25,1.242,1.242,72718.02
2026-04-04 06:00:00+00:00,1.242,1.246,1.241,1.244,47049.83
2026-04-04 07:00:00+00:00,1.244,1.25,1.244,1.247,83888.55
2026-04-04 08:00:00+00:00,1.247,1.249,1.244,1.244,58306.49
2026-04-04 09:00:00+00:00,1.244,1.247,1.244,1.244,35652.73
2026-04-04 10:00:00+00:00,1.244,1.246,1.239,1.244,120299.14
2026-04-04 11:00:00+00:00,1.244,1.258,1.244,1.255,144624.54
2026-04-04 12:00:00+00:00,1.255,1.26,1.253,1.254,169034.21
2026-04-04 13:00:00+00:00,1.254,1.259,1.248,1.249,127501.33
2026-04-04 14:00:00+00:00,1.249,1.251,1.245,1.251,78240.32
2026-04-04 15:00:00+00:00,1.251,1.26,1.25,1.251,91943.79
2026-04-04 16:00:00+00:00,1.251,1.256,1.248,1.249,73126.6
2026-04-04 17:00:00+00:00,1.249,1.265,1.249,1.263,140047.09
2026-04-04 18:00:00+00:00,1.262,1.265,1.256,1.258,98768.48
2026-04-04 19:00:00+00:00,1.257,1.265,1.254,1.256,84283.03
2026-04-04 20:00:00+00:00,1.256,1.257,1.253,1.254,46781.14
2026-04-04 21:00:00+00:00,1.253,1.256,1.249,1.252,65640.47
2026-04-04 22:00:00+00:00,1.252,1.255,1.249,1.249,80003.24
2026-04-04 23:00:00+00:00,1.249,1.254,1.247,1.254,42804.01
2026-04-05 00:00:00+00:00,1.254,1.255,1.25,1.252,194667.89
2026-04-05 01:00:00+00:00,1.253,1.253,1.248,1.249,71784.94
2026-04-05 02:00:00+00:00,1.248,1.251,1.246,1.249,116469.35
2026-04-05 03:00:00+00:00,1.249,1.251,1.248,1.251,55505.35
2026-04-05 04:00:00+00:00,1.25,1.251,1.244,1.245,196235.3
2026-04-05 05:00:00+00:00,1.244,1.245,1.232,1.235,243597.21
2026-04-05 06:00:00+00:00,1.235,1.235,1.225,1.232,158022.09
2026-04-05 07:00:00+00:00,1.232,1.233,1.224,1.227,189162.85
2026-04-05 08:00:00+00:00,1.227,1.229,1.224,1.229,127341.11
2026-04-05 09:00:00+00:00,1.229,1.23,1.223,1.228,82642.26
2026-04-05 10:00:00+00:00,1.228,1.231,1.224,1.225,82975.8
2026-04-05 11:00:00+00:00,1.225,1.228,1.224,1.226,77472.97
2026-04-05 12:00:00+00:00,1.226,1.23,1.219,1.224,171545.5
2026-04-05 13:00:00+00:00,1.224,1.225,1.216,1.224,148964.73
2026-04-05 14:00:00+00:00,1.224,1.228,1.223,1.223,83574.82
2026-04-05 15:00:00+00:00,1.224,1.27,1.219,1.232,1781071.36
2026-04-05 16:00:00+00:00,1.232,1.239,1.226,1.226,156793.93
2026-04-05 17:00:00+00:00,1.227,1.232,1.226,1.231,95701.64
2026-04-05 18:00:00+00:00,1.23,1.232,1.226,1.228,114046.75
2026-04-05 19:00:00+00:00,1.228,1.232,1.224,1.227,74918.16
2026-04-05 20:00:00+00:00,1.228,1.231,1.227,1.228,147832.3
2026-04-05 21:00:00+00:00,1.229,1.23,1.221,1.226,108288.24
2026-04-05 22:00:00+00:00,1.227,1.239,1.223,1.238,194826.55
2026-04-05 23:00:00+00:00,1.238,1.249,1.235,1.245,316794.61
2026-04-06 00:00:00+00:00,1.245,1.257,1.245,1.252,317250.93
2026-04-06 01:00:00+00:00,1.252,1.254,1.245,1.25,111144.51
2026-04-06 02:00:00+00:00,1.25,1.269,1.25,1.263,138990.61
2026-04-06 03:00:00+00:00,1.263,1.265,1.257,1.259,137204.63
2026-04-06 04:00:00+00:00,1.259,1.263,1.255,1.258,102852.89
2026-04-06 05:00:00+00:00,1.258,1.265,1.258,1.261,121724.06
2026-04-06 06:00:00+00:00,1.262,1.273,1.259,1.268,271310.95
2026-04-06 07:00:00+00:00,1.268,1.275,1.265,1.271,198586.01
2026-04-06 08:00:00+00:00,1.272,1.277,1.268,1.27,146237.02
2026-04-06 09:00:00+00:00,1.27,1.293,1.269,1.291,450049.74
2026-04-06 10:00:00+00:00,1.292,1.301,1.288,1.298,503673.31
2026-04-06 11:00:00+00:00,1.298,1.309,1.296,1.304,407493.08
2026-04-06 12:00:00+00:00,1.304,1.317,1.293,1.295,485494.58
2026-04-06 13:00:00+00:00,1.296,1.299,1.288,1.288,243479.68
2026-04-06 14:00:00+00:00,1.289,1.294,1.275,1.28,341036.68
2026-04-06 15:00:00+00:00,1.28,1.285,1.275,1.284,225733.77
2026-04-06 16:00:00+00:00,1.283,1.283,1.277,1.28,192312.49
2026-04-06 17:00:00+00:00,1.28,1.288,1.273,1.28,276759.62
2026-04-06 18:00:00+00:00,1.28,1.283,1.273,1.275,131807.85
2026-04-06 19:00:00+00:00,1.274,1.274,1.267,1.27,115773.12
2026-04-06 20:00:00+00:00,1.27,1.277,1.269,1.272,81061.36
2026-04-06 21:00:00+00:00,1.271,1.272,1.259,1.261,128453.52
2026-04-06 22:00:00+00:00,1.26,1.262,1.244,1.245,166641.62
2026-04-06 23:00:00+00:00,1.245,1.246,1.232,1.241,321859.86
2026-04-07 00:00:00+00:00,1.24,1.248,1.238,1.244,190962.35
2026-04-07 01:00:00+00:00,1.243,1.243,1.233,1.236,165867.05
2026-04-07 02:00:00+00:00,1.235,1.243,1.231,1.241,159976.4
2026-04-07 03:00:00+00:00,1.24,1.245,1.239,1.242,102192.01
2026-04-07 04:00:00+00:00,1.242,1.244,1.235,1.242,95091.92
2026-04-07 05:00:00+00:00,1.241,1.241,1.229,1.233,189698.29
2026-04-07 06:00:00+00:00,1.233,1.234,1.226,1.232,142769.72
2026-04-07 07:00:00+00:00,1.232,1.241,1.232,1.235,82085.05
2026-04-07 08:00:00+00:00,1.235,1.238,1.233,1.237,123325.33
2026-04-07 09:00:00+00:00,1.237,1.241,1.236,1.237,130368.45
2026-04-07 10:00:00+00:00,1.238,1.24,1.23,1.233,207510.43
2026-04-07 11:00:00+00:00,1.233,1.24,1.23,1.234,124893.28
2026-04-07 12:00:00+00:00,1.234,1.234,1.22,1.231,336251.87
2026-04-07 13:00:00+00:00,1.23,1.233,1.217,1.219,260025.57
2026-04-07 14:00:00+00:00,1.218,1.221,1.205,1.217,446404.85
2026-04-07 15:00:00+00:00,1.217,1.224,1.215,1.22,146178.24
2026-04-07 16:00:00+00:00,1.219,1.224,1.216,1.221,226703.98
2026-04-07 17:00:00+00:00,1.221,1.229,1.217,1.224,195475.78
2026-04-07 18:00:00+00:00,1.225,1.228,1.22,1.222,98958.63
2026-04-07 19:00:00+00:00,1.222,1.235,1.219,1.234,307115.7
2026-04-07 20:00:00+00:00,1.234,1.239,1.229,1.233,287050.0
2026-04-07 21:00:00+00:00,1.233,1.279,1.232,1.275,469778.98
2026-04-07 22:00:00+00:00,1.275,1.32,1.274,1.32,864932.81
2026-04-07 23:00:00+00:00,1.321,1.33,1.305,1.314,912977.6
2026-04-08 00:00:00+00:00,1.314,1.321,1.293,1.298,597263.25
2026-04-08 01:00:00+00:00,1.298,1.315,1.293,1.31,306848.91
2026-04-08 02:00:00+00:00,1.311,1.322,1.305,1.309,323428.72
2026-04-08 03:00:00+00:00,1.309,1.313,1.305,1.306,105245.6
2026-04-08 04:00:00+00:00,1.307,1.321,1.306,1.314,307735.22
2026-04-08 05:00:00+00:00,1.314,1.335,1.313,1.326,307127.62
2026-04-08 06:00:00+00:00,1.327,1.335,1.322,1.324,247856.17
2026-04-08 07:00:00+00:00,1.324,1.333,1.317,1.327,260244.11
2026-04-08 08:00:00+00:00,1.326,1.328,1.318,1.319,174748.33
2026-04-08 09:00:00+00:00,1.32,1.331,1.318,1.324,270983.59
2026-04-08 10:00:00+00:00,1.325,1.331,1.312,1.313,209714.63
2026-04-08 11:00:00+00:00,1.312,1.312,1.302,1.306,358278.98
2026-04-08 12:00:00+00:00,1.306,1.308,1.301,1.305,209234.86
2026-04-08 13:00:00+00:00,1.305,1.315,1.304,1.308,286613.16
2026-04-08 14:00:00+00:00,1.308,1.31,1.281,1.285,479303.44
2026-04-08 15:00:00+00:00,1.285,1.293,1.282,1.293,184167.12
2026-04-08 16:00:00+00:00,1.293,1.294,1.284,1.293,117844.24
2026-04-08 17:00:00+00:00,1.292,1.302,1.287,1.292,148248.61
2026-04-08 18:00:00+00:00,1.292,1.292,1.274,1.276,120059.59
2026-04-08 19:00:00+00:00,1.275,1.281,1.272,1.281,129876.85
2026-04-08 20:00:00+00:00,1.282,1.286,1.276,1.279,55714.87
2026-04-08 21:00:00+00:00,1.279,1.29,1.277,1.286,73863.79
2026-04-08 22:00:00+00:00,1.287,1.287,1.277,1.278,74526.54
2026-04-08 23:00:00+00:00,1.278,1.279,1.265,1.269,170896.68
2026-04-09 00:00:00+00:00,1.268,1.269,1.259,1.263,171928.7
2026-04-09 01:00:00+00:00,1.262,1.263,1.25,1.255,175319.57
2026-04-09 02:00:00+00:00,1.256,1.259,1.252,1.257,75201.46
2026-04-09 03:00:00+00:00,1.258,1.258,1.25,1.255,232791.43
2026-04-09 04:00:00+00:00,1.254,1.255,1.251,1.252,86650.4
2026-04-09 05:00:00+00:00,1.251,1.257,1.249,1.252,134866.74
2026-04-09 06:00:00+00:00,1.252,1.258,1.249,1.256,161813.36
2026-04-09 07:00:00+00:00,1.257,1.261,1.256,1.256,121385.37
2026-04-09 08:00:00+00:00,1.257,1.257,1.251,1.252,210880.84
2026-04-09 09:00:00+00:00,1.252,1.255,1.245,1.253,147376.78
2026-04-09 10:00:00+00:00,1.254,1.259,1.25,1.257,175044.44
2026-04-09 11:00:00+00:00,1.256,1.257,1.248,1.249,99962.66
2026-04-09 12:00:00+00:00,1.248,1.25,1.236,1.248,249571.8
2026-04-09 13:00:00+00:00,1.248,1.249,1.24,1.246,205094.83
2026-04-09 14:00:00+00:00,1.246,1.258,1.235,1.255,275935.38
2026-04-09 15:00:00+00:00,1.256,1.289,1.252,1.281,560882.23
2026-04-09 16:00:00+00:00,1.282,1.294,1.275,1.279,307189.93
2026-04-09 17:00:00+00:00,1.279,1.29,1.274,1.284,216629.93
2026-04-09 18:00:00+00:00,1.285,1.287,1.271,1.286,187186.57
2026-04-09 19:00:00+00:00,1.286,1.311,1.285,1.307,759657.31
2026-04-09 20:00:00+00:00,1.308,1.31,1.302,1.302,179677.26
2026-04-09 21:00:00+00:00,1.303,1.324,1.301,1.316,358222.1
2026-04-09 22:00:00+00:00,1.317,1.361,1.316,1.323,948828.16
2026-04-09 23:00:00+00:00,1.322,1.323,1.295,1.3,475445.9
2026-04-10 00:00:00+00:00,1.3,1.306,1.288,1.303,207967.09
2026-04-10 01:00:00+00:00,1.302,1.309,1.293,1.295,169449.88
2026-04-10 02:00:00+00:00,1.296,1.301,1.29,1.291,111834.43
2026-04-10 03:00:00+00:00,1.291,1.292,1.285,1.287,128013.2
2026-04-10 04:00:00+00:00,1.287,1.303,1.287,1.302,109001.8
2026-04-10 05:00:00+00:00,1.302,1.309,1.299,1.302,181341.97
2026-04-10 06:00:00+00:00,1.302,1.307,1.287,1.289,221253.34
2026-04-10 07:00:00+00:00,1.29,1.293,1.282,1.289,219042.07
2026-04-10 08:00:00+00:00,1.289,1.298,1.286,1.292,188158.06
2026-04-10 09:00:00+00:00,1.291,1.301,1.291,1.294,148901.05
2026-04-10 10:00:00+00:00,1.294,1.296,1.289,1.29,89372.13
2026-04-10 11:00:00+00:00,1.289,1.296,1.288,1.29,162776.24
2026-04-10 12:00:00+00:00,1.29,1.303,1.289,1.297,241660.31
2026-04-10 13:00:00+00:00,1.297,1.305,1.295,1.3,109677.58
2026-04-10 14:00:00+00:00,1.3,1.319,1.296,1.317,640513.72
2026-04-10 15:00:00+00:00,1.317,1.328,1.306,1.31,499499.0
2026-04-10 16:00:00+00:00,1.311,1.318,1.308,1.312,144152.21
2026-04-10 17:00:00+00:00,1.311,1.311,1.304,1.308,118001.1
2026-04-10 18:00:00+00:00,1.309,1.317,1.307,1.316,141171.51
2026-04-10 19:00:00+00:00,1.315,1.321,1.312,1.318,159185.41
2026-04-10 20:00:00+00:00,1.318,1.32,1.306,1.314,223835.86
2026-04-10 21:00:00+00:00,1.313,1.314,1.305,1.312,140565.52
2026-04-10 22:00:00+00:00,1.313,1.313,1.304,1.308,121644.52
2026-04-10 23:00:00+00:00,1.308,1.309,1.301,1.305,78773.41
2026-04-11 00:00:00+00:00,1.306,1.309,1.297,1.298,159582.15
2026-04-11 01:00:00+00:00,1.297,1.298,1.288,1.293,156911.11
2026-04-11 02:00:00+00:00,1.293,1.299,1.29,1.293,59140.16
2026-04-11 03:00:00+00:00,1.293,1.303,1.292,1.296,119308.76
2026-04-11 04:00:00+00:00,1.295,1.296,1.29,1.291,120834.93
2026-04-11 05:00:00+00:00,1.291,1.291,1.28,1.286,169864.27
2026-04-11 06:00:00+00:00,1.285,1.285,1.276,1.281,161907.27
2026-04-11 07:00:00+00:00,1.281,1.284,1.275,1.282,269426.43
2026-04-11 08:00:00+00:00,1.282,1.286,1.28,1.282,151909.15
2026-04-11 09:00:00+00:00,1.282,1.285,1.275,1.281,137696.96
2026-04-11 10:00:00+00:00,1.281,1.283,1.276,1.282,111223.23
2026-04-11 11:00:00+00:00,1.282,1.285,1.28,1.284,74947.57
2026-04-11 12:00:00+00:00,1.283,1.286,1.278,1.278,118015.39
2026-04-11 13:00:00+00:00,1.278,1.279,1.265,1.275,325047.71
2026-04-11 14:00:00+00:00,1.275,1.279,1.271,1.272,141936.01
2026-04-11 15:00:00+00:00,1.272,1.281,1.272,1.279,46752.41
2026-04-11 16:00:00+00:00,1.279,1.296,1.277,1.293,244536.89
2026-04-11 17:00:00+00:00,1.293,1.295,1.282,1.284,218667.58
2026-04-11 18:00:00+00:00,1.284,1.306,1.28,1.301,325077.2
2026-04-11 19:00:00+00:00,1.302,1.315,1.302,1.308,269881.47
2026-04-11 20:00:00+00:00,1.309,1.309,1.29,1.295,217909.15
2026-04-11 21:00:00+00:00,1.294,1.3,1.29,1.294,178236.02
2026-04-11 22:00:00+00:00,1.295,1.304,1.288,1.293,276606.09
2026-04-11 23:00:00+00:00,1.292,1.293,1.28,1.286,113567.1
2026-04-12 00:00:00+00:00,1.287,1.288,1.281,1.283,98127.89
2026-04-12 01:00:00+00:00,1.284,1.288,1.243,1.247,583386.59
2026-04-12 02:00:00+00:00,1.246,1.251,1.24,1.247,341670.87
2026-04-12 03:00:00+00:00,1.246,1.251,1.242,1.242,202722.03
2026-04-12 04:00:00+00:00,1.243,1.244,1.228,1.231,375184.21
2026-04-12 05:00:00+00:00,1.231,1.232,1.223,1.227,452055.79
2026-04-12 06:00:00+00:00,1.227,1.232,1.225,1.227,252801.77
2026-04-12 07:00:00+00:00,1.226,1.233,1.225,1.229,149659.41
2026-04-12 08:00:00+00:00,1.228,1.229,1.222,1.225,267457.9
2026-04-12 09:00:00+00:00,1.225,1.225,1.217,1.22,288100.03
2026-04-12 10:00:00+00:00,1.22,1.232,1.219,1.222,337806.74
2026-04-12 11:00:00+00:00,1.221,1.231,1.219,1.229,125916.33
2026-04-12 12:00:00+00:00,1.228,1.235,1.225,1.227,151150.09
2026-04-12 13:00:00+00:00,1.226,1.23,1.218,1.222,241854.52
2026-04-12 14:00:00+00:00,1.221,1.231,1.22,1.225,306757.34
2026-04-12 15:00:00+00:00,1.225,1.23,1.22,1.228,141658.54
2026-04-12 16:00:00+00:00,1.229,1.233,1.224,1.233,225332.73
2026-04-12 17:00:00+00:00,1.233,1.248,1.233,1.244,250820.18
2026-04-12 18:00:00+00:00,1.245,1.246,1.235,1.237,135386.58
2026-04-12 19:00:00+00:00,1.237,1.242,1.234,1.236,104614.14
2026-04-12 20:00:00+00:00,1.237,1.244,1.235,1.244,91694.76
2026-04-12 21:00:00+00:00,1.243,1.246,1.237,1.243,63480.32
2026-04-12 22:00:00+00:00,1.243,1.243,1.222,1.227,300674.03
2026-04-12 23:00:00+00:00,1.226,1.227,1.221,1.225,131767.1
2026-04-13 00:00:00+00:00,1.225,1.237,1.224,1.231,96432.36
2026-04-13 01:00:00+00:00,1.23,1.24,1.23,1.239,116042.17
2026-04-13 02:00:00+00:00,1.239,1.24,1.228,1.23,117004.62
2026-04-13 03:00:00+00:00,1.23,1.232,1.228,1.229,104333.16
2026-04-13 04:00:00+00:00,1.228,1.229,1.162,1.188,2870740.77
2026-04-13 05:00:00+00:00,1.187,1.2,1.148,1.174,3475552.51
2026-04-13 06:00:00+00:00,1.174,1.198,1.172,1.184,928591.08
2026-04-13 07:00:00+00:00,1.184,1.196,1.182,1.187,433527.26
2026-04-13 08:00:00+00:00,1.187,1.202,1.181,1.186,566534.94
2026-04-13 09:00:00+00:00,1.185,1.192,1.17,1.172,539077.19
2026-04-13 10:00:00+00:00,1.172,1.173,1.155,1.157,800926.13
2026-04-13 11:00:00+00:00,1.157,1.171,1.154,1.166,904177.07
2026-04-13 12:00:00+00:00,1.166,1.176,1.157,1.173,528768.98
2026-04-13 13:00:00+00:00,1.173,1.179,1.162,1.179,613598.55
2026-04-13 14:00:00+00:00,1.179,1.185,1.165,1.184,544308.92
2026-04-13 15:00:00+00:00,1.183,1.184,1.168,1.172,448604.81
2026-04-13 16:00:00+00:00,1.171,1.176,1.162,1.17,526619.03
2026-04-13 17:00:00+00:00,1.171,1.193,1.166,1.186,701662.95
2026-04-13 18:00:00+00:00,1.186,1.191,1.175,1.181,575303.28
2026-04-13 19:00:00+00:00,1.181,1.205,1.18,1.201,780476.44
2026-04-13 20:00:00+00:00,1.201,1.202,1.173,1.175,594014.91
2026-04-13 21:00:00+00:00,1.175,1.19,1.17,1.186,452471.16
2026-04-13 22:00:00+00:00,1.187,1.221,1.184,1.218,1203322.26
2026-04-13 23:00:00+00:00,1.219,1.242,1.213,1.229,1183058.53
2026-04-14 00:00:00+00:00,1.23,1.231,1.208,1.218,457623.57
2026-04-14 01:00:00+00:00,1.219,1.222,1.211,1.216,269886.56
2026-04-14 02:00:00+00:00,1.216,1.219,1.207,1.209,231266.53
2026-04-14 03:00:00+00:00,1.208,1.211,1.203,1.206,216124.29
2026-04-14 04:00:00+00:00,1.206,1.217,1.192,1.194,790486.48
2026-04-14 05:00:00+00:00,1.194,1.196,1.177,1.186,477969.53
2026-04-14 06:00:00+00:00,1.186,1.196,1.185,1.191,431986.57
2026-04-14 07:00:00+00:00,1.191,1.196,1.182,1.189,568982.56
2026-04-14 08:00:00+00:00,1.189,1.196,1.186,1.193,372617.62
2026-04-14 09:00:00+00:00,1.192,1.195,1.188,1.193,469912.53
2026-04-14 10:00:00+00:00,1.193,1.198,1.182,1.19,479317.23
2026-04-14 11:00:00+00:00,1.19,1.193,1.18,1.18,363901.72
2026-04-14 12:00:00+00:00,1.18,1.182,1.169,1.18,808703.24
2026-04-14 13:00:00+00:00,1.179,1.187,1.173,1.183,713503.49
2026-04-14 14:00:00+00:00,1.182,1.184,1.168,1.173,928272.1
2026-04-14 15:00:00+00:00,1.173,1.175,1.162,1.172,817273.54
2026-04-14 16:00:00+00:00,1.172,1.178,1.169,1.174,296091.92
2026-04-14 17:00:00+00:00,1.174,1.176,1.156,1.165,970563.67
2026-04-14 18:00:00+00:00,1.165,1.168,1.147,1.153,653874.03
2026-04-14 19:00:00+00:00,1.152,1.159,1.152,1.156,206671.74
2026-04-14 20:00:00+00:00,1.156,1.167,1.155,1.16,259664.62
2026-04-14 21:00:00+00:00,1.16,1.172,1.159,1.171,297380.19
2026-04-14 22:00:00+00:00,1.17,1.171,1.159,1.162,223836.37
2026-04-14 23:00:00+00:00,1.163,1.167,1.156,1.167,258015.32
2026-04-15 00:00:00+00:00,1.166,1.176,1.164,1.174,302948.35
2026-04-15 01:00:00+00:00,1.174,1.175,1.166,1.169,100253.52
2026-04-15 02:00:00+00:00,1.17,1.174,1.16,1.165,321764.65
2026-04-15 03:00:00+00:00,1.165,1.168,1.161,1.164,211240.07
2026-04-15 04:00:00+00:00,1.165,1.172,1.163,1.171,347221.1
2026-04-15 05:00:00+00:00,1.171,1.174,1.161,1.163,256928.25
2026-04-15 06:00:00+00:00,1.162,1.163,1.154,1.156,315053.74
2026-04-15 07:00:00+00:00,1.157,1.16,1.147,1.148,392143.94
2026-04-15 08:00:00+00:00,1.148,1.16,1.147,1.158,247875.74
2026-04-15 09:00:00+00:00,1.158,1.16,1.15,1.156,152498.31
2026-04-15 10:00:00+00:00,1.156,1.169,1.156,1.162,243677.04
2026-04-15 11:00:00+00:00,1.164,1.173,1.162,1.171,311728.65
2026-04-15 12:00:00+00:00,1.17,1.173,1.166,1.17,215914.69
2026-04-15 13:00:00+00:00,1.17,1.174,1.16,1.166,213099.58
2026-04-15 14:00:00+00:00,1.166,1.175,1.164,1.174,264193.13
2026-04-15 15:00:00+00:00,1.174,1.177,1.16,1.171,326523.63
2026-04-15 16:00:00+00:00,1.171,1.188,1.168,1.179,764223.3
2026-04-15 17:00:00+00:00,1.179,1.191,1.179,1.182,341159.86
2026-04-15 18:00:00+00:00,1.182,1.189,1.182,1.188,183401.88
2026-04-15 19:00:00+00:00,1.188,1.198,1.184,1.192,407176.26
2026-04-15 20:00:00+00:00,1.193,1.193,1.18,1.188,443656.76
2026-04-15 21:00:00+00:00,1.188,1.196,1.182,1.191,187546.46
2026-04-15 22:00:00+00:00,1.192,1.196,1.185,1.187,365992.44
2026-04-15 23:00:00+00:00,1.187,1.187,1.175,1.182,229594.49
2026-04-16 00:00:00+00:00,1.182,1.184,1.171,1.179,291087.07
2026-04-16 01:00:00+00:00,1.179,1.181,1.172,1.174,110464.28
2026-04-16 02:00:00+00:00,1.174,1.194,1.174,1.193,335034.89
2026-04-16 03:00:00+00:00,1.192,1.203,1.19,1.201,478429.11
2026-04-16 04:00:00+00:00,1.202,1.219,1.199,1.217,651862.09
2026-04-16 05:00:00+00:00,1.217,1.241,1.211,1.234,938830.7
2026-04-16 06:00:00+00:00,1.234,1.26,1.229,1.251,1129987.64
2026-04-16 07:00:00+00:00,1.252,1.277,1.25,1.271,1813898.62
2026-04-16 08:00:00+00:00,1.271,1.278,1.25,1.252,1332419.02
2026-04-16 09:00:00+00:00,1.252,1.28,1.246,1.266,972118.01
2026-04-16 10:00:00+00:00,1.265,1.267,1.25,1.259,734043.43
2026-04-16 11:00:00+00:00,1.259,1.273,1.251,1.269,463800.12
2026-04-16 12:00:00+00:00,1.27,1.283,1.267,1.281,798315.76
2026-04-16 13:00:00+00:00,1.281,1.306,1.276,1.287,1667188.41
2026-04-16 14:00:00+00:00,1.288,1.294,1.267,1.283,1244097.26
2026-04-16 15:00:00+00:00,1.283,1.328,1.278,1.327,1132420.3
2026-04-16 16:00:00+00:00,1.327,1.336,1.289,1.292,2033421.66
2026-04-16 17:00:00+00:00,1.292,1.32,1.284,1.317,791653.67
2026-04-16 18:00:00+00:00,1.317,1.338,1.314,1.329,492211.3
2026-04-16 19:00:00+00:00,1.329,1.353,1.325,1.35,691186.69
2026-04-16 20:00:00+00:00,1.35,1.352,1.325,1.326,531701.34
2026-04-16 21:00:00+00:00,1.327,1.336,1.32,1.335,492000.59
2026-04-16 22:00:00+00:00,1.334,1.341,1.32,1.325,905302.48
2026-04-16 23:00:00+00:00,1.325,1.347,1.321,1.329,839484.73
2026-04-17 00:00:00+00:00,1.328,1.33,1.312,1.319,394027.11
2026-04-17 01:00:00+00:00,1.318,1.321,1.302,1.307,370990.25
2026-04-17 02:00:00+00:00,1.306,1.311,1.293,1.299,472314.72
2026-04-17 03:00:00+00:00,1.3,1.3,1.29,1.296,415550.9
2026-04-17 04:00:00+00:00,1.296,1.302,1.292,1.295,219192.97
2026-04-17 05:00:00+00:00,1.295,1.3,1.285,1.295,359221.56
2026-04-17 06:00:00+00:00,1.296,1.323,1.295,1.312,595610.83
2026-04-17 07:00:00+00:00,1.313,1.332,1.312,1.329,639923.45
2026-04-17 08:00:00+00:00,1.329,1.335,1.315,1.321,419998.19
2026-04-17 09:00:00+00:00,1.321,1.327,1.31,1.317,400431.16
2026-04-17 10:00:00+00:00,1.317,1.318,1.297,1.306,466216.25
2026-04-17 11:00:00+00:00,1.305,1.319,1.305,1.307,273318.25
2026-04-17 12:00:00+00:00,1.307,1.323,1.3,1.318,408560.07
2026-04-17 13:00:00+00:00,1.318,1.347,1.311,1.345,1549238.65
2026-04-17 14:00:00+00:00,1.345,1.351,1.338,1.345,743362.25
2026-04-17 15:00:00+00:00,1.344,1.345,1.327,1.333,483973.01
2026-04-17 16:00:00+00:00,1.334,1.355,1.333,1.354,515337.98
2026-04-17 17:00:00+00:00,1.355,1.355,1.335,1.337,557278.17
2026-04-17 18:00:00+00:00,1.337,1.343,1.326,1.34,351332.48
2026-04-17 19:00:00+00:00,1.339,1.345,1.332,1.332,194564.16
2026-04-17 20:00:00+00:00,1.333,1.339,1.326,1.331,254988.65
2026-04-17 21:00:00+00:00,1.331,1.338,1.328,1.33,221173.4
2026-04-17 22:00:00+00:00,1.33,1.345,1.328,1.344,144227.73
2026-04-17 23:00:00+00:00,1.343,1.343,1.327,1.334,224103.3
2026-04-18 00:00:00+00:00,1.334,1.341,1.323,1.33,254504.1
2026-04-18 01:00:00+00:00,1.33,1.342,1.319,1.326,205595.79
2026-04-18 02:00:00+00:00,1.325,1.334,1.32,1.331,175932.28
2026-04-18 03:00:00+00:00,1.33,1.333,1.322,1.328,132872.82
2026-04-18 04:00:00+00:00,1.329,1.329,1.317,1.323,185418.53
2026-04-18 05:00:00+00:00,1.322,1.33,1.321,1.33,156645.09
2026-04-18 06:00:00+00:00,1.33,1.339,1.322,1.332,230906.73
2026-04-18 07:00:00+00:00,1.332,1.341,1.332,1.334,367920.74
2026-04-18 08:00:00+00:00,1.334,1.335,1.304,1.311,592146.49
2026-04-18 09:00:00+00:00,1.312,1.314,1.295,1.306,412158.3
2026-04-18 10:00:00+00:00,1.307,1.307,1.292,1.294,360945.39
2026-04-18 11:00:00+00:00,1.295,1.296,1.282,1.29,385500.01
2026-04-18 12:00:00+00:00,1.289,1.294,1.285,1.293,297897.4
2026-04-18 13:00:00+00:00,1.292,1.294,1.28,1.29,393172.86
2026-04-18 14:00:00+00:00,1.29,1.296,1.285,1.295,180224.81
2026-04-18 15:00:00+00:00,1.294,1.302,1.291,1.297,167634.8
2026-04-18 16:00:00+00:00,1.296,1.308,1.288,1.29,420473.21
2026-04-18 17:00:00+00:00,1.29,1.293,1.282,1.289,234265.92
2026-04-18 18:00:00+00:00,1.288,1.289,1.27,1.272,291264.44
2026-04-18 19:00:00+00:00,1.271,1.282,1.271,1.277,136854.16
2026-04-18 20:00:00+00:00,1.277,1.283,1.275,1.28,205721.9
2026-04-18 21:00:00+00:00,1.279,1.288,1.277,1.285,182461.08
2026-04-18 22:00:00+00:00,1.285,1.286,1.279,1.281,162975.44
2026-04-18 23:00:00+00:00,1.281,1.285,1.272,1.272,204428.72
2026-04-19 00:00:00+00:00,1.273,1.274,1.265,1.273,245472.07
2026-04-19 01:00:00+00:00,1.274,1.278,1.268,1.27,167040.54
2026-04-19 02:00:00+00:00,1.27,1.275,1.263,1.273,93863.36
2026-04-19 03:00:00+00:00,1.273,1.281,1.27,1.271,139556.07
2026-04-19 04:00:00+00:00,1.271,1.28,1.266,1.273,126449.14
2026-04-19 05:00:00+00:00,1.272,1.277,1.266,1.268,176657.59
2026-04-19 06:00:00+00:00,1.268,1.268,1.256,1.266,258845.19
2026-04-19 07:00:00+00:00,1.266,1.266,1.248,1.26,416880.46
2026-04-19 08:00:00+00:00,1.26,1.261,1.255,1.258,164370.13
2026-04-19 09:00:00+00:00,1.258,1.26,1.254,1.256,99768.72
2026-04-19 10:00:00+00:00,1.255,1.263,1.254,1.258,165436.4
2026-04-19 11:00:00+00:00,1.258,1.277,1.258,1.275,418032.96
2026-04-19 12:00:00+00:00,1.276,1.279,1.269,1.276,114979.53
2026-04-19 13:00:00+00:00,1.277,1.291,1.276,1.277,361555.96
2026-04-19 14:00:00+00:00,1.277,1.287,1.271,1.282,128273.82
2026-04-19 15:00:00+00:00,1.281,1.282,1.262,1.276,219157.35
2026-04-19 16:00:00+00:00,1.276,1.278,1.268,1.27,98814.42
2026-04-19 17:00:00+00:00,1.27,1.271,1.262,1.265,189632.19
2026-04-19 18:00:00+00:00,1.265,1.27,1.26,1.266,195953.46
2026-04-19 19:00:00+00:00,1.267,1.276,1.267,1.27,183314.79
2026-04-19 20:00:00+00:00,1.27,1.27,1.262,1.265,136001.74
2026-04-19 21:00:00+00:00,1.265,1.269,1.26,1.261,117734.89
2026-04-19 22:00:00+00:00,1.26,1.26,1.235,1.242,586305.87
2026-04-19 23:00:00+00:00,1.241,1.242,1.236,1.24,181590.4
2026-04-20 00:00:00+00:00,1.239,1.256,1.238,1.252,182176.69
2026-04-20 01:00:00+00:00,1.251,1.256,1.249,1.253,117300.2
2026-04-20 02:00:00+00:00,1.253,1.263,1.248,1.26,170156.99
2026-04-20 03:00:00+00:00,1.259,1.266,1.256,1.265,102625.12
2026-04-20 04:00:00+00:00,1.264,1.268,1.26,1.266,116460.67
2026-04-20 05:00:00+00:00,1.267,1.267,1.25,1.254,135771.96
2026-04-20 06:00:00+00:00,1.254,1.268,1.252,1.261,151317.35
2026-04-20 07:00:00+00:00,1.262,1.28,1.259,1.263,330954.15
2026-04-20 08:00:00+00:00,1.264,1.265,1.254,1.256,256778.36
2026-04-20 09:00:00+00:00,1.255,1.265,1.252,1.259,192445.61
2026-04-20 10:00:00+00:00,1.26,1.266,1.256,1.257,171521.16
2026-04-20 11:00:00+00:00,1.256,1.26,1.252,1.254,119286.45
2026-04-20 12:00:00+00:00,1.254,1.265,1.253,1.265,158073.55
2026-04-20 13:00:00+00:00,1.265,1.269,1.257,1.264,193461.55
2026-04-20 14:00:00+00:00,1.265,1.273,1.256,1.259,293845.14
2026-04-20 15:00:00+00:00,1.259,1.273,1.25,1.272,273826.24
2026-04-20 16:00:00+00:00,1.272,1.274,1.266,1.267,123322.01
2026-04-20 17:00:00+00:00,1.267,1.278,1.267,1.276,111537.91
2026-04-20 18:00:00+00:00,1.276,1.289,1.276,1.284,409169.47
2026-04-20 19:00:00+00:00,1.284,1.285,1.275,1.279,186700.51
2026-04-20 20:00:00+00:00,1.28,1.289,1.276,1.288,277947.27
2026-04-20 21:00:00+00:00,1.288,1.295,1.279,1.284,419850.91
2026-04-20 22:00:00+00:00,1.285,1.288,1.279,1.28,76789.43
2026-04-20 23:00:00+00:00,1.28,1.281,1.274,1.281,163021.01
2026-04-21 00:00:00+00:00,1.28,1.285,1.279,1.282,124657.52
2026-04-21 01:00:00+00:00,1.282,1.286,1.279,1.279,84087.47
2026-04-21 02:00:00+00:00,1.279,1.28,1.272,1.272,63000.95
2026-04-21 03:00:00+00:00,1.272,1.278,1.269,1.275,124716.11
2026-04-21 04:00:00+00:00,1.275,1.281,1.271,1.28,137780.37
2026-04-21 05:00:00+00:00,1.279,1.287,1.278,1.279,72671.44
2026-04-21 06:00:00+00:00,1.28,1.285,1.272,1.278,196371.6
2026-04-21 07:00:00+00:00,1.277,1.287,1.273,1.284,156469.92
2026-04-21 08:00:00+00:00,1.284,1.29,1.277,1.279,466638.76
2026-04-21 09:00:00+00:00,1.279,1.285,1.277,1.284,132014.69
2026-04-21 10:00:00+00:00,1.284,1.291,1.281,1.29,116086.97
2026-04-21 11:00:00+00:00,1.29,1.292,1.282,1.285,263927.66
2026-04-21 12:00:00+00:00,1.284,1.286,1.271,1.276,188812.61
2026-04-21 13:00:00+00:00,1.276,1.277,1.269,1.274,336073.99
2026-04-21 14:00:00+00:00,1.275,1.285,1.268,1.272,218810.65
2026-04-21 15:00:00+00:00,1.272,1.279,1.267,1.276,253201.37
2026-04-21 16:00:00+00:00,1.277,1.279,1.268,1.27,340291.91
2026-04-21 17:00:00+00:00,1.27,1.278,1.258,1.271,297999.2
2026-04-21 18:00:00+00:00,1.272,1.274,1.266,1.273,149709.95
2026-04-21 19:00:00+00:00,1.274,1.278,1.257,1.261,162451.87
2026-04-21 20:00:00+00:00,1.259,1.278,1.259,1.269,358223.41
2026-04-21 21:00:00+00:00,1.268,1.271,1.264,1.268,130071.61
2026-04-21 22:00:00+00:00,1.268,1.271,1.264,1.27,98526.48
2026-04-21 23:00:00+00:00,1.27,1.282,1.27,1.279,135227.62
2026-04-22 00:00:00+00:00,1.279,1.281,1.274,1.275,114233.79
2026-04-22 01:00:00+00:00,1.276,1.278,1.27,1.275,121048.7
2026-04-22 02:00:00+00:00,1.274,1.295,1.273,1.291,405228.77
2026-04-22 03:00:00+00:00,1.292,1.298,1.288,1.291,290250.57
2026-04-22 04:00:00+00:00,1.292,1.306,1.289,1.303,293262.59
2026-04-22 05:00:00+00:00,1.304,1.327,1.301,1.312,1205322.76
2026-04-22 06:00:00+00:00,1.312,1.314,1.305,1.31,163038.95
2026-04-22 07:00:00+00:00,1.31,1.31,1.304,1.306,230805.52
2026-04-22 08:00:00+00:00,1.305,1.314,1.305,1.311,188392.21
2026-04-22 09:00:00+00:00,1.31,1.314,1.305,1.307,144200.71
2026-04-22 10:00:00+00:00,1.307,1.313,1.302,1.311,243731.09
2026-04-22 11:00:00+00:00,1.31,1.315,1.299,1.306,581264.43
2026-04-22 12:00:00+00:00,1.306,1.307,1.298,1.3,161193.47
2026-04-22 13:00:00+00:00,1.3,1.307,1.296,1.301,225445.41
2026-04-22 14:00:00+00:00,1.301,1.307,1.299,1.302,221932.77
2026-04-22 15:00:00+00:00,1.303,1.306,1.297,1.299,320399.57
2026-04-22 16:00:00+00:00,1.299,1.303,1.295,1.295,207859.59
2026-04-22 17:00:00+00:00,1.295,1.298,1.286,1.292,228565.61
2026-04-22 18:00:00+00:00,1.291,1.297,1.286,1.287,146736.14
2026-04-22 19:00:00+00:00,1.287,1.287,1.273,1.279,335346.72
2026-04-22 20:00:00+00:00,1.279,1.279,1.271,1.272,171317.87
2026-04-22 21:00:00+00:00,1.271,1.28,1.271,1.278,64135.53
2026-04-22 22:00:00+00:00,1.277,1.279,1.271,1.274,89247.83
2026-04-22 23:00:00+00:00,1.274,1.275,1.269,1.272,168144.98
2026-04-23 00:00:00+00:00,1.272,1.278,1.263,1.273,408693.07
2026-04-23 01:00:00+00:00,1.273,1.275,1.264,1.269,173630.71
2026-04-23 02:00:00+00:00,1.27,1.27,1.255,1.26,345556.84
2026-04-23 03:00:00+00:00,1.261,1.264,1.251,1.255,203815.81
2026-04-23 04:00:00+00:00,1.255,1.26,1.253,1.257,164140.19
2026-04-23 05:00:00+00:00,1.257,1.262,1.252,1.257,155649.89
2026-04-23 06:00:00+00:00,1.258,1.264,1.257,1.261,157344.94
2026-04-23 07:00:00+00:00,1.261,1.261,1.253,1.255,187611.33
2026-04-23 08:00:00+00:00,1.255,1.256,1.247,1.253,188385.88
2026-04-23 09:00:00+00:00,1.253,1.254,1.239,1.245,307322.23
2026-04-23 10:00:00+00:00,1.244,1.247,1.238,1.242,235581.5
2026-04-23 11:00:00+00:00,1.242,1.252,1.241,1.249,159899.75
2026-04-23 12:00:00+00:00,1.249,1.253,1.241,1.246,287372.04
2026-04-23 13:00:00+00:00,1.246,1.247,1.24,1.243,211048.34
2026-04-23 14:00:00+00:00,1.243,1.252,1.238,1.249,321304.12
2026-04-23 15:00:00+00:00,1.248,1.254,1.245,1.249,493356.28
2026-04-23 16:00:00+00:00,1.249,1.253,1.244,1.245,189327.25
2026-04-23 17:00:00+00:00,1.244,1.246,1.212,1.223,1134650.42
2026-04-23 18:00:00+00:00,1.223,1.228,1.217,1.219,379780.51
2026-04-23 19:00:00+00:00,1.218,1.228,1.215,1.226,296324.61
2026-04-23 20:00:00+00:00,1.225,1.238,1.224,1.233,283000.75
2026-04-23 21:00:00+00:00,1.234,1.242,1.231,1.235,178509.96
2026-04-23 22:00:00+00:00,1.235,1.242,1.235,1.239,142844.36
2026-04-23 23:00:00+00:00,1.238,1.244,1.237,1.241,296512.99
2026-04-24 00:00:00+00:00,1.24,1.248,1.236,1.245,213545.58
2026-04-24 01:00:00+00:00,1.245,1.25,1.239,1.249,133669.3
2026-04-24 02:00:00+00:00,1.249,1.25,1.243,1.245,345817.79
2026-04-24 03:00:00+00:00,1.245,1.246,1.232,1.238,137707.94
2026-04-24 04:00:00+00:00,1.239,1.243,1.235,1.238,149622.81
2026-04-24 05:00:00+00:00,1.238,1.245,1.236,1.237,259989.08
2026-04-24 06:00:00+00:00,1.237,1.24,1.234,1.236,131673.17
2026-04-24 07:00:00+00:00,1.235,1.24,1.227,1.233,275323.83
2026-04-24 08:00:00+00:00,1.233,1.243,1.231,1.24,188333.0
2026-04-24 09:00:00+00:00,1.24,1.241,1.234,1.239,107507.27
2026-04-24 10:00:00+00:00,1.239,1.247,1.236,1.245,219515.7
2026-04-24 11:00:00+00:00,1.245,1.258,1.245,1.256,490092.73
2026-04-24 12:00:00+00:00,1.256,1.262,1.252,1.253,272768.64
2026-04-24 13:00:00+00:00,1.252,1.261,1.252,1.254,185632.93
2026-04-24 14:00:00+00:00,1.254,1.256,1.248,1.25,275939.04
2026-04-24 15:00:00+00:00,1.249,1.262,1.241,1.259,312393.28
2026-04-24 16:00:00+00:00,1.26,1.262,1.249,1.252,211690.96
2026-04-24 17:00:00+00:00,1.252,1.262,1.251,1.258,259233.39
2026-04-24 18:00:00+00:00,1.258,1.261,1.252,1.257,139680.26
2026-04-24 19:00:00+00:00,1.257,1.261,1.253,1.257,115098.06
2026-04-24 20:00:00+00:00,1.257,1.263,1.253,1.262,140199.36
2026-04-24 21:00:00+00:00,1.261,1.269,1.256,1.259,357494.52
2026-04-24 22:00:00+00:00,1.259,1.259,1.247,1.252,173960.57
2026-04-24 23:00:00+00:00,1.251,1.255,1.25,1.254,56659.52
2026-04-25 00:00:00+00:00,1.254,1.258,1.252,1.256,89798.9
2026-04-25 01:00:00+00:00,1.256,1.27,1.255,1.265,292263.12
2026-04-25 02:00:00+00:00,1.266,1.267,1.257,1.26,152880.85
2026-04-25 03:00:00+00:00,1.261,1.269,1.26,1.264,104545.66
2026-04-25 04:00:00+00:00,1.265,1.272,1.26,1.261,121089.96
2026-04-25 05:00:00+00:00,1.261,1.269,1.256,1.263,153055.21
2026-04-25 06:00:00+00:00,1.264,1.271,1.263,1.264,120101.66
2026-04-25 07:00:00+00:00,1.264,1.268,1.26,1.265,119608.68
2026-04-25 08:00:00+00:00,1.264,1.268,1.262,1.266,83125.01
2026-04-25 09:00:00+00:00,1.267,1.274,1.267,1.272,151222.91
2026-04-25 10:00:00+00:00,1.271,1.275,1.268,1.269,106249.42
2026-04-25 11:00:00+00:00,1.268,1.269,1.255,1.257,175103.56
2026-04-25 12:00:00+00:00,1.257,1.259,1.253,1.256,196029.81
2026-04-25 13:00:00+00:00,1.256,1.265,1.255,1.262,140664.22
2026-04-25 14:00:00+00:00,1.263,1.265,1.258,1.26,123952.09
2026-04-25 15:00:00+00:00,1.26,1.264,1.254,1.257,211067.04
2026-04-25 16:00:00+00:00,1.257,1.262,1.245,1.25,250995.97
2026-04-25 17:00:00+00:00,1.25,1.25,1.242,1.244,121360.28
2026-04-25 18:00:00+00:00,1.243,1.246,1.242,1.242,89302.77
2026-04-25 19:00:00+00:00,1.242,1.243,1.237,1.241,264361.48
2026-04-25 20:00:00+00:00,1.241,1.245,1.24,1.244,131903.13
2026-04-25 21:00:00+00:00,1.244,1.248,1.242,1.243,65557.88
2026-04-25 22:00:00+00:00,1.242,1.247,1.241,1.246,90792.91
2026-04-25 23:00:00+00:00,1.246,1.248,1.244,1.246,46781.17
2026-04-26 00:00:00+00:00,1.246,1.246,1.235,1.239,123659.46
2026-04-26 01:00:00+00:00,1.238,1.244,1.237,1.239,88985.8
2026-04-26 02:00:00+00:00,1.239,1.245,1.238,1.243,63975.88
2026-04-26 03:00:00+00:00,1.244,1.246,1.239,1.244,59823.14
2026-04-26 04:00:00+00:00,1.243,1.251,1.239,1.247,74996.42
2026-04-26 05:00:00+00:00,1.247,1.259,1.247,1.257,268630.48
2026-04-26 06:00:00+00:00,1.257,1.264,1.257,1.258,179221.96
2026-04-26 07:00:00+00:00,1.258,1.264,1.255,1.261,166638.45
2026-04-26 08:00:00+00:00,1.261,1.263,1.257,1.261,92405.72
2026-04-26 09:00:00+00:00,1.261,1.272,1.258,1.266,188224.64
2026-04-26 10:00:00+00:00,1.266,1.27,1.264,1.269,125867.38
2026-04-26 11:00:00+00:00,1.27,1.274,1.267,1.269,121551.22
2026-04-26 12:00:00+00:00,1.269,1.271,1.259,1.261,128788.74
2026-04-26 13:00:00+00:00,1.26,1.264,1.257,1.258,96133.08
2026-04-26 14:00:00+00:00,1.259,1.268,1.255,1.264,151741.25
2026-04-26 15:00:00+00:00,1.264,1.269,1.263,1.267,94467.6
2026-04-26 16:00:00+00:00,1.266,1.267,1.258,1.26,247702.97
2026-04-26 17:00:00+00:00,1.259,1.266,1.255,1.265,95361.34
2026-04-26 18:00:00+00:00,1.265,1.272,1.264,1.269,124335.47
2026-04-26 19:00:00+00:00,1.27,1.274,1.267,1.27,116165.39
2026-04-26 20:00:00+00:00,1.27,1.271,1.264,1.265,97176.28
2026-04-26 21:00:00+00:00,1.265,1.268,1.252,1.265,209455.81
2026-04-26 22:00:00+00:00,1.264,1.269,1.257,1.261,193979.13
2026-04-26 23:00:00+00:00,1.261,1.266,1.258,1.26,47765.03
2026-04-27 00:00:00+00:00,1.26,1.269,1.258,1.269,160991.39
2026-04-27 01:00:00+00:00,1.27,1.275,1.26,1.271,168020.75
2026-04-27 02:00:00+00:00,1.272,1.273,1.264,1.27,77393.35
2026-04-27 03:00:00+00:00,1.269,1.274,1.268,1.269,126136.43
2026-04-27 04:00:00+00:00,1.269,1.269,1.264,1.267,65717.98
2026-04-27 05:00:00+00:00,1.267,1.267,1.237,1.241,556284.03
2026-04-27 06:00:00+00:00,1.24,1.242,1.228,1.235,373796.82
2026-04-27 07:00:00+00:00,1.236,1.238,1.23,1.233,198651.36
2026-04-27 08:00:00+00:00,1.233,1.237,1.228,1.234,255081.76
2026-04-27 09:00:00+00:00,1.235,1.237,1.233,1.235,200728.94
2026-04-27 10:00:00+00:00,1.234,1.238,1.232,1.232,162501.49
2026-04-27 11:00:00+00:00,1.233,1.239,1.23,1.238,126230.87
2026-04-27 12:00:00+00:00,1.238,1.239,1.233,1.235,128223.73
2026-04-27 13:00:00+00:00,1.236,1.237,1.222,1.229,375446.14
2026-04-27 14:00:00+00:00,1.229,1.239,1.228,1.234,222963.85
2026-04-27 15:00:00+00:00,1.234,1.235,1.21,1.22,565251.05
2026-04-27 16:00:00+00:00,1.219,1.223,1.215,1.221,220828.85
2026-04-27 17:00:00+00:00,1.222,1.227,1.219,1.219,251630.14
2026-04-27 18:00:00+00:00,1.219,1.224,1.218,1.222,95922.98
2026-04-27 19:00:00+00:00,1.222,1.224,1.213,1.219,186410.13
2026-04-27 20:00:00+00:00,1.22,1.223,1.218,1.22,119294.73
2026-04-27 21:00:00+00:00,1.219,1.22,1.216,1.217,194422.42
2026-04-27 22:00:00+00:00,1.216,1.226,1.215,1.226,95467.12
2026-04-27 23:00:00+00:00,1.226,1.236,1.225,1.233,129019.8
2026-04-28 00:00:00+00:00,1.232,1.234,1.23,1.232,99507.75
2026-04-28 01:00:00+00:00,1.231,1.235,1.231,1.234,75170.76
2026-04-28 02:00:00+00:00,1.234,1.238,1.227,1.232,204534.98
2026-04-28 03:00:00+00:00,1.231,1.236,1.229,1.235,95815.95
2026-04-28 04:00:00+00:00,1.235,1.238,1.234,1.235,104007.44
2026-04-28 05:00:00+00:00,1.236,1.241,1.233,1.234,194101.94
2026-04-28 06:00:00+00:00,1.233,1.237,1.224,1.227,94505.89
2026-04-28 07:00:00+00:00,1.227,1.228,1.218,1.224,159672.04
2026-04-28 08:00:00+00:00,1.224,1.227,1.221,1.223,156798.31
2026-04-28 09:00:00+00:00,1.224,1.225,1.216,1.22,65826.35
2026-04-28 10:00:00+00:00,1.22,1.225,1.218,1.222,103007.31
2026-04-28 11:00:00+00:00,1.223,1.224,1.217,1.222,122736.89
2026-04-28 12:00:00+00:00,1.222,1.227,1.218,1.226,178661.05
2026-04-28 13:00:00+00:00,1.226,1.237,1.219,1.233,220753.82
2026-04-28 14:00:00+00:00,1.233,1.233,1.219,1.23,195675.94
2026-04-28 15:00:00+00:00,1.23,1.234,1.229,1.233,143892.28
2026-04-28 16:00:00+00:00,1.233,1.237,1.228,1.229,148962.99
2026-04-28 17:00:00+00:00,1.229,1.233,1.225,1.23,97633.73
2026-04-28 18:00:00+00:00,1.229,1.234,1.229,1.232,119382.96
2026-04-28 19:00:00+00:00,1.232,1.236,1.23,1.235,86481.6
2026-04-28 20:00:00+00:00,1.236,1.237,1.229,1.23,104533.89
2026-04-28 21:00:00+00:00,1.23,1.232,1.228,1.231,104684.78
2026-04-28 22:00:00+00:00,1.231,1.234,1.227,1.229,36788.36
2026-04-28 23:00:00+00:00,1.228,1.23,1.226,1.229,38160.0
2026-04-29 00:00:00+00:00,1.229,1.232,1.227,1.229,203093.24
2026-04-29 01:00:00+00:00,1.229,1.231,1.226,1.23,132889.61
2026-04-29 02:00:00+00:00,1.23,1.232,1.225,1.229,110746.4
2026-04-29 03:00:00+00:00,1.229,1.239,1.229,1.238,232874.5
2026-04-29 04:00:00+00:00,1.238,1.246,1.236,1.246,211942.09
2026-04-29 05:00:00+00:00,1.246,1.248,1.243,1.247,94080.93
2026-04-29 06:00:00+00:00,1.247,1.248,1.239,1.241,131538.36
2026-04-29 07:00:00+00:00,1.242,1.246,1.237,1.241,148657.69
2026-04-29 08:00:00+00:00,1.241,1.243,1.235,1.236,105251.93
2026-04-29 09:00:00+00:00,1.235,1.254,1.234,1.253,234472.54
2026-04-29 10:00:00+00:00,1.253,1.259,1.248,1.25,416255.53
2026-04-29 11:00:00+00:00,1.25,1.255,1.243,1.245,172376.69
2026-04-29 12:00:00+00:00,1.245,1.245,1.23,1.237,378973.53
2026-04-29 13:00:00+00:00,1.236,1.238,1.22,1.229,303455.78
2026-04-29 14:00:00+00:00,1.228,1.232,1.224,1.226,164657.5
2026-04-29 15:00:00+00:00,1.225,1.227,1.201,1.206,524416.62
2026-04-29 16:00:00+00:00,1.206,1.212,1.203,1.21,273206.77
2026-04-29 17:00:00+00:00,1.211,1.219,1.21,1.219,208571.75
2026-04-29 18:00:00+00:00,1.219,1.219,1.179,1.198,1261850.81
2026-04-29 19:00:00+00:00,1.198,1.2,1.192,1.197,191439.78
2026-04-29 20:00:00+00:00,1.197,1.208,1.196,1.204,172110.63
2026-04-29 21:00:00+00:00,1.203,1.213,1.202,1.207,154983.29
2026-04-29 22:00:00+00:00,1.206,1.213,1.206,1.212,79619.02
2026-04-29 23:00:00+00:00,1.211,1.213,1.208,1.211,75569.38
2026-04-30 00:00:00+00:00,1.212,1.225,1.211,1.224,99301.71
2026-04-30 01:00:00+00:00,1.224,1.226,1.219,1.221,131994.97
2026-04-30 02:00:00+00:00,1.222,1.225,1.205,1.21,259270.28
2026-04-30 03:00:00+00:00,1.211,1.217,1.209,1.215,138617.66
2026-04-30 04:00:00+00:00,1.215,1.216,1.201,1.202,101558.65
2026-04-30 05:00:00+00:00,1.202,1.206,1.197,1.201,114868.48
2026-04-30 06:00:00+00:00,1.201,1.205,1.199,1.204,88205.84
2026-04-30 07:00:00+00:00,1.203,1.21,1.201,1.209,175727.76
2026-04-30 08:00:00+00:00,1.21,1.216,1.209,1.211,199178.19
2026-04-30 09:00:00+00:00,1.211,1.22,1.209,1.214,188295.99
2026-04-30 10:00:00+00:00,1.215,1.218,1.209,1.211,131769.84
2026-04-30 11:00:00+00:00,1.211,1.219,1.209,1.215,273594.16
2026-04-30 12:00:00+00:00,1.216,1.222,1.214,1.214,200972.31
2026-04-30 13:00:00+00:00,1.215,1.216,1.209,1.212,154752.41
2026-04-30 14:00:00+00:00,1.212,1.215,1.206,1.209,171751.02
2026-04-30 15:00:00+00:00,1.209,1.217,1.205,1.215,119052.31
2026-04-30 16:00:00+00:00,1.215,1.216,1.21,1.211,74130.6
2026-04-30 17:00:00+00:00,1.211,1.213,1.208,1.211,48318.05
2026-04-30 18:00:00+00:00,1.21,1.213,1.207,1.209,130755.11
2026-04-30 19:00:00+00:00,1.208,1.213,1.208,1.209,53601.33
2026-04-30 20:00:00+00:00,1.208,1.21,1.207,1.207,50846.31
2026-04-30 21:00:00+00:00,1.208,1.21,1.202,1.203,56932.71
2026-04-30 22:00:00+00:00,1.203,1.206,1.2,1.201,57431.26
2026-04-30 23:00:00+00:00,1.202,1.206,1.2,1.204,97727.91
2026-05-01 00:00:00+00:00,1.205,1.209,1.202,1.204,238795.95
2026-05-01 01:00:00+00:00,1.205,1.21,1.204,1.209,129312.73
2026-05-01 02:00:00+00:00,1.208,1.209,1.203,1.204,141909.99
2026-05-01 03:00:00+00:00,1.203,1.219,1.203,1.214,270973.14
2026-05-01 04:00:00+00:00,1.214,1.217,1.21,1.212,157874.93
2026-05-01 05:00:00+00:00,1.212,1.215,1.208,1.209,120499.35
2026-05-01 06:00:00+00:00,1.21,1.21,1.2,1.202,256116.64
2026-05-01 07:00:00+00:00,1.203,1.205,1.199,1.205,173644.22
2026-05-01 08:00:00+00:00,1.204,1.209,1.202,1.208,126944.48
2026-05-01 09:00:00+00:00,1.208,1.208,1.197,1.2,92986.85
2026-05-01 10:00:00+00:00,1.201,1.201,1.193,1.201,140902.72
2026-05-01 11:00:00+00:00,1.2,1.202,1.196,1.2,156645.67
2026-05-01 12:00:00+00:00,1.2,1.211,1.199,1.205,507101.93
2026-05-01 13:00:00+00:00,1.206,1.225,1.206,1.222,417413.0
2026-05-01 14:00:00+00:00,1.223,1.229,1.211,1.213,916411.88
2026-05-01 15:00:00+00:00,1.214,1.221,1.207,1.213,306219.53
2026-05-01 16:00:00+00:00,1.214,1.218,1.205,1.209,373397.95
2026-05-01 17:00:00+00:00,1.209,1.215,1.206,1.214,114903.38
2026-05-01 18:00:00+00:00,1.215,1.216,1.212,1.214,123787.92
2026-05-01 19:00:00+00:00,1.214,1.216,1.21,1.211,88224.04
2026-05-01 20:00:00+00:00,1.212,1.213,1.202,1.205,141437.81
2026-05-01 21:00:00+00:00,1.204,1.211,1.202,1.208,123817.78
2026-05-01 22:00:00+00:00,1.208,1.211,1.203,1.204,126077.93
2026-05-01 23:00:00+00:00,1.204,1.205,1.198,1.204,187248.09
2026-05-02 00:00:00+00:00,1.205,1.21,1.203,1.21,91223.09
2026-05-02 01:00:00+00:00,1.21,1.211,1.208,1.208,94237.42
2026-05-02 02:00:00+00:00,1.208,1.211,1.207,1.208,62685.45
2026-05-02 03:00:00+00:00,1.209,1.211,1.205,1.208,77204.22
2026-05-02 04:00:00+00:00,1.207,1.208,1.2,1.202,86460.06
2026-05-02 05:00:00+00:00,1.202,1.204,1.195,1.197,118009.79
2026-05-02 06:00:00+00:00,1.197,1.202,1.196,1.202,164607.74
2026-05-02 07:00:00+00:00,1.201,1.203,1.199,1.2,53430.8
2026-05-02 08:00:00+00:00,1.2,1.205,1.199,1.204,215904.05
2026-05-02 09:00:00+00:00,1.203,1.211,1.203,1.211,71153.43
2026-05-02 10:00:00+00:00,1.211,1.213,1.208,1.209,155600.0
2026-05-02 11:00:00+00:00,1.209,1.209,1.202,1.205,61541.43
2026-05-02 12:00:00+00:00,1.205,1.208,1.203,1.204,112438.75
2026-05-02 13:00:00+00:00,1.204,1.21,1.202,1.207,102828.04
2026-05-02 14:00:00+00:00,1.207,1.211,1.206,1.209,169625.46
2026-05-02 15:00:00+00:00,1.209,1.215,1.207,1.215,127889.51
2026-05-02 16:00:00+00:00,1.214,1.217,1.211,1.215,202494.73
2026-05-02 17:00:00+00:00,1.216,1.216,1.21,1.212,102258.61
2026-05-02 18:00:00+00:00,1.212,1.219,1.208,1.217,113893.89
2026-05-02 19:00:00+00:00,1.217,1.223,1.217,1.223,292739.92
2026-05-02 20:00:00+00:00,1.223,1.231,1.222,1.23,267579.12
2026-05-02 21:00:00+00:00,1.23,1.241,1.224,1.233,259449.91
2026-05-02 22:00:00+00:00,1.233,1.237,1.227,1.23,178753.63
2026-05-02 23:00:00+00:00,1.231,1.231,1.224,1.227,111905.33
2026-05-03 00:00:00+00:00,1.228,1.229,1.219,1.221,119686.86
2026-05-03 01:00:00+00:00,1.221,1.222,1.21,1.212,236230.65
2026-05-03 02:00:00+00:00,1.211,1.212,1.205,1.208,121032.99
2026-05-03 03:00:00+00:00,1.208,1.209,1.204,1.207,129373.83
2026-05-03 04:00:00+00:00,1.207,1.209,1.206,1.207,49811.31
2026-05-03 05:00:00+00:00,1.207,1.21,1.204,1.208,87209.6
2026-05-03 06:00:00+00:00,1.208,1.214,1.206,1.211,141648.35
2026-05-03 07:00:00+00:00,1.21,1.217,1.21,1.215,80478.08
2026-05-03 08:00:00+00:00,1.214,1.221,1.211,1.212,199942.56
2026-05-03 09:00:00+00:00,1.212,1.214,1.207,1.212,103806.42
2026-05-03 10:00:00+00:00,1.213,1.216,1.21,1.211,50976.16
2026-05-03 11:00:00+00:00,1.21,1.217,1.208,1.213,167830.19
2026-05-03 12:00:00+00:00,1.212,1.219,1.212,1.214,75176.59
2026-05-03 13:00:00+00:00,1.214,1.214,1.206,1.208,91219.19
2026-05-03 14:00:00+00:00,1.208,1.211,1.205,1.209,83076.76
2026-05-03 15:00:00+00:00,1.209,1.214,1.208,1.211,101530.06
2026-05-03 16:00:00+00:00,1.211,1.213,1.208,1.211,64810.42
2026-05-03 17:00:00+00:00,1.21,1.213,1.207,1.21,150857.13
2026-05-03 18:00:00+00:00,1.21,1.215,1.21,1.213,46051.58
2026-05-03 19:00:00+00:00,1.213,1.219,1.212,1.216,97619.56
2026-05-03 20:00:00+00:00,1.216,1.224,1.216,1.217,161033.97
2026-05-03 21:00:00+00:00,1.218,1.222,1.207,1.21,159833.53
2026-05-03 22:00:00+00:00,1.211,1.224,1.211,1.22,192546.62
2026-05-03 23:00:00+00:00,1.221,1.222,1.208,1.209,189254.49
2026-05-04 00:00:00+00:00,1.209,1.213,1.197,1.211,414232.73
2026-05-04 01:00:00+00:00,1.212,1.233,1.21,1.229,717358.69
2026-05-04 02:00:00+00:00,1.23,1.248,1.228,1.244,453919.97
2026-05-04 03:00:00+00:00,1.243,1.25,1.241,1.249,428109.89
2026-05-04 04:00:00+00:00,1.25,1.263,1.249,1.254,557338.82
2026-05-04 05:00:00+00:00,1.254,1.256,1.243,1.252,394125.64
2026-05-04 06:00:00+00:00,1.253,1.255,1.236,1.245,358724.61
2026-05-04 07:00:00+00:00,1.245,1.247,1.238,1.238,124786.22
2026-05-04 08:00:00+00:00,1.238,1.241,1.234,1.236,171807.33
2026-05-04 09:00:00+00:00,1.236,1.25,1.236,1.244,226533.05
2026-05-04 10:00:00+00:00,1.245,1.245,1.205,1.214,838321.13
2026-05-04 11:00:00+00:00,1.215,1.222,1.213,1.22,194528.14
2026-05-04 12:00:00+00:00,1.22,1.226,1.218,1.219,222741.99
2026-05-04 13:00:00+00:00,1.218,1.227,1.212,1.225,262555.64
2026-05-04 14:00:00+00:00,1.225,1.243,1.217,1.239,364588.3
2026-05-04 15:00:00+00:00,1.238,1.24,1.218,1.225,441376.89
2026-05-04 16:00:00+00:00,1.226,1.23,1.217,1.225,343707.67
2026-05-04 17:00:00+00:00,1.224,1.245,1.224,1.24,165962.9
2026-05-04 18:00:00+00:00,1.239,1.244,1.233,1.238,174952.81
2026-05-04 19:00:00+00:00,1.239,1.24,1.228,1.231,217511.39
2026-05-04 20:00:00+00:00,1.232,1.233,1.222,1.226,80936.62
2026-05-04 21:00:00+00:00,1.227,1.243,1.226,1.239,144522.09
2026-05-04 22:00:00+00:00,1.238,1.242,1.228,1.229,72474.9
2026-05-04 23:00:00+00:00,1.229,1.23,1.225,1.228,84634.89
2026-05-05 00:00:00+00:00,1.229,1.234,1.225,1.227,229340.91
2026-05-05 01:00:00+00:00,1.227,1.238,1.226,1.235,67332.56
2026-05-05 02:00:00+00:00,1.235,1.244,1.234,1.236,166674.44
2026-05-05 03:00:00+00:00,1.237,1.247,1.234,1.243,242476.02
2026-05-05 04:00:00+00:00,1.243,1.248,1.24,1.243,169155.57
2026-05-05 05:00:00+00:00,1.242,1.248,1.242,1.245,147232.27
2026-05-05 06:00:00+00:00,1.246,1.249,1.242,1.249,228879.88
2026-05-05 07:00:00+00:00,1.249,1.259,1.248,1.254,366220.33
2026-05-05 08:00:00+00:00,1.254,1.26,1.254,1.259,233855.97
2026-05-05 09:00:00+00:00,1.259,1.261,1.254,1.256,193937.94
2026-05-05 10:00:00+00:00,1.256,1.266,1.254,1.262,258545.17
2026-05-05 11:00:00+00:00,1.261,1.262,1.253,1.26,177298.05
2026-05-05 12:00:00+00:00,1.261,1.28,1.258,1.272,380944.0
2026-05-05 13:00:00+00:00,1.273,1.289,1.272,1.282,449508.07
2026-05-05 14:00:00+00:00,1.283,1.296,1.268,1.277,757627.8
2026-05-05 15:00:00+00:00,1.278,1.279,1.27,1.274,175206.53
2026-05-05 16:00:00+00:00,1.274,1.276,1.257,1.262,247288.72
2026-05-05 17:00:00+00:00,1.262,1.27,1.261,1.268,182564.29
2026-05-05 18:00:00+00:00,1.268,1.272,1.266,1.267,141072.77
2026-05-05 19:00:00+00:00,1.266,1.275,1.266,1.274,157492.16
2026-05-05 20:00:00+00:00,1.273,1.287,1.273,1.286,398957.09
2026-05-05 21:00:00+00:00,1.286,1.293,1.283,1.285,314657.87
2026-05-05 22:00:00+00:00,1.286,1.29,1.275,1.281,300165.75
2026-05-05 23:00:00+00:00,1.28,1.283,1.272,1.279,147925.69
2026-05-06 00:00:00+00:00,1.278,1.282,1.269,1.277,261424.65
2026-05-06 01:00:00+00:00,1.278,1.3,1.276,1.295,361647.06
2026-05-06 02:00:00+00:00,1.296,1.296,1.281,1.29,333867.53
2026-05-06 03:00:00+00:00,1.291,1.309,1.29,1.305,368608.42
2026-05-06 04:00:00+00:00,1.306,1.315,1.3,1.303,579461.12
2026-05-06 05:00:00+00:00,1.304,1.309,1.298,1.307,282065.74
2026-05-06 06:00:00+00:00,1.307,1.31,1.301,1.305,268045.61
2026-05-06 07:00:00+00:00,1.305,1.314,1.304,1.311,429370.24
2026-05-06 08:00:00+00:00,1.312,1.334,1.309,1.33,335434.93
2026-05-06 09:00:00+00:00,1.329,1.333,1.324,1.33,403427.94
2026-05-06 10:00:00+00:00,1.331,1.333,1.325,1.327,357596.32
2026-05-06 11:00:00+00:00,1.327,1.329,1.318,1.323,402962.22
2026-05-06 12:00:00+00:00,1.323,1.327,1.318,1.32,275602.19
2026-05-06 13:00:00+00:00,1.32,1.32,1.3,1.301,446136.35
2026-05-06 14:00:00+00:00,1.3,1.303,1.286,1.297,484636.22
2026-05-06 15:00:00+00:00,1.296,1.312,1.295,1.307,256499.98
2026-05-06 16:00:00+00:00,1.308,1.316,1.301,1.315,320060.33
2026-05-06 17:00:00+00:00,1.315,1.316,1.304,1.305,159241.62
2026-05-06 18:00:00+00:00,1.306,1.31,1.303,1.306,194079.18
2026-05-06 19:00:00+00:00,1.306,1.311,1.302,1.308,265265.01
2026-05-06 20:00:00+00:00,1.308,1.319,1.301,1.305,244091.68
2026-05-06 21:00:00+00:00,1.306,1.325,1.301,1.322,319847.06
2026-05-06 22:00:00+00:00,1.323,1.324,1.309,1.313,130988.53
2026-05-06 23:00:00+00:00,1.312,1.32,1.303,1.319,247232.08
2026-05-07 00:00:00+00:00,1.318,1.322,1.304,1.306,208998.43
2026-05-07 01:00:00+00:00,1.307,1.308,1.295,1.298,204721.67
2026-05-07 02:00:00+00:00,1.297,1.3,1.29,1.296,164061.97
2026-05-07 03:00:00+00:00,1.295,1.304,1.291,1.293,156211.17
2026-05-07 04:00:00+00:00,1.293,1.316,1.291,1.316,245773.95
2026-05-07 05:00:00+00:00,1.316,1.322,1.315,1.317,265564.65
2026-05-07 06:00:00+00:00,1.317,1.331,1.31,1.33,250178.08
2026-05-07 07:00:00+00:00,1.329,1.331,1.322,1.326,197848.26
2026-05-07 08:00:00+00:00,1.326,1.328,1.318,1.322,196570.49
2026-05-07 09:00:00+00:00,1.321,1.324,1.315,1.318,189770.27
2026-05-07 10:00:00+00:00,1.318,1.323,1.309,1.318,138459.4
2026-05-07 11:00:00+00:00,1.318,1.325,1.316,1.319,138371.14
2026-05-07 12:00:00+00:00,1.32,1.334,1.319,1.332,419207.0
2026-05-07 13:00:00+00:00,1.332,1.338,1.314,1.317,880754.47
2026-05-07 14:00:00+00:00,1.318,1.32,1.295,1.306,477566.9
2026-05-07 15:00:00+00:00,1.306,1.311,1.293,1.303,396090.19
2026-05-07 16:00:00+00:00,1.303,1.313,1.298,1.303,296465.68
2026-05-07 17:00:00+00:00,1.303,1.312,1.297,1.308,341253.0
2026-05-07 18:00:00+00:00,1.308,1.318,1.304,1.307,172769.68
2026-05-07 19:00:00+00:00,1.307,1.313,1.301,1.307,240096.44
2026-05-07 20:00:00+00:00,1.307,1.317,1.301,1.301,224044.82
2026-05-07 21:00:00+00:00,1.3,1.31,1.295,1.303,156167.99
2026-05-07 22:00:00+00:00,1.303,1.308,1.296,1.303,177734.92
2026-05-07 23:00:00+00:00,1.303,1.312,1.302,1.311,62589.74
2026-05-08 00:00:00+00:00,1.311,1.315,1.3,1.304,158423.1
2026-05-08 01:00:00+00:00,1.305,1.309,1.297,1.306,196780.49
2026-05-08 02:00:00+00:00,1.306,1.309,1.293,1.304,117160.83
2026-05-08 03:00:00+00:00,1.304,1.313,1.294,1.308,120721.85
2026-05-08 04:00:00+00:00,1.308,1.323,1.308,1.314,144046.61
2026-05-08 05:00:00+00:00,1.315,1.319,1.312,1.314,248836.63
2026-05-08 06:00:00+00:00,1.313,1.317,1.307,1.316,199290.03
2026-05-08 07:00:00+00:00,1.316,1.325,1.312,1.319,228165.32
2026-05-08 08:00:00+00:00,1.319,1.323,1.317,1.318,125856.45
2026-05-08 09:00:00+00:00,1.318,1.327,1.314,1.319,260456.58
2026-05-08 10:00:00+00:00,1.319,1.325,1.317,1.321,220857.83
2026-05-08 11:00:00+00:00,1.321,1.325,1.316,1.322,216569.44
2026-05-08 12:00:00+00:00,1.322,1.324,1.31,1.312,1021648.74
2026-05-08 13:00:00+00:00,1.312,1.315,1.304,1.312,183980.02
2026-05-08 14:00:00+00:00,1.313,1.335,1.312,1.331,420148.93
2026-05-08 15:00:00+00:00,1.33,1.362,1.324,1.359,780507.56
2026-05-08 16:00:00+00:00,1.359,1.36,1.346,1.35,503458.23
2026-05-08 17:00:00+00:00,1.349,1.37,1.346,1.361,621233.37
2026-05-08 18:00:00+00:00,1.36,1.38,1.359,1.371,501711.23
2026-05-08 19:00:00+00:00,1.371,1.382,1.365,1.374,411492.76
2026-05-08 20:00:00+00:00,1.374,1.38,1.367,1.378,297914.02
2026-05-08 21:00:00+00:00,1.378,1.39,1.376,1.389,338545.15
2026-05-08 22:00:00+00:00,1.388,1.391,1.376,1.378,289406.22
2026-05-08 23:00:00+00:00,1.377,1.381,1.368,1.374,225054.25
2026-05-09 00:00:00+00:00,1.375,1.379,1.369,1.375,148078.0
2026-05-09 01:00:00+00:00,1.374,1.393,1.371,1.384,352077.12
2026-05-09 02:00:00+00:00,1.384,1.388,1.379,1.38,229056.18
2026-05-09 03:00:00+00:00,1.379,1.385,1.373,1.375,313072.58
2026-05-09 04:00:00+00:00,1.376,1.382,1.37,1.372,271297.88
2026-05-09 05:00:00+00:00,1.371,1.38,1.369,1.377,104093.02
2026-05-09 06:00:00+00:00,1.377,1.38,1.368,1.37,223994.17
2026-05-09 07:00:00+00:00,1.371,1.373,1.365,1.367,137041.27
2026-05-09 08:00:00+00:00,1.367,1.371,1.366,1.368,219602.88
2026-05-09 09:00:00+00:00,1.367,1.368,1.353,1.357,213654.83
2026-05-09 10:00:00+00:00,1.357,1.36,1.352,1.359,143374.3
2026-05-09 11:00:00+00:00,1.359,1.361,1.357,1.358,114822.71
2026-05-09 12:00:00+00:00,1.359,1.361,1.354,1.356,86956.84
2026-05-09 13:00:00+00:00,1.357,1.358,1.349,1.353,144401.08
2026-05-09 14:00:00+00:00,1.352,1.353,1.339,1.344,223398.51
2026-05-09 15:00:00+00:00,1.345,1.346,1.338,1.343,154263.54
2026-05-09 16:00:00+00:00,1.343,1.351,1.34,1.344,325605.53
2026-05-09 17:00:00+00:00,1.344,1.356,1.344,1.353,202095.86
2026-05-09 18:00:00+00:00,1.354,1.358,1.35,1.353,154857.09
2026-05-09 19:00:00+00:00,1.352,1.354,1.349,1.352,75007.47
2026-05-09 20:00:00+00:00,1.352,1.352,1.347,1.35,53010.04
2026-05-09 21:00:00+00:00,1.351,1.352,1.348,1.349,81649.99
2026-05-09 22:00:00+00:00,1.35,1.354,1.347,1.351,113312.18
2026-05-09 23:00:00+00:00,1.351,1.352,1.343,1.346,87451.8
2026-05-10 00:00:00+00:00,1.346,1.346,1.336,1.337,155329.77
2026-05-10 01:00:00+00:00,1.337,1.338,1.329,1.334,168975.27
2026-05-10 02:00:00+00:00,1.334,1.342,1.332,1.338,62007.15
2026-05-10 03:00:00+00:00,1.338,1.342,1.336,1.337,54961.32
2026-05-10 04:00:00+00:00,1.336,1.34,1.335,1.336,54676.14
2026-05-10 05:00:00+00:00,1.336,1.341,1.334,1.339,89021.38
2026-05-10 06:00:00+00:00,1.339,1.341,1.335,1.339,171101.12
2026-05-10 07:00:00+00:00,1.34,1.349,1.338,1.344,107709.62
2026-05-10 08:00:00+00:00,1.344,1.36,1.344,1.357,212704.94
2026-05-10 09:00:00+00:00,1.358,1.361,1.354,1.354,200187.62
2026-05-10 10:00:00+00:00,1.355,1.358,1.346,1.354,115595.88
2026-05-10 11:00:00+00:00,1.354,1.361,1.352,1.357,207067.72
2026-05-10 12:00:00+00:00,1.357,1.361,1.352,1.361,122092.15
2026-05-10 13:00:00+00:00,1.361,1.37,1.359,1.369,193590.59
2026-05-10 14:00:00+00:00,1.37,1.37,1.353,1.356,365443.48
2026-05-10 15:00:00+00:00,1.356,1.373,1.356,1.373,193399.88
2026-05-10 16:00:00+00:00,1.373,1.392,1.372,1.389,409679.97
2026-05-10 17:00:00+00:00,1.389,1.407,1.383,1.402,1080344.39
2026-05-10 18:00:00+00:00,1.402,1.415,1.396,1.409,414629.83
2026-05-10 19:00:00+00:00,1.409,1.419,1.402,1.413,412181.2
2026-05-10 20:00:00+00:00,1.413,1.419,1.345,1.362,1219692.35
2026-05-10 21:00:00+00:00,1.361,1.377,1.353,1.366,691592.08
2026-05-10 22:00:00+00:00,1.365,1.389,1.363,1.389,577291.27
2026-05-10 23:00:00+00:00,1.388,1.39,1.378,1.383,198406.83
2026-05-11 00:00:00+00:00,1.383,1.386,1.361,1.367,268029.89
2026-05-11 01:00:00+00:00,1.368,1.376,1.361,1.369,206023.16
2026-05-11 02:00:00+00:00,1.369,1.37,1.351,1.355,236057.17
2026-05-11 03:00:00+00:00,1.354,1.355,1.335,1.346,340789.55
2026-05-11 04:00:00+00:00,1.346,1.351,1.338,1.348,156663.65
2026-05-11 05:00:00+00:00,1.348,1.362,1.348,1.358,148224.31
2026-05-11 06:00:00+00:00,1.358,1.366,1.355,1.361,188178.5
2026-05-11 07:00:00+00:00,1.36,1.366,1.355,1.365,202177.15
2026-05-11 08:00:00+00:00,1.364,1.367,1.358,1.361,157426.1
2026-05-11 09:00:00+00:00,1.361,1.367,1.357,1.36,414675.54
2026-05-11 10:00:00+00:00,1.359,1.374,1.358,1.359,339500.39
2026-05-11 11:00:00+00:00,1.36,1.365,1.356,1.361,163398.19
2026-05-11 12:00:00+00:00,1.361,1.364,1.352,1.357,248209.47
2026-05-11 13:00:00+00:00,1.357,1.363,1.346,1.358,246898.81
2026-05-11 14:00:00+00:00,1.357,1.364,1.34,1.355,259890.36
2026-05-11 15:00:00+00:00,1.355,1.374,1.35,1.368,227313.48
2026-05-11 16:00:00+00:00,1.368,1.376,1.359,1.367,210641.08
2026-05-11 17:00:00+00:00,1.368,1.381,1.362,1.379,402332.37
2026-05-11 18:00:00+00:00,1.378,1.382,1.369,1.37,182078.28
2026-05-11 19:00:00+00:00,1.37,1.376,1.367,1.372,208528.28
2026-05-11 20:00:00+00:00,1.373,1.378,1.366,1.371,152805.23
2026-05-11 21:00:00+00:00,1.37,1.375,1.366,1.366,209222.7
2026-05-11 22:00:00+00:00,1.367,1.37,1.363,1.365,137477.26
2026-05-11 23:00:00+00:00,1.365,1.367,1.359,1.364,91127.5
2026-05-12 00:00:00+00:00,1.363,1.369,1.359,1.366,73281.14
2026-05-12 01:00:00+00:00,1.366,1.369,1.344,1.351,195753.6
2026-05-12 02:00:00+00:00,1.351,1.357,1.348,1.356,151268.61
2026-05-12 03:00:00+00:00,1.356,1.358,1.347,1.349,96671.78
2026-05-12 04:00:00+00:00,1.349,1.355,1.345,1.352,66482.62
2026-05-12 05:00:00+00:00,1.351,1.363,1.351,1.36,80125.34
2026-05-12 06:00:00+00:00,1.359,1.364,1.357,1.357,110687.22
2026-05-12 07:00:00+00:00,1.357,1.36,1.346,1.358,157890.67
2026-05-12 08:00:00+00:00,1.358,1.359,1.346,1.347,319877.74
2026-05-12 09:00:00+00:00,1.346,1.35,1.339,1.348,129481.38
2026-05-12 10:00:00+00:00,1.348,1.349,1.333,1.338,296813.84
2026-05-12 11:00:00+00:00,1.339,1.339,1.327,1.332,356481.69
2026-05-12 12:00:00+00:00,1.332,1.339,1.324,1.333,252735.84
2026-05-12 13:00:00+00:00,1.333,1.337,1.319,1.32,236054.81
2026-05-12 14:00:00+00:00,1.32,1.326,1.306,1.314,287314.55
2026-05-12 15:00:00+00:00,1.315,1.32,1.307,1.312,212945.26
2026-05-12 16:00:00+00:00,1.312,1.318,1.303,1.309,304652.84
2026-05-12 17:00:00+00:00,1.31,1.324,1.31,1.32,283689.83
2026-05-12 18:00:00+00:00,1.32,1.33,1.317,1.326,117467.96
2026-05-12 19:00:00+00:00,1.326,1.337,1.326,1.334,151136.32
2026-05-12 20:00:00+00:00,1.334,1.341,1.333,1.338,114411.97
2026-05-12 21:00:00+00:00,1.339,1.344,1.336,1.339,158932.3
2026-05-12 22:00:00+00:00,1.339,1.344,1.335,1.339,111212.82
2026-05-12 23:00:00+00:00,1.338,1.342,1.334,1.335,54815.24
2026-05-13 00:00:00+00:00,1.335,1.342,1.333,1.339,73098.32
2026-05-13 01:00:00+00:00,1.34,1.362,1.339,1.359,316257.09
2026-05-13 02:00:00+00:00,1.36,1.377,1.357,1.376,280594.44
2026-05-13 03:00:00+00:00,1.376,1.399,1.372,1.395,444901.04
2026-05-13 04:00:00+00:00,1.395,1.41,1.394,1.396,619713.45
2026-05-13 05:00:00+00:00,1.395,1.403,1.384,1.393,370092.82
2026-05-13 06:00:00+00:00,1.393,1.399,1.383,1.386,289451.19
2026-05-13 07:00:00+00:00,1.386,1.394,1.381,1.394,215534.78
2026-05-13 08:00:00+00:00,1.395,1.401,1.391,1.397,309148.56
2026-05-13 09:00:00+00:00,1.397,1.433,1.396,1.431,610147.89
2026-05-13 10:00:00+00:00,1.431,1.438,1.402,1.405,605945.02
2026-05-13 11:00:00+00:00,1.404,1.407,1.382,1.386,668215.0
2026-05-13 12:00:00+00:00,1.386,1.391,1.352,1.363,663455.69
2026-05-13 13:00:00+00:00,1.363,1.369,1.338,1.341,555580.16
2026-05-13 14:00:00+00:00,1.34,1.352,1.331,1.347,397485.05
2026-05-13 15:00:00+00:00,1.346,1.354,1.314,1.318,502219.57
2026-05-13 16:00:00+00:00,1.318,1.342,1.318,1.337,323669.94
2026-05-13 17:00:00+00:00,1.338,1.343,1.334,1.339,181694.38
2026-05-13 18:00:00+00:00,1.339,1.346,1.335,1.336,170827.56
2026-05-13 19:00:00+00:00,1.335,1.337,1.318,1.322,327866.41
2026-05-13 20:00:00+00:00,1.322,1.335,1.321,1.334,174519.15
2026-05-13 21:00:00+00:00,1.334,1.334,1.323,1.327,103022.37
2026-05-13 22:00:00+00:00,1.327,1.331,1.322,1.331,94679.59
2026-05-13 23:00:00+00:00,1.331,1.335,1.327,1.329,57899.37
2026-05-14 00:00:00+00:00,1.328,1.339,1.327,1.334,114970.81
2026-05-14 01:00:00+00:00,1.333,1.338,1.332,1.335,111719.52
2026-05-14 02:00:00+00:00,1.334,1.339,1.324,1.325,128804.91
2026-05-14 03:00:00+00:00,1.325,1.329,1.313,1.316,302140.55
2026-05-14 04:00:00+00:00,1.317,1.333,1.315,1.332,119375.91
2026-05-14 05:00:00+00:00,1.331,1.338,1.329,1.333,141144.61
2026-05-14 06:00:00+00:00,1.332,1.337,1.33,1.331,115490.28
2026-05-14 07:00:00+00:00,1.33,1.332,1.325,1.325,141409.42
2026-05-14 08:00:00+00:00,1.326,1.333,1.322,1.327,102280.15
2026-05-14 09:00:00+00:00,1.327,1.33,1.321,1.324,101864.18
2026-05-14 10:00:00+00:00,1.323,1.331,1.321,1.328,155461.09
2026-05-14 11:00:00+00:00,1.328,1.329,1.32,1.322,121481.49
2026-05-14 12:00:00+00:00,1.321,1.345,1.321,1.341,166649.39
2026-05-14 13:00:00+00:00,1.341,1.349,1.336,1.342,210528.76
2026-05-14 14:00:00+00:00,1.342,1.372,1.336,1.37,372336.27
2026-05-14 15:00:00+00:00,1.371,1.374,1.359,1.37,322160.09
2026-05-14 16:00:00+00:00,1.371,1.391,1.37,1.39,857529.8
2026-05-14 17:00:00+00:00,1.39,1.41,1.382,1.399,522661.37
2026-05-14 18:00:00+00:00,1.398,1.418,1.392,1.414,384122.94
2026-05-14 19:00:00+00:00,1.414,1.422,1.401,1.405,658850.79
2026-05-14 20:00:00+00:00,1.406,1.408,1.383,1.389,388259.14
2026-05-14 21:00:00+00:00,1.39,1.399,1.385,1.393,269576.58
2026-05-14 22:00:00+00:00,1.393,1.393,1.379,1.379,198059.9
2026-05-14 23:00:00+00:00,1.379,1.379,1.361,1.364,357122.63
2026-05-15 00:00:00+00:00,1.364,1.376,1.364,1.373,282898.75
2026-05-15 01:00:00+00:00,1.373,1.375,1.36,1.36,100374.83
2026-05-15 02:00:00+00:00,1.36,1.365,1.346,1.361,484471.54
2026-05-15 03:00:00+00:00,1.362,1.364,1.354,1.358,106788.69
2026-05-15 04:00:00+00:00,1.358,1.359,1.341,1.342,122734.21
2026-05-15 05:00:00+00:00,1.343,1.349,1.323,1.325,406653.44
2026-05-15 06:00:00+00:00,1.324,1.341,1.323,1.336,200102.19
2026-05-15 07:00:00+00:00,1.337,1.351,1.333,1.343,133027.51
2026-05-15 08:00:00+00:00,1.343,1.343,1.327,1.334,176942.41
2026-05-15 09:00:00+00:00,1.334,1.337,1.328,1.331,138940.09
2026-05-15 10:00:00+00:00,1.331,1.345,1.33,1.342,105284.61
2026-05-15 11:00:00+00:00,1.342,1.344,1.335,1.339,172368.38
2026-05-15 12:00:00+00:00,1.338,1.339,1.33,1.331,158539.01
2026-05-15 13:00:00+00:00,1.331,1.333,1.293,1.297,819564.99
2026-05-15 14:00:00+00:00,1.297,1.312,1.289,1.308,528400.98
2026-05-15 15:00:00+00:00,1.308,1.313,1.304,1.308,182895.28
2026-05-15 16:00:00+00:00,1.308,1.322,1.304,1.318,242455.08
2026-05-15 17:00:00+00:00,1.317,1.327,1.317,1.325,216057.36
2026-05-15 18:00:00+00:00,1.325,1.328,1.319,1.325,93575.21
2026-05-15 19:00:00+00:00,1.325,1.326,1.315,1.317,139264.41
2026-05-15 20:00:00+00:00,1.318,1.318,1.308,1.31,117209.08
2026-05-15 21:00:00+00:00,1.311,1.315,1.307,1.309,102218.48
2026-05-15 22:00:00+00:00,1.309,1.315,1.309,1.314,41679.63
2026-05-15 23:00:00+00:00,1.314,1.319,1.313,1.316,52029.11
2026-05-16 00:00:00+00:00,1.316,1.321,1.314,1.316,63628.69
2026-05-16 01:00:00+00:00,1.317,1.319,1.311,1.316,87660.22
2026-05-16 02:00:00+00:00,1.316,1.317,1.307,1.31,79594.34
2026-05-16 03:00:00+00:00,1.311,1.313,1.306,1.308,96649.88
2026-05-16 04:00:00+00:00,1.308,1.31,1.295,1.3,233972.3
2026-05-16 05:00:00+00:00,1.301,1.301,1.295,1.297,206579.96
2026-05-16 06:00:00+00:00,1.297,1.297,1.27,1.274,527149.12
2026-05-16 07:00:00+00:00,1.275,1.276,1.252,1.265,427494.51
2026-05-16 08:00:00+00:00,1.264,1.271,1.264,1.265,152148.21
2026-05-16 09:00:00+00:00,1.265,1.267,1.248,1.256,570802.22
2026-05-16 10:00:00+00:00,1.255,1.257,1.247,1.256,351561.05
2026-05-16 11:00:00+00:00,1.256,1.264,1.256,1.262,161736.11
2026-05-16 12:00:00+00:00,1.261,1.266,1.26,1.264,84863.78
2026-05-16 13:00:00+00:00,1.265,1.268,1.262,1.265,113254.72
2026-05-16 14:00:00+00:00,1.266,1.272,1.262,1.268,127698.22
2026-05-16 15:00:00+00:00,1.268,1.274,1.267,1.272,119425.98
2026-05-16 16:00:00+00:00,1.272,1.278,1.272,1.274,148824.16
2026-05-16 17:00:00+00:00,1.274,1.282,1.273,1.281,59348.48
2026-05-16 18:00:00+00:00,1.281,1.281,1.273,1.274,91361.29
2026-05-16 19:00:00+00:00,1.274,1.274,1.271,1.272,86188.28
2026-05-16 20:00:00+00:00,1.273,1.275,1.27,1.271,71809.01
2026-05-16 21:00:00+00:00,1.271,1.275,1.271,1.273,108258.61
2026-05-16 22:00:00+00:00,1.273,1.275,1.269,1.269,86376.47
2026-05-16 23:00:00+00:00,1.269,1.271,1.266,1.268,57264.15
2026-05-17 00:00:00+00:00,1.267,1.27,1.26,1.262,110418.8
2026-05-17 01:00:00+00:00,1.262,1.264,1.255,1.257,153865.31
2026-05-17 02:00:00+00:00,1.256,1.264,1.256,1.26,81316.39
2026-05-17 03:00:00+00:00,1.26,1.269,1.26,1.268,111800.8
2026-05-17 04:00:00+00:00,1.267,1.277,1.267,1.273,89594.97
2026-05-17 05:00:00+00:00,1.273,1.281,1.272,1.277,53627.43
2026-05-17 06:00:00+00:00,1.277,1.278,1.274,1.277,49993.73
2026-05-17 07:00:00+00:00,1.277,1.289,1.277,1.286,120822.55
2026-05-17 08:00:00+00:00,1.287,1.287,1.278,1.28,74404.1
2026-05-17 09:00:00+00:00,1.279,1.288,1.277,1.287,80678.86
2026-05-17 10:00:00+00:00,1.286,1.294,1.284,1.286,152070.97
2026-05-17 11:00:00+00:00,1.286,1.287,1.282,1.283,72228.92
2026-05-17 12:00:00+00:00,1.284,1.287,1.281,1.281,90907.86
2026-05-17 13:00:00+00:00,1.281,1.282,1.274,1.276,124480.17
2026-05-17 14:00:00+00:00,1.277,1.277,1.266,1.272,169786.84
2026-05-17 15:00:00+00:00,1.271,1.274,1.269,1.273,98840.09
2026-05-17 16:00:00+00:00,1.273,1.275,1.266,1.269,132513.37
2026-05-17 17:00:00+00:00,1.269,1.27,1.262,1.268,151480.05
2026-05-17 18:00:00+00:00,1.269,1.272,1.263,1.271,96645.09
2026-05-17 19:00:00+00:00,1.272,1.277,1.271,1.275,85471.59
2026-05-17 20:00:00+00:00,1.276,1.277,1.271,1.274,84446.91
2026-05-17 21:00:00+00:00,1.274,1.283,1.272,1.279,71387.28
2026-05-17 22:00:00+00:00,1.278,1.279,1.261,1.265,126712.97
2026-05-17 23:00:00+00:00,1.265,1.265,1.214,1.25,1332643.44
2026-05-18 00:00:00+00:00,1.25,1.25,1.238,1.248,370148.86
2026-05-18 01:00:00+00:00,1.248,1.25,1.237,1.245,180280.8
2026-05-18 02:00:00+00:00,1.244,1.251,1.24,1.242,156553.48
2026-05-18 03:00:00+00:00,1.242,1.246,1.238,1.239,112520.58
2026-05-18 04:00:00+00:00,1.24,1.244,1.234,1.24,173633.38
2026-05-18 05:00:00+00:00,1.24,1.241,1.23,1.231,162531.6
2026-05-18 06:00:00+00:00,1.231,1.233,1.219,1.225,498338.12
2026-05-18 07:00:00+00:00,1.225,1.229,1.215,1.225,584993.57
2026-05-18 08:00:00+00:00,1.225,1.233,1.224,1.231,432247.4
2026-05-18 09:00:00+00:00,1.231,1.232,1.223,1.227,249277.39
2026-05-18 10:00:00+00:00,1.228,1.23,1.222,1.226,274283.18
2026-05-18 11:00:00+00:00,1.226,1.247,1.225,1.238,390035.29
2026-05-18 12:00:00+00:00,1.238,1.251,1.238,1.248,548744.51
2026-05-18 13:00:00+00:00,1.247,1.247,1.231,1.242,435209.04
2026-05-18 14:00:00+00:00,1.241,1.242,1.222,1.227,366223.67
2026-05-18 15:00:00+00:00,1.228,1.23,1.217,1.226,336248.55
2026-05-18 16:00:00+00:00,1.227,1.232,1.223,1.227,236531.55
2026-05-18 17:00:00+00:00,1.226,1.236,1.226,1.232,140328.82
2026-05-18 18:00:00+00:00,1.232,1.233,1.216,1.217,377453.23
2026-05-18 19:00:00+00:00,1.216,1.242,1.216,1.239,354728.69
2026-05-18 20:00:00+00:00,1.239,1.243,1.231,1.235,123421.1
2026-05-18 21:00:00+00:00,1.235,1.249,1.234,1.248,144085.8
2026-05-18 22:00:00+00:00,1.248,1.253,1.244,1.251,130490.94
2026-05-18 23:00:00+00:00,1.25,1.255,1.248,1.252,104145.34
2026-05-19 00:00:00+00:00,1.252,1.261,1.251,1.253,358070.07
2026-05-19 01:00:00+00:00,1.252,1.252,1.241,1.243,132586.71
2026-05-19 02:00:00+00:00,1.243,1.251,1.241,1.243,69361.09
2026-05-19 03:00:00+00:00,1.242,1.251,1.241,1.247,71762.1
2026-05-19 04:00:00+00:00,1.247,1.255,1.245,1.25,112251.13
2026-05-19 05:00:00+00:00,1.25,1.251,1.241,1.246,139724.35
2026-05-19 06:00:00+00:00,1.245,1.254,1.245,1.252,188814.61
2026-05-19 07:00:00+00:00,1.251,1.256,1.248,1.252,136556.66
2026-05-19 08:00:00+00:00,1.252,1.252,1.243,1.248,98562.29
2026-05-19 09:00:00+00:00,1.248,1.25,1.235,1.24,209004.38
2026-05-19 10:00:00+00:00,1.239,1.24,1.229,1.235,210478.9
2026-05-19 11:00:00+00:00,1.235,1.237,1.227,1.229,104409.62
2026-05-19 12:00:00+00:00,1.229,1.234,1.226,1.233,178459.32
2026-05-19 13:00:00+00:00,1.233,1.242,1.23,1.235,172808.71
2026-05-19 14:00:00+00:00,1.235,1.239,1.219,1.225,241630.48
2026-05-19 15:00:00+00:00,1.225,1.23,1.222,1.227,121836.9
2026-05-19 16:00:00+00:00,1.227,1.237,1.224,1.237,71477.18
2026-05-19 17:00:00+00:00,1.236,1.237,1.229,1.232,93760.23
2026-05-19 18:00:00+00:00,1.232,1.234,1.224,1.225,271614.21
2026-05-19 19:00:00+00:00,1.226,1.231,1.224,1.226,68577.83
2026-05-19 20:00:00+00:00,1.227,1.233,1.227,1.233,41190.62
2026-05-19 21:00:00+00:00,1.233,1.238,1.23,1.231,131099.88
2026-05-19 22:00:00+00:00,1.231,1.231,1.223,1.224,108539.59
2026-05-19 23:00:00+00:00,1.223,1.23,1.221,1.225,74551.55
2026-05-20 00:00:00+00:00,1.225,1.228,1.22,1.225,110284.43
2026-05-20 01:00:00+00:00,1.226,1.231,1.219,1.23,67209.35
2026-05-20 02:00:00+00:00,1.23,1.232,1.222,1.223,60571.09
2026-05-20 03:00:00+00:00,1.223,1.231,1.221,1.228,96058.09
2026-05-20 04:00:00+00:00,1.229,1.234,1.226,1.233,79167.34
2026-05-20 05:00:00+00:00,1.234,1.245,1.234,1.242,165988.48
2026-05-20 06:00:00+00:00,1.243,1.245,1.239,1.244,79227.79
2026-05-20 07:00:00+00:00,1.244,1.246,1.238,1.239,155006.57
2026-05-20 08:00:00+00:00,1.24,1.248,1.239,1.242,159570.77
2026-05-20 09:00:00+00:00,1.242,1.244,1.237,1.239,70039.04
2026-05-20 10:00:00+00:00,1.239,1.244,1.238,1.24,87542.7
2026-05-20 11:00:00+00:00,1.24,1.242,1.23,1.232,180470.24
2026-05-20 12:00:00+00:00,1.231,1.24,1.228,1.237,132912.67
2026-05-20 13:00:00+00:00,1.237,1.238,1.224,1.232,278804.43
2026-05-20 14:00:00+00:00,1.233,1.249,1.23,1.246,312045.45
2026-05-20 15:00:00+00:00,1.246,1.255,1.24,1.25,291682.21
2026-05-20 16:00:00+00:00,1.25,1.253,1.241,1.248,179975.23
2026-05-20 17:00:00+00:00,1.248,1.256,1.246,1.252,339119.42
2026-05-20 18:00:00+00:00,1.252,1.253,1.246,1.249,350036.66
2026-05-20 19:00:00+00:00,1.248,1.258,1.246,1.257,157543.14
2026-05-20 20:00:00+00:00,1.257,1.257,1.248,1.255,199167.0
2026-05-20 21:00:00+00:00,1.255,1.258,1.251,1.251,102091.21
2026-05-20 22:00:00+00:00,1.25,1.25,1.241,1.249,108207.62
2026-05-20 23:00:00+00:00,1.249,1.249,1.243,1.249,71187.56
2026-05-21 00:00:00+00:00,1.249,1.261,1.248,1.26,285080.07
2026-05-21 01:00:00+00:00,1.26,1.266,1.258,1.262,160548.16
2026-05-21 02:00:00+00:00,1.262,1.27,1.26,1.266,178937.83
2026-05-21 03:00:00+00:00,1.265,1.277,1.265,1.274,179105.74
2026-05-21 04:00:00+00:00,1.275,1.288,1.273,1.286,633735.55
2026-05-21 05:00:00+00:00,1.286,1.293,1.268,1.271,978131.52
2026-05-21 06:00:00+00:00,1.271,1.278,1.266,1.269,303930.52
2026-05-21 07:00:00+00:00,1.269,1.28,1.266,1.277,221862.31
2026-05-21 08:00:00+00:00,1.277,1.283,1.273,1.275,226656.5
2026-05-21 09:00:00+00:00,1.275,1.278,1.266,1.267,124062.87
2026-05-21 10:00:00+00:00,1.267,1.27,1.248,1.252,310593.33
2026-05-21 11:00:00+00:00,1.252,1.254,1.247,1.247,248047.99
2026-05-21 12:00:00+00:00,1.248,1.256,1.247,1.252,195867.15
2026-05-21 13:00:00+00:00,1.252,1.26,1.244,1.258,259863.78
2026-05-21 14:00:00+00:00,1.259,1.26,1.247,1.25,271555.29
2026-05-21 15:00:00+00:00,1.25,1.264,1.247,1.259,300318.69
2026-05-21 16:00:00+00:00,1.259,1.262,1.251,1.255,181988.54
2026-05-21 17:00:00+00:00,1.256,1.286,1.254,1.281,750478.38
2026-05-21 18:00:00+00:00,1.281,1.293,1.273,1.281,640434.03
2026-05-21 19:00:00+00:00,1.281,1.304,1.279,1.301,416275.58
2026-05-21 20:00:00+00:00,1.301,1.309,1.295,1.296,353162.33
2026-05-21 21:00:00+00:00,1.296,1.306,1.295,1.299,348645.92
2026-05-21 22:00:00+00:00,1.3,1.302,1.294,1.296,160229.91
2026-05-21 23:00:00+00:00,1.296,1.297,1.287,1.292,261500.84
2026-05-22 00:00:00+00:00,1.292,1.294,1.283,1.287,279247.09
2026-05-22 01:00:00+00:00,1.287,1.296,1.284,1.293,212016.23
2026-05-22 02:00:00+00:00,1.294,1.31,1.294,1.301,379858.85
2026-05-22 03:00:00+00:00,1.301,1.321,1.301,1.318,726286.56
2026-05-22 04:00:00+00:00,1.319,1.333,1.312,1.32,588088.09
2026-05-22 05:00:00+00:00,1.319,1.334,1.317,1.323,733425.05
2026-05-22 06:00:00+00:00,1.324,1.325,1.311,1.315,394525.6
2026-05-22 07:00:00+00:00,1.315,1.327,1.306,1.316,630090.65
2026-05-22 08:00:00+00:00,1.316,1.336,1.316,1.324,473479.7
2026-05-22 09:00:00+00:00,1.325,1.335,1.32,1.321,464350.0
2026-05-22 10:00:00+00:00,1.32,1.33,1.316,1.325,256504.75
2026-05-22 11:00:00+00:00,1.326,1.338,1.32,1.331,326447.63
2026-05-22 12:00:00+00:00,1.332,1.346,1.326,1.345,450763.49
2026-05-22 13:00:00+00:00,1.347,1.347,1.326,1.334,586550.17
2026-05-22 14:00:00+00:00,1.334,1.334,1.31,1.313,529122.73
2026-05-22 15:00:00+00:00,1.313,1.321,1.305,1.317,445480.83
2026-05-22 16:00:00+00:00,1.316,1.322,1.311,1.317,310883.44
2026-05-22 17:00:00+00:00,1.317,1.325,1.312,1.312,347912.96
2026-05-22 18:00:00+00:00,1.313,1.314,1.28,1.295,837292.95
2026-05-22 19:00:00+00:00,1.294,1.297,1.266,1.28,1293853.66
2026-05-22 20:00:00+00:00,1.28,1.289,1.276,1.287,305792.38
2026-05-22 21:00:00+00:00,1.287,1.293,1.285,1.287,103504.83
2026-05-22 22:00:00+00:00,1.287,1.288,1.275,1.28,251823.12
2026-05-22 23:00:00+00:00,1.279,1.282,1.25,1.258,647914.4
2026-05-23 00:00:00+00:00,1.259,1.26,1.248,1.259,475458.71
2026-05-23 01:00:00+00:00,1.259,1.263,1.252,1.256,214570.11
2026-05-23 02:00:00+00:00,1.256,1.261,1.252,1.26,225288.09
2026-05-23 03:00:00+00:00,1.26,1.266,1.26,1.262,150640.43
2026-05-23 04:00:00+00:00,1.262,1.262,1.251,1.252,167608.89
2026-05-23 05:00:00+00:00,1.252,1.253,1.243,1.247,266286.47
2026-05-23 06:00:00+00:00,1.247,1.248,1.242,1.245,221356.31
2026-05-23 07:00:00+00:00,1.245,1.247,1.2,1.212,1836011.77
2026-05-23 08:00:00+00:00,1.212,1.218,1.203,1.217,810745.09
2026-05-23 09:00:00+00:00,1.217,1.218,1.212,1.214,259960.44
2026-05-23 10:00:00+00:00,1.213,1.217,1.212,1.215,158507.59
2026-05-23 11:00:00+00:00,1.216,1.221,1.215,1.216,261418.12
2026-05-23 12:00:00+00:00,1.215,1.224,1.213,1.223,213125.67
2026-05-23 13:00:00+00:00,1.223,1.235,1.223,1.23,404448.45
2026-05-23 14:00:00+00:00,1.231,1.244,1.227,1.24,372321.02
2026-05-23 15:00:00+00:00,1.241,1.248,1.237,1.243,394726.62
2026-05-23 16:00:00+00:00,1.243,1.249,1.238,1.247,256045.87
2026-05-23 17:00:00+00:00,1.248,1.254,1.244,1.248,327706.69
2026-05-23 18:00:00+00:00,1.248,1.285,1.246,1.274,696834.32
2026-05-23 19:00:00+00:00,1.275,1.28,1.269,1.272,289691.65
2026-05-23 20:00:00+00:00,1.272,1.328,1.269,1.326,1252709.92
2026-05-23 21:00:00+00:00,1.326,1.338,1.303,1.311,1072268.37
2026-05-23 22:00:00+00:00,1.312,1.32,1.289,1.297,780865.23
2026-05-23 23:00:00+00:00,1.297,1.299,1.288,1.295,358259.26
2026-05-24 00:00:00+00:00,1.295,1.298,1.288,1.293,291788.76
2026-05-24 01:00:00+00:00,1.294,1.297,1.29,1.294,132953.94
2026-05-24 02:00:00+00:00,1.295,1.295,1.285,1.29,135990.63
2026-05-24 03:00:00+00:00,1.29,1.292,1.281,1.284,175779.71
2026-05-24 04:00:00+00:00,1.285,1.291,1.28,1.283,181484.61
2026-05-24 05:00:00+00:00,1.283,1.283,1.273,1.279,195858.94
2026-05-24 06:00:00+00:00,1.279,1.281,1.27,1.279,294587.84
2026-05-24 07:00:00+00:00,1.278,1.279,1.274,1.278,367309.4
2026-05-24 08:00:00+00:00,1.278,1.282,1.275,1.282,140370.86
2026-05-24 09:00:00+00:00,1.282,1.286,1.279,1.285,224367.38
2026-05-24 10:00:00+00:00,1.284,1.288,1.276,1.278,179714.69
2026-05-24 11:00:00+00:00,1.277,1.282,1.275,1.279,222749.08
2026-05-24 12:00:00+00:00,1.28,1.28,1.269,1.275,170885.06
2026-05-24 13:00:00+00:00,1.275,1.278,1.262,1.266,178233.87
2026-05-24 14:00:00+00:00,1.267,1.269,1.246,1.261,426130.69
2026-05-24 15:00:00+00:00,1.261,1.263,1.259,1.262,97742.52
2026-05-24 16:00:00+00:00,1.262,1.267,1.258,1.261,109719.43
2026-05-24 17:00:00+00:00,1.261,1.266,1.259,1.263,106325.98
2026-05-24 18:00:00+00:00,1.262,1.264,1.255,1.258,107531.59
2026-05-24 19:00:00+00:00,1.257,1.259,1.254,1.258,119667.57
2026-05-24 20:00:00+00:00,1.258,1.258,1.247,1.25,168226.18
2026-05-24 21:00:00+00:00,1.25,1.254,1.227,1.233,449851.57
2026-05-24 22:00:00+00:00,1.233,1.251,1.233,1.238,585050.24
2026-05-24 23:00:00+00:00,1.238,1.249,1.238,1.246,284486.12
2026-05-25 00:00:00+00:00,1.246,1.257,1.246,1.253,198401.17
2026-05-25 01:00:00+00:00,1.254,1.255,1.24,1.241,284862.85
2026-05-25 02:00:00+00:00,1.241,1.253,1.241,1.243,183056.81
2026-05-25 03:00:00+00:00,1.244,1.245,1.24,1.243,117860.21
2026-05-25 04:00:00+00:00,1.243,1.259,1.242,1.256,164261.37
2026-05-25 05:00:00+00:00,1.257,1.266,1.256,1.262,218107.94
2026-05-25 06:00:00+00:00,1.262,1.268,1.254,1.266,219269.4
2026-05-25 07:00:00+00:00,1.266,1.271,1.259,1.263,147295.78
2026-05-25 08:00:00+00:00,1.263,1.267,1.26,1.267,95447.4
2026-05-25 09:00:00+00:00,1.266,1.268,1.26,1.267,333259.88
2026-05-25 10:00:00+00:00,1.266,1.273,1.265,1.269,170408.12
2026-05-25 11:00:00+00:00,1.268,1.268,1.256,1.257,142240.95
2026-05-25 12:00:00+00:00,1.257,1.265,1.251,1.258,227817.76
2026-05-25 13:00:00+00:00,1.258,1.27,1.258,1.268,156249.97
2026-05-25 14:00:00+00:00,1.268,1.283,1.267,1.276,210675.63
2026-05-25 15:00:00+00:00,1.277,1.286,1.275,1.283,297953.28
2026-05-25 16:00:00+00:00,1.284,1.288,1.278,1.283,248965.86
2026-05-25 17:00:00+00:00,1.283,1.29,1.282,1.289,309516.3
2026-05-25 18:00:00+00:00,1.29,1.295,1.276,1.277,394675.37
2026-05-25 19:00:00+00:00,1.277,1.284,1.27,1.277,316068.57
2026-05-25 20:00:00+00:00,1.277,1.285,1.267,1.272,236444.28
2026-05-25 21:00:00+00:00,1.272,1.279,1.271,1.275,167020.75
2026-05-25 22:00:00+00:00,1.276,1.277,1.257,1.257,274444.36
2026-05-25 23:00:00+00:00,1.256,1.266,1.255,1.26,168268.12
2026-05-26 00:00:00+00:00,1.261,1.262,1.241,1.251,315922.21
2026-05-26 01:00:00+00:00,1.25,1.25,1.236,1.24,229614.72
2026-05-26 02:00:00+00:00,1.241,1.242,1.235,1.239,199516.19
2026-05-26 03:00:00+00:00,1.239,1.244,1.235,1.243,85620.06
2026-05-26 04:00:00+00:00,1.243,1.253,1.239,1.249,130415.64
2026-05-26 05:00:00+00:00,1.248,1.262,1.246,1.257,495089.04
2026-05-26 06:00:00+00:00,1.257,1.261,1.246,1.258,192000.81
2026-05-26 07:00:00+00:00,1.258,1.26,1.244,1.252,412645.36
2026-05-26 08:00:00+00:00,1.252,1.261,1.251,1.257,175879.5
2026-05-26 09:00:00+00:00,1.258,1.263,1.254,1.263,181437.85
2026-05-26 10:00:00+00:00,1.262,1.292,1.259,1.288,757245.12
2026-05-26 11:00:00+00:00,1.288,1.289,1.275,1.278,364646.75
2026-05-26 12:00:00+00:00,1.277,1.282,1.272,1.278,311761.98
2026-05-26 13:00:00+00:00,1.278,1.284,1.267,1.28,327276.92
2026-05-26 14:00:00+00:00,1.281,1.308,1.28,1.291,1024830.86
2026-05-26 15:00:00+00:00,1.291,1.293,1.259,1.272,696512.93
2026-05-26 16:00:00+00:00,1.272,1.273,1.26,1.267,328459.09
2026-05-26 17:00:00+00:00,1.267,1.272,1.244,1.253,450678.99
2026-05-26 18:00:00+00:00,1.252,1.264,1.245,1.248,303945.38
2026-05-26 19:00:00+00:00,1.247,1.253,1.237,1.249,299916.41
2026-05-26 20:00:00+00:00,1.249,1.253,1.247,1.253,207217.62
2026-05-26 21:00:00+00:00,1.253,1.256,1.242,1.247,138448.93
2026-05-26 22:00:00+00:00,1.247,1.254,1.243,1.247,138329.69
2026-05-26 23:00:00+00:00,1.248,1.256,1.248,1.249,188386.68
2026-05-27 00:00:00+00:00,1.25,1.263,1.249,1.263,207441.03
2026-05-27 01:00:00+00:00,1.262,1.263,1.254,1.254,107428.69
2026-05-27 02:00:00+00:00,1.255,1.257,1.247,1.257,267854.22
2026-05-27 03:00:00+00:00,1.257,1.264,1.251,1.254,156522.99
2026-05-27 04:00:00+00:00,1.253,1.254,1.234,1.253,535231.58
2026-05-27 05:00:00+00:00,1.253,1.265,1.25,1.265,268992.24
2026-05-27 06:00:00+00:00,1.265,1.274,1.263,1.274,300490.44
2026-05-27 07:00:00+00:00,1.274,1.274,1.262,1.27,397847.0
2026-05-27 08:00:00+00:00,1.27,1.278,1.262,1.266,364854.64
2026-05-27 09:00:00+00:00,1.266,1.266,1.256,1.257,214072.5
2026-05-27 10:00:00+00:00,1.257,1.263,1.254,1.259,224071.87
2026-05-27 11:00:00+00:00,1.258,1.267,1.256,1.257,188487.1
2026-05-27 12:00:00+00:00,1.257,1.274,1.253,1.267,345677.99
2026-05-27 13:00:00+00:00,1.267,1.269,1.241,1.253,386339.01
2026-05-27 14:00:00+00:00,1.254,1.262,1.242,1.254,555740.97
2026-05-27 15:00:00+00:00,1.253,1.279,1.252,1.27,509050.53
2026-05-27 16:00:00+00:00,1.27,1.275,1.255,1.264,222664.3
2026-05-27 17:00:00+00:00,1.264,1.264,1.244,1.247,265459.12
2026-05-27 18:00:00+00:00,1.246,1.261,1.238,1.259,294304.83
2026-05-27 19:00:00+00:00,1.26,1.266,1.257,1.258,266971.04
2026-05-27 20:00:00+00:00,1.258,1.262,1.252,1.26,175483.22
2026-05-27 21:00:00+00:00,1.261,1.261,1.225,1.233,567110.79
2026-05-27 22:00:00+00:00,1.233,1.241,1.229,1.231,456965.77
2026-05-27 23:00:00+00:00,1.23,1.233,1.223,1.23,225317.88
2026-05-28 00:00:00+00:00,1.23,1.235,1.228,1.235,278718.87
2026-05-28 01:00:00+00:00,1.235,1.236,1.218,1.23,318367.75
2026-05-28 02:00:00+00:00,1.23,1.234,1.226,1.23,305676.03
2026-05-28 03:00:00+00:00,1.229,1.229,1.195,1.198,1241653.54
2026-05-28 04:00:00+00:00,1.198,1.198,1.176,1.192,1092553.28
2026-05-28 05:00:00+00:00,1.192,1.192,1.177,1.186,353388.31
2026-05-28 06:00:00+00:00,1.185,1.193,1.182,1.189,281848.33
2026-05-28 07:00:00+00:00,1.19,1.197,1.186,1.196,223673.15
2026-05-28 08:00:00+00:00,1.196,1.197,1.189,1.189,237679.99
2026-05-28 09:00:00+00:00,1.19,1.202,1.188,1.199,258550.07
2026-05-28 10:00:00+00:00,1.199,1.204,1.186,1.186,344031.19
2026-05-28 11:00:00+00:00,1.186,1.19,1.184,1.188,239168.51
2026-05-28 12:00:00+00:00,1.188,1.2,1.182,1.199,232477.29
2026-05-28 13:00:00+00:00,1.2,1.206,1.192,1.2,535712.35
2026-05-28 14:00:00+00:00,1.2,1.211,1.185,1.196,625507.83
2026-05-28 15:00:00+00:00,1.197,1.202,1.185,1.195,352106.84
2026-05-28 16:00:00+00:00,1.195,1.212,1.187,1.206,317197.94
2026-05-28 17:00:00+00:00,1.206,1.216,1.203,1.213,265628.47
2026-05-28 18:00:00+00:00,1.214,1.228,1.214,1.223,279297.5
2026-05-28 19:00:00+00:00,1.223,1.228,1.214,1.219,116396.48
2026-05-28 20:00:00+00:00,1.219,1.224,1.209,1.218,148712.27
2026-05-28 21:00:00+00:00,1.218,1.227,1.216,1.223,134681.06
2026-05-28 22:00:00+00:00,1.223,1.226,1.209,1.212,108184.86
2026-05-28 23:00:00+00:00,1.212,1.218,1.21,1.213,153403.11
2026-05-29 00:00:00+00:00,1.212,1.223,1.212,1.219,226479.48
2026-05-29 01:00:00+00:00,1.22,1.226,1.215,1.219,211120.57
2026-05-29 02:00:00+00:00,1.219,1.222,1.202,1.203,253297.15
2026-05-29 03:00:00+00:00,1.203,1.213,1.203,1.204,106961.63
2026-05-29 04:00:00+00:00,1.204,1.211,1.195,1.21,162537.03
2026-05-29 05:00:00+00:00,1.211,1.214,1.206,1.212,109339.27
2026-05-29 06:00:00+00:00,1.212,1.221,1.21,1.214,124499.01
2026-05-29 07:00:00+00:00,1.213,1.222,1.202,1.21,359928.25
2026-05-29 08:00:00+00:00,1.209,1.218,1.208,1.21,226876.34
2026-05-29 09:00:00+00:00,1.211,1.221,1.21,1.216,123392.98
2026-05-29 10:00:00+00:00,1.216,1.216,1.207,1.209,76192.31
2026-05-29 11:00:00+00:00,1.208,1.211,1.196,1.202,188581.15
2026-05-29 12:00:00+00:00,1.201,1.202,1.192,1.194,278622.06
2026-05-29 13:00:00+00:00,1.194,1.197,1.187,1.192,224961.62
2026-05-29 14:00:00+00:00,1.193,1.201,1.178,1.196,566268.57
2026-05-29 15:00:00+00:00,1.196,1.234,1.194,1.221,752849.68
2026-05-29 16:00:00+00:00,1.221,1.226,1.21,1.223,352636.27
2026-05-29 17:00:00+00:00,1.223,1.232,1.219,1.224,361755.82
2026-05-29 18:00:00+00:00,1.224,1.225,1.198,1.202,403196.67
2026-05-29 19:00:00+00:00,1.203,1.204,1.187,1.192,448172.31
2026-05-29 20:00:00+00:00,1.192,1.198,1.189,1.193,225531.77
2026-05-29 21:00:00+00:00,1.193,1.201,1.182,1.185,289587.77
2026-05-29 22:00:00+00:00,1.185,1.193,1.182,1.192,180221.61
2026-05-29 23:00:00+00:00,1.192,1.195,1.188,1.194,149799.73
2026-05-30 00:00:00+00:00,1.194,1.201,1.192,1.199,234158.21
2026-05-30 01:00:00+00:00,1.199,1.211,1.199,1.209,425596.33
2026-05-30 02:00:00+00:00,1.209,1.219,1.209,1.219,238356.03
2026-05-30 03:00:00+00:00,1.218,1.221,1.207,1.209,264490.49
2026-05-30 04:00:00+00:00,1.21,1.213,1.186,1.199,609157.26
2026-05-30 05:00:00+00:00,1.198,1.207,1.196,1.204,265415.5
2026-05-30 06:00:00+00:00,1.205,1.205,1.197,1.199,157034.15
2026-05-30 07:00:00+00:00,1.199,1.2,1.194,1.196,107820.01
2026-05-30 08:00:00+00:00,1.196,1.197,1.192,1.193,99137.5
2026-05-30 09:00:00+00:00,1.192,1.201,1.192,1.197,147307.41
2026-05-30 10:00:00+00:00,1.197,1.199,1.194,1.195,90610.98
2026-05-30 11:00:00+00:00,1.195,1.198,1.191,1.196,105190.77
2026-05-30 12:00:00+00:00,1.197,1.199,1.194,1.198,111897.21
2026-05-30 13:00:00+00:00,1.198,1.2,1.191,1.194,296893.3
2026-05-30 14:00:00+00:00,1.194,1.2,1.193,1.198,286544.73
2026-05-30 15:00:00+00:00,1.198,1.2,1.192,1.195,177022.43
2026-05-30 16:00:00+00:00,1.195,1.2,1.192,1.2,166019.11
2026-05-30 17:00:00+00:00,1.2,1.201,1.19,1.197,258566.61
2026-05-30 18:00:00+00:00,1.198,1.2,1.194,1.199,155709.83
2026-05-30 19:00:00+00:00,1.199,1.2,1.192,1.197,162588.47
2026-05-30 20:00:00+00:00,1.197,1.2,1.195,1.199,68721.66
2026-05-30 21:00:00+00:00,1.198,1.204,1.197,1.199,164410.51
2026-05-30 22:00:00+00:00,1.199,1.199,1.183,1.189,194504.5
2026-05-30 23:00:00+00:00,1.188,1.191,1.185,1.19,112221.59
2026-05-31 00:00:00+00:00,1.19,1.195,1.187,1.194,166618.95
2026-05-31 01:00:00+00:00,1.194,1.196,1.191,1.193,86537.49
2026-05-31 02:00:00+00:00,1.193,1.201,1.189,1.195,175853.49
2026-05-31 03:00:00+00:00,1.195,1.2,1.194,1.197,105626.45
2026-05-31 04:00:00+00:00,1.197,1.203,1.195,1.202,114601.61
2026-05-31 05:00:00+00:00,1.202,1.203,1.193,1.195,81533.49
2026-05-31 06:00:00+00:00,1.194,1.195,1.191,1.193,81065.42
2026-05-31 07:00:00+00:00,1.192,1.193,1.185,1.19,347781.73
2026-05-31 08:00:00+00:00,1.19,1.195,1.188,1.191,98809.39
2026-05-31 09:00:00+00:00,1.19,1.199,1.188,1.19,140293.15
2026-05-31 10:00:00+00:00,1.19,1.191,1.183,1.191,166964.49
2026-05-31 11:00:00+00:00,1.191,1.196,1.191,1.192,123190.78
2026-05-31 12:00:00+00:00,1.192,1.197,1.189,1.195,107464.46
2026-05-31 13:00:00+00:00,1.195,1.199,1.186,1.188,151783.79
2026-05-31 14:00:00+00:00,1.188,1.189,1.168,1.173,1183944.67
2026-05-31 15:00:00+00:00,1.173,1.181,1.172,1.173,208841.22
2026-05-31 16:00:00+00:00,1.173,1.176,1.162,1.166,292479.9
2026-05-31 17:00:00+00:00,1.166,1.17,1.16,1.168,269998.94
2026-05-31 18:00:00+00:00,1.168,1.168,1.163,1.168,126647.37
2026-05-31 19:00:00+00:00,1.168,1.169,1.157,1.165,336017.01
2026-05-31 20:00:00+00:00,1.165,1.176,1.165,1.174,183136.21
2026-05-31 21:00:00+00:00,1.175,1.186,1.173,1.184,202480.48
2026-05-31 22:00:00+00:00,1.184,1.191,1.179,1.19,308030.86
2026-05-31 23:00:00+00:00,1.19,1.196,1.18,1.188,316411.43
2026-06-01 00:00:00+00:00,1.188,1.2,1.188,1.197,315123.33
2026-06-01 01:00:00+00:00,1.197,1.197,1.174,1.175,179886.99
2026-06-01 02:00:00+00:00,1.175,1.202,1.173,1.198,280780.44
2026-06-01 03:00:00+00:00,1.198,1.206,1.196,1.199,306655.9
2026-06-01 04:00:00+00:00,1.2,1.204,1.183,1.189,188562.26
2026-06-01 05:00:00+00:00,1.19,1.192,1.181,1.185,279231.1
2026-06-01 06:00:00+00:00,1.184,1.186,1.166,1.173,619059.86
2026-06-01 07:00:00+00:00,1.173,1.176,1.163,1.165,383807.41
2026-06-01 08:00:00+00:00,1.165,1.169,1.158,1.167,354752.61
2026-06-01 09:00:00+00:00,1.167,1.175,1.167,1.171,247109.91
2026-06-01 10:00:00+00:00,1.172,1.172,1.165,1.17,173050.55
2026-06-01 11:00:00+00:00,1.17,1.174,1.153,1.156,1217369.75
2026-06-01 12:00:00+00:00,1.157,1.162,1.147,1.154,894308.6
2026-06-01 13:00:00+00:00,1.155,1.157,1.134,1.144,1424374.73
2026-06-01 14:00:00+00:00,1.144,1.146,1.131,1.137,665703.95
2026-06-01 15:00:00+00:00,1.138,1.142,1.127,1.132,518111.31
2026-06-01 16:00:00+00:00,1.132,1.147,1.125,1.147,390521.48
2026-06-01 17:00:00+00:00,1.146,1.167,1.145,1.158,514834.05
2026-06-01 18:00:00+00:00,1.158,1.168,1.152,1.159,400075.08
2026-06-01 19:00:00+00:00,1.159,1.169,1.155,1.168,234912.68
2026-06-01 20:00:00+00:00,1.169,1.169,1.16,1.164,220109.58
2026-06-01 21:00:00+00:00,1.165,1.165,1.149,1.152,166630.86
2026-06-01 22:00:00+00:00,1.151,1.164,1.145,1.163,291950.4
2026-06-01 23:00:00+00:00,1.163,1.165,1.155,1.159,328019.65
2026-06-02 00:00:00+00:00,1.159,1.162,1.152,1.153,198157.46
2026-06-02 01:00:00+00:00,1.153,1.156,1.14,1.14,340551.45
2026-06-02 02:00:00+00:00,1.14,1.148,1.129,1.148,409390.76
2026-06-02 03:00:00+00:00,1.148,1.155,1.144,1.154,173779.33
2026-06-02 04:00:00+00:00,1.154,1.156,1.141,1.141,185331.72
2026-06-02 05:00:00+00:00,1.141,1.143,1.13,1.131,382446.06
2026-06-02 06:00:00+00:00,1.131,1.135,1.126,1.133,353008.58
2026-06-02 07:00:00+00:00,1.133,1.137,1.121,1.13,283722.48
2026-06-02 08:00:00+00:00,1.13,1.136,1.128,1.134,192269.51
2026-06-02 09:00:00+00:00,1.135,1.137,1.128,1.134,295482.95
2026-06-02 10:00:00+00:00,1.134,1.147,1.13,1.145,195420.89
2026-06-02 11:00:00+00:00,1.144,1.146,1.133,1.135,220946.17
2026-06-02 12:00:00+00:00,1.135,1.144,1.133,1.139,226109.31
2026-06-02 13:00:00+00:00,1.139,1.143,1.135,1.138,269042.05
2026-06-02 14:00:00+00:00,1.138,1.138,1.102,1.121,1601782.31
2026-06-02 15:00:00+00:00,1.122,1.122,1.084,1.096,1302511.67
2026-06-02 16:00:00+00:00,1.096,1.12,1.093,1.108,467433.98
2026-06-02 17:00:00+00:00,1.109,1.122,1.108,1.115,238106.42
2026-06-02 18:00:00+00:00,1.116,1.121,1.099,1.105,312427.58
2026-06-02 19:00:00+00:00,1.105,1.11,1.079,1.103,630588.0
2026-06-02 20:00:00+00:00,1.103,1.109,1.09,1.103,292268.97
2026-06-02 21:00:00+00:00,1.103,1.111,1.096,1.104,200871.73
2026-06-02 22:00:00+00:00,1.103,1.103,1.071,1.076,524994.77
2026-06-02 23:00:00+00:00,1.076,1.083,1.055,1.079,896920.37
2026-06-03 00:00:00+00:00,1.08,1.09,1.078,1.084,500983.34
2026-06-03 01:00:00+00:00,1.084,1.091,1.078,1.088,302471.58
2026-06-03 02:00:00+00:00,1.087,1.087,1.079,1.087,287726.45
2026-06-03 03:00:00+00:00,1.086,1.09,1.056,1.063,809707.41
2026-06-03 04:00:00+00:00,1.064,1.091,1.064,1.089,373195.3
2026-06-03 05:00:00+00:00,1.09,1.106,1.089,1.103,629339.01
2026-06-03 06:00:00+00:00,1.103,1.115,1.102,1.107,411414.51
2026-06-03 07:00:00+00:00,1.107,1.117,1.104,1.113,262635.16
2026-06-03 08:00:00+00:00,1.114,1.118,1.108,1.115,362819.67
2026-06-03 09:00:00+00:00,1.115,1.116,1.105,1.109,399392.95
2026-06-03 10:00:00+00:00,1.11,1.129,1.109,1.127,311235.84
2026-06-03 11:00:00+00:00,1.127,1.133,1.114,1.117,308485.44
2026-06-03 12:00:00+00:00,1.117,1.122,1.109,1.121,258975.85
2026-06-03 13:00:00+00:00,1.122,1.128,1.116,1.122,365985.6
2026-06-03 14:00:00+00:00,1.122,1.128,1.112,1.127,328687.28
2026-06-03 15:00:00+00:00,1.127,1.129,1.112,1.114,383092.66
2026-06-03 16:00:00+00:00,1.115,1.116,1.09,1.102,465172.48
2026-06-03 17:00:00+00:00,1.102,1.113,1.088,1.109,358629.14
2026-06-03 18:00:00+00:00,1.109,1.115,1.101,1.114,225097.15
2026-06-03 19:00:00+00:00,1.114,1.117,1.095,1.097,376152.68
2026-06-03 20:00:00+00:00,1.096,1.107,1.08,1.085,403416.29
2026-06-03 21:00:00+00:00,1.084,1.123,1.081,1.122,305772.59
2026-06-03 22:00:00+00:00,1.121,1.124,1.107,1.112,193724.19
2026-06-03 23:00:00+00:00,1.112,1.114,1.098,1.104,273436.0
2026-06-04 00:00:00+00:00,1.104,1.117,1.087,1.096,330337.56
2026-06-04 01:00:00+00:00,1.097,1.103,1.055,1.058,776369.48
2026-06-04 02:00:00+00:00,1.058,1.062,1.008,1.058,1714716.64
2026-06-04 03:00:00+00:00,1.058,1.088,1.057,1.08,443152.18
2026-06-04 04:00:00+00:00,1.081,1.087,1.069,1.07,246552.51
2026-06-04 05:00:00+00:00,1.069,1.069,1.049,1.058,364531.95
2026-06-04 06:00:00+00:00,1.057,1.072,1.055,1.064,273525.78
2026-06-04 07:00:00+00:00,1.063,1.065,1.047,1.048,561560.24
2026-06-04 08:00:00+00:00,1.049,1.055,1.036,1.045,419687.94
2026-06-04 09:00:00+00:00,1.045,1.045,1.012,1.029,728543.42
2026-06-04 10:00:00+00:00,1.028,1.03,1.011,1.015,912507.04
2026-06-04 11:00:00+00:00,1.016,1.029,1.01,1.029,626725.67
2026-06-04 12:00:00+00:00,1.029,1.054,1.022,1.052,781751.46
2026-06-04 13:00:00+00:00,1.052,1.056,1.032,1.055,476317.86
2026-06-04 14:00:00+00:00,1.055,1.058,1.044,1.051,356881.28
2026-06-04 15:00:00+00:00,1.051,1.067,1.049,1.065,393980.91
2026-06-04 16:00:00+00:00,1.064,1.071,1.056,1.068,360386.4
2026-06-04 17:00:00+00:00,1.068,1.073,1.046,1.058,390040.62
2026-06-04 18:00:00+00:00,1.058,1.072,1.048,1.065,269600.61
2026-06-04 19:00:00+00:00,1.064,1.068,1.056,1.06,189319.0
2026-06-04 20:00:00+00:00,1.06,1.06,1.048,1.054,148513.01
2026-06-04 21:00:00+00:00,1.054,1.059,1.025,1.026,341872.63
2026-06-04 22:00:00+00:00,1.025,1.037,1.022,1.036,383994.72
2026-06-04 23:00:00+00:00,1.036,1.042,1.025,1.038,282916.1
2026-06-05 00:00:00+00:00,1.037,1.043,1.029,1.032,224038.26
2026-06-05 01:00:00+00:00,1.032,1.042,1.022,1.038,242691.45
2026-06-05 02:00:00+00:00,1.038,1.038,1.007,1.01,293822.62
2026-06-05 03:00:00+00:00,1.009,1.021,1.004,1.005,417506.38
2026-06-05 04:00:00+00:00,1.006,1.027,1.003,1.026,503698.64
2026-06-05 05:00:00+00:00,1.026,1.029,0.996,0.999,830325.08
2026-06-05 06:00:00+00:00,0.998,1.001,0.944,0.974,2133098.48
2026-06-05 07:00:00+00:00,0.973,0.996,0.955,0.995,858034.5
2026-06-05 08:00:00+00:00,0.994,0.994,0.977,0.98,353293.93
2026-06-05 09:00:00+00:00,0.98,1.004,0.98,1.003,542790.98
2026-06-05 10:00:00+00:00,1.004,1.005,0.994,1.002,305635.56
2026-06-05 11:00:00+00:00,1.002,1.002,0.991,0.994,326979.61
2026-06-05 12:00:00+00:00,0.994,1.0,0.979,0.989,574596.11
2026-06-05 13:00:00+00:00,0.989,1.004,0.963,0.964,682811.59
2026-06-05 14:00:00+00:00,0.963,0.985,0.956,0.972,1036079.33
2026-06-05 15:00:00+00:00,0.971,0.973,0.943,0.953,1033712.77
2026-06-05 16:00:00+00:00,0.953,0.972,0.93,0.97,1559890.56
2026-06-05 17:00:00+00:00,0.971,0.974,0.955,0.962,492780.3
2026-06-05 18:00:00+00:00,0.961,0.968,0.919,0.925,892380.27
2026-06-05 19:00:00+00:00,0.925,0.942,0.911,0.935,715810.11
2026-06-05 20:00:00+00:00,0.935,0.955,0.923,0.953,567577.68
2026-06-05 21:00:00+00:00,0.953,0.966,0.952,0.96,288167.82
2026-06-05 22:00:00+00:00,0.96,0.963,0.947,0.958,254518.8
2026-06-05 23:00:00+00:00,0.958,0.964,0.931,0.946,744614.73
2026-06-06 00:00:00+00:00,0.947,0.961,0.946,0.959,345157.91
2026-06-06 01:00:00+00:00,0.959,0.962,0.945,0.947,387137.74
2026-06-06 02:00:00+00:00,0.946,0.953,0.937,0.943,378608.15
2026-06-06 03:00:00+00:00,0.942,0.943,0.933,0.933,271704.9
2026-06-06 04:00:00+00:00,0.933,0.937,0.888,0.898,1145316.06
2026-06-06 05:00:00+00:00,0.897,0.93,0.884,0.929,801033.68
2026-06-06 06:00:00+00:00,0.929,0.94,0.924,0.925,449520.19
2026-06-06 07:00:00+00:00,0.926,0.946,0.924,0.944,708190.9
2026-06-06 08:00:00+00:00,0.945,0.956,0.941,0.954,324141.71
2026-06-06 09:00:00+00:00,0.954,0.961,0.939,0.943,356227.34
2026-06-06 10:00:00+00:00,0.943,0.943,0.927,0.936,612873.85
2026-06-06 11:00:00+00:00,0.936,0.948,0.935,0.946,424718.81
2026-06-06 12:00:00+00:00,0.945,0.96,0.941,0.954,559035.79
2026-06-06 13:00:00+00:00,0.954,0.96,0.949,0.952,317615.25
2026-06-06 14:00:00+00:00,0.953,0.96,0.95,0.953,222656.41
2026-06-06 15:00:00+00:00,0.953,0.955,0.932,0.938,431252.97
2026-06-06 16:00:00+00:00,0.938,0.945,0.933,0.942,224509.92
2026-06-06 17:00:00+00:00,0.943,0.944,0.927,0.931,262988.25
2026-06-06 18:00:00+00:00,0.931,0.938,0.93,0.934,208319.54
2026-06-06 19:00:00+00:00,0.934,0.94,0.932,0.932,154320.6
2026-06-06 20:00:00+00:00,0.932,0.936,0.929,0.935,202884.99
2026-06-06 21:00:00+00:00,0.936,0.943,0.934,0.939,124825.23
2026-06-06 22:00:00+00:00,0.939,0.941,0.933,0.937,179326.29
2026-06-06 23:00:00+00:00,0.936,0.945,0.935,0.943,215941.78
2026-06-07 00:00:00+00:00,0.943,0.946,0.94,0.942,167732.78
2026-06-07 01:00:00+00:00,0.941,0.964,0.941,0.961,717047.58
2026-06-07 02:00:00+00:00,0.962,0.962,0.95,0.955,235519.45
2026-06-07 03:00:00+00:00,0.955,0.959,0.952,0.957,136947.8
2026-06-07 04:00:00+00:00,0.957,0.966,0.952,0.963,269881.11
2026-06-07 05:00:00+00:00,0.964,0.968,0.96,0.964,409971.17
2026-06-07 06:00:00+00:00,0.963,0.973,0.959,0.967,252097.5
2026-06-07 07:00:00+00:00,0.967,0.971,0.965,0.969,163225.87
2026-06-07 08:00:00+00:00,0.97,0.979,0.964,0.979,318523.56
2026-06-07 09:00:00+00:00,0.979,0.981,0.97,0.971,251959.63
2026-06-07 10:00:00+00:00,0.97,0.971,0.963,0.965,154847.67
2026-06-07 11:00:00+00:00,0.964,0.975,0.963,0.972,229840.72
2026-06-07 12:00:00+00:00,0.972,0.972,0.95,0.959,655985.08
2026-06-07 13:00:00+00:00,0.958,0.962,0.957,0.961,93598.9
2026-06-07 14:00:00+00:00,0.961,0.973,0.96,0.968,199954.72
2026-06-07 15:00:00+00:00,0.968,0.969,0.959,0.964,733690.29
2026-06-07 16:00:00+00:00,0.964,0.973,0.96,0.969,630870.83
2026-06-07 17:00:00+00:00,0.97,0.974,0.965,0.967,140603.32
2026-06-07 18:00:00+00:00,0.967,0.971,0.96,0.96,227797.48
2026-06-07 19:00:00+00:00,0.961,0.961,0.94,0.944,498640.71
2026-06-07 20:00:00+00:00,0.944,0.956,0.941,0.952,202085.35
2026-06-07 21:00:00+00:00,0.953,0.956,0.945,0.95,121728.35
2026-06-07 22:00:00+00:00,0.95,1.001,0.949,0.97,1197578.78
2026-06-07 23:00:00+00:00,0.969,0.975,0.967,0.974,313314.2
2026-06-08 00:00:00+00:00,0.973,0.984,0.968,0.978,235685.6
2026-06-08 01:00:00+00:00,0.978,0.978,0.958,0.967,293765.74
2026-06-08 02:00:00+00:00,0.968,0.971,0.965,0.969,153689.79
2026-06-08 03:00:00+00:00,0.969,0.975,0.965,0.969,142788.81
2026-06-08 04:00:00+00:00,0.969,0.97,0.958,0.958,99038.22
2026-06-08 05:00:00+00:00,0.958,0.96,0.951,0.957,145213.11
2026-06-08 06:00:00+00:00,0.957,0.966,0.957,0.961,147421.04
2026-06-08 07:00:00+00:00,0.962,0.968,0.957,0.967,205534.76
2026-06-08 08:00:00+00:00,0.966,0.969,0.959,0.961,168151.04
2026-06-08 09:00:00+00:00,0.962,0.97,0.96,0.969,324312.9
2026-06-08 10:00:00+00:00,0.97,0.973,0.963,0.969,295311.36
2026-06-08 11:00:00+00:00,0.968,0.985,0.966,0.981,392972.37
2026-06-08 12:00:00+00:00,0.981,0.986,0.971,0.982,402388.5
2026-06-08 13:00:00+00:00,0.982,0.983,0.971,0.976,426725.93
2026-06-08 14:00:00+00:00,0.977,0.984,0.973,0.983,252536.88
2026-06-08 15:00:00+00:00,0.983,0.991,0.983,0.985,403484.21
2026-06-08 16:00:00+00:00,0.985,0.993,0.98,0.981,207946.34
2026-06-08 17:00:00+00:00,0.981,0.988,0.977,0.988,213175.39
2026-06-08 18:00:00+00:00,0.988,0.991,0.984,0.986,108986.72
2026-06-08 19:00:00+00:00,0.985,0.994,0.985,0.989,182192.48
2026-06-08 20:00:00+00:00,0.989,0.99,0.98,0.985,181672.81
2026-06-08 21:00:00+00:00,0.985,0.996,0.985,0.986,165574.83
2026-06-08 22:00:00+00:00,0.985,0.985,0.978,0.981,145247.87
2026-06-08 23:00:00+00:00,0.981,0.984,0.972,0.974,183775.3
2026-06-09 00:00:00+00:00,0.975,0.976,0.949,0.953,453559.3
2026-06-09 01:00:00+00:00,0.952,0.963,0.951,0.959,254342.41
2026-06-09 02:00:00+00:00,0.959,0.962,0.952,0.958,101452.07
2026-06-09 03:00:00+00:00,0.958,0.961,0.953,0.958,102385.32
2026-06-09 04:00:00+00:00,0.957,0.975,0.955,0.971,356494.72
2026-06-09 05:00:00+00:00,0.971,0.978,0.967,0.975,165866.36
2026-06-09 06:00:00+00:00,0.976,0.978,0.97,0.971,147338.13
2026-06-09 07:00:00+00:00,0.972,0.977,0.968,0.971,167889.81
2026-06-09 08:00:00+00:00,0.972,0.973,0.965,0.968,130063.42
2026-06-09 09:00:00+00:00,0.969,0.971,0.962,0.965,124778.83
2026-06-09 10:00:00+00:00,0.966,0.97,0.963,0.968,215073.51
2026-06-09 11:00:00+00:00,0.968,0.97,0.962,0.967,123035.23
2026-06-09 12:00:00+00:00,0.967,0.973,0.966,0.972,152276.02
2026-06-09 13:00:00+00:00,0.972,0.974,0.964,0.97,243204.27
2026-06-09 14:00:00+00:00,0.969,0.971,0.945,0.954,473372.43
2026-06-09 15:00:00+00:00,0.955,0.959,0.942,0.942,262435.09
2026-06-09 16:00:00+00:00,0.942,0.945,0.928,0.938,696723.2
2026-06-09 17:00:00+00:00,0.939,0.956,0.938,0.953,393735.57
2026-06-09 18:00:00+00:00,0.953,0.963,0.951,0.96,235277.6
2026-06-09 19:00:00+00:00,0.959,0.966,0.957,0.965,152463.23
2026-06-09 20:00:00+00:00,0.965,0.969,0.962,0.967,123854.49
2026-06-09 21:00:00+00:00,0.968,0.968,0.955,0.957,134814.96
2026-06-09 22:00:00+00:00,0.957,0.961,0.954,0.956,108770.92
2026-06-09 23:00:00+00:00,0.957,0.961,0.955,0.957,127364.96
2026-06-10 00:00:00+00:00,0.957,0.962,0.953,0.962,108800.88
2026-06-10 01:00:00+00:00,0.963,0.966,0.955,0.958,91899.79
2026-06-10 02:00:00+00:00,0.958,0.96,0.945,0.948,130743.91
2026-06-10 03:00:00+00:00,0.947,0.955,0.946,0.95,196079.39
2026-06-10 04:00:00+00:00,0.95,0.951,0.942,0.944,106254.84
2026-06-10 05:00:00+00:00,0.944,0.945,0.938,0.942,93286.6
2026-06-10 06:00:00+00:00,0.941,0.945,0.938,0.942,141996.8
2026-06-10 07:00:00+00:00,0.942,0.95,0.942,0.947,121158.6
2026-06-10 08:00:00+00:00,0.947,0.947,0.936,0.937,194594.26
2026-06-10 09:00:00+00:00,0.938,0.94,0.93,0.939,161648.16
2026-06-10 10:00:00+00:00,0.938,0.94,0.934,0.939,136109.03
2026-06-10 11:00:00+00:00,0.939,0.94,0.924,0.93,440620.15
2026-06-10 12:00:00+00:00,0.929,0.95,0.928,0.942,433497.01
2026-06-10 13:00:00+00:00,0.942,0.96,0.941,0.95,430704.96
2026-06-10 14:00:00+00:00,0.95,0.953,0.94,0.946,288164.63
2026-06-10 15:00:00+00:00,0.946,0.954,0.94,0.95,343743.13
2026-06-10 16:00:00+00:00,0.95,0.953,0.933,0.94,186893.22
2026-06-10 17:00:00+00:00,0.939,0.943,0.924,0.931,363808.52
2026-06-10 18:00:00+00:00,0.931,0.933,0.924,0.931,205336.01
2026-06-10 19:00:00+00:00,0.931,0.932,0.918,0.922,258125.53
2026-06-10 20:00:00+00:00,0.923,0.925,0.913,0.917,344368.79
2026-06-10 21:00:00+00:00,0.916,0.916,0.905,0.908,407960.7
2026-06-10 22:00:00+00:00,0.909,0.916,0.903,0.911,281827.85
2026-06-10 23:00:00+00:00,0.91,0.918,0.906,0.916,296615.27
2026-06-11 00:00:00+00:00,0.917,0.926,0.917,0.925,163371.38
2026-06-11 01:00:00+00:00,0.925,0.938,0.925,0.935,204700.5
2026-06-11 02:00:00+00:00,0.935,0.936,0.925,0.929,96221.48
2026-06-11 03:00:00+00:00,0.929,0.95,0.927,0.946,349466.46
2026-06-11 04:00:00+00:00,0.947,0.954,0.942,0.949,221523.06
2026-06-11 05:00:00+00:00,0.949,0.95,0.945,0.945,121688.56
2026-06-11 06:00:00+00:00,0.944,0.95,0.941,0.944,154906.04
2026-06-11 07:00:00+00:00,0.945,0.952,0.944,0.948,127109.37
2026-06-11 08:00:00+00:00,0.949,0.96,0.948,0.955,302095.99
2026-06-11 09:00:00+00:00,0.955,0.956,0.946,0.946,181886.08
2026-06-11 10:00:00+00:00,0.947,0.95,0.944,0.95,108740.48
2026-06-11 11:00:00+00:00,0.949,0.958,0.947,0.954,257159.9
2026-06-11 12:00:00+00:00,0.954,0.954,0.935,0.946,629524.25
2026-06-11 13:00:00+00:00,0.945,0.953,0.942,0.948,275352.07
2026-06-11 14:00:00+00:00,0.947,0.949,0.942,0.945,228209.47
2026-06-11 15:00:00+00:00,0.944,0.949,0.939,0.946,150428.88
2026-06-11 16:00:00+00:00,0.946,0.951,0.943,0.944,215566.89
2026-06-11 17:00:00+00:00,0.944,0.974,0.941,0.971,931304.89
2026-06-11 18:00:00+00:00,0.971,0.975,0.961,0.964,314942.4
2026-06-11 19:00:00+00:00,0.963,0.971,0.959,0.963,408469.62
2026-06-11 20:00:00+00:00,0.964,0.964,0.955,0.959,207862.1
2026-06-11 21:00:00+00:00,0.959,0.967,0.959,0.961,112822.9
2026-06-11 22:00:00+00:00,0.961,0.963,0.956,0.956,136844.09
2026-06-11 23:00:00+00:00,0.955,0.957,0.95,0.951,247431.74
2026-06-12 00:00:00+00:00,0.952,0.956,0.95,0.951,131997.56
2026-06-12 01:00:00+00:00,0.95,0.951,0.945,0.948,149151.95
2026-06-12 02:00:00+00:00,0.949,0.954,0.948,0.95,95988.27
2026-06-12 03:00:00+00:00,0.951,0.955,0.948,0.954,263199.07
2026-06-12 04:00:00+00:00,0.955,0.96,0.951,0.958,244724.0
2026-06-12 05:00:00+00:00,0.957,0.958,0.95,0.951,209362.7
2026-06-12 06:00:00+00:00,0.951,0.953,0.941,0.942,238644.56
2026-06-12 07:00:00+00:00,0.942,0.95,0.942,0.946,132514.97
2026-06-12 08:00:00+00:00,0.947,0.959,0.946,0.957,211927.87
2026-06-12 09:00:00+00:00,0.957,0.968,0.955,0.964,306931.52
2026-06-12 10:00:00+00:00,0.963,0.969,0.96,0.966,306433.4
2026-06-12 11:00:00+00:00,0.966,0.969,0.964,0.967,208959.62
2026-06-12 12:00:00+00:00,0.967,0.972,0.959,0.962,307164.52
2026-06-12 13:00:00+00:00,0.962,0.964,0.951,0.955,380574.81
2026-06-12 14:00:00+00:00,0.955,0.974,0.954,0.971,425613.84
2026-06-12 15:00:00+00:00,0.972,0.975,0.949,0.95,591635.3
2026-06-12 16:00:00+00:00,0.949,0.963,0.946,0.962,406279.2
2026-06-12 17:00:00+00:00,0.963,0.968,0.958,0.958,214634.66
2026-06-12 18:00:00+00:00,0.959,0.961,0.953,0.955,258995.13
2026-06-12 19:00:00+00:00,0.956,0.964,0.956,0.957,241246.85
2026-06-12 20:00:00+00:00,0.958,0.961,0.955,0.956,189604.52
2026-06-12 21:00:00+00:00,0.957,0.96,0.95,0.952,152331.04
2026-06-12 22:00:00+00:00,0.952,0.957,0.951,0.955,205727.35
2026-06-12 23:00:00+00:00,0.956,0.958,0.952,0.957,173367.42
2026-06-13 00:00:00+00:00,0.958,0.964,0.956,0.962,169147.71
2026-06-13 01:00:00+00:00,0.962,0.972,0.962,0.969,327609.73
2026-06-13 02:00:00+00:00,0.969,0.971,0.964,0.969,172001.8
2026-06-13 03:00:00+00:00,0.969,0.971,0.962,0.968,389979.01
2026-06-13 04:00:00+00:00,0.967,0.972,0.963,0.965,133226.4
2026-06-13 05:00:00+00:00,0.966,0.968,0.961,0.967,220170.91
2026-06-13 06:00:00+00:00,0.968,0.983,0.966,0.979,499742.09
2026-06-13 07:00:00+00:00,0.979,0.995,0.972,0.993,1094685.17
2026-06-13 08:00:00+00:00,0.993,0.995,0.982,0.982,529158.67
2026-06-13 09:00:00+00:00,0.982,0.986,0.981,0.983,207156.95
2026-06-13 10:00:00+00:00,0.984,0.986,0.979,0.98,202733.13
2026-06-13 11:00:00+00:00,0.98,0.985,0.978,0.985,132354.27
2026-06-13 12:00:00+00:00,0.986,0.995,0.985,0.99,299247.76
2026-06-13 13:00:00+00:00,0.99,0.992,0.983,0.987,284458.72
2026-06-13 14:00:00+00:00,0.987,0.99,0.982,0.989,202748.15
2026-06-13 15:00:00+00:00,0.989,0.995,0.987,0.991,405574.82
2026-06-13 16:00:00+00:00,0.991,0.991,0.979,0.986,392984.38
2026-06-13 17:00:00+00:00,0.986,0.989,0.979,0.981,187686.5
2026-06-13 18:00:00+00:00,0.981,0.984,0.976,0.978,166901.4
2026-06-13 19:00:00+00:00,0.978,0.983,0.976,0.979,204049.11
2026-06-13 20:00:00+00:00,0.979,0.981,0.977,0.98,140529.81
2026-06-13 21:00:00+00:00,0.98,0.987,0.977,0.982,121161.45
2026-06-13 22:00:00+00:00,0.983,0.985,0.98,0.981,127766.47
2026-06-13 23:00:00+00:00,0.981,0.984,0.979,0.98,157555.82
2026-06-14 00:00:00+00:00,0.981,0.981,0.976,0.979,141670.48
2026-06-14 01:00:00+00:00,0.979,0.984,0.978,0.981,161652.16
2026-06-14 02:00:00+00:00,0.98,0.985,0.977,0.978,818602.02
2026-06-14 03:00:00+00:00,0.978,0.979,0.975,0.978,180449.36
2026-06-14 04:00:00+00:00,0.978,0.979,0.968,0.97,140079.66
2026-06-14 05:00:00+00:00,0.969,0.972,0.965,0.97,148551.05
2026-06-14 06:00:00+00:00,0.97,0.974,0.966,0.966,153774.85
2026-06-14 07:00:00+00:00,0.966,0.97,0.964,0.966,135462.84
2026-06-14 08:00:00+00:00,0.967,0.972,0.965,0.97,138113.96
2026-06-14 09:00:00+00:00,0.97,0.973,0.966,0.972,155653.39
2026-06-14 10:00:00+00:00,0.972,0.974,0.969,0.969,93960.75
2026-06-14 11:00:00+00:00,0.968,0.971,0.967,0.969,88528.12
2026-06-14 12:00:00+00:00,0.969,0.971,0.963,0.964,188635.33
2026-06-14 13:00:00+00:00,0.964,0.966,0.96,0.963,240000.34
2026-06-14 14:00:00+00:00,0.962,0.963,0.951,0.956,342802.94
2026-06-14 15:00:00+00:00,0.957,0.96,0.956,0.958,135612.14
2026-06-14 16:00:00+00:00,0.957,0.962,0.956,0.958,201899.06
2026-06-14 17:00:00+00:00,0.957,0.958,0.95,0.951,174133.38
2026-06-14 18:00:00+00:00,0.952,0.954,0.949,0.952,122636.67
2026-06-14 19:00:00+00:00,0.952,0.956,0.949,0.952,100978.04
2026-06-14 20:00:00+00:00,0.952,0.958,0.949,0.956,219406.04
2026-06-14 21:00:00+00:00,0.956,0.993,0.955,0.985,549440.31
2026-06-14 22:00:00+00:00,0.986,0.993,0.981,0.987,548248.94
2026-06-14 23:00:00+00:00,0.987,0.998,0.983,0.998,376152.89
2026-06-15 00:00:00+00:00,0.998,1.002,0.99,0.993,769985.45
2026-06-15 01:00:00+00:00,0.993,0.996,0.985,0.991,306168.04
2026-06-15 02:00:00+00:00,0.99,1.0,0.989,0.995,218386.2
2026-06-15 03:00:00+00:00,0.996,1.004,0.994,1.0,344655.02
2026-06-15 04:00:00+00:00,1.0,1.004,0.997,1.0,285876.29
2026-06-15 05:00:00+00:00,1.0,1.011,0.998,1.006,413199.53
2026-06-15 06:00:00+00:00,1.005,1.008,1.002,1.004,303490.07
2026-06-15 07:00:00+00:00,1.005,1.008,0.998,0.999,287417.0
2026-06-15 08:00:00+00:00,0.999,1.005,0.998,1.001,220114.53
2026-06-15 09:00:00+00:00,1.001,1.005,0.999,1.005,213430.08
2026-06-15 10:00:00+00:00,1.005,1.02,1.003,1.017,550229.12
2026-06-15 11:00:00+00:00,1.016,1.029,1.012,1.023,871421.81
2026-06-15 12:00:00+00:00,1.022,1.03,1.016,1.027,551887.85
2026-06-15 13:00:00+00:00,1.027,1.044,1.027,1.036,787946.18
2026-06-15 14:00:00+00:00,1.036,1.036,1.027,1.031,616470.04
2026-06-15 15:00:00+00:00,1.031,1.047,1.028,1.045,638545.71
2026-06-15 16:00:00+00:00,1.045,1.046,1.036,1.037,359700.1
2026-06-15 17:00:00+00:00,1.036,1.038,1.027,1.034,458958.78
2026-06-15 18:00:00+00:00,1.034,1.036,1.031,1.031,186209.61
2026-06-15 19:00:00+00:00,1.031,1.035,1.016,1.02,445356.14
2026-06-15 20:00:00+00:00,1.021,1.025,1.014,1.016,268646.63
2026-06-15 21:00:00+00:00,1.017,1.021,1.015,1.016,194919.07
2026-06-15 22:00:00+00:00,1.016,1.018,1.001,1.005,514547.65
2026-06-15 23:00:00+00:00,1.005,1.012,1.002,1.011,326514.02
2026-06-16 00:00:00+00:00,1.011,1.016,1.008,1.011,253648.09
2026-06-16 01:00:00+00:00,1.011,1.018,1.01,1.011,207992.86
2026-06-16 02:00:00+00:00,1.01,1.012,0.995,0.999,404723.88
2026-06-16 03:00:00+00:00,1.0,1.011,0.997,1.011,88038.02
2026-06-16 04:00:00+00:00,1.01,1.012,1.001,1.002,90695.89
2026-06-16 05:00:00+00:00,1.003,1.009,1.002,1.006,110954.08
2026-06-16 06:00:00+00:00,1.007,1.013,1.007,1.011,161615.56
2026-06-16 07:00:00+00:00,1.011,1.018,1.009,1.016,207014.4
2026-06-16 08:00:00+00:00,1.017,1.032,1.015,1.032,468475.85
2026-06-16 09:00:00+00:00,1.032,1.032,1.021,1.023,246370.2
2026-06-16 10:00:00+00:00,1.023,1.029,1.019,1.024,202166.82
2026-06-16 11:00:00+00:00,1.024,1.026,1.017,1.022,113792.16
2026-06-16 12:00:00+00:00,1.022,1.034,1.019,1.027,304635.19
2026-06-16 13:00:00+00:00,1.027,1.032,1.011,1.013,390396.54
2026-06-16 14:00:00+00:00,1.014,1.017,0.988,0.997,609787.08
2026-06-16 15:00:00+00:00,0.997,1.006,0.995,1.002,202335.03
2026-06-16 16:00:00+00:00,1.002,1.004,0.998,1.001,198391.23
2026-06-16 17:00:00+00:00,1.002,1.013,1.001,1.012,151939.32
2026-06-16 18:00:00+00:00,1.013,1.023,1.011,1.014,236938.59
2026-06-16 19:00:00+00:00,1.014,1.015,1.005,1.01,198120.68
2026-06-16 20:00:00+00:00,1.011,1.023,1.007,1.02,195876.44
2026-06-16 21:00:00+00:00,1.021,1.023,1.014,1.016,63583.84
2026-06-16 22:00:00+00:00,1.016,1.021,1.014,1.019,68020.9
2026-06-16 23:00:00+00:00,1.018,1.02,1.012,1.013,67186.34
2026-06-17 00:00:00+00:00,1.014,1.022,1.014,1.019,214173.5
2026-06-17 01:00:00+00:00,1.019,1.031,1.014,1.031,277810.5
2026-06-17 02:00:00+00:00,1.031,1.037,1.025,1.032,331895.05
2026-06-17 03:00:00+00:00,1.033,1.033,1.021,1.025,233203.76
2026-06-17 04:00:00+00:00,1.026,1.033,1.023,1.028,160602.09
2026-06-17 05:00:00+00:00,1.029,1.033,1.021,1.026,214457.89
2026-06-17 06:00:00+00:00,1.026,1.031,1.019,1.024,234234.63
2026-06-17 07:00:00+00:00,1.024,1.031,1.018,1.023,282979.9
2026-06-17 08:00:00+00:00,1.024,1.024,1.004,1.009,168278.48
2026-06-17 09:00:00+00:00,1.009,1.015,1.008,1.014,145640.7
2026-06-17 10:00:00+00:00,1.014,1.016,1.008,1.009,102409.7
2026-06-17 11:00:00+00:00,1.009,1.011,1.0,1.005,296535.51
2026-06-17 12:00:00+00:00,1.006,1.015,1.001,1.015,212177.11
2026-06-17 13:00:00+00:00,1.015,1.019,1.01,1.012,220829.75
2026-06-17 14:00:00+00:00,1.012,1.018,1.004,1.011,408765.28
2026-06-17 15:00:00+00:00,1.011,1.039,1.01,1.037,479683.38
2026-06-17 16:00:00+00:00,1.038,1.043,1.026,1.027,324109.91
2026-06-17 17:00:00+00:00,1.028,1.037,1.022,1.036,274476.18
2026-06-17 18:00:00+00:00,1.036,1.038,1.006,1.027,805205.76
2026-06-17 19:00:00+00:00,1.026,1.029,0.993,0.998,831142.41
2026-06-17 20:00:00+00:00,0.999,1.01,0.994,1.008,441068.95
2026-06-17 21:00:00+00:00,1.008,1.008,0.997,1.0,216865.52
2026-06-17 22:00:00+00:00,1.001,1.007,0.986,1.002,309920.41
2026-06-17 23:00:00+00:00,1.002,1.009,1.002,1.004,163502.77
2026-06-18 00:00:00+00:00,1.004,1.008,1.001,1.003,120832.87
2026-06-18 01:00:00+00:00,1.003,1.01,1.0,1.001,119949.43
2026-06-18 02:00:00+00:00,1.003,1.007,0.998,1.002,95915.53
2026-06-18 03:00:00+00:00,1.001,1.001,0.981,0.982,415395.24
2026-06-18 04:00:00+00:00,0.983,0.983,0.969,0.974,466234.29
2026-06-18 05:00:00+00:00,0.974,0.976,0.967,0.975,298516.79
2026-06-18 06:00:00+00:00,0.975,0.981,0.971,0.981,259912.33
2026-06-18 07:00:00+00:00,0.98,0.987,0.979,0.984,186722.98
2026-06-18 08:00:00+00:00,0.984,0.987,0.979,0.984,98900.67
2026-06-18 09:00:00+00:00,0.983,0.987,0.981,0.984,156893.01
2026-06-18 10:00:00+00:00,0.985,0.985,0.977,0.98,197143.36
2026-06-18 11:00:00+00:00,0.981,0.983,0.972,0.974,201466.58
2026-06-18 12:00:00+00:00,0.974,0.982,0.972,0.982,193639.05
2026-06-18 13:00:00+00:00,0.982,0.985,0.968,0.974,436039.74
2026-06-18 14:00:00+00:00,0.975,0.986,0.971,0.979,395679.59
2026-06-18 15:00:00+00:00,0.979,0.979,0.94,0.945,980799.13
2026-06-18 16:00:00+00:00,0.945,0.958,0.944,0.957,368913.1
2026-06-18 17:00:00+00:00,0.957,0.958,0.947,0.954,446989.11
2026-06-18 18:00:00+00:00,0.955,0.961,0.952,0.956,453830.43
2026-06-18 19:00:00+00:00,0.956,0.966,0.955,0.964,363527.46
2026-06-18 20:00:00+00:00,0.965,0.975,0.965,0.973,163820.04
2026-06-18 21:00:00+00:00,0.973,0.974,0.966,0.969,83903.7
2026-06-18 22:00:00+00:00,0.969,0.971,0.966,0.97,107297.81
2026-06-18 23:00:00+00:00,0.97,0.975,0.966,0.974,144011.55
2026-06-19 00:00:00+00:00,0.975,0.981,0.971,0.977,311396.17
2026-06-19 01:00:00+00:00,0.977,0.981,0.972,0.979,119213.83
2026-06-19 02:00:00+00:00,0.98,0.982,0.972,0.977,124311.72
2026-06-19 03:00:00+00:00,0.978,0.978,0.958,0.966,371791.02
2026-06-19 04:00:00+00:00,0.967,0.971,0.953,0.954,226924.97
2026-06-19 05:00:00+00:00,0.955,0.963,0.954,0.963,123058.46
2026-06-19 06:00:00+00:00,0.962,0.965,0.957,0.961,150756.76
2026-06-19 07:00:00+00:00,0.961,0.961,0.951,0.955,274959.94
2026-06-19 08:00:00+00:00,0.955,0.96,0.954,0.957,135343.12
2026-06-19 09:00:00+00:00,0.958,0.959,0.952,0.954,176519.63
2026-06-19 10:00:00+00:00,0.954,0.956,0.949,0.952,242443.09
2026-06-19 11:00:00+00:00,0.952,0.954,0.95,0.951,137756.1
2026-06-19 12:00:00+00:00,0.951,0.959,0.947,0.958,272095.3
2026-06-19 13:00:00+00:00,0.958,0.972,0.955,0.967,300767.53
2026-06-19 14:00:00+00:00,0.968,0.972,0.964,0.964,227218.08
2026-06-19 15:00:00+00:00,0.965,0.97,0.962,0.968,153704.62
2026-06-19 16:00:00+00:00,0.969,0.971,0.954,0.955,238461.85
2026-06-19 17:00:00+00:00,0.955,0.966,0.954,0.962,171229.02
2026-06-19 18:00:00+00:00,0.961,0.962,0.95,0.956,253344.15
2026-06-19 19:00:00+00:00,0.955,0.956,0.95,0.952,200725.91
2026-06-19 20:00:00+00:00,0.953,0.96,0.95,0.96,105088.06
2026-06-19 21:00:00+00:00,0.96,0.96,0.952,0.953,121772.94
2026-06-19 22:00:00+00:00,0.953,0.957,0.951,0.956,74318.91
2026-06-19 23:00:00+00:00,0.957,0.964,0.955,0.961,97489.76
2026-06-20 00:00:00+00:00,0.961,0.968,0.96,0.961,187512.48
2026-06-20 01:00:00+00:00,0.961,0.965,0.959,0.961,58437.75
2026-06-20 02:00:00+00:00,0.961,0.963,0.955,0.956,74385.6
2026-06-20 03:00:00+00:00,0.956,0.958,0.954,0.957,96068.42
2026-06-20 04:00:00+00:00,0.957,0.963,0.956,0.963,59235.05
2026-06-20 05:00:00+00:00,0.963,0.974,0.962,0.967,232785.1
2026-06-20 06:00:00+00:00,0.968,0.97,0.963,0.966,143386.1
2026-06-20 07:00:00+00:00,0.966,0.968,0.961,0.964,122337.08
2026-06-20 08:00:00+00:00,0.964,0.966,0.96,0.966,161859.72
2026-06-20 09:00:00+00:00,0.966,0.971,0.965,0.97,119005.56
2026-06-20 10:00:00+00:00,0.969,0.971,0.963,0.966,101687.78
2026-06-20 11:00:00+00:00,0.965,0.967,0.964,0.964,71396.19
2026-06-20 12:00:00+00:00,0.965,0.968,0.961,0.963,94297.32
2026-06-20 13:00:00+00:00,0.963,0.966,0.956,0.959,167269.85
2026-06-20 14:00:00+00:00,0.958,0.97,0.949,0.964,296696.82
2026-06-20 15:00:00+00:00,0.964,0.972,0.96,0.969,455620.18
2026-06-20 16:00:00+00:00,0.969,0.97,0.96,0.966,104745.09
2026-06-20 17:00:00+00:00,0.966,0.966,0.955,0.96,195918.67
2026-06-20 18:00:00+00:00,0.96,0.964,0.957,0.958,197819.51
2026-06-20 19:00:00+00:00,0.957,0.961,0.956,0.959,74506.62
2026-06-20 20:00:00+00:00,0.959,0.962,0.957,0.961,64257.98
2026-06-20 21:00:00+00:00,0.961,0.968,0.96,0.967,197396.2
2026-06-20 22:00:00+00:00,0.967,0.975,0.964,0.974,304216.66
2026-06-20 23:00:00+00:00,0.974,0.976,0.969,0.969,75383.48
2026-06-21 00:00:00+00:00,0.97,0.973,0.968,0.972,63828.35
2026-06-21 01:00:00+00:00,0.973,0.973,0.967,0.97,57542.05
2026-06-21 02:00:00+00:00,0.97,0.97,0.966,0.97,54492.71
2026-06-21 03:00:00+00:00,0.969,0.974,0.967,0.971,109733.76
2026-06-21 04:00:00+00:00,0.972,0.974,0.966,0.966,85925.83
2026-06-21 05:00:00+00:00,0.967,0.97,0.963,0.965,108558.48
2026-06-21 06:00:00+00:00,0.966,0.969,0.965,0.969,94144.77
2026-06-21 07:00:00+00:00,0.968,0.972,0.965,0.968,87420.79
2026-06-21 08:00:00+00:00,0.968,0.97,0.96,0.966,41148.76
2026-06-21 09:00:00+00:00,0.967,0.974,0.964,0.973,269087.38
2026-06-21 10:00:00+00:00,0.973,0.975,0.97,0.97,59933.4
2026-06-21 11:00:00+00:00,0.971,0.971,0.963,0.965,99656.54
2026-06-21 12:00:00+00:00,0.965,0.968,0.961,0.968,76277.17
2026-06-21 13:00:00+00:00,0.967,0.97,0.965,0.969,138442.25
2026-06-21 14:00:00+00:00,0.969,0.97,0.965,0.967,43298.89
2026-06-21 15:00:00+00:00,0.968,0.973,0.967,0.971,296316.17
2026-06-21 16:00:00+00:00,0.97,0.97,0.96,0.964,130180.92
2026-06-21 17:00:00+00:00,0.964,0.967,0.961,0.962,95564.05
2026-06-21 18:00:00+00:00,0.962,0.966,0.957,0.965,151121.2
2026-06-21 19:00:00+00:00,0.965,0.967,0.964,0.965,57406.33
2026-06-21 20:00:00+00:00,0.965,0.965,0.956,0.957,125371.34
2026-06-21 21:00:00+00:00,0.958,0.958,0.943,0.951,386128.0
2026-06-21 22:00:00+00:00,0.951,0.953,0.946,0.95,191776.05
2026-06-21 23:00:00+00:00,0.949,0.949,0.94,0.941,282902.44
2026-06-22 00:00:00+00:00,0.942,0.957,0.942,0.956,350963.12
2026-06-22 01:00:00+00:00,0.956,0.972,0.953,0.963,406502.31
2026-06-22 02:00:00+00:00,0.963,0.963,0.956,0.957,74023.74
2026-06-22 03:00:00+00:00,0.956,0.959,0.949,0.951,202016.34
2026-06-22 04:00:00+00:00,0.951,0.956,0.949,0.955,135773.31
2026-06-22 05:00:00+00:00,0.956,0.959,0.955,0.958,67759.6
2026-06-22 06:00:00+00:00,0.959,0.961,0.957,0.959,108639.16
2026-06-22 07:00:00+00:00,0.959,0.966,0.957,0.964,174578.03
2026-06-22 08:00:00+00:00,0.964,0.966,0.961,0.963,111207.87
2026-06-22 09:00:00+00:00,0.963,0.964,0.958,0.96,76567.92
2026-06-22 10:00:00+00:00,0.959,0.961,0.955,0.959,93740.48
2026-06-22 11:00:00+00:00,0.959,0.973,0.957,0.971,259953.83
2026-06-22 12:00:00+00:00,0.971,0.975,0.969,0.972,176133.4
2026-06-22 13:00:00+00:00,0.972,0.979,0.968,0.977,272730.28
2026-06-22 14:00:00+00:00,0.978,0.978,0.961,0.967,224608.18
2026-06-22 15:00:00+00:00,0.966,0.969,0.956,0.958,290706.77
2026-06-22 16:00:00+00:00,0.958,0.962,0.955,0.961,219371.88
2026-06-22 17:00:00+00:00,0.96,0.962,0.952,0.957,101383.14
2026-06-22 18:00:00+00:00,0.956,0.958,0.944,0.946,229378.57
2026-06-22 19:00:00+00:00,0.946,0.947,0.941,0.945,177160.54
2026-06-22 20:00:00+00:00,0.945,0.95,0.944,0.948,77322.36
2026-06-22 21:00:00+00:00,0.947,0.949,0.941,0.944,58432.78
2026-06-22 22:00:00+00:00,0.944,0.947,0.929,0.934,379709.7
2026-06-22 23:00:00+00:00,0.935,0.938,0.932,0.937,70730.85
2026-06-23 00:00:00+00:00,0.936,0.937,0.928,0.934,74643.01
2026-06-23 01:00:00+00:00,0.934,0.937,0.928,0.934,87941.91
2026-06-23 02:00:00+00:00,0.934,0.938,0.932,0.937,80289.6
2026-06-23 03:00:00+00:00,0.937,0.938,0.932,0.937,93640.58
2026-06-23 04:00:00+00:00,0.937,0.939,0.928,0.93,247506.9
2026-06-23 05:00:00+00:00,0.93,0.934,0.928,0.931,203487.87
2026-06-23 06:00:00+00:00,0.931,0.931,0.908,0.912,578322.21
2026-06-23 07:00:00+00:00,0.912,0.914,0.905,0.906,365375.91
2026-06-23 08:00:00+00:00,0.906,0.908,0.883,0.892,846459.75
2026-06-23 09:00:00+00:00,0.892,0.897,0.891,0.895,201537.17
2026-06-23 10:00:00+00:00,0.896,0.9,0.893,0.897,227393.92
2026-06-23 11:00:00+00:00,0.897,0.906,0.897,0.904,255574.4
2026-06-23 12:00:00+00:00,0.905,0.905,0.899,0.902,132199.82
2026-06-23 13:00:00+00:00,0.901,0.908,0.896,0.907,316353.4
2026-06-23 14:00:00+00:00,0.908,0.912,0.901,0.902,359091.29
2026-06-23 15:00:00+00:00,0.902,0.903,0.893,0.899,213588.07
2026-06-23 16:00:00+00:00,0.9,0.906,0.899,0.9,239190.66
2026-06-23 17:00:00+00:00,0.899,0.904,0.896,0.896,138136.65
2026-06-23 18:00:00+00:00,0.897,0.9,0.896,0.9,124964.26
2026-06-23 19:00:00+00:00,0.899,0.905,0.899,0.904,99910.01
2026-06-23 20:00:00+00:00,0.904,0.909,0.904,0.909,80821.85
2026-06-23 21:00:00+00:00,0.909,0.912,0.908,0.909,60156.15
2026-06-23 22:00:00+00:00,0.91,0.915,0.908,0.909,124587.82
2026-06-23 23:00:00+00:00,0.909,0.912,0.906,0.91,95015.98
2026-06-24 00:00:00+00:00,0.91,0.916,0.91,0.914,359660.96
2026-06-24 01:00:00+00:00,0.915,0.92,0.91,0.914,212566.68
2026-06-24 02:00:00+00:00,0.915,0.915,0.908,0.909,138477.07
2026-06-24 03:00:00+00:00,0.909,0.909,0.903,0.907,157863.16
2026-06-24 04:00:00+00:00,0.906,0.907,0.897,0.906,287616.49
2026-06-24 05:00:00+00:00,0.906,0.912,0.905,0.91,261250.52
2026-06-24 06:00:00+00:00,0.911,0.911,0.907,0.909,75308.65
2026-06-24 07:00:00+00:00,0.908,0.909,0.904,0.906,109237.88
2026-06-24 08:00:00+00:00,0.906,0.909,0.905,0.907,124619.58
2026-06-24 09:00:00+00:00,0.908,0.908,0.901,0.904,56107.5
2026-06-24 10:00:00+00:00,0.903,0.905,0.899,0.9,128591.18
2026-06-24 11:00:00+00:00,0.9,0.913,0.895,0.907,283721.1
2026-06-24 12:00:00+00:00,0.907,0.908,0.9,0.902,131747.22
2026-06-24 13:00:00+00:00,0.901,0.901,0.883,0.888,688582.99
2026-06-24 14:00:00+00:00,0.887,0.896,0.884,0.893,462109.09
2026-06-24 15:00:00+00:00,0.893,0.893,0.867,0.872,673666.04
2026-06-24 16:00:00+00:00,0.873,0.885,0.848,0.855,1259440.76
2026-06-24 17:00:00+00:00,0.854,0.863,0.842,0.847,616560.18
2026-06-24 18:00:00+00:00,0.847,0.866,0.844,0.861,323142.79
2026-06-24 19:00:00+00:00,0.862,0.868,0.859,0.868,252413.72
2026-06-24 20:00:00+00:00,0.868,0.886,0.867,0.883,313162.16
2026-06-24 21:00:00+00:00,0.883,0.889,0.878,0.889,131854.6
2026-06-24 22:00:00+00:00,0.888,0.893,0.882,0.884,158988.79
2026-06-24 23:00:00+00:00,0.883,0.888,0.883,0.888,69047.16
2026-06-25 00:00:00+00:00,0.888,0.89,0.885,0.886,133225.73
2026-06-25 01:00:00+00:00,0.887,0.89,0.886,0.888,48355.17
2026-06-25 02:00:00+00:00,0.888,0.891,0.885,0.886,52923.15
2026-06-25 03:00:00+00:00,0.885,0.886,0.88,0.882,62301.27
2026-06-25 04:00:00+00:00,0.882,0.89,0.879,0.889,81369.48
2026-06-25 05:00:00+00:00,0.889,0.899,0.889,0.893,190331.16
2026-06-25 06:00:00+00:00,0.893,0.896,0.892,0.893,77815.79
2026-06-25 07:00:00+00:00,0.894,0.895,0.89,0.892,86358.6
2026-06-25 08:00:00+00:00,0.891,0.892,0.887,0.887,60015.22
2026-06-25 09:00:00+00:00,0.887,0.891,0.886,0.889,226497.67
2026-06-25 10:00:00+00:00,0.889,0.889,0.88,0.881,99425.52
2026-06-25 11:00:00+00:00,0.881,0.881,0.876,0.877,146591.73
2026-06-25 12:00:00+00:00,0.877,0.886,0.872,0.879,193454.45
2026-06-25 13:00:00+00:00,0.88,0.887,0.819,0.823,1401149.6
2026-06-25 14:00:00+00:00,0.824,0.86,0.824,0.846,830147.58
2026-06-25 15:00:00+00:00,0.846,0.854,0.837,0.853,318081.38
2026-06-25 16:00:00+00:00,0.853,0.862,0.842,0.85,344279.14
2026-06-25 17:00:00+00:00,0.85,0.862,0.85,0.862,305703.49
2026-06-25 18:00:00+00:00,0.862,0.864,0.845,0.848,479221.65
2026-06-25 19:00:00+00:00,0.849,0.849,0.838,0.842,239522.33
2026-06-25 20:00:00+00:00,0.843,0.849,0.84,0.841,139464.83
2026-06-25 21:00:00+00:00,0.842,0.854,0.841,0.853,101524.35
2026-06-25 22:00:00+00:00,0.853,0.853,0.842,0.843,216657.21
2026-06-25 23:00:00+00:00,0.844,0.85,0.842,0.844,153377.77
2026-06-26 00:00:00+00:00,0.843,0.847,0.84,0.841,183932.16
2026-06-26 01:00:00+00:00,0.841,0.842,0.825,0.827,369099.28
2026-06-26 02:00:00+00:00,0.828,0.828,0.805,0.808,788816.95
2026-06-26 03:00:00+00:00,0.808,0.834,0.804,0.834,819616.42
2026-06-26 04:00:00+00:00,0.834,0.834,0.827,0.828,179590.5
2026-06-26 05:00:00+00:00,0.828,0.834,0.826,0.832,143562.8
2026-06-26 06:00:00+00:00,0.832,0.84,0.825,0.838,325213.94
2026-06-26 07:00:00+00:00,0.838,0.846,0.838,0.845,357310.55
2026-06-26 08:00:00+00:00,0.845,0.846,0.835,0.838,248192.88
2026-06-26 09:00:00+00:00,0.838,0.843,0.832,0.833,184482.6
2026-06-26 10:00:00+00:00,0.833,0.834,0.828,0.829,218641.95
2026-06-26 11:00:00+00:00,0.83,0.836,0.825,0.829,213234.51
2026-06-26 12:00:00+00:00,0.829,0.842,0.825,0.829,295000.36
2026-06-26 13:00:00+00:00,0.829,0.852,0.822,0.851,459080.65
2026-06-26 14:00:00+00:00,0.85,0.855,0.841,0.843,277645.31
2026-06-26 15:00:00+00:00,0.844,0.858,0.842,0.855,334696.08
2026-06-26 16:00:00+00:00,0.856,0.863,0.848,0.857,530823.77
2026-06-26 17:00:00+00:00,0.856,0.864,0.855,0.859,212196.52
2026-06-26 18:00:00+00:00,0.859,0.868,0.853,0.855,392509.1
2026-06-26 19:00:00+00:00,0.855,0.863,0.854,0.855,137598.0
2026-06-26 20:00:00+00:00,0.855,0.865,0.854,0.855,341211.66
2026-06-26 21:00:00+00:00,0.856,0.858,0.85,0.851,107721.87
2026-06-26 22:00:00+00:00,0.851,0.854,0.848,0.854,108327.79
2026-06-26 23:00:00+00:00,0.853,0.855,0.851,0.852,90122.01
2026-06-27 00:00:00+00:00,0.853,0.856,0.846,0.849,119812.14
2026-06-27 01:00:00+00:00,0.849,0.849,0.846,0.848,59350.43
2026-06-27 02:00:00+00:00,0.848,0.861,0.847,0.858,156732.57
2026-06-27 03:00:00+00:00,0.859,0.86,0.85,0.852,193488.9
2026-06-27 04:00:00+00:00,0.852,0.857,0.849,0.849,176818.15
2026-06-27 05:00:00+00:00,0.85,0.852,0.847,0.852,67499.44
2026-06-27 06:00:00+00:00,0.851,0.851,0.845,0.846,123740.27
2026-06-27 07:00:00+00:00,0.846,0.847,0.844,0.846,106432.5
2026-06-27 08:00:00+00:00,0.845,0.846,0.842,0.844,122121.2
2026-06-27 09:00:00+00:00,0.844,0.846,0.842,0.846,82697.15
2026-06-27 10:00:00+00:00,0.846,0.847,0.842,0.843,59586.84
2026-06-27 11:00:00+00:00,0.844,0.844,0.838,0.843,160625.69
2026-06-27 12:00:00+00:00,0.843,0.844,0.84,0.843,96811.62
2026-06-27 13:00:00+00:00,0.844,0.847,0.843,0.846,83964.04
2026-06-27 14:00:00+00:00,0.845,0.849,0.843,0.844,81677.97
2026-06-27 15:00:00+00:00,0.845,0.852,0.845,0.848,168722.31
2026-06-27 16:00:00+00:00,0.847,0.848,0.843,0.844,130739.74
2026-06-27 17:00:00+00:00,0.844,0.844,0.833,0.834,320386.61
2026-06-27 18:00:00+00:00,0.834,0.835,0.832,0.834,60711.87
2026-06-27 19:00:00+00:00,0.834,0.836,0.825,0.829,184355.76
2026-06-27 20:00:00+00:00,0.829,0.832,0.829,0.83,78247.36
2026-06-27 21:00:00+00:00,0.83,0.832,0.82,0.821,326641.95
2026-06-27 22:00:00+00:00,0.821,0.822,0.808,0.817,562262.81
2026-06-27 23:00:00+00:00,0.817,0.82,0.815,0.816,202576.69
2026-06-28 00:00:00+00:00,0.816,0.819,0.81,0.81,383043.21
2026-06-28 01:00:00+00:00,0.81,0.812,0.804,0.81,218994.9
2026-06-28 02:00:00+00:00,0.81,0.816,0.809,0.815,118992.24
2026-06-28 03:00:00+00:00,0.815,0.821,0.815,0.819,211235.64
2026-06-28 04:00:00+00:00,0.819,0.822,0.817,0.819,83632.82
2026-06-28 05:00:00+00:00,0.82,0.82,0.81,0.812,139043.68
2026-06-28 06:00:00+00:00,0.812,0.813,0.807,0.812,150752.36
2026-06-28 07:00:00+00:00,0.811,0.817,0.811,0.817,108991.31
2026-06-28 08:00:00+00:00,0.817,0.822,0.814,0.818,98731.44
2026-06-28 09:00:00+00:00,0.818,0.82,0.806,0.806,190760.69
2026-06-28 10:00:00+00:00,0.806,0.81,0.805,0.807,177189.06
2026-06-28 11:00:00+00:00,0.807,0.812,0.804,0.811,224253.47
2026-06-28 12:00:00+00:00,0.811,0.816,0.808,0.811,362544.91
2026-06-28 13:00:00+00:00,0.811,0.812,0.799,0.801,587280.62
2026-06-28 14:00:00+00:00,0.802,0.812,0.801,0.809,525566.39
2026-06-28 15:00:00+00:00,0.808,0.811,0.802,0.811,533730.03
2026-06-28 16:00:00+00:00,0.811,0.814,0.805,0.809,463017.62
2026-06-28 17:00:00+00:00,0.809,0.811,0.801,0.808,191850.28
2026-06-28 18:00:00+00:00,0.808,0.81,0.803,0.81,76201.19
2026-06-28 19:00:00+00:00,0.809,0.812,0.804,0.808,181977.1
2026-06-28 20:00:00+00:00,0.808,0.815,0.807,0.813,105948.22
2026-06-28 21:00:00+00:00,0.812,0.814,0.799,0.804,138431.85
2026-06-28 22:00:00+00:00,0.804,0.815,0.795,0.802,452803.52
2026-06-28 23:00:00+00:00,0.802,0.814,0.801,0.81,159532.19
2026-06-29 00:00:00+00:00,0.811,0.82,0.806,0.819,515858.74
2026-06-29 01:00:00+00:00,0.819,0.82,0.811,0.815,210171.68
2026-06-29 02:00:00+00:00,0.814,0.824,0.808,0.822,307931.54
2026-06-29 03:00:00+00:00,0.822,0.828,0.821,0.825,223145.39
2026-06-29 04:00:00+00:00,0.824,0.826,0.817,0.817,115787.67
2026-06-29 05:00:00+00:00,0.818,0.822,0.813,0.821,114928.94
2026-06-29 06:00:00+00:00,0.821,0.826,0.82,0.824,201071.08
2026-06-29 07:00:00+00:00,0.823,0.824,0.816,0.817,357183.56
2026-06-29 08:00:00+00:00,0.816,0.818,0.811,0.813,272287.28
2026-06-29 09:00:00+00:00,0.813,0.82,0.813,0.819,193018.54
2026-06-29 10:00:00+00:00,0.82,0.823,0.819,0.82,135687.19
2026-06-29 11:00:00+00:00,0.82,0.823,0.814,0.817,350688.7
2026-06-29 12:00:00+00:00,0.817,0.831,0.811,0.822,423261.63
2026-06-29 13:00:00+00:00,0.823,0.829,0.814,0.82,347912.75
2026-06-29 14:00:00+00:00,0.82,0.821,0.809,0.819,432616.87
2026-06-29 15:00:00+00:00,0.82,0.825,0.812,0.823,214458.62
2026-06-29 16:00:00+00:00,0.822,0.826,0.818,0.825,276734.59
2026-06-29 17:00:00+00:00,0.826,0.84,0.825,0.835,647042.94
2026-06-29 18:00:00+00:00,0.835,0.836,0.83,0.832,104329.67
2026-06-29 19:00:00+00:00,0.832,0.835,0.83,0.832,104771.52
2026-06-29 20:00:00+00:00,0.831,0.832,0.826,0.826,178926.34
2026-06-29 21:00:00+00:00,0.826,0.833,0.823,0.83,153696.83
2026-06-29 22:00:00+00:00,0.83,0.831,0.825,0.826,112004.23
2026-06-29 23:00:00+00:00,0.826,0.827,0.823,0.826,83250.31
2026-06-30 00:00:00+00:00,0.825,0.833,0.816,0.821,485425.1
2026-06-30 01:00:00+00:00,0.82,0.822,0.815,0.818,344169.2
2026-06-30 02:00:00+00:00,0.817,0.82,0.813,0.818,119041.86
2026-06-30 03:00:00+00:00,0.817,0.824,0.815,0.816,264120.67
2026-06-30 04:00:00+00:00,0.816,0.819,0.814,0.818,101968.34
2026-06-30 05:00:00+00:00,0.818,0.819,0.814,0.818,86406.77
2026-06-30 06:00:00+00:00,0.818,0.82,0.817,0.817,80882.84
2026-06-30 07:00:00+00:00,0.817,0.82,0.815,0.815,151597.53
2026-06-30 08:00:00+00:00,0.815,0.817,0.809,0.814,534058.52
2026-06-30 09:00:00+00:00,0.814,0.815,0.811,0.813,194178.31
2026-06-30 10:00:00+00:00,0.813,0.816,0.811,0.814,127362.75
2026-06-30 11:00:00+00:00,0.814,0.815,0.809,0.811,224242.78
2026-06-30 12:00:00+00:00,0.811,0.812,0.802,0.803,381774.83
2026-06-30 13:00:00+00:00,0.802,0.813,0.801,0.812,455043.79
2026-06-30 14:00:00+00:00,0.811,0.822,0.81,0.815,334267.18
2026-06-30 15:00:00+00:00,0.814,0.82,0.811,0.814,217181.02
2026-06-30 16:00:00+00:00,0.815,0.819,0.808,0.817,266173.86
2026-06-30 17:00:00+00:00,0.817,0.822,0.816,0.817,208322.18
2026-06-30 18:00:00+00:00,0.817,0.825,0.816,0.824,119025.18
2026-06-30 19:00:00+00:00,0.824,0.826,0.82,0.824,179442.5
2026-06-30 20:00:00+00:00,0.824,0.826,0.816,0.819,238176.11
2026-06-30 21:00:00+00:00,0.818,0.824,0.816,0.822,212247.4
2026-06-30 22:00:00+00:00,0.823,0.825,0.816,0.818,114773.83
2026-06-30 23:00:00+00:00,0.818,0.823,0.817,0.822,44150.27
2026-07-01 00:00:00+00:00,0.822,0.825,0.819,0.822,165332.68
2026-07-01 01:00:00+00:00,0.822,0.826,0.806,0.824,437794.7
2026-07-01 02:00:00+00:00,0.824,0.834,0.823,0.831,288924.75
2026-07-01 03:00:00+00:00,0.831,0.843,0.829,0.837,324599.55
2026-07-01 04:00:00+00:00,0.837,0.842,0.835,0.839,214582.63
2026-07-01 05:00:00+00:00,0.839,0.84,0.832,0.835,93803.77
2026-07-01 06:00:00+00:00,0.835,0.835,0.828,0.833,154692.32
2026-07-01 07:00:00+00:00,0.834,0.837,0.831,0.834,146292.06
2026-07-01 08:00:00+00:00,0.834,0.838,0.83,0.838,119907.68
2026-07-01 09:00:00+00:00,0.838,0.842,0.834,0.838,182179.28
2026-07-01 10:00:00+00:00,0.837,0.839,0.834,0.834,130955.39
2026-07-01 11:00:00+00:00,0.834,0.839,0.831,0.832,207727.01
2026-07-01 12:00:00+00:00,0.833,0.833,0.827,0.828,208852.34
2026-07-01 13:00:00+00:00,0.828,0.842,0.826,0.841,386258.76
2026-07-01 14:00:00+00:00,0.841,0.846,0.837,0.84,221609.24
2026-07-01 15:00:00+00:00,0.841,0.85,0.841,0.846,325046.2
2026-07-01 16:00:00+00:00,0.846,0.847,0.838,0.839,211130.15
2026-07-01 17:00:00+00:00,0.839,0.841,0.835,0.839,101948.39
2026-07-01 18:00:00+00:00,0.84,0.842,0.833,0.836,206816.87
2026-07-01 19:00:00+00:00,0.836,0.839,0.832,0.833,89690.56
2026-07-01 20:00:00+00:00,0.833,0.838,0.831,0.836,210469.41
2026-07-01 21:00:00+00:00,0.837,0.847,0.837,0.845,173433.03
2026-07-01 22:00:00+00:00,0.845,0.85,0.838,0.838,317761.92
2026-07-01 23:00:00+00:00,0.838,0.838,0.827,0.829,374128.85
2026-07-02 00:00:00+00:00,0.828,0.83,0.825,0.83,212010.41
2026-07-02 01:00:00+00:00,0.83,0.84,0.829,0.837,81321.49
2026-07-02 02:00:00+00:00,0.838,0.843,0.837,0.84,149943.34
2026-07-02 03:00:00+00:00,0.841,0.85,0.837,0.847,399383.81
2026-07-02 04:00:00+00:00,0.848,0.849,0.843,0.847,233353.71
2026-07-02 05:00:00+00:00,0.846,0.846,0.838,0.839,172297.73
2026-07-02 06:00:00+00:00,0.839,0.842,0.835,0.838,155677.9
2026-07-02 07:00:00+00:00,0.839,0.843,0.836,0.841,150432.65
2026-07-02 08:00:00+00:00,0.84,0.848,0.839,0.848,309209.74
2026-07-02 09:00:00+00:00,0.847,0.852,0.84,0.848,557302.67
2026-07-02 10:00:00+00:00,0.848,0.85,0.846,0.847,191577.5
2026-07-02 11:00:00+00:00,0.848,0.852,0.846,0.851,309092.04
2026-07-02 12:00:00+00:00,0.85,0.858,0.849,0.851,402074.94
2026-07-02 13:00:00+00:00,0.851,0.867,0.849,0.863,889319.01
2026-07-02 14:00:00+00:00,0.864,0.868,0.854,0.86,417124.55
2026-07-02 15:00:00+00:00,0.86,0.86,0.85,0.851,302509.12
2026-07-02 16:00:00+00:00,0.851,0.854,0.845,0.849,398353.78
2026-07-02 17:00:00+00:00,0.848,0.85,0.842,0.846,271703.18
2026-07-02 18:00:00+00:00,0.845,0.848,0.844,0.845,130006.08
2026-07-02 19:00:00+00:00,0.845,0.848,0.843,0.844,296288.46
2026-07-02 20:00:00+00:00,0.845,0.846,0.842,0.844,157752.09
2026-07-02 21:00:00+00:00,0.845,0.845,0.839,0.842,119647.25
2026-07-02 22:00:00+00:00,0.841,0.842,0.837,0.84,204649.93
2026-07-02 23:00:00+00:00,0.84,0.843,0.836,0.842,130620.19
2026-07-03 00:00:00+00:00,0.842,0.842,0.837,0.84,136151.29
2026-07-03 01:00:00+00:00,0.839,0.853,0.839,0.85,137589.04
2026-07-03 02:00:00+00:00,0.85,0.852,0.846,0.852,208478.35
2026-07-03 03:00:00+00:00,0.851,0.857,0.848,0.853,179920.19
2026-07-03 04:00:00+00:00,0.853,0.854,0.846,0.849,174944.84
2026-07-03 05:00:00+00:00,0.848,0.855,0.848,0.852,122705.68
2026-07-03 06:00:00+00:00,0.852,0.857,0.852,0.855,176237.54
2026-07-03 07:00:00+00:00,0.855,0.858,0.853,0.856,83690.03
2026-07-03 08:00:00+00:00,0.856,0.863,0.855,0.858,186997.22
2026-07-03 09:00:00+00:00,0.858,0.863,0.857,0.86,223726.33
2026-07-03 10:00:00+00:00,0.86,0.87,0.859,0.866,340197.23
2026-07-03 11:00:00+00:00,0.866,0.872,0.865,0.87,229901.57
2026-07-03 12:00:00+00:00,0.87,0.872,0.863,0.866,246794.79
2026-07-03 13:00:00+00:00,0.868,0.877,0.865,0.875,499456.8
2026-07-03 14:00:00+00:00,0.876,0.877,0.868,0.872,405866.22
2026-07-03 15:00:00+00:00,0.873,0.879,0.872,0.874,364946.47
2026-07-03 16:00:00+00:00,0.874,0.883,0.874,0.881,453133.36
2026-07-03 17:00:00+00:00,0.881,0.886,0.88,0.884,363047.38
2026-07-03 18:00:00+00:00,0.884,0.885,0.878,0.883,158595.64
2026-07-03 19:00:00+00:00,0.883,0.889,0.881,0.883,270568.55
2026-07-03 20:00:00+00:00,0.883,0.891,0.882,0.886,720314.0
2026-07-03 21:00:00+00:00,0.886,0.892,0.882,0.888,220920.44
2026-07-03 22:00:00+00:00,0.888,0.888,0.882,0.883,77205.49
2026-07-03 23:00:00+00:00,0.883,0.885,0.878,0.881,239992.69
2026-07-04 00:00:00+00:00,0.881,0.885,0.876,0.878,129770.19
2026-07-04 01:00:00+00:00,0.877,0.877,0.869,0.872,212258.03
2026-07-04 02:00:00+00:00,0.871,0.878,0.87,0.877,237617.39
2026-07-04 03:00:00+00:00,0.878,0.886,0.875,0.884,162281.4
2026-07-04 04:00:00+00:00,0.883,0.887,0.88,0.883,149420.39
2026-07-04 05:00:00+00:00,0.883,0.883,0.875,0.877,157044.9
2026-07-04 06:00:00+00:00,0.876,0.88,0.873,0.876,58253.66
2026-07-04 07:00:00+00:00,0.876,0.876,0.873,0.874,143110.17
2026-07-04 08:00:00+00:00,0.874,0.875,0.872,0.874,113244.8
2026-07-04 09:00:00+00:00,0.874,0.876,0.869,0.869,106350.33
2026-07-04 10:00:00+00:00,0.87,0.871,0.867,0.87,100328.76
2026-07-04 11:00:00+00:00,0.869,0.875,0.868,0.872,184758.15
2026-07-04 12:00:00+00:00,0.872,0.877,0.872,0.874,183536.73
2026-07-04 13:00:00+00:00,0.874,0.878,0.869,0.87,107561.85
2026-07-04 14:00:00+00:00,0.87,0.878,0.87,0.877,129720.98
2026-07-04 15:00:00+00:00,0.877,0.89,0.876,0.887,464693.79
2026-07-04 16:00:00+00:00,0.888,0.893,0.884,0.889,272273.27
2026-07-04 17:00:00+00:00,0.889,0.9,0.886,0.896,276489.16
2026-07-04 18:00:00+00:00,0.897,0.899,0.894,0.898,251629.26
2026-07-04 19:00:00+00:00,0.897,0.9,0.891,0.892,334432.31
2026-07-04 20:00:00+00:00,0.892,0.895,0.887,0.89,184989.63
2026-07-04 21:00:00+00:00,0.889,0.898,0.889,0.893,92833.08
2026-07-04 22:00:00+00:00,0.893,0.894,0.885,0.888,45458.67
2026-07-04 23:00:00+00:00,0.889,0.889,0.878,0.885,214991.53
2026-07-05 00:00:00+00:00,0.884,0.884,0.878,0.88,173056.16
2026-07-05 01:00:00+00:00,0.881,0.883,0.874,0.878,113887.73
2026-07-05 02:00:00+00:00,0.877,0.877,0.868,0.871,142201.62
2026-07-05 03:00:00+00:00,0.871,0.873,0.868,0.871,127861.56
2026-07-05 04:00:00+00:00,0.87,0.874,0.868,0.871,108996.64
2026-07-05 05:00:00+00:00,0.871,0.872,0.864,0.866,96774.34
2026-07-05 06:00:00+00:00,0.867,0.87,0.864,0.869,143624.07
2026-07-05 07:00:00+00:00,0.869,0.874,0.867,0.873,79448.72
2026-07-05 08:00:00+00:00,0.873,0.874,0.87,0.871,65663.31
2026-07-05 09:00:00+00:00,0.872,0.873,0.862,0.864,280683.7
2026-07-05 10:00:00+00:00,0.863,0.87,0.86,0.867,172845.21
2026-07-05 11:00:00+00:00,0.867,0.87,0.865,0.868,91159.45
2026-07-05 12:00:00+00:00,0.867,0.875,0.865,0.872,241524.9
2026-07-05 13:00:00+00:00,0.872,0.874,0.869,0.874,127722.51
2026-07-05 14:00:00+00:00,0.874,0.879,0.872,0.878,116350.31
2026-07-05 15:00:00+00:00,0.879,0.884,0.876,0.878,192003.0
2026-07-05 16:00:00+00:00,0.878,0.88,0.874,0.877,81667.15
2026-07-05 17:00:00+00:00,0.877,0.883,0.876,0.878,191507.09
2026-07-05 18:00:00+00:00,0.878,0.885,0.877,0.882,79181.39
2026-07-05 19:00:00+00:00,0.881,0.885,0.88,0.882,74505.3
2026-07-05 20:00:00+00:00,0.883,0.883,0.88,0.882,41089.75
2026-07-05 21:00:00+00:00,0.881,0.886,0.876,0.882,207918.15
2026-07-05 22:00:00+00:00,0.881,0.891,0.88,0.885,224192.77
2026-07-05 23:00:00+00:00,0.885,0.891,0.879,0.881,129413.55
2026-07-06 00:00:00+00:00,0.882,0.882,0.874,0.882,156492.37
2026-07-06 01:00:00+00:00,0.883,0.888,0.879,0.88,142581.2
2026-07-06 02:00:00+00:00,0.88,0.882,0.875,0.878,164414.9
2026-07-06 03:00:00+00:00,0.878,0.878,0.871,0.873,184732.74
2026-07-06 04:00:00+00:00,0.873,0.875,0.869,0.87,174777.64
2026-07-06 05:00:00+00:00,0.87,0.871,0.86,0.864,306218.28
2026-07-06 06:00:00+00:00,0.864,0.867,0.862,0.866,255060.3
2026-07-06 07:00:00+00:00,0.866,0.87,0.865,0.868,118792.26
2026-07-06 08:00:00+00:00,0.869,0.872,0.866,0.868,227457.39
2026-07-06 09:00:00+00:00,0.867,0.867,0.861,0.864,228381.76
2026-07-06 10:00:00+00:00,0.864,0.871,0.863,0.869,146639.11
2026-07-06 11:00:00+00:00,0.869,0.87,0.862,0.862,115857.76
2026-07-06 12:00:00+00:00,0.862,0.862,0.848,0.854,594890.75
2026-07-06 13:00:00+00:00,0.853,0.866,0.849,0.861,409151.12
2026-07-06 14:00:00+00:00,0.861,0.868,0.859,0.862,326647.58
2026-07-06 15:00:00+00:00,0.863,0.884,0.862,0.881,567955.21
2026-07-06 16:00:00+00:00,0.881,0.898,0.879,0.89,970039.93
2026-07-06 17:00:00+00:00,0.89,0.895,0.884,0.887,267824.47
2026-07-06 18:00:00+00:00,0.888,0.894,0.885,0.889,236670.72
2026-07-06 19:00:00+00:00,0.89,0.893,0.887,0.889,359905.1
2026-07-06 20:00:00+00:00,0.89,0.89,0.885,0.887,118075.47
2026-07-06 21:00:00+00:00,0.886,0.908,0.886,0.897,737398.64
2026-07-06 22:00:00+00:00,0.897,0.898,0.889,0.89,94431.79
2026-07-06 23:00:00+00:00,0.89,0.892,0.885,0.885,129338.96
2026-07-07 00:00:00+00:00,0.886,0.887,0.882,0.885,132809.05
2026-07-07 01:00:00+00:00,0.885,0.885,0.878,0.881,159095.94
2026-07-07 02:00:00+00:00,0.881,0.882,0.869,0.869,234695.76
2026-07-07 03:00:00+00:00,0.869,0.87,0.857,0.86,377622.08
2026-07-07 04:00:00+00:00,0.86,0.862,0.858,0.861,189845.49
2026-07-07 05:00:00+00:00,0.86,0.866,0.853,0.865,831586.11
2026-07-07 06:00:00+00:00,0.864,0.87,0.863,0.869,1124522.8
2026-07-07 07:00:00+00:00,0.869,0.869,0.861,0.861,168210.11
2026-07-07 08:00:00+00:00,0.862,0.865,0.86,0.862,120528.52
2026-07-07 09:00:00+00:00,0.862,0.865,0.861,0.863,108548.74
2026-07-07 10:00:00+00:00,0.864,0.867,0.861,0.863,186615.7
2026-07-07 11:00:00+00:00,0.863,0.867,0.86,0.866,286719.14
2026-07-07 12:00:00+00:00,0.866,0.873,0.866,0.866,209097.95
2026-07-07 13:00:00+00:00,0.866,0.867,0.859,0.86,682479.02
2026-07-07 14:00:00+00:00,0.86,0.866,0.851,0.866,309039.07
2026-07-07 15:00:00+00:00,0.865,0.876,0.863,0.874,392443.28
2026-07-07 16:00:00+00:00,0.874,0.878,0.868,0.874,437411.65
2026-07-07 17:00:00+00:00,0.875,0.876,0.87,0.874,198119.78
2026-07-07 18:00:00+00:00,0.875,0.875,0.861,0.862,320942.63
2026-07-07 19:00:00+00:00,0.861,0.865,0.855,0.865,374103.09
2026-07-07 20:00:00+00:00,0.865,0.866,0.856,0.858,192308.24
2026-07-07 21:00:00+00:00,0.858,0.861,0.851,0.853,221987.3
2026-07-07 22:00:00+00:00,0.853,0.855,0.846,0.854,339788.29
2026-07-07 23:00:00+00:00,0.853,0.855,0.85,0.85,173459.82
2026-07-08 00:00:00+00:00,0.851,0.857,0.85,0.856,306919.95
2026-07-08 01:00:00+00:00,0.857,0.857,0.84,0.841,435232.61
2026-07-08 02:00:00+00:00,0.841,0.842,0.83,0.835,460595.99
2026-07-08 03:00:00+00:00,0.835,0.839,0.832,0.833,214474.96
2026-07-08 04:00:00+00:00,0.833,0.837,0.831,0.836,142754.36
2026-07-08 05:00:00+00:00,0.835,0.839,0.833,0.835,167297.56
2026-07-08 06:00:00+00:00,0.835,0.836,0.831,0.835,182458.14
2026-07-08 07:00:00+00:00,0.836,0.842,0.832,0.84,281270.47
2026-07-08 08:00:00+00:00,0.841,0.842,0.822,0.826,787399.54
2026-07-08 09:00:00+00:00,0.827,0.829,0.822,0.826,167254.86
2026-07-08 10:00:00+00:00,0.826,0.834,0.825,0.833,118732.55
2026-07-08 11:00:00+00:00,0.833,0.838,0.83,0.834,402459.32
2026-07-08 12:00:00+00:00,0.833,0.835,0.829,0.829,203374.26
2026-07-08 13:00:00+00:00,0.829,0.833,0.823,0.83,428245.74
2026-07-08 14:00:00+00:00,0.83,0.832,0.819,0.822,665766.71
2026-07-08 15:00:00+00:00,0.823,0.823,0.815,0.82,292100.01
2026-07-08 16:00:00+00:00,0.821,0.829,0.819,0.828,399429.08
2026-07-08 17:00:00+00:00,0.829,0.832,0.824,0.825,195416.47
2026-07-08 18:00:00+00:00,0.825,0.829,0.823,0.828,224416.65
2026-07-08 19:00:00+00:00,0.828,0.828,0.823,0.826,135082.55
2026-07-08 20:00:00+00:00,0.826,0.827,0.821,0.822,310854.65
2026-07-08 21:00:00+00:00,0.821,0.826,0.818,0.825,202425.66
2026-07-08 22:00:00+00:00,0.824,0.828,0.824,0.825,230685.93
2026-07-08 23:00:00+00:00,0.825,0.827,0.823,0.827,172075.1
2026-07-09 00:00:00+00:00,0.827,0.828,0.823,0.825,164623.81
2026-07-09 01:00:00+00:00,0.826,0.835,0.825,0.827,202415.88
2026-07-09 02:00:00+00:00,0.827,0.832,0.824,0.824,137998.38
2026-07-09 03:00:00+00:00,0.823,0.828,0.821,0.827,148048.41
2026-07-09 04:00:00+00:00,0.827,0.835,0.825,0.834,188920.26
2026-07-09 05:00:00+00:00,0.835,0.839,0.832,0.837,249800.07
2026-07-09 06:00:00+00:00,0.837,0.839,0.834,0.837,236017.13
2026-07-09 07:00:00+00:00,0.837,0.84,0.832,0.835,284281.52
2026-07-09 08:00:00+00:00,0.835,0.836,0.833,0.833,311075.22
2026-07-09 09:00:00+00:00,0.834,0.834,0.829,0.831,108162.68
2026-07-09 10:00:00+00:00,0.832,0.832,0.827,0.83,114991.29
2026-07-09 11:00:00+00:00,0.83,0.834,0.83,0.833,145869.97
2026-07-09 12:00:00+00:00,0.833,0.834,0.828,0.829,430612.75
2026-07-09 13:00:00+00:00,0.829,0.835,0.825,0.835,157946.36
2026-07-09 14:00:00+00:00,0.835,0.835,0.828,0.833,377136.54
2026-07-09 15:00:00+00:00,0.833,0.834,0.827,0.829,183159.7
2026-07-09 16:00:00+00:00,0.829,0.831,0.824,0.827,169141.42
2026-07-09 17:00:00+00:00,0.826,0.831,0.825,0.83,163567.12
2026-07-09 18:00:00+00:00,0.83,0.834,0.829,0.83,262691.91
2026-07-09 19:00:00+00:00,0.83,0.83,0.825,0.826,170244.33
2026-07-09 20:00:00+00:00,0.826,0.829,0.824,0.827,105587.47
2026-07-09 21:00:00+00:00,0.826,0.828,0.825,0.827,108504.6
2026-07-09 22:00:00+00:00,0.827,0.829,0.825,0.828,51444.52
2026-07-09 23:00:00+00:00,0.827,0.829,0.823,0.826,79119.8
2026-07-10 00:00:00+00:00,0.827,0.827,0.821,0.825,140953.52
2026-07-10 01:00:00+00:00,0.825,0.842,0.823,0.836,512257.88
2026-07-10 02:00:00+00:00,0.837,0.843,0.834,0.841,172910.92
2026-07-10 03:00:00+00:00,0.841,0.849,0.839,0.845,341598.86
2026-07-10 04:00:00+00:00,0.846,0.847,0.842,0.844,96068.31
2026-07-10 05:00:00+00:00,0.843,0.851,0.843,0.85,227574.86
2026-07-10 06:00:00+00:00,0.849,0.853,0.842,0.844,469259.59
2026-07-10 07:00:00+00:00,0.843,0.849,0.842,0.848,311415.9
2026-07-10 08:00:00+00:00,0.847,0.861,0.846,0.858,433879.39
2026-07-10 09:00:00+00:00,0.858,0.893,0.853,0.882,1621706.43
2026-07-10 10:00:00+00:00,0.883,0.895,0.875,0.883,1459965.63
2026-07-10 11:00:00+00:00,0.882,0.888,0.876,0.884,682989.68
2026-07-10 12:00:00+00:00,0.885,0.889,0.875,0.876,881667.05
2026-07-10 13:00:00+00:00,0.876,0.888,0.876,0.885,429552.23
2026-07-10 14:00:00+00:00,0.886,0.888,0.869,0.87,747457.87
2026-07-10 15:00:00+00:00,0.871,0.877,0.867,0.875,416230.63
2026-07-10 16:00:00+00:00,0.874,0.886,0.871,0.883,447810.42
2026-07-10 17:00:00+00:00,0.883,0.884,0.876,0.876,556703.56
2026-07-10 18:00:00+00:00,0.877,0.88,0.868,0.869,296050.39
2026-07-10 19:00:00+00:00,0.868,0.877,0.868,0.874,242554.93
2026-07-10 20:00:00+00:00,0.873,0.875,0.869,0.871,193700.63
2026-07-10 21:00:00+00:00,0.871,0.883,0.87,0.88,176158.32
2026-07-10 22:00:00+00:00,0.88,0.881,0.877,0.878,126483.32
2026-07-10 23:00:00+00:00,0.878,0.88,0.876,0.877,139125.4
2026-07-11 00:00:00+00:00,0.876,0.884,0.871,0.882,275866.71
2026-07-11 01:00:00+00:00,0.882,0.882,0.876,0.878,76932.87
2026-07-11 02:00:00+00:00,0.879,0.882,0.876,0.879,109963.75
2026-07-11 03:00:00+00:00,0.88,0.885,0.878,0.883,180872.37
2026-07-11 04:00:00+00:00,0.884,0.886,0.877,0.879,124780.43
2026-07-11 05:00:00+00:00,0.879,0.882,0.876,0.877,119618.1
2026-07-11 06:00:00+00:00,0.877,0.88,0.875,0.878,160729.39
2026-07-11 07:00:00+00:00,0.877,0.878,0.875,0.875,80526.67
2026-07-11 08:00:00+00:00,0.876,0.881,0.874,0.88,105395.82
2026-07-11 09:00:00+00:00,0.88,0.883,0.877,0.88,91697.17
2026-07-11 10:00:00+00:00,0.88,0.887,0.876,0.878,316584.93
2026-07-11 11:00:00+00:00,0.878,0.882,0.877,0.879,105390.1
2026-07-11 12:00:00+00:00,0.88,0.881,0.877,0.879,134570.08
2026-07-11 13:00:00+00:00,0.878,0.881,0.875,0.878,153204.5
2026-07-11 14:00:00+00:00,0.878,0.883,0.877,0.879,170587.01
2026-07-11 15:00:00+00:00,0.879,0.887,0.877,0.88,350282.56
2026-07-11 16:00:00+00:00,0.879,0.881,0.876,0.881,129738.72
2026-07-11 17:00:00+00:00,0.88,0.883,0.879,0.88,82858.0
2026-07-11 18:00:00+00:00,0.88,0.883,0.879,0.88,68405.74
2026-07-11 19:00:00+00:00,0.881,0.882,0.877,0.88,104819.5
2026-07-11 20:00:00+00:00,0.88,0.884,0.879,0.882,46756.77
2026-07-11 21:00:00+00:00,0.883,0.885,0.875,0.877,96592.8
2026-07-11 22:00:00+00:00,0.877,0.878,0.864,0.866,538557.56
2026-07-11 23:00:00+00:00,0.865,0.867,0.85,0.854,448128.07
2026-07-12 00:00:00+00:00,0.853,0.855,0.845,0.852,599520.12
2026-07-12 01:00:00+00:00,0.852,0.86,0.851,0.859,292485.88
2026-07-12 02:00:00+00:00,0.858,0.859,0.854,0.855,124982.41
2026-07-12 03:00:00+00:00,0.855,0.859,0.854,0.858,108723.24
2026-07-12 04:00:00+00:00,0.858,0.859,0.853,0.854,101579.8
2026-07-12 05:00:00+00:00,0.855,0.856,0.849,0.854,154661.23
2026-07-12 06:00:00+00:00,0.853,0.854,0.845,0.847,174118.29
2026-07-12 07:00:00+00:00,0.847,0.849,0.846,0.847,90650.87
2026-07-12 08:00:00+00:00,0.848,0.852,0.847,0.849,120571.13
2026-07-12 09:00:00+00:00,0.85,0.85,0.843,0.848,195099.08
2026-07-12 10:00:00+00:00,0.848,0.849,0.844,0.846,115183.45
2026-07-12 11:00:00+00:00,0.847,0.851,0.843,0.849,175613.62
2026-07-12 12:00:00+00:00,0.849,0.851,0.846,0.846,68618.93
2026-07-12 13:00:00+00:00,0.846,0.847,0.842,0.843,76666.84
2026-07-12 14:00:00+00:00,0.842,0.847,0.84,0.846,278907.09
2026-07-12 15:00:00+00:00,0.845,0.847,0.843,0.846,166312.8
2026-07-12 16:00:00+00:00,0.845,0.846,0.843,0.845,83817.11
2026-07-12 17:00:00+00:00,0.845,0.845,0.834,0.837,274213.84
2026-07-12 18:00:00+00:00,0.838,0.844,0.836,0.844,337659.44
2026-07-12 19:00:00+00:00,0.843,0.845,0.843,0.845,92605.71
2026-07-12 20:00:00+00:00,0.845,0.852,0.844,0.852,202485.43
2026-07-12 21:00:00+00:00,0.852,0.854,0.848,0.849,196119.35
2026-07-12 22:00:00+00:00,0.849,0.849,0.843,0.846,233257.55
2026-07-12 23:00:00+00:00,0.846,0.847,0.844,0.844,161087.71
2026-07-13 00:00:00+00:00,0.844,0.86,0.842,0.848,729319.82
2026-07-13 01:00:00+00:00,0.848,0.848,0.831,0.832,389543.22
2026-07-13 02:00:00+00:00,0.832,0.838,0.83,0.834,427149.86
2026-07-13 03:00:00+00:00,0.833,0.835,0.825,0.83,262476.39
2026-07-13 04:00:00+00:00,0.829,0.832,0.827,0.83,154058.56
2026-07-13 05:00:00+00:00,0.83,0.836,0.828,0.834,231575.5
2026-07-13 06:00:00+00:00,0.835,0.835,0.831,0.833,112770.72
2026-07-13 07:00:00+00:00,0.834,0.839,0.832,0.838,170925.87
2026-07-13 08:00:00+00:00,0.839,0.839,0.831,0.836,107809.02
2026-07-13 09:00:00+00:00,0.837,0.837,0.832,0.832,92016.51
2026-07-13 10:00:00+00:00,0.833,0.837,0.831,0.834,97746.18
2026-07-13 11:00:00+00:00,0.834,0.838,0.83,0.832,326457.07
2026-07-13 12:00:00+00:00,0.832,0.836,0.828,0.83,364922.18
2026-07-13 13:00:00+00:00,0.83,0.831,0.826,0.828,270292.7
2026-07-13 14:00:00+00:00,0.829,0.838,0.825,0.838,635746.55
2026-07-13 15:00:00+00:00,0.838,0.84,0.835,0.838,134253.15
2026-07-13 16:00:00+00:00,0.838,0.843,0.834,0.838,460724.92
2026-07-13 17:00:00+00:00,0.839,0.841,0.826,0.827,230089.34
2026-07-13 18:00:00+00:00,0.827,0.832,0.827,0.83,91990.59
2026-07-13 19:00:00+00:00,0.831,0.841,0.83,0.84,278819.66
2026-07-13 20:00:00+00:00,0.841,0.841,0.833,0.835,206829.05
2026-07-13 21:00:00+00:00,0.836,0.836,0.828,0.832,298019.03
2026-07-13 22:00:00+00:00,0.832,0.835,0.83,0.83,62016.3
2026-07-13 23:00:00+00:00,0.831,0.838,0.83,0.836,158885.67
2026-07-14 00:00:00+00:00,0.837,0.843,0.836,0.841,501268.96
2026-07-14 01:00:00+00:00,0.842,0.842,0.834,0.835,115205.68
2026-07-14 02:00:00+00:00,0.835,0.836,0.83,0.832,279250.81
2026-07-14 03:00:00+00:00,0.832,0.836,0.828,0.836,232623.13
2026-07-14 04:00:00+00:00,0.835,0.839,0.835,0.836,99349.9
2026-07-14 05:00:00+00:00,0.837,0.849,0.836,0.845,535512.33
2026-07-14 06:00:00+00:00,0.845,0.847,0.839,0.84,467452.28
2026-07-14 07:00:00+00:00,0.841,0.849,0.84,0.844,319947.99
2026-07-14 08:00:00+00:00,0.844,0.847,0.842,0.844,108590.03
2026-07-14 09:00:00+00:00,0.843,0.85,0.843,0.844,234361.73
2026-07-14 10:00:00+00:00,0.844,0.846,0.839,0.842,356640.57
2026-07-14 11:00:00+00:00,0.842,0.843,0.837,0.837,360373.92
2026-07-14 12:00:00+00:00,0.836,0.848,0.834,0.843,1195453.3
2026-07-14 13:00:00+00:00,0.843,0.854,0.842,0.85,672578.64
2026-07-14 14:00:00+00:00,0.85,0.854,0.846,0.852,507224.3
2026-07-14 15:00:00+00:00,0.852,0.86,0.85,0.853,587896.91
2026-07-14 16:00:00+00:00,0.853,0.859,0.851,0.856,403621.39
2026-07-14 17:00:00+00:00,0.855,0.856,0.848,0.854,366335.44
2026-07-14 18:00:00+00:00,0.854,0.856,0.849,0.85,231274.62
2026-07-14 19:00:00+00:00,0.849,0.851,0.845,0.85,220690.11
2026-07-14 20:00:00+00:00,0.85,0.851,0.844,0.846,75792.62
2026-07-14 21:00:00+00:00,0.847,0.853,0.846,0.85,143533.21
2026-07-14 22:00:00+00:00,0.85,0.854,0.846,0.851,193501.29
2026-07-14 23:00:00+00:00,0.851,0.853,0.848,0.852,317785.05
2026-07-15 00:00:00+00:00,0.853,0.858,0.851,0.856,378550.38
2026-07-15 01:00:00+00:00,0.856,0.86,0.854,0.857,235308.98
2026-07-15 02:00:00+00:00,0.857,0.859,0.851,0.852,151602.77
2026-07-15 03:00:00+00:00,0.852,0.857,0.849,0.855,253194.94
2026-07-15 04:00:00+00:00,0.855,0.856,0.85,0.852,80354.09
2026-07-15 05:00:00+00:00,0.853,0.855,0.847,0.855,94173.66
2026-07-15 06:00:00+00:00,0.856,0.862,0.854,0.857,131194.31
2026-07-15 07:00:00+00:00,0.857,0.858,0.851,0.853,219296.41
2026-07-15 08:00:00+00:00,0.854,0.855,0.85,0.853,69312.59
2026-07-15 09:00:00+00:00,0.854,0.857,0.85,0.852,207108.21
2026-07-15 10:00:00+00:00,0.852,0.855,0.85,0.851,81726.03
2026-07-15 11:00:00+00:00,0.852,0.854,0.848,0.853,105518.4
2026-07-15 12:00:00+00:00,0.853,0.864,0.85,0.863,703290.6
2026-07-15 13:00:00+00:00,0.862,0.869,0.856,0.861,764343.01
2026-07-15 14:00:00+00:00,0.861,0.863,0.856,0.86,199965.15
2026-07-15 15:00:00+00:00,0.86,0.861,0.855,0.857,242034.09
2026-07-15 16:00:00+00:00,0.856,0.857,0.842,0.849,645393.23
2026-07-15 17:00:00+00:00,0.848,0.855,0.848,0.854,149387.68
2026-07-15 18:00:00+00:00,0.855,0.858,0.853,0.855,329866.54
2026-07-15 19:00:00+00:00,0.856,0.858,0.838,0.841,811909.61
2026-07-15 20:00:00+00:00,0.841,0.848,0.84,0.846,173834.94
2026-07-15 21:00:00+00:00,0.846,0.849,0.845,0.846,288887.25
2026-07-15 22:00:00+00:00,0.846,0.851,0.846,0.847,134905.75
2026-07-15 23:00:00+00:00,0.848,0.849,0.845,0.847,87221.28
2026-07-16 00:00:00+00:00,0.847,0.849,0.841,0.844,230335.11
2026-07-16 01:00:00+00:00,0.843,0.846,0.838,0.845,143750.2
2026-07-16 02:00:00+00:00,0.845,0.849,0.843,0.849,66503.71
2026-07-16 03:00:00+00:00,0.848,0.851,0.846,0.85,151899.35
2026-07-16 04:00:00+00:00,0.85,0.851,0.841,0.842,318294.66
2026-07-16 05:00:00+00:00,0.843,0.847,0.842,0.846,172932.65
2026-07-16 06:00:00+00:00,0.846,0.846,0.838,0.842,243251.88
2026-07-16 07:00:00+00:00,0.841,0.842,0.832,0.836,271982.48
2026-07-16 08:00:00+00:00,0.836,0.839,0.828,0.834,523809.81
2026-07-16 09:00:00+00:00,0.835,0.839,0.835,0.838,103367.2
2026-07-16 10:00:00+00:00,0.837,0.841,0.837,0.841,41564.92
2026-07-16 11:00:00+00:00,0.84,0.842,0.838,0.84,278049.64
2026-07-16 12:00:00+00:00,0.839,0.841,0.835,0.836,181936.6
2026-07-16 13:00:00+00:00,0.837,0.848,0.835,0.847,300351.96
2026-07-16 14:00:00+00:00,0.848,0.852,0.847,0.851,231996.08
2026-07-16 15:00:00+00:00,0.851,0.86,0.845,0.854,402330.79
2026-07-16 16:00:00+00:00,0.855,0.858,0.843,0.847,533741.84
2026-07-16 17:00:00+00:00,0.847,0.852,0.841,0.848,308021.48
2026-07-16 18:00:00+00:00,0.848,0.856,0.848,0.855,239394.06
2026-07-16 19:00:00+00:00,0.854,0.858,0.851,0.857,165335.42
2026-07-16 20:00:00+00:00,0.857,0.861,0.852,0.852,148999.94
2026-07-16 21:00:00+00:00,0.852,0.874,0.852,0.869,577840.56
2026-07-16 22:00:00+00:00,0.869,0.872,0.855,0.857,391281.95
2026-07-16 23:00:00+00:00,0.858,0.859,0.852,0.859,188739.67
2026-07-17 00:00:00+00:00,0.859,0.867,0.856,0.865,367864.07
2026-07-17 01:00:00+00:00,0.866,0.869,0.86,0.861,497142.36
2026-07-17 02:00:00+00:00,0.862,0.866,0.853,0.855,265189.54
2026-07-17 03:00:00+00:00,0.855,0.866,0.855,0.86,349770.54
2026-07-17 04:00:00+00:00,0.859,0.862,0.856,0.86,159314.6
2026-07-17 05:00:00+00:00,0.859,0.86,0.844,0.847,371810.54
2026-07-17 06:00:00+00:00,0.846,0.852,0.844,0.852,301413.33
2026-07-17 07:00:00+00:00,0.852,0.858,0.849,0.85,552151.56
2026-07-17 08:00:00+00:00,0.85,0.855,0.842,0.851,366597.81
2026-07-17 09:00:00+00:00,0.85,0.857,0.85,0.855,216017.64
2026-07-17 10:00:00+00:00,0.855,0.862,0.855,0.859,352739.47
2026-07-17 11:00:00+00:00,0.858,0.859,0.853,0.853,112833.56
2026-07-17 12:00:00+00:00,0.854,0.855,0.846,0.846,115820.61
2026-07-17 13:00:00+00:00,0.846,0.846,0.834,0.844,532845.02
2026-07-17 14:00:00+00:00,0.845,0.85,0.843,0.846,293003.54
2026-07-17 15:00:00+00:00,0.846,0.85,0.839,0.85,506789.64
2026-07-17 16:00:00+00:00,0.85,0.865,0.847,0.857,925499.2
2026-07-17 17:00:00+00:00,0.858,0.864,0.85,0.851,536477.47
2026-07-17 18:00:00+00:00,0.85,0.858,0.849,0.856,237154.54
2026-07-17 19:00:00+00:00,0.857,0.858,0.851,0.853,73296.69
2026-07-17 20:00:00+00:00,0.853,0.856,0.851,0.853,84732.07
2026-07-17 21:00:00+00:00,0.853,0.857,0.85,0.851,118130.4
2026-07-17 22:00:00+00:00,0.851,0.852,0.848,0.849,83621.99
2026-07-17 23:00:00+00:00,0.849,0.851,0.848,0.849,80234.27
2026-07-18 00:00:00+00:00,0.85,0.854,0.848,0.851,117017.78
2026-07-18 01:00:00+00:00,0.851,0.852,0.848,0.849,73289.13
2026-07-18 02:00:00+00:00,0.848,0.85,0.847,0.849,44365.07
2026-07-18 03:00:00+00:00,0.848,0.852,0.847,0.852,50535.69
2026-07-18 04:00:00+00:00,0.852,0.853,0.849,0.85,54411.58
2026-07-18 05:00:00+00:00,0.85,0.85,0.844,0.846,103575.02
2026-07-18 06:00:00+00:00,0.846,0.849,0.844,0.846,92322.15
2026-07-18 07:00:00+00:00,0.847,0.848,0.841,0.844,255565.95
2026-07-18 08:00:00+00:00,0.844,0.845,0.841,0.843,82762.03
2026-07-18 09:00:00+00:00,0.844,0.844,0.836,0.837,164044.97
2026-07-18 10:00:00+00:00,0.838,0.839,0.836,0.837,72746.32
2026-07-18 11:00:00+00:00,0.836,0.839,0.836,0.838,84648.55
2026-07-18 12:00:00+00:00,0.838,0.84,0.835,0.839,318057.5
2026-07-18 13:00:00+00:00,0.838,0.839,0.834,0.836,132878.37
2026-07-18 14:00:00+00:00,0.836,0.836,0.83,0.834,255635.02
2026-07-18 15:00:00+00:00,0.835,0.835,0.831,0.832,258579.02
2026-07-18 16:00:00+00:00,0.833,0.835,0.83,0.832,242303.52
2026-07-18 17:00:00+00:00,0.833,0.838,0.831,0.837,123943.04
2026-07-18 18:00:00+00:00,0.836,0.841,0.835,0.835,351945.06
2026-07-18 19:00:00+00:00,0.836,0.837,0.834,0.836,80752.91
2026-07-18 20:00:00+00:00,0.836,0.838,0.834,0.836,68974.73
2026-07-18 21:00:00+00:00,0.837,0.838,0.835,0.837,198696.15
2026-07-18 22:00:00+00:00,0.838,0.838,0.835,0.836,109318.85
2026-07-18 23:00:00+00:00,0.837,0.839,0.834,0.839,387489.55
2026-07-19 00:00:00+00:00,0.839,0.841,0.833,0.834,417420.44
2026-07-19 01:00:00+00:00,0.835,0.835,0.832,0.834,77105.59
2026-07-19 02:00:00+00:00,0.834,0.84,0.834,0.838,157426.12
2026-07-19 03:00:00+00:00,0.839,0.839,0.834,0.837,48865.83
2026-07-19 04:00:00+00:00,0.838,0.841,0.836,0.838,210168.57
2026-07-19 05:00:00+00:00,0.838,0.839,0.836,0.836,50039.82
2026-07-19 06:00:00+00:00,0.836,0.84,0.834,0.838,105242.12
2026-07-19 07:00:00+00:00,0.839,0.84,0.836,0.837,57826.66
2026-07-19 08:00:00+00:00,0.838,0.839,0.834,0.835,71162.69
2026-07-19 09:00:00+00:00,0.835,0.837,0.83,0.833,145252.16
2026-07-19 10:00:00+00:00,0.832,0.836,0.831,0.833,93470.86
2026-07-19 11:00:00+00:00,0.834,0.834,0.83,0.831,82816.57
2026-07-19 12:00:00+00:00,0.83,0.831,0.823,0.828,703036.11
2026-07-19 13:00:00+00:00,0.827,0.827,0.823,0.826,467343.06
2026-07-19 14:00:00+00:00,0.825,0.83,0.824,0.826,232680.95
2026-07-19 15:00:00+00:00,0.826,0.827,0.821,0.825,436569.75
2026-07-19 16:00:00+00:00,0.825,0.826,0.822,0.822,151919.14
2026-07-19 17:00:00+00:00,0.822,0.823,0.806,0.818,1114850.65
2026-07-19 18:00:00+00:00,0.818,0.818,0.81,0.813,325280.02
2026-07-19 19:00:00+00:00,0.814,0.817,0.811,0.817,254469.87
2026-07-19 20:00:00+00:00,0.817,0.818,0.815,0.817,206189.85
2026-07-19 21:00:00+00:00,0.818,0.818,0.815,0.816,69782.54
2026-07-19 22:00:00+00:00,0.816,0.821,0.812,0.819,281891.5
2026-07-19 23:00:00+00:00,0.818,0.82,0.815,0.82,90689.99
2026-07-20 00:00:00+00:00,0.82,0.827,0.812,0.814,454508.81
2026-07-20 01:00:00+00:00,0.814,0.821,0.808,0.81,315093.04
2026-07-20 02:00:00+00:00,0.81,0.815,0.809,0.814,176910.14
2026-07-20 03:00:00+00:00,0.815,0.817,0.812,0.814,111745.9
2026-07-20 04:00:00+00:00,0.815,0.816,0.809,0.812,92632.71
2026-07-20 05:00:00+00:00,0.812,0.813,0.803,0.808,273056.22
2026-07-20 06:00:00+00:00,0.809,0.81,0.802,0.805,179868.89
2026-07-20 07:00:00+00:00,0.805,0.809,0.802,0.807,181555.5
2026-07-20 08:00:00+00:00,0.808,0.809,0.801,0.804,263531.25
2026-07-20 09:00:00+00:00,0.803,0.807,0.803,0.806,150109.58
2026-07-20 10:00:00+00:00,0.806,0.811,0.805,0.809,218085.03
2026-07-20 11:00:00+00:00,0.809,0.817,0.805,0.816,416246.45
2026-07-20 12:00:00+00:00,0.817,0.818,0.812,0.812,210008.78
2026-07-20 13:00:00+00:00,0.812,0.818,0.811,0.813,113498.05
2026-07-20 14:00:00+00:00,0.813,0.816,0.809,0.811,119027.34
2026-07-20 15:00:00+00:00,0.812,0.826,0.811,0.822,347175.92
2026-07-20 16:00:00+00:00,0.823,0.828,0.817,0.82,430669.14
2026-07-20 17:00:00+00:00,0.82,0.827,0.819,0.824,424787.5
2026-07-20 18:00:00+00:00,0.824,0.828,0.821,0.822,114526.91
2026-07-20 19:00:00+00:00,0.823,0.826,0.821,0.824,184887.2
2026-07-20 20:00:00+00:00,0.824,0.83,0.823,0.829,121288.91
2026-07-20 21:00:00+00:00,0.828,0.832,0.826,0.826,486856.99
2026-07-20 22:00:00+00:00,0.825,0.826,0.82,0.824,93541.0
2026-07-20 23:00:00+00:00,0.824,0.831,0.823,0.827,103804.84
2026-07-21 00:00:00+00:00,0.826,0.831,0.825,0.829,133347.12
2026-07-21 01:00:00+00:00,0.829,0.832,0.827,0.827,87055.0
2026-07-21 02:00:00+00:00,0.827,0.834,0.824,0.832,113977.53
2026-07-21 03:00:00+00:00,0.833,0.838,0.833,0.838,80744.95
2026-07-21 04:00:00+00:00,0.839,0.84,0.832,0.836,101670.9
2026-07-21 05:00:00+00:00,0.835,0.848,0.835,0.846,250912.83
2026-07-21 06:00:00+00:00,0.847,0.864,0.847,0.857,734842.74
2026-07-21 07:00:00+00:00,0.857,0.863,0.853,0.856,608404.92
2026-07-21 08:00:00+00:00,0.856,0.86,0.855,0.858,504286.34
2026-07-21 09:00:00+00:00,0.857,0.867,0.856,0.866,623702.52
2026-07-21 10:00:00+00:00,0.866,0.869,0.858,0.862,418414.38
2026-07-21 11:00:00+00:00,0.862,0.863,0.855,0.858,212954.23
2026-07-21 12:00:00+00:00,0.858,0.861,0.855,0.86,128253.1
2026-07-21 13:00:00+00:00,0.86,0.863,0.857,0.86,841730.66
2026-07-21 14:00:00+00:00,0.861,0.864,0.856,0.859,306279.66
2026-07-21 15:00:00+00:00,0.859,0.86,0.852,0.857,235010.88
2026-07-21 16:00:00+00:00,0.857,0.857,0.851,0.852,156177.02
2026-07-21 17:00:00+00:00,0.853,0.857,0.85,0.855,297086.45
2026-07-21 18:00:00+00:00,0.856,0.857,0.852,0.855,113454.38
2026-07-21 19:00:00+00:00,0.856,0.859,0.853,0.856,109413.21
2026-07-21 20:00:00+00:00,0.856,0.856,0.85,0.85,66124.16
2026-07-21 21:00:00+00:00,0.851,0.856,0.849,0.852,94768.4
2026-07-21 22:00:00+00:00,0.851,0.851,0.846,0.847,232498.7
2026-07-21 23:00:00+00:00,0.847,0.848,0.843,0.847,169073.35
2026-07-22 00:00:00+00:00,0.848,0.853,0.847,0.853,339336.32
2026-07-22 01:00:00+00:00,0.852,0.853,0.849,0.853,52857.05
2026-07-22 02:00:00+00:00,0.853,0.857,0.852,0.854,207610.45
2026-07-22 03:00:00+00:00,0.854,0.858,0.848,0.848,798775.85
2026-07-22 04:00:00+00:00,0.848,0.856,0.848,0.855,121535.71
2026-07-22 05:00:00+00:00,0.854,0.855,0.842,0.844,268989.58
2026-07-22 06:00:00+00:00,0.844,0.844,0.839,0.841,99018.67
2026-07-22 07:00:00+00:00,0.841,0.842,0.838,0.84,258336.53
2026-07-22 08:00:00+00:00,0.841,0.844,0.84,0.843,78496.97
2026-07-22 09:00:00+00:00,0.842,0.843,0.836,0.838,151673.87
2026-07-22 10:00:00+00:00,0.838,0.842,0.837,0.841,81540.53
2026-07-22 11:00:00+00:00,0.841,0.841,0.837,0.838,144314.44
2026-07-22 12:00:00+00:00,0.838,0.839,0.834,0.836,205209.8
2026-07-22 13:00:00+00:00,0.837,0.842,0.834,0.841,196518.71
2026-07-22 14:00:00+00:00,0.841,0.847,0.836,0.839,122601.84
2026-07-22 15:00:00+00:00,0.84,0.846,0.839,0.844,68956.92
2026-07-22 16:00:00+00:00,0.845,0.853,0.843,0.852,311389.78
2026-07-22 17:00:00+00:00,0.853,0.854,0.843,0.845,333165.49
2026-07-22 18:00:00+00:00,0.846,0.846,0.838,0.841,144818.28
2026-07-22 19:00:00+00:00,0.841,0.843,0.836,0.842,99348.97
2026-07-22 20:00:00+00:00,0.841,0.844,0.841,0.843,54777.99
2026-07-22 21:00:00+00:00,0.843,0.844,0.838,0.84,116113.73
2026-07-22 22:00:00+00:00,0.84,0.841,0.835,0.837,79880.8
2026-07-22 23:00:00+00:00,0.837,0.837,0.829,0.836,236512.74
2026-07-23 00:00:00+00:00,0.836,0.842,0.834,0.839,125585.84
2026-07-23 01:00:00+00:00,0.839,0.84,0.831,0.832,84418.13
2026-07-23 02:00:00+00:00,0.832,0.832,0.829,0.832,147588.46
2026-07-23 03:00:00+00:00,0.832,0.832,0.821,0.822,374782.82
2026-07-23 04:00:00+00:00,0.822,0.827,0.82,0.825,68252.76
2026-07-23 05:00:00+00:00,0.825,0.826,0.819,0.821,146643.17
2026-07-23 06:00:00+00:00,0.821,0.824,0.82,0.823,71962.59
2026-07-23 07:00:00+00:00,0.823,0.823,0.818,0.82,234381.22
2026-07-23 08:00:00+00:00,0.82,0.825,0.819,0.822,105067.41
2026-07-23 09:00:00+00:00,0.822,0.823,0.817,0.82,131117.25
2026-07-23 10:00:00+00:00,0.82,0.822,0.819,0.822,98398.58
2026-07-23 11:00:00+00:00,0.823,0.823,0.817,0.819,239014.83
2026-07-23 12:00:00+00:00,0.819,0.824,0.814,0.819,356297.21
2026-07-23 13:00:00+00:00,0.818,0.819,0.813,0.815,338654.5
2026-07-23 14:00:00+00:00,0.814,0.82,0.812,0.816,288230.55
2026-07-23 15:00:00+00:00,0.815,0.816,0.811,0.815,170678.83
2026-07-23 16:00:00+00:00,0.815,0.815,0.81,0.81,99170.1
2026-07-23 17:00:00+00:00,0.81,0.814,0.805,0.807,238431.11
2026-07-23 18:00:00+00:00,0.808,0.817,0.807,0.816,163243.53
2026-07-23 19:00:00+00:00,0.815,0.819,0.812,0.816,157341.05
2026-07-23 20:00:00+00:00,0.816,0.82,0.816,0.817,40717.1
2026-07-23 21:00:00+00:00,0.816,0.82,0.815,0.817,39033.82
2026-07-23 22:00:00+00:00,0.818,0.818,0.813,0.817,65633.76
2026-07-23 23:00:00+00:00,0.817,0.819,0.815,0.815,47966.34
2026-07-24 00:00:00+00:00,0.815,0.817,0.812,0.816,95860.57
2026-07-24 01:00:00+00:00,0.816,0.82,0.815,0.817,45292.77
2026-07-24 02:00:00+00:00,0.816,0.819,0.811,0.814,188330.8
2026-07-24 03:00:00+00:00,0.814,0.818,0.813,0.815,54184.21
2026-07-24 04:00:00+00:00,0.815,0.816,0.812,0.813,64786.42
2026-07-24 05:00:00+00:00,0.814,0.817,0.809,0.811,426745.83
2026-07-24 06:00:00+00:00,0.81,0.813,0.808,0.81,382319.23
2026-07-24 07:00:00+00:00,0.81,0.815,0.808,0.812,630597.85
2026-07-24 08:00:00+00:00,0.811,0.812,0.809,0.81,105970.41
2026-07-24 09:00:00+00:00,0.81,0.811,0.806,0.807,133081.66
2026-07-24 10:00:00+00:00,0.807,0.807,0.802,0.803,219689.68
2026-07-24 11:00:00+00:00,0.802,0.805,0.8,0.804,354967.41
2026-07-24 12:00:00+00:00,0.804,0.805,0.799,0.8,352737.33
2026-07-24 13:00:00+00:00,0.8,0.8,0.787,0.796,720869.58
2026-07-24 14:00:00+00:00,0.796,0.798,0.79,0.797,227128.39
2026-07-24 15:00:00+00:00,0.796,0.801,0.794,0.799,318772.73
2026-07-24 16:00:00+00:00,0.799,0.802,0.798,0.801,325999.12
2026-07-24 17:00:00+00:00,0.801,0.805,0.8,0.804,236086.49
2026-07-24 18:00:00+00:00,0.804,0.808,0.802,0.806,204861.14
2026-07-24 19:00:00+00:00,0.806,0.808,0.805,0.807,81767.27
2026-07-24 20:00:00+00:00,0.807,0.809,0.805,0.806,115276.69
2026-07-24 21:00:00+00:00,0.805,0.811,0.802,0.806,267773.18
2026-07-24 22:00:00+00:00,0.805,0.807,0.803,0.807,102635.81
2026-07-24 23:00:00+00:00,0.806,0.81,0.806,0.808,51590.85
2026-07-25 00:00:00+00:00,0.808,0.81,0.806,0.809,85995.54
2026-07-25 01:00:00+00:00,0.809,0.811,0.808,0.809,63067.33
2026-07-25 02:00:00+00:00,0.809,0.81,0.807,0.809,48725.6
2026-07-25 03:00:00+00:00,0.81,0.813,0.809,0.811,75266.35
2026-07-25 04:00:00+00:00,0.812,0.818,0.811,0.813,127212.84
2026-07-25 05:00:00+00:00,0.813,0.818,0.811,0.816,91478.72
2026-07-25 06:00:00+00:00,0.815,0.817,0.809,0.814,97172.75
2026-07-25 07:00:00+00:00,0.813,0.815,0.81,0.811,77092.93
2026-07-25 08:00:00+00:00,0.811,0.815,0.808,0.812,207178.77
2026-07-25 09:00:00+00:00,0.811,0.82,0.811,0.816,180757.13
2026-07-25 10:00:00+00:00,0.816,0.818,0.813,0.815,64772.1
2026-07-25 11:00:00+00:00,0.815,0.817,0.812,0.815,35765.72
2026-07-25 12:00:00+00:00,0.815,0.819,0.813,0.819,155175.35
2026-07-25 13:00:00+00:00,0.818,0.825,0.817,0.823,100261.32
2026-07-25 14:00:00+00:00,0.823,0.823,0.819,0.822,114437.94
2026-07-25 15:00:00+00:00,0.822,0.824,0.82,0.822,77726.37
2026-07-25 16:00:00+00:00,0.822,0.824,0.82,0.822,83556.75
2026-07-25 17:00:00+00:00,0.823,0.823,0.817,0.817,179241.1
2026-07-25 18:00:00+00:00,0.817,0.82,0.817,0.818,35705.91
2026-07-25 19:00:00+00:00,0.817,0.818,0.816,0.817,106584.88
2026-07-25 20:00:00+00:00,0.817,0.817,0.815,0.815,51956.13
2026-07-25 21:00:00+00:00,0.815,0.82,0.813,0.817,79132.41
2026-07-25 22:00:00+00:00,0.817,0.818,0.815,0.818,57167.16
2026-07-25 23:00:00+00:00,0.818,0.818,0.814,0.814,50748.31
2026-07-26 00:00:00+00:00,0.814,0.818,0.813,0.816,71089.55
2026-07-26 01:00:00+00:00,0.817,0.818,0.815,0.816,44472.11
2026-07-26 02:00:00+00:00,0.816,0.821,0.814,0.82,46747.34
2026-07-26 03:00:00+00:00,0.819,0.822,0.818,0.82,223866.37
2026-07-26 04:00:00+00:00,0.819,0.824,0.818,0.823,183824.33
2026-07-26 05:00:00+00:00,0.823,0.827,0.82,0.824,308480.07
2026-07-26 06:00:00+00:00,0.824,0.826,0.82,0.825,134527.31
2026-07-26 07:00:00+00:00,0.826,0.829,0.823,0.826,125238.6
2026-07-26 08:00:00+00:00,0.826,0.826,0.823,0.825,62753.35
2026-07-26 09:00:00+00:00,0.825,0.83,0.823,0.829,109207.64
2026-07-26 10:00:00+00:00,0.829,0.831,0.824,0.825,145412.35
2026-07-26 11:00:00+00:00,0.825,0.828,0.825,0.825,90194.74
2026-07-26 12:00:00+00:00,0.824,0.829,0.824,0.826,125927.98
2026-07-26 13:00:00+00:00,0.826,0.826,0.821,0.823,206789.1
2026-07-26 14:00:00+00:00,0.823,0.827,0.821,0.822,93010.65
2026-07-26 15:00:00+00:00,0.822,0.826,0.821,0.825,205916.35
2026-07-26 16:00:00+00:00,0.825,0.828,0.821,0.824,95750.72
2026-07-26 17:00:00+00:00,0.823,0.826,0.821,0.821,145579.49
2026-07-26 18:00:00+00:00,0.822,0.822,0.818,0.819,173197.92
2026-07-26 19:00:00+00:00,0.818,0.82,0.817,0.819,66145.97
2026-07-26 20:00:00+00:00,0.819,0.819,0.817,0.818,41477.18
2026-07-26 21:00:00+00:00,0.817,0.82,0.817,0.819,85704.29
2026-07-26 22:00:00+00:00,0.819,0.83,0.819,0.829,262042.87
2026-07-26 23:00:00+00:00,0.829,0.832,0.825,0.828,163497.76
2026-07-27 00:00:00+00:00,0.828,0.829,0.823,0.824,242254.03
2026-07-27 01:00:00+00:00,0.824,0.826,0.814,0.82,168003.19
2026-07-27 02:00:00+00:00,0.821,0.821,0.815,0.817,79067.63
2026-07-27 03:00:00+00:00,0.817,0.82,0.816,0.818,56614.56
2026-07-27 04:00:00+00:00,0.817,0.821,0.815,0.816,126165.07
2026-07-27 05:00:00+00:00,0.815,0.818,0.814,0.817,144247.74
2026-07-27 06:00:00+00:00,0.817,0.821,0.816,0.818,135398.53
2026-07-27 07:00:00+00:00,0.817,0.819,0.815,0.815,81637.18
2026-07-27 08:00:00+00:00,0.815,0.815,0.808,0.81,247301.68
2026-07-27 09:00:00+00:00,0.809,0.812,0.807,0.81,144990.8
2026-07-27 10:00:00+00:00,0.81,0.814,0.81,0.811,291572.04
2026-07-27 11:00:00+00:00,0.811,0.811,0.806,0.807,194218.67
2026-07-27 12:00:00+00:00,0.807,0.81,0.803,0.809,253469.67
2026-07-27 13:00:00+00:00,0.809,0.813,0.805,0.806,141947.03
2026-07-27 14:00:00+00:00,0.807,0.807,0.789,0.795,903624.45
2026-07-27 15:00:00+00:00,0.794,0.796,0.791,0.793,216999.57
2026-07-27 16:00:00+00:00,0.792,0.799,0.791,0.796,553923.19
2026-07-27 17:00:00+00:00,0.796,0.797,0.793,0.795,185673.32
2026-07-27 18:00:00+00:00,0.796,0.796,0.788,0.791,257537.32
2026-07-27 19:00:00+00:00,0.792,0.796,0.791,0.793,83769.16
2026-07-27 20:00:00+00:00,0.794,0.796,0.791,0.793,115280.8
2026-07-27 21:00:00+00:00,0.793,0.794,0.791,0.792,93560.19
2026-07-27 22:00:00+00:00,0.792,0.792,0.752,0.756,2170757.55
2026-07-27 23:00:00+00:00,0.755,0.759,0.748,0.759,638345.06
2026-07-28 00:00:00+00:00,0.759,0.762,0.756,0.759,256633.75
2026-07-28 01:00:00+00:00,0.759,0.761,0.751,0.759,200754.81
2026-07-28 02:00:00+00:00,0.759,0.763,0.758,0.762,94092.62
2026-07-28 03:00:00+00:00,0.763,0.763,0.759,0.762,137537.26
2026-07-28 04:00:00+00:00,0.761,0.764,0.76,0.763,135570.37
2026-07-28 05:00:00+00:00,0.762,0.772,0.762,0.77,375441.25
2026-07-28 06:00:00+00:00,0.771,0.772,0.764,0.765,1344227.99
2026-07-28 07:00:00+00:00,0.765,0.765,0.755,0.759,1171537.37
2026-07-28 08:00:00+00:00,0.759,0.762,0.758,0.761,116978.64
2026-07-28 09:00:00+00:00,0.761,0.765,0.759,0.764,199412.68
2026-07-28 10:00:00+00:00,0.764,0.766,0.761,0.763,142378.89
2026-07-28 11:00:00+00:00,0.763,0.764,0.758,0.76,159024.56
2026-07-28 12:00:00+00:00,0.76,0.765,0.757,0.763,257642.06
2026-07-28 13:00:00+00:00,0.762,0.763,0.749,0.757,477799.2
2026-07-28 14:00:00+00:00,0.757,0.759,0.754,0.756,301801.13
2026-07-28 15:00:00+00:00,0.756,0.766,0.754,0.763,268883.3
2026-07-28 16:00:00+00:00,0.763,0.764,0.758,0.762,148173.97
2026-07-28 17:00:00+00:00,0.761,0.762,0.755,0.757,111844.28
2026-07-28 18:00:00+00:00,0.758,0.761,0.757,0.758,120649.95
2026-07-28 19:00:00+00:00,0.759,0.766,0.759,0.763,238843.14
2026-07-28 20:00:00+00:00,0.764,0.765,0.761,0.765,120323.15
2026-07-28 21:00:00+00:00,0.764,0.769,0.764,0.767,319478.79
2026-07-28 22:00:00+00:00,0.767,0.768,0.76,0.761,118332.27
2026-07-28 23:00:00+00:00,0.76,0.763,0.758,0.761,158296.54
2026-07-29 00:00:00+00:00,0.761,0.767,0.761,0.765,354413.81
2026-07-29 01:00:00+00:00,0.764,0.764,0.754,0.754,289570.83
2026-07-29 02:00:00+00:00,0.754,0.765,0.753,0.763,203023.14
2026-07-29 03:00:00+00:00,0.763,0.766,0.758,0.758,236003.47
2026-07-29 04:00:00+00:00,0.759,0.763,0.754,0.761,268908.19
2026-07-29 05:00:00+00:00,0.761,0.764,0.759,0.762,85651.36
2026-07-29 06:00:00+00:00,0.762,0.766,0.76,0.764,191297.43
2026-07-29 07:00:00+00:00,0.763,0.765,0.762,0.765,88036.96
2026-07-29 08:00:00+00:00,0.765,0.765,0.76,0.762,114120.62
2026-07-29 09:00:00+00:00,0.763,0.766,0.762,0.765,145022.31
2026-07-29 10:00:00+00:00,0.764,0.766,0.761,0.761,168889.79
2026-07-29 11:00:00+00:00,0.762,0.765,0.758,0.761,133789.54
2026-07-29 12:00:00+00:00,0.762,0.763,0.759,0.76,149962.26
2026-07-29 13:00:00+00:00,0.76,0.763,0.758,0.761,188365.15
2026-07-29 14:00:00+00:00,0.762,0.763,0.755,0.761,189424.6
2026-07-29 15:00:00+00:00,0.76,0.762,0.758,0.759,152936.28
2026-07-29 16:00:00+00:00,0.759,0.765,0.756,0.758,385632.22
2026-07-29 17:00:00+00:00,0.758,0.766,0.758,0.766,206981.39
2026-07-29 18:00:00+00:00,0.766,0.777,0.763,0.775,677182.88
2026-07-29 19:00:00+00:00,0.776,0.777,0.758,0.759,341890.57
2026-07-29 20:00:00+00:00,0.76,0.763,0.754,0.756,348538.46
2026-07-29 21:00:00+00:00,0.756,0.762,0.752,0.762,262876.7
2026-07-29 22:00:00+00:00,0.762,0.766,0.76,0.762,188925.69
2026-07-29 23:00:00+00:00,0.762,0.764,0.761,0.764,91078.56
2026-07-30 00:00:00+00:00,0.763,0.766,0.761,0.762,171467.13
2026-07-30 01:00:00+00:00,0.763,0.773,0.763,0.77,376949.37
2026-07-30 02:00:00+00:00,0.771,0.772,0.766,0.767,130400.85
2026-07-30 03:00:00+00:00,0.767,0.769,0.765,0.766,99382.65
2026-07-30 04:00:00+00:00,0.766,0.767,0.763,0.764,84029.79
2026-07-30 05:00:00+00:00,0.763,0.767,0.762,0.766,74537.83
2026-07-30 06:00:00+00:00,0.767,0.768,0.765,0.767,65311.18
2026-07-30 07:00:00+00:00,0.767,0.768,0.764,0.766,96494.38
2026-07-30 08:00:00+00:00,0.766,0.77,0.766,0.768,58168.35
2026-07-30 09:00:00+00:00,0.769,0.77,0.767,0.768,64369.85
2026-07-30 10:00:00+00:00,0.768,0.771,0.767,0.768,84488.75
2026-07-30 11:00:00+00:00,0.767,0.769,0.766,0.768,88497.98
2026-07-30 12:00:00+00:00,0.768,0.77,0.766,0.767,104533.76
2026-07-30 13:00:00+00:00,0.767,0.77,0.763,0.77,243923.27
2026-07-30 14:00:00+00:00,0.77,0.773,0.768,0.771,240993.3
2026-07-30 15:00:00+00:00,0.771,0.772,0.764,0.769,167789.97
2026-07-30 16:00:00+00:00,0.768,0.773,0.767,0.772,156193.7
2026-07-30 17:00:00+00:00,0.771,0.775,0.769,0.773,123842.28
2026-07-30 18:00:00+00:00,0.774,0.777,0.773,0.773,129726.25
2026-07-30 19:00:00+00:00,0.774,0.778,0.773,0.777,71164.69
2026-07-30 20:00:00+00:00,0.776,0.779,0.772,0.773,188202.92
2026-07-30 21:00:00+00:00,0.773,0.776,0.771,0.774,77079.48
2026-07-30 22:00:00+00:00,0.773,0.775,0.772,0.772,61690.84
2026-07-30 23:00:00+00:00,0.772,0.773,0.768,0.768,91048.66
2026-07-31 00:00:00+00:00,0.769,0.77,0.767,0.768,315447.42
2026-07-31 01:00:00+00:00,0.769,0.775,0.768,0.768,164486.57
2026-07-31 02:00:00+00:00,0.768,0.769,0.764,0.765,151990.98
2026-07-31 03:00:00+00:00,0.766,0.77,0.763,0.769,172979.45
2026-07-31 04:00:00+00:00,0.769,0.769,0.766,0.768,98307.76
2026-07-31 05:00:00+00:00,0.768,0.77,0.767,0.769,75764.89
2026-07-31 06:00:00+00:00,0.769,0.77,0.767,0.77,113038.48
2026-07-31 07:00:00+00:00,0.77,0.773,0.765,0.772,186120.81
2026-07-31 08:00:00+00:00,0.771,0.771,0.766,0.767,156793.71
2026-07-31 09:00:00+00:00,0.767,0.767,0.761,0.762,152651.11
2026-07-31 10:00:00+00:00,0.762,0.764,0.758,0.762,192514.63
2026-07-31 11:00:00+00:00,0.763,0.765,0.758,0.759,214278.79
2026-07-31 12:00:00+00:00,0.759,0.761,0.756,0.76,72400.22
2026-07-31 13:00:00+00:00,0.761,0.762,0.755,0.757,300354.22
2026-07-31 14:00:00+00:00,0.758,0.758,0.743,0.755,1082751.31
2026-07-31 15:00:00+00:00,0.755,0.759,0.754,0.758,295869.57
2026-07-31 16:00:00+00:00,0.757,0.763,0.756,0.762,145587.1
2026-07-31 17:00:00+00:00,0.763,0.77,0.762,0.769,181233.28
2026-07-31 18:00:00+00:00,0.769,0.769,0.764,0.768,130317.77
2026-07-31 19:00:00+00:00,0.769,0.77,0.76,0.762,95096.2
2026-07-31 20:00:00+00:00,0.762,0.765,0.76,0.761,106357.91
2026-07-31 21:00:00+00:00,0.761,0.766,0.761,0.762,125410.76
2026-07-31 22:00:00+00:00,0.762,0.763,0.759,0.759,77158.04
2026-07-31 23:00:00+00:00,0.759,0.76,0.758,0.759,28160.02
2026-08-01 00:00:00+00:00,0.759,0.761,0.758,0.758,137981.51
2026-08-01 01:00:00+00:00,0.759,0.763,0.759,0.763,118568.56
2026-08-01 02:00:00+00:00,0.763,0.766,0.762,0.765,77014.71
2026-08-01 03:00:00+00:00,0.765,0.765,0.763,0.765,44920.23
2026-08-01 04:00:00+00:00,0.765,0.767,0.764,0.767,28081.99
2026-08-01 05:00:00+00:00,0.766,0.768,0.763,0.764,51810.0
2026-08-01 06:00:00+00:00,0.764,0.764,0.761,0.762,84475.63
2026-08-01 07:00:00+00:00,0.762,0.764,0.761,0.761,31538.44
2026-08-01 08:00:00+00:00,0.761,0.763,0.761,0.762,37924.58
2026-08-01 09:00:00+00:00,0.762,0.767,0.761,0.766,147216.42
2026-08-01 10:00:00+00:00,0.765,0.766,0.761,0.763,79534.49
2026-08-01 11:00:00+00:00,0.762,0.767,0.762,0.766,85751.36
2026-08-01 12:00:00+00:00,0.767,0.771,0.767,0.77,291652.23
2026-08-01 13:00:00+00:00,0.771,0.773,0.768,0.77,195607.54
2026-08-01 14:00:00+00:00,0.77,0.785,0.769,0.782,650642.99
2026-08-01 15:00:00+00:00,0.782,0.782,0.776,0.777,361215.68
2026-08-01 16:00:00+00:00,0.778,0.781,0.776,0.779,188045.33
2026-08-01 17:00:00+00:00,0.779,0.782,0.772,0.775,254182.11
2026-08-01 18:00:00+00:00,0.774,0.776,0.763,0.77,381199.95
2026-08-01 19:00:00+00:00,0.771,0.773,0.769,0.771,119067.78
2026-08-01 20:00:00+00:00,0.771,0.774,0.769,0.772,90796.09
2026-08-01 21:00:00+00:00,0.773,0.78,0.773,0.779,122007.25
2026-08-01 22:00:00+00:00,0.78,0.782,0.779,0.779,157549.4
2026-08-01 23:00:00+00:00,0.779,0.783,0.778,0.782,171350.38
2026-08-02 00:00:00+00:00,0.782,0.787,0.781,0.786,276323.84
2026-08-02 01:00:00+00:00,0.787,0.794,0.786,0.791,474801.33
2026-08-02 02:00:00+00:00,0.791,0.799,0.788,0.798,929090.57
2026-08-02 03:00:00+00:00,0.798,0.799,0.79,0.79,182444.24
2026-08-02 04:00:00+00:00,0.791,0.795,0.788,0.795,127833.91
2026-08-02 05:00:00+00:00,0.795,0.797,0.791,0.794,161005.07
2026-08-02 06:00:00+00:00,0.795,0.796,0.79,0.792,188494.0
2026-08-02 07:00:00+00:00,0.791,0.796,0.789,0.795,143303.36
2026-08-02 08:00:00+00:00,0.795,0.797,0.791,0.796,150803.74
2026-08-02 09:00:00+00:00,0.796,0.802,0.793,0.799,321740.37
2026-08-02 10:00:00+00:00,0.799,0.8,0.794,0.795,260720.56
2026-08-02 11:00:00+00:00,0.795,0.795,0.792,0.793,101622.98
2026-08-02 12:00:00+00:00,0.794,0.796,0.793,0.796,141516.81
2026-08-02 13:00:00+00:00,0.796,0.801,0.794,0.799,147815.97
2026-08-02 14:00:00+00:00,0.799,0.801,0.797,0.797,141315.8
2026-08-02 15:00:00+00:00,0.798,0.798,0.793,0.793,237772.65
2026-08-02 16:00:00+00:00,0.794,0.796,0.79,0.794,332664.74
2026-08-02 17:00:00+00:00,0.794,0.8,0.794,0.798,65294.43
2026-08-02 18:00:00+00:00,0.798,0.801,0.796,0.798,74924.11
2026-08-02 19:00:00+00:00,0.797,0.799,0.797,0.798,106143.38
2026-08-02 20:00:00+00:00,0.797,0.798,0.795,0.796,35017.81
2026-08-02 21:00:00+00:00,0.797,0.799,0.796,0.797,136149.81
2026-08-02 22:00:00+00:00,0.797,0.799,0.794,0.798,131162.77
2026-08-02 23:00:00+00:00,0.798,0.799,0.796,0.799,74881.98
2026-08-03 00:00:00+00:00,0.799,0.799,0.795,0.797,132462.97
2026-08-03 01:00:00+00:00,0.798,0.798,0.791,0.793,70804.87
2026-08-03 02:00:00+00:00,0.793,0.795,0.79,0.791,108974.86
2026-08-03 03:00:00+00:00,0.79,0.791,0.787,0.79,110867.66
2026-08-03 04:00:00+00:00,0.789,0.794,0.788,0.791,82451.0
2026-08-03 05:00:00+00:00,0.791,0.797,0.789,0.796,157376.99
2026-08-03 06:00:00+00:00,0.797,0.799,0.793,0.795,111016.55
2026-08-03 07:00:00+00:00,0.794,0.797,0.793,0.794,167920.88
2026-08-03 08:00:00+00:00,0.793,0.798,0.79,0.797,203035.21
2026-08-03 09:00:00+00:00,0.797,0.807,0.796,0.804,212204.08
2026-08-03 10:00:00+00:00,0.805,0.807,0.801,0.804,162870.45
2026-08-03 11:00:00+00:00,0.804,0.808,0.8,0.807,186968.81
2026-08-03 12:00:00+00:00,0.806,0.815,0.805,0.814,301431.55
2026-08-03 13:00:00+00:00,0.814,0.829,0.812,0.827,676203.56
2026-08-03 14:00:00+00:00,0.828,0.829,0.82,0.824,434316.15
2026-08-03 15:00:00+00:00,0.825,0.828,0.815,0.826,589170.09
2026-08-03 16:00:00+00:00,0.825,0.827,0.822,0.826,236284.12
2026-08-03 17:00:00+00:00,0.826,0.831,0.824,0.828,181763.27
2026-08-03 18:00:00+00:00,0.829,0.832,0.826,0.831,132807.6
2026-08-03 19:00:00+00:00,0.832,0.832,0.824,0.825,96637.63
2026-08-03 20:00:00+00:00,0.825,0.825,0.819,0.822,218988.77
2026-08-03 21:00:00+00:00,0.822,0.825,0.82,0.823,94422.32
2026-08-03 22:00:00+00:00,0.824,0.826,0.821,0.824,215450.77
2026-08-03 23:00:00+00:00,0.823,0.825,0.82,0.825,121404.01
2026-08-04 00:00:00+00:00,0.824,0.826,0.82,0.822,106263.36
2026-08-04 01:00:00+00:00,0.822,0.839,0.822,0.837,382919.52
2026-08-04 02:00:00+00:00,0.837,0.848,0.837,0.843,334104.81
2026-08-04 03:00:00+00:00,0.843,0.846,0.838,0.84,314844.53
2026-08-04 04:00:00+00:00,0.84,0.841,0.836,0.839,134534.89
2026-08-04 05:00:00+00:00,0.838,0.84,0.833,0.836,158820.32
2026-08-04 06:00:00+00:00,0.836,0.838,0.833,0.834,208765.28
2026-08-04 07:00:00+00:00,0.833,0.837,0.83,0.837,82630.79
2026-08-04 08:00:00+00:00,0.836,0.839,0.83,0.836,281509.06
2026-08-04 09:00:00+00:00,0.836,0.839,0.832,0.837,261099.77
2026-08-04 10:00:00+00:00,0.838,0.838,0.832,0.835,113110.15
2026-08-04 11:00:00+00:00,0.836,0.836,0.832,0.833,80544.12
2026-08-04 12:00:00+00:00,0.833,0.833,0.827,0.831,173145.99
2026-08-04 13:00:00+00:00,0.83,0.832,0.826,0.826,273876.4
2026-08-04 14:00:00+00:00,0.826,0.831,0.825,0.83,112955.68
2026-08-04 15:00:00+00:00,0.83,0.836,0.828,0.833,163653.22
2026-08-04 16:00:00+00:00,0.833,0.846,0.833,0.843,418190.48
2026-08-04 17:00:00+00:00,0.843,0.843,0.836,0.837,207752.51
2026-08-04 18:00:00+00:00,0.837,0.845,0.837,0.843,91486.96
2026-08-04 19:00:00+00:00,0.843,0.844,0.839,0.841,76080.56
2026-08-04 20:00:00+00:00,0.842,0.848,0.841,0.846,248952.8
2026-08-04 21:00:00+00:00,0.847,0.862,0.844,0.853,558678.42
2026-08-04 22:00:00+00:00,0.853,0.87,0.852,0.866,518832.82
2026-08-04 23:00:00+00:00,0.867,0.869,0.856,0.857,355804.51
2026-08-05 00:00:00+00:00,0.857,0.87,0.855,0.864,474961.39
2026-08-05 01:00:00+00:00,0.864,0.865,0.857,0.858,160903.42
2026-08-05 02:00:00+00:00,0.859,0.861,0.856,0.856,148118.91
2026-08-05 03:00:00+00:00,0.856,0.857,0.844,0.846,441929.27
2026-08-05 04:00:00+00:00,0.847,0.848,0.845,0.847,98669.12
2026-08-05 05:00:00+00:00,0.847,0.849,0.846,0.848,113904.91
2026-08-05 06:00:00+00:00,0.847,0.854,0.846,0.854,165951.23
2026-08-05 07:00:00+00:00,0.853,0.855,0.851,0.855,99644.08
2026-08-05 08:00:00+00:00,0.856,0.857,0.852,0.855,152837.02
2026-08-05 09:00:00+00:00,0.855,0.858,0.851,0.851,145929.26
2026-08-05 10:00:00+00:00,0.85,0.852,0.847,0.85,102165.22
2026-08-05 11:00:00+00:00,0.851,0.854,0.85,0.852,66839.48
2026-08-05 12:00:00+00:00,0.852,0.852,0.846,0.847,126093.76
2026-08-05 13:00:00+00:00,0.846,0.848,0.842,0.846,191780.21
2026-08-05 14:00:00+00:00,0.846,0.851,0.843,0.85,240888.06
2026-08-05 15:00:00+00:00,0.85,0.855,0.848,0.853,200851.39
2026-08-05 16:00:00+00:00,0.852,0.856,0.851,0.854,168876.31
2026-08-05 17:00:00+00:00,0.854,0.855,0.852,0.853,110233.16
2026-08-05 18:00:00+00:00,0.852,0.854,0.851,0.853,57085.33
2026-08-05 19:00:00+00:00,0.853,0.853,0.848,0.848,62532.08
2026-08-05 20:00:00+00:00,0.848,0.851,0.847,0.849,64275.94
2026-08-05 21:00:00+00:00,0.849,0.85,0.84,0.842,185340.6
2026-08-05 22:00:00+00:00,0.841,0.844,0.838,0.843,153493.01
2026-08-05 23:00:00+00:00,0.843,0.845,0.841,0.842,68439.85
2026-08-06 00:00:00+00:00,0.842,0.847,0.842,0.845,83791.77
2026-08-06 01:00:00+00:00,0.844,0.845,0.838,0.841,78241.17
2026-08-06 02:00:00+00:00,0.841,0.843,0.839,0.842,120219.71
2026-08-06 03:00:00+00:00,0.842,0.843,0.84,0.841,101875.41
2026-08-06 04:00:00+00:00,0.84,0.844,0.84,0.842,200770.15
2026-08-06 05:00:00+00:00,0.842,0.845,0.835,0.838,143846.01
2026-08-06 06:00:00+00:00,0.838,0.838,0.835,0.836,125523.97
2026-08-06 07:00:00+00:00,0.837,0.837,0.832,0.833,137301.52
2026-08-06 08:00:00+00:00,0.833,0.836,0.833,0.834,75896.4
2026-08-06 09:00:00+00:00,0.834,0.835,0.828,0.828,193323.89
2026-08-06 10:00:00+00:00,0.828,0.828,0.822,0.822,174993.35
2026-08-06 11:00:00+00:00,0.823,0.828,0.822,0.825,104880.82
2026-08-06 12:00:00+00:00,0.826,0.826,0.819,0.82,205730.83
2026-08-06 13:00:00+00:00,0.82,0.82,0.815,0.819,183039.7
2026-08-06 14:00:00+00:00,0.819,0.823,0.815,0.821,239134.91
2026-08-06 15:00:00+00:00,0.821,0.827,0.82,0.823,201429.23
2026-08-06 16:00:00+00:00,0.824,0.827,0.82,0.826,134696.88
2026-08-06 17:00:00+00:00,0.825,0.827,0.819,0.821,296487.76
2026-08-06 18:00:00+00:00,0.822,0.827,0.818,0.823,214871.96
2026-08-06 19:00:00+00:00,0.824,0.825,0.822,0.822,58485.65
2026-08-06 20:00:00+00:00,0.823,0.828,0.822,0.826,64643.07
2026-08-06 21:00:00+00:00,0.826,0.827,0.825,0.826,52677.24
2026-08-06 22:00:00+00:00,0.826,0.827,0.821,0.821,68759.7
2026-08-06 23:00:00+00:00,0.821,0.822,0.819,0.822,51442.74
2026-08-07 00:00:00+00:00,0.821,0.824,0.82,0.822,149345.45
2026-08-07 01:00:00+00:00,0.823,0.824,0.818,0.819,68035.37
2026-08-07 02:00:00+00:00,0.819,0.822,0.817,0.821,118901.51
2026-08-07 03:00:00+00:00,0.821,0.824,0.818,0.818,57509.88
2026-08-07 04:00:00+00:00,0.819,0.819,0.814,0.817,109604.53
2026-08-07 05:00:00+00:00,0.817,0.818,0.81,0.815,165858.48
2026-08-07 06:00:00+00:00,0.817,0.819,0.815,0.817,93252.27
2026-08-07 07:00:00+00:00,0.816,0.818,0.815,0.816,67654.43
2026-08-07 08:00:00+00:00,0.817,0.818,0.813,0.814,53500.03
2026-08-07 09:00:00+00:00,0.814,0.816,0.812,0.813,109482.36
2026-08-07 10:00:00+00:00,0.814,0.816,0.81,0.81,127429.96
2026-08-07 11:00:00+00:00,0.811,0.817,0.81,0.817,132637.11
2026-08-07 12:00:00+00:00,0.816,0.822,0.815,0.818,292520.16
2026-08-07 13:00:00+00:00,0.818,0.819,0.815,0.816,96605.7
2026-08-07 14:00:00+00:00,0.816,0.816,0.805,0.807,287165.28
2026-08-07 15:00:00+00:00,0.807,0.811,0.806,0.809,146134.97
2026-08-07 16:00:00+00:00,0.809,0.811,0.805,0.805,81680.18
2026-08-07 17:00:00+00:00,0.805,0.806,0.802,0.804,205657.89
2026-08-07 18:00:00+00:00,0.805,0.81,0.805,0.808,183976.46
2026-08-07 19:00:00+00:00,0.808,0.814,0.807,0.814,57836.39
2026-08-07 20:00:00+00:00,0.814,0.818,0.813,0.817,53684.0
2026-08-07 21:00:00+00:00,0.817,0.817,0.812,0.813,96745.17
2026-08-07 22:00:00+00:00,0.813,0.814,0.811,0.811,43705.68
2026-08-07 23:00:00+00:00,0.812,0.819,0.812,0.818,172460.27
2026-08-08 00:00:00+00:00,0.819,0.82,0.816,0.82,129597.34
2026-08-08 01:00:00+00:00,0.82,0.824,0.819,0.821,92218.65
2026-08-08 02:00:00+00:00,0.821,0.821,0.818,0.818,59818.54
2026-08-08 03:00:00+00:00,0.818,0.827,0.818,0.824,121342.02
2026-08-08 04:00:00+00:00,0.825,0.825,0.821,0.822,36273.64
2026-08-08 05:00:00+00:00,0.822,0.824,0.819,0.819,78073.65
2026-08-08 06:00:00+00:00,0.819,0.821,0.818,0.819,47676.44
2026-08-08 07:00:00+00:00,0.82,0.82,0.817,0.819,71872.47
2026-08-08 08:00:00+00:00,0.819,0.821,0.818,0.818,42031.99
2026-08-08 09:00:00+00:00,0.818,0.819,0.815,0.817,78277.96
2026-08-08 10:00:00+00:00,0.816,0.82,0.816,0.82,65400.52
2026-08-08 11:00:00+00:00,0.82,0.821,0.818,0.82,78940.37
2026-08-08 12:00:00+00:00,0.82,0.824,0.819,0.82,155138.15
2026-08-08 13:00:00+00:00,0.82,0.82,0.814,0.816,127386.63
2026-08-08 14:00:00+00:00,0.815,0.82,0.814,0.819,138126.13
2026-08-08 15:00:00+00:00,0.819,0.82,0.817,0.818,68849.4
2026-08-08 16:00:00+00:00,0.818,0.819,0.817,0.819,66638.44
2026-08-08 17:00:00+00:00,0.819,0.819,0.816,0.817,35681.36
2026-08-08 18:00:00+00:00,0.818,0.819,0.815,0.818,34252.38
2026-08-08 19:00:00+00:00,0.817,0.819,0.816,0.817,66236.63
2026-08-08 20:00:00+00:00,0.817,0.821,0.816,0.821,74341.75
2026-08-08 21:00:00+00:00,0.822,0.822,0.817,0.818,46390.07
2026-08-08 22:00:00+00:00,0.819,0.819,0.813,0.814,37453.72
2026-08-08 23:00:00+00:00,0.814,0.816,0.813,0.816,28766.77
2026-08-09 00:00:00+00:00,0.816,0.816,0.813,0.815,42529.91
2026-08-09 01:00:00+00:00,0.815,0.816,0.812,0.815,88384.82
2026-08-09 02:00:00+00:00,0.815,0.816,0.814,0.815,60436.62
2026-08-09 03:00:00+00:00,0.814,0.815,0.812,0.813,66668.01
2026-08-09 04:00:00+00:00,0.813,0.814,0.811,0.814,77959.55
2026-08-09 05:00:00+00:00,0.813,0.813,0.806,0.809,206224.88
2026-08-09 06:00:00+00:00,0.809,0.814,0.808,0.813,58662.18
2026-08-09 07:00:00+00:00,0.814,0.814,0.809,0.811,78656.73
2026-08-09 08:00:00+00:00,0.811,0.813,0.808,0.81,90481.44
2026-08-09 09:00:00+00:00,0.81,0.81,0.805,0.808,153132.67
2026-08-09 10:00:00+00:00,0.808,0.809,0.806,0.807,73529.45
2026-08-09 11:00:00+00:00,0.806,0.808,0.805,0.808,62894.57
2026-08-09 12:00:00+00:00,0.807,0.81,0.806,0.81,138043.72
2026-08-09 13:00:00+00:00,0.81,0.814,0.807,0.81,176608.04
2026-08-09 14:00:00+00:00,0.809,0.813,0.809,0.813,100861.93
2026-08-09 15:00:00+00:00,0.813,0.813,0.81,0.812,54750.78
2026-08-09 16:00:00+00:00,0.812,0.813,0.809,0.812,67346.67
2026-08-09 17:00:00+00:00,0.812,0.812,0.806,0.807,94956.46
2026-08-09 18:00:00+00:00,0.807,0.808,0.805,0.807,64849.11
2026-08-09 19:00:00+00:00,0.807,0.809,0.806,0.809,28598.01
2026-08-09 20:00:00+00:00,0.808,0.81,0.808,0.81,50434.47
2026-08-09 21:00:00+00:00,0.809,0.812,0.807,0.809,58685.53
2026-08-09 22:00:00+00:00,0.809,0.814,0.799,0.803,370137.6
2026-08-09 23:00:00+00:00,0.802,0.803,0.796,0.799,273726.37
2026-08-10 00:00:00+00:00,0.799,0.803,0.797,0.798,200275.05
2026-08-10 01:00:00+00:00,0.799,0.803,0.798,0.802,257264.82
2026-08-10 02:00:00+00:00,0.802,0.804,0.798,0.803,86023.26
2026-08-10 03:00:00+00:00,0.803,0.804,0.799,0.8,128951.4
2026-08-10 04:00:00+00:00,0.8,0.805,0.799,0.804,140902.76
2026-08-10 05:00:00+00:00,0.804,0.811,0.804,0.81,229250.89
2026-08-10 06:00:00+00:00,0.811,0.811,0.808,0.811,105875.16
2026-08-10 07:00:00+00:00,0.811,0.814,0.809,0.812,241173.07
2026-08-10 08:00:00+00:00,0.813,0.814,0.806,0.808,248096.65
2026-08-10 09:00:00+00:00,0.808,0.81,0.805,0.806,96639.25
2026-08-10 10:00:00+00:00,0.805,0.809,0.804,0.809,20679.65
2026-08-10 11:00:00+00:00,0.808,0.81,0.807,0.81,158195.89
2026-08-10 12:00:00+00:00,0.809,0.816,0.809,0.812,482172.2
2026-08-10 13:00:00+00:00,0.812,0.821,0.812,0.818,484998.06
2026-08-10 14:00:00+00:00,0.818,0.821,0.813,0.815,383312.76
2026-08-10 15:00:00+00:00,0.815,0.815,0.802,0.804,427630.32
2026-08-10 16:00:00+00:00,0.803,0.806,0.799,0.8,410808.32
2026-08-10 17:00:00+00:00,0.801,0.808,0.799,0.807,115836.56
2026-08-10 18:00:00+00:00,0.807,0.807,0.8,0.802,131831.23
2026-08-10 19:00:00+00:00,0.802,0.81,0.802,0.805,141060.66
2026-08-10 20:00:00+00:00,0.805,0.808,0.804,0.805,68405.41
2026-08-10 21:00:00+00:00,0.804,0.811,0.803,0.807,120611.98
2026-08-10 22:00:00+00:00,0.807,0.808,0.805,0.806,62266.56
2026-08-10 23:00:00+00:00,0.806,0.808,0.804,0.805,92128.34
2026-08-11 00:00:00+00:00,0.806,0.807,0.803,0.804,91257.03
2026-08-11 01:00:00+00:00,0.804,0.813,0.803,0.81,150960.62
2026-08-11 02:00:00+00:00,0.811,0.813,0.806,0.806,141961.42
2026-08-11 03:00:00+00:00,0.806,0.807,0.802,0.803,112567.91
2026-08-11 04:00:00+00:00,0.803,0.803,0.801,0.803,108545.41
2026-08-11 05:00:00+00:00,0.802,0.81,0.801,0.807,163253.96
2026-08-11 06:00:00+00:00,0.807,0.807,0.803,0.805,134429.59
2026-08-11 07:00:00+00:00,0.805,0.808,0.803,0.807,94152.88
2026-08-11 08:00:00+00:00,0.807,0.809,0.806,0.808,105271.34
2026-08-11 09:00:00+00:00,0.807,0.812,0.804,0.808,217592.36
2026-08-11 10:00:00+00:00,0.808,0.808,0.802,0.803,239678.83
2026-08-11 11:00:00+00:00,0.803,0.805,0.797,0.8,306288.83
2026-08-11 12:00:00+00:00,0.8,0.801,0.794,0.794,251936.9
2026-08-11 13:00:00+00:00,0.794,0.796,0.792,0.795,328368.66
2026-08-11 14:00:00+00:00,0.794,0.794,0.779,0.781,478484.68
2026-08-11 15:00:00+00:00,0.781,0.785,0.778,0.782,342484.8
2026-08-11 16:00:00+00:00,0.782,0.784,0.781,0.783,183345.61
2026-08-11 17:00:00+00:00,0.784,0.785,0.781,0.782,226644.66
2026-08-11 18:00:00+00:00,0.783,0.785,0.781,0.784,142586.17
2026-08-11 19:00:00+00:00,0.783,0.787,0.782,0.787,151477.28
2026-08-11 20:00:00+00:00,0.787,0.79,0.786,0.789,100583.07
2026-08-11 21:00:00+00:00,0.789,0.791,0.786,0.788,165465.11
2026-08-11 22:00:00+00:00,0.788,0.791,0.787,0.789,96436.96
2026-08-11 23:00:00+00:00,0.789,0.792,0.787,0.791,88334.7
2026-08-12 00:00:00+00:00,0.79,0.792,0.789,0.792,110607.67
2026-08-12 01:00:00+00:00,0.793,0.796,0.792,0.795,166402.47
2026-08-12 02:00:00+00:00,0.795,0.796,0.792,0.793,107021.62
2026-08-12 03:00:00+00:00,0.793,0.796,0.792,0.796,101335.85
2026-08-12 04:00:00+00:00,0.795,0.796,0.792,0.792,43868.18
2026-08-12 05:00:00+00:00,0.793,0.796,0.792,0.794,78350.4
2026-08-12 06:00:00+00:00,0.793,0.794,0.787,0.788,135306.78
2026-08-12 07:00:00+00:00,0.788,0.79,0.786,0.787,121710.48
2026-08-12 08:00:00+00:00,0.787,0.789,0.785,0.785,69910.09
2026-08-12 09:00:00+00:00,0.786,0.792,0.785,0.79,73256.69
2026-08-12 10:00:00+00:00,0.791,0.792,0.789,0.791,73095.71
2026-08-12 11:00:00+00:00,0.791,0.792,0.789,0.792,139553.04
2026-08-12 12:00:00+00:00,0.791,0.798,0.79,0.795,491857.5
2026-08-12 13:00:00+00:00,0.795,0.797,0.79,0.792,167648.08
2026-08-12 14:00:00+00:00,0.791,0.792,0.78,0.78,234166.88
2026-08-12 15:00:00+00:00,0.781,0.788,0.78,0.786,95714.87
2026-08-12 16:00:00+00:00,0.786,0.788,0.785,0.787,110282.95
2026-08-12 17:00:00+00:00,0.787,0.788,0.785,0.785,59065.63
2026-08-12 18:00:00+00:00,0.785,0.785,0.781,0.782,103381.14
2026-08-12 19:00:00+00:00,0.782,0.783,0.781,0.781,76256.88
2026-08-12 20:00:00+00:00,0.782,0.783,0.781,0.781,57300.96
2026-08-12 21:00:00+00:00,0.782,0.783,0.771,0.773,423060.08
2026-08-12 22:00:00+00:00,0.772,0.773,0.767,0.772,173857.96
2026-08-12 23:00:00+00:00,0.772,0.775,0.77,0.774,152286.84
2026-08-13 00:00:00+00:00,0.774,0.776,0.772,0.772,159135.83
2026-08-13 01:00:00+00:00,0.772,0.773,0.77,0.772,114008.46
2026-08-13 02:00:00+00:00,0.771,0.773,0.77,0.772,73884.62
2026-08-13 03:00:00+00:00,0.772,0.777,0.772,0.776,53504.39
2026-08-13 04:00:00+00:00,0.776,0.777,0.774,0.775,26172.12
2026-08-13 05:00:00+00:00,0.775,0.777,0.773,0.776,122882.08
2026-08-13 06:00:00+00:00,0.776,0.777,0.774,0.776,58686.81
2026-08-13 07:00:00+00:00,0.776,0.777,0.774,0.775,57182.35
2026-08-13 08:00:00+00:00,0.775,0.776,0.773,0.774,64387.64
2026-08-13 09:00:00+00:00,0.774,0.776,0.772,0.773,93116.49
2026-08-13 10:00:00+00:00,0.773,0.774,0.771,0.773,173204.61
2026-08-13 11:00:00+00:00,0.774,0.775,0.77,0.771,67864.33
2026-08-13 12:00:00+00:00,0.77,0.772,0.768,0.77,261611.73
2026-08-13 13:00:00+00:00,0.77,0.771,0.766,0.77,243361.73
2026-08-13 14:00:00+00:00,0.77,0.776,0.768,0.775,110023.45
2026-08-13 15:00:00+00:00,0.776,0.776,0.771,0.771,139756.01
2026-08-13 16:00:00+00:00,0.771,0.774,0.764,0.768,257312.23
2026-08-13 17:00:00+00:00,0.769,0.772,0.768,0.77,48654.49
2026-08-13 18:00:00+00:00,0.769,0.774,0.768,0.772,63385.18
2026-08-13 19:00:00+00:00,0.773,0.775,0.773,0.774,57956.71
2026-08-13 20:00:00+00:00,0.775,0.776,0.771,0.771,206956.92
2026-08-13 21:00:00+00:00,0.772,0.775,0.772,0.773,56856.99
2026-08-13 22:00:00+00:00,0.773,0.776,0.773,0.776,78042.32
2026-08-13 23:00:00+00:00,0.775,0.777,0.771,0.773,213870.05
2026-08-14 00:00:00+00:00,0.773,0.775,0.771,0.773,64258.8
2026-08-14 01:00:00+00:00,0.773,0.774,0.77,0.771,108078.68
2026-08-14 02:00:00+00:00,0.771,0.773,0.77,0.77,30639.16
2026-08-14 03:00:00+00:00,0.77,0.77,0.761,0.762,246239.0
2026-08-14 04:00:00+00:00,0.762,0.767,0.761,0.764,41341.06
2026-08-14 05:00:00+00:00,0.764,0.765,0.762,0.764,57961.15
2026-08-14 06:00:00+00:00,0.765,0.765,0.759,0.759,136906.81
2026-08-14 07:00:00+00:00,0.758,0.761,0.757,0.758,258081.3
2026-08-14 08:00:00+00:00,0.758,0.759,0.754,0.758,387610.08
2026-08-14 09:00:00+00:00,0.758,0.758,0.752,0.756,275585.75
2026-08-14 10:00:00+00:00,0.755,0.758,0.754,0.756,105559.86
2026-08-14 11:00:00+00:00,0.756,0.76,0.755,0.757,64279.22
2026-08-14 12:00:00+00:00,0.757,0.761,0.757,0.761,326206.36
2026-08-14 13:00:00+00:00,0.76,0.761,0.759,0.761,128182.58
2026-08-14 14:00:00+00:00,0.761,0.763,0.759,0.761,111350.28
2026-08-14 15:00:00+00:00,0.762,0.764,0.76,0.764,85737.13
2026-08-14 16:00:00+00:00,0.764,0.766,0.763,0.766,72936.27
2026-08-14 17:00:00+00:00,0.766,0.767,0.762,0.762,55537.72
2026-08-14 18:00:00+00:00,0.762,0.762,0.756,0.758,212768.68
2026-08-14 19:00:00+00:00,0.758,0.76,0.756,0.758,170926.13
2026-08-14 20:00:00+00:00,0.759,0.76,0.756,0.758,93473.05
2026-08-14 21:00:00+00:00,0.757,0.758,0.752,0.755,255565.42
2026-08-14 22:00:00+00:00,0.754,0.76,0.753,0.759,66217.64
2026-08-14 23:00:00+00:00,0.758,0.766,0.758,0.765,125589.94
2026-08-15 00:00:00+00:00,0.765,0.767,0.764,0.766,100066.75
2026-08-15 01:00:00+00:00,0.767,0.767,0.764,0.765,61642.01
2026-08-15 02:00:00+00:00,0.766,0.779,0.766,0.774,288230.6
2026-08-15 03:00:00+00:00,0.775,0.779,0.774,0.778,203215.02
2026-08-15 04:00:00+00:00,0.778,0.779,0.772,0.772,101872.14
2026-08-15 05:00:00+00:00,0.773,0.773,0.771,0.771,68438.51
2026-08-15 06:00:00+00:00,0.772,0.774,0.77,0.772,86890.9
2026-08-15 07:00:00+00:00,0.772,0.773,0.77,0.771,68195.89
2026-08-15 08:00:00+00:00,0.77,0.772,0.77,0.771,54568.14
2026-08-15 09:00:00+00:00,0.771,0.78,0.77,0.779,307571.33
2026-08-15 10:00:00+00:00,0.779,0.785,0.777,0.783,898389.94
2026-08-15 11:00:00+00:00,0.784,0.785,0.775,0.775,182913.19
2026-08-15 12:00:00+00:00,0.776,0.778,0.774,0.775,159029.02
2026-08-15 13:00:00+00:00,0.775,0.779,0.774,0.778,51636.4
2026-08-15 14:00:00+00:00,0.778,0.781,0.777,0.78,99413.9
2026-08-15 15:00:00+00:00,0.78,0.78,0.775,0.776,82829.34
2026-08-15 16:00:00+00:00,0.776,0.776,0.772,0.772,60525.44
2026-08-15 17:00:00+00:00,0.773,0.775,0.772,0.774,43205.53
2026-08-15 18:00:00+00:00,0.774,0.775,0.769,0.771,124225.94
2026-08-15 19:00:00+00:00,0.771,0.771,0.768,0.769,120349.34
2026-08-15 20:00:00+00:00,0.77,0.77,0.765,0.766,98739.48
2026-08-15 21:00:00+00:00,0.765,0.769,0.765,0.767,115078.52
2026-08-15 22:00:00+00:00,0.768,0.769,0.766,0.767,106960.61
2026-08-15 23:00:00+00:00,0.767,0.767,0.759,0.762,269066.0
2026-08-16 00:00:00+00:00,0.761,0.763,0.759,0.759,174455.15
2026-08-16 01:00:00+00:00,0.759,0.76,0.756,0.758,108141.47
2026-08-16 02:00:00+00:00,0.758,0.761,0.756,0.76,41218.38
2026-08-16 03:00:00+00:00,0.759,0.76,0.758,0.759,28009.12
2026-08-16 04:00:00+00:00,0.758,0.759,0.757,0.759,61372.33
2026-08-16 05:00:00+00:00,0.758,0.759,0.756,0.758,41459.82
2026-08-16 06:00:00+00:00,0.758,0.76,0.756,0.759,181740.19
2026-08-16 07:00:00+00:00,0.759,0.761,0.759,0.761,57413.88
2026-08-16 08:00:00+00:00,0.76,0.761,0.759,0.761,67239.15
2026-08-16 09:00:00+00:00,0.761,0.762,0.758,0.76,123441.73
2026-08-16 10:00:00+00:00,0.76,0.76,0.758,0.758,70067.88
2026-08-16 11:00:00+00:00,0.758,0.764,0.758,0.762,102107.64
2026-08-16 12:00:00+00:00,0.762,0.765,0.761,0.763,55601.66
2026-08-16 13:00:00+00:00,0.764,0.765,0.761,0.762,56839.77
2026-08-16 14:00:00+00:00,0.762,0.764,0.761,0.763,48172.37
2026-08-16 15:00:00+00:00,0.763,0.768,0.762,0.768,94517.01
2026-08-16 16:00:00+00:00,0.767,0.769,0.764,0.766,118906.88
2026-08-16 17:00:00+00:00,0.765,0.767,0.762,0.762,129002.2
2026-08-16 18:00:00+00:00,0.762,0.764,0.761,0.762,96587.59
2026-08-16 19:00:00+00:00,0.762,0.766,0.762,0.765,54247.48
2026-08-16 20:00:00+00:00,0.765,0.766,0.763,0.764,78383.51
2026-08-16 21:00:00+00:00,0.763,0.764,0.753,0.756,193364.39
2026-08-16 22:00:00+00:00,0.756,0.758,0.754,0.756,151027.71
2026-08-16 23:00:00+00:00,0.757,0.76,0.756,0.759,79378.22
2026-08-17 00:00:00+00:00,0.759,0.764,0.757,0.763,148769.93
2026-08-17 01:00:00+00:00,0.763,0.766,0.763,0.764,71574.18
2026-08-17 02:00:00+00:00,0.764,0.766,0.761,0.766,271765.64
2026-08-17 03:00:00+00:00,0.766,0.766,0.763,0.766,72717.33
2026-08-17 04:00:00+00:00,0.766,0.77,0.765,0.769,110270.66
2026-08-17 05:00:00+00:00,0.769,0.77,0.766,0.766,63950.79
2026-08-17 06:00:00+00:00,0.766,0.767,0.763,0.766,105616.43
2026-08-17 07:00:00+00:00,0.766,0.766,0.76,0.762,189802.44
2026-08-17 08:00:00+00:00,0.762,0.762,0.757,0.758,104774.46
2026-08-17 09:00:00+00:00,0.759,0.76,0.758,0.759,79863.04
2026-08-17 10:00:00+00:00,0.759,0.762,0.757,0.76,165134.59
2026-08-17 11:00:00+00:00,0.76,0.762,0.758,0.759,163014.78
2026-08-17 12:00:00+00:00,0.759,0.759,0.755,0.756,216660.01
2026-08-17 13:00:00+00:00,0.756,0.759,0.754,0.756,143186.94
2026-08-17 14:00:00+00:00,0.755,0.758,0.754,0.757,141799.55
2026-08-17 15:00:00+00:00,0.757,0.759,0.754,0.758,97191.6
2026-08-17 16:00:00+00:00,0.758,0.759,0.755,0.758,67781.16
2026-08-17 17:00:00+00:00,0.758,0.761,0.756,0.757,108783.12
2026-08-17 18:00:00+00:00,0.757,0.762,0.756,0.762,126459.19
2026-08-17 19:00:00+00:00,0.761,0.762,0.759,0.761,57582.64
2026-08-17 20:00:00+00:00,0.76,0.765,0.758,0.763,38411.61
2026-08-17 21:00:00+00:00,0.763,0.764,0.76,0.761,35295.94
2026-08-17 22:00:00+00:00,0.761,0.761,0.757,0.759,68681.35
2026-08-17 23:00:00+00:00,0.759,0.763,0.758,0.762,46044.48
2026-08-18 00:00:00+00:00,0.762,0.762,0.76,0.762,173030.34
2026-08-18 01:00:00+00:00,0.763,0.763,0.746,0.75,488839.33
2026-08-18 02:00:00+00:00,0.75,0.75,0.723,0.729,1960815.42
2026-08-18 03:00:00+00:00,0.729,0.734,0.728,0.732,561288.6
2026-08-18 04:00:00+00:00,0.732,0.736,0.731,0.735,207140.13
2026-08-18 05:00:00+00:00,0.735,0.739,0.733,0.738,116123.59
2026-08-18 06:00:00+00:00,0.738,0.742,0.737,0.74,216809.03
2026-08-18 07:00:00+00:00,0.74,0.741,0.735,0.737,149583.85
2026-08-18 08:00:00+00:00,0.737,0.738,0.734,0.736,158104.15
2026-08-18 09:00:00+00:00,0.736,0.74,0.735,0.739,90326.48
2026-08-18 10:00:00+00:00,0.74,0.741,0.739,0.741,127551.11
2026-08-18 11:00:00+00:00,0.741,0.743,0.74,0.74,145813.86
2026-08-18 12:00:00+00:00,0.74,0.741,0.735,0.736,189529.67
2026-08-18 13:00:00+00:00,0.736,0.741,0.736,0.74,71848.27
2026-08-18 14:00:00+00:00,0.74,0.75,0.739,0.747,156661.86
2026-08-18 15:00:00+00:00,0.746,0.754,0.745,0.749,343085.25
2026-08-18 16:00:00+00:00,0.749,0.754,0.748,0.752,269082.02
2026-08-18 17:00:00+00:00,0.753,0.753,0.746,0.749,204801.65
2026-08-18 18:00:00+00:00,0.749,0.754,0.748,0.753,102627.44
2026-08-18 19:00:00+00:00,0.752,0.753,0.746,0.747,93188.95
2026-08-18 20:00:00+00:00,0.747,0.749,0.744,0.745,68723.67
2026-08-18 21:00:00+00:00,0.744,0.751,0.744,0.75,97142.37
2026-08-18 22:00:00+00:00,0.75,0.753,0.749,0.752,131337.07
2026-08-18 23:00:00+00:00,0.753,0.757,0.749,0.752,368481.55
2026-08-19 00:00:00+00:00,0.752,0.752,0.747,0.75,148164.94
2026-08-19 01:00:00+00:00,0.75,0.756,0.75,0.755,298249.03
2026-08-19 02:00:00+00:00,0.755,0.756,0.753,0.755,184078.12
2026-08-19 03:00:00+00:00,0.755,0.756,0.752,0.754,106285.11
2026-08-19 04:00:00+00:00,0.755,0.755,0.752,0.754,72979.95
2026-08-19 05:00:00+00:00,0.754,0.758,0.753,0.757,206216.42
2026-08-19 06:00:00+00:00,0.757,0.767,0.755,0.765,345766.97
2026-08-19 07:00:00+00:00,0.766,0.768,0.76,0.762,775511.01
2026-08-19 08:00:00+00:00,0.763,0.763,0.759,0.761,164967.15
2026-08-19 09:00:00+00:00,0.761,0.766,0.761,0.766,123887.58
2026-08-19 10:00:00+00:00,0.766,0.778,0.765,0.776,366692.14
2026-08-19 11:00:00+00:00,0.777,0.779,0.772,0.777,291983.44
2026-08-19 12:00:00+00:00,0.777,0.78,0.776,0.777,335499.31
2026-08-19 13:00:00+00:00,0.777,0.778,0.769,0.769,342259.02
2026-08-19 14:00:00+00:00,0.769,0.779,0.768,0.776,476296.95
2026-08-19 15:00:00+00:00,0.776,0.796,0.774,0.778,1817130.03
2026-08-19 16:00:00+00:00,0.778,0.783,0.776,0.779,637701.04
2026-08-19 17:00:00+00:00,0.779,0.78,0.771,0.775,177206.26
2026-08-19 18:00:00+00:00,0.776,0.778,0.773,0.774,171980.74
2026-08-19 19:00:00+00:00,0.773,0.78,0.773,0.78,346352.93
2026-08-19 20:00:00+00:00,0.78,0.794,0.778,0.791,409686.17
2026-08-19 21:00:00+00:00,0.79,0.807,0.789,0.805,744298.18
2026-08-19 22:00:00+00:00,0.805,0.808,0.788,0.792,577312.82
2026-08-19 23:00:00+00:00,0.793,0.793,0.787,0.789,264022.34
2026-08-20 00:00:00+00:00,0.789,0.794,0.789,0.791,265636.07
2026-08-20 01:00:00+00:00,0.791,0.797,0.789,0.796,231757.82
2026-08-20 02:00:00+00:00,0.795,0.796,0.789,0.79,142913.89
2026-08-20 03:00:00+00:00,0.79,0.79,0.78,0.784,230922.52
2026-08-20 04:00:00+00:00,0.783,0.787,0.783,0.787,174505.25
2026-08-20 05:00:00+00:00,0.787,0.79,0.786,0.789,113405.69
2026-08-20 06:00:00+00:00,0.788,0.794,0.788,0.793,117285.36
2026-08-20 07:00:00+00:00,0.793,0.793,0.786,0.79,137709.13
2026-08-20 08:00:00+00:00,0.791,0.807,0.791,0.806,513423.24
2026-08-20 09:00:00+00:00,0.806,0.807,0.798,0.799,310875.75
2026-08-20 10:00:00+00:00,0.8,0.811,0.798,0.809,361171.54
2026-08-20 11:00:00+00:00,0.809,0.821,0.805,0.82,717587.66
2026-08-20 12:00:00+00:00,0.821,0.83,0.818,0.825,1670262.16
2026-08-20 13:00:00+00:00,0.825,0.832,0.819,0.826,664790.9
2026-08-20 14:00:00+00:00,0.826,0.832,0.825,0.832,377905.22
2026-08-20 15:00:00+00:00,0.832,0.839,0.827,0.836,599419.31
2026-08-20 16:00:00+00:00,0.837,0.845,0.833,0.841,464455.28
2026-08-20 17:00:00+00:00,0.841,0.847,0.838,0.846,447407.65
2026-08-20 18:00:00+00:00,0.846,0.849,0.829,0.831,385358.87
2026-08-20 19:00:00+00:00,0.831,0.837,0.83,0.832,298928.74
2026-08-20 20:00:00+00:00,0.832,0.841,0.832,0.84,233721.27
2026-08-20 21:00:00+00:00,0.841,0.845,0.839,0.842,152856.17
2026-08-20 22:00:00+00:00,0.843,0.843,0.837,0.841,294340.9
2026-08-20 23:00:00+00:00,0.841,0.851,0.84,0.848,249888.43
2026-08-21 00:00:00+00:00,0.848,0.851,0.842,0.846,244017.2
2026-08-21 01:00:00+00:00,0.846,0.854,0.843,0.846,343221.07
2026-08-21 02:00:00+00:00,0.847,0.847,0.837,0.841,451211.82
2026-08-21 03:00:00+00:00,0.841,0.852,0.838,0.85,397011.29
2026-08-21 04:00:00+00:00,0.851,0.852,0.844,0.845,134480.75
2026-08-21 05:00:00+00:00,0.846,0.852,0.842,0.851,421343.96
2026-08-21 06:00:00+00:00,0.851,0.854,0.847,0.852,436717.87
2026-08-21 07:00:00+00:00,0.851,0.871,0.85,0.869,564220.76
2026-08-21 08:00:00+00:00,0.87,0.896,0.867,0.894,869991.28
2026-08-21 09:00:00+00:00,0.894,0.896,0.866,0.893,1378735.89
2026-08-21 10:00:00+00:00,0.893,0.905,0.883,0.888,1059988.74
2026-08-21 11:00:00+00:00,0.887,0.893,0.874,0.882,526526.96
2026-08-21 12:00:00+00:00,0.883,0.898,0.88,0.893,514062.34
2026-08-21 13:00:00+00:00,0.893,0.9,0.886,0.894,449197.2
2026-08-21 14:00:00+00:00,0.894,0.903,0.889,0.901,505008.43
2026-08-21 15:00:00+00:00,0.902,0.906,0.891,0.9,439868.1
2026-08-21 16:00:00+00:00,0.901,0.904,0.893,0.899,246164.92
2026-08-21 17:00:00+00:00,0.899,0.91,0.893,0.909,355104.55
2026-08-21 18:00:00+00:00,0.908,0.911,0.89,0.897,687938.37
2026-08-21 19:00:00+00:00,0.896,0.899,0.888,0.892,383547.74
2026-08-21 20:00:00+00:00,0.892,0.909,0.889,0.909,296169.17
2026-08-21 21:00:00+00:00,0.91,0.93,0.908,0.928,543623.83
2026-08-21 22:00:00+00:00,0.927,0.947,0.924,0.945,619465.46
2026-08-21 23:00:00+00:00,0.944,0.953,0.933,0.94,776709.16
2026-08-22 00:00:00+00:00,0.94,0.966,0.935,0.966,624827.5
2026-08-22 01:00:00+00:00,0.965,0.981,0.963,0.974,1044574.69
2026-08-22 02:00:00+00:00,0.975,1.001,0.975,0.998,1341795.75
2026-08-22 03:00:00+00:00,0.998,1.013,0.992,1.0,952566.56
2026-08-22 04:00:00+00:00,1.001,1.032,0.997,1.02,1378026.33
2026-08-22 05:00:00+00:00,1.019,1.026,0.9,0.965,5274284.36
2026-08-22 06:00:00+00:00,0.966,0.967,0.945,0.959,568090.95
2026-08-22 07:00:00+00:00,0.959,0.964,0.945,0.946,433291.24
2026-08-22 08:00:00+00:00,0.946,0.949,0.924,0.932,839578.31
2026-08-22 09:00:00+00:00,0.933,0.935,0.92,0.926,593128.91
2026-08-22 10:00:00+00:00,0.926,0.926,0.899,0.92,1071646.54
2026-08-22 11:00:00+00:00,0.92,0.925,0.914,0.923,327993.01
2026-08-22 12:00:00+00:00,0.922,0.933,0.92,0.926,271021.46
2026-08-22 13:00:00+00:00,0.927,0.934,0.923,0.932,411749.12
2026-08-22 14:00:00+00:00,0.932,0.933,0.918,0.923,346376.87
2026-08-22 15:00:00+00:00,0.923,0.927,0.916,0.923,201217.36
2026-08-22 16:00:00+00:00,0.923,0.939,0.918,0.936,370628.34
2026-08-22 17:00:00+00:00,0.936,0.939,0.929,0.935,227169.6
2026-08-22 18:00:00+00:00,0.936,0.937,0.924,0.929,184865.44
2026-08-22 19:00:00+00:00,0.929,0.938,0.928,0.934,155848.55
2026-08-22 20:00:00+00:00,0.934,0.938,0.929,0.932,146905.15
2026-08-22 21:00:00+00:00,0.93,0.932,0.907,0.91,619643.45
2026-08-22 22:00:00+00:00,0.909,0.923,0.906,0.919,261621.37
2026-08-22 23:00:00+00:00,0.919,0.923,0.914,0.92,119052.73
2026-08-23 00:00:00+00:00,0.92,0.935,0.919,0.931,272597.46
2026-08-23 01:00:00+00:00,0.93,0.93,0.92,0.922,206981.24
2026-08-23 02:00:00+00:00,0.922,0.922,0.908,0.909,408768.77
2026-08-23 03:00:00+00:00,0.908,0.909,0.887,0.89,487765.03
2026-08-23 04:00:00+00:00,0.889,0.893,0.876,0.88,472770.6
2026-08-23 05:00:00+00:00,0.88,0.894,0.876,0.883,453412.37
2026-08-23 06:00:00+00:00,0.883,0.892,0.88,0.885,185601.86
2026-08-23 07:00:00+00:00,0.885,0.895,0.884,0.892,210459.19
2026-08-23 08:00:00+00:00,0.891,0.902,0.891,0.898,261715.62
2026-08-23 09:00:00+00:00,0.897,0.901,0.894,0.897,187115.25
2026-08-23 10:00:00+00:00,0.898,0.909,0.897,0.906,400804.55
2026-08-23 11:00:00+00:00,0.906,0.919,0.906,0.918,293198.72
2026-08-23 12:00:00+00:00,0.918,0.925,0.914,0.924,267337.57
2026-08-23 13:00:00+00:00,0.924,0.936,0.924,0.934,386555.04
2026-08-23 14:00:00+00:00,0.935,0.937,0.91,0.924,452449.52
2026-08-23 15:00:00+00:00,0.924,0.934,0.92,0.926,432265.65
2026-08-23 16:00:00+00:00,0.927,0.93,0.92,0.926,310199.5
2026-08-23 17:00:00+00:00,0.926,0.931,0.92,0.926,247381.81
2026-08-23 18:00:00+00:00,0.925,0.93,0.924,0.927,135020.48
2026-08-23 19:00:00+00:00,0.928,0.929,0.918,0.921,202730.47
2026-08-23 20:00:00+00:00,0.921,0.924,0.917,0.923,59316.01
2026-08-23 21:00:00+00:00,0.923,0.936,0.923,0.931,213207.81
2026-08-23 22:00:00+00:00,0.931,0.934,0.925,0.93,130549.5
2026-08-23 23:00:00+00:00,0.929,0.932,0.925,0.928,209969.61
2026-08-24 00:00:00+00:00,0.929,0.929,0.911,0.922,392516.0
2026-08-24 01:00:00+00:00,0.922,0.922,0.899,0.9,554248.72
2026-08-24 02:00:00+00:00,0.899,0.911,0.896,0.91,300925.99
2026-08-24 03:00:00+00:00,0.909,0.91,0.898,0.901,227000.48
2026-08-24 04:00:00+00:00,0.901,0.915,0.901,0.911,308925.31
2026-08-24 05:00:00+00:00,0.91,0.919,0.906,0.91,212378.62
2026-08-24 06:00:00+00:00,0.909,0.911,0.9,0.905,173450.2
2026-08-24 07:00:00+00:00,0.905,0.912,0.899,0.9,191861.06
2026-08-24 08:00:00+00:00,0.901,0.904,0.892,0.898,296035.29
2026-08-24 09:00:00+00:00,0.897,0.91,0.896,0.906,169529.16
2026-08-24 10:00:00+00:00,0.907,0.911,0.899,0.9,283272.64
2026-08-24 11:00:00+00:00,0.901,0.92,0.895,0.915,198846.82
2026-08-24 12:00:00+00:00,0.916,0.925,0.902,0.922,438571.33
2026-08-24 13:00:00+00:00,0.922,0.924,0.901,0.91,397041.4
2026-08-24 14:00:00+00:00,0.909,0.919,0.906,0.915,471075.97
2026-08-24 15:00:00+00:00,0.914,0.924,0.904,0.905,532139.79
2026-08-24 16:00:00+00:00,0.906,0.919,0.906,0.91,390333.17
2026-08-24 17:00:00+00:00,0.911,0.915,0.895,0.906,414862.24
2026-08-24 18:00:00+00:00,0.906,0.91,0.902,0.904,164814.29
2026-08-24 19:00:00+00:00,0.904,0.908,0.898,0.904,223234.39
2026-08-24 20:00:00+00:00,0.905,0.907,0.898,0.904,98394.49
2026-08-24 21:00:00+00:00,0.905,0.908,0.904,0.904,82383.64
2026-08-24 22:00:00+00:00,0.904,0.905,0.893,0.895,217948.87
2026-08-24 23:00:00+00:00,0.895,0.901,0.89,0.899,230460.43
2026-08-25 00:00:00+00:00,0.899,0.911,0.894,0.909,413268.87
2026-08-25 01:00:00+00:00,0.908,0.911,0.903,0.905,189975.38
2026-08-25 02:00:00+00:00,0.905,0.924,0.901,0.913,524543.42
2026-08-25 03:00:00+00:00,0.913,0.921,0.907,0.909,199582.2
2026-08-25 04:00:00+00:00,0.909,0.915,0.908,0.915,331009.91
2026-08-25 05:00:00+00:00,0.914,0.921,0.914,0.917,153998.78
2026-08-25 06:00:00+00:00,0.916,0.919,0.905,0.906,151241.39
2026-08-25 07:00:00+00:00,0.907,0.914,0.893,0.902,336397.57
2026-08-25 08:00:00+00:00,0.901,0.909,0.9,0.902,335018.92
2026-08-25 09:00:00+00:00,0.902,0.905,0.892,0.896,206237.49
2026-08-25 10:00:00+00:00,0.896,0.898,0.892,0.897,199727.28
2026-08-25 11:00:00+00:00,0.896,0.897,0.892,0.892,86569.28
2026-08-25 12:00:00+00:00,0.892,0.893,0.88,0.887,467595.98
2026-08-25 13:00:00+00:00,0.887,0.887,0.864,0.875,1027139.92
2026-08-25 14:00:00+00:00,0.874,0.883,0.873,0.876,303382.73
2026-08-25 15:00:00+00:00,0.876,0.878,0.872,0.876,231114.36
2026-08-25 16:00:00+00:00,0.876,0.879,0.872,0.874,157377.49
2026-08-25 17:00:00+00:00,0.874,0.876,0.868,0.876,285086.76
2026-08-25 18:00:00+00:00,0.875,0.88,0.874,0.88,235255.02
2026-08-25 19:00:00+00:00,0.879,0.881,0.872,0.875,102641.38
2026-08-25 20:00:00+00:00,0.876,0.876,0.855,0.856,612036.99
2026-08-25 21:00:00+00:00,0.856,0.862,0.843,0.858,477511.47
2026-08-25 22:00:00+00:00,0.858,0.864,0.858,0.861,136827.57
2026-08-25 23:00:00+00:00,0.86,0.862,0.85,0.852,137746.9
2026-08-26 00:00:00+00:00,0.852,0.853,0.847,0.852,328604.81
2026-08-26 01:00:00+00:00,0.851,0.857,0.848,0.851,206094.49
2026-08-26 02:00:00+00:00,0.852,0.86,0.847,0.859,111391.96
2026-08-26 03:00:00+00:00,0.859,0.861,0.855,0.857,174486.18
2026-08-26 04:00:00+00:00,0.857,0.859,0.852,0.853,101249.06
2026-08-26 05:00:00+00:00,0.852,0.854,0.846,0.854,139345.5
2026-08-26 06:00:00+00:00,0.854,0.861,0.852,0.861,195803.4
2026-08-26 07:00:00+00:00,0.86,0.861,0.854,0.855,251745.44
2026-08-26 08:00:00+00:00,0.855,0.863,0.851,0.853,314790.92
2026-08-26 09:00:00+00:00,0.853,0.854,0.839,0.844,407973.25
2026-08-26 10:00:00+00:00,0.843,0.856,0.84,0.855,341682.38
2026-08-26 11:00:00+00:00,0.855,0.857,0.849,0.852,164834.4
2026-08-26 12:00:00+00:00,0.852,0.857,0.845,0.848,314332.94
2026-08-26 13:00:00+00:00,0.848,0.85,0.837,0.843,433865.18
2026-08-26 14:00:00+00:00,0.843,0.845,0.836,0.837,259644.99
2026-08-26 15:00:00+00:00,0.836,0.842,0.831,0.84,252272.03
2026-08-26 16:00:00+00:00,0.839,0.841,0.83,0.833,368133.19
2026-08-26 17:00:00+00:00,0.832,0.844,0.832,0.841,176604.99
2026-08-26 18:00:00+00:00,0.84,0.844,0.838,0.842,125878.9
2026-08-26 19:00:00+00:00,0.843,0.846,0.84,0.842,127220.6
2026-08-26 20:00:00+00:00,0.841,0.844,0.835,0.844,88933.35
2026-08-26 21:00:00+00:00,0.844,0.851,0.843,0.85,211697.32
2026-08-26 22:00:00+00:00,0.85,0.857,0.849,0.856,237230.29
2026-08-26 23:00:00+00:00,0.855,0.878,0.854,0.876,620127.91
2026-08-27 00:00:00+00:00,0.876,0.884,0.871,0.873,587199.83
2026-08-27 01:00:00+00:00,0.873,0.883,0.87,0.877,558147.86
2026-08-27 02:00:00+00:00,0.877,0.879,0.866,0.871,274231.27
2026-08-27 03:00:00+00:00,0.871,0.875,0.866,0.87,248476.91
2026-08-27 04:00:00+00:00,0.871,0.874,0.864,0.867,82365.61
2026-08-27 05:00:00+00:00,0.867,0.878,0.864,0.876,177427.94
2026-08-27 06:00:00+00:00,0.876,0.878,0.869,0.876,152812.03
2026-08-27 07:00:00+00:00,0.876,0.878,0.873,0.877,172558.25
2026-08-27 08:00:00+00:00,0.876,0.892,0.876,0.89,312535.19
2026-08-27 09:00:00+00:00,0.89,0.896,0.881,0.882,386476.52
2026-08-27 10:00:00+00:00,0.882,0.883,0.867,0.874,273246.47
2026-08-27 11:00:00+00:00,0.874,0.877,0.866,0.87,112271.25
2026-08-27 12:00:00+00:00,0.871,0.876,0.867,0.873,331523.57
2026-08-27 13:00:00+00:00,0.874,0.877,0.868,0.876,204007.11
2026-08-27 14:00:00+00:00,0.874,0.885,0.872,0.881,294730.46
2026-08-27 15:00:00+00:00,0.881,0.888,0.878,0.885,398514.91
2026-08-27 16:00:00+00:00,0.886,0.891,0.883,0.884,295989.23
2026-08-27 17:00:00+00:00,0.884,0.894,0.883,0.886,149767.02
2026-08-27 18:00:00+00:00,0.886,0.888,0.877,0.883,370434.6
2026-08-27 19:00:00+00:00,0.883,0.886,0.88,0.881,146601.51
2026-08-27 20:00:00+00:00,0.881,0.886,0.878,0.883,182968.92
2026-08-27 21:00:00+00:00,0.883,0.884,0.878,0.883,109145.71
2026-08-27 22:00:00+00:00,0.883,0.889,0.881,0.883,86523.41
2026-08-27 23:00:00+00:00,0.883,0.885,0.881,0.881,105002.03
2026-08-28 00:00:00+00:00,0.882,0.884,0.878,0.881,234225.79
2026-08-28 01:00:00+00:00,0.881,0.896,0.879,0.881,235588.24
2026-08-28 02:00:00+00:00,0.88,0.882,0.864,0.868,416451.32
2026-08-28 03:00:00+00:00,0.868,0.875,0.866,0.871,242599.05
2026-08-28 04:00:00+00:00,0.87,0.874,0.866,0.87,132380.23
2026-08-28 05:00:00+00:00,0.869,0.872,0.864,0.869,130140.62
2026-08-28 06:00:00+00:00,0.869,0.878,0.869,0.877,63464.99
2026-08-28 07:00:00+00:00,0.877,0.878,0.869,0.87,179880.91
2026-08-28 08:00:00+00:00,0.871,0.876,0.87,0.872,133805.44
2026-08-28 09:00:00+00:00,0.872,0.873,0.867,0.868,199212.85
2026-08-28 10:00:00+00:00,0.868,0.88,0.863,0.878,250327.03
2026-08-28 11:00:00+00:00,0.879,0.88,0.874,0.876,81398.38
2026-08-28 12:00:00+00:00,0.875,0.876,0.867,0.869,161637.56
2026-08-28 13:00:00+00:00,0.869,0.872,0.863,0.868,274164.04
2026-08-28 14:00:00+00:00,0.867,0.881,0.854,0.876,687931.37
2026-08-28 15:00:00+00:00,0.877,0.879,0.856,0.857,281464.51
2026-08-28 16:00:00+00:00,0.856,0.858,0.838,0.853,756463.99
2026-08-28 17:00:00+00:00,0.853,0.855,0.848,0.85,190575.33
2026-08-28 18:00:00+00:00,0.85,0.85,0.836,0.842,299637.35
2026-08-28 19:00:00+00:00,0.843,0.847,0.842,0.845,169758.9
2026-08-28 20:00:00+00:00,0.845,0.848,0.842,0.845,124121.86
2026-08-28 21:00:00+00:00,0.846,0.847,0.838,0.84,87999.38
2026-08-28 22:00:00+00:00,0.84,0.85,0.84,0.848,74845.03
2026-08-28 23:00:00+00:00,0.848,0.85,0.847,0.849,68378.71
2026-08-29 00:00:00+00:00,0.849,0.854,0.849,0.849,101743.31
2026-08-29 01:00:00+00:00,0.849,0.849,0.843,0.845,93987.19
2026-08-29 02:00:00+00:00,0.846,0.847,0.841,0.844,57791.57
2026-08-29 03:00:00+00:00,0.844,0.845,0.84,0.841,75110.93
2026-08-29 04:00:00+00:00,0.84,0.845,0.839,0.843,76122.56
2026-08-29 05:00:00+00:00,0.843,0.845,0.842,0.844,52051.24
2026-08-29 06:00:00+00:00,0.844,0.844,0.835,0.839,139801.45
2026-08-29 07:00:00+00:00,0.839,0.841,0.837,0.839,65115.52
2026-08-29 08:00:00+00:00,0.839,0.84,0.837,0.837,71897.27
2026-08-29 09:00:00+00:00,0.838,0.839,0.836,0.838,87703.88
2026-08-29 10:00:00+00:00,0.839,0.842,0.836,0.84,151619.53
2026-08-29 11:00:00+00:00,0.84,0.843,0.84,0.84,66427.36
2026-08-29 12:00:00+00:00,0.84,0.846,0.83,0.836,1063451.71
2026-08-29 13:00:00+00:00,0.835,0.841,0.835,0.84,154010.84
2026-08-29 14:00:00+00:00,0.839,0.848,0.837,0.847,156017.02
2026-08-29 15:00:00+00:00,0.846,0.846,0.839,0.841,200254.31
2026-08-29 16:00:00+00:00,0.841,0.843,0.838,0.838,141363.96
2026-08-29 17:00:00+00:00,0.838,0.841,0.837,0.838,128080.83
2026-08-29 18:00:00+00:00,0.839,0.842,0.836,0.84,56793.74
2026-08-29 19:00:00+00:00,0.84,0.844,0.839,0.844,82005.73
2026-08-29 20:00:00+00:00,0.844,0.845,0.841,0.842,81654.02
2026-08-29 21:00:00+00:00,0.843,0.849,0.842,0.846,199814.89
2026-08-29 22:00:00+00:00,0.845,0.849,0.844,0.848,91423.92
2026-08-29 23:00:00+00:00,0.848,0.849,0.845,0.846,106899.88
2026-08-30 00:00:00+00:00,0.845,0.846,0.839,0.84,156456.17
2026-08-30 01:00:00+00:00,0.84,0.841,0.834,0.835,161293.89
2026-08-30 02:00:00+00:00,0.835,0.839,0.834,0.837,109930.41
2026-08-30 03:00:00+00:00,0.837,0.84,0.837,0.838,68848.37
2026-08-30 04:00:00+00:00,0.837,0.84,0.833,0.837,111768.36
2026-08-30 05:00:00+00:00,0.837,0.845,0.837,0.842,66389.86
2026-08-30 06:00:00+00:00,0.842,0.846,0.841,0.846,94040.19
2026-08-30 07:00:00+00:00,0.845,0.846,0.841,0.843,64007.71
2026-08-30 08:00:00+00:00,0.843,0.845,0.839,0.841,124579.52
2026-08-30 09:00:00+00:00,0.841,0.846,0.84,0.844,73002.56
2026-08-30 10:00:00+00:00,0.844,0.851,0.842,0.85,100519.44
2026-08-30 11:00:00+00:00,0.85,0.854,0.849,0.853,205255.03
2026-08-30 12:00:00+00:00,0.853,0.86,0.852,0.858,367945.6
2026-08-30 13:00:00+00:00,0.858,0.87,0.857,0.866,342221.49
2026-08-30 14:00:00+00:00,0.866,0.868,0.855,0.856,313501.65
2026-08-30 15:00:00+00:00,0.857,0.857,0.85,0.853,199971.76
2026-08-30 16:00:00+00:00,0.852,0.864,0.851,0.863,242955.68
2026-08-30 17:00:00+00:00,0.864,0.864,0.856,0.86,142913.76
2026-08-30 18:00:00+00:00,0.861,0.866,0.856,0.864,125437.08
2026-08-30 19:00:00+00:00,0.864,0.865,0.856,0.86,181099.38
2026-08-30 20:00:00+00:00,0.861,0.864,0.847,0.851,249548.44
2026-08-30 21:00:00+00:00,0.852,0.854,0.842,0.852,205418.76
2026-08-30 22:00:00+00:00,0.852,0.856,0.84,0.845,224714.99
2026-08-30 23:00:00+00:00,0.844,0.845,0.808,0.819,1568962.15
2026-08-31 00:00:00+00:00,0.819,0.828,0.817,0.823,205277.92
2026-08-31 01:00:00+00:00,0.823,0.826,0.816,0.818,251549.18
2026-08-31 02:00:00+00:00,0.818,0.825,0.812,0.815,269427.87
2026-08-31 03:00:00+00:00,0.814,0.823,0.814,0.822,89237.49
2026-08-31 04:00:00+00:00,0.821,0.821,0.818,0.821,198637.07
2026-08-31 05:00:00+00:00,0.821,0.834,0.821,0.831,234063.4
2026-08-31 06:00:00+00:00,0.83,0.833,0.827,0.828,168818.2
2026-08-31 07:00:00+00:00,0.828,0.833,0.827,0.832,91894.9
2026-08-31 08:00:00+00:00,0.831,0.833,0.826,0.829,145307.14
2026-08-31 09:00:00+00:00,0.829,0.837,0.828,0.832,134789.65
2026-08-31 10:00:00+00:00,0.832,0.835,0.828,0.832,295730.06
2026-08-31 11:00:00+00:00,0.832,0.833,0.825,0.827,189280.19
2026-08-31 12:00:00+00:00,0.827,0.83,0.821,0.826,199134.99
2026-08-31 13:00:00+00:00,0.826,0.83,0.82,0.823,295627.29
2026-08-31 14:00:00+00:00,0.823,0.834,0.821,0.831,267226.68
2026-08-31 15:00:00+00:00,0.831,0.831,0.824,0.824,128350.23
2026-08-31 16:00:00+00:00,0.825,0.83,0.823,0.827,91094.52
2026-08-31 17:00:00+00:00,0.827,0.841,0.826,0.838,333922.03
2026-08-31 18:00:00+00:00,0.838,0.844,0.835,0.838,241363.9
2026-08-31 19:00:00+00:00,0.839,0.842,0.835,0.836,191630.52
2026-08-31 20:00:00+00:00,0.836,0.842,0.833,0.833,361381.26
2026-08-31 21:00:00+00:00,0.834,0.843,0.828,0.841,279283.55
2026-08-31 22:00:00+00:00,0.841,0.842,0.835,0.837,111668.34
2026-08-31 23:00:00+00:00,0.837,0.841,0.833,0.84,131013.3
2026-09-01 00:00:00+00:00,0.84,0.849,0.839,0.849,204739.1
2026-09-01 01:00:00+00:00,0.849,0.856,0.842,0.849,399230.79
2026-09-01 02:00:00+00:00,0.849,0.856,0.846,0.852,437868.4
2026-09-01 03:00:00+00:00,0.852,0.861,0.85,0.859,194339.02
2026-09-01 04:00:00+00:00,0.858,0.86,0.851,0.852,126866.46
2026-09-01 05:00:00+00:00,0.852,0.856,0.849,0.855,123369.79
2026-09-01 06:00:00+00:00,0.854,0.871,0.853,0.871,693535.99
2026-09-01 07:00:00+00:00,0.871,0.877,0.868,0.869,332229.19
2026-09-01 08:00:00+00:00,0.869,0.871,0.853,0.855,1029201.92
2026-09-01 09:00:00+00:00,0.856,0.858,0.851,0.854,411689.13
2026-09-01 10:00:00+00:00,0.854,0.874,0.854,0.864,336068.02
2026-09-01 11:00:00+00:00,0.863,0.874,0.862,0.869,291628.06
2026-09-01 12:00:00+00:00,0.87,0.87,0.857,0.859,299722.7
2026-09-01 13:00:00+00:00,0.859,0.864,0.853,0.863,279916.45
2026-09-01 14:00:00+00:00,0.863,0.874,0.862,0.868,281366.62
2026-09-01 15:00:00+00:00,0.869,0.87,0.86,0.869,163746.66
2026-09-01 16:00:00+00:00,0.869,0.869,0.855,0.865,234769.1
2026-09-01 17:00:00+00:00,0.864,0.882,0.861,0.875,405539.41
2026-09-01 18:00:00+00:00,0.876,0.877,0.855,0.866,523520.42
2026-09-01 19:00:00+00:00,0.866,0.881,0.866,0.874,362696.22
2026-09-01 20:00:00+00:00,0.875,0.876,0.864,0.866,268503.59
2026-09-01 21:00:00+00:00,0.866,0.87,0.856,0.865,208347.89
2026-09-01 22:00:00+00:00,0.865,0.867,0.858,0.863,140541.45
2026-09-01 23:00:00+00:00,0.863,0.875,0.862,0.872,141115.6
2026-09-02 00:00:00+00:00,0.872,0.876,0.865,0.867,269575.86
2026-09-02 01:00:00+00:00,0.867,0.872,0.859,0.867,286067.04
2026-09-02 02:00:00+00:00,0.866,0.881,0.865,0.876,434895.85
2026-09-02 03:00:00+00:00,0.876,0.891,0.876,0.887,563758.64
2026-09-02 04:00:00+00:00,0.887,0.894,0.879,0.893,274123.14
2026-09-02 05:00:00+00:00,0.893,0.893,0.874,0.874,999897.62
2026-09-02 06:00:00+00:00,0.875,0.876,0.857,0.861,583817.67
2026-09-02 07:00:00+00:00,0.86,0.866,0.859,0.863,216616.22
2026-09-02 08:00:00+00:00,0.863,0.867,0.853,0.856,281692.08
2026-09-02 09:00:00+00:00,0.857,0.861,0.847,0.851,340601.69
2026-09-02 10:00:00+00:00,0.851,0.851,0.838,0.845,597347.49
2026-09-02 11:00:00+00:00,0.844,0.846,0.84,0.845,274817.64
2026-09-02 12:00:00+00:00,0.845,0.849,0.839,0.839,295233.95
2026-09-02 13:00:00+00:00,0.84,0.854,0.838,0.851,525100.46
2026-09-02 14:00:00+00:00,0.851,0.854,0.845,0.845,259939.44
2026-09-02 15:00:00+00:00,0.846,0.853,0.842,0.851,255936.18
2026-09-02 16:00:00+00:00,0.851,0.856,0.848,0.853,329842.59
2026-09-02 17:00:00+00:00,0.854,0.858,0.845,0.855,398033.24
2026-09-02 18:00:00+00:00,0.855,0.862,0.852,0.861,329404.41
2026-09-02 19:00:00+00:00,0.86,0.862,0.857,0.861,120525.61
2026-09-02 20:00:00+00:00,0.861,0.868,0.861,0.862,190855.98
2026-09-02 21:00:00+00:00,0.861,0.867,0.858,0.863,116186.31
2026-09-02 22:00:00+00:00,0.862,0.864,0.856,0.861,205034.99
2026-09-02 23:00:00+00:00,0.861,0.868,0.86,0.868,274100.54
2026-09-03 00:00:00+00:00,0.868,0.87,0.857,0.86,122322.02
2026-09-03 01:00:00+00:00,0.859,0.881,0.854,0.871,537093.36
2026-09-03 02:00:00+00:00,0.871,0.888,0.868,0.884,264350.49
2026-09-03 03:00:00+00:00,0.883,0.884,0.871,0.873,172206.06
2026-09-03 04:00:00+00:00,0.874,0.88,0.87,0.879,165084.54
2026-09-03 05:00:00+00:00,0.88,0.881,0.865,0.879,225088.86
2026-09-03 06:00:00+00:00,0.879,0.88,0.875,0.875,191574.11
2026-09-03 07:00:00+00:00,0.875,0.882,0.873,0.875,218944.81
2026-09-03 08:00:00+00:00,0.876,0.882,0.873,0.878,168889.43
2026-09-03 09:00:00+00:00,0.878,0.88,0.875,0.875,134137.98
2026-09-03 10:00:00+00:00,0.875,0.88,0.872,0.877,173928.32
2026-09-03 11:00:00+00:00,0.878,0.88,0.874,0.878,206488.7
2026-09-03 12:00:00+00:00,0.877,0.883,0.874,0.881,308674.15
2026-09-03 13:00:00+00:00,0.88,0.88,0.869,0.87,289410.39
2026-09-03 14:00:00+00:00,0.869,0.891,0.868,0.891,505263.07
2026-09-03 15:00:00+00:00,0.891,0.895,0.882,0.893,500574.22
2026-09-03 16:00:00+00:00,0.893,0.895,0.885,0.889,1027832.26
2026-09-03 17:00:00+00:00,0.889,0.89,0.886,0.889,391876.76
2026-09-03 18:00:00+00:00,0.888,0.898,0.888,0.895,606197.24
2026-09-03 19:00:00+00:00,0.895,0.901,0.892,0.897,534215.12
2026-09-03 20:00:00+00:00,0.897,0.898,0.892,0.897,161771.12
2026-09-03 21:00:00+00:00,0.897,0.901,0.895,0.895,423474.3
2026-09-03 22:00:00+00:00,0.895,0.895,0.882,0.888,252334.71
2026-09-03 23:00:00+00:00,0.888,0.889,0.886,0.889,192588.16
