timestamp,open,high,low,close,volume
2026-03-08 01:00:00+00:00,0.0249,0.02503,0.02487,0.02496,647288.0
2026-03-08 02:00:00+00:00,0.02496,0.02501,0.02473,0.02477,1218949.0
2026-03-08 03:00:00+00:00,0.02477,0.02487,0.02474,0.02483,1104915.0
2026-03-08 04:00:00+00:00,0.02483,0.02485,0.02464,0.02473,722910.0
2026-03-08 05:00:00+00:00,0.02473,0.02502,0.02471,0.02491,1377258.0
2026-03-08 06:00:00+00:00,0.02491,0.02493,0.0248,0.02488,387576.0
2026-03-08 07:00:00+00:00,0.02489,0.02502,0.02488,0.02496,461694.0
2026-03-08 08:00:00+00:00,0.02497,0.02506,0.02487,0.02504,602785.0
2026-03-08 09:00:00+00:00,0.02505,0.02532,0.02501,0.0253,954216.0
2026-03-08 10:00:00+00:00,0.0253,0.02562,0.0253,0.02546,772201.0
2026-03-08 11:00:00+00:00,0.02545,0.02545,0.02525,0.02533,464375.0
2026-03-08 12:00:00+00:00,0.02532,0.02552,0.02515,0.02539,910324.0
2026-03-08 13:00:00+00:00,0.0254,0.0254,0.02516,0.02535,820768.0
2026-03-08 14:00:00+00:00,0.02535,0.02541,0.02517,0.02525,502177.0
2026-03-08 15:00:00+00:00,0.02523,0.02523,0.02499,0.02507,619038.0
2026-03-08 16:00:00+00:00,0.02508,0.02508,0.02484,0.02487,680624.0
2026-03-08 17:00:00+00:00,0.02488,0.02498,0.02479,0.02482,2046685.0
2026-03-08 18:00:00+00:00,0.02483,0.02483,0.0246,0.02468,2138276.0
2026-03-08 19:00:00+00:00,0.02468,0.02513,0.02468,0.02503,2427179.0
2026-03-08 20:00:00+00:00,0.02503,0.02513,0.0249,0.025,2479370.0
2026-03-08 21:00:00+00:00,0.025,0.02507,0.02488,0.02499,1477486.0
2026-03-08 22:00:00+00:00,0.02499,0.02499,0.02449,0.02483,2073700.0
2026-03-08 23:00:00+00:00,0.02487,0.02492,0.02461,0.02467,1110558.0
2026-03-09 00:00:00+00:00,0.0247,0.02516,0.02466,0.02489,1106176.0
2026-03-09 01:00:00+00:00,0.02489,0.02498,0.02474,0.02475,656131.0
2026-03-09 02:00:00+00:00,0.02474,0.02502,0.02465,0.02492,933720.0
2026-03-09 03:00:00+00:00,0.02491,0.02531,0.02491,0.02504,1150199.0
2026-03-09 04:00:00+00:00,0.02505,0.02525,0.02502,0.02509,389278.0
2026-03-09 05:00:00+00:00,0.02509,0.02558,0.02502,0.02547,1603338.0
2026-03-09 06:00:00+00:00,0.02547,0.0255,0.02518,0.02519,739833.0
2026-03-09 07:00:00+00:00,0.02519,0.02533,0.02501,0.02529,1323904.0
2026-03-09 08:00:00+00:00,0.0253,0.02543,0.02517,0.02518,2432377.0
2026-03-09 09:00:00+00:00,0.02518,0.02544,0.0251,0.0252,1580114.0
2026-03-09 10:00:00+00:00,0.02522,0.02522,0.02505,0.02515,1368656.0
2026-03-09 11:00:00+00:00,0.02515,0.02522,0.025,0.02515,757074.0
2026-03-09 12:00:00+00:00,0.02515,0.02543,0.02515,0.02533,1074702.0
2026-03-09 13:00:00+00:00,0.02535,0.02564,0.02526,0.02555,1206100.0
2026-03-09 14:00:00+00:00,0.02555,0.02563,0.02536,0.02543,1716390.0
2026-03-09 15:00:00+00:00,0.02544,0.02549,0.02528,0.02539,928102.0
2026-03-09 16:00:00+00:00,0.0254,0.02555,0.02528,0.02531,1333255.0
2026-03-09 17:00:00+00:00,0.02533,0.02545,0.0253,0.02536,870368.0
2026-03-09 18:00:00+00:00,0.02535,0.02546,0.02522,0.02529,984728.0
2026-03-09 19:00:00+00:00,0.02531,0.02582,0.02522,0.02545,1633740.0
2026-03-09 20:00:00+00:00,0.02544,0.02546,0.02526,0.02536,701035.0
2026-03-09 21:00:00+00:00,0.02534,0.02543,0.02528,0.02534,459516.0
2026-03-09 22:00:00+00:00,0.02533,0.02533,0.02501,0.02508,842831.0
2026-03-09 23:00:00+00:00,0.02507,0.02516,0.02502,0.02506,487339.0
2026-03-10 00:00:00+00:00,0.02506,0.02529,0.025,0.02517,1115788.0
2026-03-10 01:00:00+00:00,0.02517,0.02527,0.02504,0.02522,830111.0
2026-03-10 02:00:00+00:00,0.02519,0.02559,0.02513,0.02542,1249296.0
2026-03-10 03:00:00+00:00,0.02542,0.02547,0.02519,0.02525,531677.0
2026-03-10 04:00:00+00:00,0.02523,0.02551,0.02523,0.02543,701036.0
2026-03-10 05:00:00+00:00,0.02545,0.02548,0.02528,0.0253,490415.0
2026-03-10 06:00:00+00:00,0.02529,0.02529,0.02515,0.02524,567716.0
2026-03-10 07:00:00+00:00,0.02522,0.02536,0.02521,0.02528,1193845.0
2026-03-10 08:00:00+00:00,0.0253,0.0254,0.02525,0.02529,2082142.0
2026-03-10 09:00:00+00:00,0.02531,0.02564,0.0253,0.02552,848479.0
2026-03-10 10:00:00+00:00,0.02552,0.02561,0.02539,0.0256,694736.0
2026-03-10 11:00:00+00:00,0.02561,0.02564,0.02537,0.02538,3103633.0
2026-03-10 12:00:00+00:00,0.02537,0.02549,0.02527,0.02542,2164943.0
2026-03-10 13:00:00+00:00,0.02543,0.0256,0.02521,0.02536,1257993.0
2026-03-10 14:00:00+00:00,0.02537,0.02587,0.02518,0.02587,2787034.0
2026-03-10 15:00:00+00:00,0.02586,0.0259,0.0255,0.02566,3237578.0
2026-03-10 16:00:00+00:00,0.02567,0.0259,0.02553,0.02578,1703093.0
2026-03-10 17:00:00+00:00,0.0258,0.02586,0.02554,0.02565,1081679.0
2026-03-10 18:00:00+00:00,0.02562,0.02563,0.02518,0.02526,1411926.0
2026-03-10 19:00:00+00:00,0.02528,0.02531,0.02504,0.02515,828331.0
2026-03-10 20:00:00+00:00,0.02515,0.02527,0.0251,0.02515,455810.0
2026-03-10 21:00:00+00:00,0.02517,0.02523,0.02486,0.02488,1796178.0
2026-03-10 22:00:00+00:00,0.02487,0.02507,0.02486,0.02497,837754.0
2026-03-10 23:00:00+00:00,0.02498,0.02506,0.02491,0.02495,814700.0
2026-03-11 00:00:00+00:00,0.02497,0.02497,0.02481,0.02487,1246266.0
2026-03-11 01:00:00+00:00,0.02489,0.02501,0.02486,0.025,570801.0
2026-03-11 02:00:00+00:00,0.02502,0.02504,0.02486,0.02502,1350409.0
2026-03-11 03:00:00+00:00,0.02503,0.0251,0.02492,0.02495,689252.0
2026-03-11 04:00:00+00:00,0.02494,0.02522,0.02488,0.02518,1405540.0
2026-03-11 05:00:00+00:00,0.02518,0.02519,0.02478,0.0249,1321077.0
2026-03-11 06:00:00+00:00,0.02492,0.02519,0.02489,0.02516,960839.0
2026-03-11 07:00:00+00:00,0.02515,0.02523,0.02503,0.02513,956683.0
2026-03-11 08:00:00+00:00,0.02515,0.0253,0.02515,0.02526,1279790.0
2026-03-11 09:00:00+00:00,0.02525,0.02569,0.02525,0.02551,2391551.0
2026-03-11 10:00:00+00:00,0.02551,0.02572,0.0254,0.02549,3123136.0
2026-03-11 11:00:00+00:00,0.02549,0.02567,0.0254,0.02554,2991986.0
2026-03-11 12:00:00+00:00,0.02555,0.02593,0.02546,0.02574,3079372.0
2026-03-11 13:00:00+00:00,0.02572,0.02625,0.02566,0.02595,5081485.0
2026-03-11 14:00:00+00:00,0.02595,0.02615,0.02585,0.02585,1347391.0
2026-03-11 15:00:00+00:00,0.0259,0.02592,0.02545,0.02566,2708173.0
2026-03-11 16:00:00+00:00,0.02567,0.02575,0.02558,0.02572,1591651.0
2026-03-11 17:00:00+00:00,0.02573,0.02595,0.02563,0.02583,1562741.0
2026-03-11 18:00:00+00:00,0.02583,0.026,0.02577,0.02599,1711401.0
2026-03-11 19:00:00+00:00,0.026,0.02601,0.02581,0.02592,1722123.0
2026-03-11 20:00:00+00:00,0.02591,0.02597,0.02579,0.0259,1127668.0
2026-03-11 21:00:00+00:00,0.02591,0.02603,0.02585,0.026,1134341.0
2026-03-11 22:00:00+00:00,0.02599,0.02609,0.02588,0.02596,1759368.0
2026-03-11 23:00:00+00:00,0.02597,0.02602,0.02583,0.02589,1402476.0
2026-03-12 00:00:00+00:00,0.02591,0.02594,0.02576,0.02585,1011690.0
2026-03-12 01:00:00+00:00,0.02586,0.02586,0.02563,0.02571,1464751.0
2026-03-12 02:00:00+00:00,0.02571,0.02578,0.02549,0.02549,1824634.0
2026-03-12 03:00:00+00:00,0.02548,0.02561,0.02541,0.02547,1601298.0
2026-03-12 04:00:00+00:00,0.02547,0.02559,0.02541,0.02546,1033377.0
2026-03-12 05:00:00+00:00,0.02545,0.02548,0.02532,0.02543,925350.0
2026-03-12 06:00:00+00:00,0.02542,0.02546,0.02539,0.02543,1127916.0
2026-03-12 07:00:00+00:00,0.02544,0.02558,0.02538,0.02551,1165000.0
2026-03-12 08:00:00+00:00,0.02552,0.0256,0.02542,0.02552,1019835.0
2026-03-12 09:00:00+00:00,0.02552,0.02582,0.02548,0.02567,2473940.0
2026-03-12 10:00:00+00:00,0.02568,0.0259,0.02558,0.02578,2847652.0
2026-03-12 11:00:00+00:00,0.02579,0.02579,0.0256,0.02567,4145976.0
2026-03-12 12:00:00+00:00,0.02566,0.02633,0.0256,0.02585,17981370.0
2026-03-12 13:00:00+00:00,0.02587,0.02633,0.02573,0.02633,7184778.0
2026-03-12 14:00:00+00:00,0.02633,0.02707,0.02577,0.02602,23110991.0
2026-03-12 15:00:00+00:00,0.02601,0.02658,0.02595,0.02642,6421030.0
2026-03-12 16:00:00+00:00,0.02644,0.0268,0.0263,0.02669,6680495.0
2026-03-12 17:00:00+00:00,0.02667,0.02673,0.02646,0.02663,5077484.0
2026-03-12 18:00:00+00:00,0.02664,0.02693,0.02646,0.02689,6120829.0
2026-03-12 19:00:00+00:00,0.02689,0.02862,0.02684,0.02759,53577634.0
2026-03-12 20:00:00+00:00,0.0276,0.02958,0.02758,0.02838,65968732.0
2026-03-12 21:00:00+00:00,0.02838,0.03,0.02759,0.02769,38542160.0
2026-03-12 22:00:00+00:00,0.0277,0.02826,0.02761,0.0278,15687945.0
2026-03-12 23:00:00+00:00,0.02779,0.02801,0.02767,0.0277,9864762.0
2026-03-13 00:00:00+00:00,0.0277,0.02929,0.0277,0.02844,32983670.0
2026-03-13 01:00:00+00:00,0.02845,0.0287,0.0279,0.02816,13607456.0
2026-03-13 02:00:00+00:00,0.02817,0.02828,0.02777,0.02789,7944395.0
2026-03-13 03:00:00+00:00,0.02789,0.02815,0.02783,0.02804,7684198.0
2026-03-13 04:00:00+00:00,0.02803,0.0282,0.02775,0.02791,8690671.0
2026-03-13 05:00:00+00:00,0.0279,0.02797,0.02756,0.02762,5958851.0
2026-03-13 06:00:00+00:00,0.02762,0.02768,0.02727,0.02728,7977788.0
2026-03-13 07:00:00+00:00,0.02728,0.02742,0.02723,0.02728,6617135.0
2026-03-13 08:00:00+00:00,0.02728,0.02728,0.02687,0.02692,7040302.0
2026-03-13 09:00:00+00:00,0.0269,0.02715,0.02675,0.02706,7164950.0
2026-03-13 10:00:00+00:00,0.02706,0.0274,0.02703,0.02724,7347193.0
2026-03-13 11:00:00+00:00,0.02724,0.02728,0.02695,0.02707,4223806.0
2026-03-13 12:00:00+00:00,0.02707,0.0274,0.02698,0.02731,5359700.0
2026-03-13 13:00:00+00:00,0.02731,0.02775,0.02724,0.0276,6833687.0
2026-03-13 14:00:00+00:00,0.0276,0.02774,0.02724,0.0273,8995685.0
2026-03-13 15:00:00+00:00,0.0273,0.02763,0.02725,0.0274,4997598.0
2026-03-13 16:00:00+00:00,0.02741,0.02767,0.02715,0.02763,6249612.0
2026-03-13 17:00:00+00:00,0.02762,0.0277,0.02705,0.02712,5637049.0
2026-03-13 18:00:00+00:00,0.02711,0.02724,0.02693,0.02709,4778909.0
2026-03-13 19:00:00+00:00,0.02709,0.02711,0.02687,0.02699,3875721.0
2026-03-13 20:00:00+00:00,0.027,0.02705,0.02694,0.027,2602188.0
2026-03-13 21:00:00+00:00,0.02701,0.02716,0.02689,0.02695,5334194.0
2026-03-13 22:00:00+00:00,0.02695,0.02695,0.02674,0.02682,4086159.0
2026-03-13 23:00:00+00:00,0.02683,0.02688,0.02673,0.02682,3493878.0
2026-03-14 00:00:00+00:00,0.02683,0.02686,0.02649,0.02653,3301137.0
2026-03-14 01:00:00+00:00,0.02653,0.02685,0.02649,0.02678,3982495.0
2026-03-14 02:00:00+00:00,0.02678,0.02689,0.02669,0.02686,1613278.0
2026-03-14 03:00:00+00:00,0.02686,0.02701,0.02684,0.02694,1550743.0
2026-03-14 04:00:00+00:00,0.02694,0.02694,0.02671,0.02674,1839235.0
2026-03-14 05:00:00+00:00,0.02674,0.02676,0.02651,0.02668,1891304.0
2026-03-14 06:00:00+00:00,0.02669,0.0267,0.02635,0.02654,2848101.0
2026-03-14 07:00:00+00:00,0.02653,0.02658,0.02643,0.02647,1349649.0
2026-03-14 08:00:00+00:00,0.02648,0.02648,0.02633,0.02635,1950492.0
2026-03-14 09:00:00+00:00,0.02635,0.0264,0.02624,0.02627,1776192.0
2026-03-14 10:00:00+00:00,0.02627,0.0263,0.02616,0.02618,1480131.0
2026-03-14 11:00:00+00:00,0.02618,0.02641,0.02618,0.02637,1644278.0
2026-03-14 12:00:00+00:00,0.02638,0.02641,0.02614,0.02618,1690546.0
2026-03-14 13:00:00+00:00,0.02617,0.02628,0.02615,0.02625,1776688.0
2026-03-14 14:00:00+00:00,0.02624,0.02629,0.02609,0.02615,1345123.0
2026-03-14 15:00:00+00:00,0.02615,0.02616,0.02603,0.02611,1294099.0
2026-03-14 16:00:00+00:00,0.0261,0.02632,0.02606,0.02622,1806186.0
2026-03-14 17:00:00+00:00,0.02622,0.02626,0.02612,0.02614,517875.0
2026-03-14 18:00:00+00:00,0.02614,0.02614,0.02589,0.0259,6824015.0
2026-03-14 19:00:00+00:00,0.0259,0.026,0.02585,0.02594,1891488.0
2026-03-14 20:00:00+00:00,0.02593,0.026,0.02586,0.02594,1628409.0
2026-03-14 21:00:00+00:00,0.02594,0.02602,0.02585,0.02599,2158499.0
2026-03-14 22:00:00+00:00,0.026,0.02604,0.02595,0.02597,1388904.0
2026-03-14 23:00:00+00:00,0.02598,0.02624,0.02597,0.02619,3217005.0
2026-03-15 00:00:00+00:00,0.0262,0.02623,0.026,0.02603,1730848.0
2026-03-15 01:00:00+00:00,0.02603,0.02625,0.02597,0.02618,1803955.0
2026-03-15 02:00:00+00:00,0.02618,0.02655,0.02618,0.02652,3029359.0
2026-03-15 03:00:00+00:00,0.02652,0.02653,0.02615,0.02623,2862502.0
2026-03-15 04:00:00+00:00,0.02623,0.02632,0.02612,0.02621,1477586.0
2026-03-15 05:00:00+00:00,0.0262,0.0263,0.02611,0.02616,2326644.0
2026-03-15 06:00:00+00:00,0.02617,0.02627,0.02616,0.02624,1357903.0
2026-03-15 07:00:00+00:00,0.02624,0.02636,0.02619,0.02635,2095437.0
2026-03-15 08:00:00+00:00,0.02635,0.02642,0.02625,0.0263,1138072.0
2026-03-15 09:00:00+00:00,0.0263,0.02643,0.0263,0.02638,1135253.0
2026-03-15 10:00:00+00:00,0.02639,0.02687,0.02639,0.02684,5468078.0
2026-03-15 11:00:00+00:00,0.02683,0.02716,0.02676,0.02688,4090927.0
2026-03-15 12:00:00+00:00,0.02689,0.02709,0.02667,0.0267,3771661.0
2026-03-15 13:00:00+00:00,0.0267,0.02698,0.02648,0.02691,6201654.0
2026-03-15 14:00:00+00:00,0.0269,0.02703,0.02669,0.02688,3227900.0
2026-03-15 15:00:00+00:00,0.02689,0.0269,0.02665,0.02673,3682722.0
2026-03-15 16:00:00+00:00,0.02673,0.02689,0.02663,0.02671,2542070.0
2026-03-15 17:00:00+00:00,0.02673,0.02689,0.02664,0.02687,1165485.0
2026-03-15 18:00:00+00:00,0.02688,0.02691,0.02661,0.02665,2006712.0
2026-03-15 19:00:00+00:00,0.02664,0.02684,0.02658,0.0268,1242870.0
2026-03-15 20:00:00+00:00,0.02679,0.02692,0.0267,0.02674,2327632.0
2026-03-15 21:00:00+00:00,0.02674,0.02685,0.02667,0.02679,929158.0
2026-03-15 22:00:00+00:00,0.0268,0.02708,0.02665,0.02702,3936511.0
2026-03-15 23:00:00+00:00,0.02703,0.02711,0.0268,0.02692,2648269.0
2026-03-16 00:00:00+00:00,0.02691,0.0273,0.02688,0.027,8979227.0
2026-03-16 01:00:00+00:00,0.02701,0.02707,0.02667,0.02685,3885965.0
2026-03-16 02:00:00+00:00,0.02685,0.02697,0.02665,0.02693,2809033.0
2026-03-16 03:00:00+00:00,0.02692,0.0274,0.02686,0.02729,6263280.0
2026-03-16 04:00:00+00:00,0.02731,0.02745,0.0272,0.02728,3978991.0
2026-03-16 05:00:00+00:00,0.02729,0.02766,0.02722,0.02761,2959369.0
2026-03-16 06:00:00+00:00,0.02761,0.02762,0.02739,0.02756,2443576.0
2026-03-16 07:00:00+00:00,0.02755,0.02785,0.02755,0.02773,3301587.0
2026-03-16 08:00:00+00:00,0.02774,0.02801,0.02753,0.02767,4883926.0
2026-03-16 09:00:00+00:00,0.02767,0.02786,0.0276,0.0276,2639987.0
2026-03-16 10:00:00+00:00,0.0276,0.02763,0.02738,0.02748,3432005.0
2026-03-16 11:00:00+00:00,0.02748,0.02749,0.0273,0.02731,2086441.0
2026-03-16 12:00:00+00:00,0.02732,0.02761,0.02729,0.02755,3543869.0
2026-03-16 13:00:00+00:00,0.02755,0.02783,0.02747,0.02751,4119874.0
2026-03-16 14:00:00+00:00,0.02751,0.02769,0.02727,0.02764,3267771.0
2026-03-16 15:00:00+00:00,0.02765,0.02776,0.02753,0.02756,2184349.0
2026-03-16 16:00:00+00:00,0.02757,0.0282,0.02752,0.02819,5829048.0
2026-03-16 17:00:00+00:00,0.02818,0.02844,0.02806,0.02829,5286498.0
2026-03-16 18:00:00+00:00,0.02828,0.02829,0.02781,0.02781,4860118.0
2026-03-16 19:00:00+00:00,0.0278,0.02798,0.0277,0.02782,2721260.0
2026-03-16 20:00:00+00:00,0.02783,0.02796,0.02774,0.02796,4333864.0
2026-03-16 21:00:00+00:00,0.02797,0.02817,0.02788,0.02801,3180094.0
2026-03-16 22:00:00+00:00,0.02802,0.02826,0.02802,0.02814,3577371.0
2026-03-16 23:00:00+00:00,0.02814,0.02828,0.02791,0.02809,3468604.0
2026-03-17 00:00:00+00:00,0.02809,0.02814,0.02786,0.02809,3571906.0
2026-03-17 01:00:00+00:00,0.02809,0.02829,0.02792,0.02808,5284105.0
2026-03-17 02:00:00+00:00,0.02808,0.02808,0.02777,0.0278,2161333.0
2026-03-17 03:00:00+00:00,0.0278,0.02782,0.02734,0.02758,3580266.0
2026-03-17 04:00:00+00:00,0.02757,0.02766,0.02718,0.02736,3173079.0
2026-03-17 05:00:00+00:00,0.02735,0.0275,0.02729,0.02743,2044580.0
2026-03-17 06:00:00+00:00,0.02744,0.02751,0.0273,0.0274,1758123.0
2026-03-17 07:00:00+00:00,0.0274,0.02774,0.0274,0.02764,1758559.0
2026-03-17 08:00:00+00:00,0.02764,0.02781,0.0276,0.02768,2442812.0
2026-03-17 09:00:00+00:00,0.02768,0.02811,0.02763,0.02798,4256595.0
2026-03-17 10:00:00+00:00,0.02798,0.02805,0.02782,0.02803,3066869.0
2026-03-17 11:00:00+00:00,0.02804,0.02824,0.02801,0.02809,4562998.0
2026-03-17 12:00:00+00:00,0.02808,0.02819,0.02758,0.02768,4247247.0
2026-03-17 13:00:00+00:00,0.02768,0.0279,0.02761,0.02779,4947838.0
2026-03-17 14:00:00+00:00,0.02779,0.02796,0.02766,0.02792,2855823.0
2026-03-17 15:00:00+00:00,0.02792,0.0281,0.02771,0.02792,1702467.0
2026-03-17 16:00:00+00:00,0.02792,0.02813,0.0278,0.0279,1557625.0
2026-03-17 17:00:00+00:00,0.02791,0.02809,0.02789,0.02803,1284180.0
2026-03-17 18:00:00+00:00,0.02802,0.02815,0.02795,0.02813,1605935.0
2026-03-17 19:00:00+00:00,0.02813,0.02814,0.02769,0.02771,4592737.0
2026-03-17 20:00:00+00:00,0.02772,0.02798,0.02772,0.02796,2182368.0
2026-03-17 21:00:00+00:00,0.02796,0.02813,0.02794,0.02803,2553475.0
2026-03-17 22:00:00+00:00,0.02804,0.02814,0.02792,0.02809,1391769.0
2026-03-17 23:00:00+00:00,0.02809,0.02809,0.02784,0.02786,1338999.0
2026-03-18 00:00:00+00:00,0.02787,0.02795,0.02765,0.02774,2822839.0
2026-03-18 01:00:00+00:00,0.02775,0.0279,0.02774,0.0278,1447650.0
2026-03-18 02:00:00+00:00,0.02781,0.0282,0.02781,0.02811,3681844.0
2026-03-18 03:00:00+00:00,0.02812,0.02824,0.02804,0.02814,1602019.0
2026-03-18 04:00:00+00:00,0.02815,0.02815,0.02787,0.02804,1154070.0
2026-03-18 05:00:00+00:00,0.02805,0.0283,0.02798,0.02801,2165299.0
2026-03-18 06:00:00+00:00,0.02802,0.02806,0.02782,0.02786,2080232.0
2026-03-18 07:00:00+00:00,0.02785,0.02798,0.02774,0.02796,1671198.0
2026-03-18 08:00:00+00:00,0.02798,0.02808,0.02789,0.02792,1559626.0
2026-03-18 09:00:00+00:00,0.02793,0.02808,0.02788,0.02796,1054579.0
2026-03-18 10:00:00+00:00,0.02796,0.02802,0.02778,0.02791,1021151.0
2026-03-18 11:00:00+00:00,0.02791,0.02797,0.02726,0.0274,2882618.0
2026-03-18 12:00:00+00:00,0.02739,0.02739,0.0269,0.02708,4488047.0
2026-03-18 13:00:00+00:00,0.02707,0.02726,0.02698,0.02713,1699299.0
2026-03-18 14:00:00+00:00,0.02714,0.02717,0.02665,0.02666,3020624.0
2026-03-18 15:00:00+00:00,0.02668,0.02674,0.02646,0.02662,2587391.0
2026-03-18 16:00:00+00:00,0.02661,0.0267,0.02641,0.02642,2872029.0
2026-03-18 17:00:00+00:00,0.02642,0.02679,0.02632,0.02664,2220050.0
2026-03-18 18:00:00+00:00,0.02664,0.02683,0.02645,0.02654,1369939.0
2026-03-18 19:00:00+00:00,0.02653,0.02668,0.02649,0.02649,720713.0
2026-03-18 20:00:00+00:00,0.0265,0.02669,0.02632,0.02661,1379398.0
2026-03-18 21:00:00+00:00,0.02661,0.02677,0.02659,0.02666,869162.0
2026-03-18 22:00:00+00:00,0.02666,0.02667,0.02658,0.0266,859069.0
2026-03-18 23:00:00+00:00,0.02662,0.02667,0.02653,0.02667,814969.0
2026-03-19 00:00:00+00:00,0.02667,0.02668,0.02656,0.02657,674351.0
2026-03-19 01:00:00+00:00,0.02656,0.02661,0.0265,0.0265,242360.0
2026-03-19 02:00:00+00:00,0.0265,0.02661,0.02638,0.02655,896083.0
2026-03-19 03:00:00+00:00,0.02655,0.02691,0.02654,0.02671,1272874.0
2026-03-19 04:00:00+00:00,0.0267,0.02672,0.02658,0.02659,772732.0
2026-03-19 05:00:00+00:00,0.02659,0.0266,0.02644,0.02646,881385.0
2026-03-19 06:00:00+00:00,0.02646,0.0265,0.02631,0.02645,903894.0
2026-03-19 07:00:00+00:00,0.02644,0.02646,0.02604,0.02615,2752238.0
2026-03-19 08:00:00+00:00,0.02615,0.02624,0.02606,0.0261,1932307.0
2026-03-19 09:00:00+00:00,0.02612,0.02635,0.02612,0.0263,1425661.0
2026-03-19 10:00:00+00:00,0.02632,0.02632,0.02611,0.02611,701186.0
2026-03-19 11:00:00+00:00,0.02611,0.02616,0.02607,0.02607,582717.0
2026-03-19 12:00:00+00:00,0.02607,0.02608,0.02571,0.02571,2033865.0
2026-03-19 13:00:00+00:00,0.02573,0.02595,0.02558,0.02588,3659808.0
2026-03-19 14:00:00+00:00,0.0259,0.02601,0.02572,0.02583,1397676.0
2026-03-19 15:00:00+00:00,0.02582,0.0259,0.02556,0.0258,1902883.0
2026-03-19 16:00:00+00:00,0.02581,0.02581,0.02561,0.02568,1229000.0
2026-03-19 17:00:00+00:00,0.02568,0.02582,0.02553,0.02579,1768451.0
2026-03-19 18:00:00+00:00,0.02579,0.02579,0.02563,0.0257,876622.0
2026-03-19 19:00:00+00:00,0.02569,0.02599,0.02569,0.02597,1673002.0
2026-03-19 20:00:00+00:00,0.02596,0.02605,0.02589,0.0259,2203323.0
2026-03-19 21:00:00+00:00,0.0259,0.02597,0.02586,0.02596,626186.0
2026-03-19 22:00:00+00:00,0.02596,0.02596,0.02572,0.02579,1242654.0
2026-03-19 23:00:00+00:00,0.0258,0.02584,0.02558,0.0257,1301123.0
2026-03-20 00:00:00+00:00,0.02571,0.0259,0.02568,0.02587,912985.0
2026-03-20 01:00:00+00:00,0.02586,0.02611,0.02586,0.02603,631500.0
2026-03-20 02:00:00+00:00,0.02604,0.02616,0.02596,0.02608,2229043.0
2026-03-20 03:00:00+00:00,0.02609,0.02625,0.026,0.02619,1613863.0
2026-03-20 04:00:00+00:00,0.02619,0.02626,0.02603,0.02625,4967516.0
2026-03-20 05:00:00+00:00,0.02624,0.02667,0.02621,0.02649,5282625.0
2026-03-20 06:00:00+00:00,0.02649,0.02675,0.02641,0.02644,2188233.0
2026-03-20 07:00:00+00:00,0.02642,0.02642,0.02617,0.02619,1097202.0
2026-03-20 08:00:00+00:00,0.02619,0.02635,0.02614,0.02627,1011011.0
2026-03-20 09:00:00+00:00,0.02627,0.02628,0.02609,0.02617,1319912.0
2026-03-20 10:00:00+00:00,0.02617,0.02629,0.02606,0.02622,851485.0
2026-03-20 11:00:00+00:00,0.02622,0.02631,0.02609,0.0262,1224324.0
2026-03-20 12:00:00+00:00,0.02622,0.02625,0.026,0.02605,871499.0
2026-03-20 13:00:00+00:00,0.02605,0.02613,0.02592,0.02595,1651095.0
2026-03-20 14:00:00+00:00,0.02594,0.02609,0.02583,0.02586,1985578.0
2026-03-20 15:00:00+00:00,0.02589,0.02602,0.02578,0.02595,1049226.0
2026-03-20 16:00:00+00:00,0.02596,0.02602,0.02583,0.02598,1505532.0
2026-03-20 17:00:00+00:00,0.02597,0.02608,0.02592,0.02604,1735762.0
2026-03-20 18:00:00+00:00,0.02605,0.02611,0.02584,0.02586,1000553.0
2026-03-20 19:00:00+00:00,0.02587,0.02595,0.02573,0.02595,967143.0
2026-03-20 20:00:00+00:00,0.02596,0.02596,0.02573,0.02586,673367.0
2026-03-20 21:00:00+00:00,0.02586,0.02617,0.02582,0.02607,1253829.0
2026-03-20 22:00:00+00:00,0.02609,0.0263,0.02609,0.02618,1717551.0
2026-03-20 23:00:00+00:00,0.02617,0.02617,0.02599,0.02609,1349553.0
2026-03-21 00:00:00+00:00,0.02609,0.0262,0.02609,0.02618,824475.0
2026-03-21 01:00:00+00:00,0.02617,0.02621,0.02608,0.02608,474124.0
2026-03-21 02:00:00+00:00,0.02609,0.02619,0.02604,0.02612,545162.0
2026-03-21 03:00:00+00:00,0.02612,0.02616,0.02605,0.02606,616915.0
2026-03-21 04:00:00+00:00,0.02607,0.02613,0.02604,0.02604,822350.0
2026-03-21 05:00:00+00:00,0.02604,0.02617,0.02604,0.02607,1451456.0
2026-03-21 06:00:00+00:00,0.02607,0.02626,0.02605,0.02616,867074.0
2026-03-21 07:00:00+00:00,0.02616,0.02619,0.02607,0.02608,1010576.0
2026-03-21 08:00:00+00:00,0.02607,0.02611,0.02603,0.0261,349702.0
2026-03-21 09:00:00+00:00,0.0261,0.02613,0.02595,0.02599,469124.0
2026-03-21 10:00:00+00:00,0.02598,0.02599,0.02589,0.02591,455291.0
2026-03-21 11:00:00+00:00,0.0259,0.02598,0.02588,0.02592,407060.0
2026-03-21 12:00:00+00:00,0.02593,0.02601,0.02587,0.02589,1047460.0
2026-03-21 13:00:00+00:00,0.02589,0.02591,0.02582,0.02589,692752.0
2026-03-21 14:00:00+00:00,0.02589,0.02608,0.02589,0.02589,1186794.0
2026-03-21 15:00:00+00:00,0.0259,0.02619,0.0259,0.02619,899273.0
2026-03-21 16:00:00+00:00,0.02619,0.02621,0.02601,0.02604,1000513.0
2026-03-21 17:00:00+00:00,0.02605,0.02606,0.02598,0.02605,434623.0
2026-03-21 18:00:00+00:00,0.02603,0.02607,0.02597,0.02598,372635.0
2026-03-21 19:00:00+00:00,0.02598,0.02604,0.02592,0.02598,491026.0
2026-03-21 20:00:00+00:00,0.02597,0.02611,0.02595,0.02611,1070068.0
2026-03-21 21:00:00+00:00,0.02611,0.02616,0.026,0.02603,472176.0
2026-03-21 22:00:00+00:00,0.02601,0.02603,0.02591,0.02597,790854.0
2026-03-21 23:00:00+00:00,0.02597,0.02598,0.02517,0.02534,5056992.0
2026-03-22 00:00:00+00:00,0.02532,0.02539,0.02485,0.02524,5754305.0
2026-03-22 01:00:00+00:00,0.02524,0.0253,0.02507,0.0252,2182841.0
2026-03-22 02:00:00+00:00,0.02522,0.02538,0.02517,0.02529,2372094.0
2026-03-22 03:00:00+00:00,0.02527,0.02546,0.02518,0.02518,1714024.0
2026-03-22 04:00:00+00:00,0.0252,0.0254,0.02518,0.02536,1056552.0
2026-03-22 05:00:00+00:00,0.02535,0.02535,0.02526,0.02526,863276.0
2026-03-22 06:00:00+00:00,0.02527,0.02527,0.02515,0.02523,796759.0
2026-03-22 07:00:00+00:00,0.02523,0.02538,0.02503,0.02504,2244934.0
2026-03-22 08:00:00+00:00,0.02504,0.02505,0.0249,0.02497,2149027.0
2026-03-22 09:00:00+00:00,0.02496,0.02506,0.02489,0.02491,1804022.0
2026-03-22 10:00:00+00:00,0.02492,0.02492,0.02465,0.0247,4143387.0
2026-03-22 11:00:00+00:00,0.02469,0.02473,0.02459,0.02463,1565020.0
2026-03-22 12:00:00+00:00,0.02464,0.02496,0.02464,0.0248,2290154.0
2026-03-22 13:00:00+00:00,0.0248,0.02487,0.02463,0.02469,1484291.0
2026-03-22 14:00:00+00:00,0.02469,0.02479,0.02462,0.02472,1293201.0
2026-03-22 15:00:00+00:00,0.02473,0.02484,0.02473,0.02481,1131371.0
2026-03-22 16:00:00+00:00,0.02482,0.02485,0.0247,0.02482,1909728.0
2026-03-22 17:00:00+00:00,0.02482,0.02497,0.02475,0.02476,1792029.0
2026-03-22 18:00:00+00:00,0.02475,0.02484,0.02462,0.02476,1143713.0
2026-03-22 19:00:00+00:00,0.02476,0.02478,0.02446,0.02455,3030412.0
2026-03-22 20:00:00+00:00,0.02455,0.02468,0.0245,0.02454,1792481.0
2026-03-22 21:00:00+00:00,0.02455,0.02462,0.02419,0.02442,5140435.0
2026-03-22 22:00:00+00:00,0.02441,0.02461,0.0243,0.02448,2088269.0
2026-03-22 23:00:00+00:00,0.02449,0.02458,0.02436,0.02443,1106711.0
2026-03-23 00:00:00+00:00,0.02443,0.02462,0.02437,0.02459,1316017.0
2026-03-23 01:00:00+00:00,0.02459,0.02469,0.02455,0.02458,792578.0
2026-03-23 02:00:00+00:00,0.02458,0.02469,0.02452,0.02457,558773.0
2026-03-23 03:00:00+00:00,0.0246,0.02472,0.02453,0.02454,912137.0
2026-03-23 04:00:00+00:00,0.02454,0.02458,0.02448,0.02458,460225.0
2026-03-23 05:00:00+00:00,0.02459,0.02461,0.02438,0.02446,899873.0
2026-03-23 06:00:00+00:00,0.02445,0.02445,0.02413,0.02422,2236044.0
2026-03-23 07:00:00+00:00,0.02422,0.02422,0.02402,0.02411,2022709.0
2026-03-23 08:00:00+00:00,0.02412,0.0242,0.02409,0.02416,1599115.0
2026-03-23 09:00:00+00:00,0.02415,0.02417,0.02406,0.0241,1858284.0
2026-03-23 10:00:00+00:00,0.02411,0.02424,0.02399,0.02412,1795442.0
2026-03-23 11:00:00+00:00,0.02413,0.0251,0.02411,0.02491,12121147.0
2026-03-23 12:00:00+00:00,0.02492,0.0254,0.0248,0.0254,2013081.0
2026-03-23 13:00:00+00:00,0.02541,0.0256,0.02526,0.02557,2930196.0
2026-03-23 14:00:00+00:00,0.02558,0.02566,0.02513,0.02528,3808759.0
2026-03-23 15:00:00+00:00,0.02527,0.02531,0.02501,0.02503,1712155.0
2026-03-23 16:00:00+00:00,0.02504,0.02516,0.02496,0.02507,1347297.0
2026-03-23 17:00:00+00:00,0.02507,0.02515,0.02496,0.02503,1963800.0
2026-03-23 18:00:00+00:00,0.02503,0.02514,0.025,0.02514,1989690.0
2026-03-23 19:00:00+00:00,0.02514,0.0253,0.02505,0.02506,1126265.0
2026-03-23 20:00:00+00:00,0.02507,0.0253,0.02503,0.02529,1040849.0
2026-03-23 21:00:00+00:00,0.02529,0.02548,0.02527,0.02542,1082307.0
2026-03-23 22:00:00+00:00,0.02541,0.02541,0.02521,0.02521,1849695.0
2026-03-23 23:00:00+00:00,0.0252,0.02532,0.02503,0.02531,1492445.0
2026-03-24 00:00:00+00:00,0.02532,0.02536,0.02503,0.02518,2871982.0
2026-03-24 01:00:00+00:00,0.02517,0.02521,0.02492,0.02505,1584599.0
2026-03-24 02:00:00+00:00,0.02506,0.02529,0.02502,0.02518,1612903.0
2026-03-24 03:00:00+00:00,0.02519,0.02532,0.02516,0.02525,834536.0
2026-03-24 04:00:00+00:00,0.02526,0.02536,0.02507,0.02511,2436307.0
2026-03-24 05:00:00+00:00,0.02511,0.02511,0.02499,0.02505,870304.0
2026-03-24 06:00:00+00:00,0.02505,0.02517,0.02503,0.02511,737042.0
2026-03-24 07:00:00+00:00,0.02513,0.02548,0.02511,0.02543,1492644.0
2026-03-24 08:00:00+00:00,0.02543,0.0255,0.02534,0.02537,2397070.0
2026-03-24 09:00:00+00:00,0.02535,0.02538,0.02524,0.0253,2868472.0
2026-03-24 10:00:00+00:00,0.0253,0.02532,0.02512,0.02517,1045062.0
2026-03-24 11:00:00+00:00,0.02517,0.02517,0.02499,0.02506,1604728.0
2026-03-24 12:00:00+00:00,0.02505,0.02515,0.02501,0.02511,903627.0
2026-03-24 13:00:00+00:00,0.02512,0.02519,0.02495,0.02497,1717669.0
2026-03-24 14:00:00+00:00,0.02498,0.02508,0.02478,0.025,1979543.0
2026-03-24 15:00:00+00:00,0.02501,0.02519,0.02499,0.02501,1167874.0
2026-03-24 16:00:00+00:00,0.02501,0.02508,0.02489,0.02494,1810977.0
2026-03-24 17:00:00+00:00,0.02496,0.02497,0.02471,0.02477,1375568.0
2026-03-24 18:00:00+00:00,0.02478,0.02491,0.02473,0.02481,1576404.0
2026-03-24 19:00:00+00:00,0.02482,0.02499,0.02482,0.02496,2239781.0
2026-03-24 20:00:00+00:00,0.02495,0.02539,0.02493,0.02525,2055770.0
2026-03-24 21:00:00+00:00,0.02526,0.02539,0.02508,0.02531,2858489.0
2026-03-24 22:00:00+00:00,0.02529,0.02531,0.02513,0.02519,1192108.0
2026-03-24 23:00:00+00:00,0.02518,0.02533,0.02515,0.02524,1134222.0
2026-03-25 00:00:00+00:00,0.02525,0.02545,0.02522,0.02534,1074542.0
2026-03-25 01:00:00+00:00,0.02534,0.02547,0.02533,0.02535,1142957.0
2026-03-25 02:00:00+00:00,0.02534,0.02541,0.02528,0.02528,1062750.0
2026-03-25 03:00:00+00:00,0.02528,0.02539,0.02524,0.02533,915015.0
2026-03-25 04:00:00+00:00,0.02533,0.02535,0.02526,0.02533,355246.0
2026-03-25 05:00:00+00:00,0.02535,0.02538,0.02522,0.02523,1163335.0
2026-03-25 06:00:00+00:00,0.02522,0.02531,0.02517,0.02519,922176.0
2026-03-25 07:00:00+00:00,0.02518,0.02536,0.02518,0.02526,914206.0
2026-03-25 08:00:00+00:00,0.02528,0.02553,0.02528,0.0253,5248732.0
2026-03-25 09:00:00+00:00,0.0253,0.02546,0.02523,0.02543,7576642.0
2026-03-25 10:00:00+00:00,0.02543,0.02557,0.02543,0.02552,1521303.0
2026-03-25 11:00:00+00:00,0.02553,0.02565,0.02548,0.02559,1638525.0
2026-03-25 12:00:00+00:00,0.0256,0.02568,0.02542,0.02556,2891812.0
2026-03-25 13:00:00+00:00,0.02557,0.0256,0.02538,0.0254,1122485.0
2026-03-25 14:00:00+00:00,0.0254,0.02555,0.02536,0.0255,1956227.0
2026-03-25 15:00:00+00:00,0.0255,0.02553,0.02526,0.02536,1780166.0
2026-03-25 16:00:00+00:00,0.02536,0.02554,0.0253,0.0254,1432967.0
2026-03-25 17:00:00+00:00,0.0254,0.02548,0.02534,0.02538,1022174.0
2026-03-25 18:00:00+00:00,0.02538,0.0255,0.02537,0.02541,798250.0
2026-03-25 19:00:00+00:00,0.0254,0.02546,0.02537,0.02539,430590.0
2026-03-25 20:00:00+00:00,0.02538,0.02539,0.02522,0.02528,836531.0
2026-03-25 21:00:00+00:00,0.02528,0.02534,0.02524,0.02527,882805.0
2026-03-25 22:00:00+00:00,0.02527,0.02551,0.02525,0.0254,2131688.0
2026-03-25 23:00:00+00:00,0.0254,0.02549,0.02537,0.02548,1003869.0
2026-03-26 00:00:00+00:00,0.02551,0.02554,0.02538,0.02541,1587138.0
2026-03-26 01:00:00+00:00,0.02543,0.02543,0.02528,0.02532,812734.0
2026-03-26 02:00:00+00:00,0.02531,0.02532,0.02513,0.02521,1191914.0
2026-03-26 03:00:00+00:00,0.02521,0.02521,0.02504,0.02512,1123511.0
2026-03-26 04:00:00+00:00,0.02512,0.02512,0.025,0.02502,871132.0
2026-03-26 05:00:00+00:00,0.02503,0.02504,0.02477,0.02478,1681935.0
2026-03-26 06:00:00+00:00,0.02478,0.02484,0.02464,0.02469,1226736.0
2026-03-26 07:00:00+00:00,0.02469,0.02474,0.02462,0.0247,982452.0
2026-03-26 08:00:00+00:00,0.02469,0.0247,0.02455,0.02464,1005160.0
2026-03-26 09:00:00+00:00,0.02464,0.0247,0.0244,0.02444,2111029.0
2026-03-26 10:00:00+00:00,0.02444,0.02447,0.02432,0.02439,856378.0
2026-03-26 11:00:00+00:00,0.02439,0.02444,0.02435,0.02437,910971.0
2026-03-26 12:00:00+00:00,0.02436,0.0245,0.02433,0.02446,1178529.0
2026-03-26 13:00:00+00:00,0.02446,0.02466,0.02439,0.02458,1534950.0
2026-03-26 14:00:00+00:00,0.02462,0.02464,0.02444,0.02447,888873.0
2026-03-26 15:00:00+00:00,0.02446,0.02447,0.02417,0.02418,1724147.0
2026-03-26 16:00:00+00:00,0.02419,0.02427,0.02416,0.0242,1454125.0
2026-03-26 17:00:00+00:00,0.02419,0.02429,0.02412,0.02414,1079802.0
2026-03-26 18:00:00+00:00,0.02417,0.0242,0.02404,0.02414,1495139.0
2026-03-26 19:00:00+00:00,0.02413,0.02415,0.02398,0.02402,1288298.0
2026-03-26 20:00:00+00:00,0.02402,0.02451,0.02396,0.02434,3352321.0
2026-03-26 21:00:00+00:00,0.02433,0.02445,0.02427,0.02432,937091.0
2026-03-26 22:00:00+00:00,0.02432,0.02437,0.02424,0.02428,813321.0
2026-03-26 23:00:00+00:00,0.0243,0.02435,0.02422,0.0243,1286979.0
2026-03-27 00:00:00+00:00,0.0243,0.0244,0.02429,0.02437,735088.0
2026-03-27 01:00:00+00:00,0.02438,0.02455,0.02437,0.02453,952261.0
2026-03-27 02:00:00+00:00,0.02453,0.02455,0.02442,0.02445,1691569.0
2026-03-27 03:00:00+00:00,0.02446,0.02446,0.02435,0.02438,595615.0
2026-03-27 04:00:00+00:00,0.02438,0.0244,0.02418,0.02436,768275.0
2026-03-27 05:00:00+00:00,0.02435,0.02445,0.0243,0.02434,589601.0
2026-03-27 06:00:00+00:00,0.02434,0.02442,0.02429,0.02437,587061.0
2026-03-27 07:00:00+00:00,0.02438,0.02452,0.02435,0.0245,911181.0
2026-03-27 08:00:00+00:00,0.02449,0.02455,0.0242,0.02437,1728176.0
2026-03-27 09:00:00+00:00,0.02436,0.02436,0.02406,0.02412,1168308.0
2026-03-27 10:00:00+00:00,0.02411,0.02416,0.02361,0.02365,4953076.0
2026-03-27 11:00:00+00:00,0.02368,0.0238,0.02358,0.02375,2023722.0
2026-03-27 12:00:00+00:00,0.02376,0.02376,0.02362,0.0237,2098284.0
2026-03-27 13:00:00+00:00,0.02372,0.02381,0.02356,0.02363,2529711.0
2026-03-27 14:00:00+00:00,0.02362,0.02376,0.02356,0.02372,1874223.0
2026-03-27 15:00:00+00:00,0.02373,0.02395,0.0237,0.02374,2930891.0
2026-03-27 16:00:00+00:00,0.02374,0.02376,0.0236,0.02372,1986033.0
2026-03-27 17:00:00+00:00,0.02371,0.02386,0.02368,0.02372,1493619.0
2026-03-27 18:00:00+00:00,0.02373,0.02376,0.02362,0.02372,1651887.0
2026-03-27 19:00:00+00:00,0.02371,0.02387,0.02369,0.02381,1353199.0
2026-03-27 20:00:00+00:00,0.0238,0.02387,0.02369,0.02383,1396297.0
2026-03-27 21:00:00+00:00,0.02383,0.02389,0.02376,0.02376,569905.0
2026-03-27 22:00:00+00:00,0.02377,0.02381,0.02374,0.02376,594397.0
2026-03-27 23:00:00+00:00,0.02374,0.0238,0.02369,0.02377,1185034.0
2026-03-28 00:00:00+00:00,0.02378,0.02379,0.02368,0.0237,901332.0
2026-03-28 01:00:00+00:00,0.02369,0.02369,0.02341,0.02353,2033100.0
2026-03-28 02:00:00+00:00,0.02354,0.02363,0.02346,0.02351,760022.0
2026-03-28 03:00:00+00:00,0.02353,0.02357,0.02348,0.02351,633583.0
2026-03-28 04:00:00+00:00,0.02352,0.02356,0.02346,0.02353,877056.0
2026-03-28 05:00:00+00:00,0.02356,0.02365,0.02351,0.02365,655137.0
2026-03-28 06:00:00+00:00,0.02365,0.02375,0.02362,0.02371,551395.0
2026-03-28 07:00:00+00:00,0.02371,0.02391,0.0237,0.02391,553582.0
2026-03-28 08:00:00+00:00,0.02392,0.02401,0.02389,0.02389,877543.0
2026-03-28 09:00:00+00:00,0.02389,0.02389,0.0238,0.02386,556341.0
2026-03-28 10:00:00+00:00,0.02386,0.02401,0.02384,0.02391,3578708.0
2026-03-28 11:00:00+00:00,0.02391,0.02396,0.02386,0.02392,506066.0
2026-03-28 12:00:00+00:00,0.02393,0.02408,0.02385,0.0239,1661758.0
2026-03-28 13:00:00+00:00,0.02389,0.02435,0.02388,0.02419,3676423.0
2026-03-28 14:00:00+00:00,0.02417,0.02424,0.02403,0.02409,1778080.0
2026-03-28 15:00:00+00:00,0.0241,0.02434,0.02409,0.02416,1323065.0
2026-03-28 16:00:00+00:00,0.02418,0.02424,0.02414,0.02421,1821848.0
2026-03-28 17:00:00+00:00,0.02422,0.02422,0.02407,0.02413,547850.0
2026-03-28 18:00:00+00:00,0.02412,0.0242,0.02411,0.02414,543532.0
2026-03-28 19:00:00+00:00,0.02413,0.02415,0.02408,0.02415,464562.0
2026-03-28 20:00:00+00:00,0.02416,0.0242,0.02407,0.02409,481623.0
2026-03-28 21:00:00+00:00,0.02409,0.02409,0.02391,0.02396,757330.0
2026-03-28 22:00:00+00:00,0.02393,0.02398,0.02389,0.02391,374927.0
2026-03-28 23:00:00+00:00,0.02391,0.02393,0.02364,0.02369,1501311.0
2026-03-29 00:00:00+00:00,0.02368,0.02373,0.02358,0.02361,1142754.0
2026-03-29 01:00:00+00:00,0.02363,0.02376,0.02363,0.02369,648725.0
2026-03-29 02:00:00+00:00,0.02371,0.02378,0.02368,0.02371,492447.0
2026-03-29 03:00:00+00:00,0.02372,0.02384,0.02369,0.02374,363047.0
2026-03-29 04:00:00+00:00,0.02373,0.02376,0.02367,0.02368,493544.0
2026-03-29 05:00:00+00:00,0.02368,0.02368,0.02354,0.02361,1072748.0
2026-03-29 06:00:00+00:00,0.0236,0.0237,0.0236,0.02367,632350.0
2026-03-29 07:00:00+00:00,0.02367,0.02367,0.02358,0.0236,637764.0
2026-03-29 08:00:00+00:00,0.02359,0.02366,0.02357,0.0236,488879.0
2026-03-29 09:00:00+00:00,0.02361,0.02367,0.0236,0.02361,688122.0
2026-03-29 10:00:00+00:00,0.02361,0.02362,0.02348,0.02353,552944.0
2026-03-29 11:00:00+00:00,0.02354,0.02372,0.02353,0.02363,1275295.0
2026-03-29 12:00:00+00:00,0.02363,0.02365,0.02342,0.02351,701701.0
2026-03-29 13:00:00+00:00,0.02351,0.02355,0.02338,0.02344,1378961.0
2026-03-29 14:00:00+00:00,0.02344,0.02356,0.02339,0.02348,2164167.0
2026-03-29 15:00:00+00:00,0.0235,0.02354,0.02338,0.0235,875360.0
2026-03-29 16:00:00+00:00,0.0235,0.02356,0.02343,0.02344,908282.0
2026-03-29 17:00:00+00:00,0.02344,0.02349,0.02334,0.02345,1631009.0
2026-03-29 18:00:00+00:00,0.02345,0.02353,0.02338,0.02347,548724.0
2026-03-29 19:00:00+00:00,0.02346,0.02348,0.02341,0.02346,1312967.0
2026-03-29 20:00:00+00:00,0.02346,0.02363,0.02346,0.02359,1072625.0
2026-03-29 21:00:00+00:00,0.0236,0.02368,0.02358,0.02366,783751.0
2026-03-29 22:00:00+00:00,0.02365,0.02365,0.02293,0.02332,4288513.0
2026-03-29 23:00:00+00:00,0.0233,0.02346,0.02329,0.02341,1406089.0
2026-03-30 00:00:00+00:00,0.02343,0.02377,0.02337,0.02355,3128839.0
2026-03-30 01:00:00+00:00,0.02356,0.02382,0.02356,0.02376,939832.0
2026-03-30 02:00:00+00:00,0.02379,0.02402,0.02375,0.02391,1053764.0
2026-03-30 03:00:00+00:00,0.02391,0.02405,0.02385,0.024,1199076.0
2026-03-30 04:00:00+00:00,0.024,0.02423,0.024,0.02412,927920.0
2026-03-30 05:00:00+00:00,0.02413,0.02416,0.02403,0.02405,449841.0
2026-03-30 06:00:00+00:00,0.02407,0.02413,0.02401,0.02406,749450.0
2026-03-30 07:00:00+00:00,0.02405,0.02442,0.02405,0.02438,1587818.0
2026-03-30 08:00:00+00:00,0.0244,0.02453,0.02432,0.02442,2072352.0
2026-03-30 09:00:00+00:00,0.02444,0.02444,0.02422,0.02423,1461275.0
2026-03-30 10:00:00+00:00,0.02423,0.02434,0.02418,0.02432,1042688.0
2026-03-30 11:00:00+00:00,0.02432,0.02455,0.02431,0.02445,2252482.0
2026-03-30 12:00:00+00:00,0.02446,0.0245,0.02439,0.02442,648963.0
2026-03-30 13:00:00+00:00,0.02443,0.0245,0.02422,0.02423,1487609.0
2026-03-30 14:00:00+00:00,0.02426,0.02441,0.02408,0.02433,2157950.0
2026-03-30 15:00:00+00:00,0.02433,0.02433,0.02415,0.02416,957125.0
2026-03-30 16:00:00+00:00,0.02417,0.02426,0.02406,0.02412,569528.0
2026-03-30 17:00:00+00:00,0.02411,0.02413,0.02383,0.02388,1903517.0
2026-03-30 18:00:00+00:00,0.02387,0.02389,0.02371,0.02373,1003557.0
2026-03-30 19:00:00+00:00,0.02373,0.02374,0.02357,0.02373,1279949.0
2026-03-30 20:00:00+00:00,0.02375,0.02377,0.02366,0.02371,819723.0
2026-03-30 21:00:00+00:00,0.0237,0.02397,0.0237,0.02389,877757.0
2026-03-30 22:00:00+00:00,0.02389,0.02392,0.02378,0.02381,547137.0
2026-03-30 23:00:00+00:00,0.02381,0.02381,0.02362,0.02368,680119.0
2026-03-31 00:00:00+00:00,0.02371,0.02386,0.02367,0.02379,1346174.0
2026-03-31 01:00:00+00:00,0.02383,0.02414,0.02378,0.02404,1026948.0
2026-03-31 02:00:00+00:00,0.02402,0.0241,0.02397,0.02402,518137.0
2026-03-31 03:00:00+00:00,0.024,0.02401,0.02384,0.02386,1044521.0
2026-03-31 04:00:00+00:00,0.02388,0.02392,0.02376,0.02376,734733.0
2026-03-31 05:00:00+00:00,0.02377,0.02386,0.02372,0.02382,491533.0
2026-03-31 06:00:00+00:00,0.02382,0.02393,0.02373,0.0239,1553754.0
2026-03-31 07:00:00+00:00,0.0239,0.0239,0.02376,0.02384,918671.0
2026-03-31 08:00:00+00:00,0.02385,0.02391,0.02364,0.02366,827106.0
2026-03-31 09:00:00+00:00,0.02365,0.02373,0.02344,0.0235,1899676.0
2026-03-31 10:00:00+00:00,0.02352,0.02364,0.02347,0.0235,2254499.0
2026-03-31 11:00:00+00:00,0.02348,0.02371,0.02346,0.02371,1953388.0
2026-03-31 12:00:00+00:00,0.02372,0.0238,0.02364,0.02368,2729851.0
2026-03-31 13:00:00+00:00,0.02368,0.02396,0.02368,0.0239,1269296.0
2026-03-31 14:00:00+00:00,0.02391,0.02399,0.02364,0.02374,2022059.0
2026-03-31 15:00:00+00:00,0.02374,0.02392,0.02367,0.02371,1459139.0
2026-03-31 16:00:00+00:00,0.02373,0.02405,0.02373,0.02403,810119.0
2026-03-31 17:00:00+00:00,0.02405,0.02425,0.0239,0.02394,1328857.0
2026-03-31 18:00:00+00:00,0.02395,0.02408,0.02395,0.02404,1163284.0
2026-03-31 19:00:00+00:00,0.02404,0.02413,0.02404,0.02411,777710.0
2026-03-31 20:00:00+00:00,0.0241,0.02425,0.0241,0.0242,1628508.0
2026-03-31 21:00:00+00:00,0.0242,0.02423,0.02407,0.02409,1005714.0
2026-03-31 22:00:00+00:00,0.02411,0.02413,0.02399,0.02406,640983.0
2026-03-31 23:00:00+00:00,0.02405,0.02414,0.02402,0.02412,470246.0
2026-04-01 00:00:00+00:00,0.02412,0.02424,0.02408,0.02424,481548.0
2026-04-01 01:00:00+00:00,0.02425,0.02439,0.02413,0.02416,2114664.0
2026-04-01 02:00:00+00:00,0.02415,0.02418,0.02401,0.02412,1638076.0
2026-04-01 03:00:00+00:00,0.02413,0.02449,0.0241,0.02449,14468538.0
2026-04-01 04:00:00+00:00,0.02444,0.02465,0.02426,0.02462,5027920.0
2026-04-01 05:00:00+00:00,0.02462,0.02475,0.02447,0.02465,1687173.0
2026-04-01 06:00:00+00:00,0.02465,0.0251,0.02465,0.02504,5962693.0
2026-04-01 07:00:00+00:00,0.02503,0.02512,0.02462,0.0247,18470476.0
2026-04-01 08:00:00+00:00,0.02471,0.02481,0.02463,0.02469,2523132.0
2026-04-01 09:00:00+00:00,0.02469,0.02475,0.02456,0.02465,1169042.0
2026-04-01 10:00:00+00:00,0.02465,0.02467,0.02455,0.0246,1455424.0
2026-04-01 11:00:00+00:00,0.02459,0.02469,0.02455,0.02468,960273.0
2026-04-01 12:00:00+00:00,0.0247,0.02496,0.02457,0.02475,3392366.0
2026-04-01 13:00:00+00:00,0.02475,0.02478,0.02445,0.02451,1870950.0
2026-04-01 14:00:00+00:00,0.02453,0.02467,0.0245,0.02456,1189411.0
2026-04-01 15:00:00+00:00,0.02457,0.0248,0.0245,0.02478,2904559.0
2026-04-01 16:00:00+00:00,0.0248,0.0248,0.02465,0.0247,1394859.0
2026-04-01 17:00:00+00:00,0.02469,0.02482,0.02454,0.02455,907463.0
2026-04-01 18:00:00+00:00,0.02455,0.02458,0.02446,0.02447,901673.0
2026-04-01 19:00:00+00:00,0.02446,0.02451,0.0244,0.02446,901748.0
2026-04-01 20:00:00+00:00,0.02447,0.02447,0.02434,0.02438,602451.0
2026-04-01 21:00:00+00:00,0.02438,0.02456,0.02438,0.02452,1120001.0
2026-04-01 22:00:00+00:00,0.02451,0.02454,0.02436,0.02437,593291.0
2026-04-01 23:00:00+00:00,0.02438,0.02439,0.0243,0.02433,591229.0
2026-04-02 00:00:00+00:00,0.02436,0.02456,0.02434,0.02454,1162098.0
2026-04-02 01:00:00+00:00,0.02452,0.02455,0.02392,0.02404,2487182.0
2026-04-02 02:00:00+00:00,0.02404,0.02404,0.02366,0.02374,931297.0
2026-04-02 03:00:00+00:00,0.02374,0.02382,0.02355,0.02366,789245.0
2026-04-02 04:00:00+00:00,0.02367,0.02368,0.02354,0.02356,1001692.0
2026-04-02 05:00:00+00:00,0.02357,0.02371,0.02352,0.02367,810579.0
2026-04-02 06:00:00+00:00,0.02368,0.02381,0.02365,0.02379,1214846.0
2026-04-02 07:00:00+00:00,0.02379,0.02385,0.02377,0.02385,927706.0
2026-04-02 08:00:00+00:00,0.02383,0.02383,0.02368,0.02368,784266.0
2026-04-02 09:00:00+00:00,0.02368,0.0237,0.02356,0.02356,865820.0
2026-04-02 10:00:00+00:00,0.02357,0.02361,0.0235,0.02355,1079323.0
2026-04-02 11:00:00+00:00,0.02357,0.02363,0.02344,0.02361,2020541.0
2026-04-02 12:00:00+00:00,0.0236,0.0236,0.02343,0.02346,3059298.0
2026-04-02 13:00:00+00:00,0.02346,0.02347,0.02325,0.0234,2279572.0
2026-04-02 14:00:00+00:00,0.02341,0.02374,0.02336,0.02373,2966183.0
2026-04-02 15:00:00+00:00,0.02372,0.02372,0.02348,0.02358,923598.0
2026-04-02 16:00:00+00:00,0.02358,0.0238,0.02353,0.02371,871235.0
2026-04-02 17:00:00+00:00,0.0237,0.02382,0.02351,0.02352,895769.0
2026-04-02 18:00:00+00:00,0.02353,0.02369,0.02353,0.02366,1150805.0
2026-04-02 19:00:00+00:00,0.02366,0.02367,0.02357,0.02364,1232009.0
2026-04-02 20:00:00+00:00,0.02365,0.02378,0.02358,0.0237,2741917.0
2026-04-02 21:00:00+00:00,0.02371,0.02371,0.02357,0.02365,1323065.0
2026-04-02 22:00:00+00:00,0.02365,0.0237,0.02359,0.02367,1017140.0
2026-04-02 23:00:00+00:00,0.02366,0.02366,0.02358,0.02365,502138.0
2026-04-03 00:00:00+00:00,0.02366,0.02372,0.02364,0.0237,791877.0
2026-04-03 01:00:00+00:00,0.02371,0.02378,0.02363,0.02369,669557.0
2026-04-03 02:00:00+00:00,0.02368,0.02384,0.02365,0.02383,1640917.0
2026-04-03 03:00:00+00:00,0.02384,0.02401,0.02379,0.02401,1293270.0
2026-04-03 04:00:00+00:00,0.02401,0.02412,0.02395,0.0241,965333.0
2026-04-03 05:00:00+00:00,0.0241,0.02435,0.02408,0.02423,1029424.0
2026-04-03 06:00:00+00:00,0.02425,0.02442,0.02418,0.02437,830798.0
2026-04-03 07:00:00+00:00,0.02436,0.02443,0.02428,0.02431,647265.0
2026-04-03 08:00:00+00:00,0.02432,0.0245,0.0243,0.02437,5138034.0
2026-04-03 09:00:00+00:00,0.02436,0.02458,0.02435,0.02452,1168859.0
2026-04-03 10:00:00+00:00,0.02452,0.02456,0.02439,0.0245,1354511.0
2026-04-03 11:00:00+00:00,0.0245,0.02452,0.02427,0.0243,2290637.0
2026-04-03 12:00:00+00:00,0.02429,0.02444,0.024,0.02408,4066000.0
2026-04-03 13:00:00+00:00,0.02408,0.02411,0.02395,0.02404,1540085.0
2026-04-03 14:00:00+00:00,0.02403,0.02406,0.02395,0.02399,1244068.0
2026-04-03 15:00:00+00:00,0.02398,0.02405,0.02385,0.02389,2394318.0
2026-04-03 16:00:00+00:00,0.02388,0.02396,0.02383,0.02395,1611023.0
2026-04-03 17:00:00+00:00,0.02396,0.02396,0.02385,0.02391,440035.0
2026-04-03 18:00:00+00:00,0.0239,0.02404,0.02388,0.02389,1093318.0
2026-04-03 19:00:00+00:00,0.02389,0.02391,0.02373,0.02386,1231829.0
2026-04-03 20:00:00+00:00,0.02388,0.024,0.02387,0.02399,1494507.0
2026-04-03 21:00:00+00:00,0.024,0.02404,0.02393,0.02403,908817.0
2026-04-03 22:00:00+00:00,0.02403,0.02404,0.02388,0.02391,409119.0
2026-04-03 23:00:00+00:00,0.02391,0.02394,0.02384,0.02391,1153337.0
2026-04-04 00:00:00+00:00,0.02391,0.02394,0.02381,0.02393,831274.0
2026-04-04 01:00:00+00:00,0.02393,0.02407,0.02391,0.02404,1183370.0
2026-04-04 02:00:00+00:00,0.02404,0.02414,0.024,0.02406,1681443.0
2026-04-04 03:00:00+00:00,0.02407,0.02423,0.02407,0.02416,2303379.0
2026-04-04 04:00:00+00:00,0.02416,0.02423,0.02413,0.02417,1182712.0
2026-04-04 05:00:00+00:00,0.02417,0.02431,0.02414,0.02415,994293.0
2026-04-04 06:00:00+00:00,0.02415,0.02439,0.02414,0.02435,653344.0
2026-04-04 07:00:00+00:00,0.02436,0.02439,0.02426,0.02438,1085627.0
2026-04-04 08:00:00+00:00,0.0244,0.02444,0.02423,0.02426,1424054.0
2026-04-04 09:00:00+00:00,0.02426,0.02431,0.02419,0.02429,1189467.0
2026-04-04 10:00:00+00:00,0.02431,0.02438,0.02423,0.02438,1160038.0
2026-04-04 11:00:00+00:00,0.02438,0.02445,0.02434,0.02434,1228549.0
2026-04-04 12:00:00+00:00,0.02435,0.02436,0.02422,0.02424,2177205.0
2026-04-04 13:00:00+00:00,0.02423,0.02434,0.02416,0.02418,1849622.0
2026-04-04 14:00:00+00:00,0.02419,0.02425,0.02402,0.02423,2137527.0
2026-04-04 15:00:00+00:00,0.02423,0.02428,0.02412,0.02413,1491961.0
2026-04-04 16:00:00+00:00,0.02413,0.02419,0.02402,0.02402,540221.0
2026-04-04 17:00:00+00:00,0.02403,0.02426,0.02399,0.02423,994835.0
2026-04-04 18:00:00+00:00,0.02424,0.02429,0.0242,0.02425,763414.0
2026-04-04 19:00:00+00:00,0.02425,0.02443,0.02417,0.02421,1802621.0
2026-04-04 20:00:00+00:00,0.02422,0.02422,0.02417,0.02417,455402.0
2026-04-04 21:00:00+00:00,0.02417,0.02421,0.0241,0.02417,990040.0
2026-04-04 22:00:00+00:00,0.02417,0.02426,0.02415,0.02416,1202776.0
2026-04-04 23:00:00+00:00,0.02417,0.02418,0.02409,0.02415,460252.0
2026-04-05 00:00:00+00:00,0.02416,0.02419,0.02403,0.02406,609191.0
2026-04-05 01:00:00+00:00,0.02407,0.02409,0.0239,0.02392,959339.0
2026-04-05 02:00:00+00:00,0.02391,0.02398,0.02387,0.02394,484867.0
2026-04-05 03:00:00+00:00,0.02394,0.02394,0.02376,0.02381,863879.0
2026-04-05 04:00:00+00:00,0.02381,0.02383,0.02373,0.02376,814749.0
2026-04-05 05:00:00+00:00,0.02376,0.02381,0.02363,0.02364,1115380.0
2026-04-05 06:00:00+00:00,0.02364,0.02367,0.02351,0.02359,1238141.0
2026-04-05 07:00:00+00:00,0.02358,0.02364,0.02346,0.02349,2047977.0
2026-04-05 08:00:00+00:00,0.02349,0.02358,0.02348,0.02358,784487.0
2026-04-05 09:00:00+00:00,0.0236,0.02367,0.02356,0.0236,566609.0
2026-04-05 10:00:00+00:00,0.02359,0.02364,0.02349,0.02349,1034970.0
2026-04-05 11:00:00+00:00,0.02349,0.02355,0.02347,0.0235,568866.0
2026-04-05 12:00:00+00:00,0.0235,0.0235,0.02333,0.02341,1239133.0
2026-04-05 13:00:00+00:00,0.02341,0.02364,0.02339,0.02364,958858.0
2026-04-05 14:00:00+00:00,0.02364,0.02367,0.02355,0.02357,1033427.0
2026-04-05 15:00:00+00:00,0.02357,0.02379,0.02349,0.02354,2930952.0
2026-04-05 16:00:00+00:00,0.02354,0.02357,0.0234,0.02341,905045.0
2026-04-05 17:00:00+00:00,0.02342,0.02356,0.02339,0.02351,422104.0
2026-04-05 18:00:00+00:00,0.02349,0.02351,0.02341,0.02344,624487.0
2026-04-05 19:00:00+00:00,0.02345,0.02353,0.02341,0.02349,967527.0
2026-04-05 20:00:00+00:00,0.02349,0.02355,0.02341,0.02348,917342.0
2026-04-05 21:00:00+00:00,0.02348,0.02352,0.0234,0.02345,827410.0
2026-04-05 22:00:00+00:00,0.02344,0.02367,0.02341,0.02366,1002750.0
2026-04-05 23:00:00+00:00,0.02367,0.02391,0.02364,0.02388,1055607.0
2026-04-06 00:00:00+00:00,0.02391,0.02404,0.02391,0.02393,1507670.0
2026-04-06 01:00:00+00:00,0.02394,0.02394,0.02375,0.0238,1054886.0
2026-04-06 02:00:00+00:00,0.02383,0.02408,0.02382,0.02405,1390572.0
2026-04-06 03:00:00+00:00,0.02405,0.02408,0.0239,0.02394,1261361.0
2026-04-06 04:00:00+00:00,0.02395,0.02403,0.02389,0.02392,1841480.0
2026-04-06 05:00:00+00:00,0.02392,0.02409,0.02391,0.02409,1805628.0
2026-04-06 06:00:00+00:00,0.02408,0.02408,0.02388,0.02399,2979995.0
2026-04-06 07:00:00+00:00,0.02397,0.02409,0.02393,0.02405,2103671.0
2026-04-06 08:00:00+00:00,0.02405,0.02436,0.02404,0.02423,2482891.0
2026-04-06 09:00:00+00:00,0.02424,0.02454,0.02424,0.02451,3588462.0
2026-04-06 10:00:00+00:00,0.02454,0.02467,0.02451,0.02464,1745083.0
2026-04-06 11:00:00+00:00,0.02464,0.02471,0.02451,0.02457,2364867.0
2026-04-06 12:00:00+00:00,0.02458,0.02465,0.02437,0.02439,2176621.0
2026-04-06 13:00:00+00:00,0.02439,0.02441,0.02427,0.02434,1347223.0
2026-04-06 14:00:00+00:00,0.02435,0.02444,0.02417,0.02433,2823332.0
2026-04-06 15:00:00+00:00,0.02433,0.02435,0.02421,0.02425,1460042.0
2026-04-06 16:00:00+00:00,0.02425,0.02429,0.02418,0.02424,873664.0
2026-04-06 17:00:00+00:00,0.02423,0.0243,0.0241,0.02421,924648.0
2026-04-06 18:00:00+00:00,0.02421,0.02424,0.02416,0.02417,467241.0
2026-04-06 19:00:00+00:00,0.02416,0.02416,0.02402,0.02407,1132735.0
2026-04-06 20:00:00+00:00,0.02404,0.02413,0.02402,0.02413,731294.0
2026-04-06 21:00:00+00:00,0.02412,0.02482,0.02399,0.02417,11073652.0
2026-04-06 22:00:00+00:00,0.02418,0.02474,0.02344,0.02367,11984737.0
2026-04-06 23:00:00+00:00,0.02367,0.02377,0.02349,0.02372,1994625.0
2026-04-07 00:00:00+00:00,0.02374,0.02379,0.02358,0.02364,711168.0
2026-04-07 01:00:00+00:00,0.02361,0.0237,0.0235,0.0235,981328.0
2026-04-07 02:00:00+00:00,0.0235,0.02368,0.02346,0.02361,856629.0
2026-04-07 03:00:00+00:00,0.02361,0.02382,0.02361,0.02371,1443917.0
2026-04-07 04:00:00+00:00,0.0237,0.02391,0.02368,0.02386,938931.0
2026-04-07 05:00:00+00:00,0.02386,0.02386,0.02367,0.02373,502770.0
2026-04-07 06:00:00+00:00,0.02372,0.02372,0.02356,0.02359,2536971.0
2026-04-07 07:00:00+00:00,0.02358,0.02375,0.0235,0.02365,3928450.0
2026-04-07 08:00:00+00:00,0.02365,0.02377,0.02363,0.0237,986813.0
2026-04-07 09:00:00+00:00,0.0237,0.02397,0.02368,0.02386,2464048.0
2026-04-07 10:00:00+00:00,0.02387,0.02389,0.0236,0.02361,2090051.0
2026-04-07 11:00:00+00:00,0.02361,0.02364,0.02354,0.02359,916875.0
2026-04-07 12:00:00+00:00,0.02359,0.02359,0.02333,0.02352,3405130.0
2026-04-07 13:00:00+00:00,0.0235,0.02362,0.0235,0.02352,1562668.0
2026-04-07 14:00:00+00:00,0.02353,0.02362,0.02343,0.02346,1867092.0
2026-04-07 15:00:00+00:00,0.02345,0.0236,0.02341,0.02352,1331924.0
2026-04-07 16:00:00+00:00,0.02351,0.02361,0.02349,0.02352,660723.0
2026-04-07 17:00:00+00:00,0.02351,0.02379,0.02345,0.02371,1157504.0
2026-04-07 18:00:00+00:00,0.02372,0.02381,0.02368,0.0237,838166.0
2026-04-07 19:00:00+00:00,0.02369,0.02393,0.02369,0.02392,700738.0
2026-04-07 20:00:00+00:00,0.02394,0.02429,0.02394,0.02402,2862716.0
2026-04-07 21:00:00+00:00,0.02404,0.0245,0.02402,0.02443,3079139.0
2026-04-07 22:00:00+00:00,0.02447,0.025,0.0244,0.02498,4038069.0
2026-04-07 23:00:00+00:00,0.02501,0.02521,0.02485,0.0251,3980222.0
2026-04-08 00:00:00+00:00,0.02508,0.02515,0.02473,0.02479,2491673.0
2026-04-08 01:00:00+00:00,0.0248,0.0249,0.02474,0.02488,785936.0
2026-04-08 02:00:00+00:00,0.0249,0.02499,0.02479,0.02485,840681.0
2026-04-08 03:00:00+00:00,0.02485,0.0249,0.0248,0.0248,1570641.0
2026-04-08 04:00:00+00:00,0.0248,0.02491,0.02479,0.02483,1715395.0
2026-04-08 05:00:00+00:00,0.02483,0.02489,0.02482,0.02482,1073219.0
2026-04-08 06:00:00+00:00,0.02482,0.02489,0.02475,0.02475,877456.0
2026-04-08 07:00:00+00:00,0.02475,0.02489,0.02474,0.02484,1173311.0
2026-04-08 08:00:00+00:00,0.02484,0.02496,0.02478,0.02489,1814836.0
2026-04-08 09:00:00+00:00,0.02488,0.02491,0.0248,0.02485,988554.0
2026-04-08 10:00:00+00:00,0.02485,0.02488,0.02472,0.02472,624440.0
2026-04-08 11:00:00+00:00,0.0247,0.02477,0.02452,0.02457,1364869.0
2026-04-08 12:00:00+00:00,0.02459,0.02463,0.02445,0.02456,1017109.0
2026-04-08 13:00:00+00:00,0.02457,0.02468,0.02439,0.02443,948911.0
2026-04-08 14:00:00+00:00,0.02446,0.02447,0.02408,0.02415,2382058.0
2026-04-08 15:00:00+00:00,0.02416,0.02446,0.02415,0.02443,1545323.0
2026-04-08 16:00:00+00:00,0.02443,0.02447,0.02436,0.0244,1095453.0
2026-04-08 17:00:00+00:00,0.0244,0.02449,0.02426,0.02432,1114179.0
2026-04-08 18:00:00+00:00,0.02432,0.02433,0.02403,0.02406,2302433.0
2026-04-08 19:00:00+00:00,0.02406,0.02406,0.02391,0.02402,5695296.0
2026-04-08 20:00:00+00:00,0.02403,0.02407,0.02396,0.02404,608052.0
2026-04-08 21:00:00+00:00,0.02404,0.02421,0.02403,0.02414,1518975.0
2026-04-08 22:00:00+00:00,0.02413,0.02417,0.02397,0.02398,1835999.0
2026-04-08 23:00:00+00:00,0.02397,0.02403,0.02374,0.02381,3213284.0
2026-04-09 00:00:00+00:00,0.0238,0.02386,0.02371,0.02381,1574574.0
2026-04-09 01:00:00+00:00,0.02381,0.02397,0.0237,0.02397,1225076.0
2026-04-09 02:00:00+00:00,0.02396,0.02416,0.02391,0.02408,1143161.0
2026-04-09 03:00:00+00:00,0.02409,0.02428,0.02402,0.02425,1120509.0
2026-04-09 04:00:00+00:00,0.02426,0.02431,0.0241,0.0241,1262674.0
2026-04-09 05:00:00+00:00,0.0241,0.02413,0.02399,0.02403,1480022.0
2026-04-09 06:00:00+00:00,0.02404,0.02422,0.02403,0.02422,1025409.0
2026-04-09 07:00:00+00:00,0.02423,0.02426,0.02411,0.02414,700106.0
2026-04-09 08:00:00+00:00,0.02413,0.02426,0.024,0.02403,2413085.0
2026-04-09 09:00:00+00:00,0.02403,0.02414,0.0239,0.0241,2614208.0
2026-04-09 10:00:00+00:00,0.0241,0.02415,0.02401,0.02406,1243367.0
2026-04-09 11:00:00+00:00,0.02405,0.02406,0.02391,0.024,973801.0
2026-04-09 12:00:00+00:00,0.02399,0.02406,0.02393,0.02401,786665.0
2026-04-09 13:00:00+00:00,0.02402,0.02404,0.0239,0.02397,1159324.0
2026-04-09 14:00:00+00:00,0.02398,0.02414,0.02387,0.02408,1885077.0
2026-04-09 15:00:00+00:00,0.02409,0.02445,0.02399,0.02433,2853762.0
2026-04-09 16:00:00+00:00,0.02433,0.02443,0.02421,0.02426,938760.0
2026-04-09 17:00:00+00:00,0.02427,0.02439,0.02419,0.02435,834694.0
2026-04-09 18:00:00+00:00,0.02435,0.02437,0.02411,0.02424,1389078.0
2026-04-09 19:00:00+00:00,0.02423,0.02436,0.02416,0.02427,1498618.0
2026-04-09 20:00:00+00:00,0.02429,0.02435,0.02423,0.02425,1265404.0
2026-04-09 21:00:00+00:00,0.02426,0.02439,0.02418,0.0243,1065106.0
2026-04-09 22:00:00+00:00,0.0243,0.02463,0.0243,0.02436,1690898.0
2026-04-09 23:00:00+00:00,0.02437,0.02439,0.02414,0.02423,853788.0
2026-04-10 00:00:00+00:00,0.02424,0.02432,0.02407,0.02425,2014016.0
2026-04-10 01:00:00+00:00,0.02423,0.02444,0.02413,0.02428,1246251.0
2026-04-10 02:00:00+00:00,0.02429,0.0244,0.02419,0.0242,897340.0
2026-04-10 03:00:00+00:00,0.0242,0.02434,0.02409,0.02412,973752.0
2026-04-10 04:00:00+00:00,0.0241,0.02427,0.02409,0.0242,1142382.0
2026-04-10 05:00:00+00:00,0.0242,0.02436,0.02409,0.02424,1357496.0
2026-04-10 06:00:00+00:00,0.02424,0.02427,0.02408,0.02411,1151000.0
2026-04-10 07:00:00+00:00,0.02412,0.02413,0.02395,0.02399,887665.0
2026-04-10 08:00:00+00:00,0.02397,0.02414,0.02393,0.02403,1849472.0
2026-04-10 09:00:00+00:00,0.02402,0.02412,0.024,0.02407,3773522.0
2026-04-10 10:00:00+00:00,0.02407,0.02416,0.024,0.024,1973042.0
2026-04-10 11:00:00+00:00,0.02401,0.02407,0.02393,0.02403,1962523.0
2026-04-10 12:00:00+00:00,0.02403,0.02419,0.024,0.02409,2056087.0
2026-04-10 13:00:00+00:00,0.02409,0.02423,0.02407,0.02421,1064399.0
2026-04-10 14:00:00+00:00,0.0242,0.02466,0.02414,0.02462,1886847.0
2026-04-10 15:00:00+00:00,0.02463,0.02472,0.02439,0.02449,4087939.0
2026-04-10 16:00:00+00:00,0.0245,0.02459,0.02441,0.02443,1801415.0
2026-04-10 17:00:00+00:00,0.02442,0.02442,0.02422,0.02433,1919167.0
2026-04-10 18:00:00+00:00,0.02434,0.0246,0.02433,0.02459,2237172.0
2026-04-10 19:00:00+00:00,0.02458,0.02469,0.02454,0.02464,1566199.0
2026-04-10 20:00:00+00:00,0.02466,0.02467,0.02445,0.02454,1127208.0
2026-04-10 21:00:00+00:00,0.02455,0.02456,0.02435,0.02449,1515095.0
2026-04-10 22:00:00+00:00,0.02453,0.02456,0.02444,0.02446,1072474.0
2026-04-10 23:00:00+00:00,0.02447,0.02447,0.02434,0.02441,1448366.0
2026-04-11 00:00:00+00:00,0.02443,0.02446,0.02422,0.02425,828000.0
2026-04-11 01:00:00+00:00,0.02424,0.02425,0.02409,0.02419,593258.0
2026-04-11 02:00:00+00:00,0.0242,0.02437,0.02417,0.0243,845876.0
2026-04-11 03:00:00+00:00,0.02432,0.02446,0.02428,0.0243,576251.0
2026-04-11 04:00:00+00:00,0.0243,0.02436,0.02419,0.02422,1214624.0
2026-04-11 05:00:00+00:00,0.02422,0.02424,0.02406,0.02412,1364359.0
2026-04-11 06:00:00+00:00,0.02411,0.02419,0.02405,0.02416,1213724.0
2026-04-11 07:00:00+00:00,0.02416,0.02419,0.02406,0.02416,567668.0
2026-04-11 08:00:00+00:00,0.02415,0.02422,0.02412,0.02415,675465.0
2026-04-11 09:00:00+00:00,0.02413,0.0242,0.02406,0.0242,916912.0
2026-04-11 10:00:00+00:00,0.0242,0.02421,0.02407,0.02412,1979873.0
2026-04-11 11:00:00+00:00,0.02412,0.02417,0.02406,0.02408,836775.0
2026-04-11 12:00:00+00:00,0.02408,0.02411,0.02393,0.024,1389685.0
2026-04-11 13:00:00+00:00,0.02399,0.024,0.02386,0.02398,1567663.0
2026-04-11 14:00:00+00:00,0.02398,0.02404,0.02393,0.02394,756139.0
2026-04-11 15:00:00+00:00,0.02393,0.02402,0.02389,0.02401,1059492.0
2026-04-11 16:00:00+00:00,0.02398,0.02423,0.02398,0.02413,683049.0
2026-04-11 17:00:00+00:00,0.02411,0.02418,0.02406,0.02406,612334.0
2026-04-11 18:00:00+00:00,0.02407,0.02438,0.02403,0.02426,1009287.0
2026-04-11 19:00:00+00:00,0.02429,0.02445,0.02426,0.0244,1279498.0
2026-04-11 20:00:00+00:00,0.02442,0.02444,0.02423,0.02428,1109313.0
2026-04-11 21:00:00+00:00,0.02428,0.02437,0.02421,0.02432,827275.0
2026-04-11 22:00:00+00:00,0.02432,0.02444,0.02424,0.0243,2339482.0
2026-04-11 23:00:00+00:00,0.0243,0.02431,0.02408,0.02426,1293741.0
2026-04-12 00:00:00+00:00,0.02427,0.02429,0.02419,0.02422,701459.0
2026-04-12 01:00:00+00:00,0.02423,0.02427,0.02361,0.02368,3450612.0
2026-04-12 02:00:00+00:00,0.02368,0.02382,0.02357,0.02374,1915218.0
2026-04-12 03:00:00+00:00,0.02374,0.02383,0.02367,0.02369,903969.0
2026-04-12 04:00:00+00:00,0.02369,0.02375,0.02359,0.02366,1177310.0
2026-04-12 05:00:00+00:00,0.02366,0.02376,0.02363,0.02372,739353.0
2026-04-12 06:00:00+00:00,0.02374,0.0238,0.02369,0.02369,1965982.0
2026-04-12 07:00:00+00:00,0.0237,0.02376,0.02368,0.02373,923481.0
2026-04-12 08:00:00+00:00,0.02372,0.02374,0.02366,0.02367,699956.0
2026-04-12 09:00:00+00:00,0.02367,0.02374,0.02365,0.02369,823308.0
2026-04-12 10:00:00+00:00,0.02369,0.02371,0.02355,0.0236,1224395.0
2026-04-12 11:00:00+00:00,0.0236,0.02367,0.0235,0.02361,1009555.0
2026-04-12 12:00:00+00:00,0.0236,0.0238,0.02356,0.02368,3505908.0
2026-04-12 13:00:00+00:00,0.02369,0.02378,0.02357,0.02357,1442091.0
2026-04-12 14:00:00+00:00,0.02358,0.0237,0.02357,0.02365,967125.0
2026-04-12 15:00:00+00:00,0.02365,0.02367,0.0235,0.02353,1529697.0
2026-04-12 16:00:00+00:00,0.02353,0.02353,0.02345,0.02353,1496538.0
2026-04-12 17:00:00+00:00,0.02353,0.02377,0.02353,0.02374,1189415.0
2026-04-12 18:00:00+00:00,0.02375,0.02377,0.02365,0.02369,913502.0
2026-04-12 19:00:00+00:00,0.02367,0.0237,0.02358,0.0236,821748.0
2026-04-12 20:00:00+00:00,0.02362,0.02374,0.02354,0.02366,736319.0
2026-04-12 21:00:00+00:00,0.02367,0.0238,0.0236,0.02373,3248933.0
2026-04-12 22:00:00+00:00,0.02373,0.02373,0.02347,0.02356,1241363.0
2026-04-12 23:00:00+00:00,0.02355,0.02362,0.02348,0.0236,1705338.0
2026-04-13 00:00:00+00:00,0.02361,0.02373,0.02356,0.02361,1903011.0
2026-04-13 01:00:00+00:00,0.0236,0.02378,0.02356,0.02375,1138502.0
2026-04-13 02:00:00+00:00,0.02375,0.02378,0.02353,0.02359,2427247.0
2026-04-13 03:00:00+00:00,0.02359,0.02359,0.02342,0.02353,1322488.0
2026-04-13 04:00:00+00:00,0.02353,0.02363,0.02345,0.02346,2471202.0
2026-04-13 05:00:00+00:00,0.02346,0.02353,0.02337,0.02352,1135973.0
2026-04-13 06:00:00+00:00,0.02353,0.02366,0.02352,0.02361,950564.0
2026-04-13 07:00:00+00:00,0.02362,0.02363,0.02345,0.02345,658393.0
2026-04-13 08:00:00+00:00,0.02345,0.0235,0.02338,0.02342,544057.0
2026-04-13 09:00:00+00:00,0.02344,0.02368,0.02344,0.02362,623743.0
2026-04-13 10:00:00+00:00,0.02363,0.0237,0.0235,0.02353,794864.0
2026-04-13 11:00:00+00:00,0.02354,0.02359,0.02351,0.02354,1545459.0
2026-04-13 12:00:00+00:00,0.02354,0.02446,0.02349,0.02372,11905159.0
2026-04-13 13:00:00+00:00,0.02373,0.02396,0.02372,0.02395,2753907.0
2026-04-13 14:00:00+00:00,0.02397,0.02398,0.02372,0.02396,2034222.0
2026-04-13 15:00:00+00:00,0.02397,0.02397,0.02374,0.02382,999792.0
2026-04-13 16:00:00+00:00,0.02381,0.02385,0.02372,0.02379,1237329.0
2026-04-13 17:00:00+00:00,0.02379,0.02393,0.02371,0.02374,810293.0
2026-04-13 18:00:00+00:00,0.02374,0.02388,0.0237,0.02388,2325332.0
2026-04-13 19:00:00+00:00,0.02388,0.02427,0.02386,0.02419,2166181.0
2026-04-13 20:00:00+00:00,0.02421,0.02425,0.02399,0.0241,1638404.0
2026-04-13 21:00:00+00:00,0.02411,0.02426,0.02409,0.02423,1073230.0
2026-04-13 22:00:00+00:00,0.02425,0.02469,0.02422,0.02467,2474286.0
2026-04-13 23:00:00+00:00,0.02466,0.02477,0.02454,0.02469,2068460.0
2026-04-14 00:00:00+00:00,0.02469,0.02477,0.02451,0.02451,1434096.0
2026-04-14 01:00:00+00:00,0.02451,0.02451,0.0244,0.02445,897679.0
2026-04-14 02:00:00+00:00,0.02444,0.02447,0.02436,0.02438,587816.0
2026-04-14 03:00:00+00:00,0.02438,0.02448,0.02436,0.02441,606714.0
2026-04-14 04:00:00+00:00,0.02441,0.02447,0.02433,0.02437,539708.0
2026-04-14 05:00:00+00:00,0.02438,0.02438,0.0241,0.02416,1080993.0
2026-04-14 06:00:00+00:00,0.02417,0.02427,0.02417,0.02426,710147.0
2026-04-14 07:00:00+00:00,0.02426,0.02431,0.02419,0.02419,428578.0
2026-04-14 08:00:00+00:00,0.02417,0.02426,0.02414,0.02424,516306.0
2026-04-14 09:00:00+00:00,0.02425,0.0243,0.02416,0.02419,2189538.0
2026-04-14 10:00:00+00:00,0.02418,0.02423,0.02413,0.02418,1126655.0
2026-04-14 11:00:00+00:00,0.02417,0.02421,0.02411,0.02413,722673.0
2026-04-14 12:00:00+00:00,0.02411,0.02415,0.024,0.02404,355890.0
2026-04-14 13:00:00+00:00,0.02406,0.02435,0.02404,0.02433,2357478.0
2026-04-14 14:00:00+00:00,0.02435,0.02442,0.02415,0.02423,1209732.0
2026-04-14 15:00:00+00:00,0.02422,0.02427,0.0241,0.02421,1285959.0
2026-04-14 16:00:00+00:00,0.0242,0.02431,0.02413,0.02418,1096472.0
2026-04-14 17:00:00+00:00,0.02417,0.02429,0.02403,0.02418,1410837.0
2026-04-14 18:00:00+00:00,0.02419,0.02424,0.02375,0.02381,1610852.0
2026-04-14 19:00:00+00:00,0.02381,0.02393,0.0238,0.02391,1043112.0
2026-04-14 20:00:00+00:00,0.02393,0.02399,0.02385,0.02387,649888.0
2026-04-14 21:00:00+00:00,0.02388,0.02399,0.02386,0.02394,1227150.0
2026-04-14 22:00:00+00:00,0.02395,0.02401,0.0239,0.02396,361408.0
2026-04-14 23:00:00+00:00,0.02396,0.02399,0.02389,0.02399,379931.0
2026-04-15 00:00:00+00:00,0.02398,0.02408,0.02393,0.02396,1709067.0
2026-04-15 01:00:00+00:00,0.02395,0.02416,0.02395,0.02409,490040.0
2026-04-15 02:00:00+00:00,0.0241,0.02413,0.02398,0.02403,515697.0
2026-04-15 03:00:00+00:00,0.02404,0.02407,0.02398,0.02402,524132.0
2026-04-15 04:00:00+00:00,0.02402,0.02415,0.02402,0.02415,421091.0
2026-04-15 05:00:00+00:00,0.02416,0.02419,0.02393,0.02396,1149016.0
2026-04-15 06:00:00+00:00,0.02396,0.02402,0.02386,0.0239,698739.0
2026-04-15 07:00:00+00:00,0.0239,0.02396,0.02379,0.02385,924434.0
2026-04-15 08:00:00+00:00,0.02386,0.02406,0.02385,0.02397,656383.0
2026-04-15 09:00:00+00:00,0.02398,0.02407,0.02396,0.02406,504997.0
2026-04-15 10:00:00+00:00,0.02406,0.02414,0.02399,0.02399,656299.0
2026-04-15 11:00:00+00:00,0.02401,0.02422,0.024,0.02418,874789.0
2026-04-15 12:00:00+00:00,0.02417,0.02422,0.02411,0.02415,869133.0
2026-04-15 13:00:00+00:00,0.02415,0.02422,0.02409,0.02414,1449539.0
2026-04-15 14:00:00+00:00,0.02414,0.02442,0.02409,0.02438,1165619.0
2026-04-15 15:00:00+00:00,0.0244,0.02443,0.02412,0.02434,939060.0
2026-04-15 16:00:00+00:00,0.02435,0.02458,0.02435,0.02453,1926664.0
2026-04-15 17:00:00+00:00,0.02454,0.02463,0.02452,0.0246,1714201.0
2026-04-15 18:00:00+00:00,0.02461,0.02466,0.0245,0.02459,662951.0
2026-04-15 19:00:00+00:00,0.02457,0.02476,0.02453,0.02469,1191519.0
2026-04-15 20:00:00+00:00,0.0247,0.02476,0.02462,0.02471,677066.0
2026-04-15 21:00:00+00:00,0.0247,0.02484,0.02456,0.02482,1011716.0
2026-04-15 22:00:00+00:00,0.02482,0.02486,0.02467,0.02472,3845774.0
2026-04-15 23:00:00+00:00,0.02472,0.02483,0.02462,0.02482,2771972.0
2026-04-16 00:00:00+00:00,0.02482,0.02499,0.02475,0.0249,2427047.0
2026-04-16 01:00:00+00:00,0.0249,0.02496,0.02481,0.02495,1884274.0
2026-04-16 02:00:00+00:00,0.02496,0.02525,0.02496,0.02512,1936806.0
2026-04-16 03:00:00+00:00,0.02513,0.02534,0.0251,0.02528,1760305.0
2026-04-16 04:00:00+00:00,0.02527,0.02554,0.02526,0.02535,2586086.0
2026-04-16 05:00:00+00:00,0.02534,0.02534,0.02509,0.02526,1295698.0
2026-04-16 06:00:00+00:00,0.02528,0.02534,0.02518,0.02522,2215064.0
2026-04-16 07:00:00+00:00,0.02525,0.02535,0.02514,0.02523,2601775.0
2026-04-16 08:00:00+00:00,0.02524,0.02529,0.02501,0.02506,1705541.0
2026-04-16 09:00:00+00:00,0.02504,0.02511,0.02499,0.02503,1096655.0
2026-04-16 10:00:00+00:00,0.02502,0.02508,0.0249,0.0249,1139748.0
2026-04-16 11:00:00+00:00,0.0249,0.025,0.02486,0.02494,1522606.0
2026-04-16 12:00:00+00:00,0.02495,0.02516,0.02495,0.02508,1164507.0
2026-04-16 13:00:00+00:00,0.02508,0.02547,0.02476,0.02496,3917167.0
2026-04-16 14:00:00+00:00,0.02495,0.02508,0.02471,0.02492,7353320.0
2026-04-16 15:00:00+00:00,0.02492,0.02542,0.02492,0.02541,2314857.0
2026-04-16 16:00:00+00:00,0.02543,0.0255,0.02515,0.02527,1557675.0
2026-04-16 17:00:00+00:00,0.02527,0.02548,0.02527,0.02542,1417119.0
2026-04-16 18:00:00+00:00,0.02542,0.02567,0.02531,0.02566,1753065.0
2026-04-16 19:00:00+00:00,0.02566,0.02601,0.02561,0.02596,2721921.0
2026-04-16 20:00:00+00:00,0.02595,0.026,0.02557,0.02565,1926983.0
2026-04-16 21:00:00+00:00,0.02567,0.02568,0.02537,0.02564,1812929.0
2026-04-16 22:00:00+00:00,0.02565,0.02569,0.02556,0.02566,895834.0
2026-04-16 23:00:00+00:00,0.02566,0.02585,0.02558,0.02574,1549128.0
2026-04-17 00:00:00+00:00,0.02574,0.02578,0.02558,0.02575,955588.0
2026-04-17 01:00:00+00:00,0.02574,0.02578,0.02542,0.02548,1077894.0
2026-04-17 02:00:00+00:00,0.02547,0.02566,0.02537,0.02566,1142282.0
2026-04-17 03:00:00+00:00,0.02566,0.02567,0.02554,0.02561,851638.0
2026-04-17 04:00:00+00:00,0.0256,0.02572,0.02552,0.0256,1770303.0
2026-04-17 05:00:00+00:00,0.0256,0.02561,0.02527,0.02528,747987.0
2026-04-17 06:00:00+00:00,0.02528,0.02558,0.02528,0.02555,2911557.0
2026-04-17 07:00:00+00:00,0.02557,0.02579,0.02556,0.02571,1257586.0
2026-04-17 08:00:00+00:00,0.02573,0.02575,0.02556,0.02568,1703869.0
2026-04-17 09:00:00+00:00,0.02569,0.02576,0.02557,0.02569,2477692.0
2026-04-17 10:00:00+00:00,0.02569,0.02581,0.02541,0.02544,2295360.0
2026-04-17 11:00:00+00:00,0.02546,0.0258,0.02539,0.02578,2409237.0
2026-04-17 12:00:00+00:00,0.02578,0.02598,0.02569,0.02596,955506.0
2026-04-17 13:00:00+00:00,0.02597,0.02649,0.02595,0.02647,2905013.0
2026-04-17 14:00:00+00:00,0.02647,0.02655,0.02631,0.02652,3089891.0
2026-04-17 15:00:00+00:00,0.02651,0.02653,0.02607,0.02619,1449612.0
2026-04-17 16:00:00+00:00,0.02621,0.0265,0.02616,0.02647,1756643.0
2026-04-17 17:00:00+00:00,0.02647,0.02647,0.02621,0.02622,2094835.0
2026-04-17 18:00:00+00:00,0.02623,0.02634,0.02608,0.02624,1790699.0
2026-04-17 19:00:00+00:00,0.02623,0.02627,0.02616,0.02624,719124.0
2026-04-17 20:00:00+00:00,0.02622,0.02633,0.02611,0.02627,1681639.0
2026-04-17 21:00:00+00:00,0.02626,0.02631,0.02611,0.02618,1027923.0
2026-04-17 22:00:00+00:00,0.02619,0.02629,0.02611,0.02622,778993.0
2026-04-17 23:00:00+00:00,0.02621,0.02621,0.02593,0.026,1206096.0
2026-04-18 00:00:00+00:00,0.02601,0.02606,0.02579,0.0259,1633901.0
2026-04-18 01:00:00+00:00,0.0259,0.02605,0.02584,0.0259,772542.0
2026-04-18 02:00:00+00:00,0.0259,0.02595,0.0258,0.02595,749519.0
2026-04-18 03:00:00+00:00,0.02594,0.026,0.02579,0.02579,1028701.0
2026-04-18 04:00:00+00:00,0.02581,0.02593,0.02572,0.02582,1631752.0
2026-04-18 05:00:00+00:00,0.02582,0.02617,0.02581,0.02615,2122448.0
2026-04-18 06:00:00+00:00,0.02615,0.02664,0.02603,0.0265,6711747.0
2026-04-18 07:00:00+00:00,0.02648,0.02654,0.02632,0.02636,1846805.0
2026-04-18 08:00:00+00:00,0.02636,0.02642,0.02599,0.02611,3179919.0
2026-04-18 09:00:00+00:00,0.0261,0.02614,0.02587,0.02599,1902269.0
2026-04-18 10:00:00+00:00,0.02599,0.02599,0.02571,0.02575,2034015.0
2026-04-18 11:00:00+00:00,0.02574,0.02576,0.02529,0.02545,4737519.0
2026-04-18 12:00:00+00:00,0.02545,0.02556,0.0254,0.02556,1711666.0
2026-04-18 13:00:00+00:00,0.02555,0.02557,0.0253,0.02541,1534683.0
2026-04-18 14:00:00+00:00,0.0254,0.02542,0.02522,0.02539,1419910.0
2026-04-18 15:00:00+00:00,0.02538,0.02549,0.0253,0.02533,1292991.0
2026-04-18 16:00:00+00:00,0.02532,0.02548,0.02518,0.02525,2350760.0
2026-04-18 17:00:00+00:00,0.02525,0.02532,0.02514,0.02523,1263642.0
2026-04-18 18:00:00+00:00,0.02522,0.02522,0.02491,0.02499,2815364.0
2026-04-18 19:00:00+00:00,0.02499,0.0251,0.02496,0.02504,1127316.0
2026-04-18 20:00:00+00:00,0.02503,0.02515,0.02493,0.02512,852437.0
2026-04-18 21:00:00+00:00,0.02512,0.02527,0.02505,0.02522,1063137.0
2026-04-18 22:00:00+00:00,0.02521,0.02523,0.02502,0.02512,1012706.0
2026-04-18 23:00:00+00:00,0.02514,0.02516,0.02486,0.02489,1828412.0
2026-04-19 00:00:00+00:00,0.0249,0.02491,0.0247,0.02484,747646.0
2026-04-19 01:00:00+00:00,0.02484,0.02491,0.02465,0.02474,622847.0
2026-04-19 02:00:00+00:00,0.02473,0.02475,0.02446,0.02454,2465323.0
2026-04-19 03:00:00+00:00,0.02453,0.02468,0.02444,0.02455,764075.0
2026-04-19 04:00:00+00:00,0.02455,0.02467,0.02448,0.02459,929597.0
2026-04-19 05:00:00+00:00,0.02458,0.02469,0.02455,0.0246,754669.0
2026-04-19 06:00:00+00:00,0.0246,0.02486,0.0245,0.02479,4043704.0
2026-04-19 07:00:00+00:00,0.02479,0.0248,0.02454,0.02459,2333041.0
2026-04-19 08:00:00+00:00,0.02458,0.02472,0.02457,0.02467,369582.0
2026-04-19 09:00:00+00:00,0.02465,0.02468,0.02448,0.02452,1310669.0
2026-04-19 10:00:00+00:00,0.02451,0.02455,0.02441,0.02455,1002599.0
2026-04-19 11:00:00+00:00,0.02455,0.02487,0.02454,0.02486,1430711.0
2026-04-19 12:00:00+00:00,0.02485,0.02498,0.02477,0.02488,1045513.0
2026-04-19 13:00:00+00:00,0.02487,0.02511,0.02486,0.02496,1516970.0
2026-04-19 14:00:00+00:00,0.02496,0.02519,0.02492,0.02507,1232380.0
2026-04-19 15:00:00+00:00,0.02507,0.02514,0.02477,0.02504,2193917.0
2026-04-19 16:00:00+00:00,0.02503,0.02505,0.02483,0.02488,845528.0
2026-04-19 17:00:00+00:00,0.02487,0.02487,0.02453,0.02457,980792.0
2026-04-19 18:00:00+00:00,0.02458,0.02466,0.02454,0.0246,736136.0
2026-04-19 19:00:00+00:00,0.02461,0.02498,0.0246,0.02491,714619.0
2026-04-19 20:00:00+00:00,0.02489,0.02489,0.02467,0.02473,1699237.0
2026-04-19 21:00:00+00:00,0.02472,0.02491,0.02469,0.02478,1414305.0
2026-04-19 22:00:00+00:00,0.02477,0.02477,0.02423,0.02428,2009308.0
2026-04-19 23:00:00+00:00,0.02427,0.02429,0.02417,0.02426,589671.0
2026-04-20 00:00:00+00:00,0.02427,0.02456,0.02425,0.02451,1310468.0
2026-04-20 01:00:00+00:00,0.0245,0.02462,0.02442,0.02451,1109326.0
2026-04-20 02:00:00+00:00,0.0245,0.02451,0.02435,0.02447,624312.0
2026-04-20 03:00:00+00:00,0.02447,0.02458,0.02444,0.02453,858439.0
2026-04-20 04:00:00+00:00,0.02453,0.02468,0.02449,0.02464,818832.0
2026-04-20 05:00:00+00:00,0.02464,0.02464,0.02436,0.02447,1378448.0
2026-04-20 06:00:00+00:00,0.02447,0.02469,0.02445,0.02453,795689.0
2026-04-20 07:00:00+00:00,0.02454,0.02484,0.02451,0.0246,1509980.0
2026-04-20 08:00:00+00:00,0.02462,0.02466,0.02454,0.02458,1604982.0
2026-04-20 09:00:00+00:00,0.02458,0.02484,0.02454,0.02471,710685.0
2026-04-20 10:00:00+00:00,0.02473,0.02491,0.02471,0.02475,865930.0
2026-04-20 11:00:00+00:00,0.02475,0.02484,0.0247,0.02471,983473.0
2026-04-20 12:00:00+00:00,0.02471,0.02495,0.02466,0.02494,1491911.0
2026-04-20 13:00:00+00:00,0.02494,0.02508,0.02489,0.02506,2076633.0
2026-04-20 14:00:00+00:00,0.02508,0.02535,0.02493,0.02496,2409712.0
2026-04-20 15:00:00+00:00,0.02497,0.02519,0.02486,0.025,1121287.0
2026-04-20 16:00:00+00:00,0.025,0.02525,0.02495,0.02513,1854314.0
2026-04-20 17:00:00+00:00,0.02515,0.02549,0.02515,0.02547,2378340.0
2026-04-20 18:00:00+00:00,0.02547,0.0256,0.02507,0.02511,16598601.0
2026-04-20 19:00:00+00:00,0.0251,0.02517,0.02499,0.02501,1342131.0
2026-04-20 20:00:00+00:00,0.02503,0.02523,0.02495,0.0252,1411280.0
2026-04-20 21:00:00+00:00,0.0252,0.02528,0.02512,0.02527,1543850.0
2026-04-20 22:00:00+00:00,0.02524,0.02531,0.02507,0.02509,1009898.0
2026-04-20 23:00:00+00:00,0.02509,0.02509,0.02488,0.02499,1231533.0
2026-04-21 00:00:00+00:00,0.02499,0.02594,0.02491,0.02511,15211321.0
2026-04-21 01:00:00+00:00,0.02509,0.0252,0.02505,0.02508,1198473.0
2026-04-21 02:00:00+00:00,0.02507,0.02508,0.0247,0.02475,8696501.0
2026-04-21 03:00:00+00:00,0.02473,0.02481,0.02461,0.02476,1528593.0
2026-04-21 04:00:00+00:00,0.02477,0.02484,0.02463,0.02484,1614472.0
2026-04-21 05:00:00+00:00,0.02483,0.02496,0.02481,0.02483,741431.0
2026-04-21 06:00:00+00:00,0.02484,0.02493,0.02471,0.02471,1719159.0
2026-04-21 07:00:00+00:00,0.02471,0.02484,0.02467,0.02476,407821.0
2026-04-21 08:00:00+00:00,0.02475,0.02484,0.02467,0.02467,2325184.0
2026-04-21 09:00:00+00:00,0.02466,0.02482,0.02463,0.02479,823387.0
2026-04-21 10:00:00+00:00,0.02478,0.02494,0.02474,0.02491,1526945.0
2026-04-21 11:00:00+00:00,0.02491,0.02506,0.02479,0.02488,1625707.0
2026-04-21 12:00:00+00:00,0.02488,0.02493,0.02466,0.02477,1895821.0
2026-04-21 13:00:00+00:00,0.02477,0.02477,0.02457,0.0247,2045100.0
2026-04-21 14:00:00+00:00,0.02471,0.02494,0.02457,0.02472,1738892.0
2026-04-21 15:00:00+00:00,0.02473,0.02491,0.02465,0.02479,2673912.0
2026-04-21 16:00:00+00:00,0.0248,0.02485,0.02461,0.02461,1713441.0
2026-04-21 17:00:00+00:00,0.02461,0.02469,0.02443,0.02458,5018708.0
2026-04-21 18:00:00+00:00,0.02457,0.02461,0.02437,0.02447,3005404.0
2026-04-21 19:00:00+00:00,0.02449,0.02457,0.02432,0.02436,1347812.0
2026-04-21 20:00:00+00:00,0.02436,0.02467,0.02436,0.0245,1997806.0
2026-04-21 21:00:00+00:00,0.02449,0.02455,0.02442,0.02444,916620.0
2026-04-21 22:00:00+00:00,0.02445,0.0245,0.02434,0.02439,1420943.0
2026-04-21 23:00:00+00:00,0.0244,0.0247,0.02439,0.02469,1259690.0
2026-04-22 00:00:00+00:00,0.0247,0.0248,0.02468,0.02473,1324887.0
2026-04-22 01:00:00+00:00,0.02474,0.02475,0.02458,0.02464,814596.0
2026-04-22 02:00:00+00:00,0.02464,0.02505,0.02462,0.02504,2128367.0
2026-04-22 03:00:00+00:00,0.02505,0.0251,0.02494,0.02497,986186.0
2026-04-22 04:00:00+00:00,0.02497,0.02522,0.02497,0.02516,1160480.0
2026-04-22 05:00:00+00:00,0.02517,0.0254,0.02513,0.02524,2599401.0
2026-04-22 06:00:00+00:00,0.02522,0.02528,0.0252,0.02526,1590857.0
2026-04-22 07:00:00+00:00,0.02525,0.02536,0.02523,0.02533,1305132.0
2026-04-22 08:00:00+00:00,0.02532,0.02542,0.02531,0.02536,1253528.0
2026-04-22 09:00:00+00:00,0.02535,0.02546,0.02533,0.02534,2184747.0
2026-04-22 10:00:00+00:00,0.02534,0.02541,0.0252,0.02538,1415237.0
2026-04-22 11:00:00+00:00,0.02539,0.02541,0.0253,0.02532,574041.0
2026-04-22 12:00:00+00:00,0.02533,0.02537,0.02511,0.0252,2687056.0
2026-04-22 13:00:00+00:00,0.0252,0.02541,0.02514,0.02524,1642545.0
2026-04-22 14:00:00+00:00,0.02525,0.02541,0.02524,0.02536,647945.0
2026-04-22 15:00:00+00:00,0.02538,0.02546,0.02524,0.02535,844281.0
2026-04-22 16:00:00+00:00,0.02536,0.02545,0.02533,0.02536,830658.0
2026-04-22 17:00:00+00:00,0.02537,0.02542,0.02521,0.02534,1090259.0
2026-04-22 18:00:00+00:00,0.02535,0.0254,0.02526,0.02526,580281.0
2026-04-22 19:00:00+00:00,0.02527,0.02527,0.02501,0.02509,1339746.0
2026-04-22 20:00:00+00:00,0.02509,0.02513,0.02496,0.025,2591082.0
2026-04-22 21:00:00+00:00,0.02499,0.02511,0.02498,0.02508,532013.0
2026-04-22 22:00:00+00:00,0.02508,0.02509,0.02482,0.02486,544602.0
2026-04-22 23:00:00+00:00,0.02487,0.02488,0.02466,0.02467,1203631.0
2026-04-23 00:00:00+00:00,0.02468,0.02479,0.02446,0.02472,1277776.0
2026-04-23 01:00:00+00:00,0.02472,0.0248,0.02462,0.02475,1851510.0
2026-04-23 02:00:00+00:00,0.02475,0.02476,0.02446,0.02453,1147178.0
2026-04-23 03:00:00+00:00,0.02452,0.02458,0.02429,0.02436,1386635.0
2026-04-23 04:00:00+00:00,0.02435,0.0245,0.02428,0.02439,2891657.0
2026-04-23 05:00:00+00:00,0.02439,0.02452,0.02438,0.02445,782851.0
2026-04-23 06:00:00+00:00,0.02447,0.02459,0.02447,0.02456,857603.0
2026-04-23 07:00:00+00:00,0.02457,0.02464,0.02451,0.02459,1594552.0
2026-04-23 08:00:00+00:00,0.02458,0.02462,0.02447,0.02452,849072.0
2026-04-23 09:00:00+00:00,0.02452,0.02453,0.02438,0.02446,1203753.0
2026-04-23 10:00:00+00:00,0.02447,0.02447,0.02432,0.02438,1496452.0
2026-04-23 11:00:00+00:00,0.02439,0.02459,0.02437,0.02454,1099605.0
2026-04-23 12:00:00+00:00,0.02455,0.02471,0.02452,0.02461,2146029.0
2026-04-23 13:00:00+00:00,0.0246,0.02461,0.0245,0.02454,1858014.0
2026-04-23 14:00:00+00:00,0.02453,0.02476,0.02446,0.02472,1628719.0
2026-04-23 15:00:00+00:00,0.02471,0.02487,0.02466,0.02477,1036731.0
2026-04-23 16:00:00+00:00,0.02477,0.02479,0.02469,0.02471,1023050.0
2026-04-23 17:00:00+00:00,0.0247,0.02472,0.02432,0.02445,2905008.0
2026-04-23 18:00:00+00:00,0.02445,0.02451,0.02437,0.02437,1208405.0
2026-04-23 19:00:00+00:00,0.02437,0.02446,0.02431,0.02445,1946376.0
2026-04-23 20:00:00+00:00,0.02445,0.0246,0.02445,0.02456,1151545.0
2026-04-23 21:00:00+00:00,0.02456,0.02472,0.02447,0.02463,1854886.0
2026-04-23 22:00:00+00:00,0.02463,0.0247,0.02458,0.02458,690532.0
2026-04-23 23:00:00+00:00,0.02458,0.0247,0.02456,0.02467,490017.0
2026-04-24 00:00:00+00:00,0.02468,0.02476,0.02459,0.02464,1569024.0
2026-04-24 01:00:00+00:00,0.02464,0.02464,0.02448,0.02464,737710.0
2026-04-24 02:00:00+00:00,0.02464,0.0247,0.02453,0.02455,924970.0
2026-04-24 03:00:00+00:00,0.02456,0.02456,0.02435,0.02446,839013.0
2026-04-24 04:00:00+00:00,0.02447,0.02449,0.02439,0.02443,1006900.0
2026-04-24 05:00:00+00:00,0.02441,0.02454,0.0244,0.02445,2283379.0
2026-04-24 06:00:00+00:00,0.02446,0.02457,0.02443,0.0245,1561031.0
2026-04-24 07:00:00+00:00,0.02451,0.02459,0.02445,0.02448,1119711.0
2026-04-24 08:00:00+00:00,0.02449,0.02474,0.02447,0.02462,1656310.0
2026-04-24 09:00:00+00:00,0.02463,0.02463,0.02448,0.02448,1222506.0
2026-04-24 10:00:00+00:00,0.02449,0.02467,0.02445,0.02457,2033627.0
2026-04-24 11:00:00+00:00,0.02457,0.02476,0.02456,0.02469,1653879.0
2026-04-24 12:00:00+00:00,0.02469,0.02476,0.02463,0.02465,1826446.0
2026-04-24 13:00:00+00:00,0.02465,0.02476,0.02454,0.02456,1475583.0
2026-04-24 14:00:00+00:00,0.02457,0.02471,0.02452,0.02465,1953147.0
2026-04-24 15:00:00+00:00,0.02466,0.02489,0.02453,0.02485,2675173.0
2026-04-24 16:00:00+00:00,0.02487,0.02488,0.02467,0.02472,1742120.0
2026-04-24 17:00:00+00:00,0.02471,0.02477,0.02467,0.02471,1125143.0
2026-04-24 18:00:00+00:00,0.02472,0.02483,0.02458,0.0248,2917661.0
2026-04-24 19:00:00+00:00,0.0248,0.025,0.02478,0.02499,2049449.0
2026-04-24 20:00:00+00:00,0.02499,0.02512,0.02483,0.02504,3399425.0
2026-04-24 21:00:00+00:00,0.02505,0.02521,0.0249,0.02494,2597471.0
2026-04-24 22:00:00+00:00,0.02491,0.02493,0.02475,0.02479,1243380.0
2026-04-24 23:00:00+00:00,0.02478,0.02485,0.02471,0.02479,945791.0
2026-04-25 00:00:00+00:00,0.02482,0.02483,0.02463,0.02481,1129190.0
2026-04-25 01:00:00+00:00,0.0248,0.02504,0.02476,0.02498,2319505.0
2026-04-25 02:00:00+00:00,0.02499,0.02512,0.02488,0.02509,3112065.0
2026-04-25 03:00:00+00:00,0.02508,0.02547,0.02508,0.02547,3758082.0
2026-04-25 04:00:00+00:00,0.02545,0.02556,0.02528,0.02534,4285477.0
2026-04-25 05:00:00+00:00,0.02534,0.02548,0.0252,0.02532,3293488.0
2026-04-25 06:00:00+00:00,0.02533,0.02563,0.02529,0.02529,3404300.0
2026-04-25 07:00:00+00:00,0.02528,0.02537,0.02516,0.02527,3248761.0
2026-04-25 08:00:00+00:00,0.02525,0.0255,0.02519,0.02528,3157972.0
2026-04-25 09:00:00+00:00,0.02528,0.02556,0.02528,0.02548,4698041.0
2026-04-25 10:00:00+00:00,0.0255,0.02553,0.02528,0.02534,3073492.0
2026-04-25 11:00:00+00:00,0.02534,0.02534,0.02502,0.02508,2511933.0
2026-04-25 12:00:00+00:00,0.02508,0.02516,0.02497,0.02509,2114765.0
2026-04-25 13:00:00+00:00,0.02509,0.02524,0.02504,0.02507,1664857.0
2026-04-25 14:00:00+00:00,0.02506,0.02508,0.0249,0.02493,3202059.0
2026-04-25 15:00:00+00:00,0.02492,0.02511,0.02491,0.02494,1944225.0
2026-04-25 16:00:00+00:00,0.02494,0.02499,0.02474,0.02476,2063171.0
2026-04-25 17:00:00+00:00,0.02477,0.02477,0.02464,0.02473,1453559.0
2026-04-25 18:00:00+00:00,0.02471,0.02483,0.02466,0.02468,1409722.0
2026-04-25 19:00:00+00:00,0.02469,0.02469,0.02453,0.02459,2121591.0
2026-04-25 20:00:00+00:00,0.0246,0.02465,0.02453,0.02465,1729835.0
2026-04-25 21:00:00+00:00,0.02465,0.02472,0.02464,0.02467,846477.0
2026-04-25 22:00:00+00:00,0.02466,0.02473,0.02464,0.02466,905880.0
2026-04-25 23:00:00+00:00,0.02466,0.02473,0.02463,0.02471,704669.0
2026-04-26 00:00:00+00:00,0.02471,0.02476,0.02455,0.02458,1824107.0
2026-04-26 01:00:00+00:00,0.02458,0.02462,0.0245,0.02453,1183938.0
2026-04-26 02:00:00+00:00,0.02454,0.02473,0.02454,0.02468,758165.0
2026-04-26 03:00:00+00:00,0.02467,0.02471,0.02447,0.02461,1751112.0
2026-04-26 04:00:00+00:00,0.02458,0.02488,0.02457,0.02475,3928522.0
2026-04-26 05:00:00+00:00,0.02476,0.02502,0.02474,0.02491,1428150.0
2026-04-26 06:00:00+00:00,0.02492,0.02506,0.02491,0.02495,1586362.0
2026-04-26 07:00:00+00:00,0.02495,0.02502,0.02491,0.02498,686145.0
2026-04-26 08:00:00+00:00,0.02499,0.02502,0.02489,0.02498,1471990.0
2026-04-26 09:00:00+00:00,0.02498,0.02502,0.02488,0.02495,1695331.0
2026-04-26 10:00:00+00:00,0.02493,0.02506,0.02491,0.02503,1255088.0
2026-04-26 11:00:00+00:00,0.02503,0.0252,0.02497,0.02515,1001570.0
2026-04-26 12:00:00+00:00,0.02515,0.02519,0.02496,0.02497,1453242.0
2026-04-26 13:00:00+00:00,0.02497,0.02499,0.02487,0.02489,1232857.0
2026-04-26 14:00:00+00:00,0.02489,0.02512,0.02487,0.02505,1306020.0
2026-04-26 15:00:00+00:00,0.02505,0.0251,0.02498,0.02508,698178.0
2026-04-26 16:00:00+00:00,0.02508,0.02512,0.02498,0.02502,1354671.0
2026-04-26 17:00:00+00:00,0.02502,0.0251,0.02491,0.02502,1268518.0
2026-04-26 18:00:00+00:00,0.02503,0.02514,0.02499,0.02511,1079245.0
2026-04-26 19:00:00+00:00,0.02511,0.0253,0.0251,0.02513,2421569.0
2026-04-26 20:00:00+00:00,0.02514,0.0252,0.02509,0.02509,865641.0
2026-04-26 21:00:00+00:00,0.02508,0.02519,0.02492,0.02512,1112932.0
2026-04-26 22:00:00+00:00,0.02514,0.02519,0.02501,0.02504,1268035.0
2026-04-26 23:00:00+00:00,0.02504,0.02514,0.02501,0.02505,923174.0
2026-04-27 00:00:00+00:00,0.02506,0.02525,0.02498,0.02522,1130714.0
2026-04-27 01:00:00+00:00,0.02524,0.02537,0.02516,0.02533,1299025.0
2026-04-27 02:00:00+00:00,0.02533,0.02535,0.02523,0.02531,1853568.0
2026-04-27 03:00:00+00:00,0.0253,0.02541,0.02528,0.0253,1244825.0
2026-04-27 04:00:00+00:00,0.02528,0.02531,0.02518,0.02521,1007843.0
2026-04-27 05:00:00+00:00,0.0252,0.0252,0.02468,0.02478,2912665.0
2026-04-27 06:00:00+00:00,0.02478,0.0248,0.02451,0.02457,2352266.0
2026-04-27 07:00:00+00:00,0.02457,0.02459,0.02447,0.02452,2189573.0
2026-04-27 08:00:00+00:00,0.02451,0.02463,0.02448,0.02461,1377029.0
2026-04-27 09:00:00+00:00,0.02461,0.02468,0.02461,0.02461,1321485.0
2026-04-27 10:00:00+00:00,0.02461,0.02467,0.02456,0.02457,521150.0
2026-04-27 11:00:00+00:00,0.02457,0.02464,0.0245,0.02464,1067306.0
2026-04-27 12:00:00+00:00,0.02464,0.02466,0.02457,0.02461,1228827.0
2026-04-27 13:00:00+00:00,0.02462,0.02467,0.02449,0.02454,772800.0
2026-04-27 14:00:00+00:00,0.02454,0.02484,0.02454,0.02471,2524410.0
2026-04-27 15:00:00+00:00,0.02471,0.02471,0.02424,0.02438,3549792.0
2026-04-27 16:00:00+00:00,0.02438,0.02447,0.02432,0.02444,842055.0
2026-04-27 17:00:00+00:00,0.02445,0.02464,0.02444,0.02451,1381054.0
2026-04-27 18:00:00+00:00,0.02451,0.0246,0.02449,0.02458,758843.0
2026-04-27 19:00:00+00:00,0.02458,0.02458,0.02438,0.02444,564415.0
2026-04-27 20:00:00+00:00,0.02445,0.02456,0.02444,0.02448,644657.0
2026-04-27 21:00:00+00:00,0.02447,0.02452,0.02437,0.02442,921292.0
2026-04-27 22:00:00+00:00,0.02443,0.02458,0.02441,0.02455,1007218.0
2026-04-27 23:00:00+00:00,0.02455,0.02473,0.02453,0.0247,750479.0
2026-04-28 00:00:00+00:00,0.02469,0.02469,0.02461,0.02462,259724.0
2026-04-28 01:00:00+00:00,0.02462,0.02467,0.02458,0.02458,447983.0
2026-04-28 02:00:00+00:00,0.02458,0.0247,0.02447,0.02454,786743.0
2026-04-28 03:00:00+00:00,0.02456,0.02456,0.02448,0.02451,562544.0
2026-04-28 04:00:00+00:00,0.02452,0.02463,0.02452,0.02461,489687.0
2026-04-28 05:00:00+00:00,0.02461,0.0247,0.02458,0.02461,835178.0
2026-04-28 06:00:00+00:00,0.02461,0.02469,0.02445,0.02449,1909449.0
2026-04-28 07:00:00+00:00,0.02449,0.0245,0.02434,0.02444,2023913.0
2026-04-28 08:00:00+00:00,0.02445,0.02455,0.02443,0.02449,1795694.0
2026-04-28 09:00:00+00:00,0.02449,0.02451,0.02442,0.02443,1591745.0
2026-04-28 10:00:00+00:00,0.02445,0.0245,0.02442,0.02445,1038733.0
2026-04-28 11:00:00+00:00,0.02445,0.02445,0.02429,0.02431,1258695.0
2026-04-28 12:00:00+00:00,0.02436,0.02449,0.0243,0.02448,950874.0
2026-04-28 13:00:00+00:00,0.02448,0.02453,0.02435,0.02446,1527222.0
2026-04-28 14:00:00+00:00,0.02446,0.02446,0.02424,0.02438,1294159.0
2026-04-28 15:00:00+00:00,0.0244,0.02445,0.02436,0.02444,854594.0
2026-04-28 16:00:00+00:00,0.02446,0.02451,0.02439,0.02445,645264.0
2026-04-28 17:00:00+00:00,0.02444,0.02453,0.0244,0.02452,534392.0
2026-04-28 18:00:00+00:00,0.02449,0.02464,0.02447,0.02463,411944.0
2026-04-28 19:00:00+00:00,0.02464,0.0247,0.02458,0.02467,420723.0
2026-04-28 20:00:00+00:00,0.02468,0.02475,0.02463,0.02473,501359.0
2026-04-28 21:00:00+00:00,0.02473,0.02479,0.02464,0.02471,444106.0
2026-04-28 22:00:00+00:00,0.02469,0.02473,0.02464,0.02467,582618.0
2026-04-28 23:00:00+00:00,0.02465,0.02468,0.0246,0.02467,260385.0
2026-04-29 00:00:00+00:00,0.02467,0.0248,0.02467,0.02478,326130.0
2026-04-29 01:00:00+00:00,0.02478,0.02489,0.02468,0.02488,714433.0
2026-04-29 02:00:00+00:00,0.02489,0.02492,0.02477,0.02489,906301.0
2026-04-29 03:00:00+00:00,0.02491,0.02514,0.02487,0.02513,1477894.0
2026-04-29 04:00:00+00:00,0.02516,0.02534,0.02515,0.02527,2369723.0
2026-04-29 05:00:00+00:00,0.02529,0.02533,0.02524,0.02528,2396246.0
2026-04-29 06:00:00+00:00,0.02528,0.02532,0.02514,0.02521,1327649.0
2026-04-29 07:00:00+00:00,0.02523,0.02524,0.02507,0.0251,1916899.0
2026-04-29 08:00:00+00:00,0.02507,0.02511,0.02501,0.02502,973889.0
2026-04-29 09:00:00+00:00,0.02501,0.02528,0.02491,0.02526,1582673.0
2026-04-29 10:00:00+00:00,0.02528,0.02534,0.02509,0.02515,1583789.0
2026-04-29 11:00:00+00:00,0.02515,0.02519,0.02503,0.02505,591009.0
2026-04-29 12:00:00+00:00,0.02505,0.02506,0.02478,0.02487,2414202.0
2026-04-29 13:00:00+00:00,0.02488,0.02492,0.02458,0.02473,2090120.0
2026-04-29 14:00:00+00:00,0.0247,0.02486,0.02459,0.0247,2436420.0
2026-04-29 15:00:00+00:00,0.02472,0.02477,0.02442,0.02449,2693144.0
2026-04-29 16:00:00+00:00,0.0245,0.0246,0.02441,0.02443,1704812.0
2026-04-29 17:00:00+00:00,0.02444,0.02467,0.02444,0.02466,2142982.0
2026-04-29 18:00:00+00:00,0.02466,0.0247,0.0239,0.02428,5870255.0
2026-04-29 19:00:00+00:00,0.02428,0.02433,0.02407,0.02415,1833345.0
2026-04-29 20:00:00+00:00,0.02417,0.02434,0.02411,0.02426,1084412.0
2026-04-29 21:00:00+00:00,0.02424,0.02443,0.0242,0.02437,1057964.0
2026-04-29 22:00:00+00:00,0.02437,0.02443,0.02433,0.02436,488598.0
2026-04-29 23:00:00+00:00,0.02436,0.02437,0.02425,0.02433,518947.0
2026-04-30 00:00:00+00:00,0.02435,0.02457,0.02427,0.02455,2123522.0
2026-04-30 01:00:00+00:00,0.02454,0.02456,0.02443,0.02446,905782.0
2026-04-30 02:00:00+00:00,0.02447,0.0245,0.0241,0.02415,1900610.0
2026-04-30 03:00:00+00:00,0.02414,0.02424,0.02406,0.02418,1017968.0
2026-04-30 04:00:00+00:00,0.02419,0.02419,0.0239,0.02392,2100222.0
2026-04-30 05:00:00+00:00,0.02393,0.02411,0.02389,0.02402,1805717.0
2026-04-30 06:00:00+00:00,0.02403,0.02423,0.024,0.0242,1543994.0
2026-04-30 07:00:00+00:00,0.0242,0.0243,0.02419,0.02428,778034.0
2026-04-30 08:00:00+00:00,0.02428,0.02436,0.02425,0.02427,1083244.0
2026-04-30 09:00:00+00:00,0.02427,0.02435,0.02421,0.02425,709990.0
2026-04-30 10:00:00+00:00,0.02424,0.02428,0.02417,0.02422,603324.0
2026-04-30 11:00:00+00:00,0.02423,0.02432,0.02412,0.02419,1012618.0
2026-04-30 12:00:00+00:00,0.02419,0.02434,0.02414,0.02414,602793.0
2026-04-30 13:00:00+00:00,0.02415,0.02426,0.02412,0.02414,656233.0
2026-04-30 14:00:00+00:00,0.02413,0.02423,0.02405,0.02409,1291772.0
2026-04-30 15:00:00+00:00,0.0241,0.02421,0.02404,0.02418,1177490.0
2026-04-30 16:00:00+00:00,0.02418,0.02426,0.02408,0.0241,763467.0
2026-04-30 17:00:00+00:00,0.0241,0.02414,0.02405,0.02411,1017763.0
2026-04-30 18:00:00+00:00,0.02411,0.0242,0.02406,0.02412,1344406.0
2026-04-30 19:00:00+00:00,0.02412,0.02422,0.02409,0.02411,916853.0
2026-04-30 20:00:00+00:00,0.0241,0.02416,0.02403,0.02404,980264.0
2026-04-30 21:00:00+00:00,0.02405,0.0241,0.02402,0.02403,671925.0
2026-04-30 22:00:00+00:00,0.02403,0.02407,0.02401,0.02404,521813.0
2026-04-30 23:00:00+00:00,0.02403,0.02415,0.02403,0.02411,514337.0
2026-05-01 00:00:00+00:00,0.02413,0.02423,0.0241,0.02412,896597.0
2026-05-01 01:00:00+00:00,0.02413,0.02423,0.02412,0.02419,1153499.0
2026-05-01 02:00:00+00:00,0.02421,0.02431,0.02417,0.02429,787469.0
2026-05-01 03:00:00+00:00,0.02428,0.02453,0.02425,0.02443,1396157.0
2026-05-01 04:00:00+00:00,0.02443,0.0245,0.02431,0.02431,822988.0
2026-05-01 05:00:00+00:00,0.02431,0.0244,0.02429,0.02433,525405.0
2026-05-01 06:00:00+00:00,0.02433,0.02437,0.02421,0.02425,664508.0
2026-05-01 07:00:00+00:00,0.02423,0.02427,0.0242,0.02422,849449.0
2026-05-01 08:00:00+00:00,0.02422,0.02429,0.0242,0.02426,666852.0
2026-05-01 09:00:00+00:00,0.02426,0.02428,0.02409,0.02414,604714.0
2026-05-01 10:00:00+00:00,0.02414,0.02416,0.02404,0.02408,848170.0
2026-05-01 11:00:00+00:00,0.02409,0.02416,0.02404,0.02409,714141.0
2026-05-01 12:00:00+00:00,0.02408,0.02428,0.02407,0.0242,1505081.0
2026-05-01 13:00:00+00:00,0.02419,0.02443,0.02419,0.0244,1519933.0
2026-05-01 14:00:00+00:00,0.02439,0.02441,0.02425,0.0243,1190377.0
2026-05-01 15:00:00+00:00,0.0243,0.0243,0.02412,0.02424,1687259.0
2026-05-01 16:00:00+00:00,0.02424,0.02434,0.02419,0.02426,1108175.0
2026-05-01 17:00:00+00:00,0.02423,0.02427,0.02417,0.02423,1388368.0
2026-05-01 18:00:00+00:00,0.02423,0.02428,0.0242,0.02425,678927.0
2026-05-01 19:00:00+00:00,0.02424,0.0243,0.0242,0.02421,1038497.0
2026-05-01 20:00:00+00:00,0.02422,0.02424,0.02407,0.02412,2293498.0
2026-05-01 21:00:00+00:00,0.02412,0.02422,0.0241,0.02418,1197600.0
2026-05-01 22:00:00+00:00,0.02418,0.02424,0.02411,0.02414,639827.0
2026-05-01 23:00:00+00:00,0.02414,0.02417,0.02405,0.02415,1239625.0
2026-05-02 00:00:00+00:00,0.02416,0.02434,0.02414,0.0243,2119148.0
2026-05-02 01:00:00+00:00,0.02432,0.02444,0.02431,0.0244,911548.0
2026-05-02 02:00:00+00:00,0.0244,0.02441,0.0243,0.0243,538460.0
2026-05-02 03:00:00+00:00,0.02431,0.0244,0.02427,0.02435,514476.0
2026-05-02 04:00:00+00:00,0.02434,0.02435,0.02423,0.02426,493330.0
2026-05-02 05:00:00+00:00,0.02427,0.02434,0.0242,0.02428,860511.0
2026-05-02 06:00:00+00:00,0.02427,0.02434,0.02424,0.02431,981440.0
2026-05-02 07:00:00+00:00,0.02432,0.02435,0.02424,0.02428,1322012.0
2026-05-02 08:00:00+00:00,0.02428,0.02432,0.02422,0.02431,990882.0
2026-05-02 09:00:00+00:00,0.0243,0.0244,0.0243,0.02437,573053.0
2026-05-02 10:00:00+00:00,0.02437,0.02442,0.02434,0.02435,843016.0
2026-05-02 11:00:00+00:00,0.02433,0.02433,0.02419,0.02424,1491305.0
2026-05-02 12:00:00+00:00,0.02423,0.02432,0.0242,0.02427,1602535.0
2026-05-02 13:00:00+00:00,0.02427,0.02441,0.02427,0.02438,719797.0
2026-05-02 14:00:00+00:00,0.02439,0.02452,0.02435,0.02451,664465.0
2026-05-02 15:00:00+00:00,0.02452,0.0246,0.0245,0.02456,834790.0
2026-05-02 16:00:00+00:00,0.02458,0.02468,0.02451,0.02465,1360187.0
2026-05-02 17:00:00+00:00,0.02466,0.02466,0.02454,0.02454,1238704.0
2026-05-02 18:00:00+00:00,0.02455,0.02478,0.02446,0.02472,1108570.0
2026-05-02 19:00:00+00:00,0.02471,0.0248,0.02466,0.02476,1325538.0
2026-05-02 20:00:00+00:00,0.02478,0.02487,0.02477,0.02483,1345216.0
2026-05-02 21:00:00+00:00,0.02483,0.02511,0.02483,0.02497,1427976.0
2026-05-02 22:00:00+00:00,0.02499,0.0251,0.02492,0.02496,1360027.0
2026-05-02 23:00:00+00:00,0.02494,0.02494,0.02482,0.02484,408759.0
2026-05-03 00:00:00+00:00,0.02483,0.02491,0.02469,0.02473,773716.0
2026-05-03 01:00:00+00:00,0.02473,0.02473,0.02454,0.02458,1164120.0
2026-05-03 02:00:00+00:00,0.02457,0.0246,0.02442,0.02445,470788.0
2026-05-03 03:00:00+00:00,0.02444,0.02449,0.02437,0.02442,607236.0
2026-05-03 04:00:00+00:00,0.02441,0.0245,0.0244,0.02446,1131432.0
2026-05-03 05:00:00+00:00,0.02446,0.02451,0.02439,0.02442,599677.0
2026-05-03 06:00:00+00:00,0.02444,0.02448,0.02433,0.02442,897091.0
2026-05-03 07:00:00+00:00,0.02442,0.02453,0.02442,0.02445,717566.0
2026-05-03 08:00:00+00:00,0.02445,0.02461,0.02445,0.0245,2107136.0
2026-05-03 09:00:00+00:00,0.02449,0.02455,0.02442,0.02452,600789.0
2026-05-03 10:00:00+00:00,0.02452,0.02456,0.02445,0.02446,260313.0
2026-05-03 11:00:00+00:00,0.02444,0.02466,0.02438,0.02457,1048829.0
2026-05-03 12:00:00+00:00,0.02458,0.02474,0.02458,0.02466,1063306.0
2026-05-03 13:00:00+00:00,0.02467,0.02467,0.02454,0.02457,930482.0
2026-05-03 14:00:00+00:00,0.02459,0.02465,0.02451,0.02457,2408210.0
2026-05-03 15:00:00+00:00,0.02456,0.02464,0.02456,0.02458,587631.0
2026-05-03 16:00:00+00:00,0.0246,0.02464,0.02455,0.02461,492436.0
2026-05-03 17:00:00+00:00,0.0246,0.02467,0.02454,0.02462,625588.0
2026-05-03 18:00:00+00:00,0.02463,0.02466,0.02459,0.02464,528395.0
2026-05-03 19:00:00+00:00,0.02465,0.02471,0.02461,0.02468,539298.0
2026-05-03 20:00:00+00:00,0.02468,0.02478,0.02466,0.02467,580981.0
2026-05-03 21:00:00+00:00,0.02466,0.02471,0.02452,0.02458,1228283.0
2026-05-03 22:00:00+00:00,0.02461,0.02477,0.02461,0.02467,811277.0
2026-05-03 23:00:00+00:00,0.02468,0.02471,0.02452,0.02454,705824.0
2026-05-04 00:00:00+00:00,0.02454,0.0246,0.02435,0.02458,1276751.0
2026-05-04 01:00:00+00:00,0.02459,0.02484,0.02445,0.0248,1410573.0
2026-05-04 02:00:00+00:00,0.02481,0.02515,0.02481,0.0251,1656618.0
2026-05-04 03:00:00+00:00,0.02509,0.02515,0.02502,0.02512,1389495.0
2026-05-04 04:00:00+00:00,0.02514,0.02523,0.02506,0.02512,1469603.0
2026-05-04 05:00:00+00:00,0.02512,0.02512,0.02494,0.02505,1803251.0
2026-05-04 06:00:00+00:00,0.02506,0.02507,0.02484,0.02496,1760558.0
2026-05-04 07:00:00+00:00,0.02497,0.02499,0.02484,0.02489,1235992.0
2026-05-04 08:00:00+00:00,0.02489,0.02493,0.02478,0.0248,1425851.0
2026-05-04 09:00:00+00:00,0.0248,0.02499,0.02478,0.02495,1390359.0
2026-05-04 10:00:00+00:00,0.02495,0.02495,0.02435,0.02451,6287608.0
2026-05-04 11:00:00+00:00,0.02449,0.02454,0.02444,0.02447,933973.0
2026-05-04 12:00:00+00:00,0.02445,0.02454,0.02444,0.02448,921229.0
2026-05-04 13:00:00+00:00,0.02447,0.02455,0.02436,0.02448,2655145.0
2026-05-04 14:00:00+00:00,0.02449,0.02478,0.02439,0.0247,2376195.0
2026-05-04 15:00:00+00:00,0.02468,0.02472,0.02443,0.02454,2654512.0
2026-05-04 16:00:00+00:00,0.02455,0.02462,0.02439,0.02447,1648105.0
2026-05-04 17:00:00+00:00,0.02446,0.02468,0.02446,0.02462,1164272.0
2026-05-04 18:00:00+00:00,0.02462,0.02469,0.02453,0.02459,1236980.0
2026-05-04 19:00:00+00:00,0.0246,0.0246,0.02446,0.02452,1351941.0
2026-05-04 20:00:00+00:00,0.02453,0.02454,0.02439,0.02441,1248368.0
2026-05-04 21:00:00+00:00,0.02441,0.02464,0.02439,0.02457,1072173.0
2026-05-04 22:00:00+00:00,0.02456,0.02465,0.02446,0.02448,1271455.0
2026-05-04 23:00:00+00:00,0.02448,0.02451,0.02444,0.02447,385675.0
2026-05-05 00:00:00+00:00,0.02448,0.02456,0.02444,0.02453,745282.0
2026-05-05 01:00:00+00:00,0.02454,0.02468,0.02452,0.02466,380766.0
2026-05-05 02:00:00+00:00,0.02466,0.025,0.02466,0.02494,4555536.0
2026-05-05 03:00:00+00:00,0.02494,0.02508,0.02487,0.02501,2211272.0
2026-05-05 04:00:00+00:00,0.02501,0.02503,0.02487,0.02487,869889.0
2026-05-05 05:00:00+00:00,0.02487,0.02505,0.02484,0.02493,1184750.0
2026-05-05 06:00:00+00:00,0.02494,0.02498,0.02485,0.02495,1084615.0
2026-05-05 07:00:00+00:00,0.02495,0.02513,0.02493,0.02505,1560794.0
2026-05-05 08:00:00+00:00,0.02505,0.0251,0.02495,0.025,969779.0
2026-05-05 09:00:00+00:00,0.025,0.02503,0.0249,0.02492,521018.0
2026-05-05 10:00:00+00:00,0.02492,0.0252,0.02489,0.02511,2070938.0
2026-05-05 11:00:00+00:00,0.02513,0.02516,0.02499,0.02513,947402.0
2026-05-05 12:00:00+00:00,0.02512,0.02519,0.02506,0.02513,1377019.0
2026-05-05 13:00:00+00:00,0.02513,0.02528,0.02505,0.02515,3289436.0
2026-05-05 14:00:00+00:00,0.02515,0.02518,0.02492,0.02501,1707545.0
2026-05-05 15:00:00+00:00,0.02501,0.0252,0.02499,0.02502,2552476.0
2026-05-05 16:00:00+00:00,0.02503,0.02511,0.02491,0.025,1219731.0
2026-05-05 17:00:00+00:00,0.025,0.02505,0.02493,0.02499,991408.0
2026-05-05 18:00:00+00:00,0.02498,0.02513,0.02498,0.02508,1772161.0
2026-05-05 19:00:00+00:00,0.0251,0.02529,0.02506,0.02528,2027799.0
2026-05-05 20:00:00+00:00,0.02529,0.02571,0.02529,0.02561,10989256.0
2026-05-05 21:00:00+00:00,0.0256,0.02571,0.0255,0.02556,2438173.0
2026-05-05 22:00:00+00:00,0.02555,0.02562,0.0254,0.02554,5607713.0
2026-05-05 23:00:00+00:00,0.02553,0.02582,0.0255,0.02579,2994291.0
2026-05-06 00:00:00+00:00,0.02579,0.0258,0.02545,0.02561,2850439.0
2026-05-06 01:00:00+00:00,0.02563,0.02602,0.02555,0.02602,2765438.0
2026-05-06 02:00:00+00:00,0.02601,0.02604,0.02564,0.02584,1243290.0
2026-05-06 03:00:00+00:00,0.02587,0.02608,0.02577,0.02603,2642260.0
2026-05-06 04:00:00+00:00,0.02605,0.02609,0.0259,0.02599,2017679.0
2026-05-06 05:00:00+00:00,0.02598,0.026,0.0257,0.02585,2877416.0
2026-05-06 06:00:00+00:00,0.02588,0.02589,0.02574,0.02586,1809930.0
2026-05-06 07:00:00+00:00,0.02584,0.02644,0.02583,0.02629,5576405.0
2026-05-06 08:00:00+00:00,0.02629,0.02666,0.02626,0.02655,3097893.0
2026-05-06 09:00:00+00:00,0.02657,0.02669,0.02645,0.02665,2369880.0
2026-05-06 10:00:00+00:00,0.02665,0.02667,0.02642,0.02647,1631560.0
2026-05-06 11:00:00+00:00,0.02646,0.02646,0.02628,0.02632,2591284.0
2026-05-06 12:00:00+00:00,0.02631,0.0266,0.02622,0.02652,3991946.0
2026-05-06 13:00:00+00:00,0.02653,0.02653,0.02596,0.02602,3357869.0
2026-05-06 14:00:00+00:00,0.02601,0.02617,0.02569,0.02608,3331893.0
2026-05-06 15:00:00+00:00,0.02609,0.02632,0.02604,0.02629,2922192.0
2026-05-06 16:00:00+00:00,0.02629,0.02646,0.02617,0.02639,2180331.0
2026-05-06 17:00:00+00:00,0.02641,0.02651,0.02624,0.02629,1885150.0
2026-05-06 18:00:00+00:00,0.0263,0.02636,0.0262,0.02623,1880540.0
2026-05-06 19:00:00+00:00,0.02622,0.0263,0.02608,0.02628,1588892.0
2026-05-06 20:00:00+00:00,0.02628,0.02642,0.02616,0.02627,1374771.0
2026-05-06 21:00:00+00:00,0.02628,0.02669,0.02626,0.0266,1894033.0
2026-05-06 22:00:00+00:00,0.02661,0.02664,0.02639,0.02643,1914056.0
2026-05-06 23:00:00+00:00,0.02642,0.02657,0.02618,0.02653,1253927.0
2026-05-07 00:00:00+00:00,0.02652,0.02655,0.02614,0.0262,1950243.0
2026-05-07 01:00:00+00:00,0.02619,0.0262,0.02595,0.02595,1983779.0
2026-05-07 02:00:00+00:00,0.02595,0.02611,0.02584,0.02605,1419282.0
2026-05-07 03:00:00+00:00,0.02604,0.02617,0.02597,0.02597,1211411.0
2026-05-07 04:00:00+00:00,0.02598,0.0264,0.02595,0.02639,2640343.0
2026-05-07 05:00:00+00:00,0.02639,0.0266,0.02639,0.02645,3059364.0
2026-05-07 06:00:00+00:00,0.02645,0.02667,0.02629,0.02665,1198565.0
2026-05-07 07:00:00+00:00,0.02666,0.02669,0.02653,0.02662,1783724.0
2026-05-07 08:00:00+00:00,0.02664,0.02667,0.02656,0.02658,1022639.0
2026-05-07 09:00:00+00:00,0.02659,0.02659,0.02631,0.02634,5006387.0
2026-05-07 10:00:00+00:00,0.02634,0.02642,0.02614,0.02629,3505160.0
2026-05-07 11:00:00+00:00,0.02628,0.02642,0.02622,0.02634,2713500.0
2026-05-07 12:00:00+00:00,0.02634,0.02665,0.02633,0.02659,2452105.0
2026-05-07 13:00:00+00:00,0.0266,0.0266,0.02611,0.02618,1904449.0
2026-05-07 14:00:00+00:00,0.02618,0.0262,0.02587,0.02597,3865767.0
2026-05-07 15:00:00+00:00,0.02593,0.02605,0.02571,0.02584,3559652.0
2026-05-07 16:00:00+00:00,0.02585,0.02599,0.02569,0.02577,3451560.0
2026-05-07 17:00:00+00:00,0.02577,0.02595,0.02574,0.02594,1996614.0
2026-05-07 18:00:00+00:00,0.02595,0.02612,0.02591,0.02597,1047557.0
2026-05-07 19:00:00+00:00,0.02597,0.02606,0.02584,0.02591,1363682.0
2026-05-07 20:00:00+00:00,0.02592,0.0261,0.02575,0.02575,2529427.0
2026-05-07 21:00:00+00:00,0.02575,0.02594,0.02565,0.02575,1941645.0
2026-05-07 22:00:00+00:00,0.02574,0.02588,0.02559,0.02585,2144395.0
2026-05-07 23:00:00+00:00,0.02584,0.02602,0.02582,0.026,747012.0
2026-05-08 00:00:00+00:00,0.02601,0.02608,0.02591,0.026,477163.0
2026-05-08 01:00:00+00:00,0.026,0.02611,0.02587,0.02602,1867143.0
2026-05-08 02:00:00+00:00,0.02603,0.02612,0.02585,0.02598,1511691.0
2026-05-08 03:00:00+00:00,0.02597,0.02619,0.02581,0.02606,1332514.0
2026-05-08 04:00:00+00:00,0.02605,0.02632,0.02602,0.02622,1483156.0
2026-05-08 05:00:00+00:00,0.02622,0.02633,0.02619,0.02624,1223925.0
2026-05-08 06:00:00+00:00,0.02623,0.02642,0.02615,0.02634,2720688.0
2026-05-08 07:00:00+00:00,0.02634,0.02645,0.02622,0.02644,1264927.0
2026-05-08 08:00:00+00:00,0.02643,0.02661,0.02642,0.02657,1936475.0
2026-05-08 09:00:00+00:00,0.02658,0.02682,0.0264,0.02644,5954468.0
2026-05-08 10:00:00+00:00,0.02644,0.02652,0.02629,0.0264,2928597.0
2026-05-08 11:00:00+00:00,0.0264,0.0265,0.02633,0.02643,1369052.0
2026-05-08 12:00:00+00:00,0.02643,0.02645,0.0262,0.02628,2832081.0
2026-05-08 13:00:00+00:00,0.02629,0.0263,0.02611,0.02623,2728672.0
2026-05-08 14:00:00+00:00,0.02624,0.02663,0.02621,0.02657,2801350.0
2026-05-08 15:00:00+00:00,0.02658,0.027,0.0264,0.02698,4229552.0
2026-05-08 16:00:00+00:00,0.02698,0.02728,0.02698,0.02708,5044872.0
2026-05-08 17:00:00+00:00,0.02707,0.02736,0.02699,0.02732,2484169.0
2026-05-08 18:00:00+00:00,0.02731,0.02764,0.02731,0.02757,4068199.0
2026-05-08 19:00:00+00:00,0.02756,0.02769,0.02741,0.02745,2630321.0
2026-05-08 20:00:00+00:00,0.02745,0.02788,0.02739,0.02782,5711939.0
2026-05-08 21:00:00+00:00,0.02785,0.02801,0.02766,0.02785,3794430.0
2026-05-08 22:00:00+00:00,0.02785,0.02798,0.02759,0.0276,2650062.0
2026-05-08 23:00:00+00:00,0.0276,0.0276,0.02738,0.02756,4006283.0
2026-05-09 00:00:00+00:00,0.02756,0.02767,0.02749,0.02751,2896733.0
2026-05-09 01:00:00+00:00,0.02751,0.02783,0.02749,0.02781,5258047.0
2026-05-09 02:00:00+00:00,0.0278,0.02783,0.02768,0.02778,1549205.0
2026-05-09 03:00:00+00:00,0.02777,0.02791,0.02764,0.02777,1893765.0
2026-05-09 04:00:00+00:00,0.02776,0.02779,0.02757,0.0276,1265379.0
2026-05-09 05:00:00+00:00,0.02761,0.02767,0.02753,0.02759,1488710.0
2026-05-09 06:00:00+00:00,0.02758,0.02766,0.02743,0.0275,2073168.0
2026-05-09 07:00:00+00:00,0.0275,0.02759,0.02736,0.0274,2582019.0
2026-05-09 08:00:00+00:00,0.0274,0.02754,0.02738,0.02748,1881679.0
2026-05-09 09:00:00+00:00,0.02748,0.02755,0.0272,0.02722,2349470.0
2026-05-09 10:00:00+00:00,0.02723,0.02739,0.0271,0.02735,1628252.0
2026-05-09 11:00:00+00:00,0.02735,0.02739,0.02728,0.02728,992199.0
2026-05-09 12:00:00+00:00,0.02728,0.02733,0.02711,0.0272,1541292.0
2026-05-09 13:00:00+00:00,0.02719,0.0272,0.02701,0.02712,1341088.0
2026-05-09 14:00:00+00:00,0.02712,0.02713,0.02692,0.027,1608247.0
2026-05-09 15:00:00+00:00,0.02701,0.02704,0.02683,0.02685,1504519.0
2026-05-09 16:00:00+00:00,0.02686,0.02699,0.02673,0.02697,1877721.0
2026-05-09 17:00:00+00:00,0.02696,0.02723,0.02696,0.02715,2950869.0
2026-05-09 18:00:00+00:00,0.02715,0.02731,0.02712,0.0273,5537470.0
2026-05-09 19:00:00+00:00,0.0273,0.02734,0.02722,0.02726,1094911.0
2026-05-09 20:00:00+00:00,0.02727,0.02729,0.02718,0.0272,910264.0
2026-05-09 21:00:00+00:00,0.02719,0.02729,0.02717,0.02722,762954.0
2026-05-09 22:00:00+00:00,0.0272,0.02729,0.02713,0.02713,654315.0
2026-05-09 23:00:00+00:00,0.02714,0.02718,0.02706,0.02716,1102529.0
2026-05-10 00:00:00+00:00,0.02714,0.02714,0.0269,0.02692,1204364.0
2026-05-10 01:00:00+00:00,0.02692,0.02694,0.02666,0.02678,2282191.0
2026-05-10 02:00:00+00:00,0.02679,0.02703,0.02671,0.02697,1256332.0
2026-05-10 03:00:00+00:00,0.02697,0.02703,0.02689,0.02694,546403.0
2026-05-10 04:00:00+00:00,0.02694,0.02705,0.02691,0.02698,705600.0
2026-05-10 05:00:00+00:00,0.02697,0.02719,0.02694,0.02714,711079.0
2026-05-10 06:00:00+00:00,0.02714,0.02743,0.02714,0.0274,2837954.0
2026-05-10 07:00:00+00:00,0.02739,0.02778,0.02734,0.02743,4681641.0
2026-05-10 08:00:00+00:00,0.02744,0.02783,0.02741,0.0277,2247355.0
2026-05-10 09:00:00+00:00,0.0277,0.02781,0.02758,0.02766,1960101.0
2026-05-10 10:00:00+00:00,0.02767,0.02786,0.02751,0.0278,3132167.0
2026-05-10 11:00:00+00:00,0.02779,0.02797,0.02767,0.02769,3171756.0
2026-05-10 12:00:00+00:00,0.02771,0.02794,0.02755,0.0279,2371356.0
2026-05-10 13:00:00+00:00,0.0279,0.02841,0.02776,0.02834,4993133.0
2026-05-10 14:00:00+00:00,0.02835,0.02838,0.02785,0.02797,9427820.0
2026-05-10 15:00:00+00:00,0.02797,0.02838,0.02785,0.02818,8593811.0
2026-05-10 16:00:00+00:00,0.02819,0.02876,0.0281,0.02873,6895117.0
2026-05-10 17:00:00+00:00,0.02873,0.02947,0.02849,0.02945,8442688.0
2026-05-10 18:00:00+00:00,0.02946,0.03038,0.02933,0.02948,38189289.0
2026-05-10 19:00:00+00:00,0.02949,0.02975,0.02899,0.02902,11472311.0
2026-05-10 20:00:00+00:00,0.02903,0.02923,0.028,0.02829,8668795.0
2026-05-10 21:00:00+00:00,0.02829,0.02849,0.02801,0.02826,5204969.0
2026-05-10 22:00:00+00:00,0.02825,0.02887,0.02821,0.02886,2923499.0
2026-05-10 23:00:00+00:00,0.02886,0.02889,0.0285,0.02855,3034654.0
2026-05-11 00:00:00+00:00,0.02855,0.02866,0.02817,0.02827,3712834.0
2026-05-11 01:00:00+00:00,0.02827,0.02856,0.02815,0.02835,2886969.0
2026-05-11 02:00:00+00:00,0.02835,0.02835,0.02783,0.0279,4171443.0
2026-05-11 03:00:00+00:00,0.02791,0.02792,0.02745,0.02772,4521622.0
2026-05-11 04:00:00+00:00,0.02771,0.02798,0.02756,0.02792,3861998.0
2026-05-11 05:00:00+00:00,0.02791,0.02811,0.02787,0.02803,1876236.0
2026-05-11 06:00:00+00:00,0.02802,0.02816,0.02792,0.02797,1101544.0
2026-05-11 07:00:00+00:00,0.02796,0.02807,0.0278,0.02792,2519341.0
2026-05-11 08:00:00+00:00,0.02792,0.02826,0.02788,0.02812,2110590.0
2026-05-11 09:00:00+00:00,0.02812,0.02832,0.0281,0.0283,1427790.0
2026-05-11 10:00:00+00:00,0.02829,0.02854,0.02821,0.02823,2377910.0
2026-05-11 11:00:00+00:00,0.02824,0.02837,0.02812,0.02828,2564614.0
2026-05-11 12:00:00+00:00,0.02829,0.02835,0.02813,0.02829,3660747.0
2026-05-11 13:00:00+00:00,0.02829,0.0285,0.02809,0.02813,3357180.0
2026-05-11 14:00:00+00:00,0.02813,0.02847,0.02808,0.02839,3024847.0
2026-05-11 15:00:00+00:00,0.02839,0.02881,0.02834,0.02868,5924690.0
2026-05-11 16:00:00+00:00,0.02868,0.0289,0.02859,0.02878,2891174.0
2026-05-11 17:00:00+00:00,0.02877,0.0291,0.02869,0.02902,1773556.0
2026-05-11 18:00:00+00:00,0.02903,0.02912,0.02883,0.02883,2118412.0
2026-05-11 19:00:00+00:00,0.02884,0.02888,0.02868,0.02872,2121038.0
2026-05-11 20:00:00+00:00,0.02873,0.02881,0.02834,0.02836,2379687.0
2026-05-11 21:00:00+00:00,0.02837,0.02857,0.0283,0.02848,1710746.0
2026-05-11 22:00:00+00:00,0.02847,0.02849,0.02839,0.0284,1237157.0
2026-05-11 23:00:00+00:00,0.0284,0.0285,0.0283,0.02842,1267523.0
2026-05-12 00:00:00+00:00,0.02842,0.02851,0.02827,0.02847,2065832.0
2026-05-12 01:00:00+00:00,0.02847,0.02849,0.02792,0.02798,8857056.0
2026-05-12 02:00:00+00:00,0.02798,0.02849,0.02797,0.02849,4041848.0
2026-05-12 03:00:00+00:00,0.0285,0.02883,0.02844,0.02881,5376268.0
2026-05-12 04:00:00+00:00,0.0288,0.02911,0.02858,0.02876,5356014.0
2026-05-12 05:00:00+00:00,0.02877,0.02879,0.02859,0.02859,1520313.0
2026-05-12 06:00:00+00:00,0.02859,0.02881,0.02845,0.02848,2268593.0
2026-05-12 07:00:00+00:00,0.02848,0.02891,0.0283,0.02875,3815249.0
2026-05-12 08:00:00+00:00,0.02876,0.02882,0.02841,0.02854,3865361.0
2026-05-12 09:00:00+00:00,0.02854,0.02889,0.02851,0.02884,2285124.0
2026-05-12 10:00:00+00:00,0.02883,0.02893,0.02855,0.02873,4097052.0
2026-05-12 11:00:00+00:00,0.02874,0.02876,0.02828,0.02834,4231693.0
2026-05-12 12:00:00+00:00,0.02833,0.0287,0.02817,0.02867,4345296.0
2026-05-12 13:00:00+00:00,0.02868,0.02919,0.02861,0.02888,11691352.0
2026-05-12 14:00:00+00:00,0.02889,0.02948,0.02877,0.0292,17461299.0
2026-05-12 15:00:00+00:00,0.02921,0.02939,0.02838,0.02838,13071505.0
2026-05-12 16:00:00+00:00,0.02837,0.02852,0.02797,0.02819,8331991.0
2026-05-12 17:00:00+00:00,0.02821,0.02869,0.02819,0.02842,7272840.0
2026-05-12 18:00:00+00:00,0.02842,0.02872,0.02832,0.02856,3053119.0
2026-05-12 19:00:00+00:00,0.02855,0.02923,0.02855,0.02915,4567427.0
2026-05-12 20:00:00+00:00,0.02916,0.02984,0.02908,0.02969,13358930.0
2026-05-12 21:00:00+00:00,0.0297,0.02987,0.02903,0.02918,7000225.0
2026-05-12 22:00:00+00:00,0.02921,0.02936,0.02912,0.02922,1442325.0
2026-05-12 23:00:00+00:00,0.02921,0.02922,0.02885,0.02893,1729221.0
2026-05-13 00:00:00+00:00,0.02894,0.02909,0.02884,0.02897,2730360.0
2026-05-13 01:00:00+00:00,0.02897,0.02927,0.02895,0.02906,2594910.0
2026-05-13 02:00:00+00:00,0.02905,0.0295,0.02903,0.02915,5958043.0
2026-05-13 03:00:00+00:00,0.02916,0.02923,0.02895,0.02903,2613290.0
2026-05-13 04:00:00+00:00,0.02901,0.02917,0.02879,0.02884,7466545.0
2026-05-13 05:00:00+00:00,0.02885,0.0289,0.02861,0.02866,1651733.0
2026-05-13 06:00:00+00:00,0.02865,0.02886,0.02856,0.02856,2909841.0
2026-05-13 07:00:00+00:00,0.02858,0.02881,0.02857,0.0287,3300931.0
2026-05-13 08:00:00+00:00,0.02871,0.02892,0.02864,0.02877,2905652.0
2026-05-13 09:00:00+00:00,0.02878,0.02944,0.02875,0.02932,5650371.0
2026-05-13 10:00:00+00:00,0.02932,0.02946,0.02911,0.02929,4432306.0
2026-05-13 11:00:00+00:00,0.02928,0.02953,0.02885,0.02895,2793260.0
2026-05-13 12:00:00+00:00,0.02897,0.0293,0.02843,0.02867,5306381.0
2026-05-13 13:00:00+00:00,0.02867,0.02882,0.02811,0.02819,4211076.0
2026-05-13 14:00:00+00:00,0.02819,0.02819,0.02773,0.02793,5603829.0
2026-05-13 15:00:00+00:00,0.02793,0.02807,0.02726,0.02733,4836236.0
2026-05-13 16:00:00+00:00,0.02733,0.0276,0.02726,0.0275,3612528.0
2026-05-13 17:00:00+00:00,0.02751,0.02775,0.02751,0.02767,2358306.0
2026-05-13 18:00:00+00:00,0.02766,0.02798,0.02763,0.02778,2067876.0
2026-05-13 19:00:00+00:00,0.02779,0.02785,0.02759,0.02763,1578627.0
2026-05-13 20:00:00+00:00,0.02764,0.02787,0.0276,0.02777,1412931.0
2026-05-13 21:00:00+00:00,0.02777,0.02779,0.02736,0.02736,1528805.0
2026-05-13 22:00:00+00:00,0.02737,0.02744,0.02728,0.02742,1644009.0
2026-05-13 23:00:00+00:00,0.02741,0.0275,0.02732,0.02745,3287180.0
2026-05-14 00:00:00+00:00,0.02744,0.02761,0.02739,0.02749,1206058.0
2026-05-14 01:00:00+00:00,0.02749,0.0276,0.02749,0.02756,946561.0
2026-05-14 02:00:00+00:00,0.02756,0.02765,0.02741,0.02751,6313465.0
2026-05-14 03:00:00+00:00,0.02752,0.0276,0.02687,0.02692,4330301.0
2026-05-14 04:00:00+00:00,0.02693,0.02734,0.02683,0.0273,1441400.0
2026-05-14 05:00:00+00:00,0.0273,0.0275,0.02727,0.02744,2793017.0
2026-05-14 06:00:00+00:00,0.02744,0.02751,0.02732,0.02746,2390875.0
2026-05-14 07:00:00+00:00,0.02745,0.0277,0.0274,0.02766,1642542.0
2026-05-14 08:00:00+00:00,0.02768,0.02796,0.02758,0.02773,3671271.0
2026-05-14 09:00:00+00:00,0.02773,0.02796,0.02758,0.02789,3603118.0
2026-05-14 10:00:00+00:00,0.02787,0.02893,0.02787,0.02886,14133546.0
2026-05-14 11:00:00+00:00,0.02888,0.02896,0.02867,0.02883,8030674.0
2026-05-14 12:00:00+00:00,0.02882,0.0295,0.02868,0.02903,18404649.0
2026-05-14 13:00:00+00:00,0.02902,0.02921,0.02881,0.02882,6594819.0
2026-05-14 14:00:00+00:00,0.02882,0.02927,0.0287,0.02916,7706883.0
2026-05-14 15:00:00+00:00,0.02916,0.02917,0.02887,0.02893,3701191.0
2026-05-14 16:00:00+00:00,0.02892,0.02894,0.02842,0.02868,7961493.0
2026-05-14 17:00:00+00:00,0.02867,0.02869,0.02823,0.02846,2628169.0
2026-05-14 18:00:00+00:00,0.02845,0.0286,0.02833,0.02843,3313240.0
2026-05-14 19:00:00+00:00,0.02842,0.02851,0.02813,0.02823,3183133.0
2026-05-14 20:00:00+00:00,0.02822,0.02824,0.02801,0.02815,1947049.0
2026-05-14 21:00:00+00:00,0.02816,0.0282,0.02797,0.02819,1728886.0
2026-05-14 22:00:00+00:00,0.02819,0.02821,0.02807,0.02809,961389.0
2026-05-14 23:00:00+00:00,0.02808,0.02816,0.02793,0.02795,1667770.0
2026-05-15 00:00:00+00:00,0.02796,0.02818,0.02785,0.02803,2312321.0
2026-05-15 01:00:00+00:00,0.02804,0.02811,0.02789,0.02789,1546264.0
2026-05-15 02:00:00+00:00,0.02789,0.02807,0.02765,0.02803,3576940.0
2026-05-15 03:00:00+00:00,0.02803,0.02803,0.0278,0.02793,1542131.0
2026-05-15 04:00:00+00:00,0.02793,0.02797,0.02777,0.02779,3284713.0
2026-05-15 05:00:00+00:00,0.02779,0.02792,0.02729,0.02737,4154441.0
2026-05-15 06:00:00+00:00,0.02737,0.02775,0.02734,0.02765,2640593.0
2026-05-15 07:00:00+00:00,0.02766,0.02791,0.02763,0.02779,1560596.0
2026-05-15 08:00:00+00:00,0.02779,0.02796,0.02761,0.0278,6440161.0
2026-05-15 09:00:00+00:00,0.02781,0.02816,0.02781,0.02793,5074007.0
2026-05-15 10:00:00+00:00,0.02794,0.02818,0.02786,0.02814,1845580.0
2026-05-15 11:00:00+00:00,0.02815,0.02817,0.02794,0.02796,2527277.0
2026-05-15 12:00:00+00:00,0.02796,0.02811,0.02779,0.02779,2633984.0
2026-05-15 13:00:00+00:00,0.02778,0.02778,0.02657,0.02668,7176407.0
2026-05-15 14:00:00+00:00,0.02668,0.02702,0.02656,0.02685,4614169.0
2026-05-15 15:00:00+00:00,0.02685,0.02693,0.02668,0.02688,3534130.0
2026-05-15 16:00:00+00:00,0.02687,0.02712,0.02679,0.02706,3194689.0
2026-05-15 17:00:00+00:00,0.02707,0.02726,0.02707,0.02714,2276235.0
2026-05-15 18:00:00+00:00,0.02713,0.02721,0.02697,0.02699,2572665.0
2026-05-15 19:00:00+00:00,0.02699,0.02699,0.0268,0.02684,4220693.0
2026-05-15 20:00:00+00:00,0.02685,0.02694,0.0267,0.02693,2412366.0
2026-05-15 21:00:00+00:00,0.02693,0.02701,0.02684,0.02684,1587041.0
2026-05-15 22:00:00+00:00,0.02684,0.02695,0.02684,0.02688,483738.0
2026-05-15 23:00:00+00:00,0.02688,0.027,0.02679,0.02698,1107094.0
2026-05-16 00:00:00+00:00,0.02699,0.02723,0.02686,0.02716,3365890.0
2026-05-16 01:00:00+00:00,0.02717,0.02722,0.02681,0.02701,3804385.0
2026-05-16 02:00:00+00:00,0.02701,0.02705,0.02685,0.02691,1118565.0
2026-05-16 03:00:00+00:00,0.02691,0.02694,0.02675,0.02678,996749.0
2026-05-16 04:00:00+00:00,0.02679,0.02679,0.02648,0.0265,2002405.0
2026-05-16 05:00:00+00:00,0.02651,0.02659,0.02637,0.02641,1528641.0
2026-05-16 06:00:00+00:00,0.02642,0.02645,0.02597,0.02608,3830309.0
2026-05-16 07:00:00+00:00,0.02608,0.02608,0.02555,0.02565,5269262.0
2026-05-16 08:00:00+00:00,0.02564,0.02586,0.02562,0.02572,1375404.0
2026-05-16 09:00:00+00:00,0.02572,0.02581,0.02539,0.02544,4559583.0
2026-05-16 10:00:00+00:00,0.02544,0.02561,0.02527,0.02556,4765304.0
2026-05-16 11:00:00+00:00,0.02556,0.02583,0.02556,0.02569,1473489.0
2026-05-16 12:00:00+00:00,0.02568,0.0258,0.02565,0.02571,1466994.0
2026-05-16 13:00:00+00:00,0.02571,0.0258,0.02562,0.02563,1219590.0
2026-05-16 14:00:00+00:00,0.02564,0.02575,0.02556,0.02562,1103445.0
2026-05-16 15:00:00+00:00,0.02562,0.02586,0.02561,0.02579,1225696.0
2026-05-16 16:00:00+00:00,0.02578,0.02591,0.02573,0.02579,2072121.0
2026-05-16 17:00:00+00:00,0.0258,0.02597,0.0258,0.02587,889000.0
2026-05-16 18:00:00+00:00,0.02586,0.02592,0.0258,0.02585,1263102.0
2026-05-16 19:00:00+00:00,0.02585,0.02591,0.02577,0.02581,1167226.0
2026-05-16 20:00:00+00:00,0.02582,0.02582,0.0257,0.02571,567976.0
2026-05-16 21:00:00+00:00,0.02572,0.02574,0.02563,0.02567,642126.0
2026-05-16 22:00:00+00:00,0.02566,0.02567,0.0255,0.02551,1043678.0
2026-05-16 23:00:00+00:00,0.0255,0.02556,0.02548,0.02549,817434.0
2026-05-17 00:00:00+00:00,0.0255,0.02552,0.02528,0.02532,2194595.0
2026-05-17 01:00:00+00:00,0.02533,0.0254,0.02515,0.02515,1618074.0
2026-05-17 02:00:00+00:00,0.02515,0.02525,0.02514,0.02525,920346.0
2026-05-17 03:00:00+00:00,0.02526,0.02554,0.02526,0.02544,1212790.0
2026-05-17 04:00:00+00:00,0.02544,0.02557,0.02544,0.0255,794466.0
2026-05-17 05:00:00+00:00,0.0255,0.02562,0.02544,0.02551,1589563.0
2026-05-17 06:00:00+00:00,0.02551,0.02553,0.02538,0.02547,1538706.0
2026-05-17 07:00:00+00:00,0.02548,0.02551,0.0254,0.02546,1197883.0
2026-05-17 08:00:00+00:00,0.02546,0.02547,0.02536,0.0254,1094234.0
2026-05-17 09:00:00+00:00,0.0254,0.02544,0.02533,0.02539,926114.0
2026-05-17 10:00:00+00:00,0.02539,0.02549,0.02539,0.02543,2213852.0
2026-05-17 11:00:00+00:00,0.02543,0.02544,0.0253,0.02532,1546892.0
2026-05-17 12:00:00+00:00,0.02532,0.02552,0.02532,0.02542,1988931.0
2026-05-17 13:00:00+00:00,0.02542,0.02546,0.0253,0.02535,1287643.0
2026-05-17 14:00:00+00:00,0.02534,0.02534,0.02517,0.02527,3391876.0
2026-05-17 15:00:00+00:00,0.02527,0.02551,0.0252,0.02541,2473558.0
2026-05-17 16:00:00+00:00,0.02542,0.02555,0.02533,0.02534,1895234.0
2026-05-17 17:00:00+00:00,0.02535,0.02539,0.02512,0.02529,2368186.0
2026-05-17 18:00:00+00:00,0.02529,0.02546,0.02526,0.02544,2062980.0
2026-05-17 19:00:00+00:00,0.02545,0.02563,0.02545,0.02556,1654378.0
2026-05-17 20:00:00+00:00,0.02557,0.02562,0.02534,0.02541,2792049.0
2026-05-17 21:00:00+00:00,0.02541,0.02547,0.02534,0.02536,1180657.0
2026-05-17 22:00:00+00:00,0.02537,0.02538,0.02503,0.0251,2510892.0
2026-05-17 23:00:00+00:00,0.0251,0.0251,0.02404,0.02467,9310869.0
2026-05-18 00:00:00+00:00,0.02467,0.02467,0.02436,0.02465,3945956.0
2026-05-18 01:00:00+00:00,0.02467,0.0247,0.02446,0.02464,3260569.0
2026-05-18 02:00:00+00:00,0.02464,0.02481,0.02461,0.02475,3480215.0
2026-05-18 03:00:00+00:00,0.02475,0.02484,0.02461,0.02462,1384301.0
2026-05-18 04:00:00+00:00,0.02463,0.02472,0.02451,0.02463,1575545.0
2026-05-18 05:00:00+00:00,0.02464,0.02466,0.02451,0.02452,1620363.0
2026-05-18 06:00:00+00:00,0.02452,0.02463,0.02438,0.02453,3005551.0
2026-05-18 07:00:00+00:00,0.02455,0.02465,0.02445,0.02459,3907163.0
2026-05-18 08:00:00+00:00,0.02459,0.02463,0.02448,0.0246,1628025.0
2026-05-18 09:00:00+00:00,0.02461,0.02463,0.02447,0.02456,1631422.0
2026-05-18 10:00:00+00:00,0.02456,0.02481,0.02448,0.02479,2480437.0
2026-05-18 11:00:00+00:00,0.02479,0.02529,0.02474,0.02503,3847840.0
2026-05-18 12:00:00+00:00,0.02503,0.02538,0.025,0.02513,3294147.0
2026-05-18 13:00:00+00:00,0.02514,0.02518,0.02491,0.02498,2388666.0
2026-05-18 14:00:00+00:00,0.02498,0.02503,0.02463,0.02467,4119571.0
2026-05-18 15:00:00+00:00,0.02468,0.02487,0.02454,0.02475,3362350.0
2026-05-18 16:00:00+00:00,0.02475,0.02487,0.02466,0.02477,1779467.0
2026-05-18 17:00:00+00:00,0.02478,0.02484,0.02469,0.02473,1483943.0
2026-05-18 18:00:00+00:00,0.02473,0.02474,0.02445,0.02447,3126227.0
2026-05-18 19:00:00+00:00,0.02448,0.0252,0.02447,0.02517,3995990.0
2026-05-18 20:00:00+00:00,0.02518,0.02533,0.02503,0.02509,3241130.0
2026-05-18 21:00:00+00:00,0.0251,0.02545,0.02503,0.02533,2094873.0
2026-05-18 22:00:00+00:00,0.02534,0.02548,0.02525,0.02536,1518679.0
2026-05-18 23:00:00+00:00,0.02536,0.02543,0.02524,0.0253,985961.0
2026-05-19 00:00:00+00:00,0.0253,0.02541,0.02523,0.02534,997302.0
2026-05-19 01:00:00+00:00,0.02533,0.02536,0.02516,0.02527,1100767.0
2026-05-19 02:00:00+00:00,0.02525,0.02542,0.02512,0.02512,1109636.0
2026-05-19 03:00:00+00:00,0.02512,0.02528,0.02511,0.02513,699291.0
2026-05-19 04:00:00+00:00,0.02513,0.02535,0.02511,0.02534,851040.0
2026-05-19 05:00:00+00:00,0.02534,0.02536,0.02509,0.02526,839919.0
2026-05-19 06:00:00+00:00,0.02525,0.02539,0.02522,0.02534,572303.0
2026-05-19 07:00:00+00:00,0.02533,0.02536,0.02525,0.02529,397039.0
2026-05-19 08:00:00+00:00,0.02529,0.02529,0.02506,0.02513,1240799.0
2026-05-19 09:00:00+00:00,0.02512,0.02517,0.02493,0.02503,1916886.0
2026-05-19 10:00:00+00:00,0.02501,0.02504,0.02478,0.0249,1546280.0
2026-05-19 11:00:00+00:00,0.02489,0.02493,0.02475,0.02475,499329.0
2026-05-19 12:00:00+00:00,0.02476,0.02494,0.02471,0.02485,921187.0
2026-05-19 13:00:00+00:00,0.02486,0.0249,0.02469,0.02481,1973977.0
2026-05-19 14:00:00+00:00,0.02481,0.02491,0.02445,0.02457,2818425.0
2026-05-19 15:00:00+00:00,0.02454,0.02468,0.02453,0.02462,2436933.0
2026-05-19 16:00:00+00:00,0.02461,0.02483,0.0246,0.02481,1349351.0
2026-05-19 17:00:00+00:00,0.0248,0.02487,0.02469,0.02477,839047.0
2026-05-19 18:00:00+00:00,0.02475,0.02479,0.0246,0.02467,873025.0
2026-05-19 19:00:00+00:00,0.02468,0.02476,0.02459,0.0247,838359.0
2026-05-19 20:00:00+00:00,0.0247,0.02485,0.0247,0.02484,399562.0
2026-05-19 21:00:00+00:00,0.02484,0.02484,0.02475,0.02477,665544.0
2026-05-19 22:00:00+00:00,0.02476,0.02476,0.02455,0.02456,1098934.0
2026-05-19 23:00:00+00:00,0.02455,0.0247,0.02453,0.02468,713190.0
2026-05-20 00:00:00+00:00,0.02467,0.0247,0.02451,0.02457,633628.0
2026-05-20 01:00:00+00:00,0.02457,0.02476,0.0245,0.02471,380169.0
2026-05-20 02:00:00+00:00,0.02473,0.02474,0.02464,0.02465,447012.0
2026-05-20 03:00:00+00:00,0.02464,0.02478,0.02462,0.02468,759332.0
2026-05-20 04:00:00+00:00,0.02469,0.02482,0.02469,0.02482,421993.0
2026-05-20 05:00:00+00:00,0.02482,0.02504,0.02478,0.02502,921133.0
2026-05-20 06:00:00+00:00,0.02503,0.02505,0.0249,0.02503,541370.0
2026-05-20 07:00:00+00:00,0.02503,0.02505,0.02496,0.02497,690957.0
2026-05-20 08:00:00+00:00,0.02497,0.02504,0.02491,0.02496,320831.0
2026-05-20 09:00:00+00:00,0.02496,0.02499,0.02491,0.02494,262072.0
2026-05-20 10:00:00+00:00,0.02495,0.02502,0.02487,0.02487,822397.0
2026-05-20 11:00:00+00:00,0.02488,0.02491,0.02474,0.02475,803876.0
2026-05-20 12:00:00+00:00,0.02475,0.02494,0.02474,0.02492,1334835.0
2026-05-20 13:00:00+00:00,0.02492,0.02494,0.0247,0.0248,1525009.0
2026-05-20 14:00:00+00:00,0.0248,0.02513,0.02474,0.02511,3371750.0
2026-05-20 15:00:00+00:00,0.02509,0.02524,0.02501,0.02518,1963956.0
2026-05-20 16:00:00+00:00,0.02519,0.02529,0.02511,0.02518,921927.0
2026-05-20 17:00:00+00:00,0.02519,0.02532,0.02516,0.02522,744376.0
2026-05-20 18:00:00+00:00,0.02522,0.02526,0.02511,0.02514,1374956.0
2026-05-20 19:00:00+00:00,0.02513,0.02526,0.02508,0.02523,2216917.0
2026-05-20 20:00:00+00:00,0.02523,0.02524,0.02507,0.02513,1296091.0
2026-05-20 21:00:00+00:00,0.02513,0.02517,0.02499,0.02499,791327.0
2026-05-20 22:00:00+00:00,0.02498,0.02507,0.02488,0.02505,1197377.0
2026-05-20 23:00:00+00:00,0.02505,0.02511,0.02499,0.02504,961867.0
2026-05-21 00:00:00+00:00,0.02506,0.0254,0.02503,0.02538,806305.0
2026-05-21 01:00:00+00:00,0.02539,0.02558,0.02538,0.0255,1312338.0
2026-05-21 02:00:00+00:00,0.02548,0.02563,0.02547,0.02552,950579.0
2026-05-21 03:00:00+00:00,0.02551,0.02579,0.02551,0.02579,1121523.0
2026-05-21 04:00:00+00:00,0.02577,0.02583,0.0256,0.0257,1318946.0
2026-05-21 05:00:00+00:00,0.02567,0.02572,0.02536,0.02541,1834130.0
2026-05-21 06:00:00+00:00,0.02541,0.02544,0.02529,0.0254,1143595.0
2026-05-21 07:00:00+00:00,0.02541,0.02553,0.02534,0.02547,888999.0
2026-05-21 08:00:00+00:00,0.02547,0.02571,0.02547,0.02568,1495092.0
2026-05-21 09:00:00+00:00,0.02567,0.02571,0.02539,0.02539,831026.0
2026-05-21 10:00:00+00:00,0.02538,0.02545,0.02499,0.02502,7275043.0
2026-05-21 11:00:00+00:00,0.025,0.0252,0.02495,0.02501,1672212.0
2026-05-21 12:00:00+00:00,0.02505,0.02518,0.02496,0.02517,2332398.0
2026-05-21 13:00:00+00:00,0.02516,0.02526,0.02501,0.02526,1599924.0
2026-05-21 14:00:00+00:00,0.02525,0.0253,0.02505,0.02513,1728632.0
2026-05-21 15:00:00+00:00,0.02511,0.02538,0.02505,0.02519,2264352.0
2026-05-21 16:00:00+00:00,0.0252,0.02529,0.02508,0.02512,1527147.0
2026-05-21 17:00:00+00:00,0.02513,0.02562,0.02512,0.02554,2479563.0
2026-05-21 18:00:00+00:00,0.02553,0.02562,0.02528,0.02534,1476227.0
2026-05-21 19:00:00+00:00,0.02534,0.02549,0.02533,0.02547,1637581.0
2026-05-21 20:00:00+00:00,0.02547,0.02557,0.02541,0.02547,1410201.0
2026-05-21 21:00:00+00:00,0.02548,0.02558,0.02547,0.02549,968475.0
2026-05-21 22:00:00+00:00,0.02546,0.0255,0.02527,0.02537,1795568.0
2026-05-21 23:00:00+00:00,0.02536,0.02543,0.02527,0.0254,710406.0
2026-05-22 00:00:00+00:00,0.02538,0.02538,0.02516,0.02522,1437519.0
2026-05-22 01:00:00+00:00,0.0252,0.02536,0.02518,0.02533,766466.0
2026-05-22 02:00:00+00:00,0.02534,0.02541,0.02529,0.02541,1013887.0
2026-05-22 03:00:00+00:00,0.0254,0.02579,0.0254,0.02576,3231419.0
2026-05-22 04:00:00+00:00,0.02576,0.02606,0.02573,0.02591,3706053.0
2026-05-22 05:00:00+00:00,0.02589,0.02619,0.02587,0.02605,3428633.0
2026-05-22 06:00:00+00:00,0.02604,0.02617,0.02591,0.02605,1970698.0
2026-05-22 07:00:00+00:00,0.02606,0.02702,0.02594,0.02667,21509422.0
2026-05-22 08:00:00+00:00,0.0267,0.02706,0.02629,0.02666,9819521.0
2026-05-22 09:00:00+00:00,0.02664,0.02719,0.02657,0.02703,9683971.0
2026-05-22 10:00:00+00:00,0.02704,0.02717,0.02654,0.02696,7193563.0
2026-05-22 11:00:00+00:00,0.02699,0.02782,0.02698,0.02757,10858107.0
2026-05-22 12:00:00+00:00,0.02757,0.0276,0.02691,0.02739,8051740.0
2026-05-22 13:00:00+00:00,0.02739,0.02741,0.02698,0.02711,4913684.0
2026-05-22 14:00:00+00:00,0.02709,0.02709,0.02649,0.02661,6623910.0
2026-05-22 15:00:00+00:00,0.0266,0.02672,0.02638,0.02655,2331732.0
2026-05-22 16:00:00+00:00,0.02654,0.02665,0.02632,0.02646,2139233.0
2026-05-22 17:00:00+00:00,0.02648,0.02664,0.02632,0.02636,2473393.0
2026-05-22 18:00:00+00:00,0.02637,0.02647,0.02574,0.026,4614743.0
2026-05-22 19:00:00+00:00,0.02604,0.02607,0.02538,0.02566,5068737.0
2026-05-22 20:00:00+00:00,0.02567,0.02591,0.02556,0.02589,3449509.0
2026-05-22 21:00:00+00:00,0.02589,0.0261,0.02587,0.02595,1225151.0
2026-05-22 22:00:00+00:00,0.02595,0.02595,0.0258,0.02591,744379.0
2026-05-22 23:00:00+00:00,0.02591,0.02617,0.02571,0.02589,4767969.0
2026-05-23 00:00:00+00:00,0.0259,0.02601,0.02538,0.02577,3878599.0
2026-05-23 01:00:00+00:00,0.02577,0.02597,0.02554,0.02596,2304463.0
2026-05-23 02:00:00+00:00,0.02597,0.02607,0.02585,0.02605,1215966.0
2026-05-23 03:00:00+00:00,0.02606,0.02664,0.02601,0.02652,4245316.0
2026-05-23 04:00:00+00:00,0.02654,0.02668,0.02619,0.02621,3815819.0
2026-05-23 05:00:00+00:00,0.02623,0.0265,0.02607,0.02647,3582266.0
2026-05-23 06:00:00+00:00,0.02646,0.02695,0.02639,0.02692,7911192.0
2026-05-23 07:00:00+00:00,0.02693,0.027,0.02526,0.02546,17962283.0
2026-05-23 08:00:00+00:00,0.02545,0.02565,0.02508,0.02563,7391405.0
2026-05-23 09:00:00+00:00,0.02564,0.02565,0.02532,0.02533,2651199.0
2026-05-23 10:00:00+00:00,0.02532,0.02549,0.0253,0.02534,1685453.0
2026-05-23 11:00:00+00:00,0.02534,0.02568,0.02529,0.02547,2394831.0
2026-05-23 12:00:00+00:00,0.02546,0.02557,0.02512,0.02557,3146977.0
2026-05-23 13:00:00+00:00,0.02558,0.02636,0.02558,0.02634,3506726.0
2026-05-23 14:00:00+00:00,0.02635,0.02675,0.02621,0.02671,3490409.0
2026-05-23 15:00:00+00:00,0.0267,0.02696,0.02661,0.02696,2666212.0
2026-05-23 16:00:00+00:00,0.02697,0.02705,0.02676,0.02695,3492425.0
2026-05-23 17:00:00+00:00,0.02697,0.02705,0.02646,0.02653,4628061.0
2026-05-23 18:00:00+00:00,0.02655,0.02696,0.02651,0.02671,3167831.0
2026-05-23 19:00:00+00:00,0.0267,0.02778,0.02667,0.02752,10623926.0
2026-05-23 20:00:00+00:00,0.02752,0.02757,0.02721,0.02745,9004687.0
2026-05-23 21:00:00+00:00,0.02746,0.02747,0.02701,0.02712,1898155.0
2026-05-23 22:00:00+00:00,0.02713,0.02717,0.02673,0.02687,1727108.0
2026-05-23 23:00:00+00:00,0.02687,0.02691,0.02664,0.02678,1576793.0
2026-05-24 00:00:00+00:00,0.02678,0.02691,0.02667,0.02688,2016368.0
2026-05-24 01:00:00+00:00,0.02688,0.02693,0.0266,0.02663,1672652.0
2026-05-24 02:00:00+00:00,0.02663,0.02691,0.02651,0.02682,3491760.0
2026-05-24 03:00:00+00:00,0.02681,0.02681,0.02662,0.02677,1046880.0
2026-05-24 04:00:00+00:00,0.02678,0.02693,0.02664,0.02687,1545386.0
2026-05-24 05:00:00+00:00,0.02685,0.02685,0.02666,0.02668,866009.0
2026-05-24 06:00:00+00:00,0.02669,0.02694,0.02656,0.02687,1337134.0
2026-05-24 07:00:00+00:00,0.02687,0.02694,0.0265,0.02653,3255795.0
2026-05-24 08:00:00+00:00,0.02652,0.0266,0.02642,0.02646,1776486.0
2026-05-24 09:00:00+00:00,0.02645,0.02661,0.02642,0.02652,998823.0
2026-05-24 10:00:00+00:00,0.02652,0.02659,0.02624,0.02633,1401321.0
2026-05-24 11:00:00+00:00,0.02632,0.02638,0.0262,0.02625,1081080.0
2026-05-24 12:00:00+00:00,0.02625,0.0263,0.02607,0.02624,1545686.0
2026-05-24 13:00:00+00:00,0.02625,0.02632,0.02597,0.02603,1795662.0
2026-05-24 14:00:00+00:00,0.02604,0.02609,0.02568,0.0259,3175499.0
2026-05-24 15:00:00+00:00,0.0259,0.02615,0.02586,0.02612,1569022.0
2026-05-24 16:00:00+00:00,0.02612,0.02619,0.02597,0.02601,1349275.0
2026-05-24 17:00:00+00:00,0.02601,0.02617,0.026,0.02609,1374324.0
2026-05-24 18:00:00+00:00,0.02609,0.02621,0.02604,0.02606,4677655.0
2026-05-24 19:00:00+00:00,0.02606,0.02617,0.02596,0.02602,1178640.0
2026-05-24 20:00:00+00:00,0.02604,0.02605,0.02569,0.02574,1992901.0
2026-05-24 21:00:00+00:00,0.02574,0.02588,0.02531,0.0254,2078953.0
2026-05-24 22:00:00+00:00,0.02541,0.02588,0.02541,0.02575,1516008.0
2026-05-24 23:00:00+00:00,0.02575,0.02589,0.02574,0.02584,1005989.0
2026-05-25 00:00:00+00:00,0.02586,0.02604,0.02585,0.02591,806265.0
2026-05-25 01:00:00+00:00,0.02592,0.02599,0.02572,0.02573,772405.0
2026-05-25 02:00:00+00:00,0.02573,0.026,0.02573,0.02587,726114.0
2026-05-25 03:00:00+00:00,0.02589,0.02597,0.02579,0.0259,769025.0
2026-05-25 04:00:00+00:00,0.02591,0.02634,0.02589,0.02628,1230221.0
2026-05-25 05:00:00+00:00,0.02628,0.02643,0.02627,0.0263,885956.0
2026-05-25 06:00:00+00:00,0.02629,0.02661,0.02629,0.02645,5236445.0
2026-05-25 07:00:00+00:00,0.02645,0.02648,0.02625,0.02633,1798967.0
2026-05-25 08:00:00+00:00,0.02632,0.0265,0.02631,0.02648,1066549.0
2026-05-25 09:00:00+00:00,0.02648,0.02648,0.02633,0.02634,1079272.0
2026-05-25 10:00:00+00:00,0.02634,0.02654,0.02632,0.02652,622391.0
2026-05-25 11:00:00+00:00,0.02651,0.02657,0.0264,0.02643,967579.0
2026-05-25 12:00:00+00:00,0.02643,0.02655,0.02635,0.02644,2280547.0
2026-05-25 13:00:00+00:00,0.02644,0.02665,0.02642,0.02657,1536179.0
2026-05-25 14:00:00+00:00,0.02659,0.02707,0.02658,0.02695,3516531.0
2026-05-25 15:00:00+00:00,0.02695,0.02703,0.02675,0.02697,3256843.0
2026-05-25 16:00:00+00:00,0.02698,0.02714,0.02688,0.02711,3567176.0
2026-05-25 17:00:00+00:00,0.02712,0.02712,0.02682,0.02692,2176894.0
2026-05-25 18:00:00+00:00,0.02692,0.02726,0.02692,0.02716,2814551.0
2026-05-25 19:00:00+00:00,0.02717,0.02731,0.02698,0.02712,1380816.0
2026-05-25 20:00:00+00:00,0.02712,0.02739,0.02712,0.0273,2541590.0
2026-05-25 21:00:00+00:00,0.0273,0.02807,0.02721,0.02789,8012656.0
2026-05-25 22:00:00+00:00,0.02793,0.02859,0.02753,0.02754,14688184.0
2026-05-25 23:00:00+00:00,0.02753,0.02777,0.0273,0.02767,5911272.0
2026-05-26 00:00:00+00:00,0.02769,0.02785,0.02688,0.02705,8789980.0
2026-05-26 01:00:00+00:00,0.02704,0.02716,0.02687,0.02714,6537557.0
2026-05-26 02:00:00+00:00,0.02715,0.02719,0.0268,0.02708,3080885.0
2026-05-26 03:00:00+00:00,0.02709,0.02716,0.02667,0.02714,2279941.0
2026-05-26 04:00:00+00:00,0.02714,0.02782,0.02706,0.02776,4925456.0
2026-05-26 05:00:00+00:00,0.02776,0.02926,0.02763,0.02782,16946989.0
2026-05-26 06:00:00+00:00,0.02781,0.02837,0.02752,0.02837,7207487.0
2026-05-26 07:00:00+00:00,0.02838,0.02848,0.02781,0.02822,11185454.0
2026-05-26 08:00:00+00:00,0.02823,0.0288,0.02809,0.02866,8752801.0
2026-05-26 09:00:00+00:00,0.02866,0.029,0.02811,0.02858,9476323.0
2026-05-26 10:00:00+00:00,0.02858,0.02922,0.02838,0.02912,6860416.0
2026-05-26 11:00:00+00:00,0.02909,0.0295,0.02865,0.02912,10758922.0
2026-05-26 12:00:00+00:00,0.02912,0.02925,0.02852,0.02875,9878529.0
2026-05-26 13:00:00+00:00,0.02874,0.0296,0.02871,0.02946,10899469.0
2026-05-26 14:00:00+00:00,0.02946,0.03007,0.02915,0.0294,18741623.0
2026-05-26 15:00:00+00:00,0.02939,0.02943,0.02854,0.029,11465187.0
2026-05-26 16:00:00+00:00,0.029,0.02901,0.02847,0.02867,3897061.0
2026-05-26 17:00:00+00:00,0.02866,0.02908,0.02816,0.02827,4849298.0
2026-05-26 18:00:00+00:00,0.02827,0.02865,0.0279,0.02805,4375769.0
2026-05-26 19:00:00+00:00,0.02806,0.02815,0.0278,0.02812,3194006.0
2026-05-26 20:00:00+00:00,0.02811,0.02856,0.02811,0.02836,4173404.0
2026-05-26 21:00:00+00:00,0.02836,0.02846,0.02801,0.02801,2834974.0
2026-05-26 22:00:00+00:00,0.02802,0.02827,0.02782,0.0279,4099279.0
2026-05-26 23:00:00+00:00,0.02791,0.0283,0.02791,0.02811,1911719.0
2026-05-27 00:00:00+00:00,0.02812,0.02833,0.02792,0.0283,2000423.0
2026-05-27 01:00:00+00:00,0.0283,0.02841,0.02782,0.02784,3103138.0
2026-05-27 02:00:00+00:00,0.02783,0.02783,0.02747,0.02779,5472098.0
2026-05-27 03:00:00+00:00,0.0278,0.02798,0.02768,0.02779,1065262.0
2026-05-27 04:00:00+00:00,0.02777,0.02787,0.02729,0.02787,2394347.0
2026-05-27 05:00:00+00:00,0.02784,0.0282,0.02758,0.02811,1553586.0
2026-05-27 06:00:00+00:00,0.02812,0.02856,0.02803,0.02834,5825318.0
2026-05-27 07:00:00+00:00,0.02834,0.02882,0.02834,0.02859,4874725.0
2026-05-27 08:00:00+00:00,0.02857,0.02877,0.02835,0.02846,4446313.0
2026-05-27 09:00:00+00:00,0.02845,0.02904,0.02833,0.02846,5732271.0
2026-05-27 10:00:00+00:00,0.02846,0.0285,0.02797,0.02807,4201679.0
2026-05-27 11:00:00+00:00,0.02808,0.02842,0.02793,0.028,1769832.0
2026-05-27 12:00:00+00:00,0.028,0.02893,0.028,0.02858,5387238.0
2026-05-27 13:00:00+00:00,0.02859,0.02869,0.02791,0.02816,4216510.0
2026-05-27 14:00:00+00:00,0.02817,0.02827,0.02778,0.02813,1845801.0
2026-05-27 15:00:00+00:00,0.02812,0.02839,0.02799,0.02838,2034306.0
2026-05-27 16:00:00+00:00,0.02838,0.0285,0.02792,0.02802,3712989.0
2026-05-27 17:00:00+00:00,0.02802,0.02803,0.02762,0.02771,2630464.0
2026-05-27 18:00:00+00:00,0.02771,0.02796,0.02757,0.02795,2628343.0
2026-05-27 19:00:00+00:00,0.02795,0.02811,0.02782,0.02795,1618988.0
2026-05-27 20:00:00+00:00,0.02794,0.02945,0.02789,0.02912,8244289.0
2026-05-27 21:00:00+00:00,0.02912,0.02927,0.0275,0.02757,5289028.0
2026-05-27 22:00:00+00:00,0.0276,0.02779,0.02731,0.02734,3576645.0
2026-05-27 23:00:00+00:00,0.02734,0.02734,0.02704,0.02731,4794856.0
2026-05-28 00:00:00+00:00,0.02731,0.02739,0.02694,0.02709,2754863.0
2026-05-28 01:00:00+00:00,0.0271,0.02715,0.02675,0.02689,2906086.0
2026-05-28 02:00:00+00:00,0.0269,0.02717,0.0268,0.02712,1578944.0
2026-05-28 03:00:00+00:00,0.02712,0.02712,0.02631,0.02638,6242593.0
2026-05-28 04:00:00+00:00,0.02637,0.02649,0.02607,0.02639,4724407.0
2026-05-28 05:00:00+00:00,0.02639,0.02641,0.026,0.02628,3578011.0
2026-05-28 06:00:00+00:00,0.02628,0.02641,0.02612,0.02636,1412556.0
2026-05-28 07:00:00+00:00,0.02634,0.0267,0.02625,0.02654,1721442.0
2026-05-28 08:00:00+00:00,0.02653,0.0266,0.02624,0.02624,1859353.0
2026-05-28 09:00:00+00:00,0.02625,0.02649,0.02619,0.02648,1150747.0
2026-05-28 10:00:00+00:00,0.02647,0.02653,0.02608,0.0261,2820105.0
2026-05-28 11:00:00+00:00,0.02608,0.02617,0.02584,0.02598,2624737.0
2026-05-28 12:00:00+00:00,0.02598,0.02627,0.02572,0.02619,2492255.0
2026-05-28 13:00:00+00:00,0.02619,0.02644,0.02594,0.02615,3929067.0
2026-05-28 14:00:00+00:00,0.02615,0.02628,0.02572,0.026,2281108.0
2026-05-28 15:00:00+00:00,0.02599,0.02614,0.02572,0.02611,1614452.0
2026-05-28 16:00:00+00:00,0.02609,0.02633,0.02579,0.02622,3037694.0
2026-05-28 17:00:00+00:00,0.02621,0.02673,0.02619,0.02665,1676070.0
2026-05-28 18:00:00+00:00,0.02664,0.02682,0.02654,0.02657,2836953.0
2026-05-28 19:00:00+00:00,0.02658,0.02659,0.02631,0.02631,1141096.0
2026-05-28 20:00:00+00:00,0.0263,0.02642,0.02614,0.02627,2860465.0
2026-05-28 21:00:00+00:00,0.02626,0.02656,0.02623,0.02646,1148512.0
2026-05-28 22:00:00+00:00,0.02648,0.02662,0.02623,0.02649,1588423.0
2026-05-28 23:00:00+00:00,0.0265,0.02666,0.02643,0.02665,1550912.0
2026-05-29 00:00:00+00:00,0.02665,0.02709,0.02665,0.027,3737199.0
2026-05-29 01:00:00+00:00,0.02701,0.02743,0.0269,0.02737,2966995.0
2026-05-29 02:00:00+00:00,0.0274,0.02755,0.02655,0.02655,3054267.0
2026-05-29 03:00:00+00:00,0.02657,0.02677,0.02631,0.02638,1546869.0
2026-05-29 04:00:00+00:00,0.02638,0.02645,0.02603,0.0263,2249313.0
2026-05-29 05:00:00+00:00,0.02631,0.02638,0.02617,0.02626,1521059.0
2026-05-29 06:00:00+00:00,0.02627,0.02641,0.02612,0.02628,1762920.0
2026-05-29 07:00:00+00:00,0.02628,0.02662,0.02606,0.0263,2994406.0
2026-05-29 08:00:00+00:00,0.02629,0.02656,0.02625,0.0264,1798046.0
2026-05-29 09:00:00+00:00,0.02641,0.02662,0.02639,0.02656,2351990.0
2026-05-29 10:00:00+00:00,0.02656,0.0267,0.02645,0.02661,4673624.0
2026-05-29 11:00:00+00:00,0.02661,0.02661,0.0257,0.02589,5758873.0
2026-05-29 12:00:00+00:00,0.02589,0.02593,0.0255,0.02567,3989360.0
2026-05-29 13:00:00+00:00,0.02566,0.02568,0.02537,0.02558,4098823.0
2026-05-29 14:00:00+00:00,0.02558,0.02571,0.02515,0.02558,4276696.0
2026-05-29 15:00:00+00:00,0.02559,0.02661,0.02551,0.02636,8349963.0
2026-05-29 16:00:00+00:00,0.02636,0.0264,0.02597,0.02623,1701466.0
2026-05-29 17:00:00+00:00,0.02624,0.02653,0.02613,0.02653,4457258.0
2026-05-29 18:00:00+00:00,0.02652,0.02659,0.02608,0.02616,3294494.0
2026-05-29 19:00:00+00:00,0.02617,0.02632,0.0259,0.02606,1957602.0
2026-05-29 20:00:00+00:00,0.02605,0.02622,0.02594,0.02605,1080018.0
2026-05-29 21:00:00+00:00,0.02603,0.02614,0.02575,0.02575,2179529.0
2026-05-29 22:00:00+00:00,0.02575,0.02584,0.02565,0.02576,1985370.0
2026-05-29 23:00:00+00:00,0.02576,0.02599,0.02573,0.02597,868813.0
2026-05-30 00:00:00+00:00,0.02597,0.02604,0.02573,0.02593,2061607.0
2026-05-30 01:00:00+00:00,0.02592,0.02643,0.02591,0.02641,1677395.0
2026-05-30 02:00:00+00:00,0.02642,0.02662,0.0263,0.02653,3324210.0
2026-05-30 03:00:00+00:00,0.02654,0.02656,0.02615,0.02617,2152021.0
2026-05-30 04:00:00+00:00,0.02617,0.02624,0.02565,0.02581,1592965.0
2026-05-30 05:00:00+00:00,0.0258,0.02604,0.02571,0.02594,1517739.0
2026-05-30 06:00:00+00:00,0.02595,0.0261,0.02578,0.02582,1025364.0
2026-05-30 07:00:00+00:00,0.02582,0.02589,0.02571,0.02582,1678847.0
2026-05-30 08:00:00+00:00,0.02581,0.02584,0.02564,0.02568,1425267.0
2026-05-30 09:00:00+00:00,0.02569,0.02593,0.02568,0.02571,1673574.0
2026-05-30 10:00:00+00:00,0.02571,0.02587,0.02569,0.02584,1165847.0
2026-05-30 11:00:00+00:00,0.02584,0.02585,0.02565,0.02569,2714524.0
2026-05-30 12:00:00+00:00,0.02569,0.02597,0.02567,0.02595,1889885.0
2026-05-30 13:00:00+00:00,0.02597,0.02625,0.02579,0.02624,3631154.0
2026-05-30 14:00:00+00:00,0.02626,0.02677,0.02625,0.02674,4719893.0
2026-05-30 15:00:00+00:00,0.02675,0.02716,0.02644,0.02663,6407772.0
2026-05-30 16:00:00+00:00,0.02663,0.02685,0.02655,0.02658,2168240.0
2026-05-30 17:00:00+00:00,0.02658,0.02659,0.02635,0.02645,1385241.0
2026-05-30 18:00:00+00:00,0.02644,0.02653,0.02629,0.02652,2345609.0
2026-05-30 19:00:00+00:00,0.02653,0.02655,0.02618,0.02629,1396090.0
2026-05-30 20:00:00+00:00,0.02629,0.02643,0.02621,0.02641,1589235.0
2026-05-30 21:00:00+00:00,0.02641,0.02679,0.02634,0.02677,3013408.0
2026-05-30 22:00:00+00:00,0.02677,0.02677,0.02634,0.0264,2608593.0
2026-05-30 23:00:00+00:00,0.02639,0.02658,0.02631,0.02647,890485.0
2026-05-31 00:00:00+00:00,0.02648,0.02657,0.02629,0.02644,1469058.0
2026-05-31 01:00:00+00:00,0.02644,0.02651,0.02631,0.02637,953925.0
2026-05-31 02:00:00+00:00,0.02638,0.0265,0.02614,0.02623,1328765.0
2026-05-31 03:00:00+00:00,0.02623,0.02635,0.02617,0.02628,813061.0
2026-05-31 04:00:00+00:00,0.02627,0.02646,0.02621,0.02639,1051736.0
2026-05-31 05:00:00+00:00,0.02638,0.02639,0.02613,0.02618,1885731.0
2026-05-31 06:00:00+00:00,0.02617,0.02618,0.02606,0.02608,857517.0
2026-05-31 07:00:00+00:00,0.02608,0.0261,0.02585,0.02591,1326026.0
2026-05-31 08:00:00+00:00,0.02593,0.02605,0.02587,0.02591,681104.0
2026-05-31 09:00:00+00:00,0.0259,0.02594,0.02573,0.02577,1058431.0
2026-05-31 10:00:00+00:00,0.02576,0.02588,0.02569,0.02583,1107451.0
2026-05-31 11:00:00+00:00,0.02583,0.02596,0.02582,0.02589,586443.0
2026-05-31 12:00:00+00:00,0.02589,0.02598,0.02578,0.0259,1098207.0
2026-05-31 13:00:00+00:00,0.02591,0.02604,0.02581,0.02582,1060210.0
2026-05-31 14:00:00+00:00,0.02582,0.02588,0.02537,0.02542,3324569.0
2026-05-31 15:00:00+00:00,0.02541,0.02573,0.02539,0.02541,1803452.0
2026-05-31 16:00:00+00:00,0.02541,0.02557,0.02536,0.02546,2335902.0
2026-05-31 17:00:00+00:00,0.02546,0.02563,0.02537,0.02562,805186.0
2026-05-31 18:00:00+00:00,0.02562,0.02562,0.02545,0.02558,1422614.0
2026-05-31 19:00:00+00:00,0.02559,0.02562,0.02541,0.0256,632468.0
2026-05-31 20:00:00+00:00,0.02561,0.02588,0.02561,0.02587,1177779.0
2026-05-31 21:00:00+00:00,0.02588,0.02594,0.0258,0.02594,302987.0
2026-05-31 22:00:00+00:00,0.02594,0.02605,0.02586,0.026,627325.0
2026-05-31 23:00:00+00:00,0.026,0.02613,0.02576,0.026,759216.0
2026-06-01 00:00:00+00:00,0.026,0.02618,0.02592,0.02602,1489832.0
2026-06-01 01:00:00+00:00,0.02602,0.02613,0.02581,0.02582,1633644.0
2026-06-01 02:00:00+00:00,0.02581,0.02669,0.02579,0.02663,3962783.0
2026-06-01 03:00:00+00:00,0.02663,0.02696,0.02652,0.02659,7061518.0
2026-06-01 04:00:00+00:00,0.02658,0.02671,0.02617,0.02632,2952682.0
2026-06-01 05:00:00+00:00,0.02631,0.02634,0.02593,0.02595,1686892.0
2026-06-01 06:00:00+00:00,0.02596,0.026,0.02547,0.02566,2699633.0
2026-06-01 07:00:00+00:00,0.02566,0.02571,0.02527,0.02528,1010042.0
2026-06-01 08:00:00+00:00,0.0253,0.02539,0.02511,0.02528,3033730.0
2026-06-01 09:00:00+00:00,0.02528,0.02542,0.02518,0.02529,2504802.0
2026-06-01 10:00:00+00:00,0.02528,0.02543,0.02516,0.02534,2102295.0
2026-06-01 11:00:00+00:00,0.02535,0.02541,0.02517,0.02521,1184067.0
2026-06-01 12:00:00+00:00,0.02522,0.02533,0.02498,0.02524,1497594.0
2026-06-01 13:00:00+00:00,0.02525,0.02527,0.02476,0.02495,4295945.0
2026-06-01 14:00:00+00:00,0.02497,0.02506,0.02475,0.02481,4493584.0
2026-06-01 15:00:00+00:00,0.02482,0.02505,0.02471,0.02488,3018105.0
2026-06-01 16:00:00+00:00,0.0249,0.02524,0.02469,0.02521,4195492.0
2026-06-01 17:00:00+00:00,0.02521,0.02554,0.02515,0.0255,2707312.0
2026-06-01 18:00:00+00:00,0.02549,0.02582,0.02542,0.02553,2112628.0
2026-06-01 19:00:00+00:00,0.02552,0.0257,0.02536,0.02563,2893316.0
2026-06-01 20:00:00+00:00,0.02564,0.02566,0.0254,0.02541,1635256.0
2026-06-01 21:00:00+00:00,0.02542,0.02542,0.0251,0.02516,1899029.0
2026-06-01 22:00:00+00:00,0.02517,0.02527,0.02494,0.02524,1777107.0
2026-06-01 23:00:00+00:00,0.02525,0.02532,0.02496,0.02516,6795777.0
2026-06-02 00:00:00+00:00,0.02516,0.02517,0.02479,0.02488,2788206.0
2026-06-02 01:00:00+00:00,0.02491,0.02501,0.02457,0.02461,2168577.0
2026-06-02 02:00:00+00:00,0.02462,0.02491,0.02418,0.02491,4708277.0
2026-06-02 03:00:00+00:00,0.02493,0.0252,0.02486,0.02515,1137641.0
2026-06-02 04:00:00+00:00,0.02515,0.02521,0.02484,0.02484,2068891.0
2026-06-02 05:00:00+00:00,0.02483,0.02493,0.02461,0.02461,2304641.0
2026-06-02 06:00:00+00:00,0.02461,0.02473,0.02452,0.02469,3518928.0
2026-06-02 07:00:00+00:00,0.02469,0.02471,0.02437,0.02447,2668527.0
2026-06-02 08:00:00+00:00,0.02446,0.02449,0.02433,0.02439,1710848.0
2026-06-02 09:00:00+00:00,0.02441,0.02441,0.0242,0.02429,2993301.0
2026-06-02 10:00:00+00:00,0.02429,0.02473,0.02421,0.02472,1726983.0
2026-06-02 11:00:00+00:00,0.0247,0.02473,0.0245,0.02462,1562699.0
2026-06-02 12:00:00+00:00,0.02462,0.0249,0.02456,0.02487,1764414.0
2026-06-02 13:00:00+00:00,0.02487,0.02497,0.02473,0.02488,2991215.0
2026-06-02 14:00:00+00:00,0.02488,0.0249,0.02377,0.02395,7343368.0
2026-06-02 15:00:00+00:00,0.02398,0.02404,0.0233,0.02363,6401975.0
2026-06-02 16:00:00+00:00,0.02362,0.024,0.02352,0.02366,2980528.0
2026-06-02 17:00:00+00:00,0.02367,0.02393,0.02365,0.02383,1343540.0
2026-06-02 18:00:00+00:00,0.02384,0.02394,0.02325,0.02339,2309712.0
2026-06-02 19:00:00+00:00,0.02339,0.02351,0.02289,0.02336,4698434.0
2026-06-02 20:00:00+00:00,0.02334,0.02352,0.0231,0.02345,3332517.0
2026-06-02 21:00:00+00:00,0.02345,0.02374,0.02335,0.0235,1812853.0
2026-06-02 22:00:00+00:00,0.0235,0.0235,0.02279,0.02289,4325368.0
2026-06-02 23:00:00+00:00,0.0229,0.02306,0.02242,0.02306,6397241.0
2026-06-03 00:00:00+00:00,0.02307,0.02334,0.02305,0.02315,2644374.0
2026-06-03 01:00:00+00:00,0.02316,0.02342,0.02309,0.0234,1435721.0
2026-06-03 02:00:00+00:00,0.02339,0.02344,0.02312,0.02323,1291613.0
2026-06-03 03:00:00+00:00,0.02322,0.02329,0.02262,0.02271,2905554.0
2026-06-03 04:00:00+00:00,0.02272,0.02344,0.02272,0.0234,1704511.0
2026-06-03 05:00:00+00:00,0.0234,0.02392,0.02339,0.0238,4396275.0
2026-06-03 06:00:00+00:00,0.0238,0.02392,0.02363,0.02369,2052129.0
2026-06-03 07:00:00+00:00,0.0237,0.02401,0.02365,0.02386,3175391.0
2026-06-03 08:00:00+00:00,0.02386,0.02395,0.0237,0.02387,2709353.0
2026-06-03 09:00:00+00:00,0.02386,0.02389,0.02362,0.02373,2736805.0
2026-06-03 10:00:00+00:00,0.02374,0.02434,0.02372,0.02429,2353073.0
2026-06-03 11:00:00+00:00,0.0243,0.02445,0.02389,0.02398,5834508.0
2026-06-03 12:00:00+00:00,0.02398,0.02404,0.02378,0.02403,2039901.0
2026-06-03 13:00:00+00:00,0.02404,0.02434,0.02399,0.02418,4936510.0
2026-06-03 14:00:00+00:00,0.02419,0.02419,0.02368,0.02406,3151013.0
2026-06-03 15:00:00+00:00,0.02407,0.02423,0.02365,0.02368,2496595.0
2026-06-03 16:00:00+00:00,0.02368,0.02371,0.02318,0.02344,3802167.0
2026-06-03 17:00:00+00:00,0.02345,0.02361,0.02312,0.0234,2782143.0
2026-06-03 18:00:00+00:00,0.0234,0.02351,0.02312,0.02351,1238781.0
2026-06-03 19:00:00+00:00,0.0235,0.02359,0.023,0.02308,5716135.0
2026-06-03 20:00:00+00:00,0.02308,0.02325,0.02277,0.02284,3169804.0
2026-06-03 21:00:00+00:00,0.02285,0.02372,0.02284,0.02368,2446376.0
2026-06-03 22:00:00+00:00,0.02369,0.0238,0.02333,0.02339,1462402.0
2026-06-03 23:00:00+00:00,0.02339,0.0234,0.02312,0.02314,3538836.0
2026-06-04 00:00:00+00:00,0.02313,0.02328,0.02269,0.02277,4993635.0
2026-06-04 01:00:00+00:00,0.02277,0.02289,0.02196,0.02202,14390069.0
2026-06-04 02:00:00+00:00,0.02204,0.02237,0.02115,0.02222,11381220.0
2026-06-04 03:00:00+00:00,0.02224,0.02272,0.02223,0.02254,3233415.0
2026-06-04 04:00:00+00:00,0.02255,0.02264,0.02225,0.02226,2899312.0
2026-06-04 05:00:00+00:00,0.02228,0.02229,0.02194,0.02216,3213677.0
2026-06-04 06:00:00+00:00,0.02216,0.02252,0.02214,0.02227,2022473.0
2026-06-04 07:00:00+00:00,0.02227,0.02228,0.02176,0.02178,2126195.0
2026-06-04 08:00:00+00:00,0.02178,0.02199,0.02157,0.02191,5482944.0
2026-06-04 09:00:00+00:00,0.02191,0.02191,0.02131,0.0216,4010259.0
2026-06-04 10:00:00+00:00,0.02159,0.02167,0.02132,0.0214,4289456.0
2026-06-04 11:00:00+00:00,0.02139,0.02174,0.02126,0.02174,3470070.0
2026-06-04 12:00:00+00:00,0.02174,0.02249,0.02157,0.02231,3933658.0
2026-06-04 13:00:00+00:00,0.0223,0.0225,0.02197,0.0225,2353512.0
2026-06-04 14:00:00+00:00,0.0225,0.02259,0.02226,0.02243,1870714.0
2026-06-04 15:00:00+00:00,0.02242,0.02283,0.02237,0.02251,2925609.0
2026-06-04 16:00:00+00:00,0.02251,0.02251,0.02224,0.02237,2797638.0
2026-06-04 17:00:00+00:00,0.02238,0.02247,0.02199,0.02215,2749913.0
2026-06-04 18:00:00+00:00,0.02216,0.02241,0.02196,0.02222,2367397.0
2026-06-04 19:00:00+00:00,0.02222,0.02231,0.02197,0.02202,1279510.0
2026-06-04 20:00:00+00:00,0.02203,0.02205,0.02173,0.0218,1897951.0
2026-06-04 21:00:00+00:00,0.02181,0.02191,0.02128,0.02145,7141140.0
2026-06-04 22:00:00+00:00,0.02145,0.02171,0.02137,0.02171,2140541.0
2026-06-04 23:00:00+00:00,0.02171,0.02183,0.02158,0.02178,1983919.0
2026-06-05 00:00:00+00:00,0.02177,0.02188,0.02154,0.02157,2025078.0
2026-06-05 01:00:00+00:00,0.02156,0.02184,0.02134,0.02177,2098504.0
2026-06-05 02:00:00+00:00,0.02177,0.02178,0.02101,0.02107,2505911.0
2026-06-05 03:00:00+00:00,0.02108,0.02133,0.021,0.02105,2765960.0
2026-06-05 04:00:00+00:00,0.02105,0.02135,0.02094,0.02125,7663104.0
2026-06-05 05:00:00+00:00,0.02126,0.02129,0.02074,0.02076,3099623.0
2026-06-05 06:00:00+00:00,0.02077,0.02077,0.0197,0.02033,11184558.0
2026-06-05 07:00:00+00:00,0.02032,0.02077,0.01996,0.02067,3465441.0
2026-06-05 08:00:00+00:00,0.02067,0.02067,0.02037,0.02049,2714219.0
2026-06-05 09:00:00+00:00,0.0205,0.02088,0.0205,0.02077,3484525.0
2026-06-05 10:00:00+00:00,0.02078,0.02083,0.02037,0.02043,2118907.0
2026-06-05 11:00:00+00:00,0.02043,0.02051,0.02021,0.02025,3211539.0
2026-06-05 12:00:00+00:00,0.02024,0.02036,0.02001,0.02017,3297815.0
2026-06-05 13:00:00+00:00,0.02019,0.02047,0.0198,0.0198,3332396.0
2026-06-05 14:00:00+00:00,0.01981,0.02018,0.01964,0.01999,5417845.0
2026-06-05 15:00:00+00:00,0.01996,0.02006,0.01949,0.01971,6448317.0
2026-06-05 16:00:00+00:00,0.0197,0.0203,0.01929,0.02028,5624706.0
2026-06-05 17:00:00+00:00,0.02026,0.02035,0.02002,0.02008,3608445.0
2026-06-05 18:00:00+00:00,0.02009,0.02018,0.01931,0.01941,3493336.0
2026-06-05 19:00:00+00:00,0.01942,0.01982,0.01917,0.01975,11717635.0
2026-06-05 20:00:00+00:00,0.01973,0.0203,0.01951,0.02024,3834529.0
2026-06-05 21:00:00+00:00,0.02024,0.02057,0.02021,0.02033,3093884.0
2026-06-05 22:00:00+00:00,0.02033,0.02033,0.01999,0.02015,1752087.0
2026-06-05 23:00:00+00:00,0.02017,0.02025,0.01969,0.02009,2519616.0
2026-06-06 00:00:00+00:00,0.02009,0.02026,0.02001,0.02015,2369947.0
2026-06-06 01:00:00+00:00,0.02016,0.02022,0.01998,0.02,1427115.0
2026-06-06 02:00:00+00:00,0.01999,0.0201,0.01987,0.01987,1609907.0
2026-06-06 03:00:00+00:00,0.01986,0.01991,0.01953,0.01959,3851230.0
2026-06-06 04:00:00+00:00,0.01958,0.01969,0.01881,0.01901,9103047.0
2026-06-06 05:00:00+00:00,0.01901,0.01954,0.0188,0.01953,4814634.0
2026-06-06 06:00:00+00:00,0.01954,0.01972,0.01944,0.01944,3237918.0
2026-06-06 07:00:00+00:00,0.01946,0.01976,0.01942,0.01965,1716390.0
2026-06-06 08:00:00+00:00,0.01966,0.01993,0.0196,0.01978,1430292.0
2026-06-06 09:00:00+00:00,0.01977,0.01985,0.01956,0.01961,2127352.0
2026-06-06 10:00:00+00:00,0.01961,0.01961,0.01923,0.01945,2015644.0
2026-06-06 11:00:00+00:00,0.01944,0.01966,0.01938,0.01958,1208468.0
2026-06-06 12:00:00+00:00,0.01959,0.01979,0.01953,0.01974,1698563.0
2026-06-06 13:00:00+00:00,0.01973,0.01976,0.01953,0.01964,1356869.0
2026-06-06 14:00:00+00:00,0.01963,0.01977,0.01959,0.01963,1714151.0
2026-06-06 15:00:00+00:00,0.01964,0.01969,0.01941,0.0196,1752075.0
2026-06-06 16:00:00+00:00,0.01959,0.01973,0.01953,0.01966,1558021.0
2026-06-06 17:00:00+00:00,0.01967,0.01967,0.01939,0.01944,1118379.0
2026-06-06 18:00:00+00:00,0.01944,0.01966,0.01942,0.01956,1541887.0
2026-06-06 19:00:00+00:00,0.01956,0.01971,0.01951,0.01952,2107796.0
2026-06-06 20:00:00+00:00,0.01951,0.01965,0.01946,0.0196,1521265.0
2026-06-06 21:00:00+00:00,0.0196,0.01978,0.0196,0.0197,536487.0
2026-06-06 22:00:00+00:00,0.01972,0.01973,0.01958,0.01961,657790.0
2026-06-06 23:00:00+00:00,0.0196,0.01982,0.01959,0.01974,939095.0
2026-06-07 00:00:00+00:00,0.01975,0.0198,0.01957,0.0197,1602701.0
2026-06-07 01:00:00+00:00,0.01971,0.02018,0.01969,0.02015,2369254.0
2026-06-07 02:00:00+00:00,0.02015,0.02017,0.01986,0.02006,1545369.0
2026-06-07 03:00:00+00:00,0.02004,0.02005,0.01988,0.01995,1110730.0
2026-06-07 04:00:00+00:00,0.01996,0.02018,0.01989,0.02014,1416507.0
2026-06-07 05:00:00+00:00,0.02013,0.02018,0.01998,0.02008,1536456.0
2026-06-07 06:00:00+00:00,0.02007,0.02025,0.02,0.02012,2112875.0
2026-06-07 07:00:00+00:00,0.02011,0.02021,0.02008,0.02012,1745594.0
2026-06-07 08:00:00+00:00,0.02012,0.02037,0.02,0.02035,1784039.0
2026-06-07 09:00:00+00:00,0.02036,0.02102,0.02016,0.02016,8849137.0
2026-06-07 10:00:00+00:00,0.02017,0.02019,0.01991,0.01994,1882522.0
2026-06-07 11:00:00+00:00,0.01994,0.02012,0.01989,0.02007,1226087.0
2026-06-07 12:00:00+00:00,0.02006,0.02008,0.01956,0.01972,3019501.0
2026-06-07 13:00:00+00:00,0.0197,0.01979,0.01967,0.01975,1780821.0
2026-06-07 14:00:00+00:00,0.01974,0.02005,0.01974,0.01996,1471534.0
2026-06-07 15:00:00+00:00,0.01994,0.02009,0.01987,0.02001,2591486.0
2026-06-07 16:00:00+00:00,0.02001,0.02009,0.0198,0.01998,2718935.0
2026-06-07 17:00:00+00:00,0.01998,0.02013,0.01994,0.02002,1661899.0
2026-06-07 18:00:00+00:00,0.02003,0.02009,0.01979,0.01979,734907.0
2026-06-07 19:00:00+00:00,0.01979,0.01979,0.01942,0.01953,3165283.0
2026-06-07 20:00:00+00:00,0.01951,0.01979,0.01947,0.01972,1598893.0
2026-06-07 21:00:00+00:00,0.01972,0.01977,0.01957,0.01964,1092694.0
2026-06-07 22:00:00+00:00,0.01965,0.02059,0.01965,0.02004,5178688.0
2026-06-07 23:00:00+00:00,0.02004,0.02014,0.02002,0.02011,1621548.0
2026-06-08 00:00:00+00:00,0.02011,0.02033,0.02005,0.02022,1126627.0
2026-06-08 01:00:00+00:00,0.02022,0.02023,0.01983,0.01998,1170400.0
2026-06-08 02:00:00+00:00,0.01999,0.02004,0.01992,0.02002,752927.0
2026-06-08 03:00:00+00:00,0.02003,0.02013,0.01989,0.02007,1966444.0
2026-06-08 04:00:00+00:00,0.02008,0.02011,0.01983,0.01983,1286664.0
2026-06-08 05:00:00+00:00,0.01982,0.01987,0.0197,0.01983,685466.0
2026-06-08 06:00:00+00:00,0.01983,0.02005,0.01983,0.01996,892965.0
2026-06-08 07:00:00+00:00,0.01996,0.0201,0.01993,0.02005,1094776.0
2026-06-08 08:00:00+00:00,0.02005,0.02007,0.01971,0.0198,5979407.0
2026-06-08 09:00:00+00:00,0.0198,0.02009,0.01979,0.02007,2951259.0
2026-06-08 10:00:00+00:00,0.02006,0.02012,0.01992,0.02008,1760228.0
2026-06-08 11:00:00+00:00,0.02008,0.02036,0.02003,0.02024,2608555.0
2026-06-08 12:00:00+00:00,0.02023,0.02038,0.02005,0.02035,3004668.0
2026-06-08 13:00:00+00:00,0.02035,0.02038,0.02016,0.02025,2069838.0
2026-06-08 14:00:00+00:00,0.02024,0.02031,0.02012,0.02024,2307794.0
2026-06-08 15:00:00+00:00,0.02025,0.02047,0.02023,0.02026,2355293.0
2026-06-08 16:00:00+00:00,0.02026,0.02042,0.02016,0.02018,1295626.0
2026-06-08 17:00:00+00:00,0.02018,0.02032,0.0201,0.02031,1743760.0
2026-06-08 18:00:00+00:00,0.02032,0.02042,0.02028,0.02033,1046963.0
2026-06-08 19:00:00+00:00,0.02033,0.02041,0.0202,0.02022,1167917.0
2026-06-08 20:00:00+00:00,0.02022,0.02027,0.02011,0.02026,1119289.0
2026-06-08 21:00:00+00:00,0.02027,0.0204,0.02023,0.02023,1104360.0
2026-06-08 22:00:00+00:00,0.02023,0.02023,0.01997,0.01999,1395390.0
2026-06-08 23:00:00+00:00,0.01999,0.02003,0.01982,0.01998,616028.0
2026-06-09 00:00:00+00:00,0.02,0.02,0.01957,0.0196,1052714.0
2026-06-09 01:00:00+00:00,0.01964,0.01978,0.01959,0.01971,718391.0
2026-06-09 02:00:00+00:00,0.01971,0.01977,0.01956,0.01967,711786.0
2026-06-09 03:00:00+00:00,0.01968,0.01976,0.01964,0.01974,529358.0
2026-06-09 04:00:00+00:00,0.01973,0.02004,0.01969,0.01997,1634287.0
2026-06-09 05:00:00+00:00,0.01997,0.0201,0.0199,0.02,880620.0
2026-06-09 06:00:00+00:00,0.01999,0.02006,0.01992,0.01992,702542.0
2026-06-09 07:00:00+00:00,0.01993,0.02,0.01982,0.01989,1199714.0
2026-06-09 08:00:00+00:00,0.0199,0.01993,0.01977,0.01987,1027694.0
2026-06-09 09:00:00+00:00,0.01986,0.01989,0.01973,0.01978,629403.0
2026-06-09 10:00:00+00:00,0.01979,0.01995,0.01973,0.0199,3010098.0
2026-06-09 11:00:00+00:00,0.01989,0.01994,0.01978,0.01993,1045310.0
2026-06-09 12:00:00+00:00,0.01993,0.02004,0.01993,0.02001,1476266.0
2026-06-09 13:00:00+00:00,0.02002,0.02011,0.0199,0.02003,1372811.0
2026-06-09 14:00:00+00:00,0.01999,0.02001,0.01943,0.01962,2932569.0
2026-06-09 15:00:00+00:00,0.01962,0.01972,0.01939,0.01942,1795426.0
2026-06-09 16:00:00+00:00,0.01941,0.01947,0.01904,0.01932,3811389.0
2026-06-09 17:00:00+00:00,0.01931,0.01963,0.01931,0.01951,1715352.0
2026-06-09 18:00:00+00:00,0.0195,0.01972,0.01945,0.01967,1223292.0
2026-06-09 19:00:00+00:00,0.01963,0.01991,0.01962,0.01986,1215127.0
2026-06-09 20:00:00+00:00,0.01986,0.02,0.01979,0.01997,1581958.0
2026-06-09 21:00:00+00:00,0.01998,0.01998,0.01967,0.01969,955111.0
2026-06-09 22:00:00+00:00,0.01968,0.01973,0.01952,0.01954,3618732.0
2026-06-09 23:00:00+00:00,0.01954,0.01964,0.01949,0.01957,3338896.0
2026-06-10 00:00:00+00:00,0.01957,0.01964,0.0194,0.01959,3385623.0
2026-06-10 01:00:00+00:00,0.0196,0.01966,0.01942,0.0195,1080246.0
2026-06-10 02:00:00+00:00,0.01949,0.0195,0.01916,0.01924,961158.0
2026-06-10 03:00:00+00:00,0.01924,0.01939,0.01923,0.01924,1056359.0
2026-06-10 04:00:00+00:00,0.01924,0.01934,0.01914,0.01923,1112518.0
2026-06-10 05:00:00+00:00,0.01925,0.01925,0.01907,0.01914,1532654.0
2026-06-10 06:00:00+00:00,0.01912,0.01927,0.01908,0.01923,1273709.0
2026-06-10 07:00:00+00:00,0.01922,0.01934,0.01918,0.01927,839696.0
2026-06-10 08:00:00+00:00,0.01927,0.0193,0.01902,0.01908,1809970.0
2026-06-10 09:00:00+00:00,0.01907,0.01918,0.01892,0.01914,1685831.0
2026-06-10 10:00:00+00:00,0.01913,0.01918,0.01903,0.01911,709454.0
2026-06-10 11:00:00+00:00,0.01911,0.01912,0.01878,0.01885,1456012.0
2026-06-10 12:00:00+00:00,0.01884,0.01931,0.0188,0.0192,2109854.0
2026-06-10 13:00:00+00:00,0.01922,0.0195,0.01913,0.01934,1569295.0
2026-06-10 14:00:00+00:00,0.01933,0.01939,0.01919,0.01926,1129901.0
2026-06-10 15:00:00+00:00,0.01926,0.01939,0.01911,0.01931,993909.0
2026-06-10 16:00:00+00:00,0.01931,0.01944,0.01906,0.01917,1166224.0
2026-06-10 17:00:00+00:00,0.01917,0.01924,0.01896,0.01906,1129055.0
2026-06-10 18:00:00+00:00,0.01906,0.0191,0.01888,0.019,831356.0
2026-06-10 19:00:00+00:00,0.019,0.01905,0.01883,0.01887,1289933.0
2026-06-10 20:00:00+00:00,0.01884,0.01891,0.01867,0.01875,2185758.0
2026-06-10 21:00:00+00:00,0.01873,0.01877,0.01853,0.01861,2346262.0
2026-06-10 22:00:00+00:00,0.01861,0.01867,0.01845,0.01855,3068664.0
2026-06-10 23:00:00+00:00,0.01856,0.01875,0.01846,0.01874,1910226.0
2026-06-11 00:00:00+00:00,0.01873,0.01887,0.01873,0.01881,1233400.0
2026-06-11 01:00:00+00:00,0.0188,0.01906,0.0188,0.01904,672684.0
2026-06-11 02:00:00+00:00,0.01903,0.01908,0.01885,0.019,748672.0
2026-06-11 03:00:00+00:00,0.01896,0.01931,0.0189,0.01926,991949.0
2026-06-11 04:00:00+00:00,0.01925,0.01933,0.01908,0.01927,4785442.0
2026-06-11 05:00:00+00:00,0.01924,0.01929,0.01918,0.01919,759565.0
2026-06-11 06:00:00+00:00,0.01918,0.01933,0.01915,0.01922,1344044.0
2026-06-11 07:00:00+00:00,0.01921,0.01935,0.01921,0.01926,769802.0
2026-06-11 08:00:00+00:00,0.01927,0.01935,0.01919,0.01927,1422580.0
2026-06-11 09:00:00+00:00,0.01926,0.01931,0.01913,0.0193,1340024.0
2026-06-11 10:00:00+00:00,0.0193,0.01941,0.01926,0.0194,1023742.0
2026-06-11 11:00:00+00:00,0.01938,0.01941,0.01931,0.01935,1570712.0
2026-06-11 12:00:00+00:00,0.01936,0.01937,0.01897,0.01908,3215016.0
2026-06-11 13:00:00+00:00,0.01908,0.01933,0.01902,0.01925,1306946.0
2026-06-11 14:00:00+00:00,0.01924,0.01933,0.01917,0.01923,625718.0
2026-06-11 15:00:00+00:00,0.01922,0.01928,0.01909,0.01921,1588804.0
2026-06-11 16:00:00+00:00,0.01925,0.01932,0.01914,0.01914,740925.0
2026-06-11 17:00:00+00:00,0.01914,0.01976,0.01906,0.01973,2633608.0
2026-06-11 18:00:00+00:00,0.01971,0.01979,0.01956,0.01964,2564306.0
2026-06-11 19:00:00+00:00,0.01963,0.01979,0.01958,0.01966,1699102.0
2026-06-11 20:00:00+00:00,0.01964,0.01967,0.01948,0.01958,1375691.0
2026-06-11 21:00:00+00:00,0.01959,0.01977,0.01959,0.01971,825144.0
2026-06-11 22:00:00+00:00,0.01972,0.01973,0.01955,0.01966,1521417.0
2026-06-11 23:00:00+00:00,0.01964,0.01978,0.01956,0.01976,1133670.0
2026-06-12 00:00:00+00:00,0.01976,0.02004,0.01968,0.02,1746467.0
2026-06-12 01:00:00+00:00,0.01996,0.01997,0.01971,0.01983,1359592.0
2026-06-12 02:00:00+00:00,0.01984,0.02001,0.01983,0.01994,752143.0
2026-06-12 03:00:00+00:00,0.01995,0.02001,0.01987,0.01991,1573254.0
2026-06-12 04:00:00+00:00,0.0199,0.02001,0.01983,0.01993,863450.0
2026-06-12 05:00:00+00:00,0.01993,0.01997,0.01981,0.01981,1452150.0
2026-06-12 06:00:00+00:00,0.01981,0.01987,0.01955,0.01962,2306080.0
2026-06-12 07:00:00+00:00,0.01962,0.01974,0.01958,0.01968,1459951.0
2026-06-12 08:00:00+00:00,0.01968,0.01984,0.01967,0.01983,747242.0
2026-06-12 09:00:00+00:00,0.01984,0.01995,0.01978,0.01986,1296098.0
2026-06-12 10:00:00+00:00,0.01985,0.01993,0.0198,0.01981,930910.0
2026-06-12 11:00:00+00:00,0.01981,0.01986,0.01972,0.01975,1270250.0
2026-06-12 12:00:00+00:00,0.01974,0.01981,0.01971,0.01976,642684.0
2026-06-12 13:00:00+00:00,0.01978,0.0198,0.01942,0.01945,1436516.0
2026-06-12 14:00:00+00:00,0.01951,0.01983,0.0195,0.01979,1289229.0
2026-06-12 15:00:00+00:00,0.01979,0.01994,0.01962,0.01963,2152798.0
2026-06-12 16:00:00+00:00,0.01964,0.01977,0.01957,0.01969,1640876.0
2026-06-12 17:00:00+00:00,0.01972,0.01983,0.01968,0.01975,1222089.0
2026-06-12 18:00:00+00:00,0.01975,0.01977,0.01965,0.01969,556601.0
2026-06-12 19:00:00+00:00,0.01967,0.01989,0.01966,0.01987,939411.0
2026-06-12 20:00:00+00:00,0.01988,0.02,0.01979,0.01999,664471.0
2026-06-12 21:00:00+00:00,0.02001,0.02006,0.01975,0.01977,3853112.0
2026-06-12 22:00:00+00:00,0.01976,0.01987,0.01975,0.01983,580688.0
2026-06-12 23:00:00+00:00,0.01982,0.01996,0.01971,0.01996,1125998.0
2026-06-13 00:00:00+00:00,0.01997,0.02008,0.01989,0.01996,2519823.0
2026-06-13 01:00:00+00:00,0.01994,0.02003,0.0199,0.01994,1282692.0
2026-06-13 02:00:00+00:00,0.01993,0.02,0.01981,0.01987,1917370.0
2026-06-13 03:00:00+00:00,0.01987,0.01991,0.01969,0.01972,1024530.0
2026-06-13 04:00:00+00:00,0.01972,0.01979,0.01958,0.01965,1416306.0
2026-06-13 05:00:00+00:00,0.01963,0.01968,0.01957,0.01965,950164.0
2026-06-13 06:00:00+00:00,0.01965,0.01986,0.01958,0.01986,1102509.0
2026-06-13 07:00:00+00:00,0.01985,0.02007,0.01979,0.01996,3008911.0
2026-06-13 08:00:00+00:00,0.01996,0.0201,0.01991,0.01994,2192681.0
2026-06-13 09:00:00+00:00,0.01992,0.02002,0.01987,0.01993,1711005.0
2026-06-13 10:00:00+00:00,0.01994,0.02,0.01989,0.01999,1678575.0
2026-06-13 11:00:00+00:00,0.01998,0.02005,0.01994,0.01998,3948078.0
2026-06-13 12:00:00+00:00,0.01997,0.02015,0.0199,0.01994,7016114.0
2026-06-13 13:00:00+00:00,0.01994,0.02,0.01985,0.01991,3095420.0
2026-06-13 14:00:00+00:00,0.01991,0.02025,0.01989,0.02004,5616428.0
2026-06-13 15:00:00+00:00,0.02005,0.02015,0.02,0.02005,2478624.0
2026-06-13 16:00:00+00:00,0.02005,0.02006,0.01981,0.0199,1930773.0
2026-06-13 17:00:00+00:00,0.01991,0.02,0.01978,0.01986,1316068.0
2026-06-13 18:00:00+00:00,0.01984,0.0199,0.0198,0.01988,910537.0
2026-06-13 19:00:00+00:00,0.01987,0.01996,0.01981,0.01988,1057811.0
2026-06-13 20:00:00+00:00,0.01987,0.01994,0.01983,0.0199,764179.0
2026-06-13 21:00:00+00:00,0.0199,0.02009,0.01988,0.02002,1453029.0
2026-06-13 22:00:00+00:00,0.02002,0.02003,0.01996,0.01997,619964.0
2026-06-13 23:00:00+00:00,0.01996,0.02003,0.01994,0.02001,2044420.0
2026-06-14 00:00:00+00:00,0.02,0.02012,0.01996,0.02005,1797998.0
2026-06-14 01:00:00+00:00,0.02006,0.02012,0.01999,0.02001,652673.0
2026-06-14 02:00:00+00:00,0.02,0.02006,0.01994,0.01997,524722.0
2026-06-14 03:00:00+00:00,0.01994,0.02005,0.01991,0.02003,1414873.0
2026-06-14 04:00:00+00:00,0.02004,0.02004,0.01972,0.01977,1503904.0
2026-06-14 05:00:00+00:00,0.01977,0.01987,0.01972,0.01984,502426.0
2026-06-14 06:00:00+00:00,0.01986,0.01994,0.01981,0.01981,949749.0
2026-06-14 07:00:00+00:00,0.01981,0.01991,0.01979,0.01988,552509.0
2026-06-14 08:00:00+00:00,0.01988,0.01995,0.01984,0.01984,772266.0
2026-06-14 09:00:00+00:00,0.01984,0.01995,0.01979,0.01994,543075.0
2026-06-14 10:00:00+00:00,0.01996,0.01996,0.01982,0.01982,525237.0
2026-06-14 11:00:00+00:00,0.01983,0.01994,0.01982,0.01993,674415.0
2026-06-14 12:00:00+00:00,0.01996,0.02015,0.01981,0.01986,3477647.0
2026-06-14 13:00:00+00:00,0.01985,0.01988,0.0197,0.01983,2940254.0
2026-06-14 14:00:00+00:00,0.01982,0.01982,0.01946,0.01956,3607198.0
2026-06-14 15:00:00+00:00,0.01958,0.01972,0.01955,0.01962,1663363.0
2026-06-14 16:00:00+00:00,0.01965,0.0197,0.01957,0.01959,1400038.0
2026-06-14 17:00:00+00:00,0.01958,0.01963,0.01945,0.01946,1545901.0
2026-06-14 18:00:00+00:00,0.01946,0.01955,0.01942,0.01949,668228.0
2026-06-14 19:00:00+00:00,0.01947,0.01957,0.01943,0.01949,342692.0
2026-06-14 20:00:00+00:00,0.01948,0.0196,0.01944,0.01952,660989.0
2026-06-14 21:00:00+00:00,0.01953,0.02028,0.01953,0.02013,3718164.0
2026-06-14 22:00:00+00:00,0.02014,0.02021,0.02004,0.02008,2260457.0
2026-06-14 23:00:00+00:00,0.02008,0.02016,0.01998,0.02014,1220306.0
2026-06-15 00:00:00+00:00,0.02015,0.02021,0.02001,0.02006,1095663.0
2026-06-15 01:00:00+00:00,0.02006,0.02018,0.01998,0.02013,1491426.0
2026-06-15 02:00:00+00:00,0.02012,0.02041,0.02009,0.02034,3721924.0
2026-06-15 03:00:00+00:00,0.02033,0.0207,0.02031,0.02069,2813868.0
2026-06-15 04:00:00+00:00,0.02069,0.02101,0.02065,0.0209,3547166.0
2026-06-15 05:00:00+00:00,0.02089,0.02094,0.02067,0.02077,2909984.0
2026-06-15 06:00:00+00:00,0.02077,0.02077,0.02054,0.02066,1960698.0
2026-06-15 07:00:00+00:00,0.02066,0.02118,0.02062,0.02085,4700453.0
2026-06-15 08:00:00+00:00,0.02086,0.02093,0.02067,0.02077,3104255.0
2026-06-15 09:00:00+00:00,0.02077,0.02082,0.02059,0.02065,1168383.0
2026-06-15 10:00:00+00:00,0.02065,0.02085,0.02063,0.02077,2454174.0
2026-06-15 11:00:00+00:00,0.02077,0.02152,0.02073,0.02117,8485564.0
2026-06-15 12:00:00+00:00,0.02117,0.02124,0.02091,0.02108,4719308.0
2026-06-15 13:00:00+00:00,0.02108,0.02128,0.02102,0.02103,3035089.0
2026-06-15 14:00:00+00:00,0.02102,0.02109,0.02094,0.02099,2092913.0
2026-06-15 15:00:00+00:00,0.02099,0.02099,0.02065,0.02096,3626615.0
2026-06-15 16:00:00+00:00,0.02094,0.02101,0.02087,0.02089,2364981.0
2026-06-15 17:00:00+00:00,0.02089,0.02089,0.02071,0.02077,3465929.0
2026-06-15 18:00:00+00:00,0.02077,0.02077,0.0206,0.0206,1161675.0
2026-06-15 19:00:00+00:00,0.0206,0.02068,0.02031,0.02044,2712394.0
2026-06-15 20:00:00+00:00,0.02043,0.02055,0.02037,0.02039,1842955.0
2026-06-15 21:00:00+00:00,0.02039,0.02067,0.02039,0.02058,3268604.0
2026-06-15 22:00:00+00:00,0.02059,0.0206,0.02014,0.02017,2142156.0
2026-06-15 23:00:00+00:00,0.02017,0.0204,0.02016,0.02035,2250289.0
2026-06-16 00:00:00+00:00,0.02036,0.02046,0.02027,0.02028,1390228.0
2026-06-16 01:00:00+00:00,0.02029,0.02041,0.02029,0.02034,1937044.0
2026-06-16 02:00:00+00:00,0.02033,0.02039,0.01999,0.02015,3477697.0
2026-06-16 03:00:00+00:00,0.02015,0.0204,0.02008,0.02038,1029392.0
2026-06-16 04:00:00+00:00,0.02039,0.02042,0.02017,0.02024,1590071.0
2026-06-16 05:00:00+00:00,0.02022,0.02029,0.02018,0.02022,724899.0
2026-06-16 06:00:00+00:00,0.02021,0.02037,0.0202,0.02037,975952.0
2026-06-16 07:00:00+00:00,0.02037,0.02037,0.02023,0.02027,1592344.0
2026-06-16 08:00:00+00:00,0.02028,0.02053,0.02025,0.02052,2599155.0
2026-06-16 09:00:00+00:00,0.02051,0.02056,0.02019,0.02023,2339355.0
2026-06-16 10:00:00+00:00,0.02024,0.02026,0.02007,0.02009,2661790.0
2026-06-16 11:00:00+00:00,0.02009,0.02015,0.01999,0.02005,2080576.0
2026-06-16 12:00:00+00:00,0.02006,0.02026,0.02002,0.02018,2368314.0
2026-06-16 13:00:00+00:00,0.02019,0.0202,0.01978,0.01992,4913818.0
2026-06-16 14:00:00+00:00,0.01994,0.02006,0.01958,0.01966,2929470.0
2026-06-16 15:00:00+00:00,0.01965,0.01989,0.01965,0.01978,2709880.0
2026-06-16 16:00:00+00:00,0.01978,0.01983,0.01968,0.01972,900818.0
2026-06-16 17:00:00+00:00,0.01972,0.01996,0.01972,0.01996,1017105.0
2026-06-16 18:00:00+00:00,0.01997,0.02014,0.01989,0.01992,1342301.0
2026-06-16 19:00:00+00:00,0.01992,0.01992,0.01971,0.01983,1200308.0
2026-06-16 20:00:00+00:00,0.01982,0.01999,0.01978,0.01995,931800.0
2026-06-16 21:00:00+00:00,0.01995,0.01997,0.01983,0.01997,279587.0
2026-06-16 22:00:00+00:00,0.01997,0.02001,0.01991,0.01996,321172.0
2026-06-16 23:00:00+00:00,0.01997,0.02004,0.01993,0.01995,791189.0
2026-06-17 00:00:00+00:00,0.01996,0.02007,0.01992,0.02001,723164.0
2026-06-17 01:00:00+00:00,0.02002,0.02036,0.02,0.02035,3216722.0
2026-06-17 02:00:00+00:00,0.02035,0.0206,0.02021,0.0203,3890499.0
2026-06-17 03:00:00+00:00,0.0203,0.02032,0.02007,0.02011,1906823.0
2026-06-17 04:00:00+00:00,0.02011,0.02029,0.02007,0.02019,1186968.0
2026-06-17 05:00:00+00:00,0.02018,0.02023,0.02009,0.02019,3061075.0
2026-06-17 06:00:00+00:00,0.0202,0.02021,0.02,0.02002,2082633.0
2026-06-17 07:00:00+00:00,0.02004,0.02011,0.01986,0.01999,1847315.0
2026-06-17 08:00:00+00:00,0.01998,0.01999,0.01978,0.01988,1709649.0
2026-06-17 09:00:00+00:00,0.01988,0.02,0.01988,0.01992,560411.0
2026-06-17 10:00:00+00:00,0.01993,0.01997,0.01975,0.01975,2865063.0
2026-06-17 11:00:00+00:00,0.01977,0.01982,0.01964,0.01975,491146.0
2026-06-17 12:00:00+00:00,0.01976,0.01992,0.01967,0.01991,1187922.0
2026-06-17 13:00:00+00:00,0.0199,0.02003,0.01986,0.01997,2958819.0
2026-06-17 14:00:00+00:00,0.01996,0.02006,0.01975,0.0199,2323254.0
2026-06-17 15:00:00+00:00,0.01991,0.02017,0.0199,0.02016,2667648.0
2026-06-17 16:00:00+00:00,0.02017,0.02031,0.02005,0.02008,3207646.0
2026-06-17 17:00:00+00:00,0.02009,0.0201,0.01992,0.02006,1187190.0
2026-06-17 18:00:00+00:00,0.02006,0.02006,0.01952,0.01982,3907531.0
2026-06-17 19:00:00+00:00,0.01983,0.01986,0.01928,0.01939,3634761.0
2026-06-17 20:00:00+00:00,0.01939,0.01956,0.01934,0.01953,1658210.0
2026-06-17 21:00:00+00:00,0.01953,0.01958,0.01938,0.01939,681671.0
2026-06-17 22:00:00+00:00,0.01946,0.01955,0.01922,0.01946,1523514.0
2026-06-17 23:00:00+00:00,0.01947,0.01959,0.01947,0.01951,800467.0
2026-06-18 00:00:00+00:00,0.01952,0.01962,0.0195,0.01952,267532.0
2026-06-18 01:00:00+00:00,0.01953,0.01963,0.01945,0.01949,1208364.0
2026-06-18 02:00:00+00:00,0.0195,0.01959,0.01944,0.01954,370531.0
2026-06-18 03:00:00+00:00,0.01952,0.01953,0.0193,0.01933,1242480.0
2026-06-18 04:00:00+00:00,0.01933,0.01933,0.01905,0.01912,2082295.0
2026-06-18 05:00:00+00:00,0.01911,0.01918,0.01897,0.01916,1515403.0
2026-06-18 06:00:00+00:00,0.01916,0.01931,0.01913,0.01929,1927208.0
2026-06-18 07:00:00+00:00,0.01927,0.01941,0.01925,0.01937,963593.0
2026-06-18 08:00:00+00:00,0.01937,0.01943,0.01932,0.01933,949735.0
2026-06-18 09:00:00+00:00,0.01934,0.01942,0.01929,0.01934,637781.0
2026-06-18 10:00:00+00:00,0.01933,0.01933,0.01924,0.01932,300211.0
2026-06-18 11:00:00+00:00,0.01932,0.01935,0.01919,0.01926,869003.0
2026-06-18 12:00:00+00:00,0.01924,0.01942,0.01923,0.01942,354820.0
2026-06-18 13:00:00+00:00,0.01941,0.01948,0.01918,0.01927,1472382.0
2026-06-18 14:00:00+00:00,0.01928,0.01938,0.01918,0.01929,1496078.0
2026-06-18 15:00:00+00:00,0.01927,0.0193,0.01856,0.01861,3081696.0
2026-06-18 16:00:00+00:00,0.01862,0.01894,0.01857,0.01889,2994848.0
2026-06-18 17:00:00+00:00,0.01889,0.01897,0.01874,0.01895,1532737.0
2026-06-18 18:00:00+00:00,0.01895,0.01908,0.0189,0.01902,684050.0
2026-06-18 19:00:00+00:00,0.01902,0.01931,0.01901,0.01928,1624610.0
2026-06-18 20:00:00+00:00,0.01929,0.0194,0.01929,0.01934,871962.0
2026-06-18 21:00:00+00:00,0.01932,0.01935,0.0192,0.01926,410922.0
2026-06-18 22:00:00+00:00,0.01925,0.01944,0.01925,0.01942,495584.0
2026-06-18 23:00:00+00:00,0.01943,0.01957,0.01934,0.01957,1677851.0
2026-06-19 00:00:00+00:00,0.01957,0.01994,0.01949,0.01987,3386612.0
2026-06-19 01:00:00+00:00,0.01987,0.01998,0.01974,0.01984,1737704.0
2026-06-19 02:00:00+00:00,0.01983,0.02001,0.01978,0.02,2471554.0
2026-06-19 03:00:00+00:00,0.02001,0.02011,0.01959,0.01983,2428139.0
2026-06-19 04:00:00+00:00,0.01982,0.01985,0.01936,0.01943,1377086.0
2026-06-19 05:00:00+00:00,0.01943,0.01972,0.01943,0.01959,3222831.0
2026-06-19 06:00:00+00:00,0.01958,0.01964,0.01943,0.01955,1079492.0
2026-06-19 07:00:00+00:00,0.01954,0.01955,0.01925,0.01931,2073379.0
2026-06-19 08:00:00+00:00,0.0193,0.01942,0.0193,0.01932,934732.0
2026-06-19 09:00:00+00:00,0.01935,0.01936,0.01911,0.01916,1482992.0
2026-06-19 10:00:00+00:00,0.01916,0.01929,0.01908,0.01922,949188.0
2026-06-19 11:00:00+00:00,0.01924,0.01943,0.01919,0.01934,2312059.0
2026-06-19 12:00:00+00:00,0.01935,0.01963,0.01923,0.01963,1350273.0
2026-06-19 13:00:00+00:00,0.01963,0.02,0.01954,0.01988,2922235.0
2026-06-19 14:00:00+00:00,0.01986,0.01986,0.01963,0.01965,1902340.0
2026-06-19 15:00:00+00:00,0.01964,0.01974,0.01956,0.01971,1288571.0
2026-06-19 16:00:00+00:00,0.01972,0.01988,0.01965,0.01974,1415948.0
2026-06-19 17:00:00+00:00,0.01974,0.01979,0.01966,0.01974,1054023.0
2026-06-19 18:00:00+00:00,0.01973,0.01973,0.0195,0.01954,734803.0
2026-06-19 19:00:00+00:00,0.01955,0.01955,0.0194,0.01941,1085434.0
2026-06-19 20:00:00+00:00,0.01941,0.0195,0.01931,0.01948,1571819.0
2026-06-19 21:00:00+00:00,0.01946,0.01948,0.01923,0.01931,1829595.0
2026-06-19 22:00:00+00:00,0.01929,0.01935,0.01924,0.01925,1115922.0
2026-06-19 23:00:00+00:00,0.01925,0.01948,0.01918,0.01943,1138830.0
2026-06-20 00:00:00+00:00,0.01943,0.01954,0.01928,0.01928,828502.0
2026-06-20 01:00:00+00:00,0.01928,0.01933,0.01917,0.01927,831566.0
2026-06-20 02:00:00+00:00,0.01928,0.01929,0.01906,0.01916,985870.0
2026-06-20 03:00:00+00:00,0.01915,0.01929,0.01913,0.01929,1493070.0
2026-06-20 04:00:00+00:00,0.01928,0.01938,0.01926,0.01935,1062791.0
2026-06-20 05:00:00+00:00,0.01936,0.01948,0.01933,0.01937,686775.0
2026-06-20 06:00:00+00:00,0.01938,0.01949,0.01936,0.01946,1005330.0
2026-06-20 07:00:00+00:00,0.01947,0.01949,0.01936,0.0194,1279943.0
2026-06-20 08:00:00+00:00,0.01936,0.01945,0.01934,0.01939,357699.0
2026-06-20 09:00:00+00:00,0.01945,0.01971,0.01945,0.01962,2593713.0
2026-06-20 10:00:00+00:00,0.01965,0.01975,0.01958,0.01965,1839181.0
2026-06-20 11:00:00+00:00,0.01966,0.01971,0.01951,0.01966,2205728.0
2026-06-20 12:00:00+00:00,0.01964,0.01972,0.01958,0.01962,650801.0
2026-06-20 13:00:00+00:00,0.01961,0.01961,0.01937,0.01944,973226.0
2026-06-20 14:00:00+00:00,0.0194,0.01967,0.01926,0.01956,1322983.0
2026-06-20 15:00:00+00:00,0.01957,0.01981,0.01952,0.01959,1864633.0
2026-06-20 16:00:00+00:00,0.0196,0.0196,0.01939,0.01953,818335.0
2026-06-20 17:00:00+00:00,0.01953,0.0196,0.01935,0.01957,1627556.0
2026-06-20 18:00:00+00:00,0.01961,0.01962,0.01951,0.01952,485848.0
2026-06-20 19:00:00+00:00,0.01952,0.01955,0.01946,0.01955,344366.0
2026-06-20 20:00:00+00:00,0.01956,0.01964,0.01954,0.01956,280678.0
2026-06-20 21:00:00+00:00,0.01957,0.01967,0.01957,0.01967,187970.0
2026-06-20 22:00:00+00:00,0.01968,0.0199,0.01966,0.01985,1057241.0
2026-06-20 23:00:00+00:00,0.01984,0.01991,0.01982,0.01985,790742.0
2026-06-21 00:00:00+00:00,0.01988,0.0201,0.01983,0.02005,1948064.0
2026-06-21 01:00:00+00:00,0.02005,0.02007,0.0199,0.02004,1206195.0
2026-06-21 02:00:00+00:00,0.02003,0.02008,0.01988,0.01988,1058561.0
2026-06-21 03:00:00+00:00,0.01989,0.01994,0.01985,0.0199,490860.0
2026-06-21 04:00:00+00:00,0.01989,0.02004,0.01981,0.01986,1642528.0
2026-06-21 05:00:00+00:00,0.01985,0.02002,0.01983,0.01994,628895.0
2026-06-21 06:00:00+00:00,0.01998,0.02003,0.01993,0.01997,806431.0
2026-06-21 07:00:00+00:00,0.01997,0.02019,0.01993,0.01998,4712886.0
2026-06-21 08:00:00+00:00,0.01998,0.02005,0.01984,0.02005,1772897.0
2026-06-21 09:00:00+00:00,0.02005,0.02032,0.02,0.02028,4839545.0
2026-06-21 10:00:00+00:00,0.02028,0.02069,0.02015,0.02015,6827338.0
2026-06-21 11:00:00+00:00,0.02015,0.02022,0.02004,0.02007,2594729.0
2026-06-21 12:00:00+00:00,0.02009,0.02021,0.02,0.02015,1387278.0
2026-06-21 13:00:00+00:00,0.02015,0.02021,0.02004,0.02007,843423.0
2026-06-21 14:00:00+00:00,0.02007,0.02009,0.0199,0.01994,2208890.0
2026-06-21 15:00:00+00:00,0.01994,0.02007,0.01991,0.02003,1245418.0
2026-06-21 16:00:00+00:00,0.02003,0.02021,0.01991,0.01999,2110265.0
2026-06-21 17:00:00+00:00,0.01999,0.02005,0.01983,0.01987,923512.0
2026-06-21 18:00:00+00:00,0.01989,0.01996,0.01977,0.01992,1415635.0
2026-06-21 19:00:00+00:00,0.01993,0.01998,0.0199,0.01996,478142.0
2026-06-21 20:00:00+00:00,0.01995,0.02001,0.01975,0.01975,1099301.0
2026-06-21 21:00:00+00:00,0.01978,0.01979,0.01951,0.01973,1316700.0
2026-06-21 22:00:00+00:00,0.0197,0.01979,0.01964,0.01968,1258584.0
2026-06-21 23:00:00+00:00,0.01963,0.01965,0.01945,0.01946,1517682.0
2026-06-22 00:00:00+00:00,0.01948,0.0197,0.01947,0.01969,626688.0
2026-06-22 01:00:00+00:00,0.01967,0.01996,0.01965,0.01995,741938.0
2026-06-22 02:00:00+00:00,0.01991,0.01998,0.01981,0.01984,827873.0
2026-06-22 03:00:00+00:00,0.01984,0.01988,0.01969,0.01973,1261168.0
2026-06-22 04:00:00+00:00,0.01973,0.02016,0.01969,0.02001,2347017.0
2026-06-22 05:00:00+00:00,0.02002,0.02002,0.0198,0.01982,765943.0
2026-06-22 06:00:00+00:00,0.01983,0.01984,0.0197,0.01975,928596.0
2026-06-22 07:00:00+00:00,0.01974,0.01994,0.01974,0.01986,631286.0
2026-06-22 08:00:00+00:00,0.01986,0.01995,0.01975,0.01982,1166371.0
2026-06-22 09:00:00+00:00,0.01981,0.01983,0.01969,0.0198,798775.0
2026-06-22 10:00:00+00:00,0.0198,0.01987,0.01975,0.01978,1083854.0
2026-06-22 11:00:00+00:00,0.01979,0.02003,0.01977,0.02001,1173373.0
2026-06-22 12:00:00+00:00,0.02001,0.02011,0.01996,0.02011,1554226.0
2026-06-22 13:00:00+00:00,0.02009,0.02015,0.02,0.02009,1517495.0
2026-06-22 14:00:00+00:00,0.02009,0.0201,0.0198,0.01988,2007927.0
2026-06-22 15:00:00+00:00,0.01989,0.01997,0.01971,0.01975,1884432.0
2026-06-22 16:00:00+00:00,0.01974,0.01979,0.01964,0.01973,1272133.0
2026-06-22 17:00:00+00:00,0.01973,0.01973,0.0196,0.01967,708825.0
2026-06-22 18:00:00+00:00,0.01968,0.01977,0.01956,0.01958,1579844.0
2026-06-22 19:00:00+00:00,0.01957,0.01962,0.01948,0.01954,1721109.0
2026-06-22 20:00:00+00:00,0.01952,0.01961,0.0195,0.01955,1138988.0
2026-06-22 21:00:00+00:00,0.01955,0.01958,0.01944,0.01956,1468201.0
2026-06-22 22:00:00+00:00,0.01956,0.01973,0.01926,0.01937,3651537.0
2026-06-22 23:00:00+00:00,0.01935,0.01946,0.01929,0.01945,1304629.0
2026-06-23 00:00:00+00:00,0.01943,0.01944,0.01924,0.01937,959101.0
2026-06-23 01:00:00+00:00,0.01938,0.01946,0.0192,0.01931,417236.0
2026-06-23 02:00:00+00:00,0.01934,0.01941,0.01924,0.01939,451740.0
2026-06-23 03:00:00+00:00,0.01939,0.01944,0.01929,0.01943,546342.0
2026-06-23 04:00:00+00:00,0.01947,0.0195,0.01928,0.01931,595307.0
2026-06-23 05:00:00+00:00,0.01931,0.0194,0.01924,0.01933,804585.0
2026-06-23 06:00:00+00:00,0.01934,0.01934,0.01883,0.01899,4269836.0
2026-06-23 07:00:00+00:00,0.01899,0.01904,0.01893,0.01895,698926.0
2026-06-23 08:00:00+00:00,0.01892,0.01902,0.01848,0.01878,3055809.0
2026-06-23 09:00:00+00:00,0.01881,0.0189,0.01879,0.01884,1245091.0
2026-06-23 10:00:00+00:00,0.01886,0.01892,0.01879,0.01885,710826.0
2026-06-23 11:00:00+00:00,0.01886,0.01908,0.01884,0.01904,989808.0
2026-06-23 12:00:00+00:00,0.01904,0.01913,0.01899,0.01909,905999.0
2026-06-23 13:00:00+00:00,0.01909,0.01927,0.01896,0.01925,1914625.0
2026-06-23 14:00:00+00:00,0.01927,0.01928,0.01901,0.01902,1306033.0
2026-06-23 15:00:00+00:00,0.01901,0.01904,0.01884,0.01894,781223.0
2026-06-23 16:00:00+00:00,0.01893,0.01908,0.01888,0.01888,1875456.0
2026-06-23 17:00:00+00:00,0.01887,0.01891,0.01877,0.01877,673178.0
2026-06-23 18:00:00+00:00,0.01878,0.01887,0.01876,0.01885,415783.0
2026-06-23 19:00:00+00:00,0.01885,0.01894,0.01885,0.01892,583593.0
2026-06-23 20:00:00+00:00,0.01892,0.01903,0.01892,0.01896,422389.0
2026-06-23 21:00:00+00:00,0.01897,0.0191,0.01897,0.01908,347920.0
2026-06-23 22:00:00+00:00,0.01907,0.01915,0.01898,0.019,381284.0
2026-06-23 23:00:00+00:00,0.01896,0.01903,0.01892,0.01902,382771.0
2026-06-24 00:00:00+00:00,0.01902,0.01907,0.01897,0.01901,571560.0
2026-06-24 01:00:00+00:00,0.019,0.01905,0.01893,0.01901,661737.0
2026-06-24 02:00:00+00:00,0.019,0.01911,0.01894,0.01902,1154454.0
2026-06-24 03:00:00+00:00,0.01902,0.0191,0.01894,0.01899,977225.0
2026-06-24 04:00:00+00:00,0.01899,0.01903,0.01884,0.01899,1241819.0
2026-06-24 05:00:00+00:00,0.01898,0.01913,0.01895,0.01911,410909.0
2026-06-24 06:00:00+00:00,0.01913,0.01913,0.01903,0.01911,698820.0
2026-06-24 07:00:00+00:00,0.01912,0.01912,0.01893,0.01895,634497.0
2026-06-24 08:00:00+00:00,0.01896,0.01898,0.01862,0.01871,3355135.0
2026-06-24 09:00:00+00:00,0.01868,0.01878,0.01864,0.01878,1238875.0
2026-06-24 10:00:00+00:00,0.01878,0.01878,0.01862,0.01867,1078379.0
2026-06-24 11:00:00+00:00,0.01867,0.01895,0.01859,0.01888,2391350.0
2026-06-24 12:00:00+00:00,0.01887,0.01892,0.01871,0.01876,1024160.0
2026-06-24 13:00:00+00:00,0.01873,0.01874,0.01829,0.01842,4235471.0
2026-06-24 14:00:00+00:00,0.0184,0.01852,0.01829,0.01849,3799675.0
2026-06-24 15:00:00+00:00,0.01849,0.01849,0.01813,0.01818,3127279.0
2026-06-24 16:00:00+00:00,0.01818,0.01836,0.01762,0.01781,8120011.0
2026-06-24 17:00:00+00:00,0.01778,0.01792,0.01753,0.01772,3551939.0
2026-06-24 18:00:00+00:00,0.01772,0.01814,0.01765,0.01803,2214513.0
2026-06-24 19:00:00+00:00,0.01804,0.01814,0.01791,0.01814,1400382.0
2026-06-24 20:00:00+00:00,0.01814,0.01856,0.01809,0.01846,2531805.0
2026-06-24 21:00:00+00:00,0.01847,0.01855,0.01837,0.01855,919390.0
2026-06-24 22:00:00+00:00,0.01856,0.01861,0.01838,0.01839,392840.0
2026-06-24 23:00:00+00:00,0.01837,0.01849,0.01837,0.01845,747345.0
2026-06-25 00:00:00+00:00,0.01846,0.0185,0.01841,0.01844,1366921.0
2026-06-25 01:00:00+00:00,0.01845,0.01859,0.01842,0.01853,1095571.0
2026-06-25 02:00:00+00:00,0.01853,0.01858,0.01841,0.01843,629621.0
2026-06-25 03:00:00+00:00,0.01842,0.01846,0.01836,0.0184,995207.0
2026-06-25 04:00:00+00:00,0.0184,0.01859,0.01835,0.01858,1010826.0
2026-06-25 05:00:00+00:00,0.01858,0.01876,0.01858,0.01862,1596764.0
2026-06-25 06:00:00+00:00,0.01862,0.01864,0.01854,0.01857,812269.0
2026-06-25 07:00:00+00:00,0.01857,0.01868,0.01854,0.01866,736730.0
2026-06-25 08:00:00+00:00,0.01866,0.01867,0.01835,0.01837,4506533.0
2026-06-25 09:00:00+00:00,0.01838,0.01845,0.01835,0.0184,1919012.0
2026-06-25 10:00:00+00:00,0.01841,0.01843,0.01833,0.01835,1778462.0
2026-06-25 11:00:00+00:00,0.01835,0.0184,0.01832,0.01839,845117.0
2026-06-25 12:00:00+00:00,0.0184,0.01853,0.01824,0.01835,1748668.0
2026-06-25 13:00:00+00:00,0.01837,0.01851,0.01711,0.01719,6971207.0
2026-06-25 14:00:00+00:00,0.01723,0.018,0.01723,0.01773,4495766.0
2026-06-25 15:00:00+00:00,0.01771,0.01783,0.01756,0.01781,1694100.0
2026-06-25 16:00:00+00:00,0.01779,0.01798,0.01766,0.0177,1877091.0
2026-06-25 17:00:00+00:00,0.01769,0.01797,0.01769,0.01797,1416426.0
2026-06-25 18:00:00+00:00,0.01798,0.01799,0.01773,0.01777,1696505.0
2026-06-25 19:00:00+00:00,0.01778,0.01778,0.01764,0.01772,703083.0
2026-06-25 20:00:00+00:00,0.01773,0.01791,0.01773,0.01775,855644.0
2026-06-25 21:00:00+00:00,0.01778,0.01805,0.01777,0.01805,1031184.0
2026-06-25 22:00:00+00:00,0.01804,0.01807,0.01792,0.01801,586192.0
2026-06-25 23:00:00+00:00,0.018,0.01807,0.01797,0.018,831753.0
2026-06-26 00:00:00+00:00,0.01808,0.01811,0.01801,0.01808,929533.0
2026-06-26 01:00:00+00:00,0.01803,0.01807,0.0178,0.01786,1834340.0
2026-06-26 02:00:00+00:00,0.01786,0.01786,0.01734,0.01743,3090936.0
2026-06-26 03:00:00+00:00,0.01745,0.01791,0.01735,0.01787,2077737.0
2026-06-26 04:00:00+00:00,0.01787,0.01787,0.01765,0.01766,604689.0
2026-06-26 05:00:00+00:00,0.01768,0.01781,0.01765,0.01775,364566.0
2026-06-26 06:00:00+00:00,0.01775,0.01797,0.01767,0.01797,1081508.0
2026-06-26 07:00:00+00:00,0.01795,0.01814,0.01795,0.01803,1838179.0
2026-06-26 08:00:00+00:00,0.01804,0.01806,0.01789,0.01793,1933825.0
2026-06-26 09:00:00+00:00,0.01791,0.01795,0.01766,0.01767,2008759.0
2026-06-26 10:00:00+00:00,0.01768,0.01772,0.0176,0.01761,951586.0
2026-06-26 11:00:00+00:00,0.01761,0.01766,0.0175,0.01755,1169793.0
2026-06-26 12:00:00+00:00,0.01754,0.0177,0.01743,0.01743,1297182.0
2026-06-26 13:00:00+00:00,0.01743,0.0179,0.01731,0.01789,3288186.0
2026-06-26 14:00:00+00:00,0.0179,0.01792,0.0177,0.01779,2134511.0
2026-06-26 15:00:00+00:00,0.01779,0.01816,0.01771,0.018,2064238.0
2026-06-26 16:00:00+00:00,0.01802,0.01814,0.01789,0.01804,3873700.0
2026-06-26 17:00:00+00:00,0.01803,0.01836,0.01803,0.01822,3334397.0
2026-06-26 18:00:00+00:00,0.01821,0.01832,0.0181,0.01815,2153665.0
2026-06-26 19:00:00+00:00,0.01816,0.01831,0.0181,0.0181,2161084.0
2026-06-26 20:00:00+00:00,0.01812,0.01832,0.01802,0.01804,2268737.0
2026-06-26 21:00:00+00:00,0.01803,0.01805,0.01796,0.01796,597774.0
2026-06-26 22:00:00+00:00,0.01797,0.01806,0.01791,0.01806,611310.0
2026-06-26 23:00:00+00:00,0.01805,0.01808,0.018,0.01801,416064.0
2026-06-27 00:00:00+00:00,0.01801,0.01809,0.01792,0.018,657210.0
2026-06-27 01:00:00+00:00,0.01799,0.01801,0.01792,0.01793,780011.0
2026-06-27 02:00:00+00:00,0.01791,0.01815,0.01789,0.01807,1814213.0
2026-06-27 03:00:00+00:00,0.01803,0.01807,0.01792,0.01795,1471562.0
2026-06-27 04:00:00+00:00,0.01793,0.01804,0.01791,0.01791,333691.0
2026-06-27 05:00:00+00:00,0.0179,0.01797,0.01784,0.01797,534945.0
2026-06-27 06:00:00+00:00,0.01797,0.01798,0.01787,0.01789,692356.0
2026-06-27 07:00:00+00:00,0.0179,0.01802,0.01787,0.01798,903538.0
2026-06-27 08:00:00+00:00,0.01797,0.01798,0.01789,0.0179,739873.0
2026-06-27 09:00:00+00:00,0.01789,0.01797,0.01788,0.01797,751159.0
2026-06-27 10:00:00+00:00,0.01797,0.01815,0.01795,0.01815,1857436.0
2026-06-27 11:00:00+00:00,0.01815,0.01815,0.01792,0.01806,813060.0
2026-06-27 12:00:00+00:00,0.01807,0.01812,0.01802,0.01809,388564.0
2026-06-27 13:00:00+00:00,0.01811,0.0183,0.0181,0.01822,920422.0
2026-06-27 14:00:00+00:00,0.01822,0.01828,0.01816,0.01823,848700.0
2026-06-27 15:00:00+00:00,0.01824,0.01837,0.01819,0.01834,601297.0
2026-06-27 16:00:00+00:00,0.01834,0.01837,0.01822,0.01822,1008602.0
2026-06-27 17:00:00+00:00,0.01822,0.01822,0.01801,0.01803,1311284.0
2026-06-27 18:00:00+00:00,0.01802,0.01803,0.01792,0.01795,1002087.0
2026-06-27 19:00:00+00:00,0.01796,0.01799,0.01771,0.01779,962895.0
2026-06-27 20:00:00+00:00,0.0178,0.01786,0.01777,0.01785,1231320.0
2026-06-27 21:00:00+00:00,0.01786,0.0179,0.01773,0.01774,1030451.0
2026-06-27 22:00:00+00:00,0.01771,0.01779,0.01761,0.01777,906018.0
2026-06-27 23:00:00+00:00,0.01777,0.01779,0.01765,0.01768,976920.0
2026-06-28 00:00:00+00:00,0.01768,0.01777,0.01758,0.01759,1587992.0
2026-06-28 01:00:00+00:00,0.01758,0.01766,0.01754,0.01762,847146.0
2026-06-28 02:00:00+00:00,0.01763,0.01774,0.01755,0.01761,1739131.0
2026-06-28 03:00:00+00:00,0.01762,0.01771,0.01761,0.01765,839336.0
2026-06-28 04:00:00+00:00,0.01766,0.01775,0.01762,0.01771,1118330.0
2026-06-28 05:00:00+00:00,0.01771,0.01771,0.01757,0.01763,1268636.0
2026-06-28 06:00:00+00:00,0.01765,0.01765,0.0175,0.01755,868923.0
2026-06-28 07:00:00+00:00,0.01754,0.01764,0.01754,0.0176,773579.0
2026-06-28 08:00:00+00:00,0.01761,0.0178,0.01755,0.0177,1414213.0
2026-06-28 09:00:00+00:00,0.01771,0.01775,0.01756,0.01757,1350122.0
2026-06-28 10:00:00+00:00,0.01757,0.01783,0.01756,0.0176,2477376.0
2026-06-28 11:00:00+00:00,0.0176,0.01776,0.01759,0.01774,978775.0
2026-06-28 12:00:00+00:00,0.01774,0.01783,0.01769,0.01778,1759114.0
2026-06-28 13:00:00+00:00,0.01778,0.01778,0.01766,0.01773,1590928.0
2026-06-28 14:00:00+00:00,0.01774,0.01792,0.01769,0.01784,2130149.0
2026-06-28 15:00:00+00:00,0.01784,0.018,0.01777,0.018,2348771.0
2026-06-28 16:00:00+00:00,0.01801,0.01802,0.01762,0.0177,2093094.0
2026-06-28 17:00:00+00:00,0.01769,0.01772,0.01751,0.01768,1985702.0
2026-06-28 18:00:00+00:00,0.01767,0.01768,0.01756,0.01762,710163.0
2026-06-28 19:00:00+00:00,0.01761,0.01765,0.01747,0.01758,1213685.0
2026-06-28 20:00:00+00:00,0.01756,0.01769,0.01756,0.0176,1434489.0
2026-06-28 21:00:00+00:00,0.01761,0.01768,0.01747,0.01752,1369249.0
2026-06-28 22:00:00+00:00,0.01753,0.01773,0.01737,0.01743,1516199.0
2026-06-28 23:00:00+00:00,0.01743,0.01767,0.01739,0.01762,1737320.0
2026-06-29 00:00:00+00:00,0.01761,0.01766,0.01741,0.01765,1305835.0
2026-06-29 01:00:00+00:00,0.01764,0.01767,0.01756,0.01762,671507.0
2026-06-29 02:00:00+00:00,0.0176,0.01778,0.01748,0.01774,1896733.0
2026-06-29 03:00:00+00:00,0.01777,0.01796,0.01776,0.0179,1327330.0
2026-06-29 04:00:00+00:00,0.01791,0.01793,0.01775,0.01775,445554.0
2026-06-29 05:00:00+00:00,0.01775,0.01804,0.01763,0.01788,5376384.0
2026-06-29 06:00:00+00:00,0.01789,0.01796,0.01782,0.01782,2675977.0
2026-06-29 07:00:00+00:00,0.01783,0.01789,0.01778,0.01782,1499241.0
2026-06-29 08:00:00+00:00,0.01784,0.01879,0.01775,0.01805,8869035.0
2026-06-29 09:00:00+00:00,0.01804,0.01812,0.01788,0.01809,4055593.0
2026-06-29 10:00:00+00:00,0.0181,0.01824,0.01806,0.01823,2325594.0
2026-06-29 11:00:00+00:00,0.01825,0.01842,0.01815,0.01824,3936120.0
2026-06-29 12:00:00+00:00,0.01826,0.01856,0.01812,0.01833,3815368.0
2026-06-29 13:00:00+00:00,0.01834,0.0185,0.01805,0.0181,2044154.0
2026-06-29 14:00:00+00:00,0.01811,0.01816,0.0179,0.01805,3764375.0
2026-06-29 15:00:00+00:00,0.01807,0.01822,0.01787,0.01814,2978058.0
2026-06-29 16:00:00+00:00,0.01812,0.0183,0.01809,0.01826,3246051.0
2026-06-29 17:00:00+00:00,0.01824,0.01852,0.01824,0.01836,2064673.0
2026-06-29 18:00:00+00:00,0.01836,0.01839,0.0182,0.01824,2517530.0
2026-06-29 19:00:00+00:00,0.01825,0.01825,0.01809,0.01812,2796417.0
2026-06-29 20:00:00+00:00,0.01812,0.01813,0.01799,0.01799,1467082.0
2026-06-29 21:00:00+00:00,0.01798,0.01805,0.01795,0.01797,891989.0
2026-06-29 22:00:00+00:00,0.01797,0.01803,0.01783,0.01789,1560643.0
2026-06-29 23:00:00+00:00,0.01788,0.01795,0.01788,0.0179,1718149.0
2026-06-30 00:00:00+00:00,0.01791,0.01794,0.01774,0.01777,1004037.0
2026-06-30 01:00:00+00:00,0.01777,0.01784,0.0177,0.01783,1447493.0
2026-06-30 02:00:00+00:00,0.01783,0.01818,0.01779,0.01799,1835665.0
2026-06-30 03:00:00+00:00,0.018,0.01804,0.01793,0.01795,939405.0
2026-06-30 04:00:00+00:00,0.01795,0.01801,0.01788,0.018,807458.0
2026-06-30 05:00:00+00:00,0.018,0.01826,0.018,0.01803,7729046.0
2026-06-30 06:00:00+00:00,0.01803,0.01814,0.01797,0.01803,3033515.0
2026-06-30 07:00:00+00:00,0.01804,0.01804,0.0179,0.01793,1111070.0
2026-06-30 08:00:00+00:00,0.01793,0.01793,0.01769,0.01781,1504537.0
2026-06-30 09:00:00+00:00,0.0178,0.01792,0.01777,0.0179,1398236.0
2026-06-30 10:00:00+00:00,0.0179,0.01792,0.01785,0.01787,1087211.0
2026-06-30 11:00:00+00:00,0.01788,0.01788,0.01766,0.01769,1619294.0
2026-06-30 12:00:00+00:00,0.01769,0.0177,0.01739,0.01739,3967909.0
2026-06-30 13:00:00+00:00,0.0174,0.01769,0.01736,0.01765,2531346.0
2026-06-30 14:00:00+00:00,0.01765,0.01776,0.01748,0.0175,2492892.0
2026-06-30 15:00:00+00:00,0.01748,0.01751,0.01737,0.01745,1782664.0
2026-06-30 16:00:00+00:00,0.01746,0.01765,0.01742,0.01764,1718353.0
2026-06-30 17:00:00+00:00,0.01762,0.01776,0.01759,0.01773,856904.0
2026-06-30 18:00:00+00:00,0.01773,0.01775,0.01764,0.01769,1475910.0
2026-06-30 19:00:00+00:00,0.01769,0.01769,0.01752,0.01757,2027604.0
2026-06-30 20:00:00+00:00,0.01756,0.01767,0.01738,0.01741,2168039.0
2026-06-30 21:00:00+00:00,0.01741,0.01755,0.01731,0.01755,1959073.0
2026-06-30 22:00:00+00:00,0.01756,0.01758,0.01735,0.01747,4275230.0
2026-06-30 23:00:00+00:00,0.01746,0.01771,0.01746,0.01769,11783714.0
2026-07-01 00:00:00+00:00,0.0177,0.0179,0.01762,0.01784,7026592.0
2026-07-01 01:00:00+00:00,0.01785,0.01801,0.01738,0.01786,11439134.0
2026-07-01 02:00:00+00:00,0.01787,0.01801,0.0178,0.01801,3462157.0
2026-07-01 03:00:00+00:00,0.01801,0.0181,0.01792,0.01797,2968183.0
2026-07-01 04:00:00+00:00,0.01798,0.01803,0.01785,0.01788,1837267.0
2026-07-01 05:00:00+00:00,0.01789,0.01789,0.0177,0.01779,1159292.0
2026-07-01 06:00:00+00:00,0.01778,0.01778,0.01756,0.01759,1517374.0
2026-07-01 07:00:00+00:00,0.0176,0.01762,0.01753,0.01761,1455304.0
2026-07-01 08:00:00+00:00,0.01761,0.01768,0.01752,0.01767,1915720.0
2026-07-01 09:00:00+00:00,0.01768,0.01781,0.01759,0.01759,2100224.0
2026-07-01 10:00:00+00:00,0.01758,0.01772,0.01752,0.01755,1575406.0
2026-07-01 11:00:00+00:00,0.01755,0.01767,0.01753,0.01754,1502113.0
2026-07-01 12:00:00+00:00,0.01755,0.01761,0.01747,0.01749,2050177.0
2026-07-01 13:00:00+00:00,0.0175,0.01777,0.01725,0.01768,1917455.0
2026-07-01 14:00:00+00:00,0.01767,0.01786,0.01764,0.01773,927284.0
2026-07-01 15:00:00+00:00,0.01774,0.01795,0.01773,0.01779,1667955.0
2026-07-01 16:00:00+00:00,0.01778,0.01784,0.0177,0.0177,777825.0
2026-07-01 17:00:00+00:00,0.0177,0.01782,0.01767,0.01778,537205.0
2026-07-01 18:00:00+00:00,0.01778,0.01779,0.01762,0.01772,764137.0
2026-07-01 19:00:00+00:00,0.01771,0.01778,0.0176,0.01762,899972.0
2026-07-01 20:00:00+00:00,0.01763,0.01768,0.01758,0.01766,509496.0
2026-07-01 21:00:00+00:00,0.01766,0.01793,0.01766,0.01793,645352.0
2026-07-01 22:00:00+00:00,0.0179,0.01804,0.01776,0.01779,1663382.0
2026-07-01 23:00:00+00:00,0.01778,0.01778,0.01768,0.01775,712097.0
2026-07-02 00:00:00+00:00,0.01776,0.01777,0.01761,0.01768,1085545.0
2026-07-02 01:00:00+00:00,0.01769,0.01781,0.01763,0.01775,2969009.0
2026-07-02 02:00:00+00:00,0.01775,0.01784,0.01771,0.01778,1566514.0
2026-07-02 03:00:00+00:00,0.01778,0.01793,0.01775,0.01793,1156898.0
2026-07-02 04:00:00+00:00,0.01793,0.01797,0.01781,0.01786,696041.0
2026-07-02 05:00:00+00:00,0.01787,0.01797,0.01781,0.01781,1053529.0
2026-07-02 06:00:00+00:00,0.01781,0.01782,0.01774,0.01775,614056.0
2026-07-02 07:00:00+00:00,0.01775,0.01791,0.01771,0.01789,893073.0
2026-07-02 08:00:00+00:00,0.0179,0.01827,0.01785,0.01821,1968345.0
2026-07-02 09:00:00+00:00,0.01821,0.01825,0.01805,0.01822,1544482.0
2026-07-02 10:00:00+00:00,0.01821,0.0183,0.01812,0.01822,1914498.0
2026-07-02 11:00:00+00:00,0.01822,0.01831,0.01819,0.01823,816130.0
2026-07-02 12:00:00+00:00,0.01823,0.01829,0.01819,0.01822,1577499.0
2026-07-02 13:00:00+00:00,0.01822,0.01847,0.01817,0.01841,2644347.0
2026-07-02 14:00:00+00:00,0.01842,0.01845,0.01818,0.01822,2309705.0
2026-07-02 15:00:00+00:00,0.01822,0.01826,0.01814,0.01817,1010057.0
2026-07-02 16:00:00+00:00,0.01818,0.01821,0.01809,0.01815,688526.0
2026-07-02 17:00:00+00:00,0.01814,0.0182,0.01809,0.0182,428517.0
2026-07-02 18:00:00+00:00,0.0182,0.01821,0.01808,0.0181,803304.0
2026-07-02 19:00:00+00:00,0.01811,0.01817,0.01801,0.01807,793070.0
2026-07-02 20:00:00+00:00,0.01807,0.01807,0.01801,0.01804,577780.0
2026-07-02 21:00:00+00:00,0.01805,0.0182,0.01803,0.01808,731242.0
2026-07-02 22:00:00+00:00,0.01807,0.01815,0.01802,0.01811,368455.0
2026-07-02 23:00:00+00:00,0.0181,0.01818,0.01805,0.01813,577426.0
2026-07-03 00:00:00+00:00,0.01815,0.01818,0.01807,0.01813,1038697.0
2026-07-03 01:00:00+00:00,0.01813,0.01836,0.01812,0.01829,688932.0
2026-07-03 02:00:00+00:00,0.0183,0.01848,0.01827,0.01845,1299719.0
2026-07-03 03:00:00+00:00,0.01845,0.019,0.0184,0.01887,3778040.0
2026-07-03 04:00:00+00:00,0.01888,0.01888,0.01849,0.01868,2218207.0
2026-07-03 05:00:00+00:00,0.01867,0.01891,0.01861,0.01867,2633002.0
2026-07-03 06:00:00+00:00,0.01868,0.01873,0.01856,0.01863,1471175.0
2026-07-03 07:00:00+00:00,0.01862,0.01863,0.01846,0.01857,1388800.0
2026-07-03 08:00:00+00:00,0.01855,0.01871,0.01851,0.01853,1842655.0
2026-07-03 09:00:00+00:00,0.01852,0.01882,0.01851,0.01881,1436738.0
2026-07-03 10:00:00+00:00,0.0188,0.01887,0.01869,0.0187,2030311.0
2026-07-03 11:00:00+00:00,0.01869,0.01879,0.01866,0.01871,1374633.0
2026-07-03 12:00:00+00:00,0.01871,0.01878,0.01863,0.01864,1016640.0
2026-07-03 13:00:00+00:00,0.01865,0.01877,0.01863,0.0187,831794.0
2026-07-03 14:00:00+00:00,0.0187,0.01873,0.01857,0.01872,1390311.0
2026-07-03 15:00:00+00:00,0.01873,0.01883,0.01867,0.01868,1012747.0
2026-07-03 16:00:00+00:00,0.01868,0.01873,0.01862,0.01871,988571.0
2026-07-03 17:00:00+00:00,0.0187,0.01887,0.01869,0.01877,1292326.0
2026-07-03 18:00:00+00:00,0.01878,0.01878,0.01868,0.01871,1904332.0
2026-07-03 19:00:00+00:00,0.01871,0.01886,0.0187,0.01879,739907.0
2026-07-03 20:00:00+00:00,0.01879,0.01912,0.01877,0.01897,2997049.0
2026-07-03 21:00:00+00:00,0.01897,0.01903,0.01891,0.01899,689351.0
2026-07-03 22:00:00+00:00,0.01898,0.01901,0.01892,0.01893,482368.0
2026-07-03 23:00:00+00:00,0.01894,0.01947,0.01889,0.01934,8204049.0
2026-07-04 00:00:00+00:00,0.01933,0.01939,0.01907,0.0191,2560908.0
2026-07-04 01:00:00+00:00,0.0191,0.01915,0.01898,0.01904,2117323.0
2026-07-04 02:00:00+00:00,0.01905,0.01922,0.01896,0.01897,1787877.0
2026-07-04 03:00:00+00:00,0.01897,0.01901,0.01889,0.0189,786987.0
2026-07-04 04:00:00+00:00,0.01891,0.01906,0.01889,0.01902,1297403.0
2026-07-04 05:00:00+00:00,0.01901,0.01912,0.01898,0.01899,777037.0
2026-07-04 06:00:00+00:00,0.01898,0.01912,0.01889,0.01897,872062.0
2026-07-04 07:00:00+00:00,0.01897,0.01903,0.01889,0.01898,1315518.0
2026-07-04 08:00:00+00:00,0.01896,0.019,0.01888,0.01895,2704374.0
2026-07-04 09:00:00+00:00,0.01896,0.01911,0.01886,0.01886,1402211.0
2026-07-04 10:00:00+00:00,0.01886,0.01897,0.01881,0.01894,1931483.0
2026-07-04 11:00:00+00:00,0.01894,0.01906,0.01885,0.01897,1805002.0
2026-07-04 12:00:00+00:00,0.01897,0.01909,0.01892,0.01894,1333831.0
2026-07-04 13:00:00+00:00,0.01894,0.01905,0.01889,0.01895,1964355.0
2026-07-04 14:00:00+00:00,0.01894,0.01902,0.01893,0.019,1787043.0
2026-07-04 15:00:00+00:00,0.01901,0.01915,0.019,0.01902,1802595.0
2026-07-04 16:00:00+00:00,0.01903,0.01923,0.01901,0.01906,2058037.0
2026-07-04 17:00:00+00:00,0.01906,0.01921,0.01901,0.0191,944584.0
2026-07-04 18:00:00+00:00,0.01912,0.01915,0.01899,0.01905,867182.0
2026-07-04 19:00:00+00:00,0.01904,0.01911,0.019,0.01902,794736.0
2026-07-04 20:00:00+00:00,0.01902,0.01906,0.01895,0.01903,919070.0
2026-07-04 21:00:00+00:00,0.01903,0.0191,0.01899,0.01901,773404.0
2026-07-04 22:00:00+00:00,0.01901,0.01901,0.01881,0.01887,1454144.0
2026-07-04 23:00:00+00:00,0.01885,0.0189,0.01875,0.01882,597572.0
2026-07-05 00:00:00+00:00,0.01883,0.01891,0.01877,0.01887,683751.0
2026-07-05 01:00:00+00:00,0.01887,0.01891,0.01871,0.01874,2518468.0
2026-07-05 02:00:00+00:00,0.01873,0.01873,0.01852,0.01854,1926553.0
2026-07-05 03:00:00+00:00,0.01854,0.01861,0.01852,0.01854,1306385.0
2026-07-05 04:00:00+00:00,0.01853,0.01864,0.01849,0.01859,1206203.0
2026-07-05 05:00:00+00:00,0.01858,0.01862,0.01848,0.01853,727064.0
2026-07-05 06:00:00+00:00,0.01854,0.01859,0.01849,0.01856,561142.0
2026-07-05 07:00:00+00:00,0.01855,0.01857,0.01849,0.01856,266571.0
2026-07-05 08:00:00+00:00,0.01856,0.01856,0.01841,0.01848,640137.0
2026-07-05 09:00:00+00:00,0.01847,0.0185,0.01828,0.01831,2659955.0
2026-07-05 10:00:00+00:00,0.0183,0.01837,0.01828,0.01834,496097.0
2026-07-05 11:00:00+00:00,0.01835,0.01839,0.01829,0.01837,928740.0
2026-07-05 12:00:00+00:00,0.01834,0.0185,0.01829,0.01848,901011.0
2026-07-05 13:00:00+00:00,0.01849,0.01853,0.01841,0.01851,701457.0
2026-07-05 14:00:00+00:00,0.0185,0.01854,0.01841,0.01853,316780.0
2026-07-05 15:00:00+00:00,0.01855,0.01862,0.01852,0.01854,679088.0
2026-07-05 16:00:00+00:00,0.01854,0.01855,0.01838,0.01843,1520007.0
2026-07-05 17:00:00+00:00,0.01843,0.01853,0.01842,0.01846,543008.0
2026-07-05 18:00:00+00:00,0.01846,0.01854,0.01846,0.01848,652698.0
2026-07-05 19:00:00+00:00,0.01846,0.01851,0.0184,0.01841,799631.0
2026-07-05 20:00:00+00:00,0.01841,0.01847,0.01838,0.01846,607966.0
2026-07-05 21:00:00+00:00,0.01845,0.0186,0.01838,0.01853,764820.0
2026-07-05 22:00:00+00:00,0.01853,0.01876,0.0185,0.01864,937782.0
2026-07-05 23:00:00+00:00,0.01864,0.01872,0.01857,0.01867,811324.0
2026-07-06 00:00:00+00:00,0.01869,0.01871,0.01849,0.01864,1651972.0
2026-07-06 01:00:00+00:00,0.01864,0.01868,0.01856,0.01859,992709.0
2026-07-06 02:00:00+00:00,0.01859,0.01877,0.01852,0.01876,964913.0
2026-07-06 03:00:00+00:00,0.01876,0.01901,0.01863,0.01883,4508392.0
2026-07-06 04:00:00+00:00,0.01883,0.01904,0.01843,0.01843,3247678.0
2026-07-06 05:00:00+00:00,0.01841,0.01844,0.01822,0.01838,2685145.0
2026-07-06 06:00:00+00:00,0.01839,0.01847,0.01832,0.01844,1079956.0
2026-07-06 07:00:00+00:00,0.01845,0.0185,0.01837,0.01843,1354752.0
2026-07-06 08:00:00+00:00,0.01842,0.01847,0.01836,0.01842,1109639.0
2026-07-06 09:00:00+00:00,0.01842,0.01849,0.01839,0.01846,595982.0
2026-07-06 10:00:00+00:00,0.01847,0.0185,0.01837,0.01837,869863.0
2026-07-06 11:00:00+00:00,0.01838,0.01849,0.01835,0.01835,637301.0
2026-07-06 12:00:00+00:00,0.01834,0.01834,0.01797,0.01813,2059117.0
2026-07-06 13:00:00+00:00,0.01813,0.01825,0.018,0.01817,1588373.0
2026-07-06 14:00:00+00:00,0.01818,0.01837,0.01816,0.01829,1233655.0
2026-07-06 15:00:00+00:00,0.01829,0.01866,0.01829,0.01864,1320167.0
2026-07-06 16:00:00+00:00,0.0186,0.01908,0.01859,0.01888,4109963.0
2026-07-06 17:00:00+00:00,0.0189,0.0189,0.01866,0.01866,1086017.0
2026-07-06 18:00:00+00:00,0.01866,0.01874,0.0182,0.01862,3153193.0
2026-07-06 19:00:00+00:00,0.01862,0.01864,0.01853,0.01855,672844.0
2026-07-06 20:00:00+00:00,0.01856,0.01856,0.01845,0.01849,606574.0
2026-07-06 21:00:00+00:00,0.01848,0.01876,0.01845,0.01865,942677.0
2026-07-06 22:00:00+00:00,0.01865,0.01867,0.01847,0.01849,781371.0
2026-07-06 23:00:00+00:00,0.01849,0.01852,0.01836,0.0184,1184186.0
2026-07-07 00:00:00+00:00,0.01841,0.01844,0.01829,0.0184,2934413.0
2026-07-07 01:00:00+00:00,0.01839,0.01839,0.01821,0.01827,2644202.0
2026-07-07 02:00:00+00:00,0.01828,0.0183,0.01808,0.01809,1702320.0
2026-07-07 03:00:00+00:00,0.01809,0.01818,0.01803,0.01804,1420939.0
2026-07-07 04:00:00+00:00,0.01805,0.0181,0.01803,0.01806,1703698.0
2026-07-07 05:00:00+00:00,0.01807,0.01812,0.01796,0.01805,2811647.0
2026-07-07 06:00:00+00:00,0.01805,0.01813,0.01799,0.01809,1789399.0
2026-07-07 07:00:00+00:00,0.01809,0.01815,0.01799,0.01799,1121164.0
2026-07-07 08:00:00+00:00,0.01799,0.01806,0.01795,0.01802,3098679.0
2026-07-07 09:00:00+00:00,0.01804,0.01844,0.01793,0.01799,8258992.0
2026-07-07 10:00:00+00:00,0.01799,0.01812,0.01795,0.01807,1859737.0
2026-07-07 11:00:00+00:00,0.01806,0.01816,0.01801,0.01813,1152626.0
2026-07-07 12:00:00+00:00,0.01813,0.01824,0.01811,0.01818,1405344.0
2026-07-07 13:00:00+00:00,0.01817,0.01819,0.01802,0.01806,1920585.0
2026-07-07 14:00:00+00:00,0.01807,0.01813,0.01782,0.01811,1665928.0
2026-07-07 15:00:00+00:00,0.0181,0.01823,0.01803,0.01817,900671.0
2026-07-07 16:00:00+00:00,0.01818,0.01822,0.01808,0.01809,1805388.0
2026-07-07 17:00:00+00:00,0.0181,0.01816,0.01806,0.01813,1496776.0
2026-07-07 18:00:00+00:00,0.01813,0.01813,0.01792,0.01797,2274758.0
2026-07-07 19:00:00+00:00,0.01797,0.01798,0.0178,0.01791,1041052.0
2026-07-07 20:00:00+00:00,0.0179,0.01796,0.01782,0.01789,850560.0
2026-07-07 21:00:00+00:00,0.0179,0.01797,0.01775,0.01781,1398410.0
2026-07-07 22:00:00+00:00,0.01781,0.01785,0.01766,0.01784,1784125.0
2026-07-07 23:00:00+00:00,0.01783,0.01792,0.0178,0.01782,894137.0
2026-07-08 00:00:00+00:00,0.01783,0.01796,0.01779,0.01791,1102822.0
2026-07-08 01:00:00+00:00,0.01791,0.01792,0.01744,0.01756,3008680.0
2026-07-08 02:00:00+00:00,0.01755,0.01773,0.01747,0.0177,1704746.0
2026-07-08 03:00:00+00:00,0.01771,0.01781,0.0177,0.01779,882608.0
2026-07-08 04:00:00+00:00,0.01778,0.01782,0.01767,0.01769,915860.0
2026-07-08 05:00:00+00:00,0.0177,0.0178,0.01767,0.01772,843581.0
2026-07-08 06:00:00+00:00,0.01773,0.01775,0.01766,0.0177,769067.0
2026-07-08 07:00:00+00:00,0.01773,0.01781,0.01766,0.01771,574145.0
2026-07-08 08:00:00+00:00,0.0177,0.01773,0.01745,0.01754,3824844.0
2026-07-08 09:00:00+00:00,0.01753,0.01757,0.01744,0.01753,2654098.0
2026-07-08 10:00:00+00:00,0.01753,0.01754,0.01741,0.01746,1460033.0
2026-07-08 11:00:00+00:00,0.01745,0.01759,0.01741,0.01758,997508.0
2026-07-08 12:00:00+00:00,0.01758,0.01761,0.0174,0.01741,1000674.0
2026-07-08 13:00:00+00:00,0.0174,0.01762,0.01737,0.01753,3426079.0
2026-07-08 14:00:00+00:00,0.01753,0.01761,0.01747,0.01757,1655561.0
2026-07-08 15:00:00+00:00,0.01758,0.01758,0.01731,0.01732,1838400.0
2026-07-08 16:00:00+00:00,0.01733,0.01761,0.0173,0.01755,2963745.0
2026-07-08 17:00:00+00:00,0.01756,0.01761,0.0175,0.01752,2223079.0
2026-07-08 18:00:00+00:00,0.01752,0.01756,0.01743,0.01752,1505141.0
2026-07-08 19:00:00+00:00,0.0175,0.01753,0.01741,0.01743,699354.0
2026-07-08 20:00:00+00:00,0.01742,0.01747,0.01737,0.01738,851503.0
2026-07-08 21:00:00+00:00,0.01738,0.0175,0.01733,0.01747,625221.0
2026-07-08 22:00:00+00:00,0.01747,0.01761,0.01744,0.0175,865871.0
2026-07-08 23:00:00+00:00,0.01751,0.01754,0.01742,0.01753,788527.0
2026-07-09 00:00:00+00:00,0.01754,0.0176,0.01752,0.01754,623415.0
2026-07-09 01:00:00+00:00,0.01754,0.01775,0.0175,0.01753,1317201.0
2026-07-09 02:00:00+00:00,0.01753,0.01759,0.01739,0.01742,757722.0
2026-07-09 03:00:00+00:00,0.01741,0.01741,0.01731,0.01739,530683.0
2026-07-09 04:00:00+00:00,0.0174,0.0176,0.01738,0.01759,911882.0
2026-07-09 05:00:00+00:00,0.01759,0.01765,0.01755,0.01761,724609.0
2026-07-09 06:00:00+00:00,0.01762,0.01769,0.01758,0.01766,491118.0
2026-07-09 07:00:00+00:00,0.01766,0.01771,0.01759,0.01762,640496.0
2026-07-09 08:00:00+00:00,0.01763,0.01763,0.01756,0.01756,322510.0
2026-07-09 09:00:00+00:00,0.01756,0.01758,0.01749,0.01754,864181.0
2026-07-09 10:00:00+00:00,0.01755,0.01759,0.01751,0.01755,672095.0
2026-07-09 11:00:00+00:00,0.01755,0.01758,0.01749,0.01757,485361.0
2026-07-09 12:00:00+00:00,0.01756,0.01759,0.01751,0.01754,734912.0
2026-07-09 13:00:00+00:00,0.01755,0.01766,0.01749,0.01761,646353.0
2026-07-09 14:00:00+00:00,0.01762,0.01762,0.01745,0.01752,1218864.0
2026-07-09 15:00:00+00:00,0.01752,0.01761,0.01749,0.01752,763952.0
2026-07-09 16:00:00+00:00,0.01752,0.01758,0.01744,0.01744,467365.0
2026-07-09 17:00:00+00:00,0.01744,0.0176,0.01743,0.01757,718872.0
2026-07-09 18:00:00+00:00,0.0176,0.01769,0.01759,0.01759,970326.0
2026-07-09 19:00:00+00:00,0.01758,0.0176,0.0175,0.01756,908152.0
2026-07-09 20:00:00+00:00,0.01756,0.01757,0.01752,0.01755,320137.0
2026-07-09 21:00:00+00:00,0.01756,0.01759,0.01751,0.01752,324776.0
2026-07-09 22:00:00+00:00,0.01753,0.01753,0.01744,0.01745,626363.0
2026-07-09 23:00:00+00:00,0.01744,0.01749,0.0174,0.01743,977269.0
2026-07-10 00:00:00+00:00,0.01743,0.01745,0.01733,0.01742,932833.0
2026-07-10 01:00:00+00:00,0.01743,0.01772,0.01737,0.01761,2707232.0
2026-07-10 02:00:00+00:00,0.01762,0.01767,0.01755,0.01764,1073745.0
2026-07-10 03:00:00+00:00,0.01765,0.01771,0.01761,0.01768,543284.0
2026-07-10 04:00:00+00:00,0.01768,0.01771,0.01767,0.01768,469897.0
2026-07-10 05:00:00+00:00,0.01769,0.01782,0.01764,0.01766,1719149.0
2026-07-10 06:00:00+00:00,0.01765,0.01773,0.01764,0.01765,694037.0
2026-07-10 07:00:00+00:00,0.01765,0.01771,0.01763,0.01767,682403.0
2026-07-10 08:00:00+00:00,0.01767,0.01778,0.01765,0.01774,622100.0
2026-07-10 09:00:00+00:00,0.01775,0.01779,0.01771,0.01775,899179.0
2026-07-10 10:00:00+00:00,0.01775,0.01809,0.01775,0.01786,2214450.0
2026-07-10 11:00:00+00:00,0.01787,0.01796,0.01783,0.01794,1402305.0
2026-07-10 12:00:00+00:00,0.01794,0.01805,0.01784,0.01785,1636421.0
2026-07-10 13:00:00+00:00,0.01786,0.0179,0.01781,0.01784,867389.0
2026-07-10 14:00:00+00:00,0.01783,0.01786,0.0176,0.01772,2299700.0
2026-07-10 15:00:00+00:00,0.01773,0.01785,0.0177,0.01776,542100.0
2026-07-10 16:00:00+00:00,0.01776,0.01783,0.01771,0.01779,509607.0
2026-07-10 17:00:00+00:00,0.01779,0.01781,0.01773,0.01774,493806.0
2026-07-10 18:00:00+00:00,0.01774,0.0178,0.01761,0.01765,809988.0
2026-07-10 19:00:00+00:00,0.01764,0.01771,0.01762,0.01765,881678.0
2026-07-10 20:00:00+00:00,0.01765,0.0177,0.01761,0.01764,761235.0
2026-07-10 21:00:00+00:00,0.01764,0.01771,0.01764,0.01767,435546.0
2026-07-10 22:00:00+00:00,0.01767,0.01773,0.01765,0.01768,654759.0
2026-07-10 23:00:00+00:00,0.01768,0.0177,0.01763,0.01763,644440.0
2026-07-11 00:00:00+00:00,0.01765,0.01767,0.01754,0.01759,1577849.0
2026-07-11 01:00:00+00:00,0.0176,0.01766,0.01756,0.0176,632985.0
2026-07-11 02:00:00+00:00,0.01758,0.01771,0.01758,0.01769,393803.0
2026-07-11 03:00:00+00:00,0.01768,0.01782,0.01767,0.01776,697062.0
2026-07-11 04:00:00+00:00,0.01775,0.01775,0.01763,0.01764,641023.0
2026-07-11 05:00:00+00:00,0.01763,0.01771,0.0176,0.01767,813156.0
2026-07-11 06:00:00+00:00,0.01766,0.01778,0.01765,0.01767,1225245.0
2026-07-11 07:00:00+00:00,0.01767,0.01771,0.0176,0.01764,853839.0
2026-07-11 08:00:00+00:00,0.01764,0.01773,0.01764,0.01768,578591.0
2026-07-11 09:00:00+00:00,0.01769,0.01791,0.01769,0.0178,1130279.0
2026-07-11 10:00:00+00:00,0.01779,0.01782,0.01773,0.01776,709674.0
2026-07-11 11:00:00+00:00,0.01777,0.01792,0.01777,0.01787,538194.0
2026-07-11 12:00:00+00:00,0.01788,0.01815,0.01787,0.01803,3736621.0
2026-07-11 13:00:00+00:00,0.01802,0.01818,0.018,0.01801,2917157.0
2026-07-11 14:00:00+00:00,0.018,0.01816,0.01799,0.01799,1495856.0
2026-07-11 15:00:00+00:00,0.01801,0.01812,0.01788,0.01791,1391421.0
2026-07-11 16:00:00+00:00,0.01792,0.01803,0.01788,0.01803,1468543.0
2026-07-11 17:00:00+00:00,0.01802,0.01812,0.01797,0.01797,1933539.0
2026-07-11 18:00:00+00:00,0.01798,0.01803,0.01797,0.01798,553888.0
2026-07-11 19:00:00+00:00,0.01798,0.01801,0.01794,0.018,694214.0
2026-07-11 20:00:00+00:00,0.01801,0.01803,0.01795,0.01797,749913.0
2026-07-11 21:00:00+00:00,0.01797,0.01799,0.01788,0.01791,613209.0
2026-07-11 22:00:00+00:00,0.0179,0.01793,0.01778,0.0178,1110491.0
2026-07-11 23:00:00+00:00,0.0178,0.01783,0.0175,0.01753,2663084.0
2026-07-12 00:00:00+00:00,0.01752,0.01762,0.01746,0.01752,1425253.0
2026-07-12 01:00:00+00:00,0.01752,0.01767,0.01752,0.01765,649850.0
2026-07-12 02:00:00+00:00,0.01766,0.01769,0.01764,0.01767,501452.0
2026-07-12 03:00:00+00:00,0.01767,0.01776,0.01766,0.01774,436994.0
2026-07-12 04:00:00+00:00,0.01775,0.01777,0.01766,0.01768,348453.0
2026-07-12 05:00:00+00:00,0.01767,0.01771,0.01762,0.01762,340687.0
2026-07-12 06:00:00+00:00,0.01762,0.01762,0.01748,0.01754,941467.0
2026-07-12 07:00:00+00:00,0.01754,0.01756,0.01749,0.0175,284586.0
2026-07-12 08:00:00+00:00,0.0175,0.01759,0.01749,0.01753,524944.0
2026-07-12 09:00:00+00:00,0.01753,0.01758,0.01746,0.01757,753090.0
2026-07-12 10:00:00+00:00,0.01756,0.01757,0.0175,0.01753,1060041.0
2026-07-12 11:00:00+00:00,0.01753,0.01762,0.01749,0.01761,518363.0
2026-07-12 12:00:00+00:00,0.01762,0.01769,0.0176,0.01761,857072.0
2026-07-12 13:00:00+00:00,0.01762,0.01765,0.01758,0.01758,425148.0
2026-07-12 14:00:00+00:00,0.01759,0.01767,0.01753,0.01763,406068.0
2026-07-12 15:00:00+00:00,0.01763,0.01766,0.01759,0.01763,457774.0
2026-07-12 16:00:00+00:00,0.01763,0.01764,0.01758,0.01762,532817.0
2026-07-12 17:00:00+00:00,0.01763,0.01765,0.01752,0.01753,455404.0
2026-07-12 18:00:00+00:00,0.01754,0.01758,0.01752,0.01757,425143.0
2026-07-12 19:00:00+00:00,0.01757,0.01762,0.01755,0.01759,485985.0
2026-07-12 20:00:00+00:00,0.01759,0.01762,0.01751,0.01753,393736.0
2026-07-12 21:00:00+00:00,0.01754,0.01757,0.01749,0.01751,267777.0
2026-07-12 22:00:00+00:00,0.0175,0.0175,0.01738,0.01746,1179516.0
2026-07-12 23:00:00+00:00,0.01746,0.01748,0.0174,0.01745,609483.0
2026-07-13 00:00:00+00:00,0.01744,0.01773,0.01741,0.01754,741141.0
2026-07-13 01:00:00+00:00,0.01752,0.0176,0.01734,0.01735,1638819.0
2026-07-13 02:00:00+00:00,0.01734,0.01741,0.01731,0.01731,778459.0
2026-07-13 03:00:00+00:00,0.0173,0.01731,0.017,0.01713,4228048.0
2026-07-13 04:00:00+00:00,0.01713,0.01721,0.0171,0.01714,488926.0
2026-07-13 05:00:00+00:00,0.01714,0.01728,0.01709,0.01724,686656.0
2026-07-13 06:00:00+00:00,0.01726,0.01731,0.01723,0.01729,346419.0
2026-07-13 07:00:00+00:00,0.01729,0.01736,0.01725,0.01734,1521622.0
2026-07-13 08:00:00+00:00,0.01736,0.01737,0.01727,0.0173,1529486.0
2026-07-13 09:00:00+00:00,0.0173,0.01732,0.01725,0.01725,686695.0
2026-07-13 10:00:00+00:00,0.01725,0.01732,0.01723,0.01724,1706299.0
2026-07-13 11:00:00+00:00,0.01725,0.01733,0.01725,0.01725,1259593.0
2026-07-13 12:00:00+00:00,0.01725,0.01727,0.01716,0.01721,1779544.0
2026-07-13 13:00:00+00:00,0.01721,0.01725,0.01714,0.01722,1715055.0
2026-07-13 14:00:00+00:00,0.01723,0.01733,0.01715,0.01731,2606535.0
2026-07-13 15:00:00+00:00,0.01731,0.01733,0.01717,0.01719,712997.0
2026-07-13 16:00:00+00:00,0.01719,0.01723,0.01712,0.01715,1509198.0
2026-07-13 17:00:00+00:00,0.01716,0.01719,0.01702,0.01705,1679806.0
2026-07-13 18:00:00+00:00,0.01704,0.01714,0.01703,0.01709,1972045.0
2026-07-13 19:00:00+00:00,0.01711,0.01715,0.01706,0.01713,856352.0
2026-07-13 20:00:00+00:00,0.01714,0.01715,0.017,0.01705,1087187.0
2026-07-13 21:00:00+00:00,0.01705,0.01716,0.01694,0.01705,6237640.0
2026-07-13 22:00:00+00:00,0.01704,0.01711,0.01698,0.01708,1043203.0
2026-07-13 23:00:00+00:00,0.01709,0.01724,0.01706,0.01723,1002196.0
2026-07-14 00:00:00+00:00,0.01724,0.01743,0.01722,0.01742,771856.0
2026-07-14 01:00:00+00:00,0.01742,0.01742,0.01724,0.01725,901956.0
2026-07-14 02:00:00+00:00,0.01725,0.01732,0.01722,0.0173,991448.0
2026-07-14 03:00:00+00:00,0.0173,0.01733,0.01717,0.01726,621731.0
2026-07-14 04:00:00+00:00,0.01727,0.0174,0.01726,0.0174,657310.0
2026-07-14 05:00:00+00:00,0.01739,0.01784,0.01739,0.01751,6578642.0
2026-07-14 06:00:00+00:00,0.01752,0.01759,0.01752,0.01754,893628.0
2026-07-14 07:00:00+00:00,0.01754,0.01758,0.01739,0.01741,1112636.0
2026-07-14 08:00:00+00:00,0.01741,0.01744,0.01735,0.01737,595837.0
2026-07-14 09:00:00+00:00,0.01737,0.01744,0.01732,0.01733,718020.0
2026-07-14 10:00:00+00:00,0.01732,0.01741,0.01731,0.01739,588038.0
2026-07-14 11:00:00+00:00,0.01739,0.01744,0.01736,0.01743,459146.0
2026-07-14 12:00:00+00:00,0.01744,0.01764,0.01732,0.01762,2382598.0
2026-07-14 13:00:00+00:00,0.01761,0.01774,0.01753,0.01765,1736588.0
2026-07-14 14:00:00+00:00,0.01764,0.01775,0.01756,0.01773,1925018.0
2026-07-14 15:00:00+00:00,0.01773,0.0178,0.01767,0.01768,1204941.0
2026-07-14 16:00:00+00:00,0.0177,0.01772,0.01764,0.01769,878132.0
2026-07-14 17:00:00+00:00,0.01767,0.01771,0.01759,0.01766,457421.0
2026-07-14 18:00:00+00:00,0.01767,0.01768,0.01759,0.01761,559902.0
2026-07-14 19:00:00+00:00,0.01761,0.01764,0.01756,0.01762,709701.0
2026-07-14 20:00:00+00:00,0.01762,0.01762,0.01756,0.01759,343355.0
2026-07-14 21:00:00+00:00,0.01759,0.01763,0.01757,0.01758,295072.0
2026-07-14 22:00:00+00:00,0.01759,0.01771,0.01755,0.01759,965444.0
2026-07-14 23:00:00+00:00,0.01759,0.01763,0.01756,0.01763,350668.0
2026-07-15 00:00:00+00:00,0.01765,0.01776,0.01764,0.01767,1257940.0
2026-07-15 01:00:00+00:00,0.01768,0.01771,0.01763,0.01766,219768.0
2026-07-15 02:00:00+00:00,0.01765,0.01771,0.01763,0.01769,353038.0
2026-07-15 03:00:00+00:00,0.01769,0.01794,0.01769,0.01792,858784.0
2026-07-15 04:00:00+00:00,0.01792,0.01796,0.01778,0.01779,1276937.0
2026-07-15 05:00:00+00:00,0.01778,0.01781,0.0177,0.01781,368228.0
2026-07-15 06:00:00+00:00,0.01782,0.01789,0.01776,0.01779,505988.0
2026-07-15 07:00:00+00:00,0.0178,0.01784,0.01766,0.0177,1292991.0
2026-07-15 08:00:00+00:00,0.01771,0.01776,0.01769,0.01773,540192.0
2026-07-15 09:00:00+00:00,0.01772,0.01784,0.01766,0.01771,1033307.0
2026-07-15 10:00:00+00:00,0.0177,0.01775,0.01766,0.01768,300447.0
2026-07-15 11:00:00+00:00,0.01768,0.01773,0.01767,0.01771,184310.0
2026-07-15 12:00:00+00:00,0.01773,0.01795,0.0177,0.0179,2158084.0
2026-07-15 13:00:00+00:00,0.01791,0.01798,0.01777,0.01782,1432112.0
2026-07-15 14:00:00+00:00,0.01783,0.0179,0.01778,0.01789,674879.0
2026-07-15 15:00:00+00:00,0.01788,0.01788,0.01772,0.01779,1574714.0
2026-07-15 16:00:00+00:00,0.0178,0.0178,0.01765,0.0177,1331987.0
2026-07-15 17:00:00+00:00,0.0177,0.0179,0.01765,0.01779,2772686.0
2026-07-15 18:00:00+00:00,0.0178,0.01782,0.01772,0.01776,665280.0
2026-07-15 19:00:00+00:00,0.01777,0.01778,0.01767,0.01769,431271.0
2026-07-15 20:00:00+00:00,0.0177,0.01777,0.01768,0.01774,593672.0
2026-07-15 21:00:00+00:00,0.01774,0.01782,0.01773,0.01781,354777.0
2026-07-15 22:00:00+00:00,0.0178,0.01784,0.01779,0.01779,473161.0
2026-07-15 23:00:00+00:00,0.01779,0.0178,0.01769,0.01771,488293.0
2026-07-16 00:00:00+00:00,0.01772,0.01778,0.01769,0.01773,237510.0
2026-07-16 01:00:00+00:00,0.01774,0.01782,0.01768,0.0178,313305.0
2026-07-16 02:00:00+00:00,0.01779,0.01787,0.01779,0.01784,527007.0
2026-07-16 03:00:00+00:00,0.01785,0.01786,0.01774,0.01777,812627.0
2026-07-16 04:00:00+00:00,0.01776,0.01783,0.01776,0.01779,983658.0
2026-07-16 05:00:00+00:00,0.0178,0.01788,0.01758,0.01765,7166261.0
2026-07-16 06:00:00+00:00,0.01764,0.01777,0.01764,0.01772,1409547.0
2026-07-16 07:00:00+00:00,0.01773,0.01773,0.01757,0.01758,949730.0
2026-07-16 08:00:00+00:00,0.01757,0.0176,0.0174,0.01746,2339584.0
2026-07-16 09:00:00+00:00,0.01747,0.01747,0.01736,0.01737,1198876.0
2026-07-16 10:00:00+00:00,0.01737,0.01742,0.01719,0.01725,8138003.0
2026-07-16 11:00:00+00:00,0.01725,0.01743,0.01724,0.01743,1810919.0
2026-07-16 12:00:00+00:00,0.01743,0.01745,0.01735,0.01739,863806.0
2026-07-16 13:00:00+00:00,0.01738,0.01752,0.01737,0.01748,1194349.0
2026-07-16 14:00:00+00:00,0.01749,0.01758,0.01746,0.01747,1105866.0
2026-07-16 15:00:00+00:00,0.0175,0.01756,0.01742,0.01751,709692.0
2026-07-16 16:00:00+00:00,0.0175,0.01752,0.01744,0.01745,537752.0
2026-07-16 17:00:00+00:00,0.01744,0.01744,0.01732,0.01738,619011.0
2026-07-16 18:00:00+00:00,0.01738,0.01746,0.01737,0.01737,852930.0
2026-07-16 19:00:00+00:00,0.01737,0.0174,0.01733,0.01735,522552.0
2026-07-16 20:00:00+00:00,0.01734,0.01737,0.01731,0.01735,688726.0
2026-07-16 21:00:00+00:00,0.01735,0.01743,0.01733,0.01734,452643.0
2026-07-16 22:00:00+00:00,0.01734,0.01737,0.01725,0.01726,697628.0
2026-07-16 23:00:00+00:00,0.01726,0.01727,0.01715,0.0172,784425.0
2026-07-17 00:00:00+00:00,0.0172,0.01725,0.01713,0.01725,541693.0
2026-07-17 01:00:00+00:00,0.01726,0.01726,0.01711,0.01713,570301.0
2026-07-17 02:00:00+00:00,0.01714,0.01717,0.01707,0.0171,695247.0
2026-07-17 03:00:00+00:00,0.01711,0.01728,0.0171,0.01723,1630943.0
2026-07-17 04:00:00+00:00,0.01723,0.01726,0.01709,0.01723,2179199.0
2026-07-17 05:00:00+00:00,0.01723,0.01727,0.01705,0.01708,1189789.0
2026-07-17 06:00:00+00:00,0.01708,0.01717,0.01705,0.01714,648539.0
2026-07-17 07:00:00+00:00,0.01714,0.01714,0.01704,0.01704,734882.0
2026-07-17 08:00:00+00:00,0.01704,0.01716,0.01702,0.01714,962392.0
2026-07-17 09:00:00+00:00,0.01714,0.01722,0.01714,0.01718,884705.0
2026-07-17 10:00:00+00:00,0.01718,0.01726,0.01718,0.0172,545577.0
2026-07-17 11:00:00+00:00,0.0172,0.01723,0.01718,0.01719,652148.0
2026-07-17 12:00:00+00:00,0.01719,0.01719,0.0171,0.0171,919495.0
2026-07-17 13:00:00+00:00,0.01709,0.0171,0.0169,0.01709,3272138.0
2026-07-17 14:00:00+00:00,0.0171,0.01717,0.0171,0.01712,978880.0
2026-07-17 15:00:00+00:00,0.01712,0.0172,0.01703,0.0172,1199834.0
2026-07-17 16:00:00+00:00,0.0172,0.01733,0.01717,0.01727,909861.0
2026-07-17 17:00:00+00:00,0.01728,0.0174,0.01726,0.01726,884104.0
2026-07-17 18:00:00+00:00,0.01725,0.01731,0.01722,0.01727,483442.0
2026-07-17 19:00:00+00:00,0.01726,0.01731,0.01721,0.01724,581702.0
2026-07-17 20:00:00+00:00,0.01724,0.01724,0.01705,0.01713,3222459.0
2026-07-17 21:00:00+00:00,0.01712,0.01714,0.01707,0.0171,2012708.0
2026-07-17 22:00:00+00:00,0.0171,0.01713,0.01701,0.01709,967896.0
2026-07-17 23:00:00+00:00,0.01709,0.01714,0.01705,0.01711,1933837.0
2026-07-18 00:00:00+00:00,0.01711,0.01714,0.01704,0.01704,1245840.0
2026-07-18 01:00:00+00:00,0.01706,0.0171,0.01703,0.01708,810924.0
2026-07-18 02:00:00+00:00,0.01708,0.01711,0.01704,0.01707,1001632.0
2026-07-18 03:00:00+00:00,0.01707,0.0171,0.01703,0.01708,659537.0
2026-07-18 04:00:00+00:00,0.01708,0.01709,0.01698,0.01699,716529.0
2026-07-18 05:00:00+00:00,0.01699,0.01702,0.01692,0.01695,1159156.0
2026-07-18 06:00:00+00:00,0.01694,0.01707,0.01691,0.01695,2146404.0
2026-07-18 07:00:00+00:00,0.01695,0.01696,0.01689,0.01693,583222.0
2026-07-18 08:00:00+00:00,0.01694,0.01698,0.01689,0.01689,636682.0
2026-07-18 09:00:00+00:00,0.0169,0.01691,0.0168,0.01686,1271340.0
2026-07-18 10:00:00+00:00,0.01687,0.01693,0.01687,0.01691,332662.0
2026-07-18 11:00:00+00:00,0.01691,0.01693,0.0169,0.01692,796266.0
2026-07-18 12:00:00+00:00,0.01692,0.01697,0.01683,0.01691,729604.0
2026-07-18 13:00:00+00:00,0.0169,0.01692,0.01685,0.01689,527357.0
2026-07-18 14:00:00+00:00,0.01689,0.017,0.01688,0.01692,812646.0
2026-07-18 15:00:00+00:00,0.01693,0.01694,0.01688,0.0169,992871.0
2026-07-18 16:00:00+00:00,0.01691,0.01704,0.01688,0.01697,2754744.0
2026-07-18 17:00:00+00:00,0.01698,0.01704,0.01694,0.01703,784049.0
2026-07-18 18:00:00+00:00,0.01703,0.01712,0.01701,0.01704,860250.0
2026-07-18 19:00:00+00:00,0.01703,0.01705,0.01697,0.01697,370574.0
2026-07-18 20:00:00+00:00,0.01698,0.01701,0.01696,0.01697,407483.0
2026-07-18 21:00:00+00:00,0.01696,0.01699,0.01694,0.01697,282609.0
2026-07-18 22:00:00+00:00,0.01698,0.01701,0.01697,0.01698,344423.0
2026-07-18 23:00:00+00:00,0.01699,0.01699,0.01693,0.01696,281911.0
2026-07-19 00:00:00+00:00,0.01696,0.01699,0.01693,0.01695,236259.0
2026-07-19 01:00:00+00:00,0.01695,0.01695,0.01689,0.01689,318295.0
2026-07-19 02:00:00+00:00,0.01689,0.01701,0.01689,0.01691,550598.0
2026-07-19 03:00:00+00:00,0.01692,0.01692,0.01683,0.01683,417824.0
2026-07-19 04:00:00+00:00,0.01684,0.01684,0.01675,0.01681,881929.0
2026-07-19 05:00:00+00:00,0.01681,0.01689,0.01681,0.01684,407452.0
2026-07-19 06:00:00+00:00,0.01683,0.01687,0.01683,0.01686,336685.0
2026-07-19 07:00:00+00:00,0.01685,0.01686,0.0168,0.0168,477947.0
2026-07-19 08:00:00+00:00,0.0168,0.01685,0.01665,0.01667,1670127.0
2026-07-19 09:00:00+00:00,0.01666,0.01675,0.01664,0.01665,856950.0
2026-07-19 10:00:00+00:00,0.01665,0.01671,0.01661,0.01668,1003607.0
2026-07-19 11:00:00+00:00,0.01668,0.01668,0.01654,0.01658,2784988.0
2026-07-19 12:00:00+00:00,0.01659,0.01665,0.01655,0.01658,1351901.0
2026-07-19 13:00:00+00:00,0.01657,0.01657,0.01643,0.01657,3102307.0
2026-07-19 14:00:00+00:00,0.01658,0.01664,0.0165,0.01658,1690165.0
2026-07-19 15:00:00+00:00,0.01657,0.0166,0.01651,0.01654,1329569.0
2026-07-19 16:00:00+00:00,0.01656,0.01656,0.01637,0.01639,2246897.0
2026-07-19 17:00:00+00:00,0.01639,0.01646,0.01627,0.01642,2545492.0
2026-07-19 18:00:00+00:00,0.01642,0.01643,0.0163,0.01636,1546306.0
2026-07-19 19:00:00+00:00,0.01636,0.01641,0.01632,0.01639,557778.0
2026-07-19 20:00:00+00:00,0.0164,0.01645,0.01639,0.01645,528293.0
2026-07-19 21:00:00+00:00,0.01646,0.01647,0.01635,0.01636,743700.0
2026-07-19 22:00:00+00:00,0.01638,0.01651,0.01638,0.01647,988602.0
2026-07-19 23:00:00+00:00,0.01647,0.01649,0.01639,0.01646,606498.0
2026-07-20 00:00:00+00:00,0.01646,0.01659,0.01641,0.01642,3429780.0
2026-07-20 01:00:00+00:00,0.01643,0.01654,0.01633,0.01636,2429247.0
2026-07-20 02:00:00+00:00,0.01636,0.01644,0.0163,0.01642,2244724.0
2026-07-20 03:00:00+00:00,0.01643,0.01645,0.01632,0.01636,2399215.0
2026-07-20 04:00:00+00:00,0.01636,0.01636,0.01627,0.01627,1817753.0
2026-07-20 05:00:00+00:00,0.01627,0.01628,0.01611,0.01622,5306396.0
2026-07-20 06:00:00+00:00,0.01622,0.01626,0.01613,0.01624,4241277.0
2026-07-20 07:00:00+00:00,0.01625,0.01631,0.01623,0.0163,2593011.0
2026-07-20 08:00:00+00:00,0.0163,0.01631,0.01617,0.01629,5423586.0
2026-07-20 09:00:00+00:00,0.0163,0.01641,0.01624,0.01638,2878411.0
2026-07-20 10:00:00+00:00,0.01639,0.01662,0.01637,0.0165,3703669.0
2026-07-20 11:00:00+00:00,0.01651,0.01662,0.01641,0.01661,3435372.0
2026-07-20 12:00:00+00:00,0.01661,0.01661,0.01652,0.01654,1834339.0
2026-07-20 13:00:00+00:00,0.01655,0.01671,0.01648,0.01648,1533889.0
2026-07-20 14:00:00+00:00,0.01647,0.01652,0.01638,0.01652,1776725.0
2026-07-20 15:00:00+00:00,0.01651,0.01684,0.01651,0.0168,2403602.0
2026-07-20 16:00:00+00:00,0.01682,0.01684,0.01668,0.01681,2130809.0
2026-07-20 17:00:00+00:00,0.01683,0.01683,0.01673,0.01678,788201.0
2026-07-20 18:00:00+00:00,0.01678,0.01683,0.01672,0.01673,536848.0
2026-07-20 19:00:00+00:00,0.01673,0.01675,0.01667,0.01669,1170275.0
2026-07-20 20:00:00+00:00,0.01669,0.01673,0.01665,0.01668,2639828.0
2026-07-20 21:00:00+00:00,0.01668,0.0167,0.01665,0.01665,491558.0
2026-07-20 22:00:00+00:00,0.01665,0.01666,0.01656,0.01657,719333.0
2026-07-20 23:00:00+00:00,0.01657,0.01667,0.01656,0.01663,462344.0
2026-07-21 00:00:00+00:00,0.01664,0.01666,0.01658,0.01661,488975.0
2026-07-21 01:00:00+00:00,0.01661,0.01665,0.01654,0.01654,519187.0
2026-07-21 02:00:00+00:00,0.01656,0.01663,0.01654,0.0166,512033.0
2026-07-21 03:00:00+00:00,0.01661,0.01683,0.01661,0.01674,2298487.0
2026-07-21 04:00:00+00:00,0.01675,0.01675,0.01663,0.01665,481849.0
2026-07-21 05:00:00+00:00,0.01666,0.01673,0.01663,0.01671,645799.0
2026-07-21 06:00:00+00:00,0.01671,0.01697,0.01669,0.01688,3639750.0
2026-07-21 07:00:00+00:00,0.01688,0.01688,0.01675,0.0168,1103434.0
2026-07-21 08:00:00+00:00,0.0168,0.01686,0.01675,0.01685,1833780.0
2026-07-21 09:00:00+00:00,0.01686,0.01687,0.0168,0.01683,1263851.0
2026-07-21 10:00:00+00:00,0.01684,0.01686,0.01679,0.01682,1057844.0
2026-07-21 11:00:00+00:00,0.01683,0.01683,0.01677,0.01678,1398047.0
2026-07-21 12:00:00+00:00,0.0168,0.01685,0.01677,0.01684,713519.0
2026-07-21 13:00:00+00:00,0.01684,0.01688,0.01681,0.01688,711474.0
2026-07-21 14:00:00+00:00,0.01688,0.01693,0.01679,0.0169,1947428.0
2026-07-21 15:00:00+00:00,0.01689,0.01689,0.01677,0.01687,1513033.0
2026-07-21 16:00:00+00:00,0.01687,0.01687,0.01674,0.01679,541097.0
2026-07-21 17:00:00+00:00,0.0168,0.0168,0.01666,0.01675,752508.0
2026-07-21 18:00:00+00:00,0.01676,0.0168,0.01673,0.0168,735340.0
2026-07-21 19:00:00+00:00,0.01681,0.01682,0.01673,0.01677,749200.0
2026-07-21 20:00:00+00:00,0.01677,0.01678,0.01672,0.01674,365922.0
2026-07-21 21:00:00+00:00,0.01674,0.01679,0.01673,0.01677,525507.0
2026-07-21 22:00:00+00:00,0.01676,0.01677,0.01672,0.01677,394550.0
2026-07-21 23:00:00+00:00,0.01677,0.01679,0.0167,0.01678,643591.0
2026-07-22 00:00:00+00:00,0.01678,0.01683,0.01676,0.01679,680168.0
2026-07-22 01:00:00+00:00,0.01678,0.01679,0.01673,0.01677,471809.0
2026-07-22 02:00:00+00:00,0.01677,0.01677,0.01667,0.01667,747625.0
2026-07-22 03:00:00+00:00,0.01667,0.01668,0.01659,0.01659,387341.0
2026-07-22 04:00:00+00:00,0.0166,0.0167,0.01659,0.01667,1517279.0
2026-07-22 05:00:00+00:00,0.01667,0.01667,0.01642,0.01642,2390688.0
2026-07-22 06:00:00+00:00,0.01642,0.01646,0.01637,0.01639,1856052.0
2026-07-22 07:00:00+00:00,0.0164,0.01643,0.01633,0.01637,1995867.0
2026-07-22 08:00:00+00:00,0.01638,0.01648,0.01637,0.01643,825703.0
2026-07-22 09:00:00+00:00,0.01642,0.01643,0.01638,0.01639,2129861.0
2026-07-22 10:00:00+00:00,0.01639,0.0165,0.01639,0.01648,653650.0
2026-07-22 11:00:00+00:00,0.01648,0.01649,0.01642,0.01644,664913.0
2026-07-22 12:00:00+00:00,0.01644,0.01646,0.01636,0.01638,1972742.0
2026-07-22 13:00:00+00:00,0.01638,0.01656,0.01638,0.01653,2049835.0
2026-07-22 14:00:00+00:00,0.01654,0.01662,0.0165,0.01651,1821648.0
2026-07-22 15:00:00+00:00,0.01651,0.01661,0.0165,0.01652,1674191.0
2026-07-22 16:00:00+00:00,0.01652,0.01656,0.01648,0.01653,891467.0
2026-07-22 17:00:00+00:00,0.01653,0.01655,0.01647,0.01647,590791.0
2026-07-22 18:00:00+00:00,0.01648,0.01649,0.0164,0.01644,836141.0
2026-07-22 19:00:00+00:00,0.01645,0.01647,0.01635,0.01646,1469375.0
2026-07-22 20:00:00+00:00,0.01647,0.01651,0.01641,0.01649,481950.0
2026-07-22 21:00:00+00:00,0.01648,0.01651,0.01645,0.01649,484050.0
2026-07-22 22:00:00+00:00,0.01649,0.01649,0.01642,0.01647,561014.0
2026-07-22 23:00:00+00:00,0.01647,0.01655,0.01639,0.01655,1083490.0
2026-07-23 00:00:00+00:00,0.01654,0.0166,0.01649,0.01656,677260.0
2026-07-23 01:00:00+00:00,0.01656,0.01658,0.01645,0.01649,871711.0
2026-07-23 02:00:00+00:00,0.01649,0.0165,0.0164,0.01644,397632.0
2026-07-23 03:00:00+00:00,0.01645,0.01646,0.01631,0.01633,506737.0
2026-07-23 04:00:00+00:00,0.01633,0.01642,0.0163,0.01642,702633.0
2026-07-23 05:00:00+00:00,0.01641,0.01646,0.01639,0.01642,723805.0
2026-07-23 06:00:00+00:00,0.0164,0.01657,0.0164,0.01651,2441084.0
2026-07-23 07:00:00+00:00,0.01653,0.01655,0.0164,0.01641,868564.0
2026-07-23 08:00:00+00:00,0.01641,0.01649,0.0164,0.01648,749561.0
2026-07-23 09:00:00+00:00,0.01648,0.01649,0.0164,0.01641,379034.0
2026-07-23 10:00:00+00:00,0.01641,0.01647,0.01639,0.01643,647365.0
2026-07-23 11:00:00+00:00,0.01644,0.01644,0.01637,0.0164,579687.0
2026-07-23 12:00:00+00:00,0.0164,0.01641,0.01622,0.0163,1275305.0
2026-07-23 13:00:00+00:00,0.0163,0.01632,0.01614,0.01614,2790277.0
2026-07-23 14:00:00+00:00,0.01616,0.01622,0.01607,0.01612,1798562.0
2026-07-23 15:00:00+00:00,0.01612,0.01617,0.01604,0.01613,1219739.0
2026-07-23 16:00:00+00:00,0.01613,0.01617,0.01609,0.0161,2853828.0
2026-07-23 17:00:00+00:00,0.01609,0.01609,0.01578,0.01583,3032019.0
2026-07-23 18:00:00+00:00,0.01582,0.01598,0.01577,0.01593,4341347.0
2026-07-23 19:00:00+00:00,0.01593,0.01595,0.0158,0.01587,1276188.0
2026-07-23 20:00:00+00:00,0.01587,0.01596,0.01586,0.01589,1242038.0
2026-07-23 21:00:00+00:00,0.01589,0.01592,0.01582,0.01582,685885.0
2026-07-23 22:00:00+00:00,0.01582,0.01589,0.01575,0.01589,709616.0
2026-07-23 23:00:00+00:00,0.0159,0.01592,0.01584,0.01585,621316.0
2026-07-24 00:00:00+00:00,0.01586,0.01587,0.01573,0.01581,730867.0
2026-07-24 01:00:00+00:00,0.01582,0.01597,0.0158,0.01596,563861.0
2026-07-24 02:00:00+00:00,0.01596,0.01601,0.01592,0.01598,849672.0
2026-07-24 03:00:00+00:00,0.01596,0.01609,0.01596,0.01608,717475.0
2026-07-24 04:00:00+00:00,0.01608,0.01619,0.01602,0.01607,1770197.0
2026-07-24 05:00:00+00:00,0.01606,0.01607,0.01598,0.016,772626.0
2026-07-24 06:00:00+00:00,0.016,0.0161,0.01598,0.01604,1090045.0
2026-07-24 07:00:00+00:00,0.01605,0.01612,0.01601,0.01609,1432325.0
2026-07-24 08:00:00+00:00,0.01608,0.01627,0.01608,0.01611,2737144.0
2026-07-24 09:00:00+00:00,0.01612,0.01616,0.01605,0.01615,816636.0
2026-07-24 10:00:00+00:00,0.01617,0.01617,0.01603,0.01606,654391.0
2026-07-24 11:00:00+00:00,0.01605,0.01607,0.01596,0.01601,531724.0
2026-07-24 12:00:00+00:00,0.016,0.01607,0.01594,0.01594,844339.0
2026-07-24 13:00:00+00:00,0.01594,0.01595,0.01577,0.01587,2336225.0
2026-07-24 14:00:00+00:00,0.0159,0.01592,0.01574,0.01583,872870.0
2026-07-24 15:00:00+00:00,0.01583,0.0159,0.01579,0.01584,1428588.0
2026-07-24 16:00:00+00:00,0.01583,0.01583,0.01571,0.0158,1391900.0
2026-07-24 17:00:00+00:00,0.0158,0.01595,0.01578,0.01594,1271808.0
2026-07-24 18:00:00+00:00,0.01594,0.01596,0.01587,0.01596,664182.0
2026-07-24 19:00:00+00:00,0.01596,0.01596,0.01585,0.01586,673905.0
2026-07-24 20:00:00+00:00,0.01587,0.01596,0.01586,0.01591,2403834.0
2026-07-24 21:00:00+00:00,0.01592,0.01592,0.01576,0.01576,1473218.0
2026-07-24 22:00:00+00:00,0.01577,0.01583,0.01575,0.01577,870308.0
2026-07-24 23:00:00+00:00,0.01577,0.01582,0.01577,0.01581,293678.0
2026-07-25 00:00:00+00:00,0.01578,0.01588,0.01578,0.01588,888727.0
2026-07-25 01:00:00+00:00,0.01589,0.01591,0.01582,0.01582,303648.0
2026-07-25 02:00:00+00:00,0.01583,0.01583,0.01574,0.01574,591318.0
2026-07-25 03:00:00+00:00,0.01574,0.01578,0.01573,0.01575,605763.0
2026-07-25 04:00:00+00:00,0.01576,0.01578,0.01574,0.01576,273518.0
2026-07-25 05:00:00+00:00,0.01577,0.01578,0.01573,0.01576,396890.0
2026-07-25 06:00:00+00:00,0.01575,0.01578,0.01566,0.0157,865644.0
2026-07-25 07:00:00+00:00,0.0157,0.01572,0.01561,0.01562,1049973.0
2026-07-25 08:00:00+00:00,0.01561,0.01568,0.01557,0.01563,809087.0
2026-07-25 09:00:00+00:00,0.01563,0.01568,0.01561,0.01565,618114.0
2026-07-25 10:00:00+00:00,0.01566,0.01575,0.01563,0.01571,470192.0
2026-07-25 11:00:00+00:00,0.01572,0.01576,0.0157,0.01573,1026783.0
2026-07-25 12:00:00+00:00,0.01573,0.01591,0.01572,0.01591,404170.0
2026-07-25 13:00:00+00:00,0.01593,0.01606,0.01592,0.01594,902476.0
2026-07-25 14:00:00+00:00,0.01594,0.01595,0.01592,0.01594,532428.0
2026-07-25 15:00:00+00:00,0.01595,0.01613,0.01594,0.01608,1751389.0
2026-07-25 16:00:00+00:00,0.0161,0.01642,0.01608,0.01639,5022924.0
2026-07-25 17:00:00+00:00,0.0164,0.01643,0.01627,0.01628,1190802.0
2026-07-25 18:00:00+00:00,0.01629,0.0164,0.01625,0.01631,1040074.0
2026-07-25 19:00:00+00:00,0.01632,0.01634,0.01622,0.01625,397918.0
2026-07-25 20:00:00+00:00,0.01626,0.01628,0.01621,0.01626,502980.0
2026-07-25 21:00:00+00:00,0.01626,0.01629,0.01619,0.01626,1155406.0
2026-07-25 22:00:00+00:00,0.01626,0.01632,0.01625,0.01625,589249.0
2026-07-25 23:00:00+00:00,0.01625,0.01627,0.01618,0.01622,1140823.0
2026-07-26 00:00:00+00:00,0.01623,0.01628,0.01618,0.01618,647193.0
2026-07-26 01:00:00+00:00,0.01618,0.01625,0.01614,0.01624,1051150.0
2026-07-26 02:00:00+00:00,0.01624,0.01626,0.01617,0.01622,832748.0
2026-07-26 03:00:00+00:00,0.01622,0.01623,0.01617,0.0162,840657.0
2026-07-26 04:00:00+00:00,0.0162,0.01624,0.01616,0.01618,932462.0
2026-07-26 05:00:00+00:00,0.01618,0.01624,0.01617,0.0162,534892.0
2026-07-26 06:00:00+00:00,0.01621,0.01627,0.01617,0.01626,508721.0
2026-07-26 07:00:00+00:00,0.01626,0.01637,0.01623,0.01627,1731124.0
2026-07-26 08:00:00+00:00,0.01627,0.01628,0.01618,0.01619,1655529.0
2026-07-26 09:00:00+00:00,0.01619,0.0162,0.01611,0.01612,704736.0
2026-07-26 10:00:00+00:00,0.01612,0.01624,0.01605,0.01605,2403119.0
2026-07-26 11:00:00+00:00,0.01605,0.01607,0.01598,0.01599,1491339.0
2026-07-26 12:00:00+00:00,0.01599,0.01608,0.01599,0.01602,695939.0
2026-07-26 13:00:00+00:00,0.01601,0.01602,0.01596,0.01599,383787.0
2026-07-26 14:00:00+00:00,0.01599,0.01606,0.01596,0.01598,971040.0
2026-07-26 15:00:00+00:00,0.01597,0.01605,0.01596,0.01603,784229.0
2026-07-26 16:00:00+00:00,0.01603,0.01609,0.01601,0.01603,909282.0
2026-07-26 17:00:00+00:00,0.01603,0.01606,0.01598,0.01598,894779.0
2026-07-26 18:00:00+00:00,0.01597,0.01601,0.01595,0.01598,257488.0
2026-07-26 19:00:00+00:00,0.01598,0.01599,0.01595,0.01596,496552.0
2026-07-26 20:00:00+00:00,0.01597,0.01599,0.01596,0.01598,412335.0
2026-07-26 21:00:00+00:00,0.01597,0.01602,0.01593,0.01602,609447.0
2026-07-26 22:00:00+00:00,0.01606,0.01614,0.01606,0.01611,1281534.0
2026-07-26 23:00:00+00:00,0.01612,0.01617,0.01609,0.01612,400300.0
2026-07-27 00:00:00+00:00,0.01612,0.01612,0.01606,0.01606,666028.0
2026-07-27 01:00:00+00:00,0.01607,0.01607,0.01595,0.01607,1657716.0
2026-07-27 02:00:00+00:00,0.01607,0.0162,0.01603,0.01614,1574174.0
2026-07-27 03:00:00+00:00,0.01616,0.01616,0.0161,0.01616,526165.0
2026-07-27 04:00:00+00:00,0.01616,0.01629,0.01607,0.01612,2946885.0
2026-07-27 05:00:00+00:00,0.0161,0.01612,0.01604,0.01609,577482.0
2026-07-27 06:00:00+00:00,0.01609,0.01616,0.01598,0.01599,974357.0
2026-07-27 07:00:00+00:00,0.01599,0.01601,0.01594,0.01596,1504991.0
2026-07-27 08:00:00+00:00,0.01597,0.01601,0.01593,0.01594,1252549.0
2026-07-27 09:00:00+00:00,0.01594,0.01596,0.01587,0.01592,2116159.0
2026-07-27 10:00:00+00:00,0.01592,0.01604,0.01592,0.01601,1008739.0
2026-07-27 11:00:00+00:00,0.01601,0.01601,0.01592,0.01598,1188233.0
2026-07-27 12:00:00+00:00,0.01598,0.01603,0.01591,0.01602,1629095.0
2026-07-27 13:00:00+00:00,0.01603,0.0161,0.01594,0.01604,1459069.0
2026-07-27 14:00:00+00:00,0.01603,0.01605,0.01543,0.01555,6749475.0
2026-07-27 15:00:00+00:00,0.01554,0.01557,0.01545,0.0155,1360318.0
2026-07-27 16:00:00+00:00,0.0155,0.01564,0.01546,0.01563,2762884.0
2026-07-27 17:00:00+00:00,0.01564,0.01572,0.01562,0.01569,1130411.0
2026-07-27 18:00:00+00:00,0.0157,0.01573,0.01564,0.01568,1690258.0
2026-07-27 19:00:00+00:00,0.01567,0.01578,0.01566,0.0157,840425.0
2026-07-27 20:00:00+00:00,0.0157,0.0158,0.01569,0.0158,791928.0
2026-07-27 21:00:00+00:00,0.01581,0.01582,0.01567,0.01569,760986.0
2026-07-27 22:00:00+00:00,0.01569,0.01569,0.01525,0.01529,2806515.0
2026-07-27 23:00:00+00:00,0.01525,0.01533,0.01515,0.01529,2145890.0
2026-07-28 00:00:00+00:00,0.0153,0.0153,0.01515,0.01515,3711899.0
2026-07-28 01:00:00+00:00,0.01515,0.01516,0.01489,0.015,5591686.0
2026-07-28 02:00:00+00:00,0.01498,0.01519,0.01496,0.01519,826394.0
2026-07-28 03:00:00+00:00,0.01517,0.0152,0.01512,0.01518,761448.0
2026-07-28 04:00:00+00:00,0.01519,0.0152,0.01505,0.01509,671862.0
2026-07-28 05:00:00+00:00,0.0151,0.01516,0.01509,0.01509,619000.0
2026-07-28 06:00:00+00:00,0.01511,0.01517,0.01506,0.01516,636685.0
2026-07-28 07:00:00+00:00,0.01515,0.01517,0.01505,0.01509,494115.0
2026-07-28 08:00:00+00:00,0.0151,0.0151,0.01498,0.01505,1245682.0
2026-07-28 09:00:00+00:00,0.01505,0.0151,0.01504,0.01508,793225.0
2026-07-28 10:00:00+00:00,0.01509,0.01516,0.01509,0.01515,1038916.0
2026-07-28 11:00:00+00:00,0.01514,0.01514,0.01507,0.0151,1366075.0
2026-07-28 12:00:00+00:00,0.01509,0.01513,0.01507,0.0151,1363856.0
2026-07-28 13:00:00+00:00,0.0151,0.01513,0.01481,0.01496,2871365.0
2026-07-28 14:00:00+00:00,0.01497,0.01503,0.01491,0.015,795061.0
2026-07-28 15:00:00+00:00,0.01501,0.01525,0.01498,0.01523,1325931.0
2026-07-28 16:00:00+00:00,0.01522,0.01524,0.01515,0.01516,1689325.0
2026-07-28 17:00:00+00:00,0.01514,0.01514,0.01494,0.01507,2374238.0
2026-07-28 18:00:00+00:00,0.01508,0.01514,0.01506,0.01508,1448564.0
2026-07-28 19:00:00+00:00,0.01508,0.01512,0.01505,0.01506,739677.0
2026-07-28 20:00:00+00:00,0.01507,0.01512,0.01504,0.0151,550568.0
2026-07-28 21:00:00+00:00,0.01511,0.01522,0.0151,0.01517,914690.0
2026-07-28 22:00:00+00:00,0.01519,0.01524,0.0151,0.01514,700291.0
2026-07-28 23:00:00+00:00,0.01514,0.01526,0.01506,0.01526,762589.0
2026-07-29 00:00:00+00:00,0.01527,0.01544,0.01527,0.01534,1330546.0
2026-07-29 01:00:00+00:00,0.01534,0.01536,0.0149,0.01491,2341121.0
2026-07-29 02:00:00+00:00,0.0149,0.01503,0.01488,0.01495,867630.0
2026-07-29 03:00:00+00:00,0.01495,0.01498,0.01477,0.01479,1596011.0
2026-07-29 04:00:00+00:00,0.01477,0.01477,0.01459,0.01471,4324281.0
2026-07-29 05:00:00+00:00,0.01471,0.01489,0.0147,0.01485,1120519.0
2026-07-29 06:00:00+00:00,0.01484,0.0149,0.0148,0.01487,1003166.0
2026-07-29 07:00:00+00:00,0.01487,0.0149,0.01484,0.01489,282372.0
2026-07-29 08:00:00+00:00,0.01491,0.01491,0.01481,0.01483,1143353.0
2026-07-29 09:00:00+00:00,0.01483,0.01493,0.01482,0.0149,1118982.0
2026-07-29 10:00:00+00:00,0.0149,0.01492,0.01481,0.01483,636001.0
2026-07-29 11:00:00+00:00,0.01484,0.01489,0.01483,0.01488,207472.0
2026-07-29 12:00:00+00:00,0.01487,0.01491,0.01484,0.01484,1244244.0
2026-07-29 13:00:00+00:00,0.01485,0.01489,0.01475,0.01484,1165258.0
2026-07-29 14:00:00+00:00,0.01486,0.0149,0.01478,0.01478,1242113.0
2026-07-29 15:00:00+00:00,0.01478,0.01484,0.01474,0.01475,2076636.0
2026-07-29 16:00:00+00:00,0.01473,0.01484,0.01471,0.01479,847645.0
2026-07-29 17:00:00+00:00,0.01481,0.01484,0.01478,0.01484,1811194.0
2026-07-29 18:00:00+00:00,0.01486,0.01511,0.01486,0.01509,2393634.0
2026-07-29 19:00:00+00:00,0.0151,0.01511,0.01475,0.01478,2512575.0
2026-07-29 20:00:00+00:00,0.0148,0.01483,0.01464,0.01469,2141129.0
2026-07-29 21:00:00+00:00,0.01468,0.01489,0.01462,0.01483,2152845.0
2026-07-29 22:00:00+00:00,0.01485,0.01498,0.01485,0.01493,805956.0
2026-07-29 23:00:00+00:00,0.01494,0.01495,0.01489,0.01492,943012.0
2026-07-30 00:00:00+00:00,0.01492,0.01499,0.01487,0.01494,699740.0
2026-07-30 01:00:00+00:00,0.01494,0.01512,0.01493,0.01509,763799.0
2026-07-30 02:00:00+00:00,0.0151,0.01511,0.01502,0.01502,573647.0
2026-07-30 03:00:00+00:00,0.01503,0.01505,0.01497,0.015,181626.0
2026-07-30 04:00:00+00:00,0.01499,0.015,0.01495,0.01495,802595.0
2026-07-30 05:00:00+00:00,0.01495,0.01499,0.01491,0.01499,443498.0
2026-07-30 06:00:00+00:00,0.01499,0.01503,0.01485,0.01489,1700594.0
2026-07-30 07:00:00+00:00,0.0149,0.01493,0.01481,0.01484,2028984.0
2026-07-30 08:00:00+00:00,0.01484,0.01486,0.01481,0.01482,1134589.0
2026-07-30 09:00:00+00:00,0.01484,0.01485,0.01479,0.01483,779151.0
2026-07-30 10:00:00+00:00,0.01482,0.01493,0.01482,0.01485,339715.0
2026-07-30 11:00:00+00:00,0.01485,0.01493,0.01484,0.01491,475959.0
2026-07-30 12:00:00+00:00,0.01491,0.01492,0.01481,0.01487,616381.0
2026-07-30 13:00:00+00:00,0.01486,0.01499,0.01482,0.01494,1029744.0
2026-07-30 14:00:00+00:00,0.01493,0.01499,0.01486,0.01495,1717536.0
2026-07-30 15:00:00+00:00,0.01494,0.015,0.01484,0.0149,6007039.0
2026-07-30 16:00:00+00:00,0.01489,0.01494,0.01479,0.01481,955613.0
2026-07-30 17:00:00+00:00,0.01479,0.01487,0.01476,0.01486,800085.0
2026-07-30 18:00:00+00:00,0.01488,0.01488,0.01471,0.01476,1387849.0
2026-07-30 19:00:00+00:00,0.01476,0.01485,0.01476,0.01484,810460.0
2026-07-30 20:00:00+00:00,0.01485,0.01491,0.01485,0.01488,1632307.0
2026-07-30 21:00:00+00:00,0.01488,0.01493,0.01487,0.01491,425948.0
2026-07-30 22:00:00+00:00,0.01491,0.01498,0.01491,0.01496,709410.0
2026-07-30 23:00:00+00:00,0.01496,0.01503,0.01494,0.01497,948409.0
2026-07-31 00:00:00+00:00,0.01497,0.01497,0.01489,0.01494,956678.0
2026-07-31 01:00:00+00:00,0.01495,0.01507,0.01488,0.0149,2321100.0
2026-07-31 02:00:00+00:00,0.01488,0.01489,0.01477,0.01478,7979072.0
2026-07-31 03:00:00+00:00,0.01478,0.0148,0.01469,0.0147,6867694.0
2026-07-31 04:00:00+00:00,0.01469,0.0147,0.01433,0.01441,10950139.0
2026-07-31 05:00:00+00:00,0.01441,0.0145,0.0144,0.0145,3130122.0
2026-07-31 06:00:00+00:00,0.0145,0.01452,0.01443,0.01444,4384640.0
2026-07-31 07:00:00+00:00,0.01443,0.01451,0.01434,0.01446,3062357.0
2026-07-31 08:00:00+00:00,0.01447,0.01451,0.01442,0.01445,1898233.0
2026-07-31 09:00:00+00:00,0.01444,0.01448,0.01437,0.01437,2784048.0
2026-07-31 10:00:00+00:00,0.01436,0.0144,0.01433,0.01438,1219272.0
2026-07-31 11:00:00+00:00,0.01438,0.01442,0.01428,0.0143,1967840.0
2026-07-31 12:00:00+00:00,0.0143,0.01437,0.01425,0.01437,1896269.0
2026-07-31 13:00:00+00:00,0.01437,0.01446,0.01427,0.01429,3160624.0
2026-07-31 14:00:00+00:00,0.0143,0.01439,0.01417,0.01433,2718075.0
2026-07-31 15:00:00+00:00,0.01433,0.01438,0.01429,0.01432,1515383.0
2026-07-31 16:00:00+00:00,0.01433,0.01442,0.0142,0.0143,3339621.0
2026-07-31 17:00:00+00:00,0.01429,0.0144,0.01428,0.01438,1654077.0
2026-07-31 18:00:00+00:00,0.01439,0.01442,0.01426,0.01431,2451124.0
2026-07-31 19:00:00+00:00,0.01432,0.01434,0.01427,0.01431,1027232.0
2026-07-31 20:00:00+00:00,0.0143,0.0143,0.01421,0.01422,1753255.0
2026-07-31 21:00:00+00:00,0.01423,0.0143,0.0142,0.01424,1418040.0
2026-07-31 22:00:00+00:00,0.01424,0.01424,0.01418,0.01418,1514401.0
2026-07-31 23:00:00+00:00,0.01419,0.01432,0.01418,0.01431,853977.0
2026-08-01 00:00:00+00:00,0.01433,0.01442,0.01432,0.01439,684475.0
2026-08-01 01:00:00+00:00,0.0144,0.01445,0.01437,0.01441,373231.0
2026-08-01 02:00:00+00:00,0.01442,0.01443,0.01439,0.01441,304607.0
2026-08-01 03:00:00+00:00,0.01442,0.01443,0.01434,0.01438,292883.0
2026-08-01 04:00:00+00:00,0.01438,0.01441,0.01433,0.01437,498366.0
2026-08-01 05:00:00+00:00,0.01437,0.01438,0.01428,0.01431,1410656.0
2026-08-01 06:00:00+00:00,0.01433,0.01435,0.01427,0.01431,624255.0
2026-08-01 07:00:00+00:00,0.01432,0.01432,0.01423,0.01423,411539.0
2026-08-01 08:00:00+00:00,0.01423,0.01433,0.01422,0.01433,1172744.0
2026-08-01 09:00:00+00:00,0.01432,0.01434,0.01426,0.01433,861940.0
2026-08-01 10:00:00+00:00,0.01433,0.01433,0.01423,0.01432,918468.0
2026-08-01 11:00:00+00:00,0.01433,0.01441,0.01432,0.01439,563630.0
2026-08-01 12:00:00+00:00,0.01439,0.01443,0.01431,0.0144,825070.0
2026-08-01 13:00:00+00:00,0.01441,0.01442,0.01437,0.01439,616189.0
2026-08-01 14:00:00+00:00,0.0144,0.01445,0.01436,0.01445,565304.0
2026-08-01 15:00:00+00:00,0.01443,0.01449,0.01436,0.01438,1008903.0
2026-08-01 16:00:00+00:00,0.01438,0.01463,0.01438,0.01453,1455414.0
2026-08-01 17:00:00+00:00,0.01453,0.01454,0.01433,0.0144,1992729.0
2026-08-01 18:00:00+00:00,0.0144,0.0144,0.01408,0.01419,3109412.0
2026-08-01 19:00:00+00:00,0.0142,0.01421,0.01412,0.01415,808796.0
2026-08-01 20:00:00+00:00,0.01414,0.01419,0.0141,0.01411,886799.0
2026-08-01 21:00:00+00:00,0.01412,0.01425,0.01412,0.01419,2105832.0
2026-08-01 22:00:00+00:00,0.01419,0.01424,0.01415,0.01416,944768.0
2026-08-01 23:00:00+00:00,0.01417,0.0142,0.01412,0.01413,410823.0
2026-08-02 00:00:00+00:00,0.01414,0.01421,0.01414,0.0142,452649.0
2026-08-02 01:00:00+00:00,0.01421,0.01427,0.0142,0.01422,526264.0
2026-08-02 02:00:00+00:00,0.01422,0.01436,0.01421,0.0143,527390.0
2026-08-02 03:00:00+00:00,0.01431,0.01438,0.01429,0.0143,1865001.0
2026-08-02 04:00:00+00:00,0.0143,0.01453,0.01428,0.01443,3548127.0
2026-08-02 05:00:00+00:00,0.01446,0.01463,0.01439,0.01457,2759801.0
2026-08-02 06:00:00+00:00,0.01457,0.01457,0.01442,0.01446,918605.0
2026-08-02 07:00:00+00:00,0.01446,0.0145,0.01439,0.01449,1885758.0
2026-08-02 08:00:00+00:00,0.01449,0.0145,0.01439,0.0144,910205.0
2026-08-02 09:00:00+00:00,0.01441,0.01442,0.01433,0.01435,677704.0
2026-08-02 10:00:00+00:00,0.01435,0.01436,0.01431,0.01433,371341.0
2026-08-02 11:00:00+00:00,0.01433,0.01439,0.0143,0.01433,966600.0
2026-08-02 12:00:00+00:00,0.01434,0.01444,0.01434,0.01437,746447.0
2026-08-02 13:00:00+00:00,0.01437,0.01437,0.01427,0.01434,1800712.0
2026-08-02 14:00:00+00:00,0.01434,0.01442,0.01431,0.01436,1692442.0
2026-08-02 15:00:00+00:00,0.01438,0.01441,0.01434,0.01435,565600.0
2026-08-02 16:00:00+00:00,0.01435,0.01443,0.01431,0.01442,439385.0
2026-08-02 17:00:00+00:00,0.0144,0.0145,0.0144,0.01449,376068.0
2026-08-02 18:00:00+00:00,0.01448,0.0146,0.01448,0.01452,1197135.0
2026-08-02 19:00:00+00:00,0.01452,0.01458,0.0145,0.01454,584553.0
2026-08-02 20:00:00+00:00,0.01454,0.01456,0.0145,0.01456,644021.0
2026-08-02 21:00:00+00:00,0.01457,0.01473,0.01456,0.01464,1482985.0
2026-08-02 22:00:00+00:00,0.01466,0.01472,0.01461,0.01469,1184390.0
2026-08-02 23:00:00+00:00,0.0147,0.0148,0.01469,0.0147,1809587.0
2026-08-03 00:00:00+00:00,0.01471,0.01477,0.0146,0.01462,2861371.0
2026-08-03 01:00:00+00:00,0.01462,0.01462,0.01457,0.0146,1641863.0
2026-08-03 02:00:00+00:00,0.01459,0.01461,0.01443,0.01444,1152117.0
2026-08-03 03:00:00+00:00,0.01444,0.01446,0.01434,0.01441,1249726.0
2026-08-03 04:00:00+00:00,0.01441,0.01449,0.01439,0.01439,617207.0
2026-08-03 05:00:00+00:00,0.01439,0.01447,0.01438,0.01446,1225630.0
2026-08-03 06:00:00+00:00,0.01446,0.01446,0.01432,0.01433,968506.0
2026-08-03 07:00:00+00:00,0.01433,0.01438,0.0143,0.01434,553497.0
2026-08-03 08:00:00+00:00,0.01434,0.0144,0.01427,0.01439,654825.0
2026-08-03 09:00:00+00:00,0.01439,0.01454,0.01438,0.01452,936695.0
2026-08-03 10:00:00+00:00,0.01452,0.01453,0.01449,0.01452,592692.0
2026-08-03 11:00:00+00:00,0.01452,0.01463,0.01452,0.01459,2017936.0
2026-08-03 12:00:00+00:00,0.01459,0.0146,0.01448,0.01455,1724290.0
2026-08-03 13:00:00+00:00,0.01456,0.01479,0.01456,0.01473,2848126.0
2026-08-03 14:00:00+00:00,0.01474,0.01474,0.0146,0.01463,1898043.0
2026-08-03 15:00:00+00:00,0.01464,0.01469,0.01462,0.01465,1562960.0
2026-08-03 16:00:00+00:00,0.01465,0.01473,0.01464,0.01469,1937495.0
2026-08-03 17:00:00+00:00,0.01469,0.01471,0.01467,0.01469,661215.0
2026-08-03 18:00:00+00:00,0.01468,0.01486,0.01467,0.01472,2933089.0
2026-08-03 19:00:00+00:00,0.01472,0.01474,0.01468,0.0147,404877.0
2026-08-03 20:00:00+00:00,0.01469,0.01483,0.01468,0.01482,802797.0
2026-08-03 21:00:00+00:00,0.01482,0.01493,0.01482,0.01488,2590289.0
2026-08-03 22:00:00+00:00,0.01488,0.01489,0.01478,0.0148,895613.0
2026-08-03 23:00:00+00:00,0.01479,0.01482,0.01477,0.01479,407700.0
2026-08-04 00:00:00+00:00,0.0148,0.01483,0.01476,0.01478,1000229.0
2026-08-04 01:00:00+00:00,0.01478,0.01487,0.01476,0.01481,2478995.0
2026-08-04 02:00:00+00:00,0.01482,0.01489,0.01477,0.0148,1055815.0
2026-08-04 03:00:00+00:00,0.01481,0.01483,0.01477,0.01478,947356.0
2026-08-04 04:00:00+00:00,0.01478,0.01482,0.01476,0.01476,670038.0
2026-08-04 05:00:00+00:00,0.01477,0.01483,0.01476,0.01483,692303.0
2026-08-04 06:00:00+00:00,0.01482,0.01482,0.01468,0.01469,950567.0
2026-08-04 07:00:00+00:00,0.01469,0.01474,0.01468,0.01471,1718113.0
2026-08-04 08:00:00+00:00,0.01472,0.01475,0.01469,0.0147,420318.0
2026-08-04 09:00:00+00:00,0.0147,0.0147,0.01464,0.01464,413033.0
2026-08-04 10:00:00+00:00,0.01464,0.01474,0.01462,0.0147,2152912.0
2026-08-04 11:00:00+00:00,0.0147,0.01471,0.01468,0.01468,868846.0
2026-08-04 12:00:00+00:00,0.01468,0.01468,0.01458,0.01458,986845.0
2026-08-04 13:00:00+00:00,0.01457,0.01465,0.01457,0.01458,1952937.0
2026-08-04 14:00:00+00:00,0.01458,0.01463,0.01454,0.01462,827322.0
2026-08-04 15:00:00+00:00,0.01463,0.0147,0.01461,0.01468,786627.0
2026-08-04 16:00:00+00:00,0.01469,0.01471,0.01463,0.01465,1587520.0
2026-08-04 17:00:00+00:00,0.01466,0.01471,0.01463,0.01463,352341.0
2026-08-04 18:00:00+00:00,0.01463,0.01476,0.01463,0.0147,1291934.0
2026-08-04 19:00:00+00:00,0.0147,0.01477,0.01467,0.01473,760151.0
2026-08-04 20:00:00+00:00,0.01471,0.0148,0.0147,0.01479,908885.0
2026-08-04 21:00:00+00:00,0.01478,0.01478,0.01469,0.0147,422104.0
2026-08-04 22:00:00+00:00,0.01471,0.01476,0.01466,0.01475,338792.0
2026-08-04 23:00:00+00:00,0.01475,0.01477,0.01461,0.01461,690711.0
2026-08-05 00:00:00+00:00,0.01461,0.01465,0.01459,0.01462,556756.0
2026-08-05 01:00:00+00:00,0.01462,0.01465,0.01457,0.01464,1723923.0
2026-08-05 02:00:00+00:00,0.01464,0.01469,0.0146,0.01468,2040257.0
2026-08-05 03:00:00+00:00,0.01468,0.01469,0.01452,0.01456,831415.0
2026-08-05 04:00:00+00:00,0.01455,0.01462,0.01455,0.0146,544393.0
2026-08-05 05:00:00+00:00,0.0146,0.01467,0.0146,0.01466,435644.0
2026-08-05 06:00:00+00:00,0.01465,0.01469,0.01464,0.01465,298714.0
2026-08-05 07:00:00+00:00,0.01465,0.01465,0.01458,0.0146,2244120.0
2026-08-05 08:00:00+00:00,0.01461,0.01473,0.01458,0.01463,2181587.0
2026-08-05 09:00:00+00:00,0.01463,0.01468,0.0146,0.0146,181980.0
2026-08-05 10:00:00+00:00,0.01462,0.01464,0.01455,0.01459,1199395.0
2026-08-05 11:00:00+00:00,0.01459,0.01461,0.01453,0.01454,1642582.0
2026-08-05 12:00:00+00:00,0.01453,0.01468,0.01452,0.01461,865689.0
2026-08-05 13:00:00+00:00,0.01461,0.01461,0.01418,0.01442,8380288.0
2026-08-05 14:00:00+00:00,0.01444,0.01451,0.01441,0.01451,2222624.0
2026-08-05 15:00:00+00:00,0.0145,0.01452,0.01442,0.01444,1112113.0
2026-08-05 16:00:00+00:00,0.01443,0.01452,0.01443,0.0145,584477.0
2026-08-05 17:00:00+00:00,0.01451,0.01467,0.01448,0.01458,3646223.0
2026-08-05 18:00:00+00:00,0.01458,0.01461,0.01452,0.01459,1329632.0
2026-08-05 19:00:00+00:00,0.01459,0.0147,0.01457,0.01469,518417.0
2026-08-05 20:00:00+00:00,0.01469,0.01495,0.01467,0.01482,5142162.0
2026-08-05 21:00:00+00:00,0.01482,0.01506,0.01478,0.01501,3289294.0
2026-08-05 22:00:00+00:00,0.01499,0.01506,0.01493,0.01496,4977007.0
2026-08-05 23:00:00+00:00,0.01495,0.01507,0.01483,0.01484,3344519.0
2026-08-06 00:00:00+00:00,0.01485,0.01485,0.01471,0.01475,1467142.0
2026-08-06 01:00:00+00:00,0.01475,0.01477,0.01461,0.01462,584403.0
2026-08-06 02:00:00+00:00,0.01461,0.01462,0.01455,0.01455,1310063.0
2026-08-06 03:00:00+00:00,0.01455,0.01455,0.01449,0.01449,764453.0
2026-08-06 04:00:00+00:00,0.01449,0.01456,0.01447,0.01451,1189983.0
2026-08-06 05:00:00+00:00,0.01451,0.01455,0.0145,0.01451,1218247.0
2026-08-06 06:00:00+00:00,0.01451,0.01459,0.0145,0.01457,2171839.0
2026-08-06 07:00:00+00:00,0.01455,0.01455,0.0145,0.01452,351357.0
2026-08-06 08:00:00+00:00,0.01451,0.01459,0.01448,0.01455,1054069.0
2026-08-06 09:00:00+00:00,0.01456,0.01458,0.01443,0.01445,993985.0
2026-08-06 10:00:00+00:00,0.01444,0.01446,0.01437,0.01437,1613902.0
2026-08-06 11:00:00+00:00,0.01438,0.01446,0.01436,0.01442,1851179.0
2026-08-06 12:00:00+00:00,0.01441,0.01447,0.01435,0.01438,2006321.0
2026-08-06 13:00:00+00:00,0.01438,0.01451,0.01437,0.01446,1350039.0
2026-08-06 14:00:00+00:00,0.01446,0.01449,0.01441,0.01447,1711629.0
2026-08-06 15:00:00+00:00,0.01447,0.01453,0.01445,0.01447,805723.0
2026-08-06 16:00:00+00:00,0.01446,0.01454,0.01444,0.01451,885043.0
2026-08-06 17:00:00+00:00,0.01451,0.01453,0.01442,0.01443,451446.0
2026-08-06 18:00:00+00:00,0.01443,0.01445,0.01438,0.01442,2043371.0
2026-08-06 19:00:00+00:00,0.01444,0.01446,0.01441,0.01443,775634.0
2026-08-06 20:00:00+00:00,0.01442,0.01452,0.01441,0.01446,1085619.0
2026-08-06 21:00:00+00:00,0.01447,0.01454,0.01447,0.01452,396247.0
2026-08-06 22:00:00+00:00,0.01452,0.01455,0.01446,0.01449,969942.0
2026-08-06 23:00:00+00:00,0.01449,0.01452,0.01446,0.01449,466780.0
2026-08-07 00:00:00+00:00,0.01449,0.01454,0.01446,0.01449,471496.0
2026-08-07 01:00:00+00:00,0.0145,0.01454,0.01449,0.01451,827092.0
2026-08-07 02:00:00+00:00,0.01451,0.01454,0.01449,0.01452,1588137.0
2026-08-07 03:00:00+00:00,0.01452,0.01453,0.01439,0.0144,1238563.0
2026-08-07 04:00:00+00:00,0.0144,0.01445,0.01438,0.01442,1590325.0
2026-08-07 05:00:00+00:00,0.01442,0.01451,0.01438,0.01451,924514.0
2026-08-07 06:00:00+00:00,0.01451,0.01459,0.01449,0.01457,1431595.0
2026-08-07 07:00:00+00:00,0.01457,0.0146,0.01451,0.01458,1328847.0
2026-08-07 08:00:00+00:00,0.01457,0.01458,0.01451,0.01451,863716.0
2026-08-07 09:00:00+00:00,0.01452,0.01454,0.01444,0.01446,1027514.0
2026-08-07 10:00:00+00:00,0.01445,0.01448,0.0144,0.01443,1167727.0
2026-08-07 11:00:00+00:00,0.01443,0.0145,0.01442,0.01448,794777.0
2026-08-07 12:00:00+00:00,0.01448,0.01452,0.01434,0.01437,2271096.0
2026-08-07 13:00:00+00:00,0.01437,0.01445,0.01434,0.01443,2008112.0
2026-08-07 14:00:00+00:00,0.01444,0.01445,0.01428,0.0143,1248118.0
2026-08-07 15:00:00+00:00,0.0143,0.01438,0.0143,0.01435,658550.0
2026-08-07 16:00:00+00:00,0.01435,0.01437,0.01421,0.01423,962216.0
2026-08-07 17:00:00+00:00,0.01422,0.01437,0.01421,0.01436,3240541.0
2026-08-07 18:00:00+00:00,0.01434,0.01437,0.01432,0.01433,383054.0
2026-08-07 19:00:00+00:00,0.01434,0.01447,0.01434,0.01442,651006.0
2026-08-07 20:00:00+00:00,0.01442,0.01449,0.01436,0.01449,3073005.0
2026-08-07 21:00:00+00:00,0.01448,0.01452,0.01447,0.01448,946551.0
2026-08-07 22:00:00+00:00,0.01447,0.01449,0.01445,0.01448,774410.0
2026-08-07 23:00:00+00:00,0.01448,0.01451,0.01448,0.0145,144315.0
2026-08-08 00:00:00+00:00,0.0145,0.0145,0.01439,0.0144,366793.0
2026-08-08 01:00:00+00:00,0.01441,0.01449,0.0144,0.01448,432397.0
2026-08-08 02:00:00+00:00,0.01449,0.0145,0.01442,0.01443,412888.0
2026-08-08 03:00:00+00:00,0.01442,0.01443,0.01432,0.01433,1778904.0
2026-08-08 04:00:00+00:00,0.01433,0.01436,0.01432,0.01436,464191.0
2026-08-08 05:00:00+00:00,0.01436,0.01446,0.01435,0.01444,1109019.0
2026-08-08 06:00:00+00:00,0.01443,0.01447,0.0144,0.01444,836277.0
2026-08-08 07:00:00+00:00,0.01445,0.01445,0.01437,0.01438,713176.0
2026-08-08 08:00:00+00:00,0.01438,0.01441,0.01436,0.0144,419619.0
2026-08-08 09:00:00+00:00,0.01442,0.01451,0.01442,0.01448,1773870.0
2026-08-08 10:00:00+00:00,0.01447,0.01453,0.01442,0.01453,2418453.0
2026-08-08 11:00:00+00:00,0.01454,0.01455,0.01447,0.01449,1022109.0
2026-08-08 12:00:00+00:00,0.01452,0.01455,0.01446,0.01453,1638758.0
2026-08-08 13:00:00+00:00,0.01452,0.01453,0.01447,0.01453,1680468.0
2026-08-08 14:00:00+00:00,0.01453,0.01457,0.01449,0.01453,3083340.0
2026-08-08 15:00:00+00:00,0.01453,0.01454,0.01448,0.01452,2326487.0
2026-08-08 16:00:00+00:00,0.01452,0.01454,0.0145,0.01453,1381368.0
2026-08-08 17:00:00+00:00,0.01453,0.01455,0.0145,0.01451,1115441.0
2026-08-08 18:00:00+00:00,0.01451,0.01451,0.01448,0.01448,1695185.0
2026-08-08 19:00:00+00:00,0.01448,0.01452,0.01447,0.01448,1649899.0
2026-08-08 20:00:00+00:00,0.01448,0.01472,0.01448,0.01461,3470669.0
2026-08-08 21:00:00+00:00,0.01461,0.01464,0.01456,0.01456,1683046.0
2026-08-08 22:00:00+00:00,0.01456,0.01458,0.01448,0.01448,1458361.0
2026-08-08 23:00:00+00:00,0.01448,0.01453,0.01446,0.01448,2118601.0
2026-08-09 00:00:00+00:00,0.01449,0.0145,0.01441,0.01443,2181142.0
2026-08-09 01:00:00+00:00,0.01444,0.01446,0.0144,0.01445,1373290.0
2026-08-09 02:00:00+00:00,0.01445,0.01464,0.01445,0.01464,1212806.0
2026-08-09 03:00:00+00:00,0.01464,0.01485,0.0146,0.01472,3474863.0
2026-08-09 04:00:00+00:00,0.01472,0.01485,0.0147,0.01478,2142917.0
2026-08-09 05:00:00+00:00,0.01478,0.01479,0.01456,0.01464,1934030.0
2026-08-09 06:00:00+00:00,0.01464,0.01481,0.01464,0.01478,721960.0
2026-08-09 07:00:00+00:00,0.01477,0.01484,0.01469,0.0147,1909265.0
2026-08-09 08:00:00+00:00,0.0147,0.01476,0.01467,0.01472,690418.0
2026-08-09 09:00:00+00:00,0.01471,0.01476,0.01463,0.01466,1379656.0
2026-08-09 10:00:00+00:00,0.01466,0.01467,0.0146,0.01466,597416.0
2026-08-09 11:00:00+00:00,0.01466,0.01469,0.01462,0.01464,553830.0
2026-08-09 12:00:00+00:00,0.01463,0.01464,0.01457,0.0146,915931.0
2026-08-09 13:00:00+00:00,0.01461,0.01467,0.0146,0.01463,514648.0
2026-08-09 14:00:00+00:00,0.01463,0.0147,0.01463,0.0147,469307.0
2026-08-09 15:00:00+00:00,0.01471,0.01475,0.01469,0.01471,553830.0
2026-08-09 16:00:00+00:00,0.01471,0.01484,0.01471,0.0148,639029.0
2026-08-09 17:00:00+00:00,0.01482,0.01482,0.01472,0.01472,1493182.0
2026-08-09 18:00:00+00:00,0.01471,0.01474,0.01468,0.01468,206411.0
2026-08-09 19:00:00+00:00,0.01472,0.01474,0.01469,0.01471,732054.0
2026-08-09 20:00:00+00:00,0.01471,0.01476,0.01471,0.01476,383139.0
2026-08-09 21:00:00+00:00,0.01476,0.01477,0.0147,0.01472,612788.0
2026-08-09 22:00:00+00:00,0.01474,0.01479,0.01457,0.01459,1439550.0
2026-08-09 23:00:00+00:00,0.01459,0.01462,0.01444,0.01445,1638897.0
2026-08-10 00:00:00+00:00,0.01445,0.01457,0.01441,0.01449,1710813.0
2026-08-10 01:00:00+00:00,0.01449,0.01465,0.01448,0.0146,837268.0
2026-08-10 02:00:00+00:00,0.01461,0.01461,0.01451,0.01458,665209.0
2026-08-10 03:00:00+00:00,0.01459,0.01459,0.01451,0.01451,704506.0
2026-08-10 04:00:00+00:00,0.01452,0.01457,0.01449,0.01451,395461.0
2026-08-10 05:00:00+00:00,0.01452,0.01461,0.01452,0.01459,1616039.0
2026-08-10 06:00:00+00:00,0.0146,0.01463,0.01458,0.01463,349677.0
2026-08-10 07:00:00+00:00,0.01464,0.01468,0.01459,0.0146,1443434.0
2026-08-10 08:00:00+00:00,0.0146,0.01467,0.01457,0.01463,870011.0
2026-08-10 09:00:00+00:00,0.01462,0.01467,0.01458,0.01467,701530.0
2026-08-10 10:00:00+00:00,0.01466,0.0147,0.01463,0.0147,887305.0
2026-08-10 11:00:00+00:00,0.01468,0.0147,0.01462,0.01467,766934.0
2026-08-10 12:00:00+00:00,0.01467,0.01473,0.01462,0.01462,620688.0
2026-08-10 13:00:00+00:00,0.01463,0.01463,0.0145,0.01458,1059317.0
2026-08-10 14:00:00+00:00,0.01458,0.0146,0.01444,0.01446,727627.0
2026-08-10 15:00:00+00:00,0.01444,0.01449,0.01435,0.01442,1746492.0
2026-08-10 16:00:00+00:00,0.01442,0.01445,0.01436,0.01437,2576291.0
2026-08-10 17:00:00+00:00,0.01437,0.01447,0.01435,0.0144,585534.0
2026-08-10 18:00:00+00:00,0.0144,0.01441,0.01435,0.01435,671342.0
2026-08-10 19:00:00+00:00,0.01435,0.01439,0.0143,0.01432,1496013.0
2026-08-10 20:00:00+00:00,0.01431,0.01432,0.01425,0.01425,1673731.0
2026-08-10 21:00:00+00:00,0.01425,0.01426,0.01413,0.01413,1854211.0
2026-08-10 22:00:00+00:00,0.01413,0.01416,0.01405,0.01412,1988347.0
2026-08-10 23:00:00+00:00,0.01411,0.0142,0.01407,0.01416,1863546.0
2026-08-11 00:00:00+00:00,0.01416,0.01418,0.01409,0.01415,1783392.0
2026-08-11 01:00:00+00:00,0.01416,0.0142,0.01415,0.01418,554112.0
2026-08-11 02:00:00+00:00,0.01418,0.01426,0.01418,0.01419,1312925.0
2026-08-11 03:00:00+00:00,0.01419,0.01422,0.01417,0.01419,834883.0
2026-08-11 04:00:00+00:00,0.01419,0.01419,0.01415,0.01417,587782.0
2026-08-11 05:00:00+00:00,0.01416,0.01418,0.01413,0.01416,1048325.0
2026-08-11 06:00:00+00:00,0.01415,0.01416,0.01409,0.01413,969659.0
2026-08-11 07:00:00+00:00,0.01414,0.01416,0.01404,0.01406,2048153.0
2026-08-11 08:00:00+00:00,0.01405,0.01419,0.01403,0.01415,3984410.0
2026-08-11 09:00:00+00:00,0.01415,0.01415,0.01408,0.01412,1746713.0
2026-08-11 10:00:00+00:00,0.01412,0.01415,0.01398,0.0141,1979231.0
2026-08-11 11:00:00+00:00,0.01411,0.01415,0.01408,0.01411,1841920.0
2026-08-11 12:00:00+00:00,0.0141,0.01412,0.01398,0.01399,1638373.0
2026-08-11 13:00:00+00:00,0.01399,0.01408,0.01399,0.01403,1712308.0
2026-08-11 14:00:00+00:00,0.01403,0.01411,0.01395,0.01397,4425733.0
2026-08-11 15:00:00+00:00,0.01397,0.01401,0.01372,0.01381,5608346.0
2026-08-11 16:00:00+00:00,0.0138,0.01386,0.01377,0.01378,1468981.0
2026-08-11 17:00:00+00:00,0.01378,0.01383,0.01378,0.01379,1339182.0
2026-08-11 18:00:00+00:00,0.01379,0.01382,0.01377,0.01381,1100061.0
2026-08-11 19:00:00+00:00,0.01381,0.01382,0.01377,0.0138,831205.0
2026-08-11 20:00:00+00:00,0.0138,0.01389,0.0138,0.01388,1680007.0
2026-08-11 21:00:00+00:00,0.01388,0.01391,0.01386,0.01386,1029841.0
2026-08-11 22:00:00+00:00,0.01387,0.01392,0.01386,0.01388,1627279.0
2026-08-11 23:00:00+00:00,0.01388,0.01389,0.01376,0.01379,2006099.0
2026-08-12 00:00:00+00:00,0.01378,0.01387,0.01369,0.01381,3232198.0
2026-08-12 01:00:00+00:00,0.01382,0.01395,0.01382,0.01391,1888889.0
2026-08-12 02:00:00+00:00,0.01391,0.01394,0.01387,0.01389,824070.0
2026-08-12 03:00:00+00:00,0.01389,0.01393,0.01387,0.01391,1210199.0
2026-08-12 04:00:00+00:00,0.0139,0.01392,0.01387,0.01388,1301109.0
2026-08-12 05:00:00+00:00,0.01388,0.0139,0.01386,0.01388,948489.0
2026-08-12 06:00:00+00:00,0.01388,0.0139,0.01376,0.01377,1829620.0
2026-08-12 07:00:00+00:00,0.01377,0.01379,0.01372,0.01376,829240.0
2026-08-12 08:00:00+00:00,0.01375,0.01379,0.01367,0.0137,1506857.0
2026-08-12 09:00:00+00:00,0.01369,0.01378,0.01368,0.01377,924871.0
2026-08-12 10:00:00+00:00,0.01377,0.01384,0.01377,0.01381,1344705.0
2026-08-12 11:00:00+00:00,0.01381,0.01388,0.01381,0.01387,935994.0
2026-08-12 12:00:00+00:00,0.01387,0.01409,0.01382,0.01408,4420888.0
2026-08-12 13:00:00+00:00,0.01409,0.01412,0.01398,0.01405,2786908.0
2026-08-12 14:00:00+00:00,0.01405,0.01405,0.01387,0.01388,2401180.0
2026-08-12 15:00:00+00:00,0.01388,0.01394,0.01378,0.01379,1573183.0
2026-08-12 16:00:00+00:00,0.01378,0.01391,0.01378,0.01382,2099179.0
2026-08-12 17:00:00+00:00,0.01382,0.01385,0.01379,0.01379,1268304.0
2026-08-12 18:00:00+00:00,0.01379,0.01381,0.01365,0.01369,4344549.0
2026-08-12 19:00:00+00:00,0.01369,0.01371,0.01349,0.01352,3651956.0
2026-08-12 20:00:00+00:00,0.01352,0.01364,0.01348,0.01351,2571749.0
2026-08-12 21:00:00+00:00,0.01349,0.01351,0.01322,0.01325,5223738.0
2026-08-12 22:00:00+00:00,0.01325,0.0134,0.01321,0.01336,1996294.0
2026-08-12 23:00:00+00:00,0.01336,0.01347,0.01334,0.01342,2603903.0
2026-08-13 00:00:00+00:00,0.01341,0.01351,0.0134,0.0134,831312.0
2026-08-13 01:00:00+00:00,0.0134,0.01343,0.01333,0.01334,1933261.0
2026-08-13 02:00:00+00:00,0.01333,0.01338,0.01327,0.01338,1311961.0
2026-08-13 03:00:00+00:00,0.01338,0.01346,0.01336,0.01341,1840489.0
2026-08-13 04:00:00+00:00,0.01341,0.01349,0.01341,0.01347,1076311.0
2026-08-13 05:00:00+00:00,0.01347,0.01353,0.01343,0.01347,1337911.0
2026-08-13 06:00:00+00:00,0.01347,0.01351,0.01345,0.0135,1376894.0
2026-08-13 07:00:00+00:00,0.0135,0.01358,0.01344,0.01347,2070594.0
2026-08-13 08:00:00+00:00,0.01347,0.01358,0.01347,0.01353,2363905.0
2026-08-13 09:00:00+00:00,0.01354,0.01358,0.01345,0.01357,2332994.0
2026-08-13 10:00:00+00:00,0.01358,0.0136,0.0135,0.0135,2037770.0
2026-08-13 11:00:00+00:00,0.0135,0.01355,0.01347,0.01352,1130126.0
2026-08-13 12:00:00+00:00,0.01352,0.01373,0.01351,0.01365,3155037.0
2026-08-13 13:00:00+00:00,0.01364,0.01368,0.01357,0.01366,1536162.0
2026-08-13 14:00:00+00:00,0.01366,0.01385,0.01366,0.01379,2100561.0
2026-08-13 15:00:00+00:00,0.01379,0.01391,0.01374,0.01374,2324604.0
2026-08-13 16:00:00+00:00,0.01375,0.01377,0.01357,0.01359,2713049.0
2026-08-13 17:00:00+00:00,0.01359,0.01364,0.01357,0.01357,785894.0
2026-08-13 18:00:00+00:00,0.01357,0.01357,0.01344,0.01346,1086758.0
2026-08-13 19:00:00+00:00,0.01347,0.01352,0.01346,0.01346,746916.0
2026-08-13 20:00:00+00:00,0.01346,0.01374,0.01344,0.01345,7491480.0
2026-08-13 21:00:00+00:00,0.01345,0.01371,0.01344,0.01364,2054953.0
2026-08-13 22:00:00+00:00,0.01364,0.01368,0.01362,0.01366,711538.0
2026-08-13 23:00:00+00:00,0.01365,0.01365,0.01356,0.01356,592231.0
2026-08-14 00:00:00+00:00,0.01359,0.01369,0.01358,0.01366,614425.0
2026-08-14 01:00:00+00:00,0.01365,0.01367,0.01357,0.0136,846942.0
2026-08-14 02:00:00+00:00,0.0136,0.01362,0.01355,0.0136,1082742.0
2026-08-14 03:00:00+00:00,0.0136,0.0136,0.01351,0.01353,611525.0
2026-08-14 04:00:00+00:00,0.01352,0.01357,0.01346,0.01346,963015.0
2026-08-14 05:00:00+00:00,0.01347,0.01353,0.01346,0.01348,1044518.0
2026-08-14 06:00:00+00:00,0.01347,0.01353,0.01342,0.01342,1619415.0
2026-08-14 07:00:00+00:00,0.01342,0.01343,0.01334,0.01335,1008714.0
2026-08-14 08:00:00+00:00,0.01335,0.01338,0.01331,0.01336,863568.0
2026-08-14 09:00:00+00:00,0.01336,0.01337,0.01332,0.01335,1054811.0
2026-08-14 10:00:00+00:00,0.01334,0.01343,0.01333,0.01339,1411409.0
2026-08-14 11:00:00+00:00,0.01339,0.01346,0.01337,0.01337,1271455.0
2026-08-14 12:00:00+00:00,0.01337,0.0134,0.01332,0.01335,1630919.0
2026-08-14 13:00:00+00:00,0.01335,0.01343,0.01333,0.0134,726141.0
2026-08-14 14:00:00+00:00,0.01341,0.01342,0.01331,0.01332,945052.0
2026-08-14 15:00:00+00:00,0.01331,0.01349,0.01328,0.01346,1303077.0
2026-08-14 16:00:00+00:00,0.01346,0.01368,0.01346,0.01356,1987617.0
2026-08-14 17:00:00+00:00,0.01357,0.01357,0.01349,0.0135,1015988.0
2026-08-14 18:00:00+00:00,0.01351,0.01354,0.01348,0.01349,702323.0
2026-08-14 19:00:00+00:00,0.01348,0.01349,0.01343,0.01347,1222207.0
2026-08-14 20:00:00+00:00,0.01347,0.01351,0.01347,0.01349,1291830.0
2026-08-14 21:00:00+00:00,0.01349,0.01352,0.01344,0.01346,1050546.0
2026-08-14 22:00:00+00:00,0.01346,0.01352,0.01345,0.01348,565034.0
2026-08-14 23:00:00+00:00,0.01348,0.01353,0.01345,0.01352,240200.0
2026-08-15 00:00:00+00:00,0.01352,0.01361,0.0135,0.01361,455623.0
2026-08-15 01:00:00+00:00,0.0136,0.01366,0.01357,0.01357,346828.0
2026-08-15 02:00:00+00:00,0.01359,0.01363,0.01357,0.01361,856692.0
2026-08-15 03:00:00+00:00,0.01362,0.01362,0.01354,0.01356,694137.0
2026-08-15 04:00:00+00:00,0.01356,0.01366,0.01356,0.01364,281511.0
2026-08-15 05:00:00+00:00,0.01364,0.01366,0.01361,0.01362,366221.0
2026-08-15 06:00:00+00:00,0.01362,0.01369,0.01361,0.01363,857932.0
2026-08-15 07:00:00+00:00,0.01364,0.01366,0.01356,0.01357,441703.0
2026-08-15 08:00:00+00:00,0.01357,0.0136,0.01355,0.01357,567888.0
2026-08-15 09:00:00+00:00,0.01357,0.01364,0.01357,0.01359,1060708.0
2026-08-15 10:00:00+00:00,0.0136,0.01372,0.01358,0.01367,1416771.0
2026-08-15 11:00:00+00:00,0.01367,0.01373,0.01365,0.01372,818743.0
2026-08-15 12:00:00+00:00,0.01372,0.01379,0.01368,0.01369,2691798.0
2026-08-15 13:00:00+00:00,0.01368,0.01375,0.01365,0.0137,1379478.0
2026-08-15 14:00:00+00:00,0.01373,0.01373,0.01364,0.01366,1723125.0
2026-08-15 15:00:00+00:00,0.01365,0.01368,0.01362,0.01367,1238717.0
2026-08-15 16:00:00+00:00,0.01368,0.01369,0.0136,0.01363,890735.0
2026-08-15 17:00:00+00:00,0.01363,0.01364,0.01358,0.01359,1067036.0
2026-08-15 18:00:00+00:00,0.01359,0.0136,0.01353,0.01357,1112223.0
2026-08-15 19:00:00+00:00,0.01356,0.01356,0.01351,0.01355,665667.0
2026-08-15 20:00:00+00:00,0.01355,0.01362,0.01354,0.0136,972099.0
2026-08-15 21:00:00+00:00,0.0136,0.01364,0.01356,0.01361,1509607.0
2026-08-15 22:00:00+00:00,0.01361,0.01364,0.01356,0.01356,329093.0
2026-08-15 23:00:00+00:00,0.01356,0.01356,0.01346,0.01351,1200491.0
2026-08-16 00:00:00+00:00,0.01351,0.01357,0.01349,0.01351,807936.0
2026-08-16 01:00:00+00:00,0.0135,0.01351,0.01343,0.01344,344632.0
2026-08-16 02:00:00+00:00,0.01344,0.01348,0.01341,0.01346,185984.0
2026-08-16 03:00:00+00:00,0.01347,0.0135,0.01345,0.01345,827618.0
2026-08-16 04:00:00+00:00,0.01344,0.01345,0.01341,0.01344,336310.0
2026-08-16 05:00:00+00:00,0.01344,0.01348,0.01341,0.01344,517423.0
2026-08-16 06:00:00+00:00,0.01344,0.01346,0.01341,0.01343,315424.0
2026-08-16 07:00:00+00:00,0.01343,0.01355,0.01342,0.0135,682962.0
2026-08-16 08:00:00+00:00,0.0135,0.01357,0.01348,0.01353,412446.0
2026-08-16 09:00:00+00:00,0.01354,0.01358,0.0135,0.01354,1152430.0
2026-08-16 10:00:00+00:00,0.01354,0.01354,0.01348,0.01349,253196.0
2026-08-16 11:00:00+00:00,0.01349,0.01351,0.01345,0.01347,983583.0
2026-08-16 12:00:00+00:00,0.01347,0.01354,0.01345,0.01354,439569.0
2026-08-16 13:00:00+00:00,0.01355,0.01355,0.01347,0.01348,726500.0
2026-08-16 14:00:00+00:00,0.01348,0.01349,0.01345,0.01345,217151.0
2026-08-16 15:00:00+00:00,0.01346,0.0135,0.01344,0.01348,296339.0
2026-08-16 16:00:00+00:00,0.01348,0.01353,0.01347,0.01348,526426.0
2026-08-16 17:00:00+00:00,0.01348,0.0135,0.01345,0.01347,458568.0
2026-08-16 18:00:00+00:00,0.01347,0.01347,0.01341,0.01342,417377.0
2026-08-16 19:00:00+00:00,0.01342,0.01358,0.01341,0.0135,1690407.0
2026-08-16 20:00:00+00:00,0.01349,0.0135,0.0134,0.01342,1190780.0
2026-08-16 21:00:00+00:00,0.01341,0.01341,0.01316,0.01324,2882851.0
2026-08-16 22:00:00+00:00,0.01321,0.01328,0.01317,0.01325,942631.0
2026-08-16 23:00:00+00:00,0.01325,0.01329,0.01325,0.01326,466652.0
2026-08-17 00:00:00+00:00,0.01326,0.01332,0.01324,0.01331,447270.0
2026-08-17 01:00:00+00:00,0.01331,0.01348,0.01331,0.01344,1167432.0
2026-08-17 02:00:00+00:00,0.01345,0.01355,0.01342,0.01352,2063449.0
2026-08-17 03:00:00+00:00,0.01353,0.01353,0.01342,0.01345,2756842.0
2026-08-17 04:00:00+00:00,0.01346,0.01355,0.01346,0.01354,619182.0
2026-08-17 05:00:00+00:00,0.01354,0.01355,0.01348,0.01351,899154.0
2026-08-17 06:00:00+00:00,0.0135,0.01359,0.01347,0.01351,3013580.0
2026-08-17 07:00:00+00:00,0.01351,0.01351,0.01338,0.01339,852629.0
2026-08-17 08:00:00+00:00,0.01339,0.01341,0.01333,0.01333,835100.0
2026-08-17 09:00:00+00:00,0.01333,0.01336,0.01329,0.01331,734420.0
2026-08-17 10:00:00+00:00,0.0133,0.01336,0.01329,0.01331,2400541.0
2026-08-17 11:00:00+00:00,0.01331,0.01337,0.0133,0.01332,1308452.0
2026-08-17 12:00:00+00:00,0.01332,0.01334,0.01329,0.01332,801757.0
2026-08-17 13:00:00+00:00,0.01331,0.01338,0.01326,0.01332,722653.0
2026-08-17 14:00:00+00:00,0.01332,0.01335,0.01329,0.01335,860878.0
2026-08-17 15:00:00+00:00,0.01335,0.01349,0.01335,0.01348,1947550.0
2026-08-17 16:00:00+00:00,0.0135,0.01359,0.01348,0.01348,3657583.0
2026-08-17 17:00:00+00:00,0.01348,0.01354,0.01339,0.0134,2936478.0
2026-08-17 18:00:00+00:00,0.0134,0.01344,0.01337,0.0134,1100455.0
2026-08-17 19:00:00+00:00,0.01341,0.01343,0.01337,0.0134,456817.0
2026-08-17 20:00:00+00:00,0.0134,0.01351,0.0134,0.01349,1924507.0
2026-08-17 21:00:00+00:00,0.01349,0.01349,0.01346,0.01348,1333734.0
2026-08-17 22:00:00+00:00,0.01345,0.01347,0.0134,0.01341,705716.0
2026-08-17 23:00:00+00:00,0.01341,0.01348,0.01341,0.01345,707119.0
2026-08-18 00:00:00+00:00,0.01345,0.01346,0.01343,0.01345,861347.0
2026-08-18 01:00:00+00:00,0.01345,0.01347,0.01334,0.01335,853156.0
2026-08-18 02:00:00+00:00,0.01335,0.01339,0.01304,0.01306,4451077.0
2026-08-18 03:00:00+00:00,0.01305,0.01311,0.01299,0.01308,2258333.0
2026-08-18 04:00:00+00:00,0.01309,0.01318,0.01307,0.01315,821342.0
2026-08-18 05:00:00+00:00,0.01314,0.01319,0.01312,0.01316,1066773.0
2026-08-18 06:00:00+00:00,0.01314,0.01326,0.01314,0.01321,805378.0
2026-08-18 07:00:00+00:00,0.01322,0.01325,0.01319,0.01323,1138776.0
2026-08-18 08:00:00+00:00,0.01323,0.01331,0.01317,0.01329,858766.0
2026-08-18 09:00:00+00:00,0.01329,0.0134,0.01327,0.01337,2380637.0
2026-08-18 10:00:00+00:00,0.01337,0.01341,0.01331,0.01331,1020304.0
2026-08-18 11:00:00+00:00,0.01332,0.01338,0.0133,0.01335,675049.0
2026-08-18 12:00:00+00:00,0.01335,0.01335,0.01327,0.01327,1401516.0
2026-08-18 13:00:00+00:00,0.01327,0.01328,0.01319,0.01322,1348407.0
2026-08-18 14:00:00+00:00,0.01322,0.01339,0.01322,0.01329,856477.0
2026-08-18 15:00:00+00:00,0.01329,0.01332,0.01326,0.01328,711743.0
2026-08-18 16:00:00+00:00,0.01328,0.01332,0.01326,0.01326,464433.0
2026-08-18 17:00:00+00:00,0.01326,0.01328,0.01324,0.01326,726024.0
2026-08-18 18:00:00+00:00,0.01327,0.01331,0.01327,0.01329,438160.0
2026-08-18 19:00:00+00:00,0.01329,0.01331,0.0132,0.01321,1017522.0
2026-08-18 20:00:00+00:00,0.01321,0.01322,0.01316,0.01317,932863.0
2026-08-18 21:00:00+00:00,0.01316,0.0132,0.01316,0.01317,342706.0
2026-08-18 22:00:00+00:00,0.01317,0.01321,0.01314,0.01314,623995.0
2026-08-18 23:00:00+00:00,0.01314,0.0132,0.01314,0.01317,561259.0
2026-08-19 00:00:00+00:00,0.01319,0.0132,0.01314,0.01317,810431.0
2026-08-19 01:00:00+00:00,0.01317,0.01323,0.01317,0.0132,968434.0
2026-08-19 02:00:00+00:00,0.01319,0.01319,0.01304,0.01304,1812972.0
2026-08-19 03:00:00+00:00,0.01304,0.01312,0.01302,0.01304,1233266.0
2026-08-19 04:00:00+00:00,0.01302,0.01313,0.01302,0.01312,1749436.0
2026-08-19 05:00:00+00:00,0.01312,0.01321,0.01312,0.01314,1056855.0
2026-08-19 06:00:00+00:00,0.01315,0.01322,0.01312,0.01322,836104.0
2026-08-19 07:00:00+00:00,0.01321,0.01327,0.0132,0.01325,572932.0
2026-08-19 08:00:00+00:00,0.01326,0.01328,0.01319,0.01319,711869.0
2026-08-19 09:00:00+00:00,0.01319,0.01323,0.01311,0.01312,1269877.0
2026-08-19 10:00:00+00:00,0.01312,0.01316,0.01311,0.01316,897508.0
2026-08-19 11:00:00+00:00,0.01316,0.01321,0.01313,0.01315,540068.0
2026-08-19 12:00:00+00:00,0.01314,0.01331,0.01314,0.01324,1145506.0
2026-08-19 13:00:00+00:00,0.01324,0.01331,0.01321,0.01321,993724.0
2026-08-19 14:00:00+00:00,0.01322,0.01344,0.01321,0.0134,2045403.0
2026-08-19 15:00:00+00:00,0.0134,0.01385,0.01337,0.01352,7683768.0
2026-08-19 16:00:00+00:00,0.01352,0.01368,0.01351,0.01364,3259248.0
2026-08-19 17:00:00+00:00,0.01364,0.01368,0.01357,0.01361,1493336.0
2026-08-19 18:00:00+00:00,0.01362,0.01364,0.01354,0.01364,1332627.0
2026-08-19 19:00:00+00:00,0.01364,0.01371,0.0136,0.01371,1467702.0
2026-08-19 20:00:00+00:00,0.0137,0.01396,0.0137,0.01392,4935259.0
2026-08-19 21:00:00+00:00,0.01391,0.01413,0.0139,0.01404,4798262.0
2026-08-19 22:00:00+00:00,0.01406,0.01407,0.01385,0.01389,2893454.0
2026-08-19 23:00:00+00:00,0.01391,0.01397,0.01387,0.01396,1405109.0
2026-08-20 00:00:00+00:00,0.01396,0.01408,0.01396,0.01404,1671108.0
2026-08-20 01:00:00+00:00,0.01405,0.01407,0.01393,0.01403,744739.0
2026-08-20 02:00:00+00:00,0.01403,0.01404,0.01394,0.01394,522844.0
2026-08-20 03:00:00+00:00,0.01394,0.01394,0.01384,0.01388,1522230.0
2026-08-20 04:00:00+00:00,0.01387,0.01397,0.01387,0.01394,1230169.0
2026-08-20 05:00:00+00:00,0.01394,0.01394,0.01382,0.01386,1119657.0
2026-08-20 06:00:00+00:00,0.01384,0.01396,0.01381,0.01395,1411722.0
2026-08-20 07:00:00+00:00,0.01395,0.01402,0.01392,0.01399,2795746.0
2026-08-20 08:00:00+00:00,0.01398,0.01437,0.01396,0.01437,4280388.0
2026-08-20 09:00:00+00:00,0.01436,0.0145,0.01434,0.01436,4901473.0
2026-08-20 10:00:00+00:00,0.01436,0.01448,0.01436,0.01442,1521328.0
2026-08-20 11:00:00+00:00,0.01442,0.0146,0.01441,0.01453,2454074.0
2026-08-20 12:00:00+00:00,0.01454,0.0146,0.01443,0.01451,2130530.0
2026-08-20 13:00:00+00:00,0.01451,0.01452,0.01433,0.01446,2850880.0
2026-08-20 14:00:00+00:00,0.01448,0.01455,0.01443,0.01455,1911493.0
2026-08-20 15:00:00+00:00,0.01455,0.01473,0.01454,0.01469,2423384.0
2026-08-20 16:00:00+00:00,0.0147,0.01483,0.01462,0.01482,2961133.0
2026-08-20 17:00:00+00:00,0.01482,0.01492,0.01479,0.01479,3108730.0
2026-08-20 18:00:00+00:00,0.0148,0.01482,0.01456,0.0146,2261623.0
2026-08-20 19:00:00+00:00,0.01459,0.01468,0.01458,0.01464,566502.0
2026-08-20 20:00:00+00:00,0.01465,0.01485,0.01464,0.01479,2090456.0
2026-08-20 21:00:00+00:00,0.0148,0.01496,0.01473,0.01496,3680513.0
2026-08-20 22:00:00+00:00,0.01497,0.015,0.01491,0.01497,1500644.0
2026-08-20 23:00:00+00:00,0.01497,0.01504,0.01495,0.01499,1735938.0
2026-08-21 00:00:00+00:00,0.01499,0.0152,0.01499,0.01507,3155012.0
2026-08-21 01:00:00+00:00,0.01505,0.01533,0.01504,0.01522,3737903.0
2026-08-21 02:00:00+00:00,0.01522,0.01527,0.01511,0.01513,1794519.0
2026-08-21 03:00:00+00:00,0.01514,0.01519,0.01506,0.01515,1518705.0
2026-08-21 04:00:00+00:00,0.01515,0.01528,0.01515,0.01522,1365516.0
2026-08-21 05:00:00+00:00,0.01521,0.01535,0.01517,0.01533,1488578.0
2026-08-21 06:00:00+00:00,0.01533,0.01543,0.01527,0.0154,3017799.0
2026-08-21 07:00:00+00:00,0.0154,0.01576,0.01539,0.01576,6349357.0
2026-08-21 08:00:00+00:00,0.01577,0.01627,0.01576,0.01625,6849247.0
2026-08-21 09:00:00+00:00,0.01626,0.01628,0.01579,0.01621,12874510.0
2026-08-21 10:00:00+00:00,0.01622,0.01648,0.01618,0.01639,5973797.0
2026-08-21 11:00:00+00:00,0.0164,0.01642,0.01606,0.01609,4603518.0
2026-08-21 12:00:00+00:00,0.0161,0.01631,0.016,0.01628,6663043.0
2026-08-21 13:00:00+00:00,0.01627,0.01628,0.01595,0.01625,4890407.0
2026-08-21 14:00:00+00:00,0.01625,0.0163,0.0161,0.01628,2981154.0
2026-08-21 15:00:00+00:00,0.01627,0.01652,0.01623,0.01644,6365004.0
2026-08-21 16:00:00+00:00,0.01646,0.01666,0.01638,0.01652,4631604.0
2026-08-21 17:00:00+00:00,0.01651,0.01688,0.01649,0.01668,6667582.0
2026-08-21 18:00:00+00:00,0.01668,0.0169,0.01652,0.01657,5954606.0
2026-08-21 19:00:00+00:00,0.01658,0.01681,0.01648,0.0167,1825106.0
2026-08-21 20:00:00+00:00,0.0167,0.017,0.01663,0.01674,5470326.0
2026-08-21 21:00:00+00:00,0.01675,0.01697,0.01672,0.01696,6043533.0
2026-08-21 22:00:00+00:00,0.01697,0.01718,0.01693,0.0171,6407902.0
2026-08-21 23:00:00+00:00,0.01711,0.01732,0.01697,0.01728,5449831.0
2026-08-22 00:00:00+00:00,0.01727,0.01754,0.01718,0.0175,6804760.0
2026-08-22 01:00:00+00:00,0.0175,0.0175,0.01712,0.01719,4279421.0
2026-08-22 02:00:00+00:00,0.0172,0.01772,0.01719,0.0177,3271858.0
2026-08-22 03:00:00+00:00,0.0177,0.0179,0.01757,0.01776,6003752.0
2026-08-22 04:00:00+00:00,0.01779,0.01822,0.01774,0.01812,5806425.0
2026-08-22 05:00:00+00:00,0.01815,0.01815,0.01585,0.0171,31552862.0
2026-08-22 06:00:00+00:00,0.01709,0.01729,0.01689,0.01726,3443597.0
2026-08-22 07:00:00+00:00,0.01724,0.01732,0.01698,0.01702,4254735.0
2026-08-22 08:00:00+00:00,0.01701,0.01711,0.01666,0.01673,3422292.0
2026-08-22 09:00:00+00:00,0.01676,0.01684,0.01656,0.01672,3011865.0
2026-08-22 10:00:00+00:00,0.01673,0.01673,0.01633,0.01659,3818682.0
2026-08-22 11:00:00+00:00,0.0166,0.01685,0.01649,0.01685,2152019.0
2026-08-22 12:00:00+00:00,0.01683,0.01704,0.01681,0.01686,2192926.0
2026-08-22 13:00:00+00:00,0.01688,0.01695,0.01676,0.01688,1433010.0
2026-08-22 14:00:00+00:00,0.01689,0.01702,0.01667,0.01675,3498598.0
2026-08-22 15:00:00+00:00,0.01669,0.01678,0.01643,0.01644,2503962.0
2026-08-22 16:00:00+00:00,0.01643,0.0167,0.01636,0.01659,1965937.0
2026-08-22 17:00:00+00:00,0.01659,0.01665,0.01646,0.01661,1068785.0
2026-08-22 18:00:00+00:00,0.0166,0.01663,0.01638,0.01648,1287297.0
2026-08-22 19:00:00+00:00,0.01647,0.01656,0.01638,0.01647,857547.0
2026-08-22 20:00:00+00:00,0.0165,0.01657,0.01638,0.01648,941938.0
2026-08-22 21:00:00+00:00,0.01648,0.01648,0.01607,0.01613,3115372.0
2026-08-22 22:00:00+00:00,0.01612,0.01632,0.01606,0.0163,1443456.0
2026-08-22 23:00:00+00:00,0.0163,0.01631,0.01613,0.0162,1057077.0
2026-08-23 00:00:00+00:00,0.01621,0.01643,0.01615,0.01634,1112055.0
2026-08-23 01:00:00+00:00,0.01634,0.01634,0.01613,0.01617,1505639.0
2026-08-23 02:00:00+00:00,0.01617,0.01617,0.01594,0.01598,1597811.0
2026-08-23 03:00:00+00:00,0.01598,0.016,0.01575,0.01577,2547186.0
2026-08-23 04:00:00+00:00,0.01576,0.01582,0.0155,0.01556,1924526.0
2026-08-23 05:00:00+00:00,0.01555,0.0156,0.01534,0.0154,7160709.0
2026-08-23 06:00:00+00:00,0.0154,0.01563,0.01539,0.01556,1620424.0
2026-08-23 07:00:00+00:00,0.01556,0.01569,0.01554,0.01563,962420.0
2026-08-23 08:00:00+00:00,0.01563,0.01583,0.01559,0.01579,2074429.0
2026-08-23 09:00:00+00:00,0.01579,0.016,0.01578,0.01595,1271538.0
2026-08-23 10:00:00+00:00,0.01595,0.01614,0.01595,0.0161,1348793.0
2026-08-23 11:00:00+00:00,0.0161,0.01653,0.01609,0.0165,1253834.0
2026-08-23 12:00:00+00:00,0.0165,0.01669,0.01641,0.01653,5341423.0
2026-08-23 13:00:00+00:00,0.01654,0.017,0.01648,0.017,2913466.0
2026-08-23 14:00:00+00:00,0.01701,0.01726,0.01655,0.0169,6704513.0
2026-08-23 15:00:00+00:00,0.01692,0.01711,0.0168,0.01698,1603734.0
2026-08-23 16:00:00+00:00,0.017,0.0172,0.017,0.01718,2461121.0
2026-08-23 17:00:00+00:00,0.01718,0.01759,0.01699,0.01743,7795667.0
2026-08-23 18:00:00+00:00,0.01744,0.01747,0.01722,0.01736,2501029.0
2026-08-23 19:00:00+00:00,0.01736,0.01774,0.01727,0.01758,3288425.0
2026-08-23 20:00:00+00:00,0.01758,0.01761,0.01734,0.01736,3658842.0
2026-08-23 21:00:00+00:00,0.01737,0.01803,0.01736,0.01789,6607808.0
2026-08-23 22:00:00+00:00,0.0179,0.01799,0.01762,0.01774,3502009.0
2026-08-23 23:00:00+00:00,0.01773,0.01775,0.01751,0.01766,2310557.0
2026-08-24 00:00:00+00:00,0.01765,0.01766,0.01706,0.01728,4091939.0
2026-08-24 01:00:00+00:00,0.01728,0.01749,0.01708,0.01708,4748937.0
2026-08-24 02:00:00+00:00,0.01709,0.01725,0.01703,0.01723,1833595.0
2026-08-24 03:00:00+00:00,0.01723,0.01724,0.01709,0.01713,1773127.0
2026-08-24 04:00:00+00:00,0.01714,0.01746,0.01714,0.01734,2277760.0
2026-08-24 05:00:00+00:00,0.01734,0.01759,0.01725,0.01743,2720747.0
2026-08-24 06:00:00+00:00,0.01742,0.01743,0.0171,0.01714,2532887.0
2026-08-24 07:00:00+00:00,0.01713,0.01736,0.0171,0.01729,2218326.0
2026-08-24 08:00:00+00:00,0.01728,0.0174,0.01708,0.01724,4191979.0
2026-08-24 09:00:00+00:00,0.01723,0.01752,0.01722,0.01751,1554846.0
2026-08-24 10:00:00+00:00,0.01751,0.01763,0.0173,0.0174,3294934.0
2026-08-24 11:00:00+00:00,0.01741,0.01762,0.01728,0.01762,2627192.0
2026-08-24 12:00:00+00:00,0.01762,0.01786,0.01741,0.01781,5347280.0
2026-08-24 13:00:00+00:00,0.01782,0.01798,0.01733,0.01748,9674156.0
2026-08-24 14:00:00+00:00,0.01748,0.01791,0.01747,0.0178,4195941.0
2026-08-24 15:00:00+00:00,0.01779,0.01819,0.01767,0.01776,7016010.0
2026-08-24 16:00:00+00:00,0.01777,0.01788,0.01752,0.01753,3706603.0
2026-08-24 17:00:00+00:00,0.01756,0.01766,0.01732,0.01753,3027585.0
2026-08-24 18:00:00+00:00,0.01754,0.01782,0.01754,0.01773,1855170.0
2026-08-24 19:00:00+00:00,0.01774,0.01786,0.01758,0.01766,2089828.0
2026-08-24 20:00:00+00:00,0.01767,0.01786,0.0176,0.01782,1238719.0
2026-08-24 21:00:00+00:00,0.01785,0.01788,0.01772,0.01785,1650547.0
2026-08-24 22:00:00+00:00,0.01785,0.01786,0.01759,0.01761,809293.0
2026-08-24 23:00:00+00:00,0.01761,0.01779,0.0176,0.01775,807461.0
2026-08-25 00:00:00+00:00,0.01775,0.01808,0.01767,0.01807,3081248.0
2026-08-25 01:00:00+00:00,0.01808,0.01855,0.01797,0.01823,5936371.0
2026-08-25 02:00:00+00:00,0.01823,0.01861,0.01809,0.01855,4600845.0
2026-08-25 03:00:00+00:00,0.01856,0.01889,0.01833,0.01861,12041027.0
2026-08-25 04:00:00+00:00,0.01861,0.01918,0.01861,0.01891,11457710.0
2026-08-25 05:00:00+00:00,0.01891,0.01905,0.01877,0.01883,4241386.0
2026-08-25 06:00:00+00:00,0.01883,0.01898,0.01874,0.01893,3336662.0
2026-08-25 07:00:00+00:00,0.01891,0.0193,0.01876,0.0188,13506035.0
2026-08-25 08:00:00+00:00,0.01882,0.01897,0.01854,0.01854,9938694.0
2026-08-25 09:00:00+00:00,0.01855,0.01871,0.01819,0.01843,6118533.0
2026-08-25 10:00:00+00:00,0.01842,0.01845,0.0182,0.01839,4377079.0
2026-08-25 11:00:00+00:00,0.0184,0.01852,0.01831,0.01848,2020555.0
2026-08-25 12:00:00+00:00,0.01848,0.01852,0.01813,0.01842,2542953.0
2026-08-25 13:00:00+00:00,0.01842,0.01844,0.01796,0.01813,7800479.0
2026-08-25 14:00:00+00:00,0.01814,0.01833,0.01808,0.01826,3274863.0
2026-08-25 15:00:00+00:00,0.01827,0.01832,0.01817,0.01829,1794652.0
2026-08-25 16:00:00+00:00,0.01828,0.01832,0.01815,0.01819,3721269.0
2026-08-25 17:00:00+00:00,0.01817,0.01822,0.01793,0.01817,3517778.0
2026-08-25 18:00:00+00:00,0.01817,0.01822,0.01805,0.01808,4448481.0
2026-08-25 19:00:00+00:00,0.01807,0.0181,0.01793,0.01795,885577.0
2026-08-25 20:00:00+00:00,0.01794,0.01795,0.01753,0.01759,7438904.0
2026-08-25 21:00:00+00:00,0.01759,0.01766,0.01731,0.01761,2667648.0
2026-08-25 22:00:00+00:00,0.01763,0.01787,0.01762,0.01786,1046239.0
2026-08-25 23:00:00+00:00,0.01786,0.0179,0.01755,0.01759,1895942.0
2026-08-26 00:00:00+00:00,0.0176,0.01761,0.01741,0.01752,2296738.0
2026-08-26 01:00:00+00:00,0.01751,0.01777,0.01751,0.01772,1570805.0
2026-08-26 02:00:00+00:00,0.01772,0.01787,0.01765,0.01781,2484492.0
2026-08-26 03:00:00+00:00,0.01781,0.01796,0.0178,0.01787,1398957.0
2026-08-26 04:00:00+00:00,0.01786,0.01798,0.01774,0.01776,1031480.0
2026-08-26 05:00:00+00:00,0.01777,0.01788,0.01764,0.01788,1317597.0
2026-08-26 06:00:00+00:00,0.01788,0.01795,0.01776,0.01786,1142276.0
2026-08-26 07:00:00+00:00,0.01785,0.01786,0.01773,0.01775,978011.0
2026-08-26 08:00:00+00:00,0.01775,0.01781,0.01752,0.01756,1737206.0
2026-08-26 09:00:00+00:00,0.01756,0.01759,0.0173,0.01739,1872145.0
2026-08-26 10:00:00+00:00,0.01739,0.01769,0.01735,0.01766,1738650.0
2026-08-26 11:00:00+00:00,0.01764,0.01766,0.01744,0.01747,1077159.0
2026-08-26 12:00:00+00:00,0.01749,0.01761,0.01734,0.01744,2248530.0
2026-08-26 13:00:00+00:00,0.01744,0.01747,0.0171,0.01729,2372973.0
2026-08-26 14:00:00+00:00,0.01729,0.0174,0.01704,0.01706,1964644.0
2026-08-26 15:00:00+00:00,0.01706,0.0172,0.01696,0.01706,4366289.0
2026-08-26 16:00:00+00:00,0.01709,0.01724,0.01695,0.01701,3027432.0
2026-08-26 17:00:00+00:00,0.01702,0.01729,0.01698,0.01709,2285935.0
2026-08-26 18:00:00+00:00,0.0171,0.01715,0.01703,0.01713,2012518.0
2026-08-26 19:00:00+00:00,0.01713,0.01719,0.01699,0.01705,1859335.0
2026-08-26 20:00:00+00:00,0.01705,0.01718,0.017,0.01718,1153537.0
2026-08-26 21:00:00+00:00,0.01717,0.01745,0.01715,0.01738,2096118.0
2026-08-26 22:00:00+00:00,0.01739,0.01759,0.01739,0.01749,1171309.0
2026-08-26 23:00:00+00:00,0.01747,0.01809,0.01744,0.01795,4991920.0
2026-08-27 00:00:00+00:00,0.01795,0.01795,0.01747,0.01747,1670090.0
2026-08-27 01:00:00+00:00,0.01746,0.0176,0.01744,0.01747,762577.0
2026-08-27 02:00:00+00:00,0.01747,0.01758,0.01732,0.01741,2478156.0
2026-08-27 03:00:00+00:00,0.01742,0.01771,0.01742,0.01763,1386070.0
2026-08-27 04:00:00+00:00,0.01764,0.01768,0.01745,0.01752,860968.0
2026-08-27 05:00:00+00:00,0.0175,0.0175,0.01726,0.01737,1502619.0
2026-08-27 06:00:00+00:00,0.01736,0.01745,0.0173,0.01744,457787.0
2026-08-27 07:00:00+00:00,0.01743,0.01755,0.01736,0.01753,620599.0
2026-08-27 08:00:00+00:00,0.01752,0.01794,0.01749,0.01781,2005776.0
2026-08-27 09:00:00+00:00,0.01781,0.01789,0.0177,0.01775,2331476.0
2026-08-27 10:00:00+00:00,0.01775,0.01785,0.01746,0.01759,1745639.0
2026-08-27 11:00:00+00:00,0.01758,0.01771,0.01749,0.01757,1624935.0
2026-08-27 12:00:00+00:00,0.01758,0.0176,0.01747,0.01749,700974.0
2026-08-27 13:00:00+00:00,0.0175,0.01774,0.0175,0.01774,3441128.0
2026-08-27 14:00:00+00:00,0.01774,0.018,0.01773,0.01793,3687043.0
2026-08-27 15:00:00+00:00,0.01791,0.01803,0.01786,0.01793,1185755.0
2026-08-27 16:00:00+00:00,0.01792,0.01845,0.01787,0.01816,3091667.0
2026-08-27 17:00:00+00:00,0.01815,0.01829,0.01798,0.01798,2185823.0
2026-08-27 18:00:00+00:00,0.01797,0.01798,0.01767,0.01783,2030943.0
2026-08-27 19:00:00+00:00,0.01784,0.01788,0.01773,0.01774,874163.0
2026-08-27 20:00:00+00:00,0.01774,0.01779,0.01768,0.01774,477490.0
2026-08-27 21:00:00+00:00,0.01775,0.01779,0.01762,0.0177,992925.0
2026-08-27 22:00:00+00:00,0.01772,0.01776,0.01765,0.01769,517524.0
2026-08-27 23:00:00+00:00,0.0177,0.01774,0.01765,0.01768,486129.0
2026-08-28 00:00:00+00:00,0.01768,0.01782,0.01763,0.01773,1096823.0
2026-08-28 01:00:00+00:00,0.01775,0.01813,0.01769,0.01773,2021954.0
2026-08-28 02:00:00+00:00,0.01773,0.01774,0.01719,0.0173,2463406.0
2026-08-28 03:00:00+00:00,0.0173,0.01738,0.01723,0.01731,1513910.0
2026-08-28 04:00:00+00:00,0.01731,0.01734,0.01719,0.01727,1337310.0
2026-08-28 05:00:00+00:00,0.01725,0.01725,0.01709,0.01716,1558168.0
2026-08-28 06:00:00+00:00,0.01718,0.01732,0.01718,0.01728,499661.0
2026-08-28 07:00:00+00:00,0.01727,0.01727,0.01716,0.01718,372046.0
2026-08-28 08:00:00+00:00,0.01719,0.01728,0.01709,0.01713,1862463.0
2026-08-28 09:00:00+00:00,0.01712,0.01715,0.01704,0.01708,2504003.0
2026-08-28 10:00:00+00:00,0.01707,0.01711,0.01678,0.01703,6978484.0
2026-08-28 11:00:00+00:00,0.01703,0.0171,0.01691,0.01692,2875012.0
2026-08-28 12:00:00+00:00,0.01692,0.01698,0.01681,0.01687,3474012.0
2026-08-28 13:00:00+00:00,0.01687,0.01695,0.01672,0.01676,8408020.0
2026-08-28 14:00:00+00:00,0.01675,0.01704,0.01656,0.01696,6651511.0
2026-08-28 15:00:00+00:00,0.01698,0.01705,0.01664,0.01666,3637988.0
2026-08-28 16:00:00+00:00,0.01667,0.01669,0.01618,0.01655,5092578.0
2026-08-28 17:00:00+00:00,0.01655,0.01661,0.01652,0.01656,1658463.0
2026-08-28 18:00:00+00:00,0.01656,0.01658,0.0164,0.01652,2034846.0
2026-08-28 19:00:00+00:00,0.01653,0.01663,0.01653,0.01658,554185.0
2026-08-28 20:00:00+00:00,0.01659,0.01674,0.01654,0.01668,2671908.0
2026-08-28 21:00:00+00:00,0.0167,0.01672,0.01653,0.01653,899292.0
2026-08-28 22:00:00+00:00,0.01654,0.01667,0.01654,0.01666,618492.0
2026-08-28 23:00:00+00:00,0.01666,0.01674,0.01664,0.01673,241225.0
2026-08-29 00:00:00+00:00,0.01674,0.01682,0.0167,0.01671,1001430.0
2026-08-29 01:00:00+00:00,0.01669,0.01669,0.01663,0.01666,159703.0
2026-08-29 02:00:00+00:00,0.01665,0.01665,0.0165,0.0165,904517.0
2026-08-29 03:00:00+00:00,0.01651,0.01654,0.01633,0.01635,1141106.0
2026-08-29 04:00:00+00:00,0.01635,0.01655,0.01635,0.01654,637504.0
2026-08-29 05:00:00+00:00,0.01654,0.01662,0.01652,0.01662,338397.0
2026-08-29 06:00:00+00:00,0.01663,0.01666,0.01644,0.01651,1386456.0
2026-08-29 07:00:00+00:00,0.01653,0.01656,0.01644,0.01644,206049.0
2026-08-29 08:00:00+00:00,0.01644,0.01647,0.0164,0.01645,375043.0
2026-08-29 09:00:00+00:00,0.01645,0.01653,0.01644,0.01651,1289255.0
2026-08-29 10:00:00+00:00,0.01652,0.01656,0.01646,0.01646,629200.0
2026-08-29 11:00:00+00:00,0.01645,0.01647,0.01641,0.01645,257547.0
2026-08-29 12:00:00+00:00,0.01645,0.01663,0.01645,0.01657,520593.0
2026-08-29 13:00:00+00:00,0.01657,0.01657,0.0165,0.01657,162368.0
2026-08-29 14:00:00+00:00,0.01657,0.01672,0.01653,0.0167,879332.0
2026-08-29 15:00:00+00:00,0.01669,0.01669,0.01655,0.01656,560887.0
2026-08-29 16:00:00+00:00,0.01658,0.01666,0.01655,0.01657,286839.0
2026-08-29 17:00:00+00:00,0.01656,0.01659,0.01649,0.01651,958065.0
2026-08-29 18:00:00+00:00,0.01653,0.01659,0.0165,0.01653,822139.0
2026-08-29 19:00:00+00:00,0.01652,0.01658,0.01649,0.0165,621566.0
2026-08-29 20:00:00+00:00,0.0165,0.01655,0.01649,0.01651,447962.0
2026-08-29 21:00:00+00:00,0.01651,0.01653,0.01648,0.0165,181602.0
2026-08-29 22:00:00+00:00,0.0165,0.01654,0.01647,0.01654,252334.0
2026-08-29 23:00:00+00:00,0.01654,0.01658,0.01654,0.01657,347494.0
2026-08-30 00:00:00+00:00,0.01656,0.01659,0.01651,0.01651,201309.0
2026-08-30 01:00:00+00:00,0.0165,0.01652,0.0164,0.01642,538486.0
2026-08-30 02:00:00+00:00,0.01641,0.01646,0.01639,0.01646,253713.0
2026-08-30 03:00:00+00:00,0.01644,0.01644,0.01639,0.01642,145436.0
2026-08-30 04:00:00+00:00,0.01641,0.01651,0.01638,0.01651,983745.0
2026-08-30 05:00:00+00:00,0.01652,0.01668,0.01652,0.01658,385500.0
2026-08-30 06:00:00+00:00,0.01656,0.01669,0.01653,0.01667,357789.0
2026-08-30 07:00:00+00:00,0.01667,0.01672,0.01653,0.01653,448181.0
2026-08-30 08:00:00+00:00,0.01653,0.01654,0.01645,0.01649,332274.0
2026-08-30 09:00:00+00:00,0.01651,0.01656,0.0165,0.01652,245350.0
2026-08-30 10:00:00+00:00,0.01653,0.01659,0.01651,0.01655,591775.0
2026-08-30 11:00:00+00:00,0.01655,0.01661,0.01651,0.01656,234914.0
2026-08-30 12:00:00+00:00,0.01657,0.01682,0.01657,0.01667,915778.0
2026-08-30 13:00:00+00:00,0.01665,0.01673,0.01663,0.01668,614145.0
2026-08-30 14:00:00+00:00,0.01667,0.01674,0.01663,0.01666,1386534.0
2026-08-30 15:00:00+00:00,0.01666,0.01667,0.01658,0.0166,1038191.0
2026-08-30 16:00:00+00:00,0.01661,0.01684,0.0166,0.01684,996954.0
2026-08-30 17:00:00+00:00,0.01684,0.01684,0.01661,0.01669,763304.0
2026-08-30 18:00:00+00:00,0.01671,0.01679,0.01663,0.01674,548725.0
2026-08-30 19:00:00+00:00,0.01674,0.01675,0.01658,0.01663,705057.0
2026-08-30 20:00:00+00:00,0.01664,0.0167,0.01646,0.01657,1273525.0
2026-08-30 21:00:00+00:00,0.01656,0.01656,0.01636,0.01648,804184.0
2026-08-30 22:00:00+00:00,0.01648,0.01654,0.01632,0.01647,921587.0
2026-08-30 23:00:00+00:00,0.01646,0.01646,0.01585,0.01613,5146082.0
2026-08-31 00:00:00+00:00,0.01612,0.01642,0.01607,0.01634,910724.0
2026-08-31 01:00:00+00:00,0.01634,0.01636,0.01619,0.01621,460869.0
2026-08-31 02:00:00+00:00,0.01621,0.01634,0.01618,0.01622,849817.0
2026-08-31 03:00:00+00:00,0.01622,0.01636,0.0162,0.01632,790729.0
2026-08-31 04:00:00+00:00,0.01632,0.01633,0.0162,0.01633,1823935.0
2026-08-31 05:00:00+00:00,0.01632,0.0165,0.01632,0.01637,648714.0
2026-08-31 06:00:00+00:00,0.01639,0.01645,0.01636,0.01645,522488.0
2026-08-31 07:00:00+00:00,0.01644,0.0165,0.01634,0.01634,782271.0
2026-08-31 08:00:00+00:00,0.01634,0.01639,0.0163,0.01634,669613.0
2026-08-31 09:00:00+00:00,0.01633,0.0164,0.01632,0.01635,380779.0
2026-08-31 10:00:00+00:00,0.01634,0.01643,0.0163,0.0164,540925.0
2026-08-31 11:00:00+00:00,0.0164,0.01642,0.01628,0.01628,317782.0
2026-08-31 12:00:00+00:00,0.01628,0.01637,0.01616,0.01622,1165947.0
2026-08-31 13:00:00+00:00,0.01623,0.01629,0.01607,0.01611,998127.0
2026-08-31 14:00:00+00:00,0.01611,0.01637,0.01611,0.01633,1075823.0
2026-08-31 15:00:00+00:00,0.01632,0.01633,0.01618,0.01623,855307.0
2026-08-31 16:00:00+00:00,0.01625,0.01637,0.01621,0.01632,1228488.0
2026-08-31 17:00:00+00:00,0.01632,0.01641,0.01629,0.01634,802527.0
2026-08-31 18:00:00+00:00,0.01632,0.01644,0.01629,0.01641,671425.0
2026-08-31 19:00:00+00:00,0.01639,0.01643,0.01629,0.01633,262441.0
2026-08-31 20:00:00+00:00,0.01631,0.01644,0.0163,0.01637,409648.0
2026-08-31 21:00:00+00:00,0.01638,0.0164,0.01629,0.01636,622397.0
2026-08-31 22:00:00+00:00,0.01635,0.01635,0.01628,0.01633,265906.0
2026-08-31 23:00:00+00:00,0.01632,0.01638,0.01628,0.01638,603078.0
2026-09-01 00:00:00+00:00,0.01637,0.01657,0.01635,0.01653,573189.0
2026-09-01 01:00:00+00:00,0.01654,0.01658,0.01645,0.01648,700284.0
2026-09-01 02:00:00+00:00,0.01647,0.01647,0.01638,0.01646,278847.0
2026-09-01 03:00:00+00:00,0.01646,0.01654,0.01643,0.01647,705064.0
2026-09-01 04:00:00+00:00,0.01647,0.01657,0.01644,0.01653,1165289.0
2026-09-01 05:00:00+00:00,0.01656,0.01664,0.01646,0.01664,698437.0
2026-09-01 06:00:00+00:00,0.01662,0.01665,0.01648,0.01648,943288.0
2026-09-01 07:00:00+00:00,0.01648,0.01652,0.01639,0.01645,903553.0
2026-09-01 08:00:00+00:00,0.01645,0.01645,0.01604,0.01604,2104654.0
2026-09-01 09:00:00+00:00,0.01605,0.01616,0.01599,0.01615,1432977.0
2026-09-01 10:00:00+00:00,0.01614,0.01625,0.01607,0.0162,536578.0
2026-09-01 11:00:00+00:00,0.01617,0.0163,0.01613,0.01625,781966.0
2026-09-01 12:00:00+00:00,0.01623,0.01629,0.01614,0.0162,1569685.0
2026-09-01 13:00:00+00:00,0.0162,0.01632,0.01606,0.01627,2498723.0
2026-09-01 14:00:00+00:00,0.01629,0.01647,0.01627,0.0164,2467615.0
2026-09-01 15:00:00+00:00,0.0164,0.01641,0.01626,0.01631,872067.0
2026-09-01 16:00:00+00:00,0.01632,0.01635,0.01615,0.01627,1371305.0
2026-09-01 17:00:00+00:00,0.01626,0.01636,0.01619,0.01622,1144116.0
2026-09-01 18:00:00+00:00,0.01624,0.01626,0.01599,0.0162,2119618.0
2026-09-01 19:00:00+00:00,0.01619,0.01627,0.01617,0.01623,943154.0
2026-09-01 20:00:00+00:00,0.01623,0.01624,0.01611,0.01617,648505.0
2026-09-01 21:00:00+00:00,0.01615,0.01617,0.01601,0.0161,510399.0
2026-09-01 22:00:00+00:00,0.01609,0.01618,0.01606,0.01614,668328.0
2026-09-01 23:00:00+00:00,0.01612,0.01626,0.01611,0.01624,554206.0
2026-09-02 00:00:00+00:00,0.01625,0.01625,0.01615,0.01621,983538.0
2026-09-02 01:00:00+00:00,0.01621,0.01624,0.01593,0.01598,1181251.0
2026-09-02 02:00:00+00:00,0.01597,0.01629,0.01595,0.01627,1213330.0
2026-09-02 03:00:00+00:00,0.01627,0.01642,0.01627,0.01642,796195.0
2026-09-02 04:00:00+00:00,0.01643,0.01643,0.01627,0.01639,425882.0
2026-09-02 05:00:00+00:00,0.01638,0.0165,0.01631,0.01639,767790.0
2026-09-02 06:00:00+00:00,0.0164,0.01643,0.01628,0.01638,1752825.0
2026-09-02 07:00:00+00:00,0.01638,0.01642,0.0163,0.01632,653593.0
2026-09-02 08:00:00+00:00,0.01633,0.01636,0.01616,0.01619,607371.0
2026-09-02 09:00:00+00:00,0.01619,0.01625,0.01601,0.01606,1443932.0
2026-09-02 10:00:00+00:00,0.01605,0.01606,0.01592,0.01601,700220.0
2026-09-02 11:00:00+00:00,0.01601,0.01612,0.01594,0.01612,1055630.0
2026-09-02 12:00:00+00:00,0.01611,0.01617,0.01603,0.01605,1020757.0
2026-09-02 13:00:00+00:00,0.01605,0.01628,0.01601,0.01621,1397275.0
2026-09-02 14:00:00+00:00,0.0162,0.01624,0.01609,0.01609,580432.0
2026-09-02 15:00:00+00:00,0.01609,0.0162,0.01602,0.01618,645291.0
2026-09-02 16:00:00+00:00,0.01618,0.01623,0.01612,0.01612,500403.0
2026-09-02 17:00:00+00:00,0.01613,0.0162,0.01606,0.01617,800503.0
2026-09-02 18:00:00+00:00,0.01617,0.01621,0.0161,0.01617,625640.0
2026-09-02 19:00:00+00:00,0.01616,0.01616,0.01605,0.0161,516733.0
2026-09-02 20:00:00+00:00,0.0161,0.01628,0.0161,0.01623,1184324.0
2026-09-02 21:00:00+00:00,0.01621,0.01624,0.01618,0.01618,683903.0
2026-09-02 22:00:00+00:00,0.01617,0.01618,0.01606,0.01609,265113.0
2026-09-02 23:00:00+00:00,0.01609,0.01628,0.01606,0.01622,1352821.0
2026-09-03 00:00:00+00:00,0.01623,0.01629,0.01618,0.01627,621835.0
2026-09-03 01:00:00+00:00,0.01626,0.0164,0.0162,0.01633,2600406.0
2026-09-03 02:00:00+00:00,0.01633,0.01659,0.01631,0.01657,1064942.0
2026-09-03 03:00:00+00:00,0.01658,0.01675,0.01651,0.01674,1486034.0
2026-09-03 04:00:00+00:00,0.01675,0.01678,0.01648,0.01665,2100246.0
2026-09-03 05:00:00+00:00,0.01665,0.01666,0.01638,0.01658,1236835.0
2026-09-03 06:00:00+00:00,0.01656,0.01662,0.01653,0.01657,379349.0
2026-09-03 07:00:00+00:00,0.0166,0.0167,0.01642,0.01646,1146979.0
2026-09-03 08:00:00+00:00,0.01646,0.01664,0.01646,0.01664,1427619.0
2026-09-03 09:00:00+00:00,0.01662,0.01662,0.01648,0.01648,1215839.0
2026-09-03 10:00:00+00:00,0.01648,0.01661,0.01646,0.01661,1010955.0
2026-09-03 11:00:00+00:00,0.0166,0.01671,0.01657,0.01666,1895739.0
2026-09-03 12:00:00+00:00,0.01666,0.0169,0.01666,0.0169,1553311.0
2026-09-03 13:00:00+00:00,0.0169,0.017,0.01669,0.0167,3422476.0
2026-09-03 14:00:00+00:00,0.01669,0.01705,0.01665,0.01703,2060134.0
2026-09-03 15:00:00+00:00,0.01703,0.01727,0.01688,0.01727,1856365.0
2026-09-03 16:00:00+00:00,0.01725,0.01737,0.017,0.0173,2474355.0
2026-09-03 17:00:00+00:00,0.01731,0.01732,0.01708,0.01726,2187964.0
2026-09-03 18:00:00+00:00,0.01725,0.0173,0.01719,0.01729,1019189.0
2026-09-03 19:00:00+00:00,0.01728,0.0175,0.01727,0.01735,3174466.0
2026-09-03 20:00:00+00:00,0.01734,0.01739,0.01725,0.01727,1057293.0
2026-09-03 21:00:00+00:00,0.01727,0.01741,0.01724,0.01733,1021131.0
2026-09-03 22:00:00+00:00,0.01733,0.01733,0.0171,0.01712,1135959.0
2026-09-03 23:00:00+00:00,0.01712,0.01723,0.0171,0.01723,491395.0
