timestamp,open,high,low,close,volume
2026-03-08 01:00:00+00:00,2.811,2.83,2.807,2.823,26968.25
2026-03-08 02:00:00+00:00,2.822,2.824,2.783,2.795,29715.29
2026-03-08 03:00:00+00:00,2.796,2.813,2.794,2.809,30200.89
2026-03-08 04:00:00+00:00,2.809,2.813,2.791,2.799,19276.07
2026-03-08 05:00:00+00:00,2.8,2.827,2.8,2.817,16016.59
2026-03-08 06:00:00+00:00,2.818,2.832,2.814,2.832,9906.99
2026-03-08 07:00:00+00:00,2.831,2.846,2.829,2.835,16487.82
2026-03-08 08:00:00+00:00,2.834,2.835,2.818,2.829,15883.85
2026-03-08 09:00:00+00:00,2.828,2.846,2.825,2.843,14001.37
2026-03-08 10:00:00+00:00,2.844,2.878,2.844,2.863,12937.16
2026-03-08 11:00:00+00:00,2.862,2.862,2.835,2.845,15668.0
2026-03-08 12:00:00+00:00,2.844,2.864,2.818,2.844,20002.72
2026-03-08 13:00:00+00:00,2.844,2.851,2.812,2.831,26916.55
2026-03-08 14:00:00+00:00,2.831,2.838,2.814,2.823,13937.31
2026-03-08 15:00:00+00:00,2.823,2.824,2.797,2.808,22794.48
2026-03-08 16:00:00+00:00,2.807,2.812,2.79,2.8,16998.26
2026-03-08 17:00:00+00:00,2.8,2.817,2.799,2.802,17809.83
2026-03-08 18:00:00+00:00,2.804,2.809,2.794,2.808,21303.88
2026-03-08 19:00:00+00:00,2.809,2.853,2.804,2.838,16617.27
2026-03-08 20:00:00+00:00,2.838,2.851,2.827,2.833,21898.09
2026-03-08 21:00:00+00:00,2.833,2.838,2.814,2.822,20537.57
2026-03-08 22:00:00+00:00,2.821,2.821,2.762,2.815,112441.1
2026-03-08 23:00:00+00:00,2.815,2.825,2.79,2.796,32068.03
2026-03-09 00:00:00+00:00,2.8,2.845,2.794,2.823,27397.75
2026-03-09 01:00:00+00:00,2.823,2.839,2.806,2.814,24594.67
2026-03-09 02:00:00+00:00,2.813,2.847,2.804,2.835,19496.1
2026-03-09 03:00:00+00:00,2.834,2.883,2.831,2.846,43547.31
2026-03-09 04:00:00+00:00,2.847,2.871,2.844,2.847,16541.56
2026-03-09 05:00:00+00:00,2.848,2.917,2.847,2.906,68092.11
2026-03-09 06:00:00+00:00,2.908,2.912,2.886,2.887,25440.12
2026-03-09 07:00:00+00:00,2.887,2.902,2.855,2.893,11290.98
2026-03-09 08:00:00+00:00,2.894,2.926,2.893,2.897,23064.45
2026-03-09 09:00:00+00:00,2.899,2.928,2.884,2.897,30166.31
2026-03-09 10:00:00+00:00,2.897,2.9,2.879,2.881,30849.95
2026-03-09 11:00:00+00:00,2.882,2.897,2.864,2.883,22066.44
2026-03-09 12:00:00+00:00,2.884,2.908,2.88,2.9,14526.5
2026-03-09 13:00:00+00:00,2.899,2.933,2.894,2.911,44775.37
2026-03-09 14:00:00+00:00,2.91,2.92,2.887,2.905,50192.57
2026-03-09 15:00:00+00:00,2.906,2.918,2.891,2.912,17238.42
2026-03-09 16:00:00+00:00,2.911,2.932,2.909,2.918,33505.89
2026-03-09 17:00:00+00:00,2.92,2.93,2.913,2.919,37586.93
2026-03-09 18:00:00+00:00,2.919,2.927,2.903,2.911,18096.05
2026-03-09 19:00:00+00:00,2.915,2.981,2.905,2.932,60320.79
2026-03-09 20:00:00+00:00,2.933,2.944,2.917,2.939,42697.4
2026-03-09 21:00:00+00:00,2.938,2.961,2.927,2.941,77372.07
2026-03-09 22:00:00+00:00,2.94,2.94,2.889,2.897,16779.04
2026-03-09 23:00:00+00:00,2.898,2.91,2.893,2.9,10797.41
2026-03-10 00:00:00+00:00,2.899,2.93,2.898,2.914,13918.02
2026-03-10 01:00:00+00:00,2.915,2.931,2.901,2.917,8360.93
2026-03-10 02:00:00+00:00,2.915,2.961,2.912,2.945,24836.73
2026-03-10 03:00:00+00:00,2.945,2.948,2.918,2.925,13600.23
2026-03-10 04:00:00+00:00,2.927,2.946,2.927,2.941,8211.98
2026-03-10 05:00:00+00:00,2.941,2.947,2.918,2.921,16713.07
2026-03-10 06:00:00+00:00,2.923,2.926,2.909,2.923,19322.05
2026-03-10 07:00:00+00:00,2.923,2.965,2.92,2.961,68271.31
2026-03-10 08:00:00+00:00,2.962,3.0,2.962,2.972,220074.41
2026-03-10 09:00:00+00:00,2.974,2.991,2.962,2.973,297368.55
2026-03-10 10:00:00+00:00,2.972,2.972,2.952,2.963,23396.31
2026-03-10 11:00:00+00:00,2.963,2.965,2.949,2.96,51568.19
2026-03-10 12:00:00+00:00,2.961,2.973,2.954,2.967,28158.93
2026-03-10 13:00:00+00:00,2.967,2.984,2.941,2.96,86988.92
2026-03-10 14:00:00+00:00,2.961,3.023,2.93,3.023,64821.84
2026-03-10 15:00:00+00:00,3.025,3.029,2.975,3.0,66608.15
2026-03-10 16:00:00+00:00,3.0,3.025,2.986,3.012,38581.87
2026-03-10 17:00:00+00:00,3.015,3.02,2.975,2.997,37660.87
2026-03-10 18:00:00+00:00,2.997,2.997,2.943,2.953,84025.54
2026-03-10 19:00:00+00:00,2.952,2.959,2.933,2.947,17081.08
2026-03-10 20:00:00+00:00,2.947,2.961,2.945,2.951,14938.06
2026-03-10 21:00:00+00:00,2.951,2.962,2.916,2.926,28533.06
2026-03-10 22:00:00+00:00,2.926,2.938,2.917,2.93,21534.84
2026-03-10 23:00:00+00:00,2.931,2.94,2.931,2.937,17123.46
2026-03-11 00:00:00+00:00,2.937,2.941,2.918,2.936,20995.13
2026-03-11 01:00:00+00:00,2.936,2.94,2.923,2.929,15020.64
2026-03-11 02:00:00+00:00,2.93,2.93,2.91,2.926,28184.58
2026-03-11 03:00:00+00:00,2.927,2.936,2.924,2.927,9524.14
2026-03-11 04:00:00+00:00,2.926,2.947,2.919,2.945,18781.2
2026-03-11 05:00:00+00:00,2.944,2.947,2.898,2.91,22725.09
2026-03-11 06:00:00+00:00,2.911,2.938,2.909,2.929,27821.37
2026-03-11 07:00:00+00:00,2.928,2.942,2.916,2.924,18691.15
2026-03-11 08:00:00+00:00,2.923,2.928,2.911,2.921,50830.88
2026-03-11 09:00:00+00:00,2.921,2.938,2.919,2.928,10254.55
2026-03-11 10:00:00+00:00,2.93,2.948,2.927,2.936,19906.63
2026-03-11 11:00:00+00:00,2.937,2.944,2.927,2.931,18889.37
2026-03-11 12:00:00+00:00,2.932,2.991,2.926,2.962,64227.6
2026-03-11 13:00:00+00:00,2.962,3.029,2.961,2.985,57246.14
2026-03-11 14:00:00+00:00,2.987,3.011,2.981,2.99,44912.48
2026-03-11 15:00:00+00:00,2.991,2.991,2.948,2.977,40625.14
2026-03-11 16:00:00+00:00,2.977,2.993,2.969,2.992,50109.39
2026-03-11 17:00:00+00:00,2.993,3.011,2.973,2.992,27403.22
2026-03-11 18:00:00+00:00,2.995,3.023,2.991,3.017,40909.08
2026-03-11 19:00:00+00:00,3.019,3.022,2.999,3.005,65276.55
2026-03-11 20:00:00+00:00,3.006,3.012,2.994,3.003,16171.94
2026-03-11 21:00:00+00:00,3.004,3.018,2.993,3.009,14810.18
2026-03-11 22:00:00+00:00,3.011,3.019,3.0,3.015,17427.52
2026-03-11 23:00:00+00:00,3.015,3.023,2.998,3.003,21124.54
2026-03-12 00:00:00+00:00,3.004,3.015,3.0,3.007,48431.52
2026-03-12 01:00:00+00:00,3.005,3.005,2.987,2.991,19927.5
2026-03-12 02:00:00+00:00,2.994,3.004,2.974,2.975,16964.57
2026-03-12 03:00:00+00:00,2.974,2.992,2.971,2.976,6609.55
2026-03-12 04:00:00+00:00,2.976,2.985,2.971,2.975,5312.34
2026-03-12 05:00:00+00:00,2.974,2.98,2.958,2.978,59730.24
2026-03-12 06:00:00+00:00,2.977,2.984,2.972,2.983,6918.83
2026-03-12 07:00:00+00:00,2.984,3.009,2.978,2.997,16613.05
2026-03-12 08:00:00+00:00,2.996,2.996,2.975,2.992,52581.28
2026-03-12 09:00:00+00:00,2.991,3.006,2.974,2.993,21414.77
2026-03-12 10:00:00+00:00,2.993,3.025,2.993,3.016,21014.62
2026-03-12 11:00:00+00:00,3.015,3.016,2.987,2.993,8458.6
2026-03-12 12:00:00+00:00,2.994,3.008,2.985,3.003,15096.96
2026-03-12 13:00:00+00:00,3.003,3.017,2.981,2.993,16294.2
2026-03-12 14:00:00+00:00,2.994,3.014,2.96,2.982,21832.29
2026-03-12 15:00:00+00:00,2.983,3.007,2.977,2.99,18275.42
2026-03-12 16:00:00+00:00,2.991,3.012,2.975,3.003,23315.39
2026-03-12 17:00:00+00:00,3.003,3.009,2.991,3.001,9942.31
2026-03-12 18:00:00+00:00,3.001,3.015,2.992,3.009,30822.69
2026-03-12 19:00:00+00:00,3.011,3.043,3.01,3.036,42734.11
2026-03-12 20:00:00+00:00,3.034,3.039,3.02,3.024,12562.26
2026-03-12 21:00:00+00:00,3.024,3.056,3.023,3.052,30610.02
2026-03-12 22:00:00+00:00,3.052,3.061,3.046,3.054,11737.19
2026-03-12 23:00:00+00:00,3.054,3.077,3.046,3.048,22666.69
2026-03-13 00:00:00+00:00,3.052,3.118,3.043,3.087,91353.17
2026-03-13 01:00:00+00:00,3.089,3.107,3.082,3.101,21032.25
2026-03-13 02:00:00+00:00,3.104,3.105,3.088,3.1,18947.76
2026-03-13 03:00:00+00:00,3.101,3.131,3.097,3.127,27607.11
2026-03-13 04:00:00+00:00,3.125,3.127,3.103,3.109,58614.15
2026-03-13 05:00:00+00:00,3.108,3.13,3.1,3.122,25057.44
2026-03-13 06:00:00+00:00,3.123,3.135,3.113,3.12,29458.15
2026-03-13 07:00:00+00:00,3.119,3.132,3.113,3.121,50616.78
2026-03-13 08:00:00+00:00,3.121,3.133,3.104,3.108,60095.09
2026-03-13 09:00:00+00:00,3.109,3.127,3.093,3.12,35778.9
2026-03-13 10:00:00+00:00,3.119,3.145,3.118,3.134,56567.04
2026-03-13 11:00:00+00:00,3.135,3.135,3.105,3.117,24485.74
2026-03-13 12:00:00+00:00,3.116,3.15,3.113,3.137,38173.58
2026-03-13 13:00:00+00:00,3.136,3.171,3.13,3.152,104491.86
2026-03-13 14:00:00+00:00,3.152,3.164,3.113,3.118,36869.07
2026-03-13 15:00:00+00:00,3.119,3.148,3.113,3.122,30387.17
2026-03-13 16:00:00+00:00,3.123,3.143,3.101,3.136,27845.87
2026-03-13 17:00:00+00:00,3.138,3.145,3.089,3.099,32187.76
2026-03-13 18:00:00+00:00,3.099,3.107,3.087,3.092,38773.8
2026-03-13 19:00:00+00:00,3.092,3.104,3.087,3.097,18329.57
2026-03-13 20:00:00+00:00,3.094,3.108,3.093,3.105,6398.98
2026-03-13 21:00:00+00:00,3.108,3.121,3.094,3.104,8160.42
2026-03-13 22:00:00+00:00,3.103,3.104,3.068,3.081,24199.45
2026-03-13 23:00:00+00:00,3.081,3.093,3.078,3.089,7614.51
2026-03-14 00:00:00+00:00,3.09,3.09,3.062,3.069,18264.25
2026-03-14 01:00:00+00:00,3.067,3.079,3.06,3.076,37594.24
2026-03-14 02:00:00+00:00,3.076,3.084,3.065,3.081,17043.5
2026-03-14 03:00:00+00:00,3.081,3.097,3.08,3.091,6807.1
2026-03-14 04:00:00+00:00,3.091,3.104,3.078,3.08,10236.15
2026-03-14 05:00:00+00:00,3.079,3.08,3.054,3.064,13864.66
2026-03-14 06:00:00+00:00,3.063,3.063,3.033,3.048,13868.25
2026-03-14 07:00:00+00:00,3.048,3.049,3.033,3.038,15995.92
2026-03-14 08:00:00+00:00,3.038,3.042,3.035,3.036,8346.98
2026-03-14 09:00:00+00:00,3.038,3.041,3.025,3.033,17625.77
2026-03-14 10:00:00+00:00,3.032,3.034,3.022,3.025,9881.51
2026-03-14 11:00:00+00:00,3.026,3.042,3.025,3.04,10509.26
2026-03-14 12:00:00+00:00,3.038,3.04,3.005,3.025,39289.46
2026-03-14 13:00:00+00:00,3.024,3.04,3.023,3.035,6640.77
2026-03-14 14:00:00+00:00,3.035,3.044,3.025,3.029,13403.49
2026-03-14 15:00:00+00:00,3.028,3.032,3.014,3.021,10609.44
2026-03-14 16:00:00+00:00,3.021,3.035,3.017,3.035,10191.36
2026-03-14 17:00:00+00:00,3.034,3.034,3.021,3.026,7373.93
2026-03-14 18:00:00+00:00,3.024,3.029,3.018,3.024,14187.44
2026-03-14 19:00:00+00:00,3.023,3.024,3.018,3.018,5164.26
2026-03-14 20:00:00+00:00,3.019,3.021,3.006,3.021,20977.29
2026-03-14 21:00:00+00:00,3.02,3.028,3.014,3.027,11864.39
2026-03-14 22:00:00+00:00,3.027,3.027,3.018,3.02,3690.44
2026-03-14 23:00:00+00:00,3.021,3.045,3.021,3.045,12999.43
2026-03-15 00:00:00+00:00,3.045,3.047,3.02,3.024,9781.94
2026-03-15 01:00:00+00:00,3.024,3.046,3.024,3.041,8602.09
2026-03-15 02:00:00+00:00,3.043,3.086,3.043,3.082,23998.99
2026-03-15 03:00:00+00:00,3.084,3.089,3.059,3.066,16840.86
2026-03-15 04:00:00+00:00,3.067,3.078,3.047,3.059,5796.32
2026-03-15 05:00:00+00:00,3.059,3.07,3.051,3.056,18825.62
2026-03-15 06:00:00+00:00,3.055,3.058,3.043,3.047,7334.56
2026-03-15 07:00:00+00:00,3.048,3.06,3.041,3.056,30678.77
2026-03-15 08:00:00+00:00,3.056,3.072,3.051,3.069,32136.71
2026-03-15 09:00:00+00:00,3.071,3.081,3.045,3.05,39926.72
2026-03-15 10:00:00+00:00,3.05,3.068,3.05,3.067,19723.38
2026-03-15 11:00:00+00:00,3.067,3.08,3.061,3.072,22754.11
2026-03-15 12:00:00+00:00,3.073,3.088,3.066,3.071,9824.03
2026-03-15 13:00:00+00:00,3.07,3.072,3.045,3.063,24542.97
2026-03-15 14:00:00+00:00,3.062,3.07,3.058,3.064,18459.26
2026-03-15 15:00:00+00:00,3.065,3.065,3.049,3.051,9213.89
2026-03-15 16:00:00+00:00,3.05,3.064,3.048,3.056,14163.61
2026-03-15 17:00:00+00:00,3.055,3.089,3.055,3.08,11658.09
2026-03-15 18:00:00+00:00,3.082,3.087,3.063,3.066,10668.15
2026-03-15 19:00:00+00:00,3.067,3.086,3.067,3.085,7412.5
2026-03-15 20:00:00+00:00,3.085,3.107,3.082,3.093,33464.14
2026-03-15 21:00:00+00:00,3.091,3.11,3.081,3.099,9435.26
2026-03-15 22:00:00+00:00,3.102,3.127,3.083,3.118,33762.17
2026-03-15 23:00:00+00:00,3.12,3.124,3.092,3.111,28912.08
2026-03-16 00:00:00+00:00,3.112,3.119,3.091,3.103,23734.12
2026-03-16 01:00:00+00:00,3.102,3.111,3.087,3.108,11676.12
2026-03-16 02:00:00+00:00,3.108,3.115,3.094,3.11,15573.82
2026-03-16 03:00:00+00:00,3.109,3.176,3.106,3.144,44439.69
2026-03-16 04:00:00+00:00,3.144,3.176,3.139,3.165,29070.68
2026-03-16 05:00:00+00:00,3.166,3.207,3.164,3.2,35749.67
2026-03-16 06:00:00+00:00,3.201,3.207,3.177,3.199,25965.65
2026-03-16 07:00:00+00:00,3.2,3.218,3.2,3.202,30670.31
2026-03-16 08:00:00+00:00,3.203,3.232,3.176,3.185,51357.99
2026-03-16 09:00:00+00:00,3.186,3.21,3.185,3.197,20911.66
2026-03-16 10:00:00+00:00,3.196,3.202,3.172,3.186,21628.48
2026-03-16 11:00:00+00:00,3.185,3.191,3.17,3.179,15010.26
2026-03-16 12:00:00+00:00,3.178,3.19,3.171,3.186,25402.68
2026-03-16 13:00:00+00:00,3.184,3.218,3.179,3.198,51958.47
2026-03-16 14:00:00+00:00,3.199,3.214,3.156,3.196,35536.03
2026-03-16 15:00:00+00:00,3.197,3.208,3.176,3.179,32472.87
2026-03-16 16:00:00+00:00,3.18,3.229,3.18,3.219,49238.42
2026-03-16 17:00:00+00:00,3.219,3.258,3.219,3.249,29204.48
2026-03-16 18:00:00+00:00,3.249,3.287,3.246,3.253,97932.98
2026-03-16 19:00:00+00:00,3.253,3.274,3.24,3.261,54725.6
2026-03-16 20:00:00+00:00,3.262,3.293,3.255,3.284,49637.0
2026-03-16 21:00:00+00:00,3.284,3.32,3.277,3.307,59174.53
2026-03-16 22:00:00+00:00,3.308,3.342,3.307,3.326,97095.12
2026-03-16 23:00:00+00:00,3.325,3.344,3.301,3.329,56687.72
2026-03-17 00:00:00+00:00,3.329,3.335,3.3,3.312,66708.2
2026-03-17 01:00:00+00:00,3.312,3.316,3.289,3.304,39284.42
2026-03-17 02:00:00+00:00,3.302,3.32,3.29,3.299,24823.77
2026-03-17 03:00:00+00:00,3.298,3.299,3.244,3.263,34429.32
2026-03-17 04:00:00+00:00,3.263,3.272,3.215,3.23,42718.93
2026-03-17 05:00:00+00:00,3.229,3.235,3.209,3.223,34530.15
2026-03-17 06:00:00+00:00,3.224,3.239,3.199,3.22,121174.01
2026-03-17 07:00:00+00:00,3.221,3.253,3.221,3.241,12059.33
2026-03-17 08:00:00+00:00,3.241,3.254,3.236,3.241,10236.73
2026-03-17 09:00:00+00:00,3.242,3.253,3.231,3.245,17433.83
2026-03-17 10:00:00+00:00,3.245,3.248,3.233,3.239,20671.55
2026-03-17 11:00:00+00:00,3.239,3.257,3.229,3.232,42203.06
2026-03-17 12:00:00+00:00,3.232,3.24,3.204,3.215,71981.25
2026-03-17 13:00:00+00:00,3.215,3.233,3.199,3.212,45768.57
2026-03-17 14:00:00+00:00,3.212,3.236,3.204,3.231,30303.04
2026-03-17 15:00:00+00:00,3.232,3.247,3.206,3.227,26618.88
2026-03-17 16:00:00+00:00,3.226,3.24,3.215,3.221,16452.62
2026-03-17 17:00:00+00:00,3.222,3.235,3.213,3.231,53460.77
2026-03-17 18:00:00+00:00,3.231,3.235,3.222,3.23,9120.97
2026-03-17 19:00:00+00:00,3.231,3.232,3.213,3.214,33801.16
2026-03-17 20:00:00+00:00,3.214,3.232,3.212,3.231,9776.89
2026-03-17 21:00:00+00:00,3.231,3.255,3.23,3.244,7895.02
2026-03-17 22:00:00+00:00,3.245,3.255,3.233,3.247,30194.16
2026-03-17 23:00:00+00:00,3.246,3.249,3.225,3.227,20100.31
2026-03-18 00:00:00+00:00,3.227,3.233,3.2,3.216,18449.75
2026-03-18 01:00:00+00:00,3.217,3.238,3.216,3.226,17169.94
2026-03-18 02:00:00+00:00,3.225,3.265,3.224,3.248,42597.36
2026-03-18 03:00:00+00:00,3.249,3.276,3.249,3.257,15077.69
2026-03-18 04:00:00+00:00,3.257,3.258,3.23,3.241,12819.46
2026-03-18 05:00:00+00:00,3.241,3.267,3.23,3.233,23794.68
2026-03-18 06:00:00+00:00,3.233,3.249,3.23,3.231,6147.21
2026-03-18 07:00:00+00:00,3.23,3.23,3.211,3.221,15709.82
2026-03-18 08:00:00+00:00,3.225,3.233,3.22,3.223,13541.0
2026-03-18 09:00:00+00:00,3.224,3.239,3.221,3.234,7854.23
2026-03-18 10:00:00+00:00,3.233,3.233,3.203,3.21,9098.77
2026-03-18 11:00:00+00:00,3.209,3.215,3.141,3.158,68738.85
2026-03-18 12:00:00+00:00,3.158,3.158,3.111,3.119,127176.97
2026-03-18 13:00:00+00:00,3.117,3.128,3.101,3.112,33787.52
2026-03-18 14:00:00+00:00,3.113,3.114,3.045,3.049,42732.89
2026-03-18 15:00:00+00:00,3.049,3.064,3.023,3.054,52278.43
2026-03-18 16:00:00+00:00,3.054,3.059,3.039,3.05,16409.04
2026-03-18 17:00:00+00:00,3.05,3.076,3.033,3.063,61746.55
2026-03-18 18:00:00+00:00,3.064,3.09,3.054,3.063,40590.59
2026-03-18 19:00:00+00:00,3.063,3.089,3.058,3.059,26915.32
2026-03-18 20:00:00+00:00,3.059,3.08,3.033,3.075,23144.15
2026-03-18 21:00:00+00:00,3.074,3.098,3.073,3.088,32622.78
2026-03-18 22:00:00+00:00,3.088,3.088,3.073,3.077,9281.79
2026-03-18 23:00:00+00:00,3.078,3.079,3.067,3.078,11853.6
2026-03-19 00:00:00+00:00,3.078,3.082,3.054,3.058,12292.54
2026-03-19 01:00:00+00:00,3.057,3.061,3.052,3.055,4470.85
2026-03-19 02:00:00+00:00,3.054,3.056,3.039,3.047,21857.88
2026-03-19 03:00:00+00:00,3.048,3.084,3.046,3.065,18086.42
2026-03-19 04:00:00+00:00,3.064,3.064,3.045,3.045,11595.84
2026-03-19 05:00:00+00:00,3.044,3.046,3.024,3.026,41004.58
2026-03-19 06:00:00+00:00,3.028,3.036,3.013,3.028,15868.73
2026-03-19 07:00:00+00:00,3.028,3.03,2.981,3.0,75865.52
2026-03-19 08:00:00+00:00,2.999,3.018,2.999,3.006,15189.35
2026-03-19 09:00:00+00:00,3.007,3.038,3.007,3.033,21646.72
2026-03-19 10:00:00+00:00,3.034,3.035,3.012,3.013,15793.07
2026-03-19 11:00:00+00:00,3.013,3.016,3.003,3.003,8035.26
2026-03-19 12:00:00+00:00,3.002,3.002,2.962,2.962,20581.68
2026-03-19 13:00:00+00:00,2.961,2.986,2.955,2.974,48226.42
2026-03-19 14:00:00+00:00,2.975,2.985,2.958,2.975,22761.97
2026-03-19 15:00:00+00:00,2.974,2.985,2.95,2.978,37287.75
2026-03-19 16:00:00+00:00,2.978,2.979,2.965,2.97,35369.76
2026-03-19 17:00:00+00:00,2.971,2.996,2.957,2.991,12189.36
2026-03-19 18:00:00+00:00,2.991,2.996,2.981,2.991,11228.43
2026-03-19 19:00:00+00:00,2.99,3.02,2.99,3.01,9419.18
2026-03-19 20:00:00+00:00,3.009,3.03,3.006,3.02,12224.95
2026-03-19 21:00:00+00:00,3.02,3.037,3.02,3.034,11921.14
2026-03-19 22:00:00+00:00,3.033,3.051,3.027,3.05,40537.0
2026-03-19 23:00:00+00:00,3.051,3.065,3.045,3.062,51367.63
2026-03-20 00:00:00+00:00,3.062,3.076,3.053,3.075,31085.83
2026-03-20 01:00:00+00:00,3.075,3.127,3.072,3.114,37651.52
2026-03-20 02:00:00+00:00,3.114,3.172,3.114,3.156,72072.25
2026-03-20 03:00:00+00:00,3.157,3.196,3.144,3.19,54807.12
2026-03-20 04:00:00+00:00,3.192,3.238,3.18,3.228,76883.96
2026-03-20 05:00:00+00:00,3.229,3.247,3.191,3.211,52229.6
2026-03-20 06:00:00+00:00,3.211,3.211,3.144,3.148,123774.39
2026-03-20 07:00:00+00:00,3.148,3.151,3.126,3.142,44773.89
2026-03-20 08:00:00+00:00,3.142,3.149,3.114,3.125,38204.86
2026-03-20 09:00:00+00:00,3.125,3.13,3.101,3.127,38586.0
2026-03-20 10:00:00+00:00,3.128,3.144,3.1,3.133,42024.07
2026-03-20 11:00:00+00:00,3.133,3.145,3.087,3.103,64748.66
2026-03-20 12:00:00+00:00,3.103,3.134,3.092,3.099,62415.93
2026-03-20 13:00:00+00:00,3.1,3.119,3.08,3.086,77853.37
2026-03-20 14:00:00+00:00,3.086,3.113,3.071,3.086,41698.06
2026-03-20 15:00:00+00:00,3.087,3.099,3.075,3.098,24836.07
2026-03-20 16:00:00+00:00,3.098,3.105,3.073,3.086,25013.74
2026-03-20 17:00:00+00:00,3.086,3.11,3.078,3.106,30905.66
2026-03-20 18:00:00+00:00,3.106,3.117,3.078,3.085,19146.33
2026-03-20 19:00:00+00:00,3.085,3.097,3.053,3.094,31356.57
2026-03-20 20:00:00+00:00,3.094,3.1,3.057,3.073,15401.32
2026-03-20 21:00:00+00:00,3.072,3.1,3.062,3.09,21026.47
2026-03-20 22:00:00+00:00,3.091,3.119,3.091,3.094,17861.07
2026-03-20 23:00:00+00:00,3.093,3.094,3.076,3.085,10464.4
2026-03-21 00:00:00+00:00,3.085,3.094,3.082,3.093,14356.51
2026-03-21 01:00:00+00:00,3.092,3.101,3.081,3.082,10250.8
2026-03-21 02:00:00+00:00,3.081,3.093,3.08,3.091,6701.18
2026-03-21 03:00:00+00:00,3.091,3.091,3.082,3.086,4140.24
2026-03-21 04:00:00+00:00,3.086,3.092,3.077,3.079,12024.69
2026-03-21 05:00:00+00:00,3.079,3.104,3.077,3.094,13666.46
2026-03-21 06:00:00+00:00,3.093,3.115,3.09,3.105,15936.04
2026-03-21 07:00:00+00:00,3.105,3.108,3.09,3.092,8766.72
2026-03-21 08:00:00+00:00,3.092,3.102,3.088,3.102,10069.83
2026-03-21 09:00:00+00:00,3.102,3.11,3.097,3.101,5457.13
2026-03-21 10:00:00+00:00,3.1,3.101,3.08,3.089,10655.37
2026-03-21 11:00:00+00:00,3.089,3.09,3.076,3.087,12197.94
2026-03-21 12:00:00+00:00,3.088,3.103,3.088,3.097,34806.51
2026-03-21 13:00:00+00:00,3.098,3.103,3.086,3.097,13644.44
2026-03-21 14:00:00+00:00,3.097,3.126,3.097,3.11,26409.04
2026-03-21 15:00:00+00:00,3.11,3.153,3.109,3.148,34583.65
2026-03-21 16:00:00+00:00,3.148,3.152,3.112,3.116,38060.1
2026-03-21 17:00:00+00:00,3.117,3.129,3.102,3.12,24309.15
2026-03-21 18:00:00+00:00,3.121,3.128,3.106,3.109,16192.58
2026-03-21 19:00:00+00:00,3.109,3.112,3.1,3.103,9948.52
2026-03-21 20:00:00+00:00,3.103,3.117,3.102,3.112,8132.41
2026-03-21 21:00:00+00:00,3.112,3.116,3.107,3.11,6639.6
2026-03-21 22:00:00+00:00,3.109,3.122,3.098,3.111,25754.31
2026-03-21 23:00:00+00:00,3.112,3.127,3.013,3.034,109743.77
2026-03-22 00:00:00+00:00,3.034,3.058,2.972,3.036,94579.59
2026-03-22 01:00:00+00:00,3.037,3.048,3.006,3.025,23503.26
2026-03-22 02:00:00+00:00,3.026,3.047,3.016,3.03,23147.07
2026-03-22 03:00:00+00:00,3.029,3.061,3.02,3.03,27189.77
2026-03-22 04:00:00+00:00,3.03,3.051,3.023,3.034,13831.98
2026-03-22 05:00:00+00:00,3.035,3.035,3.012,3.014,8714.36
2026-03-22 06:00:00+00:00,3.012,3.012,3.0,3.008,16941.18
2026-03-22 07:00:00+00:00,3.007,3.012,2.992,2.993,20406.08
2026-03-22 08:00:00+00:00,2.992,2.996,2.967,2.995,73494.67
2026-03-22 09:00:00+00:00,2.994,3.006,2.987,2.994,13351.84
2026-03-22 10:00:00+00:00,2.993,2.993,2.96,2.962,56673.44
2026-03-22 11:00:00+00:00,2.961,2.964,2.941,2.944,18498.73
2026-03-22 12:00:00+00:00,2.944,2.98,2.944,2.969,18722.78
2026-03-22 13:00:00+00:00,2.969,2.978,2.965,2.974,5623.13
2026-03-22 14:00:00+00:00,2.974,2.985,2.961,2.977,15639.62
2026-03-22 15:00:00+00:00,2.977,2.987,2.973,2.984,8778.28
2026-03-22 16:00:00+00:00,2.985,2.996,2.967,2.967,21844.84
2026-03-22 17:00:00+00:00,2.966,2.971,2.956,2.957,8885.39
2026-03-22 18:00:00+00:00,2.956,2.963,2.934,2.952,20201.26
2026-03-22 19:00:00+00:00,2.952,2.954,2.936,2.946,17240.38
2026-03-22 20:00:00+00:00,2.947,2.965,2.947,2.956,25893.93
2026-03-22 21:00:00+00:00,2.957,2.96,2.904,2.936,43691.32
2026-03-22 22:00:00+00:00,2.935,2.964,2.909,2.96,17153.84
2026-03-22 23:00:00+00:00,2.961,2.976,2.941,2.948,35159.84
2026-03-23 00:00:00+00:00,2.948,2.982,2.943,2.968,31634.65
2026-03-23 01:00:00+00:00,2.968,2.988,2.961,2.975,15098.77
2026-03-23 02:00:00+00:00,2.975,3.002,2.971,2.986,42348.96
2026-03-23 03:00:00+00:00,2.986,3.001,2.977,2.978,7256.35
2026-03-23 04:00:00+00:00,2.978,2.992,2.977,2.992,7482.36
2026-03-23 05:00:00+00:00,2.992,2.997,2.974,2.984,8134.51
2026-03-23 06:00:00+00:00,2.982,2.982,2.938,2.947,40722.44
2026-03-23 07:00:00+00:00,2.946,2.946,2.914,2.933,27465.87
2026-03-23 08:00:00+00:00,2.934,2.938,2.911,2.916,13162.86
2026-03-23 09:00:00+00:00,2.915,2.926,2.9,2.919,45856.2
2026-03-23 10:00:00+00:00,2.919,2.937,2.916,2.926,10421.74
2026-03-23 11:00:00+00:00,2.927,3.079,2.925,3.03,259265.68
2026-03-23 12:00:00+00:00,3.03,3.056,3.013,3.048,41837.13
2026-03-23 13:00:00+00:00,3.048,3.07,3.029,3.064,21555.12
2026-03-23 14:00:00+00:00,3.065,3.09,3.04,3.053,118825.23
2026-03-23 15:00:00+00:00,3.052,3.066,3.0,3.003,48587.72
2026-03-23 16:00:00+00:00,3.004,3.019,2.985,3.018,41077.32
2026-03-23 17:00:00+00:00,3.019,3.046,3.01,3.045,20143.86
2026-03-23 18:00:00+00:00,3.045,3.068,3.037,3.067,31604.39
2026-03-23 19:00:00+00:00,3.068,3.086,3.049,3.051,56025.18
2026-03-23 20:00:00+00:00,3.051,3.097,3.039,3.081,154552.06
2026-03-23 21:00:00+00:00,3.083,3.11,3.072,3.104,66663.08
2026-03-23 22:00:00+00:00,3.104,3.105,3.076,3.081,55895.8
2026-03-23 23:00:00+00:00,3.081,3.091,3.058,3.09,21960.75
2026-03-24 00:00:00+00:00,3.09,3.104,3.058,3.081,55043.01
2026-03-24 01:00:00+00:00,3.08,3.089,3.059,3.072,22146.02
2026-03-24 02:00:00+00:00,3.074,3.094,3.066,3.067,46891.56
2026-03-24 03:00:00+00:00,3.067,3.081,3.061,3.076,33791.96
2026-03-24 04:00:00+00:00,3.077,3.082,3.056,3.066,16211.77
2026-03-24 05:00:00+00:00,3.065,3.067,3.055,3.057,6705.85
2026-03-24 06:00:00+00:00,3.057,3.063,3.044,3.059,63071.19
2026-03-24 07:00:00+00:00,3.059,3.085,3.056,3.08,43519.7
2026-03-24 08:00:00+00:00,3.081,3.082,3.062,3.063,17521.32
2026-03-24 09:00:00+00:00,3.062,3.073,3.043,3.064,103818.91
2026-03-24 10:00:00+00:00,3.063,3.077,3.048,3.06,240649.48
2026-03-24 11:00:00+00:00,3.06,3.067,3.049,3.061,13512.74
2026-03-24 12:00:00+00:00,3.06,3.06,3.036,3.052,21259.04
2026-03-24 13:00:00+00:00,3.051,3.073,3.046,3.052,38730.16
2026-03-24 14:00:00+00:00,3.051,3.062,3.027,3.056,41862.32
2026-03-24 15:00:00+00:00,3.058,3.065,3.042,3.042,14085.38
2026-03-24 16:00:00+00:00,3.042,3.049,3.017,3.023,28742.33
2026-03-24 17:00:00+00:00,3.022,3.024,2.991,3.002,45728.96
2026-03-24 18:00:00+00:00,3.003,3.014,2.991,3.005,41693.75
2026-03-24 19:00:00+00:00,3.005,3.027,3.004,3.017,19817.15
2026-03-24 20:00:00+00:00,3.017,3.065,3.012,3.052,69376.69
2026-03-24 21:00:00+00:00,3.053,3.057,3.033,3.056,15521.56
2026-03-24 22:00:00+00:00,3.056,3.061,3.04,3.049,20401.69
2026-03-24 23:00:00+00:00,3.048,3.068,3.048,3.063,26561.47
2026-03-25 00:00:00+00:00,3.062,3.078,3.054,3.065,24122.79
2026-03-25 01:00:00+00:00,3.066,3.092,3.06,3.07,43289.41
2026-03-25 02:00:00+00:00,3.07,3.073,3.061,3.061,32162.29
2026-03-25 03:00:00+00:00,3.063,3.073,3.056,3.069,23448.43
2026-03-25 04:00:00+00:00,3.069,3.073,3.051,3.071,20173.32
2026-03-25 05:00:00+00:00,3.07,3.081,3.06,3.067,15837.04
2026-03-25 06:00:00+00:00,3.067,3.075,3.058,3.065,22817.54
2026-03-25 07:00:00+00:00,3.064,3.078,3.058,3.061,63592.39
2026-03-25 08:00:00+00:00,3.061,3.083,3.06,3.07,29573.92
2026-03-25 09:00:00+00:00,3.07,3.079,3.067,3.078,15958.47
2026-03-25 10:00:00+00:00,3.078,3.107,3.076,3.101,59746.43
2026-03-25 11:00:00+00:00,3.1,3.125,3.089,3.113,34152.95
2026-03-25 12:00:00+00:00,3.113,3.129,3.1,3.124,38922.48
2026-03-25 13:00:00+00:00,3.125,3.128,3.084,3.086,29930.43
2026-03-25 14:00:00+00:00,3.087,3.099,3.078,3.09,19763.82
2026-03-25 15:00:00+00:00,3.09,3.098,3.064,3.079,25077.16
2026-03-25 16:00:00+00:00,3.078,3.108,3.078,3.087,42326.75
2026-03-25 17:00:00+00:00,3.088,3.096,3.084,3.086,17051.83
2026-03-25 18:00:00+00:00,3.086,3.096,3.073,3.078,15195.63
2026-03-25 19:00:00+00:00,3.079,3.087,3.075,3.082,9817.4
2026-03-25 20:00:00+00:00,3.083,3.083,3.056,3.072,26934.31
2026-03-25 21:00:00+00:00,3.071,3.076,3.062,3.071,8978.01
2026-03-25 22:00:00+00:00,3.072,3.093,3.065,3.082,24423.71
2026-03-25 23:00:00+00:00,3.083,3.087,3.072,3.083,7045.26
2026-03-26 00:00:00+00:00,3.083,3.083,3.063,3.069,8517.5
2026-03-26 01:00:00+00:00,3.07,3.079,3.069,3.078,9090.54
2026-03-26 02:00:00+00:00,3.077,3.077,3.036,3.052,39523.93
2026-03-26 03:00:00+00:00,3.051,3.051,3.027,3.032,24221.62
2026-03-26 04:00:00+00:00,3.032,3.037,3.027,3.034,9402.0
2026-03-26 05:00:00+00:00,3.034,3.037,3.0,3.003,36550.49
2026-03-26 06:00:00+00:00,3.003,3.005,2.984,2.992,24203.8
2026-03-26 07:00:00+00:00,2.992,3.001,2.99,2.998,17944.38
2026-03-26 08:00:00+00:00,2.999,3.004,2.988,2.995,9993.91
2026-03-26 09:00:00+00:00,2.994,3.003,2.961,2.968,39319.9
2026-03-26 10:00:00+00:00,2.968,2.968,2.947,2.955,50278.34
2026-03-26 11:00:00+00:00,2.955,2.961,2.95,2.955,14463.53
2026-03-26 12:00:00+00:00,2.954,2.97,2.951,2.965,19766.58
2026-03-26 13:00:00+00:00,2.964,2.996,2.963,2.986,44490.17
2026-03-26 14:00:00+00:00,2.987,2.997,2.963,2.971,42525.97
2026-03-26 15:00:00+00:00,2.971,2.971,2.938,2.948,21852.16
2026-03-26 16:00:00+00:00,2.948,2.961,2.947,2.954,10457.29
2026-03-26 17:00:00+00:00,2.953,2.965,2.943,2.946,10432.62
2026-03-26 18:00:00+00:00,2.947,2.952,2.927,2.938,30910.18
2026-03-26 19:00:00+00:00,2.938,2.939,2.927,2.928,13398.2
2026-03-26 20:00:00+00:00,2.928,2.976,2.92,2.949,38758.37
2026-03-26 21:00:00+00:00,2.948,2.973,2.944,2.965,21133.33
2026-03-26 22:00:00+00:00,2.965,2.968,2.948,2.956,9344.72
2026-03-26 23:00:00+00:00,2.957,2.96,2.947,2.954,15608.4
2026-03-27 00:00:00+00:00,2.953,2.963,2.951,2.959,6932.37
2026-03-27 01:00:00+00:00,2.959,2.978,2.958,2.975,16300.22
2026-03-27 02:00:00+00:00,2.977,2.98,2.966,2.974,30244.39
2026-03-27 03:00:00+00:00,2.975,2.978,2.963,2.971,23234.28
2026-03-27 04:00:00+00:00,2.97,2.972,2.953,2.967,11278.2
2026-03-27 05:00:00+00:00,2.966,2.976,2.961,2.966,20467.58
2026-03-27 06:00:00+00:00,2.967,2.973,2.965,2.97,3984.57
2026-03-27 07:00:00+00:00,2.971,2.988,2.97,2.988,7453.22
2026-03-27 08:00:00+00:00,2.987,2.991,2.939,2.953,28860.91
2026-03-27 09:00:00+00:00,2.952,2.952,2.918,2.925,24545.88
2026-03-27 10:00:00+00:00,2.925,2.932,2.872,2.876,151504.18
2026-03-27 11:00:00+00:00,2.876,2.9,2.865,2.894,45596.76
2026-03-27 12:00:00+00:00,2.894,2.895,2.868,2.879,161931.2
2026-03-27 13:00:00+00:00,2.879,2.892,2.868,2.883,68732.26
2026-03-27 14:00:00+00:00,2.882,2.903,2.879,2.901,108600.19
2026-03-27 15:00:00+00:00,2.901,2.916,2.886,2.893,49531.53
2026-03-27 16:00:00+00:00,2.893,2.896,2.881,2.885,40156.05
2026-03-27 17:00:00+00:00,2.885,2.898,2.871,2.878,51075.56
2026-03-27 18:00:00+00:00,2.877,2.883,2.87,2.88,25385.85
2026-03-27 19:00:00+00:00,2.88,2.89,2.871,2.883,45304.38
2026-03-27 20:00:00+00:00,2.882,2.885,2.869,2.88,28837.92
2026-03-27 21:00:00+00:00,2.882,2.887,2.875,2.876,21182.93
2026-03-27 22:00:00+00:00,2.876,2.877,2.869,2.874,28444.11
2026-03-27 23:00:00+00:00,2.873,2.882,2.87,2.881,20184.2
2026-03-28 00:00:00+00:00,2.881,2.888,2.873,2.88,22572.93
2026-03-28 01:00:00+00:00,2.879,2.88,2.846,2.854,82979.38
2026-03-28 02:00:00+00:00,2.855,2.864,2.843,2.848,23390.95
2026-03-28 03:00:00+00:00,2.85,2.852,2.842,2.844,20994.1
2026-03-28 04:00:00+00:00,2.845,2.85,2.839,2.848,38279.59
2026-03-28 05:00:00+00:00,2.848,2.854,2.839,2.852,37043.28
2026-03-28 06:00:00+00:00,2.851,2.869,2.851,2.867,14838.16
2026-03-28 07:00:00+00:00,2.866,2.888,2.866,2.888,13911.17
2026-03-28 08:00:00+00:00,2.888,2.898,2.88,2.88,25946.83
2026-03-28 09:00:00+00:00,2.88,2.881,2.864,2.867,29870.97
2026-03-28 10:00:00+00:00,2.868,2.88,2.858,2.865,25897.0
2026-03-28 11:00:00+00:00,2.866,2.868,2.858,2.865,9592.47
2026-03-28 12:00:00+00:00,2.866,2.871,2.853,2.856,23813.68
2026-03-28 13:00:00+00:00,2.855,2.905,2.855,2.892,43111.28
2026-03-28 14:00:00+00:00,2.892,2.907,2.883,2.901,23368.15
2026-03-28 15:00:00+00:00,2.901,2.931,2.9,2.905,21624.24
2026-03-28 16:00:00+00:00,2.906,2.913,2.902,2.909,7894.39
2026-03-28 17:00:00+00:00,2.909,2.913,2.891,2.895,14664.83
2026-03-28 18:00:00+00:00,2.895,2.898,2.891,2.893,15865.91
2026-03-28 19:00:00+00:00,2.892,2.894,2.88,2.886,34583.32
2026-03-28 20:00:00+00:00,2.886,2.897,2.886,2.894,6502.84
2026-03-28 21:00:00+00:00,2.894,2.895,2.867,2.873,12667.64
2026-03-28 22:00:00+00:00,2.871,2.879,2.866,2.875,11614.28
2026-03-28 23:00:00+00:00,2.874,2.874,2.802,2.822,71043.53
2026-03-29 00:00:00+00:00,2.821,2.836,2.818,2.833,11650.97
2026-03-29 01:00:00+00:00,2.833,2.843,2.827,2.835,34513.03
2026-03-29 02:00:00+00:00,2.835,2.838,2.819,2.832,29605.55
2026-03-29 03:00:00+00:00,2.832,2.851,2.832,2.846,30229.44
2026-03-29 04:00:00+00:00,2.846,2.847,2.835,2.835,2518.63
2026-03-29 05:00:00+00:00,2.835,2.836,2.828,2.833,8546.01
2026-03-29 06:00:00+00:00,2.834,2.837,2.828,2.834,6206.66
2026-03-29 07:00:00+00:00,2.833,2.833,2.823,2.823,6366.58
2026-03-29 08:00:00+00:00,2.824,2.833,2.821,2.829,7689.77
2026-03-29 09:00:00+00:00,2.83,2.832,2.819,2.823,17791.65
2026-03-29 10:00:00+00:00,2.822,2.822,2.804,2.81,13281.33
2026-03-29 11:00:00+00:00,2.811,2.827,2.811,2.816,17413.64
2026-03-29 12:00:00+00:00,2.815,2.815,2.795,2.804,19179.28
2026-03-29 13:00:00+00:00,2.804,2.804,2.786,2.797,24520.95
2026-03-29 14:00:00+00:00,2.797,2.813,2.793,2.802,28399.87
2026-03-29 15:00:00+00:00,2.803,2.809,2.792,2.799,16071.33
2026-03-29 16:00:00+00:00,2.8,2.81,2.794,2.8,13784.93
2026-03-29 17:00:00+00:00,2.8,2.803,2.784,2.797,17746.9
2026-03-29 18:00:00+00:00,2.797,2.808,2.791,2.805,14532.59
2026-03-29 19:00:00+00:00,2.805,2.805,2.795,2.796,8744.8
2026-03-29 20:00:00+00:00,2.796,2.817,2.796,2.816,15046.19
2026-03-29 21:00:00+00:00,2.817,2.828,2.809,2.828,22085.77
2026-03-29 22:00:00+00:00,2.826,2.826,2.724,2.785,96552.59
2026-03-29 23:00:00+00:00,2.784,2.807,2.783,2.803,60463.33
2026-03-30 00:00:00+00:00,2.804,2.842,2.801,2.828,36502.5
2026-03-30 01:00:00+00:00,2.828,2.858,2.828,2.856,25253.48
2026-03-30 02:00:00+00:00,2.857,2.887,2.851,2.87,18347.11
2026-03-30 03:00:00+00:00,2.87,2.88,2.864,2.877,10653.27
2026-03-30 04:00:00+00:00,2.877,2.907,2.877,2.898,66646.15
2026-03-30 05:00:00+00:00,2.898,2.915,2.896,2.901,26318.43
2026-03-30 06:00:00+00:00,2.9,2.91,2.889,2.9,53977.14
2026-03-30 07:00:00+00:00,2.899,2.94,2.899,2.938,60615.38
2026-03-30 08:00:00+00:00,2.938,2.949,2.924,2.937,43562.5
2026-03-30 09:00:00+00:00,2.938,2.94,2.91,2.91,23583.93
2026-03-30 10:00:00+00:00,2.91,2.915,2.903,2.914,8539.99
2026-03-30 11:00:00+00:00,2.914,2.957,2.914,2.926,57358.06
2026-03-30 12:00:00+00:00,2.927,2.94,2.927,2.928,10570.85
2026-03-30 13:00:00+00:00,2.928,2.94,2.917,2.923,21720.0
2026-03-30 14:00:00+00:00,2.924,2.93,2.901,2.919,31340.98
2026-03-30 15:00:00+00:00,2.92,2.921,2.9,2.91,80034.08
2026-03-30 16:00:00+00:00,2.91,2.912,2.9,2.909,21775.03
2026-03-30 17:00:00+00:00,2.91,2.914,2.876,2.885,45050.09
2026-03-30 18:00:00+00:00,2.886,2.896,2.858,2.866,57042.49
2026-03-30 19:00:00+00:00,2.866,2.87,2.84,2.869,44994.18
2026-03-30 20:00:00+00:00,2.87,2.878,2.859,2.865,10162.75
2026-03-30 21:00:00+00:00,2.864,2.896,2.863,2.881,29597.23
2026-03-30 22:00:00+00:00,2.88,2.887,2.869,2.872,13052.36
2026-03-30 23:00:00+00:00,2.871,2.871,2.846,2.856,29008.08
2026-03-31 00:00:00+00:00,2.857,2.878,2.851,2.87,52760.86
2026-03-31 01:00:00+00:00,2.871,2.919,2.869,2.901,29128.83
2026-03-31 02:00:00+00:00,2.901,2.91,2.897,2.901,9132.12
2026-03-31 03:00:00+00:00,2.9,2.9,2.885,2.892,11698.61
2026-03-31 04:00:00+00:00,2.892,2.897,2.882,2.884,11959.84
2026-03-31 05:00:00+00:00,2.884,2.896,2.882,2.894,13350.2
2026-03-31 06:00:00+00:00,2.894,2.901,2.882,2.896,23492.87
2026-03-31 07:00:00+00:00,2.896,2.898,2.88,2.894,12488.15
2026-03-31 08:00:00+00:00,2.894,2.896,2.867,2.868,40002.21
2026-03-31 09:00:00+00:00,2.868,2.873,2.827,2.841,95434.73
2026-03-31 10:00:00+00:00,2.84,2.852,2.838,2.841,8674.85
2026-03-31 11:00:00+00:00,2.841,2.862,2.837,2.855,18614.63
2026-03-31 12:00:00+00:00,2.857,2.866,2.852,2.857,12519.07
2026-03-31 13:00:00+00:00,2.858,2.89,2.857,2.881,11984.46
2026-03-31 14:00:00+00:00,2.881,2.901,2.847,2.856,24246.76
2026-03-31 15:00:00+00:00,2.857,2.885,2.851,2.852,36646.55
2026-03-31 16:00:00+00:00,2.852,2.895,2.852,2.892,20681.19
2026-03-31 17:00:00+00:00,2.893,2.915,2.873,2.882,58487.31
2026-03-31 18:00:00+00:00,2.882,2.9,2.881,2.888,63619.37
2026-03-31 19:00:00+00:00,2.889,2.9,2.885,2.894,15885.98
2026-03-31 20:00:00+00:00,2.894,2.902,2.883,2.893,22671.31
2026-03-31 21:00:00+00:00,2.893,2.896,2.878,2.885,31675.98
2026-03-31 22:00:00+00:00,2.884,2.888,2.864,2.868,19843.35
2026-03-31 23:00:00+00:00,2.867,2.883,2.865,2.882,14899.75
2026-04-01 00:00:00+00:00,2.882,2.886,2.873,2.883,14327.99
2026-04-01 01:00:00+00:00,2.884,2.889,2.856,2.858,13430.61
2026-04-01 02:00:00+00:00,2.858,2.868,2.856,2.867,10581.04
2026-04-01 03:00:00+00:00,2.867,2.885,2.867,2.872,7963.02
2026-04-01 04:00:00+00:00,2.872,2.88,2.86,2.871,73999.77
2026-04-01 05:00:00+00:00,2.871,2.909,2.868,2.901,26319.38
2026-04-01 06:00:00+00:00,2.901,2.937,2.901,2.934,34364.31
2026-04-01 07:00:00+00:00,2.935,2.939,2.922,2.935,18976.25
2026-04-01 08:00:00+00:00,2.935,2.947,2.919,2.924,24321.18
2026-04-01 09:00:00+00:00,2.924,2.93,2.914,2.919,10658.98
2026-04-01 10:00:00+00:00,2.92,2.928,2.91,2.918,27960.35
2026-04-01 11:00:00+00:00,2.918,2.932,2.912,2.931,8587.41
2026-04-01 12:00:00+00:00,2.931,2.965,2.926,2.94,45010.28
2026-04-01 13:00:00+00:00,2.939,2.947,2.917,2.924,31149.09
2026-04-01 14:00:00+00:00,2.925,2.932,2.898,2.904,35376.57
2026-04-01 15:00:00+00:00,2.906,2.914,2.881,2.914,37897.57
2026-04-01 16:00:00+00:00,2.914,2.925,2.895,2.913,37910.29
2026-04-01 17:00:00+00:00,2.914,2.935,2.901,2.903,21348.35
2026-04-01 18:00:00+00:00,2.904,2.907,2.883,2.885,49434.34
2026-04-01 19:00:00+00:00,2.886,2.9,2.881,2.892,11596.45
2026-04-01 20:00:00+00:00,2.892,2.892,2.868,2.871,45704.65
2026-04-01 21:00:00+00:00,2.873,2.892,2.871,2.889,21462.89
2026-04-01 22:00:00+00:00,2.888,2.889,2.864,2.871,14895.65
2026-04-01 23:00:00+00:00,2.872,2.879,2.864,2.871,16417.83
2026-04-02 00:00:00+00:00,2.871,2.9,2.869,2.896,16725.97
2026-04-02 01:00:00+00:00,2.895,2.896,2.809,2.825,62690.63
2026-04-02 02:00:00+00:00,2.823,2.823,2.771,2.786,40761.77
2026-04-02 03:00:00+00:00,2.786,2.792,2.764,2.779,22586.63
2026-04-02 04:00:00+00:00,2.778,2.788,2.77,2.771,9927.85
2026-04-02 05:00:00+00:00,2.772,2.787,2.762,2.785,26478.44
2026-04-02 06:00:00+00:00,2.784,2.801,2.784,2.788,32573.22
2026-04-02 07:00:00+00:00,2.787,2.8,2.785,2.799,7938.79
2026-04-02 08:00:00+00:00,2.798,2.8,2.785,2.786,9849.46
2026-04-02 09:00:00+00:00,2.787,2.794,2.781,2.789,39815.77
2026-04-02 10:00:00+00:00,2.788,2.793,2.777,2.785,15691.03
2026-04-02 11:00:00+00:00,2.785,2.792,2.776,2.783,12652.14
2026-04-02 12:00:00+00:00,2.782,2.782,2.766,2.766,16845.51
2026-04-02 13:00:00+00:00,2.766,2.766,2.748,2.758,45677.46
2026-04-02 14:00:00+00:00,2.757,2.806,2.75,2.801,54362.54
2026-04-02 15:00:00+00:00,2.8,2.8,2.767,2.777,18566.37
2026-04-02 16:00:00+00:00,2.775,2.792,2.758,2.772,22757.82
2026-04-02 17:00:00+00:00,2.771,2.788,2.756,2.759,30057.07
2026-04-02 18:00:00+00:00,2.76,2.76,2.743,2.749,23228.42
2026-04-02 19:00:00+00:00,2.748,2.75,2.733,2.74,46725.54
2026-04-02 20:00:00+00:00,2.74,2.771,2.731,2.758,57943.89
2026-04-02 21:00:00+00:00,2.759,2.759,2.727,2.736,46035.06
2026-04-02 22:00:00+00:00,2.738,2.742,2.73,2.735,19149.34
2026-04-02 23:00:00+00:00,2.735,2.747,2.73,2.745,22997.78
2026-04-03 00:00:00+00:00,2.744,2.752,2.742,2.752,48271.58
2026-04-03 01:00:00+00:00,2.753,2.772,2.752,2.768,72388.8
2026-04-03 02:00:00+00:00,2.768,2.787,2.755,2.786,33975.41
2026-04-03 03:00:00+00:00,2.786,2.807,2.78,2.8,42164.19
2026-04-03 04:00:00+00:00,2.801,2.81,2.788,2.809,33571.84
2026-04-03 05:00:00+00:00,2.81,2.833,2.802,2.819,27135.49
2026-04-03 06:00:00+00:00,2.819,2.835,2.814,2.831,18365.21
2026-04-03 07:00:00+00:00,2.83,2.835,2.817,2.823,23744.64
2026-04-03 08:00:00+00:00,2.824,2.836,2.821,2.823,45851.45
2026-04-03 09:00:00+00:00,2.822,2.834,2.814,2.829,11433.7
2026-04-03 10:00:00+00:00,2.829,2.835,2.815,2.826,10945.61
2026-04-03 11:00:00+00:00,2.826,2.832,2.819,2.828,6593.35
2026-04-03 12:00:00+00:00,2.827,2.854,2.809,2.818,44247.99
2026-04-03 13:00:00+00:00,2.818,2.819,2.803,2.811,15814.0
2026-04-03 14:00:00+00:00,2.81,2.819,2.803,2.814,15210.31
2026-04-03 15:00:00+00:00,2.813,2.819,2.796,2.798,14483.88
2026-04-03 16:00:00+00:00,2.797,2.808,2.793,2.808,7918.74
2026-04-03 17:00:00+00:00,2.807,2.811,2.788,2.794,23800.94
2026-04-03 18:00:00+00:00,2.793,2.805,2.785,2.785,17927.52
2026-04-03 19:00:00+00:00,2.786,2.797,2.779,2.796,44798.5
2026-04-03 20:00:00+00:00,2.797,2.809,2.793,2.805,15078.35
2026-04-03 21:00:00+00:00,2.805,2.818,2.803,2.81,15617.84
2026-04-03 22:00:00+00:00,2.81,2.813,2.792,2.797,36388.54
2026-04-03 23:00:00+00:00,2.797,2.797,2.783,2.793,16438.47
2026-04-04 00:00:00+00:00,2.792,2.796,2.79,2.794,6472.98
2026-04-04 01:00:00+00:00,2.793,2.802,2.784,2.789,7380.67
2026-04-04 02:00:00+00:00,2.788,2.788,2.777,2.78,10566.41
2026-04-04 03:00:00+00:00,2.78,2.795,2.78,2.79,44314.1
2026-04-04 04:00:00+00:00,2.789,2.803,2.786,2.795,17850.75
2026-04-04 05:00:00+00:00,2.794,2.807,2.79,2.79,8891.03
2026-04-04 06:00:00+00:00,2.79,2.805,2.79,2.804,8318.93
2026-04-04 07:00:00+00:00,2.804,2.81,2.797,2.808,5485.0
2026-04-04 08:00:00+00:00,2.807,2.812,2.793,2.794,13686.28
2026-04-04 09:00:00+00:00,2.794,2.803,2.794,2.796,5969.13
2026-04-04 10:00:00+00:00,2.797,2.809,2.794,2.804,7297.81
2026-04-04 11:00:00+00:00,2.804,2.818,2.804,2.815,7560.23
2026-04-04 12:00:00+00:00,2.813,2.816,2.807,2.808,6262.56
2026-04-04 13:00:00+00:00,2.808,2.811,2.792,2.794,9351.71
2026-04-04 14:00:00+00:00,2.793,2.805,2.788,2.803,12253.02
2026-04-04 15:00:00+00:00,2.805,2.821,2.803,2.808,19299.54
2026-04-04 16:00:00+00:00,2.808,2.814,2.799,2.801,8663.0
2026-04-04 17:00:00+00:00,2.801,2.826,2.799,2.818,7836.23
2026-04-04 18:00:00+00:00,2.818,2.822,2.816,2.817,8183.78
2026-04-04 19:00:00+00:00,2.818,2.838,2.818,2.824,12016.02
2026-04-04 20:00:00+00:00,2.823,2.823,2.812,2.816,28299.88
2026-04-04 21:00:00+00:00,2.816,2.825,2.81,2.814,12762.83
2026-04-04 22:00:00+00:00,2.815,2.821,2.813,2.814,6451.85
2026-04-04 23:00:00+00:00,2.814,2.815,2.809,2.813,2999.55
2026-04-05 00:00:00+00:00,2.813,2.815,2.8,2.804,15151.79
2026-04-05 01:00:00+00:00,2.805,2.808,2.798,2.799,3904.56
2026-04-05 02:00:00+00:00,2.798,2.804,2.793,2.799,12119.52
2026-04-05 03:00:00+00:00,2.799,2.801,2.793,2.798,1686.26
2026-04-05 04:00:00+00:00,2.797,2.799,2.792,2.792,2917.84
2026-04-05 05:00:00+00:00,2.791,2.795,2.774,2.777,12030.89
2026-04-05 06:00:00+00:00,2.777,2.777,2.744,2.765,52281.84
2026-04-05 07:00:00+00:00,2.765,2.776,2.76,2.765,35441.08
2026-04-05 08:00:00+00:00,2.764,2.773,2.763,2.773,6709.53
2026-04-05 09:00:00+00:00,2.773,2.784,2.771,2.783,16553.77
2026-04-05 10:00:00+00:00,2.783,2.786,2.773,2.775,10107.32
2026-04-05 11:00:00+00:00,2.773,2.778,2.771,2.777,3426.75
2026-04-05 12:00:00+00:00,2.778,2.779,2.752,2.765,22816.22
2026-04-05 13:00:00+00:00,2.764,2.771,2.75,2.769,26522.61
2026-04-05 14:00:00+00:00,2.77,2.774,2.761,2.769,20898.48
2026-04-05 15:00:00+00:00,2.768,2.798,2.761,2.771,27595.42
2026-04-05 16:00:00+00:00,2.771,2.781,2.767,2.768,15197.27
2026-04-05 17:00:00+00:00,2.768,2.776,2.764,2.774,9087.02
2026-04-05 18:00:00+00:00,2.774,2.78,2.768,2.773,8016.09
2026-04-05 19:00:00+00:00,2.772,2.781,2.768,2.776,7270.63
2026-04-05 20:00:00+00:00,2.776,2.78,2.77,2.775,9514.27
2026-04-05 21:00:00+00:00,2.774,2.776,2.759,2.768,10275.04
2026-04-05 22:00:00+00:00,2.769,2.799,2.762,2.798,23745.6
2026-04-05 23:00:00+00:00,2.799,2.828,2.795,2.825,34450.41
2026-04-06 00:00:00+00:00,2.826,2.863,2.826,2.845,36763.0
2026-04-06 01:00:00+00:00,2.845,2.847,2.834,2.839,21002.99
2026-04-06 02:00:00+00:00,2.841,2.895,2.841,2.875,73250.79
2026-04-06 03:00:00+00:00,2.875,2.883,2.87,2.883,17631.6
2026-04-06 04:00:00+00:00,2.881,2.885,2.87,2.88,16030.55
2026-04-06 05:00:00+00:00,2.879,2.883,2.868,2.869,5639.38
2026-04-06 06:00:00+00:00,2.87,2.882,2.86,2.872,49893.46
2026-04-06 07:00:00+00:00,2.871,2.889,2.868,2.885,14156.44
2026-04-06 08:00:00+00:00,2.885,2.9,2.884,2.886,14851.02
2026-04-06 09:00:00+00:00,2.888,2.926,2.888,2.925,51426.95
2026-04-06 10:00:00+00:00,2.926,2.944,2.922,2.93,27447.38
2026-04-06 11:00:00+00:00,2.93,2.948,2.926,2.945,22414.14
2026-04-06 12:00:00+00:00,2.946,2.971,2.943,2.96,62396.92
2026-04-06 13:00:00+00:00,2.959,2.975,2.938,2.946,35412.74
2026-04-06 14:00:00+00:00,2.946,2.951,2.922,2.943,62533.62
2026-04-06 15:00:00+00:00,2.943,2.95,2.928,2.947,16424.35
2026-04-06 16:00:00+00:00,2.947,2.951,2.918,2.929,14821.26
2026-04-06 17:00:00+00:00,2.929,2.93,2.91,2.919,19696.91
2026-04-06 18:00:00+00:00,2.918,2.929,2.907,2.928,34162.33
2026-04-06 19:00:00+00:00,2.927,2.928,2.904,2.914,22045.24
2026-04-06 20:00:00+00:00,2.914,2.914,2.906,2.906,10060.17
2026-04-06 21:00:00+00:00,2.904,2.908,2.879,2.881,17893.41
2026-04-06 22:00:00+00:00,2.88,2.892,2.852,2.852,31621.63
2026-04-06 23:00:00+00:00,2.852,2.861,2.835,2.846,39805.84
2026-04-07 00:00:00+00:00,2.848,2.862,2.84,2.85,86477.35
2026-04-07 01:00:00+00:00,2.849,2.856,2.831,2.831,18436.84
2026-04-07 02:00:00+00:00,2.831,2.844,2.807,2.832,34178.38
2026-04-07 03:00:00+00:00,2.833,2.844,2.832,2.841,9275.94
2026-04-07 04:00:00+00:00,2.84,2.852,2.833,2.846,13197.7
2026-04-07 05:00:00+00:00,2.845,2.845,2.835,2.841,24940.54
2026-04-07 06:00:00+00:00,2.841,2.855,2.834,2.851,14029.56
2026-04-07 07:00:00+00:00,2.851,2.878,2.85,2.869,43146.32
2026-04-07 08:00:00+00:00,2.869,2.885,2.846,2.867,25465.96
2026-04-07 09:00:00+00:00,2.867,2.89,2.867,2.883,21817.96
2026-04-07 10:00:00+00:00,2.883,2.886,2.848,2.851,30153.91
2026-04-07 11:00:00+00:00,2.852,2.855,2.831,2.838,35917.4
2026-04-07 12:00:00+00:00,2.837,2.84,2.797,2.826,45940.65
2026-04-07 13:00:00+00:00,2.828,2.833,2.819,2.82,13139.5
2026-04-07 14:00:00+00:00,2.82,2.833,2.81,2.814,45247.26
2026-04-07 15:00:00+00:00,2.814,2.828,2.798,2.808,53556.35
2026-04-07 16:00:00+00:00,2.808,2.814,2.794,2.808,32647.86
2026-04-07 17:00:00+00:00,2.808,2.844,2.806,2.84,11090.33
2026-04-07 18:00:00+00:00,2.839,2.841,2.824,2.829,5788.57
2026-04-07 19:00:00+00:00,2.827,2.877,2.826,2.875,26561.63
2026-04-07 20:00:00+00:00,2.874,2.885,2.863,2.867,21743.66
2026-04-07 21:00:00+00:00,2.867,2.935,2.866,2.925,43419.15
2026-04-07 22:00:00+00:00,2.925,3.003,2.915,3.002,55118.97
2026-04-07 23:00:00+00:00,3.003,3.046,3.001,3.017,87633.08
2026-04-08 00:00:00+00:00,3.016,3.037,2.993,3.001,40024.33
2026-04-08 01:00:00+00:00,3.0,3.018,2.993,3.015,16679.28
2026-04-08 02:00:00+00:00,3.016,3.038,3.006,3.015,21223.24
2026-04-08 03:00:00+00:00,3.014,3.032,3.013,3.025,9274.38
2026-04-08 04:00:00+00:00,3.026,3.043,3.02,3.023,23882.89
2026-04-08 05:00:00+00:00,3.023,3.04,3.022,3.03,9016.18
2026-04-08 06:00:00+00:00,3.031,3.039,3.018,3.032,16145.71
2026-04-08 07:00:00+00:00,3.032,3.046,3.026,3.042,15765.85
2026-04-08 08:00:00+00:00,3.041,3.041,3.019,3.026,8005.8
2026-04-08 09:00:00+00:00,3.026,3.029,3.009,3.01,12382.32
2026-04-08 10:00:00+00:00,3.01,3.02,3.006,3.006,11881.63
2026-04-08 11:00:00+00:00,3.005,3.01,2.984,2.998,16848.92
2026-04-08 12:00:00+00:00,3.0,3.002,2.978,2.996,24758.7
2026-04-08 13:00:00+00:00,2.997,3.018,2.988,2.99,30934.19
2026-04-08 14:00:00+00:00,2.99,2.993,2.936,2.946,47123.69
2026-04-08 15:00:00+00:00,2.945,2.963,2.942,2.962,22077.21
2026-04-08 16:00:00+00:00,2.961,2.971,2.955,2.968,13075.21
2026-04-08 17:00:00+00:00,2.968,2.982,2.959,2.962,27584.7
2026-04-08 18:00:00+00:00,2.962,2.962,2.907,2.91,66535.03
2026-04-08 19:00:00+00:00,2.91,2.921,2.886,2.918,39972.17
2026-04-08 20:00:00+00:00,2.919,2.928,2.915,2.922,12745.92
2026-04-08 21:00:00+00:00,2.922,2.952,2.921,2.941,35454.69
2026-04-08 22:00:00+00:00,2.942,2.942,2.915,2.917,20369.37
2026-04-08 23:00:00+00:00,2.917,2.918,2.898,2.904,12045.75
2026-04-09 00:00:00+00:00,2.904,2.906,2.883,2.893,13846.43
2026-04-09 01:00:00+00:00,2.892,2.893,2.871,2.884,31509.77
2026-04-09 02:00:00+00:00,2.885,2.904,2.884,2.898,6153.72
2026-04-09 03:00:00+00:00,2.898,2.902,2.888,2.891,7182.06
2026-04-09 04:00:00+00:00,2.89,2.903,2.887,2.891,8466.77
2026-04-09 05:00:00+00:00,2.891,2.913,2.89,2.899,12061.33
2026-04-09 06:00:00+00:00,2.899,2.915,2.899,2.915,26237.64
2026-04-09 07:00:00+00:00,2.916,2.923,2.912,2.913,16754.21
2026-04-09 08:00:00+00:00,2.914,2.927,2.912,2.915,18270.22
2026-04-09 09:00:00+00:00,2.915,2.927,2.904,2.925,8941.13
2026-04-09 10:00:00+00:00,2.923,2.925,2.916,2.918,9355.46
2026-04-09 11:00:00+00:00,2.917,2.921,2.907,2.909,13112.71
2026-04-09 12:00:00+00:00,2.909,2.922,2.903,2.92,15663.38
2026-04-09 13:00:00+00:00,2.921,2.923,2.902,2.91,21098.04
2026-04-09 14:00:00+00:00,2.91,2.924,2.898,2.918,31851.97
2026-04-09 15:00:00+00:00,2.919,2.975,2.909,2.963,74932.42
2026-04-09 16:00:00+00:00,2.963,2.98,2.95,2.959,43232.58
2026-04-09 17:00:00+00:00,2.959,2.982,2.957,2.979,26649.42
2026-04-09 18:00:00+00:00,2.98,2.981,2.954,2.974,29215.14
2026-04-09 19:00:00+00:00,2.973,2.992,2.959,2.981,54984.94
2026-04-09 20:00:00+00:00,2.982,2.993,2.982,2.982,12789.22
2026-04-09 21:00:00+00:00,2.983,3.002,2.98,2.99,22103.2
2026-04-09 22:00:00+00:00,2.991,3.035,2.985,2.988,30831.39
2026-04-09 23:00:00+00:00,2.987,2.99,2.957,2.962,20097.23
2026-04-10 00:00:00+00:00,2.963,2.966,2.937,2.96,29655.48
2026-04-10 01:00:00+00:00,2.959,2.983,2.944,2.963,17383.9
2026-04-10 02:00:00+00:00,2.963,2.976,2.962,2.969,12156.37
2026-04-10 03:00:00+00:00,2.97,2.975,2.958,2.961,13265.37
2026-04-10 04:00:00+00:00,2.96,2.999,2.959,2.994,27281.7
2026-04-10 05:00:00+00:00,2.994,3.0,2.979,2.997,10753.36
2026-04-10 06:00:00+00:00,2.998,3.001,2.979,2.982,9300.56
2026-04-10 07:00:00+00:00,2.983,2.987,2.969,2.973,14214.78
2026-04-10 08:00:00+00:00,2.972,2.996,2.96,2.982,28739.45
2026-04-10 09:00:00+00:00,2.983,3.009,2.981,3.007,32786.83
2026-04-10 10:00:00+00:00,3.007,3.015,2.986,2.99,48717.01
2026-04-10 11:00:00+00:00,2.99,2.998,2.974,2.977,31211.33
2026-04-10 12:00:00+00:00,2.978,3.0,2.976,2.992,31091.23
2026-04-10 13:00:00+00:00,2.992,3.013,2.988,3.008,31209.05
2026-04-10 14:00:00+00:00,3.007,3.06,2.996,3.057,94276.48
2026-04-10 15:00:00+00:00,3.057,3.074,3.024,3.03,98907.11
2026-04-10 16:00:00+00:00,3.031,3.065,3.031,3.063,86197.64
2026-04-10 17:00:00+00:00,3.062,3.063,3.035,3.041,45801.08
2026-04-10 18:00:00+00:00,3.042,3.081,3.033,3.074,40081.88
2026-04-10 19:00:00+00:00,3.074,3.086,3.061,3.073,17892.11
2026-04-10 20:00:00+00:00,3.072,3.077,3.053,3.068,24269.56
2026-04-10 21:00:00+00:00,3.068,3.069,3.041,3.059,21421.27
2026-04-10 22:00:00+00:00,3.06,3.061,3.04,3.046,25012.2
2026-04-10 23:00:00+00:00,3.047,3.055,3.038,3.051,15273.79
2026-04-11 00:00:00+00:00,3.051,3.051,3.027,3.033,55541.84
2026-04-11 01:00:00+00:00,3.032,3.036,3.017,3.03,12554.36
2026-04-11 02:00:00+00:00,3.03,3.039,3.027,3.031,11358.22
2026-04-11 03:00:00+00:00,3.032,3.042,3.013,3.013,22187.58
2026-04-11 04:00:00+00:00,3.013,3.02,3.009,3.017,10134.03
2026-04-11 05:00:00+00:00,3.016,3.016,2.995,2.997,19964.53
2026-04-11 06:00:00+00:00,2.996,3.006,2.989,2.999,17808.35
2026-04-11 07:00:00+00:00,2.999,3.005,2.997,3.005,11436.35
2026-04-11 08:00:00+00:00,3.006,3.019,3.004,3.012,8274.57
2026-04-11 09:00:00+00:00,3.012,3.023,3.003,3.014,11731.5
2026-04-11 10:00:00+00:00,3.013,3.016,3.0,3.011,16573.62
2026-04-11 11:00:00+00:00,3.011,3.015,3.008,3.011,12368.17
2026-04-11 12:00:00+00:00,3.01,3.011,2.999,2.999,6707.95
2026-04-11 13:00:00+00:00,2.998,2.998,2.979,2.997,29350.52
2026-04-11 14:00:00+00:00,2.997,3.004,2.995,3.001,20087.43
2026-04-11 15:00:00+00:00,3.001,3.023,3.0,3.011,12718.18
2026-04-11 16:00:00+00:00,3.011,3.044,3.006,3.026,20079.86
2026-04-11 17:00:00+00:00,3.025,3.038,3.02,3.025,26052.93
2026-04-11 18:00:00+00:00,3.026,3.07,3.02,3.058,25738.06
2026-04-11 19:00:00+00:00,3.059,3.086,3.057,3.079,35473.38
2026-04-11 20:00:00+00:00,3.079,3.081,3.041,3.047,42975.64
2026-04-11 21:00:00+00:00,3.046,3.053,3.034,3.043,25078.97
2026-04-11 22:00:00+00:00,3.044,3.054,3.026,3.028,22682.16
2026-04-11 23:00:00+00:00,3.027,3.027,3.002,3.014,18097.57
2026-04-12 00:00:00+00:00,3.015,3.023,3.0,3.018,12465.13
2026-04-12 01:00:00+00:00,3.019,3.024,2.935,2.939,70487.83
2026-04-12 02:00:00+00:00,2.939,2.949,2.917,2.942,36503.25
2026-04-12 03:00:00+00:00,2.942,2.945,2.927,2.93,20317.39
2026-04-12 04:00:00+00:00,2.93,2.93,2.915,2.922,28675.84
2026-04-12 05:00:00+00:00,2.922,2.925,2.911,2.918,20937.69
2026-04-12 06:00:00+00:00,2.917,2.923,2.91,2.911,24175.68
2026-04-12 07:00:00+00:00,2.911,2.918,2.904,2.914,14484.43
2026-04-12 08:00:00+00:00,2.914,2.92,2.913,2.914,4712.3
2026-04-12 09:00:00+00:00,2.914,2.916,2.908,2.911,8783.06
2026-04-12 10:00:00+00:00,2.912,2.913,2.9,2.905,35138.07
2026-04-12 11:00:00+00:00,2.904,2.925,2.902,2.919,26836.38
2026-04-12 12:00:00+00:00,2.918,2.923,2.903,2.906,33342.96
2026-04-12 13:00:00+00:00,2.905,2.917,2.9,2.902,22031.45
2026-04-12 14:00:00+00:00,2.901,2.909,2.895,2.897,20025.39
2026-04-12 15:00:00+00:00,2.897,2.897,2.882,2.892,25244.08
2026-04-12 16:00:00+00:00,2.891,2.903,2.891,2.898,12562.93
2026-04-12 17:00:00+00:00,2.899,2.939,2.899,2.933,19793.92
2026-04-12 18:00:00+00:00,2.934,2.941,2.925,2.925,9422.41
2026-04-12 19:00:00+00:00,2.925,2.932,2.919,2.92,14634.02
2026-04-12 20:00:00+00:00,2.921,2.938,2.909,2.93,14702.26
2026-04-12 21:00:00+00:00,2.931,2.935,2.911,2.92,20272.44
2026-04-12 22:00:00+00:00,2.919,2.92,2.885,2.903,34125.66
2026-04-12 23:00:00+00:00,2.903,2.903,2.885,2.891,14173.39
2026-04-13 00:00:00+00:00,2.891,2.91,2.89,2.904,17427.36
2026-04-13 01:00:00+00:00,2.904,2.917,2.903,2.917,13601.7
2026-04-13 02:00:00+00:00,2.918,2.92,2.901,2.905,13324.47
2026-04-13 03:00:00+00:00,2.906,2.914,2.905,2.913,4476.05
2026-04-13 04:00:00+00:00,2.914,2.919,2.905,2.905,7301.8
2026-04-13 05:00:00+00:00,2.904,2.907,2.898,2.907,9952.16
2026-04-13 06:00:00+00:00,2.908,2.935,2.908,2.924,10709.83
2026-04-13 07:00:00+00:00,2.925,2.926,2.901,2.902,12195.82
2026-04-13 08:00:00+00:00,2.9,2.91,2.89,2.897,15173.89
2026-04-13 09:00:00+00:00,2.898,2.91,2.898,2.902,8277.66
2026-04-13 10:00:00+00:00,2.902,2.909,2.899,2.901,12539.71
2026-04-13 11:00:00+00:00,2.901,2.915,2.901,2.908,17921.69
2026-04-13 12:00:00+00:00,2.907,2.936,2.902,2.929,18142.6
2026-04-13 13:00:00+00:00,2.93,2.954,2.913,2.953,38652.11
2026-04-13 14:00:00+00:00,2.953,2.968,2.927,2.967,40474.22
2026-04-13 15:00:00+00:00,2.967,2.97,2.922,2.93,19769.36
2026-04-13 16:00:00+00:00,2.929,2.952,2.917,2.947,27883.01
2026-04-13 17:00:00+00:00,2.946,2.965,2.935,2.935,21843.83
2026-04-13 18:00:00+00:00,2.935,2.947,2.927,2.945,15873.28
2026-04-13 19:00:00+00:00,2.944,2.991,2.941,2.987,37330.26
2026-04-13 20:00:00+00:00,2.986,2.986,2.957,2.962,70825.48
2026-04-13 21:00:00+00:00,2.962,2.996,2.953,2.992,28975.5
2026-04-13 22:00:00+00:00,2.994,3.047,2.992,3.044,67255.26
2026-04-13 23:00:00+00:00,3.043,3.068,3.032,3.056,35427.79
2026-04-14 00:00:00+00:00,3.057,3.066,3.029,3.031,36055.46
2026-04-14 01:00:00+00:00,3.031,3.036,3.02,3.027,14239.38
2026-04-14 02:00:00+00:00,3.027,3.041,3.027,3.036,20592.23
2026-04-14 03:00:00+00:00,3.036,3.054,3.032,3.049,17091.3
2026-04-14 04:00:00+00:00,3.048,3.057,3.035,3.039,19000.68
2026-04-14 05:00:00+00:00,3.039,3.039,3.008,3.013,15998.74
2026-04-14 06:00:00+00:00,3.014,3.022,3.012,3.016,13763.99
2026-04-14 07:00:00+00:00,3.016,3.025,3.006,3.013,37482.95
2026-04-14 08:00:00+00:00,3.013,3.022,3.008,3.016,16114.44
2026-04-14 09:00:00+00:00,3.017,3.024,3.013,3.023,30168.06
2026-04-14 10:00:00+00:00,3.023,3.029,3.013,3.019,15624.67
2026-04-14 11:00:00+00:00,3.018,3.024,3.008,3.008,22770.55
2026-04-14 12:00:00+00:00,3.009,3.013,2.995,3.003,27269.73
2026-04-14 13:00:00+00:00,3.003,3.043,3.0,3.042,33258.38
2026-04-14 14:00:00+00:00,3.042,3.051,3.021,3.022,27095.81
2026-04-14 15:00:00+00:00,3.021,3.027,2.988,3.005,42162.62
2026-04-14 16:00:00+00:00,3.005,3.015,2.989,2.998,44377.51
2026-04-14 17:00:00+00:00,2.997,3.007,2.986,2.996,22257.43
2026-04-14 18:00:00+00:00,2.997,3.002,2.948,2.958,55870.86
2026-04-14 19:00:00+00:00,2.958,2.971,2.95,2.971,21323.97
2026-04-14 20:00:00+00:00,2.972,2.978,2.961,2.966,9191.36
2026-04-14 21:00:00+00:00,2.966,2.984,2.965,2.984,7976.93
2026-04-14 22:00:00+00:00,2.983,2.991,2.97,2.976,15324.96
2026-04-14 23:00:00+00:00,2.975,2.985,2.97,2.984,12649.51
2026-04-15 00:00:00+00:00,2.983,2.997,2.982,2.985,11752.16
2026-04-15 01:00:00+00:00,2.984,3.009,2.984,3.004,8594.99
2026-04-15 02:00:00+00:00,3.004,3.007,2.987,2.994,28942.36
2026-04-15 03:00:00+00:00,2.994,2.998,2.991,2.993,21047.94
2026-04-15 04:00:00+00:00,2.993,3.012,2.993,3.011,42226.55
2026-04-15 05:00:00+00:00,3.011,3.019,2.996,3.005,18049.83
2026-04-15 06:00:00+00:00,3.004,3.005,2.989,2.997,12228.74
2026-04-15 07:00:00+00:00,2.998,3.005,2.985,2.997,18104.71
2026-04-15 08:00:00+00:00,2.998,3.028,2.997,3.028,34898.3
2026-04-15 09:00:00+00:00,3.028,3.033,3.003,3.02,11408.65
2026-04-15 10:00:00+00:00,3.02,3.037,3.011,3.026,19798.25
2026-04-15 11:00:00+00:00,3.027,3.058,3.026,3.051,42200.99
2026-04-15 12:00:00+00:00,3.052,3.074,3.05,3.069,79374.32
2026-04-15 13:00:00+00:00,3.069,3.081,3.058,3.063,49999.22
2026-04-15 14:00:00+00:00,3.063,3.119,3.054,3.107,90812.95
2026-04-15 15:00:00+00:00,3.108,3.11,3.057,3.082,47541.31
2026-04-15 16:00:00+00:00,3.082,3.15,3.081,3.126,95751.9
2026-04-15 17:00:00+00:00,3.127,3.158,3.124,3.145,71137.65
2026-04-15 18:00:00+00:00,3.145,3.221,3.144,3.218,102990.61
2026-04-15 19:00:00+00:00,3.217,3.274,3.199,3.268,128466.59
2026-04-15 20:00:00+00:00,3.27,3.322,3.249,3.32,139339.6
2026-04-15 21:00:00+00:00,3.321,3.435,3.3,3.414,531416.46
2026-04-15 22:00:00+00:00,3.413,3.42,3.269,3.278,240197.43
2026-04-15 23:00:00+00:00,3.277,3.277,3.229,3.247,78672.86
2026-04-16 00:00:00+00:00,3.249,3.269,3.217,3.244,91758.62
2026-04-16 01:00:00+00:00,3.243,3.253,3.218,3.242,68335.36
2026-04-16 02:00:00+00:00,3.243,3.278,3.232,3.272,56224.9
2026-04-16 03:00:00+00:00,3.271,3.335,3.271,3.319,132202.16
2026-04-16 04:00:00+00:00,3.32,3.352,3.293,3.345,104108.56
2026-04-16 05:00:00+00:00,3.345,3.361,3.295,3.298,122071.78
2026-04-16 06:00:00+00:00,3.299,3.32,3.298,3.32,63170.32
2026-04-16 07:00:00+00:00,3.321,3.38,3.307,3.37,102215.58
2026-04-16 08:00:00+00:00,3.369,3.382,3.336,3.339,94002.61
2026-04-16 09:00:00+00:00,3.339,3.369,3.323,3.328,71183.8
2026-04-16 10:00:00+00:00,3.328,3.363,3.308,3.308,65231.27
2026-04-16 11:00:00+00:00,3.308,3.355,3.297,3.315,73423.2
2026-04-16 12:00:00+00:00,3.316,3.38,3.307,3.38,145926.28
2026-04-16 13:00:00+00:00,3.378,3.467,3.302,3.348,333190.3
2026-04-16 14:00:00+00:00,3.348,3.348,3.288,3.317,130416.35
2026-04-16 15:00:00+00:00,3.316,3.398,3.313,3.374,188765.52
2026-04-16 16:00:00+00:00,3.374,3.41,3.323,3.339,177348.76
2026-04-16 17:00:00+00:00,3.34,3.373,3.321,3.369,37068.45
2026-04-16 18:00:00+00:00,3.369,3.435,3.36,3.422,53834.81
2026-04-16 19:00:00+00:00,3.423,3.454,3.411,3.44,47803.35
2026-04-16 20:00:00+00:00,3.44,3.446,3.403,3.413,47194.28
2026-04-16 21:00:00+00:00,3.414,3.439,3.374,3.41,95273.29
2026-04-16 22:00:00+00:00,3.411,3.434,3.398,3.417,66012.66
2026-04-16 23:00:00+00:00,3.417,3.423,3.396,3.403,18598.16
2026-04-17 00:00:00+00:00,3.403,3.419,3.386,3.417,51858.07
2026-04-17 01:00:00+00:00,3.418,3.44,3.402,3.428,64361.65
2026-04-17 02:00:00+00:00,3.429,3.441,3.4,3.436,36251.75
2026-04-17 03:00:00+00:00,3.437,3.44,3.409,3.418,29338.77
2026-04-17 04:00:00+00:00,3.418,3.451,3.39,3.395,21087.84
2026-04-17 05:00:00+00:00,3.396,3.396,3.348,3.366,79486.06
2026-04-17 06:00:00+00:00,3.365,3.392,3.361,3.376,29529.74
2026-04-17 07:00:00+00:00,3.375,3.394,3.366,3.391,59161.85
2026-04-17 08:00:00+00:00,3.39,3.408,3.387,3.397,29078.86
2026-04-17 09:00:00+00:00,3.397,3.415,3.382,3.408,43216.63
2026-04-17 10:00:00+00:00,3.408,3.422,3.363,3.372,46621.0
2026-04-17 11:00:00+00:00,3.373,3.403,3.366,3.39,35456.91
2026-04-17 12:00:00+00:00,3.389,3.404,3.373,3.397,39537.06
2026-04-17 13:00:00+00:00,3.397,3.485,3.392,3.468,129183.63
2026-04-17 14:00:00+00:00,3.468,3.502,3.453,3.462,82756.21
2026-04-17 15:00:00+00:00,3.461,3.461,3.412,3.431,60537.67
2026-04-17 16:00:00+00:00,3.431,3.469,3.42,3.448,42041.09
2026-04-17 17:00:00+00:00,3.448,3.46,3.413,3.422,53307.35
2026-04-17 18:00:00+00:00,3.423,3.427,3.385,3.395,31601.49
2026-04-17 19:00:00+00:00,3.394,3.403,3.373,3.375,35109.04
2026-04-17 20:00:00+00:00,3.376,3.386,3.357,3.371,38212.57
2026-04-17 21:00:00+00:00,3.372,3.384,3.35,3.372,14114.75
2026-04-17 22:00:00+00:00,3.371,3.396,3.37,3.384,37254.18
2026-04-17 23:00:00+00:00,3.385,3.386,3.343,3.365,14251.57
2026-04-18 00:00:00+00:00,3.364,3.366,3.338,3.345,38620.98
2026-04-18 01:00:00+00:00,3.346,3.372,3.334,3.34,22273.91
2026-04-18 02:00:00+00:00,3.34,3.358,3.332,3.335,32866.0
2026-04-18 03:00:00+00:00,3.333,3.35,3.32,3.328,26348.06
2026-04-18 04:00:00+00:00,3.328,3.341,3.322,3.33,19753.81
2026-04-18 05:00:00+00:00,3.33,3.361,3.33,3.359,31097.71
2026-04-18 06:00:00+00:00,3.36,3.382,3.345,3.372,17131.81
2026-04-18 07:00:00+00:00,3.372,3.388,3.356,3.359,50954.98
2026-04-18 08:00:00+00:00,3.359,3.364,3.312,3.327,55438.47
2026-04-18 09:00:00+00:00,3.326,3.336,3.296,3.313,70093.03
2026-04-18 10:00:00+00:00,3.313,3.313,3.277,3.285,61621.36
2026-04-18 11:00:00+00:00,3.285,3.286,3.251,3.272,86625.37
2026-04-18 12:00:00+00:00,3.272,3.29,3.27,3.289,28694.37
2026-04-18 13:00:00+00:00,3.289,3.3,3.256,3.284,37646.42
2026-04-18 14:00:00+00:00,3.285,3.301,3.273,3.295,17352.12
2026-04-18 15:00:00+00:00,3.294,3.303,3.275,3.279,30044.79
2026-04-18 16:00:00+00:00,3.279,3.292,3.253,3.261,32370.99
2026-04-18 17:00:00+00:00,3.26,3.26,3.229,3.244,36318.26
2026-04-18 18:00:00+00:00,3.243,3.244,3.206,3.209,46423.72
2026-04-18 19:00:00+00:00,3.209,3.233,3.209,3.22,16011.4
2026-04-18 20:00:00+00:00,3.22,3.227,3.209,3.223,22858.78
2026-04-18 21:00:00+00:00,3.223,3.243,3.223,3.238,8938.57
2026-04-18 22:00:00+00:00,3.238,3.245,3.227,3.234,9474.2
2026-04-18 23:00:00+00:00,3.233,3.24,3.201,3.202,16217.16
2026-04-19 00:00:00+00:00,3.202,3.209,3.181,3.2,28109.75
2026-04-19 01:00:00+00:00,3.2,3.208,3.176,3.186,18564.28
2026-04-19 02:00:00+00:00,3.185,3.189,3.16,3.186,22711.49
2026-04-19 03:00:00+00:00,3.185,3.203,3.176,3.191,8122.17
2026-04-19 04:00:00+00:00,3.191,3.216,3.191,3.207,17831.45
2026-04-19 05:00:00+00:00,3.206,3.226,3.204,3.205,19120.35
2026-04-19 06:00:00+00:00,3.205,3.227,3.197,3.224,23399.98
2026-04-19 07:00:00+00:00,3.223,3.226,3.191,3.204,52718.09
2026-04-19 08:00:00+00:00,3.204,3.23,3.202,3.211,58413.64
2026-04-19 09:00:00+00:00,3.211,3.228,3.205,3.222,30856.68
2026-04-19 10:00:00+00:00,3.221,3.241,3.212,3.234,40252.73
2026-04-19 11:00:00+00:00,3.233,3.279,3.233,3.275,73245.45
2026-04-19 12:00:00+00:00,3.275,3.303,3.272,3.3,86567.67
2026-04-19 13:00:00+00:00,3.299,3.337,3.294,3.324,67739.37
2026-04-19 14:00:00+00:00,3.325,3.345,3.3,3.304,63801.49
2026-04-19 15:00:00+00:00,3.303,3.304,3.234,3.262,59587.07
2026-04-19 16:00:00+00:00,3.263,3.267,3.233,3.237,32965.69
2026-04-19 17:00:00+00:00,3.237,3.252,3.214,3.219,40446.85
2026-04-19 18:00:00+00:00,3.219,3.244,3.212,3.238,24607.7
2026-04-19 19:00:00+00:00,3.239,3.272,3.239,3.255,28091.77
2026-04-19 20:00:00+00:00,3.254,3.255,3.23,3.233,19915.13
2026-04-19 21:00:00+00:00,3.233,3.254,3.223,3.228,28966.15
2026-04-19 22:00:00+00:00,3.227,3.227,3.166,3.191,83254.36
2026-04-19 23:00:00+00:00,3.19,3.19,3.17,3.18,48094.75
2026-04-20 00:00:00+00:00,3.179,3.219,3.17,3.218,44654.29
2026-04-20 01:00:00+00:00,3.218,3.233,3.197,3.23,45130.44
2026-04-20 02:00:00+00:00,3.229,3.241,3.21,3.233,42893.55
2026-04-20 03:00:00+00:00,3.234,3.278,3.221,3.278,30987.66
2026-04-20 04:00:00+00:00,3.277,3.293,3.251,3.275,108655.64
2026-04-20 05:00:00+00:00,3.275,3.275,3.216,3.223,29562.92
2026-04-20 06:00:00+00:00,3.223,3.256,3.22,3.239,17326.94
2026-04-20 07:00:00+00:00,3.239,3.299,3.238,3.252,54263.18
2026-04-20 08:00:00+00:00,3.253,3.262,3.235,3.236,25037.17
2026-04-20 09:00:00+00:00,3.236,3.276,3.228,3.26,52548.64
2026-04-20 10:00:00+00:00,3.261,3.287,3.261,3.267,11541.11
2026-04-20 11:00:00+00:00,3.268,3.285,3.26,3.274,24832.62
2026-04-20 12:00:00+00:00,3.274,3.299,3.267,3.294,51833.73
2026-04-20 13:00:00+00:00,3.295,3.308,3.27,3.303,52388.59
2026-04-20 14:00:00+00:00,3.303,3.318,3.267,3.277,51422.35
2026-04-20 15:00:00+00:00,3.278,3.309,3.257,3.308,39279.6
2026-04-20 16:00:00+00:00,3.309,3.329,3.283,3.319,27291.06
2026-04-20 17:00:00+00:00,3.32,3.337,3.309,3.326,16393.14
2026-04-20 18:00:00+00:00,3.327,3.357,3.327,3.329,38465.92
2026-04-20 19:00:00+00:00,3.33,3.331,3.313,3.325,33074.53
2026-04-20 20:00:00+00:00,3.325,3.352,3.313,3.349,27299.69
2026-04-20 21:00:00+00:00,3.349,3.364,3.313,3.316,33072.78
2026-04-20 22:00:00+00:00,3.316,3.32,3.296,3.301,26020.37
2026-04-20 23:00:00+00:00,3.301,3.301,3.275,3.281,17632.6
2026-04-21 00:00:00+00:00,3.282,3.299,3.273,3.289,64807.08
2026-04-21 01:00:00+00:00,3.288,3.31,3.283,3.298,27217.01
2026-04-21 02:00:00+00:00,3.297,3.298,3.267,3.275,29290.47
2026-04-21 03:00:00+00:00,3.274,3.274,3.25,3.266,27113.16
2026-04-21 04:00:00+00:00,3.265,3.277,3.255,3.277,10895.3
2026-04-21 05:00:00+00:00,3.277,3.299,3.277,3.294,22132.72
2026-04-21 06:00:00+00:00,3.294,3.31,3.283,3.288,10557.65
2026-04-21 07:00:00+00:00,3.287,3.305,3.277,3.289,18453.43
2026-04-21 08:00:00+00:00,3.288,3.324,3.285,3.303,37321.0
2026-04-21 09:00:00+00:00,3.302,3.323,3.3,3.321,37759.7
2026-04-21 10:00:00+00:00,3.321,3.327,3.307,3.321,19540.85
2026-04-21 11:00:00+00:00,3.32,3.337,3.288,3.314,41083.81
2026-04-21 12:00:00+00:00,3.313,3.318,3.269,3.285,43297.91
2026-04-21 13:00:00+00:00,3.284,3.287,3.256,3.278,46868.22
2026-04-21 14:00:00+00:00,3.279,3.304,3.256,3.261,59986.49
2026-04-21 15:00:00+00:00,3.262,3.285,3.254,3.277,17067.07
2026-04-21 16:00:00+00:00,3.278,3.287,3.247,3.249,28641.25
2026-04-21 17:00:00+00:00,3.25,3.263,3.223,3.244,49299.72
2026-04-21 18:00:00+00:00,3.245,3.249,3.226,3.244,23593.87
2026-04-21 19:00:00+00:00,3.244,3.257,3.201,3.206,36623.44
2026-04-21 20:00:00+00:00,3.207,3.246,3.198,3.236,44440.85
2026-04-21 21:00:00+00:00,3.235,3.247,3.229,3.241,17350.38
2026-04-21 22:00:00+00:00,3.24,3.243,3.224,3.235,18631.78
2026-04-21 23:00:00+00:00,3.234,3.283,3.233,3.266,35656.7
2026-04-22 00:00:00+00:00,3.267,3.282,3.267,3.27,18019.2
2026-04-22 01:00:00+00:00,3.27,3.278,3.254,3.268,51349.32
2026-04-22 02:00:00+00:00,3.269,3.322,3.269,3.321,52821.23
2026-04-22 03:00:00+00:00,3.321,3.324,3.291,3.306,22890.93
2026-04-22 04:00:00+00:00,3.306,3.326,3.3,3.323,11393.05
2026-04-22 05:00:00+00:00,3.324,3.37,3.316,3.338,56744.28
2026-04-22 06:00:00+00:00,3.337,3.339,3.329,3.335,22638.39
2026-04-22 07:00:00+00:00,3.335,3.348,3.329,3.347,23075.92
2026-04-22 08:00:00+00:00,3.348,3.364,3.347,3.358,44123.01
2026-04-22 09:00:00+00:00,3.357,3.368,3.343,3.349,24405.5
2026-04-22 10:00:00+00:00,3.348,3.35,3.332,3.337,36598.7
2026-04-22 11:00:00+00:00,3.338,3.34,3.31,3.332,38713.01
2026-04-22 12:00:00+00:00,3.332,3.332,3.304,3.31,33363.53
2026-04-22 13:00:00+00:00,3.311,3.346,3.305,3.333,71336.6
2026-04-22 14:00:00+00:00,3.335,3.361,3.334,3.358,44134.97
2026-04-22 15:00:00+00:00,3.359,3.377,3.351,3.363,38482.79
2026-04-22 16:00:00+00:00,3.362,3.368,3.35,3.356,38407.83
2026-04-22 17:00:00+00:00,3.357,3.372,3.343,3.369,16824.99
2026-04-22 18:00:00+00:00,3.37,3.378,3.358,3.358,11510.06
2026-04-22 19:00:00+00:00,3.357,3.358,3.324,3.344,38622.55
2026-04-22 20:00:00+00:00,3.344,3.344,3.313,3.317,27567.0
2026-04-22 21:00:00+00:00,3.318,3.349,3.318,3.338,20935.9
2026-04-22 22:00:00+00:00,3.338,3.343,3.304,3.312,13989.18
2026-04-22 23:00:00+00:00,3.313,3.313,3.283,3.284,22538.92
2026-04-23 00:00:00+00:00,3.285,3.301,3.245,3.296,61572.29
2026-04-23 01:00:00+00:00,3.297,3.306,3.28,3.3,24138.69
2026-04-23 02:00:00+00:00,3.302,3.303,3.26,3.27,22502.46
2026-04-23 03:00:00+00:00,3.27,3.279,3.244,3.255,15770.22
2026-04-23 04:00:00+00:00,3.255,3.27,3.251,3.268,11389.95
2026-04-23 05:00:00+00:00,3.269,3.287,3.266,3.28,15718.95
2026-04-23 06:00:00+00:00,3.282,3.304,3.282,3.293,11545.64
2026-04-23 07:00:00+00:00,3.294,3.301,3.278,3.284,26664.85
2026-04-23 08:00:00+00:00,3.285,3.295,3.277,3.287,9436.61
2026-04-23 09:00:00+00:00,3.286,3.286,3.259,3.27,16473.39
2026-04-23 10:00:00+00:00,3.27,3.274,3.251,3.258,33286.27
2026-04-23 11:00:00+00:00,3.259,3.28,3.254,3.27,11342.61
2026-04-23 12:00:00+00:00,3.271,3.293,3.27,3.278,26932.0
2026-04-23 13:00:00+00:00,3.278,3.293,3.273,3.293,14048.54
2026-04-23 14:00:00+00:00,3.292,3.324,3.28,3.318,22786.5
2026-04-23 15:00:00+00:00,3.318,3.355,3.318,3.348,41269.62
2026-04-23 16:00:00+00:00,3.35,3.357,3.321,3.324,26938.64
2026-04-23 17:00:00+00:00,3.325,3.328,3.265,3.291,57338.19
2026-04-23 18:00:00+00:00,3.29,3.305,3.288,3.29,21275.47
2026-04-23 19:00:00+00:00,3.289,3.321,3.287,3.311,26853.83
2026-04-23 20:00:00+00:00,3.311,3.355,3.31,3.346,60668.93
2026-04-23 21:00:00+00:00,3.345,3.398,3.334,3.375,57010.52
2026-04-23 22:00:00+00:00,3.375,3.4,3.375,3.394,33168.63
2026-04-23 23:00:00+00:00,3.394,3.407,3.375,3.383,16206.03
2026-04-24 00:00:00+00:00,3.383,3.4,3.367,3.395,32430.66
2026-04-24 01:00:00+00:00,3.395,3.402,3.375,3.396,32230.43
2026-04-24 02:00:00+00:00,3.396,3.398,3.365,3.376,21872.63
2026-04-24 03:00:00+00:00,3.375,3.379,3.338,3.359,16981.52
2026-04-24 04:00:00+00:00,3.359,3.396,3.352,3.386,24437.23
2026-04-24 05:00:00+00:00,3.385,3.385,3.358,3.371,36022.12
2026-04-24 06:00:00+00:00,3.37,3.401,3.361,3.396,21993.12
2026-04-24 07:00:00+00:00,3.397,3.425,3.392,3.416,71368.09
2026-04-24 08:00:00+00:00,3.416,3.46,3.409,3.451,85433.75
2026-04-24 09:00:00+00:00,3.452,3.478,3.433,3.465,118890.76
2026-04-24 10:00:00+00:00,3.464,3.474,3.445,3.462,58774.29
2026-04-24 11:00:00+00:00,3.461,3.502,3.452,3.489,73291.32
2026-04-24 12:00:00+00:00,3.489,3.503,3.431,3.434,53914.36
2026-04-24 13:00:00+00:00,3.434,3.443,3.415,3.421,27689.59
2026-04-24 14:00:00+00:00,3.419,3.436,3.398,3.414,31172.48
2026-04-24 15:00:00+00:00,3.414,3.448,3.391,3.44,72659.96
2026-04-24 16:00:00+00:00,3.439,3.446,3.408,3.415,27213.82
2026-04-24 17:00:00+00:00,3.416,3.437,3.416,3.424,13332.69
2026-04-24 18:00:00+00:00,3.424,3.432,3.406,3.43,20040.58
2026-04-24 19:00:00+00:00,3.43,3.441,3.418,3.432,14334.11
2026-04-24 20:00:00+00:00,3.432,3.455,3.421,3.446,38829.96
2026-04-24 21:00:00+00:00,3.446,3.471,3.44,3.449,39026.58
2026-04-24 22:00:00+00:00,3.45,3.453,3.413,3.429,83396.55
2026-04-24 23:00:00+00:00,3.429,3.435,3.421,3.43,6867.43
2026-04-25 00:00:00+00:00,3.429,3.448,3.417,3.444,15911.04
2026-04-25 01:00:00+00:00,3.445,3.467,3.44,3.459,12950.12
2026-04-25 02:00:00+00:00,3.458,3.464,3.444,3.464,16172.9
2026-04-25 03:00:00+00:00,3.465,3.485,3.455,3.474,26034.58
2026-04-25 04:00:00+00:00,3.475,3.482,3.451,3.455,15237.03
2026-04-25 05:00:00+00:00,3.454,3.47,3.441,3.457,16559.61
2026-04-25 06:00:00+00:00,3.457,3.489,3.457,3.474,18198.73
2026-04-25 07:00:00+00:00,3.473,3.503,3.462,3.49,63326.19
2026-04-25 08:00:00+00:00,3.489,3.522,3.481,3.518,55724.08
2026-04-25 09:00:00+00:00,3.518,3.573,3.518,3.564,135237.02
2026-04-25 10:00:00+00:00,3.564,3.599,3.551,3.597,58401.23
2026-04-25 11:00:00+00:00,3.597,3.6,3.541,3.547,80521.86
2026-04-25 12:00:00+00:00,3.547,3.572,3.547,3.557,35412.42
2026-04-25 13:00:00+00:00,3.557,3.59,3.556,3.574,114219.94
2026-04-25 14:00:00+00:00,3.572,3.605,3.517,3.603,91819.22
2026-04-25 15:00:00+00:00,3.603,3.662,3.592,3.607,190119.63
2026-04-25 16:00:00+00:00,3.607,3.653,3.572,3.601,152890.89
2026-04-25 17:00:00+00:00,3.6,3.605,3.537,3.547,52017.58
2026-04-25 18:00:00+00:00,3.547,3.562,3.513,3.514,42287.46
2026-04-25 19:00:00+00:00,3.514,3.526,3.496,3.504,54955.24
2026-04-25 20:00:00+00:00,3.504,3.558,3.502,3.548,29530.02
2026-04-25 21:00:00+00:00,3.548,3.555,3.53,3.536,42325.73
2026-04-25 22:00:00+00:00,3.537,3.546,3.523,3.528,20433.25
2026-04-25 23:00:00+00:00,3.527,3.555,3.521,3.545,14122.59
2026-04-26 00:00:00+00:00,3.545,3.555,3.533,3.541,33429.82
2026-04-26 01:00:00+00:00,3.542,3.543,3.508,3.511,22424.98
2026-04-26 02:00:00+00:00,3.511,3.537,3.511,3.533,9763.96
2026-04-26 03:00:00+00:00,3.534,3.556,3.517,3.55,40767.01
2026-04-26 04:00:00+00:00,3.55,3.596,3.548,3.578,37369.07
2026-04-26 05:00:00+00:00,3.578,3.664,3.578,3.663,79469.41
2026-04-26 06:00:00+00:00,3.663,3.84,3.655,3.798,483818.76
2026-04-26 07:00:00+00:00,3.799,4.194,3.695,3.825,2028876.48
2026-04-26 08:00:00+00:00,3.826,3.842,3.717,3.74,488719.99
2026-04-26 09:00:00+00:00,3.74,3.742,3.659,3.678,225330.99
2026-04-26 10:00:00+00:00,3.679,3.72,3.653,3.67,149135.31
2026-04-26 11:00:00+00:00,3.67,3.701,3.647,3.661,90673.3
2026-04-26 12:00:00+00:00,3.66,3.662,3.612,3.636,75530.58
2026-04-26 13:00:00+00:00,3.636,3.67,3.622,3.646,196971.73
2026-04-26 14:00:00+00:00,3.645,3.668,3.624,3.655,65340.11
2026-04-26 15:00:00+00:00,3.655,3.672,3.642,3.651,45016.09
2026-04-26 16:00:00+00:00,3.652,3.679,3.634,3.666,45548.1
2026-04-26 17:00:00+00:00,3.665,3.705,3.657,3.671,41374.66
2026-04-26 18:00:00+00:00,3.67,3.721,3.663,3.703,54765.08
2026-04-26 19:00:00+00:00,3.704,3.79,3.704,3.784,130290.13
2026-04-26 20:00:00+00:00,3.785,3.855,3.757,3.783,184570.19
2026-04-26 21:00:00+00:00,3.782,3.787,3.731,3.777,119361.05
2026-04-26 22:00:00+00:00,3.776,3.797,3.756,3.79,59761.15
2026-04-26 23:00:00+00:00,3.791,3.791,3.729,3.74,104959.39
2026-04-27 00:00:00+00:00,3.741,3.782,3.717,3.765,69426.0
2026-04-27 01:00:00+00:00,3.766,3.801,3.754,3.796,70386.67
2026-04-27 02:00:00+00:00,3.796,3.848,3.79,3.847,75014.78
2026-04-27 03:00:00+00:00,3.846,3.909,3.826,3.826,170538.05
2026-04-27 04:00:00+00:00,3.825,3.909,3.796,3.908,123689.21
2026-04-27 05:00:00+00:00,3.909,3.913,3.765,3.786,176028.43
2026-04-27 06:00:00+00:00,3.786,3.81,3.683,3.688,165790.95
2026-04-27 07:00:00+00:00,3.688,3.718,3.656,3.662,85993.53
2026-04-27 08:00:00+00:00,3.663,3.686,3.637,3.662,123085.57
2026-04-27 09:00:00+00:00,3.662,3.677,3.638,3.65,81126.38
2026-04-27 10:00:00+00:00,3.65,3.669,3.633,3.639,54720.23
2026-04-27 11:00:00+00:00,3.64,3.642,3.595,3.611,117894.36
2026-04-27 12:00:00+00:00,3.611,3.613,3.564,3.574,129393.92
2026-04-27 13:00:00+00:00,3.575,3.595,3.565,3.571,82762.77
2026-04-27 14:00:00+00:00,3.57,3.635,3.565,3.608,98020.23
2026-04-27 15:00:00+00:00,3.608,3.608,3.531,3.545,156425.72
2026-04-27 16:00:00+00:00,3.544,3.569,3.522,3.532,92589.28
2026-04-27 17:00:00+00:00,3.532,3.542,3.522,3.533,61758.89
2026-04-27 18:00:00+00:00,3.532,3.558,3.528,3.547,48901.07
2026-04-27 19:00:00+00:00,3.547,3.557,3.523,3.534,42854.91
2026-04-27 20:00:00+00:00,3.535,3.539,3.52,3.527,34770.12
2026-04-27 21:00:00+00:00,3.526,3.542,3.517,3.536,24267.12
2026-04-27 22:00:00+00:00,3.535,3.558,3.535,3.548,46204.56
2026-04-27 23:00:00+00:00,3.547,3.595,3.546,3.584,66685.54
2026-04-28 00:00:00+00:00,3.583,3.636,3.573,3.63,55699.4
2026-04-28 01:00:00+00:00,3.629,3.663,3.619,3.624,61677.15
2026-04-28 02:00:00+00:00,3.624,3.653,3.602,3.625,43542.83
2026-04-28 03:00:00+00:00,3.625,3.638,3.613,3.63,17825.37
2026-04-28 04:00:00+00:00,3.631,3.647,3.617,3.627,25873.73
2026-04-28 05:00:00+00:00,3.627,3.638,3.616,3.63,19050.14
2026-04-28 06:00:00+00:00,3.632,3.654,3.585,3.592,24716.83
2026-04-28 07:00:00+00:00,3.592,3.596,3.55,3.588,53469.13
2026-04-28 08:00:00+00:00,3.588,3.627,3.582,3.599,21917.09
2026-04-28 09:00:00+00:00,3.6,3.607,3.574,3.603,31808.39
2026-04-28 10:00:00+00:00,3.603,3.624,3.589,3.604,21740.28
2026-04-28 11:00:00+00:00,3.605,3.607,3.537,3.553,53848.49
2026-04-28 12:00:00+00:00,3.553,3.57,3.536,3.557,31220.66
2026-04-28 13:00:00+00:00,3.557,3.587,3.54,3.573,53127.47
2026-04-28 14:00:00+00:00,3.572,3.577,3.547,3.577,21873.7
2026-04-28 15:00:00+00:00,3.578,3.586,3.524,3.527,72322.64
2026-04-28 16:00:00+00:00,3.53,3.543,3.524,3.535,30448.07
2026-04-28 17:00:00+00:00,3.534,3.534,3.475,3.486,91394.19
2026-04-28 18:00:00+00:00,3.485,3.533,3.485,3.529,38833.3
2026-04-28 19:00:00+00:00,3.531,3.565,3.513,3.561,44002.39
2026-04-28 20:00:00+00:00,3.561,3.595,3.561,3.591,46864.48
2026-04-28 21:00:00+00:00,3.59,3.61,3.565,3.567,79725.66
2026-04-28 22:00:00+00:00,3.569,3.588,3.564,3.572,21388.22
2026-04-28 23:00:00+00:00,3.571,3.573,3.554,3.57,24839.5
2026-04-29 00:00:00+00:00,3.568,3.575,3.559,3.567,12220.76
2026-04-29 01:00:00+00:00,3.566,3.587,3.557,3.572,17758.81
2026-04-29 02:00:00+00:00,3.572,3.587,3.566,3.572,18509.54
2026-04-29 03:00:00+00:00,3.571,3.611,3.563,3.61,31317.68
2026-04-29 04:00:00+00:00,3.612,3.631,3.588,3.622,34370.54
2026-04-29 05:00:00+00:00,3.623,3.626,3.605,3.612,27263.69
2026-04-29 06:00:00+00:00,3.612,3.618,3.589,3.595,72245.8
2026-04-29 07:00:00+00:00,3.594,3.594,3.561,3.563,34317.68
2026-04-29 08:00:00+00:00,3.563,3.571,3.55,3.552,41762.93
2026-04-29 09:00:00+00:00,3.552,3.619,3.552,3.613,52397.91
2026-04-29 10:00:00+00:00,3.614,3.622,3.572,3.574,52941.8
2026-04-29 11:00:00+00:00,3.572,3.585,3.55,3.557,43022.84
2026-04-29 12:00:00+00:00,3.558,3.558,3.507,3.52,63844.55
2026-04-29 13:00:00+00:00,3.519,3.524,3.493,3.517,115169.79
2026-04-29 14:00:00+00:00,3.517,3.531,3.499,3.501,30897.04
2026-04-29 15:00:00+00:00,3.5,3.504,3.44,3.453,55999.69
2026-04-29 16:00:00+00:00,3.452,3.479,3.452,3.461,21895.83
2026-04-29 17:00:00+00:00,3.462,3.489,3.462,3.478,23164.78
2026-04-29 18:00:00+00:00,3.479,3.482,3.384,3.447,128675.79
2026-04-29 19:00:00+00:00,3.448,3.453,3.42,3.439,17825.7
2026-04-29 20:00:00+00:00,3.44,3.467,3.438,3.451,28671.16
2026-04-29 21:00:00+00:00,3.45,3.484,3.445,3.466,41521.16
2026-04-29 22:00:00+00:00,3.467,3.475,3.459,3.468,30246.91
2026-04-29 23:00:00+00:00,3.468,3.483,3.457,3.475,63300.87
2026-04-30 00:00:00+00:00,3.475,3.499,3.468,3.491,56870.79
2026-04-30 01:00:00+00:00,3.491,3.497,3.474,3.482,29380.15
2026-04-30 02:00:00+00:00,3.482,3.49,3.443,3.443,74610.31
2026-04-30 03:00:00+00:00,3.442,3.45,3.424,3.44,28403.45
2026-04-30 04:00:00+00:00,3.439,3.439,3.408,3.415,31508.95
2026-04-30 05:00:00+00:00,3.415,3.438,3.404,3.425,27026.87
2026-04-30 06:00:00+00:00,3.426,3.453,3.42,3.448,28497.83
2026-04-30 07:00:00+00:00,3.448,3.476,3.444,3.475,17222.97
2026-04-30 08:00:00+00:00,3.474,3.479,3.448,3.455,17994.24
2026-04-30 09:00:00+00:00,3.455,3.487,3.454,3.474,14074.55
2026-04-30 10:00:00+00:00,3.474,3.482,3.441,3.456,14954.34
2026-04-30 11:00:00+00:00,3.456,3.485,3.452,3.478,58742.91
2026-04-30 12:00:00+00:00,3.478,3.518,3.478,3.487,49713.61
2026-04-30 13:00:00+00:00,3.488,3.498,3.467,3.473,25426.23
2026-04-30 14:00:00+00:00,3.472,3.48,3.428,3.44,59910.86
2026-04-30 15:00:00+00:00,3.44,3.474,3.434,3.469,17264.64
2026-04-30 16:00:00+00:00,3.468,3.472,3.44,3.445,13434.05
2026-04-30 17:00:00+00:00,3.444,3.455,3.436,3.443,8005.03
2026-04-30 18:00:00+00:00,3.442,3.451,3.432,3.433,13511.89
2026-04-30 19:00:00+00:00,3.432,3.446,3.43,3.432,12366.44
2026-04-30 20:00:00+00:00,3.431,3.436,3.417,3.418,16051.55
2026-04-30 21:00:00+00:00,3.418,3.426,3.407,3.407,27193.86
2026-04-30 22:00:00+00:00,3.409,3.423,3.406,3.408,12748.99
2026-04-30 23:00:00+00:00,3.409,3.432,3.404,3.422,17030.45
2026-05-01 00:00:00+00:00,3.422,3.45,3.422,3.438,14168.9
2026-05-01 01:00:00+00:00,3.439,3.455,3.433,3.45,9608.64
2026-05-01 02:00:00+00:00,3.451,3.452,3.428,3.444,17631.23
2026-05-01 03:00:00+00:00,3.443,3.494,3.437,3.469,17078.13
2026-05-01 04:00:00+00:00,3.47,3.488,3.46,3.464,10889.82
2026-05-01 05:00:00+00:00,3.464,3.478,3.456,3.458,5811.4
2026-05-01 06:00:00+00:00,3.458,3.462,3.434,3.442,10993.03
2026-05-01 07:00:00+00:00,3.441,3.55,3.429,3.533,143793.01
2026-05-01 08:00:00+00:00,3.532,3.58,3.525,3.577,89929.2
2026-05-01 09:00:00+00:00,3.578,3.588,3.556,3.564,54054.23
2026-05-01 10:00:00+00:00,3.565,3.599,3.555,3.589,55973.17
2026-05-01 11:00:00+00:00,3.59,3.613,3.555,3.568,46087.33
2026-05-01 12:00:00+00:00,3.569,3.629,3.568,3.619,107544.73
2026-05-01 13:00:00+00:00,3.619,3.701,3.616,3.681,141818.53
2026-05-01 14:00:00+00:00,3.681,3.698,3.609,3.625,107587.69
2026-05-01 15:00:00+00:00,3.624,3.639,3.602,3.637,51231.96
2026-05-01 16:00:00+00:00,3.637,3.653,3.584,3.595,45394.72
2026-05-01 17:00:00+00:00,3.596,3.605,3.583,3.598,22461.39
2026-05-01 18:00:00+00:00,3.599,3.616,3.588,3.607,27845.48
2026-05-01 19:00:00+00:00,3.609,3.647,3.606,3.642,49274.18
2026-05-01 20:00:00+00:00,3.642,3.667,3.632,3.643,38316.02
2026-05-01 21:00:00+00:00,3.644,3.686,3.628,3.673,27453.42
2026-05-01 22:00:00+00:00,3.674,3.701,3.642,3.651,36611.68
2026-05-01 23:00:00+00:00,3.65,3.655,3.63,3.647,17647.4
2026-05-02 00:00:00+00:00,3.647,3.663,3.636,3.649,56059.34
2026-05-02 01:00:00+00:00,3.648,3.692,3.646,3.689,18276.61
2026-05-02 02:00:00+00:00,3.689,3.726,3.676,3.712,36726.11
2026-05-02 03:00:00+00:00,3.713,3.734,3.686,3.723,44224.43
2026-05-02 04:00:00+00:00,3.724,3.771,3.707,3.745,88945.4
2026-05-02 05:00:00+00:00,3.746,3.785,3.727,3.779,84756.75
2026-05-02 06:00:00+00:00,3.781,3.823,3.752,3.786,165866.18
2026-05-02 07:00:00+00:00,3.785,3.793,3.758,3.76,80449.84
2026-05-02 08:00:00+00:00,3.761,3.786,3.725,3.776,47458.84
2026-05-02 09:00:00+00:00,3.777,3.872,3.777,3.863,94381.53
2026-05-02 10:00:00+00:00,3.862,3.897,3.823,3.832,88647.64
2026-05-02 11:00:00+00:00,3.832,3.835,3.758,3.77,97119.4
2026-05-02 12:00:00+00:00,3.77,3.819,3.767,3.783,111315.44
2026-05-02 13:00:00+00:00,3.784,3.787,3.74,3.75,112493.97
2026-05-02 14:00:00+00:00,3.75,3.804,3.748,3.789,86027.54
2026-05-02 15:00:00+00:00,3.789,3.859,3.789,3.858,97151.72
2026-05-02 16:00:00+00:00,3.857,3.862,3.782,3.824,90769.36
2026-05-02 17:00:00+00:00,3.825,3.826,3.77,3.779,45859.84
2026-05-02 18:00:00+00:00,3.778,3.809,3.76,3.795,31321.72
2026-05-02 19:00:00+00:00,3.793,3.817,3.786,3.817,22509.44
2026-05-02 20:00:00+00:00,3.818,3.818,3.793,3.799,28270.48
2026-05-02 21:00:00+00:00,3.8,3.824,3.789,3.792,20082.04
2026-05-02 22:00:00+00:00,3.793,3.8,3.767,3.794,24925.85
2026-05-02 23:00:00+00:00,3.794,3.825,3.768,3.8,52866.67
2026-05-03 00:00:00+00:00,3.8,3.806,3.77,3.782,74591.75
2026-05-03 01:00:00+00:00,3.78,3.785,3.749,3.757,16494.46
2026-05-03 02:00:00+00:00,3.758,3.762,3.727,3.742,95139.04
2026-05-03 03:00:00+00:00,3.742,3.742,3.718,3.726,20957.52
2026-05-03 04:00:00+00:00,3.725,3.77,3.723,3.758,17569.77
2026-05-03 05:00:00+00:00,3.757,3.778,3.719,3.72,28695.71
2026-05-03 06:00:00+00:00,3.719,3.744,3.711,3.736,43794.19
2026-05-03 07:00:00+00:00,3.736,3.773,3.735,3.76,40280.22
2026-05-03 08:00:00+00:00,3.759,3.769,3.744,3.752,18298.24
2026-05-03 09:00:00+00:00,3.751,3.756,3.715,3.722,42265.1
2026-05-03 10:00:00+00:00,3.721,3.737,3.715,3.716,24664.19
2026-05-03 11:00:00+00:00,3.715,3.752,3.703,3.735,56080.75
2026-05-03 12:00:00+00:00,3.736,3.764,3.73,3.754,73053.26
2026-05-03 13:00:00+00:00,3.755,3.781,3.746,3.776,34703.05
2026-05-03 14:00:00+00:00,3.777,3.797,3.774,3.778,41562.81
2026-05-03 15:00:00+00:00,3.777,3.808,3.775,3.775,27895.59
2026-05-03 16:00:00+00:00,3.776,3.804,3.766,3.775,25720.41
2026-05-03 17:00:00+00:00,3.774,3.776,3.749,3.753,17271.79
2026-05-03 18:00:00+00:00,3.754,3.765,3.748,3.762,12654.99
2026-05-03 19:00:00+00:00,3.762,3.764,3.739,3.747,37631.89
2026-05-03 20:00:00+00:00,3.747,3.769,3.738,3.749,19359.12
2026-05-03 21:00:00+00:00,3.748,3.761,3.716,3.735,45497.48
2026-05-03 22:00:00+00:00,3.736,3.767,3.736,3.757,17385.94
2026-05-03 23:00:00+00:00,3.758,3.765,3.736,3.74,11187.1
2026-05-04 00:00:00+00:00,3.739,3.744,3.722,3.736,16911.29
2026-05-04 01:00:00+00:00,3.736,3.779,3.714,3.768,31165.5
2026-05-04 02:00:00+00:00,3.769,3.79,3.759,3.776,37567.92
2026-05-04 03:00:00+00:00,3.775,3.793,3.762,3.784,28240.2
2026-05-04 04:00:00+00:00,3.783,3.806,3.775,3.783,56620.25
2026-05-04 05:00:00+00:00,3.782,3.791,3.765,3.775,31617.62
2026-05-04 06:00:00+00:00,3.775,3.812,3.749,3.797,49757.37
2026-05-04 07:00:00+00:00,3.798,3.813,3.787,3.793,34353.06
2026-05-04 08:00:00+00:00,3.793,3.794,3.764,3.765,25767.76
2026-05-04 09:00:00+00:00,3.766,3.793,3.766,3.783,17769.34
2026-05-04 10:00:00+00:00,3.784,3.785,3.683,3.694,123452.28
2026-05-04 11:00:00+00:00,3.693,3.73,3.689,3.703,35780.13
2026-05-04 12:00:00+00:00,3.704,3.705,3.677,3.686,36522.53
2026-05-04 13:00:00+00:00,3.685,3.72,3.669,3.7,56572.55
2026-05-04 14:00:00+00:00,3.699,3.76,3.688,3.743,63136.3
2026-05-04 15:00:00+00:00,3.743,3.749,3.676,3.687,36220.74
2026-05-04 16:00:00+00:00,3.688,3.713,3.678,3.681,43317.2
2026-05-04 17:00:00+00:00,3.682,3.723,3.682,3.706,24355.28
2026-05-04 18:00:00+00:00,3.707,3.72,3.694,3.71,17425.4
2026-05-04 19:00:00+00:00,3.711,3.713,3.682,3.682,19307.7
2026-05-04 20:00:00+00:00,3.685,3.696,3.679,3.683,12187.55
2026-05-04 21:00:00+00:00,3.683,3.715,3.683,3.692,54609.37
2026-05-04 22:00:00+00:00,3.691,3.699,3.68,3.684,17624.92
2026-05-04 23:00:00+00:00,3.683,3.685,3.668,3.683,14034.11
2026-05-05 00:00:00+00:00,3.684,3.716,3.681,3.706,25233.29
2026-05-05 01:00:00+00:00,3.707,3.722,3.693,3.712,30160.25
2026-05-05 02:00:00+00:00,3.712,3.73,3.688,3.694,35145.42
2026-05-05 03:00:00+00:00,3.695,3.701,3.68,3.68,19868.33
2026-05-05 04:00:00+00:00,3.681,3.712,3.667,3.694,24910.23
2026-05-05 05:00:00+00:00,3.694,3.713,3.69,3.693,18222.57
2026-05-05 06:00:00+00:00,3.693,3.713,3.68,3.711,21111.05
2026-05-05 07:00:00+00:00,3.711,3.74,3.707,3.721,18052.54
2026-05-05 08:00:00+00:00,3.721,3.727,3.699,3.715,60589.28
2026-05-05 09:00:00+00:00,3.716,3.768,3.709,3.753,129132.34
2026-05-05 10:00:00+00:00,3.754,3.805,3.749,3.772,141161.5
2026-05-05 11:00:00+00:00,3.771,3.792,3.739,3.792,33697.07
2026-05-05 12:00:00+00:00,3.791,3.818,3.785,3.801,99124.08
2026-05-05 13:00:00+00:00,3.801,3.808,3.756,3.776,93757.48
2026-05-05 14:00:00+00:00,3.775,3.776,3.733,3.761,40499.24
2026-05-05 15:00:00+00:00,3.76,3.782,3.754,3.759,30207.9
2026-05-05 16:00:00+00:00,3.76,3.782,3.744,3.754,13781.15
2026-05-05 17:00:00+00:00,3.753,3.765,3.737,3.748,46525.45
2026-05-05 18:00:00+00:00,3.748,3.754,3.739,3.741,16007.41
2026-05-05 19:00:00+00:00,3.741,3.782,3.733,3.78,53657.35
2026-05-05 20:00:00+00:00,3.781,3.871,3.781,3.849,204502.98
2026-05-05 21:00:00+00:00,3.85,3.864,3.799,3.806,48685.14
2026-05-05 22:00:00+00:00,3.806,3.813,3.776,3.785,27830.26
2026-05-05 23:00:00+00:00,3.784,3.788,3.743,3.764,53039.66
2026-05-06 00:00:00+00:00,3.764,3.8,3.749,3.772,41057.43
2026-05-06 01:00:00+00:00,3.77,3.862,3.765,3.849,69658.01
2026-05-06 02:00:00+00:00,3.849,3.903,3.827,3.871,90073.36
2026-05-06 03:00:00+00:00,3.872,3.884,3.839,3.871,50615.12
2026-05-06 04:00:00+00:00,3.87,3.898,3.839,3.842,50917.46
2026-05-06 05:00:00+00:00,3.841,3.874,3.832,3.856,42437.92
2026-05-06 06:00:00+00:00,3.855,3.86,3.831,3.844,35551.86
2026-05-06 07:00:00+00:00,3.842,3.877,3.837,3.865,54612.77
2026-05-06 08:00:00+00:00,3.863,3.923,3.862,3.903,56993.91
2026-05-06 09:00:00+00:00,3.904,3.921,3.879,3.905,65640.93
2026-05-06 10:00:00+00:00,3.904,3.921,3.895,3.918,44600.13
2026-05-06 11:00:00+00:00,3.917,3.923,3.88,3.901,55721.36
2026-05-06 12:00:00+00:00,3.9,3.924,3.898,3.912,45052.51
2026-05-06 13:00:00+00:00,3.911,3.911,3.837,3.857,87288.93
2026-05-06 14:00:00+00:00,3.857,3.86,3.809,3.842,83313.17
2026-05-06 15:00:00+00:00,3.843,3.892,3.828,3.886,46780.0
2026-05-06 16:00:00+00:00,3.885,3.903,3.844,3.873,46309.18
2026-05-06 17:00:00+00:00,3.874,3.88,3.839,3.848,21548.3
2026-05-06 18:00:00+00:00,3.849,3.858,3.823,3.84,18501.76
2026-05-06 19:00:00+00:00,3.84,3.858,3.828,3.855,10470.76
2026-05-06 20:00:00+00:00,3.856,3.884,3.852,3.871,15076.03
2026-05-06 21:00:00+00:00,3.872,3.912,3.87,3.901,14480.5
2026-05-06 22:00:00+00:00,3.901,3.91,3.871,3.871,17848.29
2026-05-06 23:00:00+00:00,3.872,3.904,3.848,3.902,23990.29
2026-05-07 00:00:00+00:00,3.902,3.902,3.852,3.857,51000.18
2026-05-07 01:00:00+00:00,3.858,3.86,3.822,3.835,24740.74
2026-05-07 02:00:00+00:00,3.835,3.841,3.782,3.82,72291.23
2026-05-07 03:00:00+00:00,3.819,3.829,3.795,3.797,32508.11
2026-05-07 04:00:00+00:00,3.797,3.872,3.795,3.871,41804.25
2026-05-07 05:00:00+00:00,3.872,3.903,3.87,3.885,73160.38
2026-05-07 06:00:00+00:00,3.884,3.889,3.847,3.886,41552.84
2026-05-07 07:00:00+00:00,3.886,3.895,3.873,3.887,35119.92
2026-05-07 08:00:00+00:00,3.886,3.915,3.871,3.897,57133.36
2026-05-07 09:00:00+00:00,3.898,3.899,3.859,3.864,63440.79
2026-05-07 10:00:00+00:00,3.865,3.891,3.845,3.86,35836.44
2026-05-07 11:00:00+00:00,3.862,3.885,3.858,3.87,26220.04
2026-05-07 12:00:00+00:00,3.87,3.942,3.869,3.935,75192.24
2026-05-07 13:00:00+00:00,3.934,3.96,3.881,3.892,114947.0
2026-05-07 14:00:00+00:00,3.892,3.897,3.803,3.844,101874.7
2026-05-07 15:00:00+00:00,3.844,3.85,3.794,3.822,69772.3
2026-05-07 16:00:00+00:00,3.823,3.86,3.814,3.828,51077.58
2026-05-07 17:00:00+00:00,3.828,3.858,3.816,3.856,29309.42
2026-05-07 18:00:00+00:00,3.856,3.878,3.843,3.853,23732.59
2026-05-07 19:00:00+00:00,3.852,3.879,3.834,3.862,27723.04
2026-05-07 20:00:00+00:00,3.863,3.888,3.839,3.839,26314.35
2026-05-07 21:00:00+00:00,3.84,3.858,3.794,3.831,57724.05
2026-05-07 22:00:00+00:00,3.83,3.842,3.808,3.834,34067.21
2026-05-07 23:00:00+00:00,3.832,3.848,3.83,3.842,19023.03
2026-05-08 00:00:00+00:00,3.842,3.852,3.825,3.841,35004.71
2026-05-08 01:00:00+00:00,3.842,3.848,3.814,3.827,17303.34
2026-05-08 02:00:00+00:00,3.828,3.855,3.801,3.838,18476.99
2026-05-08 03:00:00+00:00,3.837,3.886,3.808,3.87,37793.33
2026-05-08 04:00:00+00:00,3.87,3.919,3.87,3.897,26556.39
2026-05-08 05:00:00+00:00,3.897,3.917,3.883,3.891,31234.01
2026-05-08 06:00:00+00:00,3.89,3.9,3.868,3.888,25230.86
2026-05-08 07:00:00+00:00,3.888,4.042,3.861,4.035,108481.72
2026-05-08 08:00:00+00:00,4.034,4.098,3.987,4.003,331625.87
2026-05-08 09:00:00+00:00,4.003,4.032,3.953,3.994,91176.59
2026-05-08 10:00:00+00:00,3.995,4.085,3.991,4.067,297445.82
2026-05-08 11:00:00+00:00,4.068,4.088,4.036,4.078,96358.27
2026-05-08 12:00:00+00:00,4.077,4.12,4.063,4.118,95491.53
2026-05-08 13:00:00+00:00,4.118,4.133,4.028,4.045,187968.17
2026-05-08 14:00:00+00:00,4.045,4.138,4.034,4.137,95085.47
2026-05-08 15:00:00+00:00,4.137,4.204,4.12,4.181,129438.0
2026-05-08 16:00:00+00:00,4.18,4.203,4.133,4.159,145296.56
2026-05-08 17:00:00+00:00,4.159,4.229,4.142,4.22,81994.59
2026-05-08 18:00:00+00:00,4.221,4.261,4.214,4.217,61376.68
2026-05-08 19:00:00+00:00,4.217,4.247,4.199,4.222,69567.02
2026-05-08 20:00:00+00:00,4.223,4.242,4.189,4.242,86626.3
2026-05-08 21:00:00+00:00,4.243,4.298,4.239,4.275,52857.92
2026-05-08 22:00:00+00:00,4.275,4.282,4.214,4.223,45567.48
2026-05-08 23:00:00+00:00,4.222,4.236,4.206,4.229,41208.72
2026-05-09 00:00:00+00:00,4.23,4.293,4.216,4.283,73529.5
2026-05-09 01:00:00+00:00,4.282,4.35,4.276,4.326,128380.95
2026-05-09 02:00:00+00:00,4.326,4.362,4.304,4.345,81789.42
2026-05-09 03:00:00+00:00,4.345,4.37,4.302,4.305,67425.09
2026-05-09 04:00:00+00:00,4.305,4.337,4.281,4.282,69287.85
2026-05-09 05:00:00+00:00,4.281,4.296,4.275,4.276,34643.56
2026-05-09 06:00:00+00:00,4.277,4.307,4.248,4.267,41493.2
2026-05-09 07:00:00+00:00,4.268,4.281,4.228,4.233,24942.99
2026-05-09 08:00:00+00:00,4.234,4.257,4.222,4.252,34791.6
2026-05-09 09:00:00+00:00,4.251,4.283,4.219,4.248,57254.99
2026-05-09 10:00:00+00:00,4.249,4.249,4.227,4.227,28072.18
2026-05-09 11:00:00+00:00,4.227,4.258,4.222,4.255,56263.6
2026-05-09 12:00:00+00:00,4.257,4.277,4.224,4.267,52703.29
2026-05-09 13:00:00+00:00,4.268,4.281,4.226,4.242,31309.69
2026-05-09 14:00:00+00:00,4.243,4.243,4.195,4.221,26626.58
2026-05-09 15:00:00+00:00,4.221,4.228,4.186,4.195,46287.31
2026-05-09 16:00:00+00:00,4.195,4.223,4.176,4.205,43507.47
2026-05-09 17:00:00+00:00,4.205,4.234,4.203,4.22,29389.46
2026-05-09 18:00:00+00:00,4.22,4.232,4.213,4.222,13185.26
2026-05-09 19:00:00+00:00,4.221,4.232,4.214,4.231,10758.43
2026-05-09 20:00:00+00:00,4.231,4.238,4.216,4.223,11314.21
2026-05-09 21:00:00+00:00,4.223,4.246,4.222,4.232,12976.48
2026-05-09 22:00:00+00:00,4.233,4.237,4.217,4.222,18985.98
2026-05-09 23:00:00+00:00,4.221,4.226,4.199,4.209,8487.47
2026-05-10 00:00:00+00:00,4.208,4.215,4.166,4.171,25484.92
2026-05-10 01:00:00+00:00,4.171,4.172,4.103,4.13,126851.4
2026-05-10 02:00:00+00:00,4.13,4.153,4.114,4.129,30224.6
2026-05-10 03:00:00+00:00,4.128,4.141,4.116,4.119,30101.03
2026-05-10 04:00:00+00:00,4.118,4.141,4.117,4.12,17378.03
2026-05-10 05:00:00+00:00,4.119,4.143,4.111,4.126,18046.77
2026-05-10 06:00:00+00:00,4.125,4.131,4.091,4.1,37375.75
2026-05-10 07:00:00+00:00,4.101,4.118,4.098,4.104,17358.41
2026-05-10 08:00:00+00:00,4.103,4.151,4.099,4.147,47300.34
2026-05-10 09:00:00+00:00,4.147,4.157,4.13,4.135,24950.84
2026-05-10 10:00:00+00:00,4.135,4.148,4.124,4.146,20748.63
2026-05-10 11:00:00+00:00,4.145,4.155,4.12,4.125,13102.68
2026-05-10 12:00:00+00:00,4.124,4.173,4.115,4.162,42100.05
2026-05-10 13:00:00+00:00,4.163,4.214,4.161,4.204,58077.89
2026-05-10 14:00:00+00:00,4.206,4.207,4.165,4.178,46994.46
2026-05-10 15:00:00+00:00,4.179,4.23,4.177,4.225,42479.45
2026-05-10 16:00:00+00:00,4.225,4.281,4.209,4.265,66806.0
2026-05-10 17:00:00+00:00,4.265,4.342,4.253,4.335,72727.29
2026-05-10 18:00:00+00:00,4.336,4.369,4.305,4.363,60108.33
2026-05-10 19:00:00+00:00,4.362,4.398,4.316,4.337,77785.23
2026-05-10 20:00:00+00:00,4.338,4.368,4.202,4.231,111525.89
2026-05-10 21:00:00+00:00,4.23,4.257,4.185,4.219,41881.74
2026-05-10 22:00:00+00:00,4.218,4.312,4.211,4.309,59522.8
2026-05-10 23:00:00+00:00,4.308,4.315,4.278,4.281,22876.14
2026-05-11 00:00:00+00:00,4.281,4.298,4.24,4.256,41393.04
2026-05-11 01:00:00+00:00,4.257,4.306,4.237,4.282,42760.47
2026-05-11 02:00:00+00:00,4.283,4.284,4.213,4.23,20814.31
2026-05-11 03:00:00+00:00,4.231,4.234,4.171,4.217,30014.6
2026-05-11 04:00:00+00:00,4.218,4.235,4.187,4.217,25495.49
2026-05-11 05:00:00+00:00,4.217,4.291,4.217,4.282,45329.49
2026-05-11 06:00:00+00:00,4.282,4.298,4.256,4.284,30492.75
2026-05-11 07:00:00+00:00,4.283,4.311,4.259,4.305,49362.82
2026-05-11 08:00:00+00:00,4.304,4.359,4.293,4.323,120904.53
2026-05-11 09:00:00+00:00,4.323,4.361,4.322,4.327,40053.81
2026-05-11 10:00:00+00:00,4.327,4.399,4.321,4.388,121602.62
2026-05-11 11:00:00+00:00,4.389,4.515,4.386,4.461,248606.88
2026-05-11 12:00:00+00:00,4.461,4.495,4.404,4.452,149647.81
2026-05-11 13:00:00+00:00,4.453,4.484,4.363,4.373,104509.75
2026-05-11 14:00:00+00:00,4.373,4.397,4.297,4.335,94027.9
2026-05-11 15:00:00+00:00,4.335,4.381,4.308,4.364,37008.47
2026-05-11 16:00:00+00:00,4.363,4.4,4.338,4.385,69340.14
2026-05-11 17:00:00+00:00,4.385,4.557,4.371,4.544,158776.29
2026-05-11 18:00:00+00:00,4.543,4.601,4.48,4.491,354712.11
2026-05-11 19:00:00+00:00,4.492,4.554,4.453,4.551,101001.76
2026-05-11 20:00:00+00:00,4.552,4.678,4.515,4.669,160537.84
2026-05-11 21:00:00+00:00,4.669,4.707,4.616,4.665,233338.51
2026-05-11 22:00:00+00:00,4.665,4.789,4.621,4.622,326841.15
2026-05-11 23:00:00+00:00,4.622,4.657,4.577,4.614,108922.53
2026-05-12 00:00:00+00:00,4.615,4.619,4.534,4.582,130853.75
2026-05-12 01:00:00+00:00,4.582,4.608,4.527,4.536,113805.27
2026-05-12 02:00:00+00:00,4.536,4.581,4.518,4.561,93653.33
2026-05-12 03:00:00+00:00,4.56,4.6,4.536,4.573,90657.5
2026-05-12 04:00:00+00:00,4.571,4.649,4.537,4.619,94598.53
2026-05-12 05:00:00+00:00,4.618,4.765,4.613,4.666,169695.92
2026-05-12 06:00:00+00:00,4.665,4.788,4.644,4.749,207281.82
2026-05-12 07:00:00+00:00,4.749,4.766,4.642,4.69,179444.21
2026-05-12 08:00:00+00:00,4.691,4.745,4.649,4.707,131650.03
2026-05-12 09:00:00+00:00,4.708,4.871,4.687,4.854,277408.47
2026-05-12 10:00:00+00:00,4.853,4.89,4.802,4.828,248571.77
2026-05-12 11:00:00+00:00,4.829,4.895,4.766,4.837,196287.34
2026-05-12 12:00:00+00:00,4.838,4.958,4.68,4.73,491810.23
2026-05-12 13:00:00+00:00,4.729,4.933,4.717,4.882,373000.12
2026-05-12 14:00:00+00:00,4.883,4.934,4.593,4.651,542099.89
2026-05-12 15:00:00+00:00,4.651,4.799,4.607,4.655,285388.97
2026-05-12 16:00:00+00:00,4.656,4.721,4.596,4.686,194268.43
2026-05-12 17:00:00+00:00,4.687,4.899,4.684,4.818,317923.63
2026-05-12 18:00:00+00:00,4.819,4.888,4.781,4.787,155903.7
2026-05-12 19:00:00+00:00,4.788,4.838,4.76,4.815,161927.64
2026-05-12 20:00:00+00:00,4.815,4.853,4.7,4.746,113545.94
2026-05-12 21:00:00+00:00,4.746,4.77,4.702,4.73,84459.84
2026-05-12 22:00:00+00:00,4.73,4.817,4.73,4.81,102395.08
2026-05-12 23:00:00+00:00,4.811,4.816,4.774,4.79,63851.17
2026-05-13 00:00:00+00:00,4.79,4.908,4.73,4.842,235306.45
2026-05-13 01:00:00+00:00,4.842,4.99,4.829,4.982,210703.21
2026-05-13 02:00:00+00:00,4.982,5.157,4.976,5.151,551858.97
2026-05-13 03:00:00+00:00,5.15,5.181,4.983,5.035,308917.22
2026-05-13 04:00:00+00:00,5.036,5.2,4.995,5.043,427849.86
2026-05-13 05:00:00+00:00,5.043,5.275,5.006,5.258,356300.73
2026-05-13 06:00:00+00:00,5.257,5.341,5.198,5.291,606666.55
2026-05-13 07:00:00+00:00,5.29,5.546,5.282,5.518,778281.61
2026-05-13 08:00:00+00:00,5.517,5.614,5.362,5.487,649339.64
2026-05-13 09:00:00+00:00,5.487,5.892,5.458,5.879,923420.27
2026-05-13 10:00:00+00:00,5.877,5.98,5.754,5.911,877174.15
2026-05-13 11:00:00+00:00,5.911,6.11,5.838,5.902,1155159.98
2026-05-13 12:00:00+00:00,5.902,5.914,5.69,5.741,756604.32
2026-05-13 13:00:00+00:00,5.741,6.007,5.732,5.79,613248.65
2026-05-13 14:00:00+00:00,5.79,5.8,5.565,5.635,601826.56
2026-05-13 15:00:00+00:00,5.636,5.673,5.415,5.446,539204.04
2026-05-13 16:00:00+00:00,5.447,5.47,5.277,5.324,498479.94
2026-05-13 17:00:00+00:00,5.326,5.392,5.248,5.291,263053.85
2026-05-13 18:00:00+00:00,5.291,5.476,5.252,5.36,374261.64
2026-05-13 19:00:00+00:00,5.359,5.362,5.107,5.13,324088.34
2026-05-13 20:00:00+00:00,5.128,5.187,5.092,5.14,119119.91
2026-05-13 21:00:00+00:00,5.141,5.149,5.049,5.065,95154.25
2026-05-13 22:00:00+00:00,5.066,5.184,5.029,5.166,180217.84
2026-05-13 23:00:00+00:00,5.167,5.195,5.071,5.146,219067.54
2026-05-14 00:00:00+00:00,5.145,5.153,5.001,5.048,210714.49
2026-05-14 01:00:00+00:00,5.047,5.164,5.019,5.112,180066.85
2026-05-14 02:00:00+00:00,5.11,5.155,4.907,4.947,272603.73
2026-05-14 03:00:00+00:00,4.948,4.985,4.914,4.955,157798.9
2026-05-14 04:00:00+00:00,4.955,5.3,4.936,5.265,400957.04
2026-05-14 05:00:00+00:00,5.266,5.367,5.076,5.092,608944.64
2026-05-14 06:00:00+00:00,5.091,5.182,5.06,5.098,184563.86
2026-05-14 07:00:00+00:00,5.098,5.175,4.977,5.002,194705.62
2026-05-14 08:00:00+00:00,5.001,5.039,4.965,5.034,103659.23
2026-05-14 09:00:00+00:00,5.034,5.168,5.012,5.098,472224.19
2026-05-14 10:00:00+00:00,5.096,5.326,5.091,5.252,533712.75
2026-05-14 11:00:00+00:00,5.252,5.292,5.154,5.157,259369.03
2026-05-14 12:00:00+00:00,5.155,5.211,5.093,5.14,190898.98
2026-05-14 13:00:00+00:00,5.137,5.165,5.07,5.149,356981.37
2026-05-14 14:00:00+00:00,5.147,5.169,5.041,5.142,142317.89
2026-05-14 15:00:00+00:00,5.143,5.244,5.107,5.205,225337.45
2026-05-14 16:00:00+00:00,5.206,5.329,5.105,5.195,217559.42
2026-05-14 17:00:00+00:00,5.196,5.226,5.115,5.158,84246.43
2026-05-14 18:00:00+00:00,5.158,5.166,5.077,5.087,100296.81
2026-05-14 19:00:00+00:00,5.088,5.108,5.044,5.061,66199.54
2026-05-14 20:00:00+00:00,5.063,5.225,5.055,5.171,373779.26
2026-05-14 21:00:00+00:00,5.172,5.272,5.16,5.187,82055.65
2026-05-14 22:00:00+00:00,5.187,5.253,5.163,5.18,44125.95
2026-05-14 23:00:00+00:00,5.179,5.202,5.138,5.161,38604.07
2026-05-15 00:00:00+00:00,5.16,5.197,5.117,5.166,53238.14
2026-05-15 01:00:00+00:00,5.168,5.218,5.127,5.15,78473.4
2026-05-15 02:00:00+00:00,5.148,5.287,5.068,5.255,125691.07
2026-05-15 03:00:00+00:00,5.255,5.28,5.131,5.132,65514.96
2026-05-15 04:00:00+00:00,5.131,5.169,5.083,5.088,70981.81
2026-05-15 05:00:00+00:00,5.088,5.106,4.948,4.961,129023.41
2026-05-15 06:00:00+00:00,4.962,5.07,4.94,5.03,72594.06
2026-05-15 07:00:00+00:00,5.028,5.127,4.995,5.079,61378.39
2026-05-15 08:00:00+00:00,5.08,5.081,5.009,5.03,53001.32
2026-05-15 09:00:00+00:00,5.03,5.136,5.025,5.123,54609.04
2026-05-15 10:00:00+00:00,5.122,5.201,5.082,5.175,75251.02
2026-05-15 11:00:00+00:00,5.174,5.209,5.08,5.086,74550.38
2026-05-15 12:00:00+00:00,5.085,5.094,5.01,5.018,64372.85
2026-05-15 13:00:00+00:00,5.019,5.066,4.773,4.79,377803.65
2026-05-15 14:00:00+00:00,4.79,4.836,4.743,4.797,168355.94
2026-05-15 15:00:00+00:00,4.799,4.852,4.771,4.783,75767.53
2026-05-15 16:00:00+00:00,4.784,4.856,4.764,4.83,49100.15
2026-05-15 17:00:00+00:00,4.831,4.941,4.828,4.869,64300.42
2026-05-15 18:00:00+00:00,4.87,5.009,4.87,5.002,117820.91
2026-05-15 19:00:00+00:00,5.002,5.005,4.914,4.924,41159.68
2026-05-15 20:00:00+00:00,4.924,4.931,4.873,4.893,44124.94
2026-05-15 21:00:00+00:00,4.894,4.921,4.861,4.877,27250.27
2026-05-15 22:00:00+00:00,4.878,4.902,4.858,4.889,38491.82
2026-05-15 23:00:00+00:00,4.889,4.944,4.879,4.888,59450.72
2026-05-16 00:00:00+00:00,4.888,4.946,4.846,4.856,67936.57
2026-05-16 01:00:00+00:00,4.857,4.879,4.823,4.868,54944.07
2026-05-16 02:00:00+00:00,4.869,4.914,4.848,4.896,52604.55
2026-05-16 03:00:00+00:00,4.895,4.907,4.829,4.834,36920.43
2026-05-16 04:00:00+00:00,4.834,4.834,4.758,4.767,86388.51
2026-05-16 05:00:00+00:00,4.766,4.788,4.745,4.757,41569.94
2026-05-16 06:00:00+00:00,4.758,4.76,4.675,4.689,151315.01
2026-05-16 07:00:00+00:00,4.688,4.693,4.633,4.656,95894.27
2026-05-16 08:00:00+00:00,4.654,4.699,4.654,4.662,36605.03
2026-05-16 09:00:00+00:00,4.661,4.663,4.574,4.583,78358.46
2026-05-16 10:00:00+00:00,4.582,4.597,4.548,4.591,90527.77
2026-05-16 11:00:00+00:00,4.592,4.625,4.592,4.61,54150.33
2026-05-16 12:00:00+00:00,4.608,4.673,4.593,4.653,60731.78
2026-05-16 13:00:00+00:00,4.652,4.68,4.635,4.656,48544.74
2026-05-16 14:00:00+00:00,4.656,4.658,4.614,4.616,35740.74
2026-05-16 15:00:00+00:00,4.617,4.658,4.617,4.65,24866.25
2026-05-16 16:00:00+00:00,4.65,4.739,4.649,4.737,112070.87
2026-05-16 17:00:00+00:00,4.738,4.789,4.71,4.762,75083.96
2026-05-16 18:00:00+00:00,4.762,4.822,4.744,4.804,71298.82
2026-05-16 19:00:00+00:00,4.804,4.811,4.716,4.725,58689.11
2026-05-16 20:00:00+00:00,4.725,4.746,4.692,4.725,44938.75
2026-05-16 21:00:00+00:00,4.724,4.751,4.71,4.735,37051.94
2026-05-16 22:00:00+00:00,4.736,4.76,4.701,4.737,44393.53
2026-05-16 23:00:00+00:00,4.737,4.746,4.72,4.732,22944.67
2026-05-17 00:00:00+00:00,4.731,4.766,4.701,4.712,52744.31
2026-05-17 01:00:00+00:00,4.713,4.719,4.638,4.64,74709.83
2026-05-17 02:00:00+00:00,4.639,4.691,4.623,4.669,19775.72
2026-05-17 03:00:00+00:00,4.67,4.751,4.663,4.74,34615.21
2026-05-17 04:00:00+00:00,4.74,4.867,4.736,4.857,63242.92
2026-05-17 05:00:00+00:00,4.858,4.978,4.846,4.896,263221.62
2026-05-17 06:00:00+00:00,4.896,4.965,4.868,4.899,154791.87
2026-05-17 07:00:00+00:00,4.9,4.98,4.894,4.926,108858.77
2026-05-17 08:00:00+00:00,4.925,4.949,4.886,4.887,42408.63
2026-05-17 09:00:00+00:00,4.887,4.896,4.841,4.848,88438.38
2026-05-17 10:00:00+00:00,4.848,4.876,4.819,4.836,52311.39
2026-05-17 11:00:00+00:00,4.836,4.856,4.792,4.808,39839.31
2026-05-17 12:00:00+00:00,4.808,4.826,4.78,4.803,30504.95
2026-05-17 13:00:00+00:00,4.804,4.805,4.715,4.734,65800.14
2026-05-17 14:00:00+00:00,4.735,4.745,4.678,4.73,63480.68
2026-05-17 15:00:00+00:00,4.729,4.752,4.708,4.726,25392.32
2026-05-17 16:00:00+00:00,4.727,4.754,4.695,4.706,33208.92
2026-05-17 17:00:00+00:00,4.707,4.734,4.666,4.68,40700.55
2026-05-17 18:00:00+00:00,4.68,4.731,4.661,4.728,34566.91
2026-05-17 19:00:00+00:00,4.728,4.762,4.727,4.754,20540.15
2026-05-17 20:00:00+00:00,4.755,4.79,4.734,4.77,50838.41
2026-05-17 21:00:00+00:00,4.771,4.781,4.706,4.721,50591.92
2026-05-17 22:00:00+00:00,4.72,4.725,4.645,4.654,46132.7
2026-05-17 23:00:00+00:00,4.655,4.656,4.437,4.558,299382.86
2026-05-18 00:00:00+00:00,4.558,4.603,4.516,4.59,82438.04
2026-05-18 01:00:00+00:00,4.59,4.64,4.553,4.628,65506.25
2026-05-18 02:00:00+00:00,4.629,4.686,4.623,4.658,44766.47
2026-05-18 03:00:00+00:00,4.659,4.676,4.607,4.627,32908.87
2026-05-18 04:00:00+00:00,4.627,4.669,4.582,4.661,65308.96
2026-05-18 05:00:00+00:00,4.662,4.668,4.612,4.62,30512.04
2026-05-18 06:00:00+00:00,4.623,4.642,4.579,4.607,96912.47
2026-05-18 07:00:00+00:00,4.607,4.628,4.554,4.561,34921.55
2026-05-18 08:00:00+00:00,4.561,4.63,4.56,4.618,23063.83
2026-05-18 09:00:00+00:00,4.617,4.617,4.557,4.57,12993.37
2026-05-18 10:00:00+00:00,4.571,4.573,4.513,4.523,64744.41
2026-05-18 11:00:00+00:00,4.524,4.611,4.507,4.576,78211.88
2026-05-18 12:00:00+00:00,4.577,4.722,4.574,4.705,107320.12
2026-05-18 13:00:00+00:00,4.706,4.713,4.604,4.628,76223.23
2026-05-18 14:00:00+00:00,4.627,4.635,4.567,4.62,109669.23
2026-05-18 15:00:00+00:00,4.62,4.666,4.551,4.622,89099.88
2026-05-18 16:00:00+00:00,4.622,4.685,4.61,4.66,59736.4
2026-05-18 17:00:00+00:00,4.66,4.702,4.631,4.686,42160.94
2026-05-18 18:00:00+00:00,4.686,4.692,4.578,4.594,44533.8
2026-05-18 19:00:00+00:00,4.594,4.769,4.592,4.743,105432.32
2026-05-18 20:00:00+00:00,4.744,4.9,4.717,4.891,186776.69
2026-05-18 21:00:00+00:00,4.892,4.962,4.858,4.914,192847.59
2026-05-18 22:00:00+00:00,4.914,5.027,4.914,5.013,176501.19
2026-05-18 23:00:00+00:00,5.012,5.172,5.01,5.146,262814.15
2026-05-19 00:00:00+00:00,5.146,5.429,5.146,5.412,633165.9
2026-05-19 01:00:00+00:00,5.412,5.443,5.165,5.203,417195.86
2026-05-19 02:00:00+00:00,5.203,5.231,5.05,5.122,348590.35
2026-05-19 03:00:00+00:00,5.123,5.274,5.106,5.213,170927.3
2026-05-19 04:00:00+00:00,5.212,5.261,5.106,5.114,153407.17
2026-05-19 05:00:00+00:00,5.116,5.127,5.026,5.045,106498.85
2026-05-19 06:00:00+00:00,5.043,5.05,4.973,4.993,125782.77
2026-05-19 07:00:00+00:00,4.992,5.026,4.973,4.983,98226.78
2026-05-19 08:00:00+00:00,4.984,5.005,4.963,4.975,76841.71
2026-05-19 09:00:00+00:00,4.975,5.015,4.932,4.998,124471.93
2026-05-19 10:00:00+00:00,4.998,5.016,4.928,4.961,131393.79
2026-05-19 11:00:00+00:00,4.961,4.98,4.861,4.87,97619.56
2026-05-19 12:00:00+00:00,4.87,4.936,4.855,4.928,132703.56
2026-05-19 13:00:00+00:00,4.928,4.955,4.889,4.9,148264.06
2026-05-19 14:00:00+00:00,4.9,4.918,4.834,4.872,96166.29
2026-05-19 15:00:00+00:00,4.873,4.915,4.854,4.915,42779.98
2026-05-19 16:00:00+00:00,4.916,5.096,4.911,5.079,214230.05
2026-05-19 17:00:00+00:00,5.078,5.087,4.991,5.016,121225.17
2026-05-19 18:00:00+00:00,5.016,5.026,4.902,4.907,122489.78
2026-05-19 19:00:00+00:00,4.908,4.94,4.878,4.89,52173.51
2026-05-19 20:00:00+00:00,4.889,4.962,4.885,4.947,66860.39
2026-05-19 21:00:00+00:00,4.946,5.001,4.929,4.965,39937.1
2026-05-19 22:00:00+00:00,4.966,4.966,4.894,4.926,53110.95
2026-05-19 23:00:00+00:00,4.927,4.956,4.908,4.924,39622.78
2026-05-20 00:00:00+00:00,4.924,4.967,4.904,4.916,61122.69
2026-05-20 01:00:00+00:00,4.916,4.966,4.882,4.923,47156.42
2026-05-20 02:00:00+00:00,4.923,4.948,4.888,4.919,45987.83
2026-05-20 03:00:00+00:00,4.918,5.019,4.913,4.99,57447.76
2026-05-20 04:00:00+00:00,4.991,5.046,4.963,4.978,107761.51
2026-05-20 05:00:00+00:00,4.979,5.09,4.968,5.078,93687.89
2026-05-20 06:00:00+00:00,5.078,5.1,4.992,5.016,75269.97
2026-05-20 07:00:00+00:00,5.016,5.025,4.928,4.93,59963.44
2026-05-20 08:00:00+00:00,4.931,4.965,4.912,4.943,67818.99
2026-05-20 09:00:00+00:00,4.942,4.982,4.925,4.95,43613.79
2026-05-20 10:00:00+00:00,4.948,5.049,4.937,5.042,71476.5
2026-05-20 11:00:00+00:00,5.045,5.093,4.987,5.0,129065.74
2026-05-20 12:00:00+00:00,4.999,5.055,4.977,5.025,78101.72
2026-05-20 13:00:00+00:00,5.025,5.043,4.961,5.041,58837.35
2026-05-20 14:00:00+00:00,5.042,5.156,5.023,5.14,141699.74
2026-05-20 15:00:00+00:00,5.14,5.264,5.097,5.13,181232.74
2026-05-20 16:00:00+00:00,5.131,5.142,5.013,5.028,170297.78
2026-05-20 17:00:00+00:00,5.027,5.108,5.014,5.049,78370.7
2026-05-20 18:00:00+00:00,5.05,5.05,5.004,5.012,77631.3
2026-05-20 19:00:00+00:00,5.012,5.053,4.973,4.993,68397.24
2026-05-20 20:00:00+00:00,4.992,5.034,4.956,5.032,69201.24
2026-05-20 21:00:00+00:00,5.033,5.04,4.928,4.932,73376.16
2026-05-20 22:00:00+00:00,4.933,4.936,4.751,4.81,230354.63
2026-05-20 23:00:00+00:00,4.809,4.825,4.747,4.811,112879.07
2026-05-21 00:00:00+00:00,4.81,4.866,4.796,4.839,51676.03
2026-05-21 01:00:00+00:00,4.84,4.888,4.818,4.835,139859.23
2026-05-21 02:00:00+00:00,4.834,4.884,4.825,4.869,57858.7
2026-05-21 03:00:00+00:00,4.869,4.934,4.865,4.922,70138.78
2026-05-21 04:00:00+00:00,4.922,5.037,4.922,5.025,138095.6
2026-05-21 05:00:00+00:00,5.026,5.031,4.912,4.958,68001.49
2026-05-21 06:00:00+00:00,4.959,4.991,4.92,4.945,42505.25
2026-05-21 07:00:00+00:00,4.945,4.949,4.908,4.923,40980.56
2026-05-21 08:00:00+00:00,4.923,5.006,4.923,4.988,49803.47
2026-05-21 09:00:00+00:00,4.987,5.021,4.912,4.938,55348.31
2026-05-21 10:00:00+00:00,4.939,4.941,4.834,4.871,92653.61
2026-05-21 11:00:00+00:00,4.872,4.972,4.859,4.963,57201.61
2026-05-21 12:00:00+00:00,4.964,5.0,4.909,4.978,94518.06
2026-05-21 13:00:00+00:00,4.977,5.062,4.966,5.001,111773.22
2026-05-21 14:00:00+00:00,5.0,5.017,4.914,5.007,107764.79
2026-05-21 15:00:00+00:00,5.008,5.113,4.967,4.984,133174.26
2026-05-21 16:00:00+00:00,4.984,5.021,4.95,5.001,114339.09
2026-05-21 17:00:00+00:00,5.0,5.295,4.969,5.243,306303.22
2026-05-21 18:00:00+00:00,5.242,5.345,5.133,5.186,280706.45
2026-05-21 19:00:00+00:00,5.187,5.28,5.15,5.245,133851.77
2026-05-21 20:00:00+00:00,5.246,5.278,5.164,5.18,99568.68
2026-05-21 21:00:00+00:00,5.182,5.271,5.179,5.211,78181.22
2026-05-21 22:00:00+00:00,5.21,5.336,5.195,5.287,163144.45
2026-05-21 23:00:00+00:00,5.286,5.322,5.234,5.252,96444.94
2026-05-22 00:00:00+00:00,5.252,5.266,5.081,5.112,155858.28
2026-05-22 01:00:00+00:00,5.112,5.171,5.092,5.11,100544.46
2026-05-22 02:00:00+00:00,5.111,5.15,5.092,5.133,75309.58
2026-05-22 03:00:00+00:00,5.133,5.178,5.11,5.154,79672.28
2026-05-22 04:00:00+00:00,5.155,5.175,5.093,5.101,58184.59
2026-05-22 05:00:00+00:00,5.1,5.117,5.071,5.101,57601.34
2026-05-22 06:00:00+00:00,5.102,5.129,5.056,5.117,78223.77
2026-05-22 07:00:00+00:00,5.117,5.201,5.088,5.157,75039.95
2026-05-22 08:00:00+00:00,5.156,5.251,5.155,5.251,89842.8
2026-05-22 09:00:00+00:00,5.25,5.349,5.235,5.292,188469.7
2026-05-22 10:00:00+00:00,5.292,5.405,5.237,5.359,172009.66
2026-05-22 11:00:00+00:00,5.36,5.405,5.301,5.392,145294.54
2026-05-22 12:00:00+00:00,5.392,5.532,5.392,5.459,596985.95
2026-05-22 13:00:00+00:00,5.459,5.514,5.357,5.495,293497.95
2026-05-22 14:00:00+00:00,5.495,5.495,5.303,5.319,172018.28
2026-05-22 15:00:00+00:00,5.319,5.355,5.27,5.308,122461.71
2026-05-22 16:00:00+00:00,5.307,5.429,5.283,5.398,152337.17
2026-05-22 17:00:00+00:00,5.398,5.662,5.391,5.51,380352.95
2026-05-22 18:00:00+00:00,5.509,5.534,5.256,5.33,215531.43
2026-05-22 19:00:00+00:00,5.331,5.358,5.14,5.239,406738.78
2026-05-22 20:00:00+00:00,5.24,5.416,5.208,5.402,162531.44
2026-05-22 21:00:00+00:00,5.402,5.492,5.351,5.452,174343.42
2026-05-22 22:00:00+00:00,5.453,5.484,5.343,5.368,84082.97
2026-05-22 23:00:00+00:00,5.369,5.414,5.1,5.175,318229.49
2026-05-23 00:00:00+00:00,5.176,5.205,5.087,5.151,169714.76
2026-05-23 01:00:00+00:00,5.152,5.242,5.129,5.234,98007.09
2026-05-23 02:00:00+00:00,5.235,5.298,5.215,5.292,114495.7
2026-05-23 03:00:00+00:00,5.292,5.374,5.248,5.257,310494.83
2026-05-23 04:00:00+00:00,5.257,5.26,5.019,5.053,157659.74
2026-05-23 05:00:00+00:00,5.052,5.055,4.781,4.831,331571.73
2026-05-23 06:00:00+00:00,4.83,4.855,4.787,4.837,158605.3
2026-05-23 07:00:00+00:00,4.836,4.865,4.732,4.811,216718.73
2026-05-23 08:00:00+00:00,4.811,4.896,4.784,4.889,154375.69
2026-05-23 09:00:00+00:00,4.889,4.955,4.865,4.937,122171.51
2026-05-23 10:00:00+00:00,4.938,5.001,4.927,4.978,89030.33
2026-05-23 11:00:00+00:00,4.977,5.003,4.868,4.894,124722.72
2026-05-23 12:00:00+00:00,4.894,4.982,4.866,4.971,123858.19
2026-05-23 13:00:00+00:00,4.971,5.107,4.971,5.062,143049.32
2026-05-23 14:00:00+00:00,5.061,5.081,4.99,5.081,153260.14
2026-05-23 15:00:00+00:00,5.08,5.31,5.062,5.29,259263.73
2026-05-23 16:00:00+00:00,5.289,5.353,5.198,5.296,227159.76
2026-05-23 17:00:00+00:00,5.297,5.338,5.253,5.316,197012.55
2026-05-23 18:00:00+00:00,5.316,5.449,5.258,5.306,253647.75
2026-05-23 19:00:00+00:00,5.307,5.371,5.25,5.342,124453.97
2026-05-23 20:00:00+00:00,5.342,5.525,5.326,5.486,228988.21
2026-05-23 21:00:00+00:00,5.485,5.502,5.366,5.391,201636.14
2026-05-23 22:00:00+00:00,5.391,5.417,5.25,5.322,227692.43
2026-05-23 23:00:00+00:00,5.321,5.354,5.259,5.343,75140.53
2026-05-24 00:00:00+00:00,5.342,5.355,5.261,5.289,193302.87
2026-05-24 01:00:00+00:00,5.289,5.307,5.255,5.257,41087.75
2026-05-24 02:00:00+00:00,5.258,5.265,5.209,5.241,55623.67
2026-05-24 03:00:00+00:00,5.24,5.282,5.176,5.196,98091.65
2026-05-24 04:00:00+00:00,5.197,5.21,5.125,5.131,52428.37
2026-05-24 05:00:00+00:00,5.132,5.166,5.085,5.161,96884.23
2026-05-24 06:00:00+00:00,5.161,5.26,5.134,5.25,82453.71
2026-05-24 07:00:00+00:00,5.25,5.265,5.178,5.193,73409.77
2026-05-24 08:00:00+00:00,5.193,5.228,5.152,5.205,54206.36
2026-05-24 09:00:00+00:00,5.205,5.243,5.18,5.205,73225.9
2026-05-24 10:00:00+00:00,5.203,5.242,5.176,5.199,56165.26
2026-05-24 11:00:00+00:00,5.2,5.222,5.173,5.191,42110.39
2026-05-24 12:00:00+00:00,5.192,5.206,5.145,5.199,40550.04
2026-05-24 13:00:00+00:00,5.199,5.25,5.047,5.114,114761.56
2026-05-24 14:00:00+00:00,5.113,5.142,5.055,5.129,83749.67
2026-05-24 15:00:00+00:00,5.128,5.163,5.111,5.148,46247.6
2026-05-24 16:00:00+00:00,5.148,5.229,5.143,5.203,65935.59
2026-05-24 17:00:00+00:00,5.202,5.292,5.196,5.276,69752.28
2026-05-24 18:00:00+00:00,5.277,5.288,5.234,5.268,47480.6
2026-05-24 19:00:00+00:00,5.269,5.272,5.141,5.153,52497.89
2026-05-24 20:00:00+00:00,5.154,5.19,5.136,5.152,46001.9
2026-05-24 21:00:00+00:00,5.153,5.195,5.065,5.101,51421.87
2026-05-24 22:00:00+00:00,5.101,5.212,5.1,5.105,103182.34
2026-05-24 23:00:00+00:00,5.106,5.158,5.099,5.135,32398.83
2026-05-25 00:00:00+00:00,5.135,5.169,5.106,5.121,31336.74
2026-05-25 01:00:00+00:00,5.122,5.13,5.072,5.077,45969.39
2026-05-25 02:00:00+00:00,5.078,5.176,5.073,5.151,48516.65
2026-05-25 03:00:00+00:00,5.152,5.163,5.05,5.082,109967.57
2026-05-25 04:00:00+00:00,5.083,5.141,5.049,5.14,40614.9
2026-05-25 05:00:00+00:00,5.139,5.225,5.131,5.18,89638.79
2026-05-25 06:00:00+00:00,5.181,5.292,5.166,5.201,91440.88
2026-05-25 07:00:00+00:00,5.202,5.259,5.176,5.249,102470.23
2026-05-25 08:00:00+00:00,5.251,5.294,5.237,5.255,83595.32
2026-05-25 09:00:00+00:00,5.254,5.277,5.215,5.219,58193.32
2026-05-25 10:00:00+00:00,5.219,5.433,5.218,5.428,203591.44
2026-05-25 11:00:00+00:00,5.428,5.512,5.395,5.511,250142.25
2026-05-25 12:00:00+00:00,5.511,5.746,5.444,5.537,450664.49
2026-05-25 13:00:00+00:00,5.538,5.714,5.507,5.66,340496.92
2026-05-25 14:00:00+00:00,5.66,5.726,5.588,5.621,220915.2
2026-05-25 15:00:00+00:00,5.621,5.776,5.61,5.662,225998.73
2026-05-25 16:00:00+00:00,5.665,5.735,5.58,5.696,235081.9
2026-05-25 17:00:00+00:00,5.696,5.802,5.676,5.723,145929.66
2026-05-25 18:00:00+00:00,5.724,5.834,5.623,5.65,214034.1
2026-05-25 19:00:00+00:00,5.649,5.737,5.619,5.66,106982.8
2026-05-25 20:00:00+00:00,5.659,5.737,5.62,5.632,78609.44
2026-05-25 21:00:00+00:00,5.632,5.7,5.631,5.684,35826.96
2026-05-25 22:00:00+00:00,5.685,5.691,5.6,5.653,74778.21
2026-05-25 23:00:00+00:00,5.652,5.727,5.634,5.672,65007.82
2026-05-26 00:00:00+00:00,5.673,5.737,5.59,5.676,107957.72
2026-05-26 01:00:00+00:00,5.675,5.769,5.607,5.615,136870.24
2026-05-26 02:00:00+00:00,5.616,5.668,5.547,5.622,152293.91
2026-05-26 03:00:00+00:00,5.623,5.628,5.518,5.545,107494.66
2026-05-26 04:00:00+00:00,5.546,5.74,5.546,5.637,136823.65
2026-05-26 05:00:00+00:00,5.637,5.659,5.575,5.649,86567.39
2026-05-26 06:00:00+00:00,5.648,5.65,5.563,5.575,107163.79
2026-05-26 07:00:00+00:00,5.575,5.581,5.462,5.503,209656.57
2026-05-26 08:00:00+00:00,5.504,5.538,5.473,5.477,78682.74
2026-05-26 09:00:00+00:00,5.478,5.611,5.458,5.529,107641.48
2026-05-26 10:00:00+00:00,5.528,5.691,5.487,5.668,107184.65
2026-05-26 11:00:00+00:00,5.668,5.862,5.663,5.832,203796.21
2026-05-26 12:00:00+00:00,5.833,5.912,5.768,5.875,247059.93
2026-05-26 13:00:00+00:00,5.874,6.047,5.818,6.007,334242.76
2026-05-26 14:00:00+00:00,6.008,6.106,5.952,6.002,338010.62
2026-05-26 15:00:00+00:00,6.001,6.01,5.743,5.802,201288.09
2026-05-26 16:00:00+00:00,5.8,5.805,5.707,5.777,121043.4
2026-05-26 17:00:00+00:00,5.777,5.833,5.681,5.724,132308.76
2026-05-26 18:00:00+00:00,5.724,5.808,5.678,5.69,95714.82
2026-05-26 19:00:00+00:00,5.69,5.706,5.575,5.694,130851.64
2026-05-26 20:00:00+00:00,5.695,5.759,5.658,5.726,88702.98
2026-05-26 21:00:00+00:00,5.725,5.766,5.65,5.667,72520.92
2026-05-26 22:00:00+00:00,5.667,5.783,5.667,5.717,84475.55
2026-05-26 23:00:00+00:00,5.718,5.761,5.664,5.678,72670.61
2026-05-27 00:00:00+00:00,5.679,5.741,5.669,5.708,65589.85
2026-05-27 01:00:00+00:00,5.708,5.708,5.593,5.629,67326.38
2026-05-27 02:00:00+00:00,5.63,5.677,5.572,5.66,85756.18
2026-05-27 03:00:00+00:00,5.661,5.753,5.638,5.674,96863.5
2026-05-27 04:00:00+00:00,5.674,5.703,5.541,5.646,121659.49
2026-05-27 05:00:00+00:00,5.647,5.756,5.585,5.735,156690.45
2026-05-27 06:00:00+00:00,5.735,5.852,5.702,5.834,212587.88
2026-05-27 07:00:00+00:00,5.834,5.877,5.776,5.875,126634.64
2026-05-27 08:00:00+00:00,5.877,6.002,5.749,5.784,197306.73
2026-05-27 09:00:00+00:00,5.783,5.792,5.634,5.641,162357.78
2026-05-27 10:00:00+00:00,5.641,5.712,5.629,5.711,97015.56
2026-05-27 11:00:00+00:00,5.711,5.813,5.707,5.738,93672.74
2026-05-27 12:00:00+00:00,5.737,5.849,5.678,5.732,101780.17
2026-05-27 13:00:00+00:00,5.732,5.74,5.557,5.624,326148.32
2026-05-27 14:00:00+00:00,5.625,5.668,5.539,5.661,97596.71
2026-05-27 15:00:00+00:00,5.66,5.845,5.597,5.839,177242.24
2026-05-27 16:00:00+00:00,5.84,5.848,5.702,5.731,103384.3
2026-05-27 17:00:00+00:00,5.731,5.731,5.571,5.587,94831.82
2026-05-27 18:00:00+00:00,5.586,5.649,5.572,5.648,59154.03
2026-05-27 19:00:00+00:00,5.647,5.768,5.631,5.692,65729.75
2026-05-27 20:00:00+00:00,5.693,5.703,5.567,5.58,75259.74
2026-05-27 21:00:00+00:00,5.58,5.591,5.41,5.457,175073.85
2026-05-27 22:00:00+00:00,5.458,5.495,5.415,5.435,131817.68
2026-05-27 23:00:00+00:00,5.434,5.511,5.419,5.477,38544.6
2026-05-28 00:00:00+00:00,5.476,5.535,5.463,5.51,36020.97
2026-05-28 01:00:00+00:00,5.509,5.528,5.422,5.451,68602.6
2026-05-28 02:00:00+00:00,5.451,5.511,5.435,5.442,32262.61
2026-05-28 03:00:00+00:00,5.441,5.441,5.34,5.373,271779.62
2026-05-28 04:00:00+00:00,5.374,5.445,5.28,5.438,312561.91
2026-05-28 05:00:00+00:00,5.438,5.444,5.315,5.344,133576.53
2026-05-28 06:00:00+00:00,5.345,5.461,5.333,5.452,100397.08
2026-05-28 07:00:00+00:00,5.453,5.636,5.453,5.469,226799.41
2026-05-28 08:00:00+00:00,5.47,5.494,5.381,5.439,87849.88
2026-05-28 09:00:00+00:00,5.438,5.459,5.39,5.396,62457.47
2026-05-28 10:00:00+00:00,5.394,5.451,5.343,5.367,107583.96
2026-05-28 11:00:00+00:00,5.368,5.375,5.326,5.344,68686.6
2026-05-28 12:00:00+00:00,5.344,5.459,5.33,5.453,103735.32
2026-05-28 13:00:00+00:00,5.452,5.494,5.305,5.35,189332.44
2026-05-28 14:00:00+00:00,5.349,5.394,5.257,5.317,178561.15
2026-05-28 15:00:00+00:00,5.318,5.374,5.29,5.337,67002.64
2026-05-28 16:00:00+00:00,5.337,5.415,5.259,5.401,117097.55
2026-05-28 17:00:00+00:00,5.401,5.519,5.377,5.481,141274.54
2026-05-28 18:00:00+00:00,5.48,5.619,5.478,5.552,150702.49
2026-05-28 19:00:00+00:00,5.551,5.553,5.481,5.489,39999.34
2026-05-28 20:00:00+00:00,5.49,5.609,5.415,5.544,119645.27
2026-05-28 21:00:00+00:00,5.545,5.581,5.492,5.53,58398.92
2026-05-28 22:00:00+00:00,5.529,5.535,5.439,5.455,23550.03
2026-05-28 23:00:00+00:00,5.454,5.48,5.43,5.471,29747.4
2026-05-29 00:00:00+00:00,5.471,5.629,5.471,5.628,81467.87
2026-05-29 01:00:00+00:00,5.629,5.73,5.53,5.699,109743.03
2026-05-29 02:00:00+00:00,5.7,5.738,5.536,5.564,147548.88
2026-05-29 03:00:00+00:00,5.565,5.655,5.531,5.615,57232.42
2026-05-29 04:00:00+00:00,5.616,5.736,5.575,5.732,72491.67
2026-05-29 05:00:00+00:00,5.732,5.937,5.717,5.916,230664.33
2026-05-29 06:00:00+00:00,5.916,6.186,5.914,6.178,446777.36
2026-05-29 07:00:00+00:00,6.179,6.301,6.126,6.285,302074.66
2026-05-29 08:00:00+00:00,6.285,6.371,6.037,6.061,357457.19
2026-05-29 09:00:00+00:00,6.062,6.143,6.006,6.097,151631.4
2026-05-29 10:00:00+00:00,6.096,6.096,5.93,6.029,169123.31
2026-05-29 11:00:00+00:00,6.029,6.14,5.975,6.053,225777.66
2026-05-29 12:00:00+00:00,6.052,6.091,5.955,5.995,116836.18
2026-05-29 13:00:00+00:00,5.996,6.181,5.941,6.173,164769.72
2026-05-29 14:00:00+00:00,6.171,6.4,6.092,6.333,756354.54
2026-05-29 15:00:00+00:00,6.334,6.712,6.296,6.677,712605.88
2026-05-29 16:00:00+00:00,6.678,6.696,6.442,6.537,411845.66
2026-05-29 17:00:00+00:00,6.539,6.641,6.442,6.468,244833.34
2026-05-29 18:00:00+00:00,6.469,6.478,6.358,6.388,239389.12
2026-05-29 19:00:00+00:00,6.387,6.501,6.308,6.494,211277.81
2026-05-29 20:00:00+00:00,6.494,6.63,6.487,6.504,167396.83
2026-05-29 21:00:00+00:00,6.504,6.549,6.345,6.348,149176.76
2026-05-29 22:00:00+00:00,6.349,6.555,6.349,6.52,113225.23
2026-05-29 23:00:00+00:00,6.521,6.526,6.422,6.433,79231.09
2026-05-30 00:00:00+00:00,6.433,6.488,6.321,6.325,104736.74
2026-05-30 01:00:00+00:00,6.325,6.601,6.321,6.569,147866.07
2026-05-30 02:00:00+00:00,6.568,6.635,6.483,6.571,143421.8
2026-05-30 03:00:00+00:00,6.57,6.7,6.49,6.558,151521.39
2026-05-30 04:00:00+00:00,6.559,6.833,6.467,6.746,366291.64
2026-05-30 05:00:00+00:00,6.746,7.026,6.64,6.993,475388.67
2026-05-30 06:00:00+00:00,6.992,7.069,6.774,6.826,368918.93
2026-05-30 07:00:00+00:00,6.825,6.86,6.554,6.624,193097.09
2026-05-30 08:00:00+00:00,6.625,6.628,6.447,6.466,179644.47
2026-05-30 09:00:00+00:00,6.467,6.574,6.462,6.564,140783.93
2026-05-30 10:00:00+00:00,6.565,6.678,6.546,6.618,199472.85
2026-05-30 11:00:00+00:00,6.617,6.64,6.513,6.629,158477.53
2026-05-30 12:00:00+00:00,6.629,6.776,6.586,6.748,155994.74
2026-05-30 13:00:00+00:00,6.749,6.842,6.68,6.783,173005.39
2026-05-30 14:00:00+00:00,6.783,6.936,6.769,6.93,192243.01
2026-05-30 15:00:00+00:00,6.931,6.973,6.853,6.941,124020.75
2026-05-30 16:00:00+00:00,6.942,6.972,6.723,6.822,190231.64
2026-05-30 17:00:00+00:00,6.82,6.916,6.699,6.736,163933.59
2026-05-30 18:00:00+00:00,6.736,6.77,6.672,6.708,63524.08
2026-05-30 19:00:00+00:00,6.71,6.713,6.584,6.64,82948.7
2026-05-30 20:00:00+00:00,6.641,6.718,6.584,6.663,117312.25
2026-05-30 21:00:00+00:00,6.664,6.701,6.629,6.634,45800.57
2026-05-30 22:00:00+00:00,6.635,6.637,6.492,6.556,119654.3
2026-05-30 23:00:00+00:00,6.555,6.611,6.516,6.598,60131.27
2026-05-31 00:00:00+00:00,6.599,6.612,6.522,6.557,119321.78
2026-05-31 01:00:00+00:00,6.556,6.613,6.544,6.564,51751.33
2026-05-31 02:00:00+00:00,6.564,6.606,6.5,6.525,48578.2
2026-05-31 03:00:00+00:00,6.525,6.533,6.446,6.468,115437.8
2026-05-31 04:00:00+00:00,6.468,6.588,6.437,6.588,60284.36
2026-05-31 05:00:00+00:00,6.588,6.655,6.544,6.652,135060.76
2026-05-31 06:00:00+00:00,6.652,6.652,6.451,6.513,110733.42
2026-05-31 07:00:00+00:00,6.513,6.545,6.474,6.539,40374.57
2026-05-31 08:00:00+00:00,6.54,6.558,6.48,6.534,43480.01
2026-05-31 09:00:00+00:00,6.533,6.621,6.486,6.492,74213.53
2026-05-31 10:00:00+00:00,6.491,6.526,6.451,6.504,35487.33
2026-05-31 11:00:00+00:00,6.506,6.715,6.501,6.702,171654.57
2026-05-31 12:00:00+00:00,6.703,6.759,6.574,6.63,88305.26
2026-05-31 13:00:00+00:00,6.631,6.633,6.508,6.531,72594.11
2026-05-31 14:00:00+00:00,6.53,6.544,6.369,6.42,145433.36
2026-05-31 15:00:00+00:00,6.419,6.453,6.344,6.37,80561.82
2026-05-31 16:00:00+00:00,6.371,6.409,6.326,6.362,47897.46
2026-05-31 17:00:00+00:00,6.362,6.445,6.299,6.403,110414.3
2026-05-31 18:00:00+00:00,6.402,6.428,6.359,6.422,32098.22
2026-05-31 19:00:00+00:00,6.421,6.459,6.368,6.39,37399.66
2026-05-31 20:00:00+00:00,6.391,6.46,6.369,6.451,49507.11
2026-05-31 21:00:00+00:00,6.451,6.571,6.433,6.478,80615.75
2026-05-31 22:00:00+00:00,6.479,6.596,6.452,6.582,78038.47
2026-05-31 23:00:00+00:00,6.583,6.651,6.46,6.543,140987.21
2026-06-01 00:00:00+00:00,6.542,6.566,6.466,6.494,65267.47
2026-06-01 01:00:00+00:00,6.493,6.51,6.423,6.466,62373.83
2026-06-01 02:00:00+00:00,6.467,6.612,6.42,6.569,96779.99
2026-06-01 03:00:00+00:00,6.568,6.71,6.567,6.63,105545.23
2026-06-01 04:00:00+00:00,6.63,6.703,6.464,6.507,96099.31
2026-06-01 05:00:00+00:00,6.505,6.708,6.504,6.583,58662.09
2026-06-01 06:00:00+00:00,6.582,6.635,6.45,6.548,153801.22
2026-06-01 07:00:00+00:00,6.547,6.598,6.402,6.455,128535.37
2026-06-01 08:00:00+00:00,6.454,6.59,6.424,6.512,108385.38
2026-06-01 09:00:00+00:00,6.512,6.609,6.458,6.586,76557.04
2026-06-01 10:00:00+00:00,6.587,6.739,6.533,6.689,102808.29
2026-06-01 11:00:00+00:00,6.69,6.772,6.646,6.664,164489.85
2026-06-01 12:00:00+00:00,6.665,6.869,6.553,6.832,330946.66
2026-06-01 13:00:00+00:00,6.832,6.857,6.677,6.786,280427.13
2026-06-01 14:00:00+00:00,6.787,6.898,6.7,6.762,152027.12
2026-06-01 15:00:00+00:00,6.763,6.987,6.759,6.974,226907.65
2026-06-01 16:00:00+00:00,6.973,7.25,6.97,7.084,583804.38
2026-06-01 17:00:00+00:00,7.083,7.177,6.931,6.994,205365.77
2026-06-01 18:00:00+00:00,6.993,7.2,6.983,7.191,164129.76
2026-06-01 19:00:00+00:00,7.191,7.345,7.117,7.331,224874.21
2026-06-01 20:00:00+00:00,7.332,7.344,6.997,7.011,217349.49
2026-06-01 21:00:00+00:00,7.013,7.038,6.804,6.842,202381.06
2026-06-01 22:00:00+00:00,6.842,7.079,6.764,7.062,170401.36
2026-06-01 23:00:00+00:00,7.062,7.096,6.956,6.99,140867.47
2026-06-02 00:00:00+00:00,6.991,7.049,6.881,6.936,94842.8
2026-06-02 01:00:00+00:00,6.936,7.026,6.882,6.892,71231.57
2026-06-02 02:00:00+00:00,6.891,7.129,6.847,7.082,88042.62
2026-06-02 03:00:00+00:00,7.083,7.3,7.066,7.211,176328.65
2026-06-02 04:00:00+00:00,7.211,7.234,6.986,6.993,111950.68
2026-06-02 05:00:00+00:00,6.993,7.031,6.901,6.915,115955.76
2026-06-02 06:00:00+00:00,6.916,7.084,6.915,6.998,94348.83
2026-06-02 07:00:00+00:00,6.999,7.189,6.943,7.121,164537.02
2026-06-02 08:00:00+00:00,7.121,7.168,7.056,7.062,86390.52
2026-06-02 09:00:00+00:00,7.063,7.29,6.983,7.281,253215.35
2026-06-02 10:00:00+00:00,7.281,7.343,7.149,7.262,173616.18
2026-06-02 11:00:00+00:00,7.261,7.316,7.082,7.121,127784.93
2026-06-02 12:00:00+00:00,7.121,7.189,7.063,7.101,108153.8
2026-06-02 13:00:00+00:00,7.1,7.25,7.057,7.233,129713.28
2026-06-02 14:00:00+00:00,7.233,7.237,6.856,6.99,346481.79
2026-06-02 15:00:00+00:00,6.989,6.998,6.751,6.791,311741.44
2026-06-02 16:00:00+00:00,6.792,7.036,6.705,6.769,246010.34
2026-06-02 17:00:00+00:00,6.77,6.883,6.763,6.833,120241.67
2026-06-02 18:00:00+00:00,6.834,6.859,6.575,6.602,176893.9
2026-06-02 19:00:00+00:00,6.603,6.672,6.459,6.63,185971.88
2026-06-02 20:00:00+00:00,6.631,6.751,6.529,6.658,122624.19
2026-06-02 21:00:00+00:00,6.659,6.768,6.611,6.641,45221.08
2026-06-02 22:00:00+00:00,6.642,6.696,6.549,6.567,77463.32
2026-06-02 23:00:00+00:00,6.568,6.601,6.474,6.587,145898.1
2026-06-03 00:00:00+00:00,6.588,6.697,6.523,6.53,143883.64
2026-06-03 01:00:00+00:00,6.53,6.552,6.436,6.489,101967.11
2026-06-03 02:00:00+00:00,6.488,6.501,6.324,6.351,156551.72
2026-06-03 03:00:00+00:00,6.35,6.48,6.35,6.393,82959.01
2026-06-03 04:00:00+00:00,6.393,6.63,6.392,6.579,88351.06
2026-06-03 05:00:00+00:00,6.58,6.701,6.567,6.661,93137.99
2026-06-03 06:00:00+00:00,6.66,6.913,6.62,6.777,173788.74
2026-06-03 07:00:00+00:00,6.777,6.983,6.758,6.953,213936.84
2026-06-03 08:00:00+00:00,6.952,6.963,6.756,6.822,160214.71
2026-06-03 09:00:00+00:00,6.822,6.839,6.675,6.688,83934.67
2026-06-03 10:00:00+00:00,6.689,6.796,6.657,6.753,118388.93
2026-06-03 11:00:00+00:00,6.753,6.774,6.599,6.628,105835.83
2026-06-03 12:00:00+00:00,6.628,6.75,6.569,6.75,108922.01
2026-06-03 13:00:00+00:00,6.748,6.926,6.709,6.892,227993.21
2026-06-03 14:00:00+00:00,6.892,6.897,6.695,6.826,98221.16
2026-06-03 15:00:00+00:00,6.828,6.874,6.701,6.712,173456.7
2026-06-03 16:00:00+00:00,6.713,6.72,6.568,6.614,118168.45
2026-06-03 17:00:00+00:00,6.614,6.621,6.444,6.541,139870.34
2026-06-03 18:00:00+00:00,6.541,6.641,6.456,6.601,204042.69
2026-06-03 19:00:00+00:00,6.602,6.703,6.516,6.532,77329.16
2026-06-03 20:00:00+00:00,6.531,6.588,6.416,6.467,177301.59
2026-06-03 21:00:00+00:00,6.467,6.778,6.448,6.71,216571.64
2026-06-03 22:00:00+00:00,6.709,6.74,6.567,6.602,88853.15
2026-06-03 23:00:00+00:00,6.601,6.609,6.51,6.517,67098.12
2026-06-04 00:00:00+00:00,6.516,6.586,6.361,6.406,130870.4
2026-06-04 01:00:00+00:00,6.407,6.526,6.225,6.244,262838.49
2026-06-04 02:00:00+00:00,6.245,6.4,5.965,6.289,335572.92
2026-06-04 03:00:00+00:00,6.288,6.503,6.277,6.406,137253.65
2026-06-04 04:00:00+00:00,6.405,6.424,6.217,6.235,107462.16
2026-06-04 05:00:00+00:00,6.232,6.243,6.101,6.219,142930.72
2026-06-04 06:00:00+00:00,6.219,6.418,6.211,6.254,153906.43
2026-06-04 07:00:00+00:00,6.256,6.269,6.131,6.157,107333.2
2026-06-04 08:00:00+00:00,6.158,6.228,6.114,6.198,88138.78
2026-06-04 09:00:00+00:00,6.2,6.2,5.952,6.058,161457.1
2026-06-04 10:00:00+00:00,6.061,6.104,5.984,6.013,111137.11
2026-06-04 11:00:00+00:00,6.014,6.021,5.817,5.875,269848.5
2026-06-04 12:00:00+00:00,5.875,5.965,5.799,5.92,161097.03
2026-06-04 13:00:00+00:00,5.918,5.949,5.735,5.796,167101.61
2026-06-04 14:00:00+00:00,5.796,5.828,5.637,5.691,229845.24
2026-06-04 15:00:00+00:00,5.69,5.806,5.669,5.726,103251.12
2026-06-04 16:00:00+00:00,5.724,5.866,5.693,5.803,125017.44
2026-06-04 17:00:00+00:00,5.804,5.816,5.564,5.61,171506.38
2026-06-04 18:00:00+00:00,5.612,5.656,5.52,5.579,119879.35
2026-06-04 19:00:00+00:00,5.578,5.615,5.512,5.528,73211.39
2026-06-04 20:00:00+00:00,5.527,5.535,5.426,5.441,97772.05
2026-06-04 21:00:00+00:00,5.441,5.507,5.275,5.28,209262.72
2026-06-04 22:00:00+00:00,5.279,5.418,5.277,5.41,145659.08
2026-06-04 23:00:00+00:00,5.41,5.502,5.362,5.405,100955.47
2026-06-05 00:00:00+00:00,5.403,5.527,5.369,5.425,84354.77
2026-06-05 01:00:00+00:00,5.424,5.433,5.304,5.389,146225.65
2026-06-05 02:00:00+00:00,5.39,5.436,5.265,5.277,76249.85
2026-06-05 03:00:00+00:00,5.278,5.343,5.205,5.269,129693.99
2026-06-05 04:00:00+00:00,5.27,5.43,5.25,5.352,105732.4
2026-06-05 05:00:00+00:00,5.353,5.416,5.277,5.282,72336.66
2026-06-05 06:00:00+00:00,5.283,5.292,5.017,5.18,239838.27
2026-06-05 07:00:00+00:00,5.18,5.206,5.019,5.161,288008.2
2026-06-05 08:00:00+00:00,5.163,5.164,5.0,5.046,249042.55
2026-06-05 09:00:00+00:00,5.047,5.15,5.009,5.127,149173.56
2026-06-05 10:00:00+00:00,5.127,5.142,4.941,4.974,127098.58
2026-06-05 11:00:00+00:00,4.974,4.975,4.881,4.919,195380.16
2026-06-05 12:00:00+00:00,4.918,5.008,4.854,5.007,134809.93
2026-06-05 13:00:00+00:00,5.006,5.319,5.006,5.076,347517.43
2026-06-05 14:00:00+00:00,5.076,5.316,5.063,5.103,321396.48
2026-06-05 15:00:00+00:00,5.102,5.113,4.931,4.962,203815.82
2026-06-05 16:00:00+00:00,4.961,5.162,4.889,5.105,182240.09
2026-06-05 17:00:00+00:00,5.105,5.129,5.008,5.051,81825.94
2026-06-05 18:00:00+00:00,5.052,5.066,4.846,4.863,141252.86
2026-06-05 19:00:00+00:00,4.863,4.994,4.78,4.958,228522.97
2026-06-05 20:00:00+00:00,4.958,5.131,4.907,5.092,109559.73
2026-06-05 21:00:00+00:00,5.091,5.281,5.08,5.224,181617.24
2026-06-05 22:00:00+00:00,5.223,5.248,5.143,5.2,94336.5
2026-06-05 23:00:00+00:00,5.201,5.221,5.08,5.16,105181.52
2026-06-06 00:00:00+00:00,5.161,5.225,5.141,5.183,50665.08
2026-06-06 01:00:00+00:00,5.184,5.239,5.146,5.176,85785.75
2026-06-06 02:00:00+00:00,5.175,5.206,5.072,5.083,41284.9
2026-06-06 03:00:00+00:00,5.083,5.112,5.034,5.08,123909.19
2026-06-06 04:00:00+00:00,5.079,5.103,4.861,4.9,185393.55
2026-06-06 05:00:00+00:00,4.902,5.111,4.845,5.098,84815.82
2026-06-06 06:00:00+00:00,5.098,5.191,5.074,5.079,169398.94
2026-06-06 07:00:00+00:00,5.078,5.251,5.048,5.238,126702.56
2026-06-06 08:00:00+00:00,5.239,5.326,5.174,5.316,185442.11
2026-06-06 09:00:00+00:00,5.314,5.444,5.199,5.271,262781.96
2026-06-06 10:00:00+00:00,5.27,5.289,5.154,5.245,195847.28
2026-06-06 11:00:00+00:00,5.244,5.31,5.126,5.209,108701.36
2026-06-06 12:00:00+00:00,5.209,5.227,5.099,5.154,85487.29
2026-06-06 13:00:00+00:00,5.154,5.195,5.071,5.1,115996.59
2026-06-06 14:00:00+00:00,5.099,5.194,5.089,5.133,47517.35
2026-06-06 15:00:00+00:00,5.134,5.148,5.043,5.095,108642.96
2026-06-06 16:00:00+00:00,5.096,5.149,5.073,5.13,53722.99
2026-06-06 17:00:00+00:00,5.129,5.145,5.027,5.055,79777.24
2026-06-06 18:00:00+00:00,5.054,5.094,5.012,5.073,43166.14
2026-06-06 19:00:00+00:00,5.074,5.109,5.027,5.031,38772.06
2026-06-06 20:00:00+00:00,5.03,5.096,5.003,5.074,35545.07
2026-06-06 21:00:00+00:00,5.075,5.125,5.074,5.103,20092.48
2026-06-06 22:00:00+00:00,5.102,5.13,5.069,5.107,28773.72
2026-06-06 23:00:00+00:00,5.106,5.182,5.091,5.168,23952.2
2026-06-07 00:00:00+00:00,5.169,5.192,5.124,5.126,34762.24
2026-06-07 01:00:00+00:00,5.125,5.336,5.125,5.325,133382.9
2026-06-07 02:00:00+00:00,5.326,5.344,5.248,5.268,61024.41
2026-06-07 03:00:00+00:00,5.268,5.318,5.236,5.296,35281.7
2026-06-07 04:00:00+00:00,5.295,5.396,5.27,5.376,87111.81
2026-06-07 05:00:00+00:00,5.376,5.42,5.327,5.332,73565.44
2026-06-07 06:00:00+00:00,5.331,5.433,5.3,5.307,76871.62
2026-06-07 07:00:00+00:00,5.308,5.35,5.282,5.298,58475.3
2026-06-07 08:00:00+00:00,5.298,5.394,5.258,5.357,119594.96
2026-06-07 09:00:00+00:00,5.358,5.407,5.246,5.249,80113.37
2026-06-07 10:00:00+00:00,5.249,5.255,5.177,5.196,90665.3
2026-06-07 11:00:00+00:00,5.196,5.251,5.189,5.193,98405.45
2026-06-07 12:00:00+00:00,5.192,5.199,5.09,5.13,113532.4
2026-06-07 13:00:00+00:00,5.129,5.204,5.116,5.194,78241.29
2026-06-07 14:00:00+00:00,5.195,5.337,5.191,5.33,135875.12
2026-06-07 15:00:00+00:00,5.331,5.408,5.289,5.332,196349.16
2026-06-07 16:00:00+00:00,5.332,5.429,5.276,5.379,85354.48
2026-06-07 17:00:00+00:00,5.378,5.43,5.309,5.332,38982.24
2026-06-07 18:00:00+00:00,5.333,5.373,5.295,5.301,35458.09
2026-06-07 19:00:00+00:00,5.302,5.303,5.18,5.201,110366.6
2026-06-07 20:00:00+00:00,5.2,5.271,5.177,5.263,33736.48
2026-06-07 21:00:00+00:00,5.262,5.312,5.227,5.278,34111.51
2026-06-07 22:00:00+00:00,5.279,5.58,5.273,5.42,205188.64
2026-06-07 23:00:00+00:00,5.419,5.439,5.381,5.433,61104.68
2026-06-08 00:00:00+00:00,5.432,5.576,5.405,5.533,132885.54
2026-06-08 01:00:00+00:00,5.534,5.549,5.435,5.505,57586.92
2026-06-08 02:00:00+00:00,5.506,5.611,5.494,5.583,144820.14
2026-06-08 03:00:00+00:00,5.584,5.68,5.496,5.564,84598.87
2026-06-08 04:00:00+00:00,5.563,5.581,5.394,5.394,80664.49
2026-06-08 05:00:00+00:00,5.396,5.432,5.357,5.398,66457.37
2026-06-08 06:00:00+00:00,5.398,5.483,5.374,5.453,49303.21
2026-06-08 07:00:00+00:00,5.451,5.572,5.416,5.563,91115.71
2026-06-08 08:00:00+00:00,5.564,5.564,5.439,5.473,59280.85
2026-06-08 09:00:00+00:00,5.474,5.656,5.473,5.655,107408.98
2026-06-08 10:00:00+00:00,5.654,5.696,5.55,5.56,139260.21
2026-06-08 11:00:00+00:00,5.56,5.673,5.528,5.653,78483.3
2026-06-08 12:00:00+00:00,5.653,5.743,5.596,5.681,126922.14
2026-06-08 13:00:00+00:00,5.68,5.689,5.572,5.629,117818.64
2026-06-08 14:00:00+00:00,5.629,5.665,5.56,5.65,79891.25
2026-06-08 15:00:00+00:00,5.651,5.727,5.64,5.647,72611.25
2026-06-08 16:00:00+00:00,5.648,5.744,5.575,5.593,69903.98
2026-06-08 17:00:00+00:00,5.594,5.737,5.584,5.733,48781.67
2026-06-08 18:00:00+00:00,5.734,5.886,5.732,5.882,122474.75
2026-06-08 19:00:00+00:00,5.883,5.927,5.703,5.724,159001.81
2026-06-08 20:00:00+00:00,5.725,5.8,5.669,5.764,119376.17
2026-06-08 21:00:00+00:00,5.764,5.854,5.733,5.736,49648.2
2026-06-08 22:00:00+00:00,5.737,5.819,5.723,5.748,43383.73
2026-06-08 23:00:00+00:00,5.747,5.761,5.623,5.66,49078.43
2026-06-09 00:00:00+00:00,5.659,5.668,5.431,5.481,143705.53
2026-06-09 01:00:00+00:00,5.48,5.536,5.439,5.514,43418.67
2026-06-09 02:00:00+00:00,5.515,5.541,5.464,5.54,44874.06
2026-06-09 03:00:00+00:00,5.54,5.565,5.464,5.479,59070.84
2026-06-09 04:00:00+00:00,5.478,5.599,5.46,5.559,38523.67
2026-06-09 05:00:00+00:00,5.559,5.654,5.539,5.631,45569.74
2026-06-09 06:00:00+00:00,5.632,5.684,5.598,5.605,43652.94
2026-06-09 07:00:00+00:00,5.606,5.703,5.597,5.663,67355.31
2026-06-09 08:00:00+00:00,5.664,5.746,5.577,5.733,64904.38
2026-06-09 09:00:00+00:00,5.734,5.779,5.644,5.67,107261.34
2026-06-09 10:00:00+00:00,5.671,5.803,5.643,5.792,97235.0
2026-06-09 11:00:00+00:00,5.792,5.812,5.705,5.777,64375.91
2026-06-09 12:00:00+00:00,5.776,5.827,5.714,5.781,87309.7
2026-06-09 13:00:00+00:00,5.782,5.818,5.689,5.78,94609.69
2026-06-09 14:00:00+00:00,5.779,5.844,5.61,5.659,206626.2
2026-06-09 15:00:00+00:00,5.659,5.7,5.5,5.51,154261.9
2026-06-09 16:00:00+00:00,5.51,5.541,5.406,5.504,247258.48
2026-06-09 17:00:00+00:00,5.503,5.61,5.478,5.55,78900.58
2026-06-09 18:00:00+00:00,5.551,5.632,5.524,5.612,43026.33
2026-06-09 19:00:00+00:00,5.611,5.639,5.548,5.619,57699.13
2026-06-09 20:00:00+00:00,5.619,5.68,5.549,5.678,130334.99
2026-06-09 21:00:00+00:00,5.679,5.695,5.557,5.585,63250.69
2026-06-09 22:00:00+00:00,5.585,5.611,5.523,5.525,33761.18
2026-06-09 23:00:00+00:00,5.526,5.567,5.495,5.545,44940.96
2026-06-10 00:00:00+00:00,5.544,5.585,5.424,5.466,62761.69
2026-06-10 01:00:00+00:00,5.466,5.504,5.424,5.437,46861.48
2026-06-10 02:00:00+00:00,5.436,5.465,5.339,5.361,66355.48
2026-06-10 03:00:00+00:00,5.36,5.429,5.339,5.342,34124.63
2026-06-10 04:00:00+00:00,5.342,5.377,5.296,5.338,60797.15
2026-06-10 05:00:00+00:00,5.339,5.347,5.251,5.28,59277.11
2026-06-10 06:00:00+00:00,5.28,5.336,5.267,5.279,50232.36
2026-06-10 07:00:00+00:00,5.279,5.314,5.258,5.262,57220.78
2026-06-10 08:00:00+00:00,5.263,5.301,5.121,5.135,163281.68
2026-06-10 09:00:00+00:00,5.135,5.173,5.104,5.126,77153.8
2026-06-10 10:00:00+00:00,5.125,5.134,5.088,5.122,58130.55
2026-06-10 11:00:00+00:00,5.123,5.135,5.049,5.065,100228.48
2026-06-10 12:00:00+00:00,5.066,5.207,5.032,5.166,118159.2
2026-06-10 13:00:00+00:00,5.167,5.325,5.117,5.287,159666.82
2026-06-10 14:00:00+00:00,5.288,5.318,5.234,5.304,103976.04
2026-06-10 15:00:00+00:00,5.304,5.368,5.239,5.321,90905.46
2026-06-10 16:00:00+00:00,5.322,5.344,5.137,5.162,78461.13
2026-06-10 17:00:00+00:00,5.164,5.214,5.104,5.155,56121.0
2026-06-10 18:00:00+00:00,5.155,5.165,5.061,5.146,71131.0
2026-06-10 19:00:00+00:00,5.145,5.147,5.047,5.051,63778.98
2026-06-10 20:00:00+00:00,5.05,5.084,4.991,5.018,97950.72
2026-06-10 21:00:00+00:00,5.017,5.017,4.89,4.922,138896.28
2026-06-10 22:00:00+00:00,4.922,4.974,4.891,4.929,105903.36
2026-06-10 23:00:00+00:00,4.929,4.975,4.891,4.941,100409.68
2026-06-11 00:00:00+00:00,4.942,5.02,4.941,4.999,39244.36
2026-06-11 01:00:00+00:00,4.999,5.11,4.997,5.054,49334.49
2026-06-11 02:00:00+00:00,5.055,5.072,4.952,4.979,39453.47
2026-06-11 03:00:00+00:00,4.978,5.431,4.94,5.243,299642.36
2026-06-11 04:00:00+00:00,5.244,5.313,5.185,5.283,98055.56
2026-06-11 05:00:00+00:00,5.282,5.342,5.256,5.293,94316.22
2026-06-11 06:00:00+00:00,5.294,5.347,5.253,5.262,82021.28
2026-06-11 07:00:00+00:00,5.261,5.293,5.225,5.273,63800.41
2026-06-11 08:00:00+00:00,5.274,5.298,5.246,5.247,42125.98
2026-06-11 09:00:00+00:00,5.246,5.254,5.153,5.227,46622.5
2026-06-11 10:00:00+00:00,5.227,5.27,5.204,5.245,53353.23
2026-06-11 11:00:00+00:00,5.244,5.307,5.214,5.264,93607.46
2026-06-11 12:00:00+00:00,5.264,5.314,5.183,5.223,95743.3
2026-06-11 13:00:00+00:00,5.222,5.293,5.213,5.238,49680.28
2026-06-11 14:00:00+00:00,5.238,5.256,5.172,5.174,62651.36
2026-06-11 15:00:00+00:00,5.173,5.213,5.138,5.162,101124.77
2026-06-11 16:00:00+00:00,5.161,5.205,5.083,5.105,85848.77
2026-06-11 17:00:00+00:00,5.104,5.289,5.05,5.281,175952.34
2026-06-11 18:00:00+00:00,5.282,5.388,5.208,5.351,88959.8
2026-06-11 19:00:00+00:00,5.35,5.38,5.293,5.336,89364.06
2026-06-11 20:00:00+00:00,5.337,5.422,5.263,5.351,111861.54
2026-06-11 21:00:00+00:00,5.352,5.462,5.352,5.419,106082.16
2026-06-11 22:00:00+00:00,5.418,5.5,5.402,5.415,53653.76
2026-06-11 23:00:00+00:00,5.415,5.463,5.377,5.403,55483.04
2026-06-12 00:00:00+00:00,5.402,5.452,5.383,5.421,44686.2
2026-06-12 01:00:00+00:00,5.42,5.453,5.377,5.45,37479.32
2026-06-12 02:00:00+00:00,5.451,5.642,5.417,5.558,120017.55
2026-06-12 03:00:00+00:00,5.557,5.61,5.509,5.546,121570.08
2026-06-12 04:00:00+00:00,5.546,5.622,5.517,5.579,197766.3
2026-06-12 05:00:00+00:00,5.58,5.586,5.423,5.424,81627.36
2026-06-12 06:00:00+00:00,5.425,5.446,5.353,5.373,68019.15
2026-06-12 07:00:00+00:00,5.374,5.424,5.374,5.404,44669.24
2026-06-12 08:00:00+00:00,5.406,5.458,5.384,5.402,50993.56
2026-06-12 09:00:00+00:00,5.401,5.474,5.379,5.449,57899.1
2026-06-12 10:00:00+00:00,5.449,5.476,5.387,5.388,56456.82
2026-06-12 11:00:00+00:00,5.386,5.402,5.325,5.333,59750.94
2026-06-12 12:00:00+00:00,5.332,5.393,5.315,5.333,42645.61
2026-06-12 13:00:00+00:00,5.335,5.352,5.169,5.235,159341.99
2026-06-12 14:00:00+00:00,5.235,5.307,5.201,5.3,71756.16
2026-06-12 15:00:00+00:00,5.299,5.352,5.113,5.123,178350.72
2026-06-12 16:00:00+00:00,5.122,5.166,5.055,5.145,85572.48
2026-06-12 17:00:00+00:00,5.145,5.185,5.129,5.16,58862.56
2026-06-12 18:00:00+00:00,5.16,5.17,5.095,5.121,41274.66
2026-06-12 19:00:00+00:00,5.122,5.168,5.118,5.13,31777.13
2026-06-12 20:00:00+00:00,5.131,5.202,5.121,5.151,39776.86
2026-06-12 21:00:00+00:00,5.152,5.163,5.089,5.107,26663.85
2026-06-12 22:00:00+00:00,5.106,5.149,5.102,5.117,15730.21
2026-06-12 23:00:00+00:00,5.117,5.121,5.081,5.083,26305.25
2026-06-13 00:00:00+00:00,5.084,5.14,5.074,5.128,26143.86
2026-06-13 01:00:00+00:00,5.129,5.164,5.115,5.155,47065.47
2026-06-13 02:00:00+00:00,5.156,5.156,5.06,5.078,33624.97
2026-06-13 03:00:00+00:00,5.077,5.155,5.076,5.121,66528.58
2026-06-13 04:00:00+00:00,5.122,5.185,5.088,5.106,29211.07
2026-06-13 05:00:00+00:00,5.107,5.117,5.034,5.097,59565.84
2026-06-13 06:00:00+00:00,5.099,5.196,5.072,5.186,28888.91
2026-06-13 07:00:00+00:00,5.187,5.452,5.142,5.325,182213.11
2026-06-13 08:00:00+00:00,5.323,5.359,5.269,5.31,41599.36
2026-06-13 09:00:00+00:00,5.31,5.325,5.255,5.27,43577.5
2026-06-13 10:00:00+00:00,5.269,5.299,5.225,5.252,39466.91
2026-06-13 11:00:00+00:00,5.252,5.297,5.23,5.257,36197.35
2026-06-13 12:00:00+00:00,5.257,5.29,5.251,5.268,29058.06
2026-06-13 13:00:00+00:00,5.269,5.302,5.247,5.26,53634.81
2026-06-13 14:00:00+00:00,5.26,5.302,5.254,5.29,30822.45
2026-06-13 15:00:00+00:00,5.289,5.35,5.275,5.298,33992.98
2026-06-13 16:00:00+00:00,5.297,5.298,5.159,5.191,60392.82
2026-06-13 17:00:00+00:00,5.192,5.236,5.16,5.175,27318.38
2026-06-13 18:00:00+00:00,5.174,5.216,5.162,5.196,17039.24
2026-06-13 19:00:00+00:00,5.195,5.233,5.188,5.194,28034.01
2026-06-13 20:00:00+00:00,5.194,5.216,5.152,5.208,27540.81
2026-06-13 21:00:00+00:00,5.21,5.278,5.187,5.249,21621.97
2026-06-13 22:00:00+00:00,5.25,5.264,5.219,5.222,12768.39
2026-06-13 23:00:00+00:00,5.22,5.299,5.216,5.275,21138.83
2026-06-14 00:00:00+00:00,5.273,5.275,5.228,5.241,16879.84
2026-06-14 01:00:00+00:00,5.242,5.286,5.231,5.261,9803.93
2026-06-14 02:00:00+00:00,5.26,5.285,5.218,5.229,26535.48
2026-06-14 03:00:00+00:00,5.229,5.252,5.194,5.213,26299.77
2026-06-14 04:00:00+00:00,5.214,5.214,5.144,5.15,15913.33
2026-06-14 05:00:00+00:00,5.151,5.166,5.108,5.155,24572.61
2026-06-14 06:00:00+00:00,5.156,5.185,5.116,5.128,25741.93
2026-06-14 07:00:00+00:00,5.127,5.15,5.108,5.136,16237.34
2026-06-14 08:00:00+00:00,5.137,5.17,5.119,5.139,16324.37
2026-06-14 09:00:00+00:00,5.138,5.178,5.121,5.154,19837.49
2026-06-14 10:00:00+00:00,5.153,5.183,5.112,5.115,16461.67
2026-06-14 11:00:00+00:00,5.114,5.165,5.097,5.134,25202.07
2026-06-14 12:00:00+00:00,5.133,5.134,5.062,5.089,59516.61
2026-06-14 13:00:00+00:00,5.087,5.152,5.07,5.104,40526.79
2026-06-14 14:00:00+00:00,5.105,5.105,4.99,5.022,89599.68
2026-06-14 15:00:00+00:00,5.022,5.093,5.022,5.035,67240.03
2026-06-14 16:00:00+00:00,5.034,5.083,5.02,5.049,39424.1
2026-06-14 17:00:00+00:00,5.05,5.114,4.924,4.966,109999.01
2026-06-14 18:00:00+00:00,4.965,4.995,4.954,4.989,53309.03
2026-06-14 19:00:00+00:00,4.989,5.014,4.973,4.983,27902.65
2026-06-14 20:00:00+00:00,4.985,5.024,4.978,4.993,29343.03
2026-06-14 21:00:00+00:00,4.994,5.261,4.988,5.212,149938.51
2026-06-14 22:00:00+00:00,5.212,5.243,5.142,5.184,101720.77
2026-06-14 23:00:00+00:00,5.185,5.245,5.164,5.232,64547.38
2026-06-15 00:00:00+00:00,5.231,5.257,5.132,5.156,78852.04
2026-06-15 01:00:00+00:00,5.157,5.159,5.082,5.1,60193.09
2026-06-15 02:00:00+00:00,5.101,5.16,5.089,5.142,39298.68
2026-06-15 03:00:00+00:00,5.142,5.204,5.13,5.173,67266.56
2026-06-15 04:00:00+00:00,5.173,5.281,5.157,5.264,89275.23
2026-06-15 05:00:00+00:00,5.263,5.3,5.198,5.227,72200.56
2026-06-15 06:00:00+00:00,5.228,5.281,5.217,5.244,48691.87
2026-06-15 07:00:00+00:00,5.243,5.304,5.226,5.24,44899.48
2026-06-15 08:00:00+00:00,5.239,5.291,5.214,5.238,27103.17
2026-06-15 09:00:00+00:00,5.237,5.253,5.183,5.22,49630.1
2026-06-15 10:00:00+00:00,5.221,5.502,5.22,5.414,179840.47
2026-06-15 11:00:00+00:00,5.414,5.508,5.375,5.489,191834.31
2026-06-15 12:00:00+00:00,5.489,5.506,5.43,5.465,119215.34
2026-06-15 13:00:00+00:00,5.464,5.506,5.421,5.457,138156.78
2026-06-15 14:00:00+00:00,5.458,5.689,5.4,5.65,389051.42
2026-06-15 15:00:00+00:00,5.649,5.741,5.579,5.648,252273.69
2026-06-15 16:00:00+00:00,5.647,5.749,5.588,5.663,144827.4
2026-06-15 17:00:00+00:00,5.662,5.731,5.601,5.681,82976.31
2026-06-15 18:00:00+00:00,5.682,5.733,5.642,5.675,59185.79
2026-06-15 19:00:00+00:00,5.674,5.72,5.557,5.614,82862.31
2026-06-15 20:00:00+00:00,5.613,5.719,5.594,5.689,52394.58
2026-06-15 21:00:00+00:00,5.69,5.739,5.637,5.651,57946.8
2026-06-15 22:00:00+00:00,5.652,5.683,5.498,5.518,81665.41
2026-06-15 23:00:00+00:00,5.518,5.594,5.497,5.578,58270.09
2026-06-16 00:00:00+00:00,5.579,5.626,5.553,5.564,57805.52
2026-06-16 01:00:00+00:00,5.565,5.631,5.559,5.592,40300.55
2026-06-16 02:00:00+00:00,5.591,5.611,5.445,5.538,70082.58
2026-06-16 03:00:00+00:00,5.539,5.72,5.531,5.711,66515.36
2026-06-16 04:00:00+00:00,5.71,5.73,5.555,5.621,59344.96
2026-06-16 05:00:00+00:00,5.62,5.691,5.594,5.596,77098.5
2026-06-16 06:00:00+00:00,5.595,5.756,5.594,5.739,108595.92
2026-06-16 07:00:00+00:00,5.741,5.862,5.727,5.821,304109.84
2026-06-16 08:00:00+00:00,5.82,5.985,5.756,5.92,312376.2
2026-06-16 09:00:00+00:00,5.919,5.977,5.868,5.917,126952.89
2026-06-16 10:00:00+00:00,5.916,6.108,5.902,6.01,226124.35
2026-06-16 11:00:00+00:00,6.01,6.046,5.934,6.027,115495.36
2026-06-16 12:00:00+00:00,6.027,6.032,5.851,5.921,230455.28
2026-06-16 13:00:00+00:00,5.92,5.933,5.766,5.787,216860.78
2026-06-16 14:00:00+00:00,5.787,5.872,5.685,5.692,318448.13
2026-06-16 15:00:00+00:00,5.693,5.693,5.575,5.628,242483.92
2026-06-16 16:00:00+00:00,5.627,5.644,5.52,5.559,184570.04
2026-06-16 17:00:00+00:00,5.56,5.725,5.558,5.724,126647.79
2026-06-16 18:00:00+00:00,5.725,5.752,5.645,5.707,134919.17
2026-06-16 19:00:00+00:00,5.708,5.73,5.656,5.692,96957.44
2026-06-16 20:00:00+00:00,5.691,5.746,5.67,5.713,60649.23
2026-06-16 21:00:00+00:00,5.712,5.72,5.633,5.665,48090.22
2026-06-16 22:00:00+00:00,5.664,5.683,5.579,5.59,68620.06
2026-06-16 23:00:00+00:00,5.591,5.608,5.526,5.545,77255.4
2026-06-17 00:00:00+00:00,5.544,5.587,5.538,5.562,53702.96
2026-06-17 01:00:00+00:00,5.56,5.685,5.554,5.684,62110.69
2026-06-17 02:00:00+00:00,5.684,5.71,5.628,5.647,56103.3
2026-06-17 03:00:00+00:00,5.645,5.648,5.587,5.612,32883.44
2026-06-17 04:00:00+00:00,5.612,5.68,5.598,5.64,42085.1
2026-06-17 05:00:00+00:00,5.641,5.661,5.589,5.61,28896.75
2026-06-17 06:00:00+00:00,5.611,5.624,5.546,5.568,84847.57
2026-06-17 07:00:00+00:00,5.567,5.594,5.474,5.52,101907.27
2026-06-17 08:00:00+00:00,5.52,5.533,5.414,5.421,119754.99
2026-06-17 09:00:00+00:00,5.421,5.476,5.381,5.401,93030.11
2026-06-17 10:00:00+00:00,5.401,5.457,5.377,5.425,60696.7
2026-06-17 11:00:00+00:00,5.425,5.498,5.4,5.419,354310.52
2026-06-17 12:00:00+00:00,5.421,5.449,5.363,5.41,339178.88
2026-06-17 13:00:00+00:00,5.409,5.46,5.377,5.393,93631.27
2026-06-17 14:00:00+00:00,5.392,5.426,5.346,5.38,156882.88
2026-06-17 15:00:00+00:00,5.381,5.544,5.379,5.541,97689.69
2026-06-17 16:00:00+00:00,5.541,5.567,5.474,5.476,75431.56
2026-06-17 17:00:00+00:00,5.477,5.627,5.464,5.627,65937.8
2026-06-17 18:00:00+00:00,5.626,5.626,5.439,5.528,197870.06
2026-06-17 19:00:00+00:00,5.528,5.579,5.363,5.381,123853.57
2026-06-17 20:00:00+00:00,5.38,5.478,5.368,5.474,43784.4
2026-06-17 21:00:00+00:00,5.474,5.532,5.414,5.432,55406.73
2026-06-17 22:00:00+00:00,5.434,5.452,5.277,5.417,98495.8
2026-06-17 23:00:00+00:00,5.417,5.467,5.412,5.447,20894.11
2026-06-18 00:00:00+00:00,5.446,5.511,5.441,5.469,29762.96
2026-06-18 01:00:00+00:00,5.471,5.533,5.418,5.436,26342.85
2026-06-18 02:00:00+00:00,5.437,5.494,5.418,5.418,32070.47
2026-06-18 03:00:00+00:00,5.417,5.42,5.282,5.284,30823.62
2026-06-18 04:00:00+00:00,5.285,5.3,5.229,5.251,82866.86
2026-06-18 05:00:00+00:00,5.249,5.254,5.2,5.235,47211.5
2026-06-18 06:00:00+00:00,5.235,5.267,5.217,5.262,44806.35
2026-06-18 07:00:00+00:00,5.262,5.297,5.24,5.27,52414.07
2026-06-18 08:00:00+00:00,5.27,5.318,5.255,5.281,39099.29
2026-06-18 09:00:00+00:00,5.279,5.31,5.261,5.287,14634.76
2026-06-18 10:00:00+00:00,5.286,5.286,5.205,5.234,42598.91
2026-06-18 11:00:00+00:00,5.234,5.252,5.182,5.2,39939.71
2026-06-18 12:00:00+00:00,5.2,5.261,5.186,5.252,34350.78
2026-06-18 13:00:00+00:00,5.252,5.302,5.192,5.22,42641.38
2026-06-18 14:00:00+00:00,5.221,5.272,5.201,5.217,68314.46
2026-06-18 15:00:00+00:00,5.217,5.244,5.059,5.097,182020.44
2026-06-18 16:00:00+00:00,5.096,5.16,5.087,5.145,84127.88
2026-06-18 17:00:00+00:00,5.146,5.155,5.077,5.133,43528.43
2026-06-18 18:00:00+00:00,5.134,5.192,5.115,5.133,32730.14
2026-06-18 19:00:00+00:00,5.132,5.237,5.13,5.221,31554.05
2026-06-18 20:00:00+00:00,5.222,5.346,5.222,5.323,89115.33
2026-06-18 21:00:00+00:00,5.323,5.34,5.262,5.288,56344.29
2026-06-18 22:00:00+00:00,5.287,5.342,5.281,5.304,27257.7
2026-06-18 23:00:00+00:00,5.303,5.424,5.269,5.406,35125.36
2026-06-19 00:00:00+00:00,5.405,5.406,5.321,5.364,35934.65
2026-06-19 01:00:00+00:00,5.365,5.386,5.309,5.324,19327.48
2026-06-19 02:00:00+00:00,5.323,5.343,5.26,5.282,29982.25
2026-06-19 03:00:00+00:00,5.283,5.289,5.096,5.112,92552.64
2026-06-19 04:00:00+00:00,5.111,5.136,5.037,5.059,59659.73
2026-06-19 05:00:00+00:00,5.061,5.114,5.061,5.114,26894.68
2026-06-19 06:00:00+00:00,5.114,5.131,5.084,5.125,19026.66
2026-06-19 07:00:00+00:00,5.126,5.139,5.039,5.07,40244.0
2026-06-19 08:00:00+00:00,5.07,5.112,5.066,5.088,22980.75
2026-06-19 09:00:00+00:00,5.089,5.12,5.057,5.106,52186.44
2026-06-19 10:00:00+00:00,5.105,5.106,5.039,5.058,35001.25
2026-06-19 11:00:00+00:00,5.058,5.083,5.039,5.046,18628.78
2026-06-19 12:00:00+00:00,5.047,5.092,4.981,5.075,215276.7
2026-06-19 13:00:00+00:00,5.075,5.171,5.059,5.125,90566.32
2026-06-19 14:00:00+00:00,5.124,5.142,5.065,5.069,28501.34
2026-06-19 15:00:00+00:00,5.069,5.138,5.069,5.13,39088.77
2026-06-19 16:00:00+00:00,5.129,5.139,5.029,5.035,86916.39
2026-06-19 17:00:00+00:00,5.036,5.13,5.029,5.095,47227.62
2026-06-19 18:00:00+00:00,5.096,5.105,5.048,5.073,18969.97
2026-06-19 19:00:00+00:00,5.073,5.094,5.051,5.072,28068.63
2026-06-19 20:00:00+00:00,5.073,5.112,5.068,5.106,34484.47
2026-06-19 21:00:00+00:00,5.105,5.108,5.035,5.06,27785.39
2026-06-19 22:00:00+00:00,5.059,5.103,5.048,5.096,31454.96
2026-06-19 23:00:00+00:00,5.097,5.154,5.089,5.132,20289.75
2026-06-20 00:00:00+00:00,5.131,5.16,5.099,5.102,21742.88
2026-06-20 01:00:00+00:00,5.102,5.115,5.082,5.097,15927.38
2026-06-20 02:00:00+00:00,5.095,5.103,5.065,5.073,15064.34
2026-06-20 03:00:00+00:00,5.072,5.086,5.049,5.076,12788.68
2026-06-20 04:00:00+00:00,5.076,5.13,5.064,5.112,28097.88
2026-06-20 05:00:00+00:00,5.113,5.184,5.113,5.147,22173.49
2026-06-20 06:00:00+00:00,5.149,5.169,5.103,5.107,21150.5
2026-06-20 07:00:00+00:00,5.109,5.109,5.065,5.09,27730.58
2026-06-20 08:00:00+00:00,5.089,5.095,5.065,5.077,11864.18
2026-06-20 09:00:00+00:00,5.078,5.164,5.065,5.129,54866.05
2026-06-20 10:00:00+00:00,5.13,5.147,5.082,5.085,24631.34
2026-06-20 11:00:00+00:00,5.087,5.1,5.07,5.074,19361.74
2026-06-20 12:00:00+00:00,5.073,5.116,5.071,5.074,24163.77
2026-06-20 13:00:00+00:00,5.075,5.088,4.94,4.973,132897.16
2026-06-20 14:00:00+00:00,4.972,5.055,4.895,5.002,142761.29
2026-06-20 15:00:00+00:00,5.004,5.06,4.992,5.017,48648.31
2026-06-20 16:00:00+00:00,5.018,5.076,4.978,5.045,62685.07
2026-06-20 17:00:00+00:00,5.044,5.044,4.95,4.994,32648.32
2026-06-20 18:00:00+00:00,4.994,5.009,4.96,4.97,15577.14
2026-06-20 19:00:00+00:00,4.969,4.999,4.96,4.996,19853.48
2026-06-20 20:00:00+00:00,4.998,5.008,4.977,5.005,14310.44
2026-06-20 21:00:00+00:00,5.005,5.047,5.0,5.028,22295.64
2026-06-20 22:00:00+00:00,5.027,5.093,5.017,5.076,26246.32
2026-06-20 23:00:00+00:00,5.077,5.081,5.047,5.056,21139.18
2026-06-21 00:00:00+00:00,5.057,5.076,5.042,5.056,19420.58
2026-06-21 01:00:00+00:00,5.057,5.06,5.029,5.04,12036.47
2026-06-21 02:00:00+00:00,5.039,5.047,4.995,5.027,18334.37
2026-06-21 03:00:00+00:00,5.027,5.089,5.012,5.086,53467.15
2026-06-21 04:00:00+00:00,5.086,5.133,5.06,5.065,69284.8
2026-06-21 05:00:00+00:00,5.064,5.064,5.012,5.027,25836.03
2026-06-21 06:00:00+00:00,5.027,5.047,5.022,5.035,6510.66
2026-06-21 07:00:00+00:00,5.034,5.047,5.011,5.022,33915.26
2026-06-21 08:00:00+00:00,5.022,5.029,4.972,5.013,22663.9
2026-06-21 09:00:00+00:00,5.015,5.031,4.968,5.024,21429.53
2026-06-21 10:00:00+00:00,5.025,5.092,5.021,5.024,37350.94
2026-06-21 11:00:00+00:00,5.025,5.033,4.977,4.983,28335.53
2026-06-21 12:00:00+00:00,4.983,5.021,4.953,5.011,24630.28
2026-06-21 13:00:00+00:00,5.012,5.02,4.994,5.014,10368.2
2026-06-21 14:00:00+00:00,5.016,5.031,4.962,4.983,33817.96
2026-06-21 15:00:00+00:00,4.983,5.025,4.976,5.005,29103.01
2026-06-21 16:00:00+00:00,5.004,5.005,4.91,4.937,116392.55
2026-06-21 17:00:00+00:00,4.937,4.955,4.919,4.926,26810.67
2026-06-21 18:00:00+00:00,4.925,4.948,4.883,4.948,48132.26
2026-06-21 19:00:00+00:00,4.947,4.98,4.941,4.962,11523.75
2026-06-21 20:00:00+00:00,4.962,4.963,4.9,4.913,27874.52
2026-06-21 21:00:00+00:00,4.914,4.919,4.755,4.865,158393.28
2026-06-21 22:00:00+00:00,4.864,4.89,4.846,4.866,26905.93
2026-06-21 23:00:00+00:00,4.866,4.866,4.815,4.819,57284.06
2026-06-22 00:00:00+00:00,4.821,4.908,4.821,4.903,55134.27
2026-06-22 01:00:00+00:00,4.904,5.027,4.893,5.005,59719.26
2026-06-22 02:00:00+00:00,5.004,5.006,4.945,4.945,12532.5
2026-06-22 03:00:00+00:00,4.945,4.98,4.904,4.904,34266.48
2026-06-22 04:00:00+00:00,4.905,4.911,4.876,4.899,39710.58
2026-06-22 05:00:00+00:00,4.898,4.924,4.888,4.915,22019.47
2026-06-22 06:00:00+00:00,4.916,4.917,4.866,4.886,20053.4
2026-06-22 07:00:00+00:00,4.887,4.94,4.879,4.91,20926.8
2026-06-22 08:00:00+00:00,4.911,4.922,4.88,4.905,15911.24
2026-06-22 09:00:00+00:00,4.906,4.907,4.876,4.879,10089.24
2026-06-22 10:00:00+00:00,4.878,4.904,4.877,4.894,16456.46
2026-06-22 11:00:00+00:00,4.896,4.95,4.889,4.947,43758.05
2026-06-22 12:00:00+00:00,4.946,4.986,4.936,4.986,40998.31
2026-06-22 13:00:00+00:00,4.987,5.019,4.961,5.015,64348.97
2026-06-22 14:00:00+00:00,5.015,5.019,4.872,4.887,63570.05
2026-06-22 15:00:00+00:00,4.888,4.902,4.816,4.828,70986.56
2026-06-22 16:00:00+00:00,4.829,4.875,4.791,4.864,66091.35
2026-06-22 17:00:00+00:00,4.864,4.896,4.837,4.885,21892.23
2026-06-22 18:00:00+00:00,4.886,4.916,4.851,4.856,25200.64
2026-06-22 19:00:00+00:00,4.857,4.898,4.832,4.852,75070.91
2026-06-22 20:00:00+00:00,4.854,4.877,4.839,4.874,26885.29
2026-06-22 21:00:00+00:00,4.873,4.884,4.815,4.839,30244.27
2026-06-22 22:00:00+00:00,4.84,4.851,4.764,4.804,30663.4
2026-06-22 23:00:00+00:00,4.804,4.828,4.777,4.82,57289.73
2026-06-23 00:00:00+00:00,4.819,4.827,4.751,4.808,56112.36
2026-06-23 01:00:00+00:00,4.807,4.819,4.762,4.807,14796.08
2026-06-23 02:00:00+00:00,4.806,4.821,4.782,4.81,12033.04
2026-06-23 03:00:00+00:00,4.81,4.843,4.79,4.841,15367.26
2026-06-23 04:00:00+00:00,4.841,4.873,4.624,4.66,245141.68
2026-06-23 05:00:00+00:00,4.659,4.677,4.629,4.648,77982.68
2026-06-23 06:00:00+00:00,4.648,4.648,4.562,4.603,113895.51
2026-06-23 07:00:00+00:00,4.602,4.644,4.598,4.612,24305.28
2026-06-23 08:00:00+00:00,4.612,4.639,4.527,4.581,104271.75
2026-06-23 09:00:00+00:00,4.582,4.603,4.578,4.588,22187.95
2026-06-23 10:00:00+00:00,4.588,4.598,4.554,4.558,31108.13
2026-06-23 11:00:00+00:00,4.558,4.613,4.558,4.608,35499.98
2026-06-23 12:00:00+00:00,4.608,4.617,4.521,4.558,52836.54
2026-06-23 13:00:00+00:00,4.557,4.593,4.52,4.567,33208.38
2026-06-23 14:00:00+00:00,4.568,4.603,4.542,4.55,29191.95
2026-06-23 15:00:00+00:00,4.549,4.563,4.508,4.533,40763.98
2026-06-23 16:00:00+00:00,4.533,4.567,4.511,4.536,18847.07
2026-06-23 17:00:00+00:00,4.535,4.548,4.509,4.518,15133.46
2026-06-23 18:00:00+00:00,4.518,4.546,4.515,4.542,5395.28
2026-06-23 19:00:00+00:00,4.542,4.587,4.538,4.571,22747.44
2026-06-23 20:00:00+00:00,4.572,4.612,4.565,4.607,15122.49
2026-06-23 21:00:00+00:00,4.606,4.627,4.581,4.587,18178.76
2026-06-23 22:00:00+00:00,4.586,4.61,4.555,4.558,15814.91
2026-06-23 23:00:00+00:00,4.558,4.563,4.528,4.547,10956.23
2026-06-24 00:00:00+00:00,4.548,4.59,4.546,4.571,36573.93
2026-06-24 01:00:00+00:00,4.572,4.581,4.531,4.548,36160.25
2026-06-24 02:00:00+00:00,4.549,4.557,4.52,4.524,12683.81
2026-06-24 03:00:00+00:00,4.525,4.535,4.481,4.523,37144.25
2026-06-24 04:00:00+00:00,4.524,4.527,4.468,4.516,28151.03
2026-06-24 05:00:00+00:00,4.517,4.552,4.515,4.538,10143.5
2026-06-24 06:00:00+00:00,4.539,4.548,4.518,4.544,11307.94
2026-06-24 07:00:00+00:00,4.542,4.549,4.513,4.519,9030.54
2026-06-24 08:00:00+00:00,4.52,4.535,4.508,4.519,15312.34
2026-06-24 09:00:00+00:00,4.519,4.526,4.489,4.49,29515.25
2026-06-24 10:00:00+00:00,4.491,4.5,4.452,4.455,34982.4
2026-06-24 11:00:00+00:00,4.456,4.461,4.28,4.337,271138.04
2026-06-24 12:00:00+00:00,4.338,4.377,4.311,4.348,43902.03
2026-06-24 13:00:00+00:00,4.349,4.398,4.264,4.301,165897.09
2026-06-24 14:00:00+00:00,4.301,4.372,4.283,4.35,85623.2
2026-06-24 15:00:00+00:00,4.351,4.352,4.25,4.265,69417.06
2026-06-24 16:00:00+00:00,4.264,4.339,4.196,4.211,111673.95
2026-06-24 17:00:00+00:00,4.211,4.265,4.126,4.167,119315.11
2026-06-24 18:00:00+00:00,4.167,4.308,4.159,4.232,81066.89
2026-06-24 19:00:00+00:00,4.232,4.263,4.22,4.252,32473.99
2026-06-24 20:00:00+00:00,4.252,4.355,4.247,4.298,116218.94
2026-06-24 21:00:00+00:00,4.298,4.301,4.254,4.291,74342.33
2026-06-24 22:00:00+00:00,4.291,4.303,4.207,4.228,71164.33
2026-06-24 23:00:00+00:00,4.228,4.277,4.225,4.264,25056.1
2026-06-25 00:00:00+00:00,4.265,4.273,4.203,4.214,59606.78
2026-06-25 01:00:00+00:00,4.214,4.23,4.198,4.207,23706.16
2026-06-25 02:00:00+00:00,4.206,4.216,4.18,4.19,22817.26
2026-06-25 03:00:00+00:00,4.19,4.192,4.154,4.157,34289.95
2026-06-25 04:00:00+00:00,4.158,4.237,4.15,4.227,74811.8
2026-06-25 05:00:00+00:00,4.226,4.283,4.221,4.233,41650.58
2026-06-25 06:00:00+00:00,4.233,4.272,4.207,4.249,72671.14
2026-06-25 07:00:00+00:00,4.249,4.295,4.174,4.263,284707.29
2026-06-25 08:00:00+00:00,4.263,4.294,4.215,4.229,86610.39
2026-06-25 09:00:00+00:00,4.23,4.289,4.221,4.254,123769.38
2026-06-25 10:00:00+00:00,4.254,4.265,4.214,4.221,205024.01
2026-06-25 11:00:00+00:00,4.221,4.225,4.149,4.17,228151.44
2026-06-25 12:00:00+00:00,4.171,4.308,4.159,4.307,151390.42
2026-06-25 13:00:00+00:00,4.308,4.341,4.036,4.061,395431.36
2026-06-25 14:00:00+00:00,4.062,4.308,4.062,4.286,329369.98
2026-06-25 15:00:00+00:00,4.285,4.285,4.148,4.221,123865.48
2026-06-25 16:00:00+00:00,4.222,4.262,4.104,4.117,158441.01
2026-06-25 17:00:00+00:00,4.117,4.21,4.112,4.202,140751.67
2026-06-25 18:00:00+00:00,4.203,4.255,4.153,4.195,74387.56
2026-06-25 19:00:00+00:00,4.195,4.244,4.164,4.2,60045.96
2026-06-25 20:00:00+00:00,4.201,4.25,4.196,4.212,62820.5
2026-06-25 21:00:00+00:00,4.212,4.281,4.21,4.269,47858.65
2026-06-25 22:00:00+00:00,4.267,4.295,4.259,4.277,37593.72
2026-06-25 23:00:00+00:00,4.276,4.327,4.241,4.278,56460.6
2026-06-26 00:00:00+00:00,4.279,4.351,4.275,4.317,113795.53
2026-06-26 01:00:00+00:00,4.317,4.332,4.258,4.313,45646.74
2026-06-26 02:00:00+00:00,4.315,4.322,4.183,4.279,98598.28
2026-06-26 03:00:00+00:00,4.28,4.461,4.215,4.448,239914.22
2026-06-26 04:00:00+00:00,4.449,4.483,4.366,4.369,98158.96
2026-06-26 05:00:00+00:00,4.369,4.462,4.345,4.42,81629.86
2026-06-26 06:00:00+00:00,4.42,4.512,4.384,4.46,159739.99
2026-06-26 07:00:00+00:00,4.46,4.501,4.446,4.485,81265.36
2026-06-26 08:00:00+00:00,4.484,4.594,4.468,4.563,158917.94
2026-06-26 09:00:00+00:00,4.564,4.575,4.465,4.465,90697.0
2026-06-26 10:00:00+00:00,4.466,4.544,4.45,4.523,74511.79
2026-06-26 11:00:00+00:00,4.524,4.564,4.462,4.473,75013.99
2026-06-26 12:00:00+00:00,4.474,4.568,4.473,4.503,70452.81
2026-06-26 13:00:00+00:00,4.504,4.597,4.473,4.593,88286.29
2026-06-26 14:00:00+00:00,4.592,4.654,4.553,4.591,114475.72
2026-06-26 15:00:00+00:00,4.592,4.731,4.588,4.704,135722.55
2026-06-26 16:00:00+00:00,4.703,4.807,4.67,4.779,229212.57
2026-06-26 17:00:00+00:00,4.779,4.838,4.74,4.771,140629.48
2026-06-26 18:00:00+00:00,4.772,4.781,4.712,4.763,97638.4
2026-06-26 19:00:00+00:00,4.764,4.913,4.756,4.825,166987.55
2026-06-26 20:00:00+00:00,4.824,4.908,4.734,4.756,100488.78
2026-06-26 21:00:00+00:00,4.754,4.781,4.722,4.749,97826.31
2026-06-26 22:00:00+00:00,4.749,4.854,4.727,4.837,128009.65
2026-06-26 23:00:00+00:00,4.838,4.885,4.818,4.875,50522.64
2026-06-27 00:00:00+00:00,4.875,4.943,4.842,4.939,91559.23
2026-06-27 01:00:00+00:00,4.94,4.953,4.866,4.904,45145.15
2026-06-27 02:00:00+00:00,4.905,4.972,4.896,4.935,77217.29
2026-06-27 03:00:00+00:00,4.935,4.94,4.856,4.863,45660.84
2026-06-27 04:00:00+00:00,4.864,4.908,4.835,4.842,32028.65
2026-06-27 05:00:00+00:00,4.841,4.914,4.797,4.908,50583.88
2026-06-27 06:00:00+00:00,4.909,4.985,4.874,4.95,89400.62
2026-06-27 07:00:00+00:00,4.951,5.052,4.918,5.046,133710.19
2026-06-27 08:00:00+00:00,5.047,5.077,4.987,4.988,81628.19
2026-06-27 09:00:00+00:00,4.988,4.998,4.934,4.951,41187.6
2026-06-27 10:00:00+00:00,4.95,4.983,4.932,4.962,45197.39
2026-06-27 11:00:00+00:00,4.962,4.964,4.82,4.86,156049.59
2026-06-27 12:00:00+00:00,4.861,4.874,4.843,4.868,39009.67
2026-06-27 13:00:00+00:00,4.87,4.95,4.854,4.948,62833.67
2026-06-27 14:00:00+00:00,4.949,4.984,4.911,4.916,76937.26
2026-06-27 15:00:00+00:00,4.917,4.934,4.89,4.895,24491.18
2026-06-27 16:00:00+00:00,4.894,4.899,4.82,4.851,62654.05
2026-06-27 17:00:00+00:00,4.85,4.85,4.79,4.812,56526.5
2026-06-27 18:00:00+00:00,4.813,4.825,4.791,4.8,21629.44
2026-06-27 19:00:00+00:00,4.799,4.809,4.729,4.756,84813.55
2026-06-27 20:00:00+00:00,4.756,4.788,4.754,4.768,28741.82
2026-06-27 21:00:00+00:00,4.768,4.819,4.747,4.771,66273.44
2026-06-27 22:00:00+00:00,4.77,4.77,4.661,4.681,142601.46
2026-06-27 23:00:00+00:00,4.682,4.712,4.625,4.636,43207.62
2026-06-28 00:00:00+00:00,4.635,4.709,4.632,4.667,30309.18
2026-06-28 01:00:00+00:00,4.669,4.703,4.649,4.685,26382.88
2026-06-28 02:00:00+00:00,4.685,4.702,4.645,4.665,36824.56
2026-06-28 03:00:00+00:00,4.665,4.709,4.662,4.697,23543.3
2026-06-28 04:00:00+00:00,4.698,4.738,4.684,4.705,27513.5
2026-06-28 05:00:00+00:00,4.704,4.704,4.665,4.697,38601.24
2026-06-28 06:00:00+00:00,4.697,4.773,4.637,4.768,43937.79
2026-06-28 07:00:00+00:00,4.768,4.783,4.728,4.734,51958.35
2026-06-28 08:00:00+00:00,4.734,4.763,4.711,4.731,17086.08
2026-06-28 09:00:00+00:00,4.73,4.759,4.68,4.681,16824.87
2026-06-28 10:00:00+00:00,4.681,4.711,4.679,4.698,34998.96
2026-06-28 11:00:00+00:00,4.699,4.72,4.672,4.688,10384.58
2026-06-28 12:00:00+00:00,4.687,4.698,4.637,4.643,43010.84
2026-06-28 13:00:00+00:00,4.643,4.691,4.605,4.648,66429.59
2026-06-28 14:00:00+00:00,4.648,4.674,4.636,4.64,27793.26
2026-06-28 15:00:00+00:00,4.64,4.653,4.612,4.627,10777.09
2026-06-28 16:00:00+00:00,4.628,4.628,4.565,4.577,51542.72
2026-06-28 17:00:00+00:00,4.576,4.6,4.561,4.597,30082.82
2026-06-28 18:00:00+00:00,4.596,4.602,4.572,4.595,9941.4
2026-06-28 19:00:00+00:00,4.594,4.617,4.573,4.59,10439.59
2026-06-28 20:00:00+00:00,4.589,4.632,4.585,4.599,11010.61
2026-06-28 21:00:00+00:00,4.6,4.608,4.541,4.559,13974.78
2026-06-28 22:00:00+00:00,4.56,4.606,4.514,4.545,41484.84
2026-06-28 23:00:00+00:00,4.543,4.578,4.534,4.555,16206.13
2026-06-29 00:00:00+00:00,4.556,4.617,4.535,4.613,43410.56
2026-06-29 01:00:00+00:00,4.612,4.619,4.578,4.593,19078.29
2026-06-29 02:00:00+00:00,4.592,4.596,4.542,4.589,13379.01
2026-06-29 03:00:00+00:00,4.59,4.636,4.589,4.624,23619.41
2026-06-29 04:00:00+00:00,4.625,4.697,4.603,4.644,181261.99
2026-06-29 05:00:00+00:00,4.645,4.65,4.57,4.637,46281.02
2026-06-29 06:00:00+00:00,4.638,4.706,4.636,4.702,63300.92
2026-06-29 07:00:00+00:00,4.701,4.727,4.679,4.705,30258.0
2026-06-29 08:00:00+00:00,4.705,4.768,4.668,4.678,303833.83
2026-06-29 09:00:00+00:00,4.677,4.723,4.663,4.708,33165.64
2026-06-29 10:00:00+00:00,4.709,4.717,4.672,4.686,20900.26
2026-06-29 11:00:00+00:00,4.685,4.704,4.641,4.662,41146.62
2026-06-29 12:00:00+00:00,4.663,4.731,4.631,4.679,46849.04
2026-06-29 13:00:00+00:00,4.68,4.758,4.68,4.715,52101.41
2026-06-29 14:00:00+00:00,4.716,4.803,4.672,4.787,64312.17
2026-06-29 15:00:00+00:00,4.787,4.851,4.713,4.817,96071.66
2026-06-29 16:00:00+00:00,4.817,4.818,4.726,4.746,59139.36
2026-06-29 17:00:00+00:00,4.745,4.826,4.742,4.805,37566.03
2026-06-29 18:00:00+00:00,4.804,4.804,4.733,4.734,45456.42
2026-06-29 19:00:00+00:00,4.735,4.737,4.703,4.716,29998.47
2026-06-29 20:00:00+00:00,4.717,4.717,4.677,4.688,27054.51
2026-06-29 21:00:00+00:00,4.688,4.728,4.684,4.705,39339.15
2026-06-29 22:00:00+00:00,4.706,4.734,4.701,4.706,32230.65
2026-06-29 23:00:00+00:00,4.706,4.732,4.706,4.731,15194.93
2026-06-30 00:00:00+00:00,4.73,4.731,4.69,4.707,17501.81
2026-06-30 01:00:00+00:00,4.706,4.709,4.65,4.685,41202.19
2026-06-30 02:00:00+00:00,4.685,4.685,4.647,4.68,11697.61
2026-06-30 03:00:00+00:00,4.68,4.774,4.68,4.731,40098.62
2026-06-30 04:00:00+00:00,4.73,4.816,4.723,4.762,53930.16
2026-06-30 05:00:00+00:00,4.763,4.774,4.719,4.726,30531.98
2026-06-30 06:00:00+00:00,4.726,4.735,4.708,4.711,14576.55
2026-06-30 07:00:00+00:00,4.712,4.714,4.682,4.709,12577.35
2026-06-30 08:00:00+00:00,4.708,4.713,4.617,4.664,60871.95
2026-06-30 09:00:00+00:00,4.663,4.678,4.603,4.633,27026.25
2026-06-30 10:00:00+00:00,4.633,4.641,4.604,4.618,36390.94
2026-06-30 11:00:00+00:00,4.617,4.629,4.56,4.596,75139.97
2026-06-30 12:00:00+00:00,4.598,4.598,4.518,4.562,76569.4
2026-06-30 13:00:00+00:00,4.563,4.63,4.556,4.62,41790.26
2026-06-30 14:00:00+00:00,4.62,4.65,4.591,4.6,29304.62
2026-06-30 15:00:00+00:00,4.6,4.627,4.58,4.594,20013.3
2026-06-30 16:00:00+00:00,4.595,4.629,4.573,4.613,29555.16
2026-06-30 17:00:00+00:00,4.614,4.646,4.599,4.6,28458.96
2026-06-30 18:00:00+00:00,4.598,4.663,4.59,4.662,19371.21
2026-06-30 19:00:00+00:00,4.661,4.706,4.641,4.642,38653.64
2026-06-30 20:00:00+00:00,4.641,4.7,4.639,4.689,36143.66
2026-06-30 21:00:00+00:00,4.689,4.702,4.602,4.611,39722.93
2026-06-30 22:00:00+00:00,4.611,4.635,4.54,4.55,56481.65
2026-06-30 23:00:00+00:00,4.55,4.56,4.545,4.552,11344.27
2026-07-01 00:00:00+00:00,4.553,4.597,4.55,4.559,33079.28
2026-07-01 01:00:00+00:00,4.56,4.608,4.485,4.599,61645.9
2026-07-01 02:00:00+00:00,4.599,4.756,4.582,4.718,63060.45
2026-07-01 03:00:00+00:00,4.717,4.72,4.635,4.71,43965.65
2026-07-01 04:00:00+00:00,4.71,4.735,4.699,4.715,33292.1
2026-07-01 05:00:00+00:00,4.716,4.722,4.672,4.694,8604.36
2026-07-01 06:00:00+00:00,4.695,4.697,4.617,4.631,23830.6
2026-07-01 07:00:00+00:00,4.632,4.681,4.62,4.632,46038.81
2026-07-01 08:00:00+00:00,4.632,4.637,4.59,4.623,29474.17
2026-07-01 09:00:00+00:00,4.624,4.69,4.613,4.663,45262.58
2026-07-01 10:00:00+00:00,4.665,4.67,4.611,4.649,26633.92
2026-07-01 11:00:00+00:00,4.65,4.688,4.645,4.676,43778.3
2026-07-01 12:00:00+00:00,4.676,4.701,4.647,4.659,39144.94
2026-07-01 13:00:00+00:00,4.659,4.727,4.643,4.725,70751.13
2026-07-01 14:00:00+00:00,4.724,4.798,4.711,4.798,74182.5
2026-07-01 15:00:00+00:00,4.798,4.84,4.755,4.826,68376.34
2026-07-01 16:00:00+00:00,4.825,4.876,4.787,4.8,69817.92
2026-07-01 17:00:00+00:00,4.8,4.802,4.743,4.757,36796.12
2026-07-01 18:00:00+00:00,4.758,4.773,4.702,4.719,25701.75
2026-07-01 19:00:00+00:00,4.72,4.742,4.703,4.711,21314.13
2026-07-01 20:00:00+00:00,4.711,4.765,4.68,4.75,40364.39
2026-07-01 21:00:00+00:00,4.751,4.811,4.751,4.764,34273.52
2026-07-01 22:00:00+00:00,4.764,4.797,4.643,4.65,116981.26
2026-07-01 23:00:00+00:00,4.649,4.652,4.458,4.496,198847.17
2026-07-02 00:00:00+00:00,4.496,4.507,4.431,4.488,101724.19
2026-07-02 01:00:00+00:00,4.489,4.532,4.463,4.49,74712.46
2026-07-02 02:00:00+00:00,4.49,4.554,4.476,4.549,64684.54
2026-07-02 03:00:00+00:00,4.55,4.597,4.541,4.594,46900.54
2026-07-02 04:00:00+00:00,4.595,4.603,4.549,4.599,60963.05
2026-07-02 05:00:00+00:00,4.599,4.615,4.584,4.59,30495.69
2026-07-02 06:00:00+00:00,4.589,4.589,4.497,4.532,77372.96
2026-07-02 07:00:00+00:00,4.534,4.641,4.523,4.605,88980.04
2026-07-02 08:00:00+00:00,4.605,4.631,4.573,4.574,66305.62
2026-07-02 09:00:00+00:00,4.574,4.607,4.532,4.581,35522.37
2026-07-02 10:00:00+00:00,4.58,4.583,4.546,4.554,46635.38
2026-07-02 11:00:00+00:00,4.554,4.556,4.514,4.551,86181.4
2026-07-02 12:00:00+00:00,4.551,4.606,4.539,4.582,94390.3
2026-07-02 13:00:00+00:00,4.583,4.732,4.566,4.731,126616.78
2026-07-02 14:00:00+00:00,4.732,4.733,4.609,4.618,101382.81
2026-07-02 15:00:00+00:00,4.617,4.641,4.592,4.607,22344.18
2026-07-02 16:00:00+00:00,4.608,4.646,4.593,4.599,20708.31
2026-07-02 17:00:00+00:00,4.598,4.644,4.593,4.622,38132.8
2026-07-02 18:00:00+00:00,4.623,4.65,4.615,4.623,17713.32
2026-07-02 19:00:00+00:00,4.623,4.658,4.596,4.639,34294.55
2026-07-02 20:00:00+00:00,4.64,4.677,4.6,4.607,27399.12
2026-07-02 21:00:00+00:00,4.606,4.654,4.598,4.631,31104.84
2026-07-02 22:00:00+00:00,4.628,4.64,4.597,4.631,18168.22
2026-07-02 23:00:00+00:00,4.63,4.652,4.607,4.625,11755.45
2026-07-03 00:00:00+00:00,4.626,4.759,4.623,4.689,77126.76
2026-07-03 01:00:00+00:00,4.688,4.795,4.683,4.792,49807.62
2026-07-03 02:00:00+00:00,4.793,4.824,4.72,4.739,85360.97
2026-07-03 03:00:00+00:00,4.738,4.755,4.695,4.745,15935.87
2026-07-03 04:00:00+00:00,4.745,4.756,4.698,4.699,13223.28
2026-07-03 05:00:00+00:00,4.698,4.756,4.694,4.708,31898.95
2026-07-03 06:00:00+00:00,4.707,4.754,4.706,4.75,21190.52
2026-07-03 07:00:00+00:00,4.75,4.791,4.737,4.766,34425.86
2026-07-03 08:00:00+00:00,4.767,4.789,4.756,4.77,27586.85
2026-07-03 09:00:00+00:00,4.77,4.794,4.753,4.789,13359.78
2026-07-03 10:00:00+00:00,4.789,4.883,4.784,4.838,83336.69
2026-07-03 11:00:00+00:00,4.838,4.934,4.823,4.922,112198.5
2026-07-03 12:00:00+00:00,4.922,4.938,4.858,4.886,49457.12
2026-07-03 13:00:00+00:00,4.886,4.911,4.864,4.888,30372.82
2026-07-03 14:00:00+00:00,4.89,4.894,4.822,4.881,52427.68
2026-07-03 15:00:00+00:00,4.881,4.897,4.837,4.856,37419.19
2026-07-03 16:00:00+00:00,4.856,4.934,4.828,4.928,44827.33
2026-07-03 17:00:00+00:00,4.929,4.931,4.889,4.915,36114.34
2026-07-03 18:00:00+00:00,4.916,4.919,4.877,4.887,22033.75
2026-07-03 19:00:00+00:00,4.886,4.908,4.863,4.868,29845.59
2026-07-03 20:00:00+00:00,4.867,4.911,4.851,4.897,46643.1
2026-07-03 21:00:00+00:00,4.898,4.908,4.836,4.892,23040.4
2026-07-03 22:00:00+00:00,4.893,4.896,4.857,4.868,12550.4
2026-07-03 23:00:00+00:00,4.868,4.874,4.853,4.863,10707.86
2026-07-04 00:00:00+00:00,4.862,4.901,4.838,4.868,42327.68
2026-07-04 01:00:00+00:00,4.869,4.87,4.785,4.821,67284.67
2026-07-04 02:00:00+00:00,4.821,4.865,4.814,4.85,22360.83
2026-07-04 03:00:00+00:00,4.85,4.95,4.844,4.902,30205.04
2026-07-04 04:00:00+00:00,4.902,4.935,4.887,4.926,21593.41
2026-07-04 05:00:00+00:00,4.925,4.925,4.866,4.899,18790.69
2026-07-04 06:00:00+00:00,4.898,4.934,4.854,4.864,16624.68
2026-07-04 07:00:00+00:00,4.865,4.87,4.767,4.81,66329.72
2026-07-04 08:00:00+00:00,4.809,4.824,4.775,4.815,31673.86
2026-07-04 09:00:00+00:00,4.815,4.821,4.747,4.766,39031.1
2026-07-04 10:00:00+00:00,4.765,4.8,4.756,4.798,19096.48
2026-07-04 11:00:00+00:00,4.797,4.806,4.78,4.788,8818.14
2026-07-04 12:00:00+00:00,4.788,4.826,4.786,4.807,17214.81
2026-07-04 13:00:00+00:00,4.807,4.833,4.763,4.789,28721.35
2026-07-04 14:00:00+00:00,4.789,4.809,4.779,4.809,22749.74
2026-07-04 15:00:00+00:00,4.81,4.872,4.803,4.863,54132.99
2026-07-04 16:00:00+00:00,4.862,4.882,4.823,4.829,38760.2
2026-07-04 17:00:00+00:00,4.83,4.884,4.8,4.879,33531.67
2026-07-04 18:00:00+00:00,4.88,4.88,4.844,4.868,34714.51
2026-07-04 19:00:00+00:00,4.867,4.879,4.84,4.857,10035.25
2026-07-04 20:00:00+00:00,4.857,4.873,4.82,4.846,8806.4
2026-07-04 21:00:00+00:00,4.846,4.86,4.83,4.831,6319.19
2026-07-04 22:00:00+00:00,4.83,4.849,4.829,4.846,11629.34
2026-07-04 23:00:00+00:00,4.846,4.846,4.788,4.809,29058.18
2026-07-05 00:00:00+00:00,4.809,4.814,4.776,4.785,22713.81
2026-07-05 01:00:00+00:00,4.786,4.8,4.75,4.799,56839.84
2026-07-05 02:00:00+00:00,4.799,4.802,4.681,4.738,63773.55
2026-07-05 03:00:00+00:00,4.738,4.747,4.704,4.719,17244.48
2026-07-05 04:00:00+00:00,4.719,4.749,4.702,4.729,20116.81
2026-07-05 05:00:00+00:00,4.729,4.732,4.683,4.699,25618.41
2026-07-05 06:00:00+00:00,4.699,4.704,4.68,4.697,14252.33
2026-07-05 07:00:00+00:00,4.696,4.743,4.695,4.733,13330.25
2026-07-05 08:00:00+00:00,4.733,4.736,4.705,4.722,14469.52
2026-07-05 09:00:00+00:00,4.723,4.731,4.653,4.66,84658.49
2026-07-05 10:00:00+00:00,4.662,4.676,4.597,4.665,93150.61
2026-07-05 11:00:00+00:00,4.666,4.673,4.646,4.646,6852.35
2026-07-05 12:00:00+00:00,4.647,4.677,4.623,4.662,12287.05
2026-07-05 13:00:00+00:00,4.661,4.686,4.659,4.684,8575.14
2026-07-05 14:00:00+00:00,4.686,4.688,4.651,4.674,7409.23
2026-07-05 15:00:00+00:00,4.673,4.697,4.653,4.663,16834.78
2026-07-05 16:00:00+00:00,4.662,4.669,4.632,4.648,16731.31
2026-07-05 17:00:00+00:00,4.649,4.674,4.639,4.648,5908.37
2026-07-05 18:00:00+00:00,4.648,4.698,4.645,4.68,10029.64
2026-07-05 19:00:00+00:00,4.679,4.708,4.669,4.687,19536.05
2026-07-05 20:00:00+00:00,4.687,4.713,4.682,4.713,9649.49
2026-07-05 21:00:00+00:00,4.714,4.778,4.702,4.757,29522.24
2026-07-05 22:00:00+00:00,4.758,4.823,4.748,4.795,92372.3
2026-07-05 23:00:00+00:00,4.795,4.835,4.787,4.814,17001.78
2026-07-06 00:00:00+00:00,4.814,4.864,4.743,4.858,48737.82
2026-07-06 01:00:00+00:00,4.858,4.894,4.774,4.787,68105.79
2026-07-06 02:00:00+00:00,4.787,4.843,4.767,4.826,23441.98
2026-07-06 03:00:00+00:00,4.825,4.899,4.803,4.899,55917.88
2026-07-06 04:00:00+00:00,4.899,4.905,4.822,4.833,49716.67
2026-07-06 05:00:00+00:00,4.834,4.837,4.76,4.79,33198.39
2026-07-06 06:00:00+00:00,4.791,4.837,4.763,4.822,22269.24
2026-07-06 07:00:00+00:00,4.821,4.862,4.799,4.846,32422.42
2026-07-06 08:00:00+00:00,4.845,4.854,4.779,4.8,20336.51
2026-07-06 09:00:00+00:00,4.8,4.8,4.763,4.796,18505.94
2026-07-06 10:00:00+00:00,4.797,4.877,4.796,4.872,47690.12
2026-07-06 11:00:00+00:00,4.873,4.883,4.791,4.795,29382.99
2026-07-06 12:00:00+00:00,4.796,4.8,4.706,4.711,180936.72
2026-07-06 13:00:00+00:00,4.71,4.771,4.677,4.756,61126.32
2026-07-06 14:00:00+00:00,4.756,4.821,4.735,4.797,24468.11
2026-07-06 15:00:00+00:00,4.798,4.892,4.771,4.881,71220.79
2026-07-06 16:00:00+00:00,4.881,4.9,4.835,4.889,81481.73
2026-07-06 17:00:00+00:00,4.889,4.95,4.879,4.917,87430.11
2026-07-06 18:00:00+00:00,4.917,4.982,4.915,4.957,44460.53
2026-07-06 19:00:00+00:00,4.956,4.985,4.857,4.89,78088.5
2026-07-06 20:00:00+00:00,4.891,4.899,4.844,4.846,19262.36
2026-07-06 21:00:00+00:00,4.847,4.955,4.839,4.903,48050.47
2026-07-06 22:00:00+00:00,4.904,4.916,4.835,4.849,18425.29
2026-07-06 23:00:00+00:00,4.848,4.86,4.811,4.818,14259.99
2026-07-07 00:00:00+00:00,4.819,4.853,4.805,4.82,19956.52
2026-07-07 01:00:00+00:00,4.819,4.834,4.782,4.823,56389.16
2026-07-07 02:00:00+00:00,4.823,4.833,4.748,4.757,19344.75
2026-07-07 03:00:00+00:00,4.757,4.762,4.74,4.751,36692.97
2026-07-07 04:00:00+00:00,4.751,4.791,4.744,4.766,40674.96
2026-07-07 05:00:00+00:00,4.765,4.768,4.724,4.756,24553.69
2026-07-07 06:00:00+00:00,4.757,4.775,4.739,4.767,8374.86
2026-07-07 07:00:00+00:00,4.766,4.778,4.745,4.758,10423.98
2026-07-07 08:00:00+00:00,4.76,4.775,4.739,4.752,22190.7
2026-07-07 09:00:00+00:00,4.753,4.77,4.751,4.754,4291.66
2026-07-07 10:00:00+00:00,4.753,4.782,4.739,4.744,12650.6
2026-07-07 11:00:00+00:00,4.743,4.761,4.729,4.761,13807.08
2026-07-07 12:00:00+00:00,4.762,4.8,4.746,4.746,24063.66
2026-07-07 13:00:00+00:00,4.746,4.756,4.68,4.7,98402.93
2026-07-07 14:00:00+00:00,4.699,4.743,4.673,4.735,57363.62
2026-07-07 15:00:00+00:00,4.734,4.872,4.712,4.871,90990.41
2026-07-07 16:00:00+00:00,4.871,4.889,4.821,4.836,124178.05
2026-07-07 17:00:00+00:00,4.836,4.848,4.796,4.822,40809.51
2026-07-07 18:00:00+00:00,4.823,4.843,4.722,4.734,120910.24
2026-07-07 19:00:00+00:00,4.735,4.759,4.69,4.757,38833.04
2026-07-07 20:00:00+00:00,4.758,4.782,4.722,4.734,43107.83
2026-07-07 21:00:00+00:00,4.735,4.765,4.709,4.713,13134.95
2026-07-07 22:00:00+00:00,4.71,4.727,4.635,4.716,79992.94
2026-07-07 23:00:00+00:00,4.716,4.736,4.715,4.724,16445.04
2026-07-08 00:00:00+00:00,4.725,4.776,4.725,4.775,21345.46
2026-07-08 01:00:00+00:00,4.775,4.779,4.701,4.719,27708.49
2026-07-08 02:00:00+00:00,4.718,4.718,4.637,4.684,66966.75
2026-07-08 03:00:00+00:00,4.685,4.733,4.672,4.675,17983.6
2026-07-08 04:00:00+00:00,4.676,4.696,4.658,4.672,9025.65
2026-07-08 05:00:00+00:00,4.672,4.699,4.661,4.67,11638.19
2026-07-08 06:00:00+00:00,4.672,4.674,4.623,4.666,43861.49
2026-07-08 07:00:00+00:00,4.667,4.739,4.644,4.735,33351.21
2026-07-08 08:00:00+00:00,4.736,4.769,4.618,4.637,94111.28
2026-07-08 09:00:00+00:00,4.638,4.649,4.603,4.614,36420.94
2026-07-08 10:00:00+00:00,4.615,4.633,4.57,4.613,68972.02
2026-07-08 11:00:00+00:00,4.611,4.658,4.583,4.617,42626.78
2026-07-08 12:00:00+00:00,4.618,4.624,4.533,4.562,46880.92
2026-07-08 13:00:00+00:00,4.561,4.621,4.552,4.618,33380.02
2026-07-08 14:00:00+00:00,4.619,4.644,4.584,4.625,34593.07
2026-07-08 15:00:00+00:00,4.626,4.672,4.61,4.671,78304.49
2026-07-08 16:00:00+00:00,4.671,4.737,4.659,4.735,39871.52
2026-07-08 17:00:00+00:00,4.734,4.746,4.619,4.646,94981.47
2026-07-08 18:00:00+00:00,4.645,4.668,4.614,4.63,18970.07
2026-07-08 19:00:00+00:00,4.63,4.659,4.63,4.648,6539.17
2026-07-08 20:00:00+00:00,4.65,4.665,4.61,4.613,6119.49
2026-07-08 21:00:00+00:00,4.613,4.652,4.608,4.645,7244.77
2026-07-08 22:00:00+00:00,4.645,4.683,4.645,4.671,17688.99
2026-07-08 23:00:00+00:00,4.67,4.744,4.662,4.74,32869.55
2026-07-09 00:00:00+00:00,4.74,4.85,4.705,4.848,117623.52
2026-07-09 01:00:00+00:00,4.847,4.88,4.799,4.815,87361.19
2026-07-09 02:00:00+00:00,4.815,4.875,4.792,4.831,39341.52
2026-07-09 03:00:00+00:00,4.83,4.848,4.75,4.802,60188.16
2026-07-09 04:00:00+00:00,4.803,4.804,4.747,4.758,34744.35
2026-07-09 05:00:00+00:00,4.757,4.807,4.728,4.792,50762.13
2026-07-09 06:00:00+00:00,4.793,4.848,4.781,4.82,43005.78
2026-07-09 07:00:00+00:00,4.82,4.835,4.783,4.833,24347.55
2026-07-09 08:00:00+00:00,4.834,4.849,4.815,4.82,22886.16
2026-07-09 09:00:00+00:00,4.819,4.841,4.797,4.828,9564.34
2026-07-09 10:00:00+00:00,4.828,4.879,4.823,4.844,67272.24
2026-07-09 11:00:00+00:00,4.846,4.879,4.833,4.852,30551.92
2026-07-09 12:00:00+00:00,4.852,4.899,4.833,4.887,44236.39
2026-07-09 13:00:00+00:00,4.888,4.919,4.83,4.912,46397.36
2026-07-09 14:00:00+00:00,4.912,4.927,4.863,4.871,43305.6
2026-07-09 15:00:00+00:00,4.872,4.89,4.857,4.87,23962.45
2026-07-09 16:00:00+00:00,4.87,4.922,4.853,4.876,34657.51
2026-07-09 17:00:00+00:00,4.878,4.915,4.859,4.899,20090.0
2026-07-09 18:00:00+00:00,4.899,4.963,4.899,4.901,60421.02
2026-07-09 19:00:00+00:00,4.901,4.925,4.866,4.87,27839.81
2026-07-09 20:00:00+00:00,4.871,4.92,4.865,4.909,69168.38
2026-07-09 21:00:00+00:00,4.91,4.964,4.877,4.885,29633.21
2026-07-09 22:00:00+00:00,4.886,4.897,4.867,4.877,10988.65
2026-07-09 23:00:00+00:00,4.878,4.89,4.792,4.833,71571.76
2026-07-10 00:00:00+00:00,4.834,4.846,4.807,4.846,23399.13
2026-07-10 01:00:00+00:00,4.847,4.936,4.836,4.902,35926.96
2026-07-10 02:00:00+00:00,4.902,4.906,4.873,4.887,27757.47
2026-07-10 03:00:00+00:00,4.887,4.893,4.85,4.858,9663.14
2026-07-10 04:00:00+00:00,4.857,4.872,4.826,4.827,18118.13
2026-07-10 05:00:00+00:00,4.826,4.847,4.818,4.844,14188.32
2026-07-10 06:00:00+00:00,4.843,4.846,4.788,4.8,18526.68
2026-07-10 07:00:00+00:00,4.798,4.815,4.788,4.798,16039.26
2026-07-10 08:00:00+00:00,4.798,4.87,4.794,4.852,23748.77
2026-07-10 09:00:00+00:00,4.852,4.894,4.84,4.879,31938.95
2026-07-10 10:00:00+00:00,4.879,4.95,4.873,4.919,55136.85
2026-07-10 11:00:00+00:00,4.92,4.921,4.883,4.893,16839.36
2026-07-10 12:00:00+00:00,4.893,4.923,4.881,4.884,20658.79
2026-07-10 13:00:00+00:00,4.884,4.913,4.871,4.886,29868.48
2026-07-10 14:00:00+00:00,4.886,4.899,4.795,4.818,45218.83
2026-07-10 15:00:00+00:00,4.818,4.84,4.814,4.838,15746.56
2026-07-10 16:00:00+00:00,4.837,4.866,4.82,4.862,6766.4
2026-07-10 17:00:00+00:00,4.862,4.88,4.845,4.875,9473.91
2026-07-10 18:00:00+00:00,4.874,4.894,4.827,4.834,15979.41
2026-07-10 19:00:00+00:00,4.834,4.888,4.829,4.884,6787.53
2026-07-10 20:00:00+00:00,4.885,4.938,4.871,4.895,46467.48
2026-07-10 21:00:00+00:00,4.894,4.95,4.868,4.948,28749.89
2026-07-10 22:00:00+00:00,4.951,5.03,4.945,4.951,65664.02
2026-07-10 23:00:00+00:00,4.952,5.026,4.941,5.017,47823.8
2026-07-11 00:00:00+00:00,5.017,5.088,4.979,5.029,60616.35
2026-07-11 01:00:00+00:00,5.029,5.033,4.982,4.989,27788.51
2026-07-11 02:00:00+00:00,4.99,5.031,4.975,4.992,17102.95
2026-07-11 03:00:00+00:00,4.992,5.045,4.935,5.041,34919.59
2026-07-11 04:00:00+00:00,5.041,5.078,4.971,4.998,51877.63
2026-07-11 05:00:00+00:00,4.997,5.035,4.985,5.005,24045.82
2026-07-11 06:00:00+00:00,5.007,5.13,5.001,5.042,101550.3
2026-07-11 07:00:00+00:00,5.042,5.116,5.019,5.094,48056.84
2026-07-11 08:00:00+00:00,5.095,5.154,5.074,5.084,54947.91
2026-07-11 09:00:00+00:00,5.083,5.111,5.055,5.063,33105.95
2026-07-11 10:00:00+00:00,5.063,5.1,5.043,5.07,27632.48
2026-07-11 11:00:00+00:00,5.07,5.074,5.009,5.047,12701.22
2026-07-11 12:00:00+00:00,5.049,5.065,5.023,5.029,21040.87
2026-07-11 13:00:00+00:00,5.028,5.056,5.004,5.05,20545.87
2026-07-11 14:00:00+00:00,5.05,5.099,5.024,5.065,32012.42
2026-07-11 15:00:00+00:00,5.066,5.086,5.009,5.045,46635.92
2026-07-11 16:00:00+00:00,5.044,5.044,4.946,5.03,55565.81
2026-07-11 17:00:00+00:00,5.031,5.04,5.013,5.017,7263.52
2026-07-11 18:00:00+00:00,5.017,5.03,5.003,5.012,17238.96
2026-07-11 19:00:00+00:00,5.012,5.038,5.009,5.037,6095.81
2026-07-11 20:00:00+00:00,5.038,5.077,5.032,5.049,22641.46
2026-07-11 21:00:00+00:00,5.048,5.062,5.027,5.045,6313.83
2026-07-11 22:00:00+00:00,5.044,5.046,4.98,5.011,27937.05
2026-07-11 23:00:00+00:00,5.009,5.023,4.932,4.932,35585.0
2026-07-12 00:00:00+00:00,4.931,4.978,4.874,4.89,54765.04
2026-07-12 01:00:00+00:00,4.89,4.902,4.869,4.902,16344.68
2026-07-12 02:00:00+00:00,4.901,4.919,4.855,4.911,25694.27
2026-07-12 03:00:00+00:00,4.91,4.958,4.908,4.944,20000.7
2026-07-12 04:00:00+00:00,4.944,4.978,4.929,4.974,17996.45
2026-07-12 05:00:00+00:00,4.974,4.976,4.942,4.955,12193.58
2026-07-12 06:00:00+00:00,4.954,4.954,4.877,4.903,18781.39
2026-07-12 07:00:00+00:00,4.903,4.92,4.888,4.91,13209.62
2026-07-12 08:00:00+00:00,4.909,4.959,4.905,4.941,19799.81
2026-07-12 09:00:00+00:00,4.941,4.941,4.894,4.92,13808.86
2026-07-12 10:00:00+00:00,4.921,4.928,4.886,4.888,7949.57
2026-07-12 11:00:00+00:00,4.887,4.933,4.862,4.914,20565.2
2026-07-12 12:00:00+00:00,4.914,4.918,4.832,4.85,46036.6
2026-07-12 13:00:00+00:00,4.85,4.871,4.844,4.865,20118.61
2026-07-12 14:00:00+00:00,4.865,4.915,4.854,4.91,16482.15
2026-07-12 15:00:00+00:00,4.909,4.945,4.901,4.903,26331.5
2026-07-12 16:00:00+00:00,4.904,4.934,4.902,4.914,9906.43
2026-07-12 17:00:00+00:00,4.914,4.938,4.866,4.872,19920.82
2026-07-12 18:00:00+00:00,4.872,4.889,4.863,4.885,9099.04
2026-07-12 19:00:00+00:00,4.885,4.901,4.879,4.896,5051.29
2026-07-12 20:00:00+00:00,4.896,4.914,4.88,4.885,5599.35
2026-07-12 21:00:00+00:00,4.886,4.9,4.867,4.873,5759.82
2026-07-12 22:00:00+00:00,4.872,4.872,4.806,4.848,66348.26
2026-07-12 23:00:00+00:00,4.848,4.875,4.839,4.873,8626.19
2026-07-13 00:00:00+00:00,4.874,4.962,4.865,4.917,42041.15
2026-07-13 01:00:00+00:00,4.916,4.921,4.8,4.802,34933.25
2026-07-13 02:00:00+00:00,4.802,4.802,4.751,4.781,55859.28
2026-07-13 03:00:00+00:00,4.781,4.782,4.707,4.715,79196.2
2026-07-13 04:00:00+00:00,4.714,4.73,4.691,4.701,37688.44
2026-07-13 05:00:00+00:00,4.702,4.736,4.691,4.724,26555.69
2026-07-13 06:00:00+00:00,4.725,4.771,4.721,4.74,13789.68
2026-07-13 07:00:00+00:00,4.742,4.764,4.731,4.747,13703.72
2026-07-13 08:00:00+00:00,4.748,4.779,4.737,4.772,11940.86
2026-07-13 09:00:00+00:00,4.771,4.783,4.76,4.763,4460.56
2026-07-13 10:00:00+00:00,4.762,4.779,4.747,4.761,19917.78
2026-07-13 11:00:00+00:00,4.761,4.784,4.755,4.757,21521.23
2026-07-13 12:00:00+00:00,4.757,4.76,4.715,4.727,53146.27
2026-07-13 13:00:00+00:00,4.727,4.774,4.719,4.745,21170.68
2026-07-13 14:00:00+00:00,4.744,4.788,4.703,4.788,44698.03
2026-07-13 15:00:00+00:00,4.788,4.79,4.725,4.728,22371.39
2026-07-13 16:00:00+00:00,4.729,4.737,4.675,4.722,39261.37
2026-07-13 17:00:00+00:00,4.723,4.731,4.659,4.663,28964.33
2026-07-13 18:00:00+00:00,4.663,4.693,4.661,4.67,9335.79
2026-07-13 19:00:00+00:00,4.67,4.695,4.663,4.68,15605.24
2026-07-13 20:00:00+00:00,4.681,4.704,4.646,4.702,21746.77
2026-07-13 21:00:00+00:00,4.701,4.706,4.617,4.637,13549.45
2026-07-13 22:00:00+00:00,4.638,4.664,4.637,4.638,6648.82
2026-07-13 23:00:00+00:00,4.637,4.681,4.619,4.677,21143.01
2026-07-14 00:00:00+00:00,4.676,4.705,4.665,4.695,21055.86
2026-07-14 01:00:00+00:00,4.697,4.699,4.667,4.686,7449.64
2026-07-14 02:00:00+00:00,4.685,4.788,4.673,4.783,35142.18
2026-07-14 03:00:00+00:00,4.783,4.82,4.721,4.778,48817.25
2026-07-14 04:00:00+00:00,4.779,4.959,4.779,4.924,126101.37
2026-07-14 05:00:00+00:00,4.924,4.959,4.919,4.949,48048.34
2026-07-14 06:00:00+00:00,4.95,5.042,4.945,5.04,88176.74
2026-07-14 07:00:00+00:00,5.04,5.091,4.973,4.977,123963.74
2026-07-14 08:00:00+00:00,4.977,5.044,4.926,5.02,62411.49
2026-07-14 09:00:00+00:00,5.021,5.045,4.984,4.992,29417.88
2026-07-14 10:00:00+00:00,4.992,5.037,4.983,4.988,27604.1
2026-07-14 11:00:00+00:00,4.986,5.023,4.961,5.01,62522.66
2026-07-14 12:00:00+00:00,5.009,5.131,5.0,5.012,251990.05
2026-07-14 13:00:00+00:00,5.012,5.086,4.964,5.063,204807.23
2026-07-14 14:00:00+00:00,5.063,5.072,5.027,5.042,35423.9
2026-07-14 15:00:00+00:00,5.042,5.049,5.012,5.014,31651.72
2026-07-14 16:00:00+00:00,5.014,5.046,5.01,5.019,34115.97
2026-07-14 17:00:00+00:00,5.018,5.036,4.981,5.009,31824.9
2026-07-14 18:00:00+00:00,5.009,5.032,4.987,5.01,22582.62
2026-07-14 19:00:00+00:00,5.01,5.026,4.975,5.02,24678.81
2026-07-14 20:00:00+00:00,5.019,5.022,4.992,5.013,6321.04
2026-07-14 21:00:00+00:00,5.013,5.044,5.002,5.023,14748.98
2026-07-14 22:00:00+00:00,5.023,5.05,4.99,5.048,23081.22
2026-07-14 23:00:00+00:00,5.049,5.075,5.042,5.055,31821.16
2026-07-15 00:00:00+00:00,5.056,5.066,5.021,5.044,27085.81
2026-07-15 01:00:00+00:00,5.045,5.046,4.993,5.001,23212.3
2026-07-15 02:00:00+00:00,5.0,5.016,4.988,4.995,16560.21
2026-07-15 03:00:00+00:00,4.996,4.999,4.962,4.982,10099.86
2026-07-15 04:00:00+00:00,4.981,5.029,4.966,4.985,16738.94
2026-07-15 05:00:00+00:00,4.986,4.987,4.94,4.976,17326.42
2026-07-15 06:00:00+00:00,4.976,4.986,4.944,4.944,10709.63
2026-07-15 07:00:00+00:00,4.943,4.945,4.9,4.918,34902.78
2026-07-15 08:00:00+00:00,4.918,4.932,4.895,4.919,25977.57
2026-07-15 09:00:00+00:00,4.92,4.957,4.919,4.936,17992.17
2026-07-15 10:00:00+00:00,4.936,5.009,4.933,5.001,62570.3
2026-07-15 11:00:00+00:00,5.002,5.056,4.99,5.051,67068.89
2026-07-15 12:00:00+00:00,5.051,5.189,5.048,5.179,183167.8
2026-07-15 13:00:00+00:00,5.178,5.217,5.104,5.167,120299.49
2026-07-15 14:00:00+00:00,5.169,5.183,5.093,5.153,41516.65
2026-07-15 15:00:00+00:00,5.152,5.17,5.106,5.157,39095.61
2026-07-15 16:00:00+00:00,5.158,5.159,5.058,5.12,71421.69
2026-07-15 17:00:00+00:00,5.121,5.133,5.092,5.124,18968.22
2026-07-15 18:00:00+00:00,5.123,5.149,5.104,5.106,13892.1
2026-07-15 19:00:00+00:00,5.107,5.118,5.081,5.093,18678.7
2026-07-15 20:00:00+00:00,5.092,5.146,5.091,5.114,11278.35
2026-07-15 21:00:00+00:00,5.114,5.172,5.104,5.112,35744.55
2026-07-15 22:00:00+00:00,5.113,5.135,5.094,5.097,18481.87
2026-07-15 23:00:00+00:00,5.097,5.116,5.078,5.096,18917.02
2026-07-16 00:00:00+00:00,5.096,5.129,5.077,5.115,20491.27
2026-07-16 01:00:00+00:00,5.116,5.179,5.114,5.171,40512.77
2026-07-16 02:00:00+00:00,5.172,5.177,5.138,5.148,21659.84
2026-07-16 03:00:00+00:00,5.147,5.16,5.117,5.127,23866.63
2026-07-16 04:00:00+00:00,5.126,5.158,5.1,5.139,43402.03
2026-07-16 05:00:00+00:00,5.139,5.207,5.132,5.199,30383.77
2026-07-16 06:00:00+00:00,5.197,5.236,5.151,5.18,61147.61
2026-07-16 07:00:00+00:00,5.179,5.179,5.114,5.14,26316.9
2026-07-16 08:00:00+00:00,5.141,5.142,5.04,5.083,103095.32
2026-07-16 09:00:00+00:00,5.085,5.102,5.059,5.064,25841.27
2026-07-16 10:00:00+00:00,5.065,5.116,5.046,5.054,64629.08
2026-07-16 11:00:00+00:00,5.054,5.062,5.016,5.026,68550.29
2026-07-16 12:00:00+00:00,5.025,5.049,4.997,5.037,45733.81
2026-07-16 13:00:00+00:00,5.036,5.076,5.023,5.045,35721.63
2026-07-16 14:00:00+00:00,5.045,5.115,5.033,5.045,54596.43
2026-07-16 15:00:00+00:00,5.045,5.088,5.023,5.054,32876.04
2026-07-16 16:00:00+00:00,5.054,5.06,5.008,5.024,41768.75
2026-07-16 17:00:00+00:00,5.025,5.032,4.981,5.005,49082.92
2026-07-16 18:00:00+00:00,5.006,5.051,4.962,4.963,42262.56
2026-07-16 19:00:00+00:00,4.963,4.986,4.959,4.977,23236.94
2026-07-16 20:00:00+00:00,4.976,5.002,4.965,4.994,11227.81
2026-07-16 21:00:00+00:00,4.994,5.03,4.99,5.006,10396.2
2026-07-16 22:00:00+00:00,5.006,5.03,4.931,4.939,34853.5
2026-07-16 23:00:00+00:00,4.939,4.952,4.855,4.859,153732.92
2026-07-17 00:00:00+00:00,4.86,4.878,4.834,4.861,40152.03
2026-07-17 01:00:00+00:00,4.861,4.897,4.852,4.86,25920.01
2026-07-17 02:00:00+00:00,4.859,4.877,4.841,4.852,17981.51
2026-07-17 03:00:00+00:00,4.853,4.903,4.849,4.851,35723.8
2026-07-17 04:00:00+00:00,4.85,4.893,4.835,4.883,39078.47
2026-07-17 05:00:00+00:00,4.883,4.883,4.82,4.835,35912.14
2026-07-17 06:00:00+00:00,4.835,4.94,4.829,4.92,104307.32
2026-07-17 07:00:00+00:00,4.92,4.962,4.868,4.901,54280.63
2026-07-17 08:00:00+00:00,4.902,4.936,4.847,4.888,32838.25
2026-07-17 09:00:00+00:00,4.89,4.924,4.882,4.918,24376.49
2026-07-17 10:00:00+00:00,4.919,4.961,4.918,4.927,23681.44
2026-07-17 11:00:00+00:00,4.927,4.955,4.918,4.93,44081.83
2026-07-17 12:00:00+00:00,4.93,4.992,4.922,4.951,32243.89
2026-07-17 13:00:00+00:00,4.951,4.989,4.87,4.986,74392.92
2026-07-17 14:00:00+00:00,4.987,5.073,4.985,5.051,126305.28
2026-07-17 15:00:00+00:00,5.051,5.108,5.013,5.098,55056.53
2026-07-17 16:00:00+00:00,5.098,5.109,5.04,5.045,46083.0
2026-07-17 17:00:00+00:00,5.046,5.087,5.037,5.043,13341.25
2026-07-17 18:00:00+00:00,5.042,5.107,5.039,5.094,33133.92
2026-07-17 19:00:00+00:00,5.093,5.105,5.05,5.065,29000.36
2026-07-17 20:00:00+00:00,5.064,5.076,5.048,5.076,11142.91
2026-07-17 21:00:00+00:00,5.076,5.104,5.068,5.077,13127.83
2026-07-17 22:00:00+00:00,5.078,5.105,5.074,5.077,18914.72
2026-07-17 23:00:00+00:00,5.078,5.15,5.06,5.148,54183.56
2026-07-18 00:00:00+00:00,5.148,5.208,5.138,5.2,74757.67
2026-07-18 01:00:00+00:00,5.199,5.208,5.153,5.189,58560.09
2026-07-18 02:00:00+00:00,5.189,5.203,5.155,5.182,61054.24
2026-07-18 03:00:00+00:00,5.181,5.227,5.175,5.211,40320.46
2026-07-18 04:00:00+00:00,5.212,5.212,5.086,5.097,55977.55
2026-07-18 05:00:00+00:00,5.097,5.12,5.068,5.11,48705.65
2026-07-18 06:00:00+00:00,5.11,5.115,5.064,5.066,27145.36
2026-07-18 07:00:00+00:00,5.066,5.068,5.037,5.061,38418.72
2026-07-18 08:00:00+00:00,5.062,5.086,5.047,5.061,9042.78
2026-07-18 09:00:00+00:00,5.062,5.068,5.022,5.045,15626.07
2026-07-18 10:00:00+00:00,5.046,5.102,5.037,5.073,48152.74
2026-07-18 11:00:00+00:00,5.072,5.142,5.059,5.122,28035.11
2026-07-18 12:00:00+00:00,5.122,5.146,5.081,5.134,17887.08
2026-07-18 13:00:00+00:00,5.134,5.164,5.109,5.142,45808.41
2026-07-18 14:00:00+00:00,5.143,5.186,5.135,5.136,27794.86
2026-07-18 15:00:00+00:00,5.137,5.148,5.1,5.1,16595.92
2026-07-18 16:00:00+00:00,5.1,5.156,5.098,5.138,22148.88
2026-07-18 17:00:00+00:00,5.138,5.195,5.133,5.17,29816.42
2026-07-18 18:00:00+00:00,5.171,5.178,5.118,5.145,17041.44
2026-07-18 19:00:00+00:00,5.142,5.165,5.132,5.149,14683.08
2026-07-18 20:00:00+00:00,5.15,5.15,5.116,5.138,9801.95
2026-07-18 21:00:00+00:00,5.138,5.162,5.134,5.159,8479.52
2026-07-18 22:00:00+00:00,5.158,5.164,5.135,5.161,9285.02
2026-07-18 23:00:00+00:00,5.161,5.18,5.157,5.166,14305.96
2026-07-19 00:00:00+00:00,5.167,5.218,5.135,5.184,78539.67
2026-07-19 01:00:00+00:00,5.185,5.187,5.103,5.105,36821.39
2026-07-19 02:00:00+00:00,5.107,5.13,5.101,5.109,9983.05
2026-07-19 03:00:00+00:00,5.11,5.113,5.076,5.077,12722.95
2026-07-19 04:00:00+00:00,5.076,5.106,5.066,5.102,20912.51
2026-07-19 05:00:00+00:00,5.102,5.127,5.095,5.105,13267.59
2026-07-19 06:00:00+00:00,5.105,5.117,5.096,5.107,5809.62
2026-07-19 07:00:00+00:00,5.107,5.107,5.088,5.095,6833.18
2026-07-19 08:00:00+00:00,5.096,5.098,5.084,5.097,15020.78
2026-07-19 09:00:00+00:00,5.096,5.096,5.067,5.068,13186.63
2026-07-19 10:00:00+00:00,5.068,5.087,5.055,5.078,16408.33
2026-07-19 11:00:00+00:00,5.078,5.085,5.05,5.055,8821.12
2026-07-19 12:00:00+00:00,5.054,5.064,5.031,5.047,19290.46
2026-07-19 13:00:00+00:00,5.047,5.091,5.043,5.085,15722.12
2026-07-19 14:00:00+00:00,5.085,5.139,5.067,5.114,28769.79
2026-07-19 15:00:00+00:00,5.113,5.144,5.095,5.109,16963.36
2026-07-19 16:00:00+00:00,5.109,5.128,5.087,5.089,15554.55
2026-07-19 17:00:00+00:00,5.089,5.122,5.051,5.105,21265.24
2026-07-19 18:00:00+00:00,5.106,5.123,5.06,5.122,18103.79
2026-07-19 19:00:00+00:00,5.123,5.148,5.116,5.143,14642.54
2026-07-19 20:00:00+00:00,5.143,5.178,5.142,5.169,23525.67
2026-07-19 21:00:00+00:00,5.17,5.177,5.103,5.109,7132.88
2026-07-19 22:00:00+00:00,5.108,5.144,5.101,5.122,11729.23
2026-07-19 23:00:00+00:00,5.122,5.123,5.096,5.11,7441.67
2026-07-20 00:00:00+00:00,5.111,5.196,5.096,5.097,32648.16
2026-07-20 01:00:00+00:00,5.097,5.153,5.097,5.107,14780.29
2026-07-20 02:00:00+00:00,5.108,5.164,5.108,5.142,4067.41
2026-07-20 03:00:00+00:00,5.141,5.159,5.125,5.139,6465.44
2026-07-20 04:00:00+00:00,5.138,5.166,5.123,5.15,25014.62
2026-07-20 05:00:00+00:00,5.15,5.15,5.1,5.103,20268.27
2026-07-20 06:00:00+00:00,5.104,5.125,5.088,5.097,13632.95
2026-07-20 07:00:00+00:00,5.098,5.136,5.076,5.136,15845.03
2026-07-20 08:00:00+00:00,5.136,5.152,5.097,5.142,34521.3
2026-07-20 09:00:00+00:00,5.143,5.259,5.143,5.254,93560.78
2026-07-20 10:00:00+00:00,5.253,5.293,5.208,5.217,84375.1
2026-07-20 11:00:00+00:00,5.218,5.302,5.21,5.302,76538.31
2026-07-20 12:00:00+00:00,5.302,5.317,5.252,5.301,82790.65
2026-07-20 13:00:00+00:00,5.3,5.333,5.262,5.284,61458.88
2026-07-20 14:00:00+00:00,5.282,5.296,5.226,5.273,46843.82
2026-07-20 15:00:00+00:00,5.272,5.336,5.271,5.309,77831.94
2026-07-20 16:00:00+00:00,5.309,5.332,5.279,5.327,57144.31
2026-07-20 17:00:00+00:00,5.328,5.412,5.328,5.398,118706.84
2026-07-20 18:00:00+00:00,5.399,5.49,5.38,5.396,143005.96
2026-07-20 19:00:00+00:00,5.396,5.458,5.386,5.41,61679.57
2026-07-20 20:00:00+00:00,5.409,5.415,5.354,5.387,30656.34
2026-07-20 21:00:00+00:00,5.387,5.396,5.345,5.346,26673.98
2026-07-20 22:00:00+00:00,5.347,5.353,5.329,5.341,31332.13
2026-07-20 23:00:00+00:00,5.342,5.374,5.341,5.348,12668.55
2026-07-21 00:00:00+00:00,5.346,5.385,5.328,5.373,20457.27
2026-07-21 01:00:00+00:00,5.373,5.398,5.315,5.323,18818.08
2026-07-21 02:00:00+00:00,5.324,5.357,5.32,5.331,11148.22
2026-07-21 03:00:00+00:00,5.333,5.387,5.321,5.387,34593.33
2026-07-21 04:00:00+00:00,5.387,5.4,5.348,5.349,22682.42
2026-07-21 05:00:00+00:00,5.348,5.38,5.327,5.359,33052.83
2026-07-21 06:00:00+00:00,5.359,5.364,5.338,5.339,16945.8
2026-07-21 07:00:00+00:00,5.338,5.372,5.332,5.363,40167.55
2026-07-21 08:00:00+00:00,5.362,5.388,5.34,5.365,52620.01
2026-07-21 09:00:00+00:00,5.365,5.386,5.352,5.366,34734.84
2026-07-21 10:00:00+00:00,5.366,5.409,5.348,5.395,65921.11
2026-07-21 11:00:00+00:00,5.396,5.416,5.384,5.389,25478.81
2026-07-21 12:00:00+00:00,5.39,5.396,5.367,5.375,17117.73
2026-07-21 13:00:00+00:00,5.375,5.385,5.32,5.343,58967.29
2026-07-21 14:00:00+00:00,5.342,5.342,5.276,5.299,63491.83
2026-07-21 15:00:00+00:00,5.298,5.312,5.27,5.278,38022.25
2026-07-21 16:00:00+00:00,5.279,5.326,5.274,5.324,17231.03
2026-07-21 17:00:00+00:00,5.325,5.328,5.27,5.309,55522.7
2026-07-21 18:00:00+00:00,5.309,5.346,5.302,5.337,37058.28
2026-07-21 19:00:00+00:00,5.337,5.352,5.312,5.316,9618.79
2026-07-21 20:00:00+00:00,5.317,5.332,5.297,5.324,7776.27
2026-07-21 21:00:00+00:00,5.324,5.355,5.316,5.32,17218.18
2026-07-21 22:00:00+00:00,5.319,5.343,5.31,5.328,39409.45
2026-07-21 23:00:00+00:00,5.329,5.33,5.304,5.304,25629.58
2026-07-22 00:00:00+00:00,5.304,5.346,5.29,5.337,26669.17
2026-07-22 01:00:00+00:00,5.337,5.367,5.328,5.358,14642.78
2026-07-22 02:00:00+00:00,5.357,5.387,5.335,5.381,19546.39
2026-07-22 03:00:00+00:00,5.381,5.398,5.367,5.37,18406.09
2026-07-22 04:00:00+00:00,5.37,5.433,5.366,5.371,43303.46
2026-07-22 05:00:00+00:00,5.37,5.374,5.299,5.309,36312.3
2026-07-22 06:00:00+00:00,5.308,5.308,5.167,5.203,97581.18
2026-07-22 07:00:00+00:00,5.207,5.21,5.166,5.198,65712.94
2026-07-22 08:00:00+00:00,5.197,5.25,5.189,5.249,32615.65
2026-07-22 09:00:00+00:00,5.25,5.275,5.227,5.23,27999.7
2026-07-22 10:00:00+00:00,5.231,5.25,5.217,5.248,19163.81
2026-07-22 11:00:00+00:00,5.248,5.25,5.221,5.228,13185.32
2026-07-22 12:00:00+00:00,5.229,5.241,5.205,5.217,29513.42
2026-07-22 13:00:00+00:00,5.217,5.242,5.203,5.24,31780.99
2026-07-22 14:00:00+00:00,5.24,5.267,5.205,5.221,33976.11
2026-07-22 15:00:00+00:00,5.222,5.244,5.216,5.22,22175.92
2026-07-22 16:00:00+00:00,5.22,5.263,5.215,5.252,20322.69
2026-07-22 17:00:00+00:00,5.251,5.26,5.231,5.245,15664.17
2026-07-22 18:00:00+00:00,5.245,5.253,5.212,5.226,24396.26
2026-07-22 19:00:00+00:00,5.226,5.226,5.157,5.162,43426.21
2026-07-22 20:00:00+00:00,5.161,5.195,5.142,5.188,27014.84
2026-07-22 21:00:00+00:00,5.188,5.202,5.177,5.19,12516.87
2026-07-22 22:00:00+00:00,5.19,5.191,5.162,5.175,8190.88
2026-07-22 23:00:00+00:00,5.175,5.187,5.136,5.172,31292.39
2026-07-23 00:00:00+00:00,5.172,5.175,5.15,5.163,17027.32
2026-07-23 01:00:00+00:00,5.163,5.163,5.12,5.123,64191.56
2026-07-23 02:00:00+00:00,5.123,5.127,5.086,5.114,36700.33
2026-07-23 03:00:00+00:00,5.114,5.124,5.088,5.113,25924.47
2026-07-23 04:00:00+00:00,5.112,5.13,5.084,5.115,37190.07
2026-07-23 05:00:00+00:00,5.115,5.147,5.109,5.145,16464.22
2026-07-23 06:00:00+00:00,5.145,5.174,5.135,5.172,26758.53
2026-07-23 07:00:00+00:00,5.172,5.179,5.117,5.131,28567.55
2026-07-23 08:00:00+00:00,5.13,5.185,5.119,5.174,25464.49
2026-07-23 09:00:00+00:00,5.174,5.194,5.165,5.168,18169.18
2026-07-23 10:00:00+00:00,5.169,5.195,5.169,5.19,9457.71
2026-07-23 11:00:00+00:00,5.19,5.207,5.172,5.172,16401.38
2026-07-23 12:00:00+00:00,5.171,5.192,5.129,5.159,30599.52
2026-07-23 13:00:00+00:00,5.159,5.214,5.136,5.18,45325.48
2026-07-23 14:00:00+00:00,5.18,5.202,5.148,5.16,39334.01
2026-07-23 15:00:00+00:00,5.159,5.163,5.111,5.151,29757.69
2026-07-23 16:00:00+00:00,5.15,5.17,5.122,5.161,14711.2
2026-07-23 17:00:00+00:00,5.16,5.164,5.091,5.105,42059.08
2026-07-23 18:00:00+00:00,5.106,5.138,5.1,5.118,11390.79
2026-07-23 19:00:00+00:00,5.119,5.147,5.103,5.129,28568.62
2026-07-23 20:00:00+00:00,5.127,5.191,5.125,5.168,19216.92
2026-07-23 21:00:00+00:00,5.168,5.18,5.154,5.164,26174.73
2026-07-23 22:00:00+00:00,5.164,5.179,5.126,5.168,11796.57
2026-07-23 23:00:00+00:00,5.169,5.2,5.166,5.176,11476.81
2026-07-24 00:00:00+00:00,5.177,5.297,5.174,5.288,129424.12
2026-07-24 01:00:00+00:00,5.288,5.351,5.238,5.331,125565.52
2026-07-24 02:00:00+00:00,5.332,5.357,5.302,5.334,56268.7
2026-07-24 03:00:00+00:00,5.335,5.401,5.328,5.358,74110.76
2026-07-24 04:00:00+00:00,5.357,5.409,5.337,5.398,71279.38
2026-07-24 05:00:00+00:00,5.398,5.443,5.365,5.405,64841.62
2026-07-24 06:00:00+00:00,5.405,5.417,5.37,5.398,26357.61
2026-07-24 07:00:00+00:00,5.397,5.453,5.394,5.424,68254.74
2026-07-24 08:00:00+00:00,5.424,5.427,5.349,5.361,44655.96
2026-07-24 09:00:00+00:00,5.36,5.362,5.306,5.323,62870.68
2026-07-24 10:00:00+00:00,5.322,5.375,5.289,5.334,69200.37
2026-07-24 11:00:00+00:00,5.333,5.37,5.315,5.344,36020.28
2026-07-24 12:00:00+00:00,5.343,5.37,5.274,5.275,41531.61
2026-07-24 13:00:00+00:00,5.276,5.281,5.2,5.218,99247.61
2026-07-24 14:00:00+00:00,5.219,5.231,5.11,5.168,177847.67
2026-07-24 15:00:00+00:00,5.168,5.265,5.146,5.251,54999.25
2026-07-24 16:00:00+00:00,5.25,5.271,5.162,5.171,39643.2
2026-07-24 17:00:00+00:00,5.17,5.206,5.14,5.177,36419.55
2026-07-24 18:00:00+00:00,5.178,5.202,5.164,5.199,25004.36
2026-07-24 19:00:00+00:00,5.199,5.201,5.175,5.194,8405.08
2026-07-24 20:00:00+00:00,5.195,5.205,5.184,5.187,8317.96
2026-07-24 21:00:00+00:00,5.187,5.192,5.145,5.145,18120.03
2026-07-24 22:00:00+00:00,5.146,5.189,5.134,5.175,28503.95
2026-07-24 23:00:00+00:00,5.175,5.185,5.166,5.169,5036.1
2026-07-25 00:00:00+00:00,5.17,5.255,5.164,5.254,40100.76
2026-07-25 01:00:00+00:00,5.253,5.279,5.211,5.257,47519.14
2026-07-25 02:00:00+00:00,5.256,5.305,5.237,5.286,33797.68
2026-07-25 03:00:00+00:00,5.285,5.319,5.272,5.288,44491.27
2026-07-25 04:00:00+00:00,5.288,5.318,5.261,5.291,26220.65
2026-07-25 05:00:00+00:00,5.291,5.35,5.283,5.329,85358.39
2026-07-25 06:00:00+00:00,5.329,5.349,5.258,5.285,83304.02
2026-07-25 07:00:00+00:00,5.283,5.292,5.187,5.201,43192.53
2026-07-25 08:00:00+00:00,5.201,5.223,5.165,5.184,33199.42
2026-07-25 09:00:00+00:00,5.182,5.249,5.164,5.224,35011.55
2026-07-25 10:00:00+00:00,5.224,5.242,5.218,5.229,15766.82
2026-07-25 11:00:00+00:00,5.229,5.246,5.155,5.156,20400.49
2026-07-25 12:00:00+00:00,5.156,5.168,5.113,5.118,14442.11
2026-07-25 13:00:00+00:00,5.118,5.139,5.111,5.124,47913.02
2026-07-25 14:00:00+00:00,5.124,5.124,5.1,5.117,27150.5
2026-07-25 15:00:00+00:00,5.116,5.164,5.105,5.121,27798.93
2026-07-25 16:00:00+00:00,5.12,5.126,5.016,5.034,113329.27
2026-07-25 17:00:00+00:00,5.034,5.069,5.015,5.059,49103.31
2026-07-25 18:00:00+00:00,5.06,5.083,5.057,5.058,99827.04
2026-07-25 19:00:00+00:00,5.057,5.078,5.022,5.051,114045.64
2026-07-25 20:00:00+00:00,5.05,5.064,5.039,5.045,10650.22
2026-07-25 21:00:00+00:00,5.044,5.068,5.031,5.058,9038.45
2026-07-25 22:00:00+00:00,5.058,5.096,5.058,5.093,20930.25
2026-07-25 23:00:00+00:00,5.093,5.106,5.07,5.08,19830.66
2026-07-26 00:00:00+00:00,5.08,5.1,5.048,5.085,54103.66
2026-07-26 01:00:00+00:00,5.085,5.108,5.07,5.104,10947.56
2026-07-26 02:00:00+00:00,5.105,5.107,5.045,5.079,24423.98
2026-07-26 03:00:00+00:00,5.079,5.082,5.05,5.055,17129.52
2026-07-26 04:00:00+00:00,5.056,5.088,5.04,5.078,11191.83
2026-07-26 05:00:00+00:00,5.077,5.077,5.022,5.054,27209.47
2026-07-26 06:00:00+00:00,5.054,5.054,4.847,4.913,233363.45
2026-07-26 07:00:00+00:00,4.913,4.937,4.908,4.918,81944.06
2026-07-26 08:00:00+00:00,4.918,4.918,4.887,4.889,51289.7
2026-07-26 09:00:00+00:00,4.89,4.92,4.889,4.892,46943.24
2026-07-26 10:00:00+00:00,4.893,4.927,4.885,4.909,74349.1
2026-07-26 11:00:00+00:00,4.908,4.968,4.896,4.927,65408.35
2026-07-26 12:00:00+00:00,4.926,4.947,4.913,4.94,46492.26
2026-07-26 13:00:00+00:00,4.941,4.986,4.938,4.945,52217.17
2026-07-26 14:00:00+00:00,4.945,4.967,4.919,4.939,25731.8
2026-07-26 15:00:00+00:00,4.94,4.997,4.927,4.995,42440.2
2026-07-26 16:00:00+00:00,4.995,4.998,4.966,4.968,26402.71
2026-07-26 17:00:00+00:00,4.968,4.975,4.938,4.945,20309.43
2026-07-26 18:00:00+00:00,4.944,4.946,4.919,4.922,9521.93
2026-07-26 19:00:00+00:00,4.923,4.932,4.868,4.88,127068.46
2026-07-26 20:00:00+00:00,4.88,4.886,4.86,4.885,22163.21
2026-07-26 21:00:00+00:00,4.884,4.937,4.882,4.913,20815.95
2026-07-26 22:00:00+00:00,4.912,5.032,4.912,5.012,65317.87
2026-07-26 23:00:00+00:00,5.012,5.029,4.977,5.009,19567.47
2026-07-27 00:00:00+00:00,5.009,5.011,4.929,4.949,41212.22
2026-07-27 01:00:00+00:00,4.948,4.957,4.913,4.953,22252.65
2026-07-27 02:00:00+00:00,4.953,4.973,4.943,4.96,17347.16
2026-07-27 03:00:00+00:00,4.962,4.985,4.922,4.929,13569.84
2026-07-27 04:00:00+00:00,4.928,4.948,4.909,4.918,24664.81
2026-07-27 05:00:00+00:00,4.917,4.931,4.901,4.915,35308.17
2026-07-27 06:00:00+00:00,4.915,4.949,4.905,4.941,40492.09
2026-07-27 07:00:00+00:00,4.94,4.95,4.904,4.914,42462.27
2026-07-27 08:00:00+00:00,4.914,4.95,4.911,4.95,58569.1
2026-07-27 09:00:00+00:00,4.949,4.976,4.939,4.944,119477.87
2026-07-27 10:00:00+00:00,4.945,4.974,4.911,4.917,132888.49
2026-07-27 11:00:00+00:00,4.917,4.948,4.869,4.918,152608.86
2026-07-27 12:00:00+00:00,4.918,4.93,4.871,4.915,26958.67
2026-07-27 13:00:00+00:00,4.914,4.958,4.879,4.906,49004.3
2026-07-27 14:00:00+00:00,4.906,4.922,4.794,4.874,193181.03
2026-07-27 15:00:00+00:00,4.875,4.88,4.796,4.816,74875.0
2026-07-27 16:00:00+00:00,4.816,4.895,4.802,4.844,23082.29
2026-07-27 17:00:00+00:00,4.844,4.852,4.825,4.833,34225.81
2026-07-27 18:00:00+00:00,4.833,4.843,4.809,4.822,29129.4
2026-07-27 19:00:00+00:00,4.824,4.85,4.818,4.839,14040.44
2026-07-27 20:00:00+00:00,4.839,4.846,4.813,4.831,15217.2
2026-07-27 21:00:00+00:00,4.831,4.834,4.769,4.799,23235.78
2026-07-27 22:00:00+00:00,4.799,4.799,4.727,4.742,40123.72
2026-07-27 23:00:00+00:00,4.741,4.764,4.716,4.73,33151.07
2026-07-28 00:00:00+00:00,4.728,4.768,4.706,4.718,50333.07
2026-07-28 01:00:00+00:00,4.719,4.739,4.693,4.705,54865.42
2026-07-28 02:00:00+00:00,4.704,4.739,4.698,4.739,18433.08
2026-07-28 03:00:00+00:00,4.739,4.743,4.724,4.734,12228.75
2026-07-28 04:00:00+00:00,4.734,4.743,4.717,4.719,9729.68
2026-07-28 05:00:00+00:00,4.719,4.72,4.699,4.704,15658.71
2026-07-28 06:00:00+00:00,4.704,4.741,4.698,4.731,28586.26
2026-07-28 07:00:00+00:00,4.732,4.739,4.642,4.649,63090.88
2026-07-28 08:00:00+00:00,4.648,4.657,4.62,4.625,42524.68
2026-07-28 09:00:00+00:00,4.624,4.64,4.608,4.622,43208.64
2026-07-28 10:00:00+00:00,4.623,4.64,4.611,4.632,22209.97
2026-07-28 11:00:00+00:00,4.632,4.656,4.591,4.619,44639.04
2026-07-28 12:00:00+00:00,4.618,4.674,4.604,4.669,25100.73
2026-07-28 13:00:00+00:00,4.67,4.689,4.584,4.631,50513.84
2026-07-28 14:00:00+00:00,4.63,4.658,4.603,4.649,13556.86
2026-07-28 15:00:00+00:00,4.648,4.684,4.636,4.656,80398.5
2026-07-28 16:00:00+00:00,4.655,4.658,4.62,4.645,22955.22
2026-07-28 17:00:00+00:00,4.644,4.644,4.533,4.56,53284.7
2026-07-28 18:00:00+00:00,4.56,4.587,4.559,4.581,31512.55
2026-07-28 19:00:00+00:00,4.582,4.653,4.582,4.614,34168.77
2026-07-28 20:00:00+00:00,4.615,4.628,4.599,4.611,9377.82
2026-07-28 21:00:00+00:00,4.611,4.616,4.597,4.599,6971.87
2026-07-28 22:00:00+00:00,4.601,4.613,4.593,4.596,29617.73
2026-07-28 23:00:00+00:00,4.595,4.639,4.594,4.633,24230.37
2026-07-29 00:00:00+00:00,4.633,4.652,4.615,4.621,17947.71
2026-07-29 01:00:00+00:00,4.62,4.622,4.594,4.594,13019.8
2026-07-29 02:00:00+00:00,4.596,4.615,4.588,4.595,78252.25
2026-07-29 03:00:00+00:00,4.595,4.603,4.59,4.594,22406.05
2026-07-29 04:00:00+00:00,4.594,4.596,4.483,4.523,129878.87
2026-07-29 05:00:00+00:00,4.522,4.536,4.506,4.52,16575.22
2026-07-29 06:00:00+00:00,4.519,4.537,4.498,4.502,17934.31
2026-07-29 07:00:00+00:00,4.502,4.515,4.472,4.503,23380.76
2026-07-29 08:00:00+00:00,4.504,4.532,4.486,4.52,42546.05
2026-07-29 09:00:00+00:00,4.52,4.651,4.52,4.605,83023.29
2026-07-29 10:00:00+00:00,4.604,4.634,4.59,4.615,23353.1
2026-07-29 11:00:00+00:00,4.614,4.657,4.566,4.586,41853.19
2026-07-29 12:00:00+00:00,4.585,4.586,4.547,4.577,23621.28
2026-07-29 13:00:00+00:00,4.576,4.611,4.568,4.602,26175.93
2026-07-29 14:00:00+00:00,4.603,4.605,4.543,4.549,32162.57
2026-07-29 15:00:00+00:00,4.55,4.564,4.526,4.557,24885.67
2026-07-29 16:00:00+00:00,4.557,4.602,4.547,4.598,101441.39
2026-07-29 17:00:00+00:00,4.599,4.647,4.59,4.63,95392.15
2026-07-29 18:00:00+00:00,4.63,4.678,4.556,4.608,160660.62
2026-07-29 19:00:00+00:00,4.608,4.624,4.523,4.539,35168.61
2026-07-29 20:00:00+00:00,4.538,4.549,4.499,4.508,27451.63
2026-07-29 21:00:00+00:00,4.507,4.564,4.487,4.564,36850.6
2026-07-29 22:00:00+00:00,4.565,4.624,4.565,4.606,36446.36
2026-07-29 23:00:00+00:00,4.605,4.624,4.592,4.606,11549.9
2026-07-30 00:00:00+00:00,4.607,4.662,4.583,4.603,32956.35
2026-07-30 01:00:00+00:00,4.604,4.672,4.604,4.656,20641.21
2026-07-30 02:00:00+00:00,4.658,4.695,4.646,4.67,33626.52
2026-07-30 03:00:00+00:00,4.669,4.675,4.633,4.656,25735.59
2026-07-30 04:00:00+00:00,4.657,4.661,4.632,4.637,6460.46
2026-07-30 05:00:00+00:00,4.637,4.738,4.632,4.731,53159.91
2026-07-30 06:00:00+00:00,4.732,4.759,4.71,4.738,83219.07
2026-07-30 07:00:00+00:00,4.737,4.838,4.727,4.812,107294.54
2026-07-30 08:00:00+00:00,4.811,4.823,4.772,4.789,55891.8
2026-07-30 09:00:00+00:00,4.789,4.823,4.77,4.797,84402.44
2026-07-30 10:00:00+00:00,4.797,4.818,4.773,4.799,35161.11
2026-07-30 11:00:00+00:00,4.799,4.857,4.79,4.83,51597.64
2026-07-30 12:00:00+00:00,4.83,4.858,4.798,4.802,47191.59
2026-07-30 13:00:00+00:00,4.802,4.843,4.788,4.808,22589.2
2026-07-30 14:00:00+00:00,4.806,4.82,4.784,4.797,27140.77
2026-07-30 15:00:00+00:00,4.796,4.835,4.772,4.821,29661.26
2026-07-30 16:00:00+00:00,4.821,4.853,4.808,4.828,33045.68
2026-07-30 17:00:00+00:00,4.829,4.838,4.803,4.83,15415.0
2026-07-30 18:00:00+00:00,4.831,4.839,4.808,4.821,9367.82
2026-07-30 19:00:00+00:00,4.82,4.83,4.8,4.803,18538.19
2026-07-30 20:00:00+00:00,4.804,4.816,4.766,4.766,26847.32
2026-07-30 21:00:00+00:00,4.766,4.901,4.765,4.874,212466.94
2026-07-30 22:00:00+00:00,4.874,4.989,4.864,4.954,101220.24
2026-07-30 23:00:00+00:00,4.954,5.024,4.954,5.018,120092.42
2026-07-31 00:00:00+00:00,5.017,5.098,5.015,5.033,120673.6
2026-07-31 01:00:00+00:00,5.033,5.056,4.942,4.948,67399.01
2026-07-31 02:00:00+00:00,4.948,4.98,4.914,4.94,25211.61
2026-07-31 03:00:00+00:00,4.939,4.979,4.894,4.93,47569.89
2026-07-31 04:00:00+00:00,4.93,4.963,4.896,4.953,40360.64
2026-07-31 05:00:00+00:00,4.954,4.992,4.92,4.939,17938.41
2026-07-31 06:00:00+00:00,4.938,4.953,4.9,4.919,14335.43
2026-07-31 07:00:00+00:00,4.918,4.933,4.891,4.907,24507.27
2026-07-31 08:00:00+00:00,4.906,4.922,4.892,4.907,17536.54
2026-07-31 09:00:00+00:00,4.907,4.932,4.897,4.927,20960.52
2026-07-31 10:00:00+00:00,4.927,4.93,4.904,4.906,15877.02
2026-07-31 11:00:00+00:00,4.905,4.912,4.827,4.85,59986.97
2026-07-31 12:00:00+00:00,4.851,4.853,4.815,4.847,43227.82
2026-07-31 13:00:00+00:00,4.846,4.889,4.843,4.858,56043.27
2026-07-31 14:00:00+00:00,4.857,4.864,4.808,4.846,40948.33
2026-07-31 15:00:00+00:00,4.846,4.885,4.808,4.82,51577.12
2026-07-31 16:00:00+00:00,4.821,4.856,4.808,4.83,30829.83
2026-07-31 17:00:00+00:00,4.83,4.875,4.829,4.844,32322.59
2026-07-31 18:00:00+00:00,4.845,4.857,4.82,4.836,11884.08
2026-07-31 19:00:00+00:00,4.836,4.841,4.78,4.783,21094.51
2026-07-31 20:00:00+00:00,4.784,4.828,4.76,4.828,31696.43
2026-07-31 21:00:00+00:00,4.828,4.832,4.811,4.82,9486.86
2026-07-31 22:00:00+00:00,4.821,4.893,4.817,4.845,33774.67
2026-07-31 23:00:00+00:00,4.845,4.872,4.839,4.869,15730.45
2026-08-01 00:00:00+00:00,4.87,4.891,4.841,4.853,52598.59
2026-08-01 01:00:00+00:00,4.852,4.898,4.851,4.891,24664.7
2026-08-01 02:00:00+00:00,4.892,4.92,4.881,4.896,18715.5
2026-08-01 03:00:00+00:00,4.896,4.898,4.819,4.86,69953.09
2026-08-01 04:00:00+00:00,4.861,4.87,4.84,4.86,19309.61
2026-08-01 05:00:00+00:00,4.859,4.865,4.825,4.849,16667.75
2026-08-01 06:00:00+00:00,4.85,4.859,4.82,4.842,15546.26
2026-08-01 07:00:00+00:00,4.841,4.861,4.841,4.852,9217.54
2026-08-01 08:00:00+00:00,4.852,4.894,4.844,4.888,12036.11
2026-08-01 09:00:00+00:00,4.888,4.918,4.875,4.9,21003.92
2026-08-01 10:00:00+00:00,4.901,4.939,4.878,4.897,36083.14
2026-08-01 11:00:00+00:00,4.897,4.913,4.891,4.905,10698.22
2026-08-01 12:00:00+00:00,4.905,4.957,4.9,4.942,32994.81
2026-08-01 13:00:00+00:00,4.942,4.956,4.911,4.921,28335.31
2026-08-01 14:00:00+00:00,4.922,4.926,4.886,4.91,18166.3
2026-08-01 15:00:00+00:00,4.91,4.93,4.896,4.906,19990.96
2026-08-01 16:00:00+00:00,4.907,4.95,4.898,4.943,36136.85
2026-08-01 17:00:00+00:00,4.943,4.953,4.896,4.9,27900.34
2026-08-01 18:00:00+00:00,4.9,4.919,4.836,4.856,68250.15
2026-08-01 19:00:00+00:00,4.855,4.902,4.846,4.898,62977.48
2026-08-01 20:00:00+00:00,4.897,4.914,4.889,4.898,10038.12
2026-08-01 21:00:00+00:00,4.897,4.948,4.897,4.927,37456.46
2026-08-01 22:00:00+00:00,4.928,4.936,4.904,4.906,11558.53
2026-08-01 23:00:00+00:00,4.906,4.91,4.869,4.871,6797.03
2026-08-02 00:00:00+00:00,4.871,4.896,4.856,4.891,29828.79
2026-08-02 01:00:00+00:00,4.892,4.921,4.892,4.907,12497.45
2026-08-02 02:00:00+00:00,4.908,4.948,4.907,4.919,9405.04
2026-08-02 03:00:00+00:00,4.918,4.933,4.9,4.904,6488.2
2026-08-02 04:00:00+00:00,4.905,4.94,4.901,4.923,19260.43
2026-08-02 05:00:00+00:00,4.923,4.95,4.898,4.941,22729.63
2026-08-02 06:00:00+00:00,4.942,4.976,4.91,4.915,38233.9
2026-08-02 07:00:00+00:00,4.916,4.933,4.912,4.929,6238.33
2026-08-02 08:00:00+00:00,4.929,4.93,4.904,4.917,7253.19
2026-08-02 09:00:00+00:00,4.917,4.965,4.917,4.964,25918.13
2026-08-02 10:00:00+00:00,4.964,4.97,4.938,4.941,8345.19
2026-08-02 11:00:00+00:00,4.94,4.944,4.912,4.933,17237.53
2026-08-02 12:00:00+00:00,4.934,4.938,4.907,4.931,12495.81
2026-08-02 13:00:00+00:00,4.931,4.993,4.92,4.956,31536.72
2026-08-02 14:00:00+00:00,4.955,5.003,4.944,4.968,33152.99
2026-08-02 15:00:00+00:00,4.968,5.011,4.968,4.989,23286.17
2026-08-02 16:00:00+00:00,4.988,5.014,4.981,4.992,13568.62
2026-08-02 17:00:00+00:00,4.991,5.018,4.984,4.987,5756.82
2026-08-02 18:00:00+00:00,4.986,5.08,4.985,5.068,38389.5
2026-08-02 19:00:00+00:00,5.068,5.159,5.046,5.156,67044.83
2026-08-02 20:00:00+00:00,5.157,5.158,5.115,5.127,46039.35
2026-08-02 21:00:00+00:00,5.126,5.152,5.102,5.112,22349.52
2026-08-02 22:00:00+00:00,5.112,5.116,5.054,5.073,18869.19
2026-08-02 23:00:00+00:00,5.072,5.086,5.063,5.075,11497.31
2026-08-03 00:00:00+00:00,5.074,5.085,5.051,5.069,30577.0
2026-08-03 01:00:00+00:00,5.068,5.07,5.021,5.027,76292.71
2026-08-03 02:00:00+00:00,5.027,5.034,5.004,5.018,32745.4
2026-08-03 03:00:00+00:00,5.018,5.039,4.989,5.031,59490.7
2026-08-03 04:00:00+00:00,5.03,5.045,5.025,5.037,14979.52
2026-08-03 05:00:00+00:00,5.037,5.043,5.02,5.041,14638.75
2026-08-03 06:00:00+00:00,5.041,5.043,4.954,4.963,60598.25
2026-08-03 07:00:00+00:00,4.964,4.975,4.918,4.92,34824.22
2026-08-03 08:00:00+00:00,4.919,4.928,4.905,4.924,16908.35
2026-08-03 09:00:00+00:00,4.924,4.954,4.912,4.951,14914.99
2026-08-03 10:00:00+00:00,4.95,4.983,4.937,4.958,46802.43
2026-08-03 11:00:00+00:00,4.957,4.969,4.939,4.939,13886.96
2026-08-03 12:00:00+00:00,4.939,4.95,4.923,4.948,11021.49
2026-08-03 13:00:00+00:00,4.949,4.999,4.944,4.994,42203.65
2026-08-03 14:00:00+00:00,4.994,4.994,4.967,4.983,48868.5
2026-08-03 15:00:00+00:00,4.983,4.991,4.968,4.979,18085.38
2026-08-03 16:00:00+00:00,4.979,4.997,4.97,4.978,14982.02
2026-08-03 17:00:00+00:00,4.978,5.012,4.972,5.004,20607.97
2026-08-03 18:00:00+00:00,5.005,5.01,4.988,5.004,6904.97
2026-08-03 19:00:00+00:00,5.003,5.029,5.003,5.025,13213.16
2026-08-03 20:00:00+00:00,5.024,5.047,5.006,5.03,11718.06
2026-08-03 21:00:00+00:00,5.03,5.03,4.958,4.965,32064.34
2026-08-03 22:00:00+00:00,4.964,4.967,4.933,4.963,18723.19
2026-08-03 23:00:00+00:00,4.962,4.963,4.944,4.955,4459.16
2026-08-04 00:00:00+00:00,4.955,4.959,4.924,4.932,10507.4
2026-08-04 01:00:00+00:00,4.931,4.998,4.927,4.993,42037.37
2026-08-04 02:00:00+00:00,4.992,5.029,4.992,5.018,14078.0
2026-08-04 03:00:00+00:00,5.018,5.04,5.002,5.024,16269.26
2026-08-04 04:00:00+00:00,5.024,5.025,5.0,5.008,9013.46
2026-08-04 05:00:00+00:00,5.009,5.036,5.006,5.034,9243.42
2026-08-04 06:00:00+00:00,5.033,5.033,4.986,5.001,14132.28
2026-08-04 07:00:00+00:00,5.001,5.013,4.977,5.003,13588.35
2026-08-04 08:00:00+00:00,5.003,5.02,4.97,4.974,11925.23
2026-08-04 09:00:00+00:00,4.973,4.983,4.968,4.972,9519.09
2026-08-04 10:00:00+00:00,4.972,4.981,4.947,4.967,12172.4
2026-08-04 11:00:00+00:00,4.966,4.971,4.943,4.949,8152.44
2026-08-04 12:00:00+00:00,4.949,4.959,4.922,4.925,11660.88
2026-08-04 13:00:00+00:00,4.925,4.949,4.915,4.926,27830.33
2026-08-04 14:00:00+00:00,4.925,4.945,4.904,4.937,18220.79
2026-08-04 15:00:00+00:00,4.938,4.945,4.912,4.926,16635.2
2026-08-04 16:00:00+00:00,4.927,4.936,4.885,4.898,26690.64
2026-08-04 17:00:00+00:00,4.898,4.925,4.898,4.904,10456.99
2026-08-04 18:00:00+00:00,4.903,4.945,4.902,4.926,14291.92
2026-08-04 19:00:00+00:00,4.928,4.948,4.925,4.931,14222.8
2026-08-04 20:00:00+00:00,4.93,4.943,4.917,4.939,12799.71
2026-08-04 21:00:00+00:00,4.94,4.942,4.903,4.913,6117.86
2026-08-04 22:00:00+00:00,4.914,4.953,4.903,4.929,20511.17
2026-08-04 23:00:00+00:00,4.929,4.932,4.88,4.886,18973.83
2026-08-05 00:00:00+00:00,4.887,4.89,4.836,4.851,31734.08
2026-08-05 01:00:00+00:00,4.849,4.865,4.83,4.838,14273.59
2026-08-05 02:00:00+00:00,4.838,4.875,4.83,4.862,16105.16
2026-08-05 03:00:00+00:00,4.862,4.869,4.812,4.824,16630.41
2026-08-05 04:00:00+00:00,4.824,4.864,4.82,4.852,18431.42
2026-08-05 05:00:00+00:00,4.852,4.889,4.852,4.879,12766.27
2026-08-05 06:00:00+00:00,4.879,4.888,4.868,4.88,10436.08
2026-08-05 07:00:00+00:00,4.88,4.914,4.867,4.895,14095.23
2026-08-05 08:00:00+00:00,4.896,4.897,4.852,4.858,17619.6
2026-08-05 09:00:00+00:00,4.857,4.873,4.856,4.865,2960.22
2026-08-05 10:00:00+00:00,4.865,4.905,4.86,4.9,21659.28
2026-08-05 11:00:00+00:00,4.9,4.9,4.884,4.894,7880.72
2026-08-05 12:00:00+00:00,4.894,4.912,4.885,4.888,13893.71
2026-08-05 13:00:00+00:00,4.888,4.912,4.85,4.907,18725.37
2026-08-05 14:00:00+00:00,4.906,4.984,4.896,4.915,47763.49
2026-08-05 15:00:00+00:00,4.917,4.93,4.909,4.916,20413.56
2026-08-05 16:00:00+00:00,4.917,4.966,4.916,4.961,10458.33
2026-08-05 17:00:00+00:00,4.961,4.972,4.942,4.95,17487.9
2026-08-05 18:00:00+00:00,4.949,4.951,4.923,4.931,14938.56
2026-08-05 19:00:00+00:00,4.93,4.939,4.909,4.912,5433.86
2026-08-05 20:00:00+00:00,4.911,4.93,4.903,4.918,9170.1
2026-08-05 21:00:00+00:00,4.917,4.921,4.895,4.898,10404.94
2026-08-05 22:00:00+00:00,4.898,4.9,4.858,4.858,40561.03
2026-08-05 23:00:00+00:00,4.858,4.866,4.846,4.86,17102.93
2026-08-06 00:00:00+00:00,4.86,4.889,4.855,4.855,50953.58
2026-08-06 01:00:00+00:00,4.855,4.857,4.766,4.766,64933.61
2026-08-06 02:00:00+00:00,4.767,4.791,4.763,4.775,23053.99
2026-08-06 03:00:00+00:00,4.774,4.774,4.705,4.714,31844.36
2026-08-06 04:00:00+00:00,4.716,4.746,4.705,4.721,48218.21
2026-08-06 05:00:00+00:00,4.721,4.743,4.683,4.691,19535.21
2026-08-06 06:00:00+00:00,4.69,4.734,4.683,4.724,23142.4
2026-08-06 07:00:00+00:00,4.724,4.755,4.717,4.74,11079.92
2026-08-06 08:00:00+00:00,4.739,4.745,4.719,4.729,18866.51
2026-08-06 09:00:00+00:00,4.728,4.728,4.6,4.663,108160.63
2026-08-06 10:00:00+00:00,4.662,4.687,4.646,4.653,18149.79
2026-08-06 11:00:00+00:00,4.654,4.677,4.65,4.673,12126.67
2026-08-06 12:00:00+00:00,4.673,4.674,4.656,4.665,6459.66
2026-08-06 13:00:00+00:00,4.665,4.688,4.647,4.655,26527.3
2026-08-06 14:00:00+00:00,4.655,4.662,4.625,4.656,32794.62
2026-08-06 15:00:00+00:00,4.656,4.669,4.648,4.648,12973.62
2026-08-06 16:00:00+00:00,4.647,4.649,4.604,4.629,26993.2
2026-08-06 17:00:00+00:00,4.63,4.669,4.628,4.651,17914.67
2026-08-06 18:00:00+00:00,4.65,4.65,4.613,4.623,7998.25
2026-08-06 19:00:00+00:00,4.624,4.625,4.604,4.619,8236.04
2026-08-06 20:00:00+00:00,4.62,4.632,4.602,4.61,10596.74
2026-08-06 21:00:00+00:00,4.611,4.643,4.605,4.638,22340.43
2026-08-06 22:00:00+00:00,4.638,4.64,4.561,4.565,28150.71
2026-08-06 23:00:00+00:00,4.564,4.585,4.562,4.582,26125.18
2026-08-07 00:00:00+00:00,4.58,4.58,4.512,4.521,51554.68
2026-08-07 01:00:00+00:00,4.522,4.526,4.483,4.492,53092.45
2026-08-07 02:00:00+00:00,4.491,4.538,4.485,4.5,36779.64
2026-08-07 03:00:00+00:00,4.499,4.512,4.49,4.498,25157.79
2026-08-07 04:00:00+00:00,4.497,4.504,4.419,4.493,97417.84
2026-08-07 05:00:00+00:00,4.493,4.528,4.467,4.475,17436.59
2026-08-07 06:00:00+00:00,4.474,4.518,4.463,4.5,17085.0
2026-08-07 07:00:00+00:00,4.499,4.529,4.493,4.501,23765.96
2026-08-07 08:00:00+00:00,4.502,4.552,4.487,4.529,32526.67
2026-08-07 09:00:00+00:00,4.528,4.532,4.509,4.528,22702.49
2026-08-07 10:00:00+00:00,4.529,4.539,4.496,4.5,16274.05
2026-08-07 11:00:00+00:00,4.501,4.54,4.5,4.53,37973.42
2026-08-07 12:00:00+00:00,4.529,4.557,4.513,4.521,36627.75
2026-08-07 13:00:00+00:00,4.521,4.536,4.499,4.513,15999.67
2026-08-07 14:00:00+00:00,4.513,4.529,4.499,4.52,31311.61
2026-08-07 15:00:00+00:00,4.521,4.544,4.512,4.514,21651.87
2026-08-07 16:00:00+00:00,4.515,4.536,4.49,4.495,23359.98
2026-08-07 17:00:00+00:00,4.494,4.518,4.467,4.481,64057.23
2026-08-07 18:00:00+00:00,4.481,4.487,4.459,4.477,20219.68
2026-08-07 19:00:00+00:00,4.476,4.493,4.466,4.473,17988.5
2026-08-07 20:00:00+00:00,4.474,4.487,4.471,4.487,9334.27
2026-08-07 21:00:00+00:00,4.487,4.521,4.484,4.487,46486.03
2026-08-07 22:00:00+00:00,4.488,4.495,4.475,4.478,10326.69
2026-08-07 23:00:00+00:00,4.479,4.514,4.476,4.513,21087.39
2026-08-08 00:00:00+00:00,4.513,4.569,4.511,4.567,15746.99
2026-08-08 01:00:00+00:00,4.568,4.576,4.536,4.538,11145.85
2026-08-08 02:00:00+00:00,4.538,4.54,4.514,4.521,6045.22
2026-08-08 03:00:00+00:00,4.521,4.539,4.521,4.535,8870.75
2026-08-08 04:00:00+00:00,4.535,4.552,4.519,4.521,8092.84
2026-08-08 05:00:00+00:00,4.521,4.536,4.486,4.487,52305.4
2026-08-08 06:00:00+00:00,4.487,4.492,4.458,4.476,37804.39
2026-08-08 07:00:00+00:00,4.475,4.489,4.47,4.483,8738.29
2026-08-08 08:00:00+00:00,4.483,4.505,4.47,4.489,21244.13
2026-08-08 09:00:00+00:00,4.49,4.499,4.476,4.478,10270.88
2026-08-08 10:00:00+00:00,4.478,4.48,4.424,4.436,70804.92
2026-08-08 11:00:00+00:00,4.437,4.439,4.354,4.394,101785.21
2026-08-08 12:00:00+00:00,4.395,4.409,4.39,4.393,14438.01
2026-08-08 13:00:00+00:00,4.392,4.412,4.361,4.38,47486.56
2026-08-08 14:00:00+00:00,4.38,4.417,4.379,4.412,32690.36
2026-08-08 15:00:00+00:00,4.412,4.456,4.399,4.434,41190.72
2026-08-08 16:00:00+00:00,4.434,4.466,4.43,4.458,47526.01
2026-08-08 17:00:00+00:00,4.46,4.462,4.387,4.409,91661.62
2026-08-08 18:00:00+00:00,4.411,4.433,4.411,4.42,16317.29
2026-08-08 19:00:00+00:00,4.42,4.421,4.402,4.406,9302.98
2026-08-08 20:00:00+00:00,4.408,4.44,4.406,4.433,13664.69
2026-08-08 21:00:00+00:00,4.433,4.437,4.414,4.42,11773.11
2026-08-08 22:00:00+00:00,4.421,4.421,4.402,4.403,15424.75
2026-08-08 23:00:00+00:00,4.404,4.416,4.396,4.412,14488.5
2026-08-09 00:00:00+00:00,4.413,4.443,4.399,4.441,15596.33
2026-08-09 01:00:00+00:00,4.44,4.444,4.4,4.406,13746.35
2026-08-09 02:00:00+00:00,4.405,4.418,4.396,4.4,7078.14
2026-08-09 03:00:00+00:00,4.399,4.414,4.366,4.402,28510.72
2026-08-09 04:00:00+00:00,4.403,4.425,4.397,4.4,4893.93
2026-08-09 05:00:00+00:00,4.399,4.4,4.379,4.389,12479.77
2026-08-09 06:00:00+00:00,4.388,4.45,4.376,4.439,53950.35
2026-08-09 07:00:00+00:00,4.438,4.456,4.422,4.443,13423.63
2026-08-09 08:00:00+00:00,4.443,4.449,4.415,4.426,10905.17
2026-08-09 09:00:00+00:00,4.425,4.433,4.408,4.427,6020.9
2026-08-09 10:00:00+00:00,4.427,4.479,4.419,4.441,35045.77
2026-08-09 11:00:00+00:00,4.439,4.461,4.432,4.458,9753.01
2026-08-09 12:00:00+00:00,4.457,4.465,4.446,4.46,15880.93
2026-08-09 13:00:00+00:00,4.458,4.474,4.448,4.465,14439.32
2026-08-09 14:00:00+00:00,4.465,4.478,4.443,4.461,19263.63
2026-08-09 15:00:00+00:00,4.462,4.469,4.447,4.451,14272.71
2026-08-09 16:00:00+00:00,4.45,4.463,4.43,4.433,12013.16
2026-08-09 17:00:00+00:00,4.433,4.439,4.424,4.436,7899.07
2026-08-09 18:00:00+00:00,4.437,4.443,4.412,4.418,25111.78
2026-08-09 19:00:00+00:00,4.418,4.433,4.418,4.429,6334.93
2026-08-09 20:00:00+00:00,4.43,4.434,4.422,4.431,5478.47
2026-08-09 21:00:00+00:00,4.43,4.435,4.418,4.434,4627.2
2026-08-09 22:00:00+00:00,4.435,4.451,4.345,4.374,76387.11
2026-08-09 23:00:00+00:00,4.372,4.378,4.283,4.299,69324.46
2026-08-10 00:00:00+00:00,4.298,4.343,4.285,4.327,27419.5
2026-08-10 01:00:00+00:00,4.325,4.34,4.296,4.32,17119.72
2026-08-10 02:00:00+00:00,4.321,4.34,4.296,4.339,21002.72
2026-08-10 03:00:00+00:00,4.339,4.375,4.328,4.346,69005.37
2026-08-10 04:00:00+00:00,4.346,4.392,4.339,4.373,15428.41
2026-08-10 05:00:00+00:00,4.373,4.441,4.365,4.424,29077.13
2026-08-10 06:00:00+00:00,4.424,4.449,4.419,4.444,30545.83
2026-08-10 07:00:00+00:00,4.444,4.467,4.434,4.446,17654.24
2026-08-10 08:00:00+00:00,4.446,4.464,4.431,4.447,22624.78
2026-08-10 09:00:00+00:00,4.446,4.469,4.426,4.451,23991.76
2026-08-10 10:00:00+00:00,4.451,4.466,4.449,4.463,10074.51
2026-08-10 11:00:00+00:00,4.464,4.49,4.455,4.463,21674.57
2026-08-10 12:00:00+00:00,4.463,4.484,4.437,4.439,15566.62
2026-08-10 13:00:00+00:00,4.438,4.455,4.423,4.441,35047.65
2026-08-10 14:00:00+00:00,4.441,4.48,4.44,4.452,38122.84
2026-08-10 15:00:00+00:00,4.452,4.462,4.434,4.459,31049.58
2026-08-10 16:00:00+00:00,4.458,4.485,4.405,4.418,52103.94
2026-08-10 17:00:00+00:00,4.418,4.466,4.412,4.464,26151.88
2026-08-10 18:00:00+00:00,4.464,4.485,4.438,4.448,26265.55
2026-08-10 19:00:00+00:00,4.448,4.537,4.447,4.483,61889.58
2026-08-10 20:00:00+00:00,4.484,4.486,4.468,4.472,16690.92
2026-08-10 21:00:00+00:00,4.471,4.471,4.413,4.413,20057.8
2026-08-10 22:00:00+00:00,4.414,4.422,4.383,4.398,14805.82
2026-08-10 23:00:00+00:00,4.399,4.401,4.367,4.386,61374.06
2026-08-11 00:00:00+00:00,4.383,4.426,4.379,4.384,64687.16
2026-08-11 01:00:00+00:00,4.383,4.404,4.361,4.404,34126.86
2026-08-11 02:00:00+00:00,4.403,4.46,4.4,4.457,20021.53
2026-08-11 03:00:00+00:00,4.456,4.459,4.424,4.445,26666.37
2026-08-11 04:00:00+00:00,4.445,4.461,4.428,4.453,29813.72
2026-08-11 05:00:00+00:00,4.452,4.478,4.443,4.465,27426.25
2026-08-11 06:00:00+00:00,4.465,4.502,4.454,4.478,39524.6
2026-08-11 07:00:00+00:00,4.477,4.49,4.457,4.477,10247.85
2026-08-11 08:00:00+00:00,4.477,4.493,4.459,4.467,16659.52
2026-08-11 09:00:00+00:00,4.468,4.481,4.451,4.471,17793.23
2026-08-11 10:00:00+00:00,4.472,4.517,4.465,4.482,48174.86
2026-08-11 11:00:00+00:00,4.481,4.515,4.478,4.505,38215.22
2026-08-11 12:00:00+00:00,4.506,4.512,4.476,4.485,25080.8
2026-08-11 13:00:00+00:00,4.484,4.518,4.483,4.513,30623.52
2026-08-11 14:00:00+00:00,4.512,4.525,4.448,4.459,78310.06
2026-08-11 15:00:00+00:00,4.459,4.509,4.448,4.499,43987.65
2026-08-11 16:00:00+00:00,4.498,4.529,4.463,4.465,37168.34
2026-08-11 17:00:00+00:00,4.465,4.487,4.461,4.462,21532.56
2026-08-11 18:00:00+00:00,4.461,4.466,4.435,4.462,19018.58
2026-08-11 19:00:00+00:00,4.462,4.481,4.442,4.477,13463.46
2026-08-11 20:00:00+00:00,4.479,4.61,4.475,4.61,129899.66
2026-08-11 21:00:00+00:00,4.61,4.632,4.596,4.619,23350.83
2026-08-11 22:00:00+00:00,4.62,4.649,4.611,4.647,24539.62
2026-08-11 23:00:00+00:00,4.647,4.674,4.61,4.665,76568.02
2026-08-12 00:00:00+00:00,4.664,4.694,4.647,4.672,34551.78
2026-08-12 01:00:00+00:00,4.673,4.7,4.629,4.643,39396.12
2026-08-12 02:00:00+00:00,4.645,4.649,4.61,4.62,56093.59
2026-08-12 03:00:00+00:00,4.62,4.62,4.572,4.576,16675.86
2026-08-12 04:00:00+00:00,4.576,4.631,4.576,4.607,15153.89
2026-08-12 05:00:00+00:00,4.608,4.659,4.595,4.646,54022.71
2026-08-12 06:00:00+00:00,4.646,4.661,4.594,4.611,35157.92
2026-08-12 07:00:00+00:00,4.611,4.637,4.609,4.619,10975.4
2026-08-12 08:00:00+00:00,4.619,4.637,4.595,4.614,42310.54
2026-08-12 09:00:00+00:00,4.614,4.647,4.608,4.622,16174.56
2026-08-12 10:00:00+00:00,4.623,4.633,4.595,4.598,12048.3
2026-08-12 11:00:00+00:00,4.598,4.617,4.587,4.594,16876.05
2026-08-12 12:00:00+00:00,4.595,4.601,4.529,4.551,122618.92
2026-08-12 13:00:00+00:00,4.55,4.56,4.525,4.527,55716.49
2026-08-12 14:00:00+00:00,4.525,4.545,4.512,4.535,29661.88
2026-08-12 15:00:00+00:00,4.533,4.583,4.531,4.569,23121.73
2026-08-12 16:00:00+00:00,4.569,4.583,4.543,4.58,16357.32
2026-08-12 17:00:00+00:00,4.579,4.616,4.579,4.608,16695.86
2026-08-12 18:00:00+00:00,4.608,4.621,4.604,4.615,11274.64
2026-08-12 19:00:00+00:00,4.614,4.627,4.599,4.625,23214.67
2026-08-12 20:00:00+00:00,4.625,4.658,4.608,4.643,24209.8
2026-08-12 21:00:00+00:00,4.644,4.653,4.589,4.598,38814.58
2026-08-12 22:00:00+00:00,4.598,4.62,4.581,4.62,18790.75
2026-08-12 23:00:00+00:00,4.621,4.639,4.612,4.625,23878.86
2026-08-13 00:00:00+00:00,4.625,4.667,4.625,4.663,24899.04
2026-08-13 01:00:00+00:00,4.662,4.679,4.65,4.657,12700.44
2026-08-13 02:00:00+00:00,4.657,4.677,4.646,4.675,7512.82
2026-08-13 03:00:00+00:00,4.675,4.687,4.66,4.682,13656.1
2026-08-13 04:00:00+00:00,4.682,4.691,4.657,4.67,19477.13
2026-08-13 05:00:00+00:00,4.669,4.669,4.621,4.624,14188.31
2026-08-13 06:00:00+00:00,4.624,4.63,4.603,4.618,16580.45
2026-08-13 07:00:00+00:00,4.618,4.643,4.586,4.596,24461.32
2026-08-13 08:00:00+00:00,4.595,4.595,4.56,4.571,43763.9
2026-08-13 09:00:00+00:00,4.57,4.584,4.541,4.579,27978.26
2026-08-13 10:00:00+00:00,4.58,4.613,4.561,4.575,49970.5
2026-08-13 11:00:00+00:00,4.575,4.579,4.539,4.56,15012.02
2026-08-13 12:00:00+00:00,4.559,4.603,4.547,4.601,18451.31
2026-08-13 13:00:00+00:00,4.602,4.617,4.583,4.611,19054.6
2026-08-13 14:00:00+00:00,4.61,4.647,4.608,4.634,17091.3
2026-08-13 15:00:00+00:00,4.635,4.649,4.625,4.63,13922.0
2026-08-13 16:00:00+00:00,4.63,4.637,4.579,4.598,46120.13
2026-08-13 17:00:00+00:00,4.597,4.638,4.595,4.631,5906.97
2026-08-13 18:00:00+00:00,4.631,4.64,4.614,4.626,8736.08
2026-08-13 19:00:00+00:00,4.627,4.639,4.61,4.612,7601.87
2026-08-13 20:00:00+00:00,4.613,4.631,4.611,4.627,5100.78
2026-08-13 21:00:00+00:00,4.627,4.633,4.613,4.615,2485.42
2026-08-13 22:00:00+00:00,4.615,4.639,4.609,4.626,6299.46
2026-08-13 23:00:00+00:00,4.625,4.632,4.61,4.611,5424.2
2026-08-14 00:00:00+00:00,4.611,4.618,4.584,4.584,9090.9
2026-08-14 01:00:00+00:00,4.584,4.603,4.558,4.564,11090.13
2026-08-14 02:00:00+00:00,4.563,4.575,4.556,4.564,12114.35
2026-08-14 03:00:00+00:00,4.564,4.567,4.531,4.536,18366.42
2026-08-14 04:00:00+00:00,4.536,4.562,4.527,4.544,13217.84
2026-08-14 05:00:00+00:00,4.544,4.582,4.533,4.571,9810.6
2026-08-14 06:00:00+00:00,4.571,4.572,4.548,4.554,8107.62
2026-08-14 07:00:00+00:00,4.553,4.564,4.491,4.5,32709.6
2026-08-14 08:00:00+00:00,4.498,4.539,4.493,4.516,18311.85
2026-08-14 09:00:00+00:00,4.516,4.532,4.491,4.496,20054.44
2026-08-14 10:00:00+00:00,4.495,4.501,4.487,4.489,12876.13
2026-08-14 11:00:00+00:00,4.488,4.488,4.408,4.428,44504.35
2026-08-14 12:00:00+00:00,4.429,4.431,4.385,4.4,55126.6
2026-08-14 13:00:00+00:00,4.401,4.423,4.399,4.417,16708.89
2026-08-14 14:00:00+00:00,4.417,4.426,4.218,4.233,147463.5
2026-08-14 15:00:00+00:00,4.232,4.352,4.16,4.227,400637.06
2026-08-14 16:00:00+00:00,4.228,4.307,4.22,4.291,193948.21
2026-08-14 17:00:00+00:00,4.291,4.332,4.261,4.293,119094.34
2026-08-14 18:00:00+00:00,4.294,4.354,4.22,4.263,290142.02
2026-08-14 19:00:00+00:00,4.263,4.297,4.246,4.29,36799.61
2026-08-14 20:00:00+00:00,4.291,4.302,4.267,4.268,15653.75
2026-08-14 21:00:00+00:00,4.268,4.274,4.226,4.23,15688.52
2026-08-14 22:00:00+00:00,4.23,4.233,4.2,4.214,21015.66
2026-08-14 23:00:00+00:00,4.214,4.286,4.21,4.276,30231.17
2026-08-15 00:00:00+00:00,4.275,4.292,4.27,4.272,15950.16
2026-08-15 01:00:00+00:00,4.272,4.279,4.242,4.251,10773.59
2026-08-15 02:00:00+00:00,4.252,4.263,4.236,4.247,15215.32
2026-08-15 03:00:00+00:00,4.248,4.263,4.229,4.241,14008.67
2026-08-15 04:00:00+00:00,4.242,4.251,4.23,4.231,18947.06
2026-08-15 05:00:00+00:00,4.231,4.232,4.205,4.215,26562.86
2026-08-15 06:00:00+00:00,4.216,4.218,4.181,4.192,35127.35
2026-08-15 07:00:00+00:00,4.192,4.203,4.168,4.186,39426.54
2026-08-15 08:00:00+00:00,4.187,4.218,4.167,4.192,46779.59
2026-08-15 09:00:00+00:00,4.192,4.198,4.184,4.191,11308.49
2026-08-15 10:00:00+00:00,4.192,4.21,4.181,4.204,16762.47
2026-08-15 11:00:00+00:00,4.203,4.209,4.174,4.178,16518.85
2026-08-15 12:00:00+00:00,4.177,4.202,4.172,4.202,20289.3
2026-08-15 13:00:00+00:00,4.202,4.211,4.177,4.182,35712.94
2026-08-15 14:00:00+00:00,4.182,4.199,4.108,4.15,256140.07
2026-08-15 15:00:00+00:00,4.149,4.2,4.144,4.2,41166.49
2026-08-15 16:00:00+00:00,4.201,4.239,4.191,4.192,31808.55
2026-08-15 17:00:00+00:00,4.192,4.207,4.19,4.206,12677.63
2026-08-15 18:00:00+00:00,4.206,4.207,4.177,4.18,11088.39
2026-08-15 19:00:00+00:00,4.18,4.192,4.173,4.188,7478.96
2026-08-15 20:00:00+00:00,4.189,4.19,4.173,4.179,9258.78
2026-08-15 21:00:00+00:00,4.18,4.186,4.167,4.176,8369.72
2026-08-15 22:00:00+00:00,4.177,4.183,4.141,4.149,15135.35
2026-08-15 23:00:00+00:00,4.148,4.174,4.145,4.173,9536.56
2026-08-16 00:00:00+00:00,4.174,4.223,4.172,4.218,25738.84
2026-08-16 01:00:00+00:00,4.219,4.224,4.171,4.18,12648.32
2026-08-16 02:00:00+00:00,4.181,4.185,4.161,4.167,11637.62
2026-08-16 03:00:00+00:00,4.167,4.178,4.159,4.163,8915.42
2026-08-16 04:00:00+00:00,4.163,4.189,4.157,4.189,6844.5
2026-08-16 05:00:00+00:00,4.19,4.19,4.166,4.17,7366.1
2026-08-16 06:00:00+00:00,4.169,4.173,4.073,4.093,172576.39
2026-08-16 07:00:00+00:00,4.093,4.131,4.091,4.131,20809.87
2026-08-16 08:00:00+00:00,4.131,4.134,4.105,4.108,22440.62
2026-08-16 09:00:00+00:00,4.107,4.111,4.093,4.107,15604.56
2026-08-16 10:00:00+00:00,4.106,4.111,4.051,4.071,119042.49
2026-08-16 11:00:00+00:00,4.071,4.111,4.07,4.107,29332.26
2026-08-16 12:00:00+00:00,4.107,4.124,4.104,4.115,8382.32
2026-08-16 13:00:00+00:00,4.116,4.121,4.106,4.106,11785.54
2026-08-16 14:00:00+00:00,4.106,4.132,4.105,4.126,18393.88
2026-08-16 15:00:00+00:00,4.126,4.138,4.121,4.133,13511.82
2026-08-16 16:00:00+00:00,4.133,4.149,4.1,4.101,32957.91
2026-08-16 17:00:00+00:00,4.102,4.157,4.089,4.14,70771.31
2026-08-16 18:00:00+00:00,4.141,4.142,4.103,4.108,43829.68
2026-08-16 19:00:00+00:00,4.108,4.121,4.103,4.107,24422.75
2026-08-16 20:00:00+00:00,4.108,4.11,4.07,4.072,19357.74
2026-08-16 21:00:00+00:00,4.071,4.081,4.037,4.047,43017.48
2026-08-16 22:00:00+00:00,4.046,4.083,4.036,4.079,34614.86
2026-08-16 23:00:00+00:00,4.079,4.088,4.069,4.082,17343.68
2026-08-17 00:00:00+00:00,4.083,4.092,4.066,4.081,10101.1
2026-08-17 01:00:00+00:00,4.08,4.1,4.076,4.077,11721.33
2026-08-17 02:00:00+00:00,4.078,4.151,4.071,4.146,35673.35
2026-08-17 03:00:00+00:00,4.146,4.162,4.138,4.151,27019.56
2026-08-17 04:00:00+00:00,4.153,4.177,4.151,4.164,36160.97
2026-08-17 05:00:00+00:00,4.164,4.18,4.16,4.169,35051.7
2026-08-17 06:00:00+00:00,4.169,4.189,4.151,4.168,53647.82
2026-08-17 07:00:00+00:00,4.168,4.191,4.153,4.174,32923.83
2026-08-17 08:00:00+00:00,4.175,4.176,4.064,4.088,214916.5
2026-08-17 09:00:00+00:00,4.088,4.105,4.088,4.1,25615.57
2026-08-17 10:00:00+00:00,4.101,4.12,4.1,4.116,8395.95
2026-08-17 11:00:00+00:00,4.115,4.123,4.103,4.103,16265.12
2026-08-17 12:00:00+00:00,4.104,4.122,4.089,4.122,16810.71
2026-08-17 13:00:00+00:00,4.122,4.133,4.1,4.117,26038.89
2026-08-17 14:00:00+00:00,4.117,4.121,4.102,4.117,9955.21
2026-08-17 15:00:00+00:00,4.116,4.14,4.084,4.138,27921.87
2026-08-17 16:00:00+00:00,4.137,4.153,4.108,4.115,42194.59
2026-08-17 17:00:00+00:00,4.115,4.137,4.1,4.123,20997.09
2026-08-17 18:00:00+00:00,4.123,4.132,4.113,4.131,13544.37
2026-08-17 19:00:00+00:00,4.131,4.136,4.119,4.128,8936.98
2026-08-17 20:00:00+00:00,4.127,4.127,4.103,4.104,9425.47
2026-08-17 21:00:00+00:00,4.104,4.108,4.055,4.08,25869.25
2026-08-17 22:00:00+00:00,4.079,4.082,4.044,4.055,22012.55
2026-08-17 23:00:00+00:00,4.055,4.083,4.046,4.082,12698.18
2026-08-18 00:00:00+00:00,4.082,4.087,4.058,4.067,14334.69
2026-08-18 01:00:00+00:00,4.067,4.082,4.047,4.057,16150.17
2026-08-18 02:00:00+00:00,4.056,4.056,3.957,3.997,69724.56
2026-08-18 03:00:00+00:00,3.996,4.041,3.994,4.032,21046.58
2026-08-18 04:00:00+00:00,4.032,4.053,4.027,4.053,16426.17
2026-08-18 05:00:00+00:00,4.053,4.056,4.011,4.014,17427.21
2026-08-18 06:00:00+00:00,4.013,4.068,4.0,4.058,49090.36
2026-08-18 07:00:00+00:00,4.058,4.06,4.02,4.021,19875.63
2026-08-18 08:00:00+00:00,4.022,4.027,4.006,4.013,37199.72
2026-08-18 09:00:00+00:00,4.013,4.03,4.009,4.026,7476.28
2026-08-18 10:00:00+00:00,4.027,4.051,4.027,4.051,12225.02
2026-08-18 11:00:00+00:00,4.051,4.076,4.047,4.072,15075.93
2026-08-18 12:00:00+00:00,4.071,4.084,4.06,4.078,19668.36
2026-08-18 13:00:00+00:00,4.079,4.09,4.054,4.06,20424.31
2026-08-18 14:00:00+00:00,4.061,4.082,4.039,4.045,24471.47
2026-08-18 15:00:00+00:00,4.046,4.071,4.043,4.065,9272.83
2026-08-18 16:00:00+00:00,4.066,4.073,4.037,4.061,8726.43
2026-08-18 17:00:00+00:00,4.061,4.061,4.05,4.055,13983.4
2026-08-18 18:00:00+00:00,4.055,4.079,4.045,4.07,15850.61
2026-08-18 19:00:00+00:00,4.071,4.08,4.05,4.052,11657.54
2026-08-18 20:00:00+00:00,4.052,4.059,4.042,4.053,4758.72
2026-08-18 21:00:00+00:00,4.052,4.082,4.05,4.082,11206.54
2026-08-18 22:00:00+00:00,4.083,4.1,4.056,4.06,16170.31
2026-08-18 23:00:00+00:00,4.06,4.085,4.06,4.085,9121.44
2026-08-19 00:00:00+00:00,4.086,4.124,4.057,4.105,28574.76
2026-08-19 01:00:00+00:00,4.105,4.148,4.095,4.136,29627.37
2026-08-19 02:00:00+00:00,4.137,4.148,4.132,4.143,18011.75
2026-08-19 03:00:00+00:00,4.142,4.153,4.136,4.143,13077.08
2026-08-19 04:00:00+00:00,4.144,4.168,4.136,4.154,12554.45
2026-08-19 05:00:00+00:00,4.154,4.162,4.141,4.155,8981.47
2026-08-19 06:00:00+00:00,4.155,4.271,4.141,4.243,71044.25
2026-08-19 07:00:00+00:00,4.244,4.271,4.199,4.243,74370.61
2026-08-19 08:00:00+00:00,4.242,4.254,4.204,4.235,29714.24
2026-08-19 09:00:00+00:00,4.235,4.244,4.205,4.208,28694.98
2026-08-19 10:00:00+00:00,4.208,4.238,4.203,4.236,18509.92
2026-08-19 11:00:00+00:00,4.236,4.261,4.21,4.245,27055.8
2026-08-19 12:00:00+00:00,4.246,4.257,4.227,4.243,15141.4
2026-08-19 13:00:00+00:00,4.242,4.269,4.23,4.245,29364.7
2026-08-19 14:00:00+00:00,4.245,4.31,4.239,4.299,67518.73
2026-08-19 15:00:00+00:00,4.3,4.431,4.3,4.323,185470.36
2026-08-19 16:00:00+00:00,4.324,4.409,4.321,4.391,108506.52
2026-08-19 17:00:00+00:00,4.391,4.428,4.352,4.424,38563.35
2026-08-19 18:00:00+00:00,4.424,4.424,4.381,4.417,25649.88
2026-08-19 19:00:00+00:00,4.416,4.554,4.408,4.52,90271.69
2026-08-19 20:00:00+00:00,4.522,4.61,4.514,4.547,113904.42
2026-08-19 21:00:00+00:00,4.548,4.664,4.538,4.624,80419.72
2026-08-19 22:00:00+00:00,4.624,4.632,4.557,4.585,71609.55
2026-08-19 23:00:00+00:00,4.583,4.618,4.566,4.582,40037.35
2026-08-20 00:00:00+00:00,4.581,4.641,4.542,4.633,61234.92
2026-08-20 01:00:00+00:00,4.632,4.66,4.599,4.625,46659.81
2026-08-20 02:00:00+00:00,4.625,4.668,4.593,4.608,44778.0
2026-08-20 03:00:00+00:00,4.608,4.616,4.555,4.613,68290.56
2026-08-20 04:00:00+00:00,4.613,4.689,4.605,4.665,33766.26
2026-08-20 05:00:00+00:00,4.666,4.691,4.649,4.667,33115.47
2026-08-20 06:00:00+00:00,4.665,4.671,4.627,4.643,63530.85
2026-08-20 07:00:00+00:00,4.643,4.653,4.601,4.623,20810.67
2026-08-20 08:00:00+00:00,4.623,4.774,4.621,4.766,72690.72
2026-08-20 09:00:00+00:00,4.766,4.828,4.757,4.774,62036.61
2026-08-20 10:00:00+00:00,4.773,4.885,4.773,4.874,88277.67
2026-08-20 11:00:00+00:00,4.874,4.893,4.828,4.865,112497.57
2026-08-20 12:00:00+00:00,4.864,4.887,4.709,4.762,377423.3
2026-08-20 13:00:00+00:00,4.762,4.835,4.732,4.746,148925.54
2026-08-20 14:00:00+00:00,4.747,4.759,4.637,4.716,162773.78
2026-08-20 15:00:00+00:00,4.715,4.778,4.71,4.76,122887.46
2026-08-20 16:00:00+00:00,4.76,4.773,4.712,4.772,123891.22
2026-08-20 17:00:00+00:00,4.772,4.78,4.746,4.75,63551.23
2026-08-20 18:00:00+00:00,4.751,4.754,4.688,4.703,52646.26
2026-08-20 19:00:00+00:00,4.702,4.759,4.696,4.716,41390.67
2026-08-20 20:00:00+00:00,4.716,4.775,4.707,4.762,56349.33
2026-08-20 21:00:00+00:00,4.762,4.782,4.736,4.759,80507.66
2026-08-20 22:00:00+00:00,4.761,4.777,4.751,4.758,44452.23
2026-08-20 23:00:00+00:00,4.759,4.783,4.743,4.771,67779.78
2026-08-21 00:00:00+00:00,4.771,4.782,4.727,4.754,30184.74
2026-08-21 01:00:00+00:00,4.754,4.784,4.731,4.77,65010.35
2026-08-21 02:00:00+00:00,4.769,4.783,4.753,4.765,59402.15
2026-08-21 03:00:00+00:00,4.765,4.774,4.747,4.751,23341.89
2026-08-21 04:00:00+00:00,4.753,4.785,4.724,4.768,99304.89
2026-08-21 05:00:00+00:00,4.769,4.814,4.75,4.811,162383.89
2026-08-21 06:00:00+00:00,4.811,4.857,4.792,4.843,111649.58
2026-08-21 07:00:00+00:00,4.842,4.912,4.805,4.889,262684.21
2026-08-21 08:00:00+00:00,4.889,5.029,4.855,5.003,137741.11
2026-08-21 09:00:00+00:00,5.003,5.015,4.817,4.921,235273.24
2026-08-21 10:00:00+00:00,4.921,4.939,4.88,4.928,64442.26
2026-08-21 11:00:00+00:00,4.927,4.934,4.839,4.861,84820.45
2026-08-21 12:00:00+00:00,4.862,4.996,4.85,4.984,133502.04
2026-08-21 13:00:00+00:00,4.984,5.053,4.953,4.992,107572.16
2026-08-21 14:00:00+00:00,4.991,5.058,4.955,4.986,75244.74
2026-08-21 15:00:00+00:00,4.987,5.033,4.96,4.968,62573.72
2026-08-21 16:00:00+00:00,4.968,5.022,4.966,4.996,85976.21
2026-08-21 17:00:00+00:00,4.997,5.002,4.929,4.953,58221.91
2026-08-21 18:00:00+00:00,4.953,4.972,4.893,4.904,44521.02
2026-08-21 19:00:00+00:00,4.903,4.907,4.857,4.866,55720.17
2026-08-21 20:00:00+00:00,4.867,4.931,4.855,4.927,48920.07
2026-08-21 21:00:00+00:00,4.927,5.02,4.921,5.008,51663.35
2026-08-21 22:00:00+00:00,5.008,5.069,4.988,5.063,81103.7
2026-08-21 23:00:00+00:00,5.064,5.126,5.035,5.061,88963.3
2026-08-22 00:00:00+00:00,5.062,5.094,5.019,5.092,74927.8
2026-08-22 01:00:00+00:00,5.093,5.126,5.032,5.047,73944.74
2026-08-22 02:00:00+00:00,5.047,5.209,5.047,5.177,112408.67
2026-08-22 03:00:00+00:00,5.178,5.269,5.169,5.194,113598.1
2026-08-22 04:00:00+00:00,5.194,5.34,5.192,5.297,242294.45
2026-08-22 05:00:00+00:00,5.296,5.31,4.582,4.966,799808.0
2026-08-22 06:00:00+00:00,4.966,4.991,4.866,4.987,91623.68
2026-08-22 07:00:00+00:00,4.986,5.0,4.923,4.938,94462.97
2026-08-22 08:00:00+00:00,4.938,4.962,4.846,4.879,125101.76
2026-08-22 09:00:00+00:00,4.88,4.891,4.812,4.835,65540.62
2026-08-22 10:00:00+00:00,4.836,4.838,4.718,4.788,95326.14
2026-08-22 11:00:00+00:00,4.788,4.81,4.748,4.806,54240.06
2026-08-22 12:00:00+00:00,4.806,4.841,4.788,4.789,42432.2
2026-08-22 13:00:00+00:00,4.789,4.817,4.757,4.805,88520.46
2026-08-22 14:00:00+00:00,4.804,4.863,4.723,4.81,145471.95
2026-08-22 15:00:00+00:00,4.812,4.833,4.767,4.8,36155.63
2026-08-22 16:00:00+00:00,4.799,4.975,4.798,4.897,62238.74
2026-08-22 17:00:00+00:00,4.897,4.999,4.871,4.973,71826.07
2026-08-22 18:00:00+00:00,4.974,4.982,4.918,4.978,36099.49
2026-08-22 19:00:00+00:00,4.977,4.991,4.936,4.956,21098.53
2026-08-22 20:00:00+00:00,4.956,4.998,4.93,4.945,39617.37
2026-08-22 21:00:00+00:00,4.945,4.958,4.862,4.879,29734.37
2026-08-22 22:00:00+00:00,4.878,4.996,4.858,4.955,52987.66
2026-08-22 23:00:00+00:00,4.956,4.965,4.862,4.935,50530.56
2026-08-23 00:00:00+00:00,4.934,4.962,4.903,4.937,30032.6
2026-08-23 01:00:00+00:00,4.937,4.95,4.904,4.915,25493.15
2026-08-23 02:00:00+00:00,4.915,4.985,4.89,4.919,37346.69
2026-08-23 03:00:00+00:00,4.918,4.924,4.791,4.837,71229.73
2026-08-23 04:00:00+00:00,4.837,4.914,4.775,4.778,55048.84
2026-08-23 05:00:00+00:00,4.778,4.852,4.736,4.79,162763.93
2026-08-23 06:00:00+00:00,4.79,4.851,4.782,4.82,30534.35
2026-08-23 07:00:00+00:00,4.82,4.885,4.811,4.816,34161.42
2026-08-23 08:00:00+00:00,4.816,4.885,4.804,4.885,25966.44
2026-08-23 09:00:00+00:00,4.885,4.954,4.882,4.935,33471.64
2026-08-23 10:00:00+00:00,4.937,5.055,4.936,5.028,84948.44
2026-08-23 11:00:00+00:00,5.028,5.098,4.996,5.064,92197.89
2026-08-23 12:00:00+00:00,5.064,5.089,5.019,5.052,100115.64
2026-08-23 13:00:00+00:00,5.052,5.149,5.051,5.132,71313.97
2026-08-23 14:00:00+00:00,5.133,5.199,5.0,5.155,165691.15
2026-08-23 15:00:00+00:00,5.154,5.256,5.115,5.221,92939.26
2026-08-23 16:00:00+00:00,5.224,5.352,5.205,5.277,212047.05
2026-08-23 17:00:00+00:00,5.278,5.341,5.229,5.242,98215.42
2026-08-23 18:00:00+00:00,5.242,5.346,5.23,5.337,60876.26
2026-08-23 19:00:00+00:00,5.338,5.372,5.302,5.304,49569.73
2026-08-23 20:00:00+00:00,5.304,5.348,5.26,5.33,46299.82
2026-08-23 21:00:00+00:00,5.329,5.392,5.317,5.372,89571.37
2026-08-23 22:00:00+00:00,5.373,5.434,5.332,5.388,57160.44
2026-08-23 23:00:00+00:00,5.387,5.464,5.314,5.356,103582.37
2026-08-24 00:00:00+00:00,5.355,5.405,5.272,5.357,115724.62
2026-08-24 01:00:00+00:00,5.358,5.406,5.325,5.344,62271.29
2026-08-24 02:00:00+00:00,5.343,5.423,5.271,5.303,84393.23
2026-08-24 03:00:00+00:00,5.302,5.344,5.263,5.271,46440.11
2026-08-24 04:00:00+00:00,5.272,5.309,5.2,5.219,159997.22
2026-08-24 05:00:00+00:00,5.219,5.327,5.195,5.312,61619.46
2026-08-24 06:00:00+00:00,5.311,5.365,5.268,5.303,91110.68
2026-08-24 07:00:00+00:00,5.303,5.401,5.288,5.355,75290.6
2026-08-24 08:00:00+00:00,5.356,5.37,5.281,5.353,47788.49
2026-08-24 09:00:00+00:00,5.352,5.417,5.345,5.394,54030.02
2026-08-24 10:00:00+00:00,5.393,5.418,5.35,5.362,50819.76
2026-08-24 11:00:00+00:00,5.362,5.493,5.326,5.466,135703.91
2026-08-24 12:00:00+00:00,5.465,5.508,5.349,5.5,136970.16
2026-08-24 13:00:00+00:00,5.5,5.522,5.431,5.49,163788.09
2026-08-24 14:00:00+00:00,5.489,5.792,5.485,5.733,397818.58
2026-08-24 15:00:00+00:00,5.733,5.802,5.65,5.671,255254.76
2026-08-24 16:00:00+00:00,5.671,5.998,5.665,5.903,416023.81
2026-08-24 17:00:00+00:00,5.904,6.01,5.754,5.76,413479.42
2026-08-24 18:00:00+00:00,5.76,5.878,5.714,5.828,230535.53
2026-08-24 19:00:00+00:00,5.829,5.831,5.571,5.596,238555.5
2026-08-24 20:00:00+00:00,5.597,5.728,5.584,5.697,66906.15
2026-08-24 21:00:00+00:00,5.697,5.747,5.65,5.692,46617.38
2026-08-24 22:00:00+00:00,5.692,5.712,5.606,5.627,28751.72
2026-08-24 23:00:00+00:00,5.628,5.7,5.606,5.694,46990.29
2026-08-25 00:00:00+00:00,5.694,5.82,5.681,5.799,87538.32
2026-08-25 01:00:00+00:00,5.798,5.842,5.741,5.83,73601.78
2026-08-25 02:00:00+00:00,5.83,5.994,5.827,5.958,152470.16
2026-08-25 03:00:00+00:00,5.959,5.981,5.873,5.912,117336.19
2026-08-25 04:00:00+00:00,5.913,6.002,5.865,5.943,223225.29
2026-08-25 05:00:00+00:00,5.944,5.997,5.921,5.934,81423.64
2026-08-25 06:00:00+00:00,5.935,5.988,5.838,5.87,172173.32
2026-08-25 07:00:00+00:00,5.869,5.998,5.826,5.901,140150.8
2026-08-25 08:00:00+00:00,5.901,6.057,5.892,5.907,229884.7
2026-08-25 09:00:00+00:00,5.908,5.935,5.801,5.809,83847.34
2026-08-25 10:00:00+00:00,5.809,5.901,5.72,5.833,130849.61
2026-08-25 11:00:00+00:00,5.833,5.923,5.8,5.888,64711.56
2026-08-25 12:00:00+00:00,5.889,5.957,5.812,5.939,96939.87
2026-08-25 13:00:00+00:00,5.939,5.98,5.78,5.869,153215.37
2026-08-25 14:00:00+00:00,5.868,5.868,5.694,5.738,152316.43
2026-08-25 15:00:00+00:00,5.74,5.773,5.668,5.769,56269.07
2026-08-25 16:00:00+00:00,5.769,5.793,5.722,5.749,72371.84
2026-08-25 17:00:00+00:00,5.749,5.76,5.629,5.711,38845.56
2026-08-25 18:00:00+00:00,5.712,5.718,5.652,5.66,25132.02
2026-08-25 19:00:00+00:00,5.661,5.671,5.607,5.639,33878.95
2026-08-25 20:00:00+00:00,5.641,5.647,5.411,5.432,172870.7
2026-08-25 21:00:00+00:00,5.432,5.566,5.357,5.56,129879.15
2026-08-25 22:00:00+00:00,5.56,5.671,5.554,5.644,77143.02
2026-08-25 23:00:00+00:00,5.643,5.661,5.544,5.569,47160.0
2026-08-26 00:00:00+00:00,5.569,5.598,5.518,5.576,60784.18
2026-08-26 01:00:00+00:00,5.575,5.609,5.538,5.59,28953.85
2026-08-26 02:00:00+00:00,5.59,5.684,5.585,5.616,37002.16
2026-08-26 03:00:00+00:00,5.615,5.625,5.544,5.556,52130.16
2026-08-26 04:00:00+00:00,5.555,5.632,5.55,5.576,24576.9
2026-08-26 05:00:00+00:00,5.575,5.577,5.502,5.52,40991.32
2026-08-26 06:00:00+00:00,5.52,5.559,5.501,5.551,20789.83
2026-08-26 07:00:00+00:00,5.552,5.552,5.516,5.534,31696.0
2026-08-26 08:00:00+00:00,5.534,5.587,5.495,5.5,25682.73
2026-08-26 09:00:00+00:00,5.501,5.534,5.48,5.498,36434.25
2026-08-26 10:00:00+00:00,5.497,5.505,5.451,5.489,40033.56
2026-08-26 11:00:00+00:00,5.489,5.494,5.405,5.416,47835.51
2026-08-26 12:00:00+00:00,5.417,5.558,5.417,5.47,102002.5
2026-08-26 13:00:00+00:00,5.469,5.479,5.334,5.38,126113.68
2026-08-26 14:00:00+00:00,5.381,5.416,5.313,5.326,75118.81
2026-08-26 15:00:00+00:00,5.327,5.374,5.293,5.322,71257.2
2026-08-26 16:00:00+00:00,5.322,5.332,5.259,5.285,44355.59
2026-08-26 17:00:00+00:00,5.286,5.377,5.283,5.326,17832.12
2026-08-26 18:00:00+00:00,5.326,5.41,5.311,5.391,32261.85
2026-08-26 19:00:00+00:00,5.39,5.461,5.362,5.455,40397.23
2026-08-26 20:00:00+00:00,5.454,5.471,5.347,5.406,88533.46
2026-08-26 21:00:00+00:00,5.407,5.47,5.394,5.43,44763.14
2026-08-26 22:00:00+00:00,5.429,5.502,5.426,5.447,52161.5
2026-08-26 23:00:00+00:00,5.446,5.564,5.435,5.555,100266.73
2026-08-27 00:00:00+00:00,5.556,5.609,5.514,5.536,144396.43
2026-08-27 01:00:00+00:00,5.535,5.595,5.527,5.557,50433.9
2026-08-27 02:00:00+00:00,5.557,5.57,5.435,5.461,81437.88
2026-08-27 03:00:00+00:00,5.461,5.515,5.441,5.451,44267.29
2026-08-27 04:00:00+00:00,5.452,5.464,5.385,5.398,70929.53
2026-08-27 05:00:00+00:00,5.399,5.424,5.339,5.39,30917.17
2026-08-27 06:00:00+00:00,5.39,5.414,5.327,5.405,63228.57
2026-08-27 07:00:00+00:00,5.404,5.49,5.392,5.476,41845.25
2026-08-27 08:00:00+00:00,5.476,5.585,5.455,5.54,111213.96
2026-08-27 09:00:00+00:00,5.54,5.58,5.49,5.501,75678.14
2026-08-27 10:00:00+00:00,5.501,5.556,5.416,5.441,73064.66
2026-08-27 11:00:00+00:00,5.44,5.52,5.399,5.431,75248.35
2026-08-27 12:00:00+00:00,5.431,5.487,5.431,5.446,27484.3
2026-08-27 13:00:00+00:00,5.446,5.49,5.371,5.463,49851.81
2026-08-27 14:00:00+00:00,5.462,5.566,5.426,5.544,80792.07
2026-08-27 15:00:00+00:00,5.544,5.629,5.52,5.546,175571.87
2026-08-27 16:00:00+00:00,5.546,5.57,5.5,5.51,82329.93
2026-08-27 17:00:00+00:00,5.509,5.567,5.494,5.526,82184.42
2026-08-27 18:00:00+00:00,5.526,5.526,5.422,5.482,38570.07
2026-08-27 19:00:00+00:00,5.481,5.5,5.454,5.483,16576.2
2026-08-27 20:00:00+00:00,5.483,5.51,5.454,5.5,16101.79
2026-08-27 21:00:00+00:00,5.501,5.505,5.435,5.481,53265.4
2026-08-27 22:00:00+00:00,5.482,5.509,5.462,5.47,21088.36
2026-08-27 23:00:00+00:00,5.469,5.523,5.465,5.496,21510.43
2026-08-28 00:00:00+00:00,5.497,5.531,5.466,5.488,81529.79
2026-08-28 01:00:00+00:00,5.488,5.584,5.434,5.44,62345.15
2026-08-28 02:00:00+00:00,5.441,5.447,5.277,5.322,129499.14
2026-08-28 03:00:00+00:00,5.321,5.347,5.292,5.347,25280.01
2026-08-28 04:00:00+00:00,5.347,5.357,5.298,5.344,22109.23
2026-08-28 05:00:00+00:00,5.343,5.371,5.311,5.337,24610.2
2026-08-28 06:00:00+00:00,5.338,5.389,5.338,5.368,16182.1
2026-08-28 07:00:00+00:00,5.368,5.371,5.316,5.355,28447.14
2026-08-28 08:00:00+00:00,5.355,5.367,5.286,5.298,27250.26
2026-08-28 09:00:00+00:00,5.296,5.335,5.275,5.291,40802.39
2026-08-28 10:00:00+00:00,5.291,5.381,5.25,5.381,47585.54
2026-08-28 11:00:00+00:00,5.381,5.396,5.35,5.365,17220.59
2026-08-28 12:00:00+00:00,5.365,5.419,5.36,5.389,38340.7
2026-08-28 13:00:00+00:00,5.389,5.434,5.366,5.399,44288.54
2026-08-28 14:00:00+00:00,5.401,5.463,5.307,5.433,77506.04
2026-08-28 15:00:00+00:00,5.434,5.454,5.279,5.284,42811.16
2026-08-28 16:00:00+00:00,5.286,5.293,5.139,5.202,173909.4
2026-08-28 17:00:00+00:00,5.203,5.214,5.16,5.185,25630.77
2026-08-28 18:00:00+00:00,5.184,5.184,5.088,5.11,96599.61
2026-08-28 19:00:00+00:00,5.111,5.135,5.108,5.123,16885.85
2026-08-28 20:00:00+00:00,5.122,5.176,5.121,5.155,31842.62
2026-08-28 21:00:00+00:00,5.156,5.157,5.082,5.1,114129.3
2026-08-28 22:00:00+00:00,5.1,5.177,5.096,5.174,21060.89
2026-08-28 23:00:00+00:00,5.172,5.177,5.139,5.149,12427.84
2026-08-29 00:00:00+00:00,5.15,5.197,5.147,5.154,26002.54
2026-08-29 01:00:00+00:00,5.154,5.159,5.135,5.145,11786.55
2026-08-29 02:00:00+00:00,5.146,5.156,5.097,5.121,13358.67
2026-08-29 03:00:00+00:00,5.121,5.128,5.036,5.039,40857.4
2026-08-29 04:00:00+00:00,5.04,5.1,5.037,5.089,17403.85
2026-08-29 05:00:00+00:00,5.089,5.101,5.077,5.097,9614.59
2026-08-29 06:00:00+00:00,5.098,5.102,5.047,5.052,15033.7
2026-08-29 07:00:00+00:00,5.055,5.098,5.042,5.044,48711.93
2026-08-29 08:00:00+00:00,5.043,5.044,5.017,5.021,21619.64
2026-08-29 09:00:00+00:00,5.022,5.059,5.019,5.044,18343.01
2026-08-29 10:00:00+00:00,5.043,5.053,5.021,5.022,17507.36
2026-08-29 11:00:00+00:00,5.022,5.061,5.002,5.038,27762.78
2026-08-29 12:00:00+00:00,5.039,5.052,5.009,5.015,21813.21
2026-08-29 13:00:00+00:00,5.016,5.025,4.997,5.016,29119.28
2026-08-29 14:00:00+00:00,5.017,5.113,5.008,5.098,42902.14
2026-08-29 15:00:00+00:00,5.099,5.099,5.044,5.075,41791.97
2026-08-29 16:00:00+00:00,5.075,5.117,5.068,5.082,51725.92
2026-08-29 17:00:00+00:00,5.083,5.093,5.057,5.066,18712.85
2026-08-29 18:00:00+00:00,5.065,5.089,5.056,5.074,16250.33
2026-08-29 19:00:00+00:00,5.075,5.125,5.074,5.114,24540.37
2026-08-29 20:00:00+00:00,5.115,5.204,5.107,5.169,45310.88
2026-08-29 21:00:00+00:00,5.169,5.189,5.141,5.152,11347.84
2026-08-29 22:00:00+00:00,5.152,5.169,5.139,5.151,12766.65
2026-08-29 23:00:00+00:00,5.152,5.175,5.136,5.165,12006.24
2026-08-30 00:00:00+00:00,5.166,5.179,5.138,5.138,13643.92
2026-08-30 01:00:00+00:00,5.138,5.139,5.108,5.115,17469.04
2026-08-30 02:00:00+00:00,5.116,5.135,5.113,5.117,11894.02
2026-08-30 03:00:00+00:00,5.117,5.123,5.092,5.101,9598.47
2026-08-30 04:00:00+00:00,5.1,5.125,5.077,5.106,20520.37
2026-08-30 05:00:00+00:00,5.104,5.199,5.103,5.153,25498.02
2026-08-30 06:00:00+00:00,5.156,5.189,5.137,5.179,17745.78
2026-08-30 07:00:00+00:00,5.178,5.21,5.16,5.19,20992.79
2026-08-30 08:00:00+00:00,5.189,5.222,5.165,5.182,25265.0
2026-08-30 09:00:00+00:00,5.178,5.216,5.176,5.185,13931.42
2026-08-30 10:00:00+00:00,5.184,5.201,5.155,5.198,12936.96
2026-08-30 11:00:00+00:00,5.196,5.273,5.178,5.263,51622.37
2026-08-30 12:00:00+00:00,5.264,5.304,5.25,5.291,97991.03
2026-08-30 13:00:00+00:00,5.291,5.365,5.276,5.336,87687.74
2026-08-30 14:00:00+00:00,5.334,5.366,5.28,5.29,44246.97
2026-08-30 15:00:00+00:00,5.292,5.314,5.254,5.271,47596.57
2026-08-30 16:00:00+00:00,5.269,5.339,5.266,5.338,27717.5
2026-08-30 17:00:00+00:00,5.336,5.338,5.276,5.322,27657.44
2026-08-30 18:00:00+00:00,5.322,5.328,5.258,5.288,21910.38
2026-08-30 19:00:00+00:00,5.292,5.294,5.226,5.243,23289.37
2026-08-30 20:00:00+00:00,5.246,5.265,5.203,5.242,16649.51
2026-08-30 21:00:00+00:00,5.242,5.25,5.134,5.221,61563.33
2026-08-30 22:00:00+00:00,5.222,5.25,5.12,5.13,25408.14
2026-08-30 23:00:00+00:00,5.13,5.132,4.917,4.987,182223.61
2026-08-31 00:00:00+00:00,4.984,5.006,4.936,4.985,156009.92
2026-08-31 01:00:00+00:00,4.982,4.994,4.883,4.887,245152.55
2026-08-31 02:00:00+00:00,4.886,4.941,4.876,4.907,34486.48
2026-08-31 03:00:00+00:00,4.907,4.978,4.897,4.967,30805.06
2026-08-31 04:00:00+00:00,4.967,4.972,4.914,4.949,17606.53
2026-08-31 05:00:00+00:00,4.948,5.059,4.934,5.028,44597.76
2026-08-31 06:00:00+00:00,5.027,5.058,5.011,5.027,26813.53
2026-08-31 07:00:00+00:00,5.027,5.06,5.015,5.017,36706.58
2026-08-31 08:00:00+00:00,5.018,5.033,4.978,5.009,16632.02
2026-08-31 09:00:00+00:00,5.006,5.041,4.995,5.017,16718.37
2026-08-31 10:00:00+00:00,5.017,5.059,5.003,5.036,17745.91
2026-08-31 11:00:00+00:00,5.034,5.038,4.986,4.999,16059.59
2026-08-31 12:00:00+00:00,4.997,5.02,4.943,4.966,24115.97
2026-08-31 13:00:00+00:00,4.968,5.0,4.924,4.939,30537.39
2026-08-31 14:00:00+00:00,4.939,5.041,4.927,5.032,29598.37
2026-08-31 15:00:00+00:00,5.033,5.042,4.946,4.951,48743.62
2026-08-31 16:00:00+00:00,4.951,4.989,4.909,4.933,83736.74
2026-08-31 17:00:00+00:00,4.933,5.029,4.929,4.997,58100.74
2026-08-31 18:00:00+00:00,4.995,5.016,4.959,4.984,41176.09
2026-08-31 19:00:00+00:00,4.986,5.001,4.959,4.973,18645.04
2026-08-31 20:00:00+00:00,4.973,5.014,4.952,4.967,34168.6
2026-08-31 21:00:00+00:00,4.967,4.981,4.933,4.967,59127.97
2026-08-31 22:00:00+00:00,4.968,4.976,4.896,4.915,123408.4
2026-08-31 23:00:00+00:00,4.915,4.938,4.891,4.931,60478.88
2026-09-01 00:00:00+00:00,4.93,4.949,4.852,4.925,105678.17
2026-09-01 01:00:00+00:00,4.926,4.941,4.878,4.906,37840.66
2026-09-01 02:00:00+00:00,4.906,4.953,4.888,4.938,37132.34
2026-09-01 03:00:00+00:00,4.937,4.995,4.924,4.947,34600.24
2026-09-01 04:00:00+00:00,4.947,4.974,4.905,4.925,37713.1
2026-09-01 05:00:00+00:00,4.926,4.985,4.923,4.976,57440.2
2026-09-01 06:00:00+00:00,4.975,4.975,4.935,4.941,20878.63
2026-09-01 07:00:00+00:00,4.942,5.011,4.942,4.952,50374.34
2026-09-01 08:00:00+00:00,4.953,4.955,4.8,4.834,393550.3
2026-09-01 09:00:00+00:00,4.835,4.868,4.821,4.826,61599.72
2026-09-01 10:00:00+00:00,4.825,4.886,4.816,4.847,42476.77
2026-09-01 11:00:00+00:00,4.846,4.887,4.822,4.857,30849.28
2026-09-01 12:00:00+00:00,4.857,4.865,4.803,4.824,76659.28
2026-09-01 13:00:00+00:00,4.824,4.914,4.797,4.914,82770.92
2026-09-01 14:00:00+00:00,4.915,4.933,4.87,4.88,66603.92
2026-09-01 15:00:00+00:00,4.882,4.907,4.837,4.893,40646.54
2026-09-01 16:00:00+00:00,4.891,4.897,4.811,4.838,39088.74
2026-09-01 17:00:00+00:00,4.838,4.873,4.815,4.838,30443.76
2026-09-01 18:00:00+00:00,4.839,4.876,4.785,4.867,68148.45
2026-09-01 19:00:00+00:00,4.865,4.884,4.806,4.807,55222.64
2026-09-01 20:00:00+00:00,4.808,4.83,4.786,4.81,48745.89
2026-09-01 21:00:00+00:00,4.807,4.821,4.779,4.804,58242.42
2026-09-01 22:00:00+00:00,4.803,4.817,4.777,4.795,29042.91
2026-09-01 23:00:00+00:00,4.796,4.822,4.784,4.807,26684.85
2026-09-02 00:00:00+00:00,4.807,4.818,4.75,4.76,50493.04
2026-09-02 01:00:00+00:00,4.76,4.782,4.743,4.767,89342.84
2026-09-02 02:00:00+00:00,4.766,4.877,4.76,4.875,43864.71
2026-09-02 03:00:00+00:00,4.875,4.932,4.872,4.89,95746.2
2026-09-02 04:00:00+00:00,4.89,4.899,4.844,4.874,41684.1
2026-09-02 05:00:00+00:00,4.874,4.896,4.846,4.856,33948.71
2026-09-02 06:00:00+00:00,4.857,4.862,4.825,4.85,14666.17
2026-09-02 07:00:00+00:00,4.851,4.91,4.84,4.893,100076.1
2026-09-02 08:00:00+00:00,4.893,4.914,4.814,4.83,87082.1
2026-09-02 09:00:00+00:00,4.83,4.864,4.794,4.806,31417.59
2026-09-02 10:00:00+00:00,4.806,4.806,4.753,4.78,72572.81
2026-09-02 11:00:00+00:00,4.78,4.8,4.759,4.79,50183.78
2026-09-02 12:00:00+00:00,4.787,4.862,4.77,4.77,68472.23
2026-09-02 13:00:00+00:00,4.77,4.813,4.73,4.792,124619.28
2026-09-02 14:00:00+00:00,4.792,4.797,4.744,4.746,25652.65
2026-09-02 15:00:00+00:00,4.745,4.789,4.718,4.776,46310.61
2026-09-02 16:00:00+00:00,4.776,4.782,4.737,4.76,30105.81
2026-09-02 17:00:00+00:00,4.76,4.777,4.735,4.768,9502.79
2026-09-02 18:00:00+00:00,4.768,4.771,4.736,4.77,14102.97
2026-09-02 19:00:00+00:00,4.766,4.77,4.726,4.752,17598.65
2026-09-02 20:00:00+00:00,4.756,4.781,4.734,4.758,12882.41
2026-09-02 21:00:00+00:00,4.757,4.779,4.744,4.761,6711.37
2026-09-02 22:00:00+00:00,4.76,4.768,4.725,4.733,26057.3
2026-09-02 23:00:00+00:00,4.735,4.772,4.735,4.769,7111.26
2026-09-03 00:00:00+00:00,4.769,4.786,4.745,4.749,22140.13
2026-09-03 01:00:00+00:00,4.749,4.827,4.737,4.786,26576.53
2026-09-03 02:00:00+00:00,4.785,4.824,4.773,4.81,24426.34
2026-09-03 03:00:00+00:00,4.81,4.81,4.754,4.76,28422.32
2026-09-03 04:00:00+00:00,4.761,4.781,4.736,4.781,27499.8
2026-09-03 05:00:00+00:00,4.782,4.82,4.734,4.815,68715.7
2026-09-03 06:00:00+00:00,4.816,4.85,4.805,4.834,23067.91
2026-09-03 07:00:00+00:00,4.834,4.88,4.833,4.849,47121.34
2026-09-03 08:00:00+00:00,4.849,4.9,4.849,4.868,27480.95
2026-09-03 09:00:00+00:00,4.868,4.893,4.864,4.875,45636.18
2026-09-03 10:00:00+00:00,4.873,4.876,4.833,4.869,21414.48
2026-09-03 11:00:00+00:00,4.869,4.983,4.862,4.972,99991.75
2026-09-03 12:00:00+00:00,4.973,4.988,4.936,4.964,45786.64
2026-09-03 13:00:00+00:00,4.964,4.966,4.911,4.916,67001.13
2026-09-03 14:00:00+00:00,4.914,5.046,4.904,5.041,101021.9
2026-09-03 15:00:00+00:00,5.044,5.1,4.994,5.093,132589.53
2026-09-03 16:00:00+00:00,5.094,5.1,5.006,5.046,67666.98
2026-09-03 17:00:00+00:00,5.045,5.073,5.038,5.065,25123.39
2026-09-03 18:00:00+00:00,5.064,5.096,5.059,5.087,18764.68
2026-09-03 19:00:00+00:00,5.087,5.097,5.037,5.057,20922.25
2026-09-03 20:00:00+00:00,5.058,5.084,5.031,5.051,21982.77
2026-09-03 21:00:00+00:00,5.055,5.085,5.025,5.034,12516.33
2026-09-03 22:00:00+00:00,5.034,5.036,4.958,4.97,78749.45
2026-09-03 23:00:00+00:00,4.969,4.986,4.96,4.974,18347.56
