timestamp,open,high,low,close,volume
2026-03-08 01:00:00+00:00,0.1156,0.1159,0.1152,0.1157,506624.68
2026-03-08 02:00:00+00:00,0.1156,0.1156,0.1141,0.1143,1431659.51
2026-03-08 03:00:00+00:00,0.1143,0.115,0.114,0.1146,582092.7
2026-03-08 04:00:00+00:00,0.1146,0.1148,0.1132,0.1138,514220.43
2026-03-08 05:00:00+00:00,0.1137,0.115,0.1137,0.1144,340826.07
2026-03-08 06:00:00+00:00,0.1144,0.1145,0.1136,0.1142,544035.74
2026-03-08 07:00:00+00:00,0.1141,0.1153,0.114,0.1148,581807.88
2026-03-08 08:00:00+00:00,0.1148,0.115,0.114,0.1148,320176.22
2026-03-08 09:00:00+00:00,0.1147,0.1153,0.1145,0.1152,518981.76
2026-03-08 10:00:00+00:00,0.1151,0.1165,0.115,0.1161,707637.73
2026-03-08 11:00:00+00:00,0.1162,0.1163,0.1148,0.1158,670242.99
2026-03-08 12:00:00+00:00,0.1157,0.1169,0.1142,0.1162,1438957.66
2026-03-08 13:00:00+00:00,0.1163,0.1165,0.1144,0.1154,4359085.42
2026-03-08 14:00:00+00:00,0.1153,0.1159,0.1147,0.1153,616345.64
2026-03-08 15:00:00+00:00,0.1153,0.1153,0.114,0.1148,770785.0
2026-03-08 16:00:00+00:00,0.1148,0.1149,0.1139,0.1143,461682.17
2026-03-08 17:00:00+00:00,0.1143,0.1154,0.1142,0.1151,575424.96
2026-03-08 18:00:00+00:00,0.1151,0.1156,0.1147,0.1155,624562.4
2026-03-08 19:00:00+00:00,0.1155,0.1176,0.1154,0.1171,1325407.35
2026-03-08 20:00:00+00:00,0.1172,0.1175,0.1163,0.1165,1259532.77
2026-03-08 21:00:00+00:00,0.1165,0.1168,0.1154,0.1165,602178.64
2026-03-08 22:00:00+00:00,0.1165,0.1165,0.1136,0.116,2767052.5
2026-03-08 23:00:00+00:00,0.1161,0.1166,0.115,0.1154,836939.78
2026-03-09 00:00:00+00:00,0.1153,0.1172,0.115,0.1158,1192932.04
2026-03-09 01:00:00+00:00,0.1158,0.1167,0.1149,0.1157,1216394.14
2026-03-09 02:00:00+00:00,0.1156,0.117,0.1153,0.1165,616395.28
2026-03-09 03:00:00+00:00,0.1164,0.1183,0.116,0.1165,1784364.21
2026-03-09 04:00:00+00:00,0.1166,0.1175,0.1165,0.1171,563614.12
2026-03-09 05:00:00+00:00,0.1171,0.1202,0.1169,0.1197,2035637.72
2026-03-09 06:00:00+00:00,0.1197,0.1197,0.1181,0.1181,585030.07
2026-03-09 07:00:00+00:00,0.1181,0.1191,0.1168,0.1186,1029205.27
2026-03-09 08:00:00+00:00,0.1186,0.1188,0.118,0.1181,646580.24
2026-03-09 09:00:00+00:00,0.1181,0.1193,0.1177,0.1183,900140.73
2026-03-09 10:00:00+00:00,0.1184,0.1185,0.1175,0.1176,489353.27
2026-03-09 11:00:00+00:00,0.1176,0.118,0.1167,0.1178,724122.76
2026-03-09 12:00:00+00:00,0.1178,0.119,0.1177,0.1185,1015665.55
2026-03-09 13:00:00+00:00,0.1184,0.1207,0.1184,0.1197,1262285.44
2026-03-09 14:00:00+00:00,0.1196,0.1208,0.1188,0.1198,3176682.06
2026-03-09 15:00:00+00:00,0.1198,0.1198,0.118,0.1191,1209182.99
2026-03-09 16:00:00+00:00,0.1191,0.1202,0.1187,0.1189,1208067.23
2026-03-09 17:00:00+00:00,0.1189,0.1199,0.1188,0.1195,795691.63
2026-03-09 18:00:00+00:00,0.1195,0.1204,0.119,0.1193,1067201.96
2026-03-09 19:00:00+00:00,0.1194,0.1227,0.119,0.1205,1624548.28
2026-03-09 20:00:00+00:00,0.1204,0.1208,0.1192,0.1198,978773.84
2026-03-09 21:00:00+00:00,0.1198,0.1207,0.1195,0.1201,603375.21
2026-03-09 22:00:00+00:00,0.1201,0.1201,0.1182,0.1184,917123.44
2026-03-09 23:00:00+00:00,0.1184,0.1188,0.118,0.1184,541367.13
2026-03-10 00:00:00+00:00,0.1184,0.1202,0.1182,0.1194,625386.92
2026-03-10 01:00:00+00:00,0.1193,0.1198,0.1186,0.1194,491878.86
2026-03-10 02:00:00+00:00,0.1194,0.122,0.1191,0.1212,1410305.75
2026-03-10 03:00:00+00:00,0.1212,0.1213,0.1193,0.1196,1441694.58
2026-03-10 04:00:00+00:00,0.1196,0.1212,0.1196,0.1208,595488.6
2026-03-10 05:00:00+00:00,0.1208,0.1211,0.1193,0.1196,1221842.86
2026-03-10 06:00:00+00:00,0.1197,0.1202,0.1193,0.1201,1030088.88
2026-03-10 07:00:00+00:00,0.1201,0.1216,0.1198,0.1211,1197475.57
2026-03-10 08:00:00+00:00,0.1212,0.1224,0.1206,0.1212,2013573.31
2026-03-10 09:00:00+00:00,0.1213,0.1225,0.1213,0.1222,880773.13
2026-03-10 10:00:00+00:00,0.1222,0.1222,0.1208,0.1212,996822.17
2026-03-10 11:00:00+00:00,0.1212,0.1215,0.1207,0.1214,597142.66
2026-03-10 12:00:00+00:00,0.1214,0.1218,0.121,0.1215,678992.84
2026-03-10 13:00:00+00:00,0.1215,0.1222,0.1204,0.1211,1155725.71
2026-03-10 14:00:00+00:00,0.1211,0.1232,0.1197,0.1231,2551291.59
2026-03-10 15:00:00+00:00,0.1232,0.1235,0.1217,0.1224,2177791.93
2026-03-10 16:00:00+00:00,0.1225,0.1228,0.1215,0.1222,1198547.13
2026-03-10 17:00:00+00:00,0.1222,0.1224,0.1204,0.1213,1342646.25
2026-03-10 18:00:00+00:00,0.1213,0.1214,0.1189,0.1195,2201926.0
2026-03-10 19:00:00+00:00,0.1195,0.1197,0.1183,0.1188,1033291.4
2026-03-10 20:00:00+00:00,0.1187,0.1196,0.1187,0.1195,980140.78
2026-03-10 21:00:00+00:00,0.1195,0.1197,0.1181,0.1183,729502.71
2026-03-10 22:00:00+00:00,0.1183,0.1188,0.1176,0.1185,733656.24
2026-03-10 23:00:00+00:00,0.1186,0.1191,0.1185,0.1187,472778.89
2026-03-11 00:00:00+00:00,0.1188,0.1191,0.1183,0.1189,800359.97
2026-03-11 01:00:00+00:00,0.1189,0.1192,0.1187,0.119,325619.01
2026-03-11 02:00:00+00:00,0.1191,0.1191,0.1181,0.1188,310864.07
2026-03-11 03:00:00+00:00,0.1189,0.1192,0.1186,0.1187,231080.46
2026-03-11 04:00:00+00:00,0.1186,0.1191,0.1182,0.119,743381.94
2026-03-11 05:00:00+00:00,0.119,0.119,0.1169,0.1176,967564.44
2026-03-11 06:00:00+00:00,0.1176,0.1191,0.1175,0.1188,709431.01
2026-03-11 07:00:00+00:00,0.1187,0.1193,0.1183,0.1187,596322.09
2026-03-11 08:00:00+00:00,0.1187,0.1194,0.1185,0.1188,1141541.88
2026-03-11 09:00:00+00:00,0.1188,0.1197,0.1187,0.1188,1038667.32
2026-03-11 10:00:00+00:00,0.1189,0.1204,0.1187,0.1199,965991.67
2026-03-11 11:00:00+00:00,0.1198,0.1202,0.1193,0.1194,742205.88
2026-03-11 12:00:00+00:00,0.1194,0.1221,0.1191,0.1205,2013414.76
2026-03-11 13:00:00+00:00,0.1205,0.1227,0.12,0.1211,2570954.19
2026-03-11 14:00:00+00:00,0.1211,0.1223,0.1208,0.121,1983967.88
2026-03-11 15:00:00+00:00,0.121,0.1211,0.1191,0.1204,1860971.22
2026-03-11 16:00:00+00:00,0.1204,0.1209,0.1201,0.1208,1266827.25
2026-03-11 17:00:00+00:00,0.1208,0.1217,0.1194,0.1204,1090785.01
2026-03-11 18:00:00+00:00,0.1205,0.1208,0.1202,0.1207,757497.08
2026-03-11 19:00:00+00:00,0.1207,0.121,0.1201,0.1206,611184.27
2026-03-11 20:00:00+00:00,0.1206,0.1209,0.1202,0.1206,276508.94
2026-03-11 21:00:00+00:00,0.1206,0.1213,0.1205,0.121,356769.67
2026-03-11 22:00:00+00:00,0.121,0.1214,0.1203,0.1209,712937.04
2026-03-11 23:00:00+00:00,0.1209,0.1212,0.12,0.1204,465759.45
2026-03-12 00:00:00+00:00,0.1204,0.1207,0.1201,0.1205,243515.81
2026-03-12 01:00:00+00:00,0.1206,0.1206,0.1196,0.1199,594074.46
2026-03-12 02:00:00+00:00,0.1198,0.1203,0.1191,0.1192,931202.06
2026-03-12 03:00:00+00:00,0.1193,0.1197,0.1188,0.119,522859.77
2026-03-12 04:00:00+00:00,0.119,0.1196,0.1188,0.1189,595831.92
2026-03-12 05:00:00+00:00,0.1189,0.1192,0.1181,0.1186,1180560.62
2026-03-12 06:00:00+00:00,0.1186,0.119,0.1184,0.1188,424491.23
2026-03-12 07:00:00+00:00,0.1188,0.1191,0.1186,0.1189,667963.17
2026-03-12 08:00:00+00:00,0.1189,0.119,0.1184,0.1186,728061.89
2026-03-12 09:00:00+00:00,0.1185,0.1198,0.1181,0.1193,677907.79
2026-03-12 10:00:00+00:00,0.1193,0.1204,0.1191,0.1198,694442.14
2026-03-12 11:00:00+00:00,0.1197,0.1197,0.1179,0.1184,805675.21
2026-03-12 12:00:00+00:00,0.1184,0.1185,0.1177,0.1182,1246565.94
2026-03-12 13:00:00+00:00,0.1182,0.1188,0.117,0.1176,2439860.31
2026-03-12 14:00:00+00:00,0.1177,0.1183,0.1158,0.117,2914961.32
2026-03-12 15:00:00+00:00,0.1171,0.1181,0.1168,0.1175,733102.26
2026-03-12 16:00:00+00:00,0.1175,0.1186,0.1172,0.118,1432784.29
2026-03-12 17:00:00+00:00,0.118,0.1181,0.1168,0.1172,760680.69
2026-03-12 18:00:00+00:00,0.1171,0.1175,0.1165,0.1173,547837.71
2026-03-12 19:00:00+00:00,0.1174,0.1192,0.1174,0.1191,1076138.76
2026-03-12 20:00:00+00:00,0.119,0.1192,0.1176,0.1178,570244.96
2026-03-12 21:00:00+00:00,0.1178,0.1197,0.1177,0.1196,713812.2
2026-03-12 22:00:00+00:00,0.1196,0.1202,0.1193,0.1198,1103628.9
2026-03-12 23:00:00+00:00,0.1198,0.121,0.1194,0.1199,1874134.09
2026-03-13 00:00:00+00:00,0.12,0.1228,0.1198,0.1216,2525501.34
2026-03-13 01:00:00+00:00,0.1216,0.1227,0.1213,0.1226,1514189.9
2026-03-13 02:00:00+00:00,0.1227,0.1233,0.1222,0.1229,1558059.19
2026-03-13 03:00:00+00:00,0.123,0.1243,0.1227,0.1242,1582459.44
2026-03-13 04:00:00+00:00,0.1242,0.1247,0.1234,0.1242,1376939.27
2026-03-13 05:00:00+00:00,0.1242,0.1253,0.1235,0.1243,1108629.01
2026-03-13 06:00:00+00:00,0.1243,0.1246,0.1231,0.124,1377396.89
2026-03-13 07:00:00+00:00,0.124,0.1242,0.1235,0.1237,683719.42
2026-03-13 08:00:00+00:00,0.1237,0.1249,0.1233,0.1244,1233656.76
2026-03-13 09:00:00+00:00,0.1244,0.1253,0.1244,0.1248,1167822.55
2026-03-13 10:00:00+00:00,0.1248,0.1259,0.1247,0.1257,1254274.76
2026-03-13 11:00:00+00:00,0.1258,0.126,0.1246,0.1253,1088260.32
2026-03-13 12:00:00+00:00,0.1252,0.1261,0.1249,0.1256,1344791.52
2026-03-13 13:00:00+00:00,0.1256,0.1276,0.1252,0.1265,4013334.11
2026-03-13 14:00:00+00:00,0.1266,0.1274,0.1253,0.1259,4006354.96
2026-03-13 15:00:00+00:00,0.1259,0.1273,0.1255,0.1258,3031654.25
2026-03-13 16:00:00+00:00,0.1259,0.1265,0.1242,0.1262,1606786.83
2026-03-13 17:00:00+00:00,0.1261,0.1264,0.1235,0.1241,1587834.05
2026-03-13 18:00:00+00:00,0.1241,0.1249,0.1234,0.1242,1987334.47
2026-03-13 19:00:00+00:00,0.1242,0.1247,0.1239,0.1242,543589.72
2026-03-13 20:00:00+00:00,0.1242,0.1245,0.1239,0.1244,504908.23
2026-03-13 21:00:00+00:00,0.1245,0.1253,0.1239,0.1242,422932.24
2026-03-13 22:00:00+00:00,0.1241,0.1242,0.1224,0.1231,1410036.27
2026-03-13 23:00:00+00:00,0.1231,0.124,0.123,0.1237,1198697.54
2026-03-14 00:00:00+00:00,0.1237,0.1237,0.1225,0.1227,902340.27
2026-03-14 01:00:00+00:00,0.1226,0.1239,0.1222,0.1238,813338.83
2026-03-14 02:00:00+00:00,0.1238,0.1247,0.1232,0.1243,847124.1
2026-03-14 03:00:00+00:00,0.1244,0.1254,0.1242,0.1252,563024.68
2026-03-14 04:00:00+00:00,0.1252,0.1265,0.1241,0.1246,2454602.85
2026-03-14 05:00:00+00:00,0.1245,0.1245,0.123,0.1236,610044.19
2026-03-14 06:00:00+00:00,0.1235,0.1235,0.1217,0.1227,1933962.12
2026-03-14 07:00:00+00:00,0.1227,0.1231,0.1223,0.1227,700919.26
2026-03-14 08:00:00+00:00,0.1227,0.1227,0.122,0.1223,1711856.99
2026-03-14 09:00:00+00:00,0.1223,0.123,0.1222,0.1224,621757.38
2026-03-14 10:00:00+00:00,0.1223,0.1228,0.1222,0.1228,884906.36
2026-03-14 11:00:00+00:00,0.1228,0.1239,0.1226,0.1237,687024.2
2026-03-14 12:00:00+00:00,0.1236,0.1239,0.1225,0.1229,1401589.89
2026-03-14 13:00:00+00:00,0.1229,0.1236,0.1228,0.1236,262034.48
2026-03-14 14:00:00+00:00,0.1237,0.1241,0.1229,0.1232,765814.37
2026-03-14 15:00:00+00:00,0.1232,0.1233,0.1222,0.1226,943817.79
2026-03-14 16:00:00+00:00,0.1226,0.1234,0.1225,0.1233,284521.02
2026-03-14 17:00:00+00:00,0.1234,0.1235,0.1227,0.1231,438599.95
2026-03-14 18:00:00+00:00,0.123,0.1233,0.1227,0.1229,266053.83
2026-03-14 19:00:00+00:00,0.1229,0.123,0.1224,0.1225,439539.96
2026-03-14 20:00:00+00:00,0.1225,0.1227,0.1222,0.1227,379549.17
2026-03-14 21:00:00+00:00,0.1226,0.1233,0.1224,0.123,457397.44
2026-03-14 22:00:00+00:00,0.123,0.1234,0.1227,0.1228,597181.53
2026-03-14 23:00:00+00:00,0.1229,0.1239,0.1229,0.1238,1145689.56
2026-03-15 00:00:00+00:00,0.1238,0.1239,0.1231,0.1235,1344199.51
2026-03-15 01:00:00+00:00,0.1235,0.1248,0.1232,0.1248,949094.45
2026-03-15 02:00:00+00:00,0.1248,0.1272,0.1248,0.127,1148299.38
2026-03-15 03:00:00+00:00,0.1271,0.1275,0.1257,0.1263,1461708.3
2026-03-15 04:00:00+00:00,0.1264,0.1273,0.126,0.1266,1999796.78
2026-03-15 05:00:00+00:00,0.1266,0.1271,0.1261,0.1265,1425008.81
2026-03-15 06:00:00+00:00,0.1265,0.1271,0.1258,0.127,1643733.56
2026-03-15 07:00:00+00:00,0.1269,0.1275,0.1265,0.1269,1229983.22
2026-03-15 08:00:00+00:00,0.1269,0.1272,0.126,0.1264,1075024.0
2026-03-15 09:00:00+00:00,0.1263,0.1267,0.126,0.1261,426018.72
2026-03-15 10:00:00+00:00,0.126,0.1277,0.1259,0.1276,1566439.51
2026-03-15 11:00:00+00:00,0.1275,0.1276,0.1265,0.1269,1073179.15
2026-03-15 12:00:00+00:00,0.1268,0.1283,0.1267,0.1271,1686453.5
2026-03-15 13:00:00+00:00,0.1271,0.1272,0.1249,0.1259,1358876.45
2026-03-15 14:00:00+00:00,0.126,0.1262,0.1252,0.1259,737740.03
2026-03-15 15:00:00+00:00,0.1259,0.1259,0.1253,0.1254,309619.64
2026-03-15 16:00:00+00:00,0.1254,0.1263,0.1253,0.1257,774384.44
2026-03-15 17:00:00+00:00,0.1257,0.1278,0.1257,0.1274,868364.46
2026-03-15 18:00:00+00:00,0.1274,0.1277,0.1265,0.1269,616753.59
2026-03-15 19:00:00+00:00,0.1269,0.1278,0.1269,0.1276,739528.74
2026-03-15 20:00:00+00:00,0.1275,0.129,0.1272,0.1281,971392.53
2026-03-15 21:00:00+00:00,0.1281,0.1291,0.1278,0.1284,715873.57
2026-03-15 22:00:00+00:00,0.1285,0.1292,0.1274,0.1284,2020718.46
2026-03-15 23:00:00+00:00,0.1284,0.1288,0.1273,0.1284,1860865.18
2026-03-16 00:00:00+00:00,0.1284,0.1289,0.1272,0.128,2929376.07
2026-03-16 01:00:00+00:00,0.1281,0.1284,0.1274,0.1282,580948.37
2026-03-16 02:00:00+00:00,0.1282,0.1285,0.1277,0.1283,514504.26
2026-03-16 03:00:00+00:00,0.1283,0.1309,0.1279,0.1292,2849517.18
2026-03-16 04:00:00+00:00,0.1292,0.1303,0.129,0.1298,1610008.61
2026-03-16 05:00:00+00:00,0.1298,0.1308,0.1293,0.1304,1563905.54
2026-03-16 06:00:00+00:00,0.1304,0.1315,0.1292,0.1308,1705951.9
2026-03-16 07:00:00+00:00,0.1308,0.1326,0.1306,0.1313,2447047.6
2026-03-16 08:00:00+00:00,0.1313,0.1328,0.1308,0.131,3246801.22
2026-03-16 09:00:00+00:00,0.131,0.1318,0.131,0.1312,1121641.29
2026-03-16 10:00:00+00:00,0.1311,0.1313,0.1303,0.1309,1351886.85
2026-03-16 11:00:00+00:00,0.1309,0.1315,0.1304,0.1309,1255737.89
2026-03-16 12:00:00+00:00,0.1309,0.1316,0.1306,0.1314,1542314.9
2026-03-16 13:00:00+00:00,0.1314,0.1324,0.1308,0.1314,2308901.46
2026-03-16 14:00:00+00:00,0.1314,0.1321,0.1295,0.1312,2489310.89
2026-03-16 15:00:00+00:00,0.1312,0.1313,0.1297,0.13,1480606.86
2026-03-16 16:00:00+00:00,0.13,0.1326,0.13,0.1321,1926032.25
2026-03-16 17:00:00+00:00,0.1322,0.1338,0.1322,0.1333,1624455.0
2026-03-16 18:00:00+00:00,0.1332,0.1344,0.1328,0.1331,2206699.8
2026-03-16 19:00:00+00:00,0.1331,0.135,0.1327,0.1345,1292960.11
2026-03-16 20:00:00+00:00,0.1345,0.1359,0.1341,0.1359,1646228.04
2026-03-16 21:00:00+00:00,0.1358,0.1385,0.1356,0.1381,2235987.07
2026-03-16 22:00:00+00:00,0.1381,0.1395,0.1378,0.1384,2384333.41
2026-03-16 23:00:00+00:00,0.1384,0.1388,0.1367,0.1375,1498261.98
2026-03-17 00:00:00+00:00,0.1375,0.1378,0.1361,0.1375,1875695.01
2026-03-17 01:00:00+00:00,0.1376,0.1376,0.1363,0.1369,1583438.57
2026-03-17 02:00:00+00:00,0.1368,0.1373,0.1362,0.1363,1571234.62
2026-03-17 03:00:00+00:00,0.1363,0.1365,0.1342,0.1355,2283342.36
2026-03-17 04:00:00+00:00,0.1355,0.1359,0.1337,0.1344,1330582.23
2026-03-17 05:00:00+00:00,0.1343,0.1345,0.1336,0.1342,948413.49
2026-03-17 06:00:00+00:00,0.1342,0.1348,0.1335,0.1342,868322.99
2026-03-17 07:00:00+00:00,0.1342,0.136,0.1342,0.1353,789105.76
2026-03-17 08:00:00+00:00,0.1354,0.1359,0.135,0.1351,1067341.8
2026-03-17 09:00:00+00:00,0.1351,0.1357,0.1346,0.1354,1205519.61
2026-03-17 10:00:00+00:00,0.1353,0.1356,0.1349,0.1356,853776.28
2026-03-17 11:00:00+00:00,0.1356,0.1362,0.135,0.1351,678085.09
2026-03-17 12:00:00+00:00,0.135,0.135,0.1335,0.134,909053.99
2026-03-17 13:00:00+00:00,0.1339,0.1348,0.1333,0.1341,1396338.03
2026-03-17 14:00:00+00:00,0.1341,0.1352,0.1337,0.1348,725369.62
2026-03-17 15:00:00+00:00,0.1348,0.1354,0.1336,0.1349,1130466.45
2026-03-17 16:00:00+00:00,0.1348,0.1357,0.1346,0.1348,1501003.44
2026-03-17 17:00:00+00:00,0.1349,0.1357,0.1346,0.1356,498865.88
2026-03-17 18:00:00+00:00,0.1357,0.1359,0.1352,0.1357,505278.44
2026-03-17 19:00:00+00:00,0.1357,0.1359,0.135,0.135,495758.37
2026-03-17 20:00:00+00:00,0.135,0.1367,0.135,0.1364,608788.93
2026-03-17 21:00:00+00:00,0.1365,0.1388,0.1364,0.1367,2064136.08
2026-03-17 22:00:00+00:00,0.1368,0.1375,0.1359,0.1367,775160.75
2026-03-17 23:00:00+00:00,0.1367,0.1368,0.1358,0.1361,497949.87
2026-03-18 00:00:00+00:00,0.1361,0.1371,0.1352,0.1361,1620285.08
2026-03-18 01:00:00+00:00,0.1361,0.1366,0.1356,0.1356,881881.91
2026-03-18 02:00:00+00:00,0.1355,0.1363,0.1354,0.1358,484939.84
2026-03-18 03:00:00+00:00,0.1358,0.1364,0.1358,0.1358,371813.74
2026-03-18 04:00:00+00:00,0.1357,0.1358,0.1346,0.135,2112720.43
2026-03-18 05:00:00+00:00,0.135,0.1364,0.135,0.1353,1388782.31
2026-03-18 06:00:00+00:00,0.1354,0.1357,0.1349,0.135,520514.23
2026-03-18 07:00:00+00:00,0.1349,0.1351,0.1344,0.1351,603144.76
2026-03-18 08:00:00+00:00,0.1352,0.1355,0.135,0.1355,474531.32
2026-03-18 09:00:00+00:00,0.1355,0.1361,0.1353,0.1356,606451.66
2026-03-18 10:00:00+00:00,0.1356,0.1358,0.1349,0.1357,524263.5
2026-03-18 11:00:00+00:00,0.1356,0.1357,0.1314,0.1321,3339331.88
2026-03-18 12:00:00+00:00,0.132,0.132,0.1295,0.13,2537378.27
2026-03-18 13:00:00+00:00,0.13,0.131,0.129,0.13,1324771.28
2026-03-18 14:00:00+00:00,0.1301,0.1301,0.1265,0.1266,2499450.71
2026-03-18 15:00:00+00:00,0.1267,0.1271,0.1256,0.1267,1764220.73
2026-03-18 16:00:00+00:00,0.1266,0.1267,0.125,0.1257,1322533.29
2026-03-18 17:00:00+00:00,0.1257,0.1271,0.1251,0.1269,1108857.79
2026-03-18 18:00:00+00:00,0.1269,0.1282,0.126,0.1266,1082363.0
2026-03-18 19:00:00+00:00,0.1265,0.1275,0.1261,0.1261,563740.71
2026-03-18 20:00:00+00:00,0.126,0.127,0.1249,0.1268,2293292.03
2026-03-18 21:00:00+00:00,0.1267,0.1277,0.1266,0.1274,646709.51
2026-03-18 22:00:00+00:00,0.1274,0.1274,0.1262,0.1264,525592.38
2026-03-18 23:00:00+00:00,0.1265,0.1265,0.1257,0.1263,491067.88
2026-03-19 00:00:00+00:00,0.1264,0.1268,0.1255,0.1255,673915.69
2026-03-19 01:00:00+00:00,0.1256,0.1256,0.125,0.1252,528309.47
2026-03-19 02:00:00+00:00,0.1251,0.1259,0.1249,0.1255,1056101.82
2026-03-19 03:00:00+00:00,0.1254,0.1274,0.1254,0.1261,637620.87
2026-03-19 04:00:00+00:00,0.126,0.1261,0.125,0.125,487471.14
2026-03-19 05:00:00+00:00,0.125,0.1253,0.124,0.1244,1576009.23
2026-03-19 06:00:00+00:00,0.1244,0.1245,0.1234,0.1239,497093.24
2026-03-19 07:00:00+00:00,0.1239,0.124,0.1214,0.1217,1983343.22
2026-03-19 08:00:00+00:00,0.1218,0.1229,0.1214,0.1223,816853.57
2026-03-19 09:00:00+00:00,0.1223,0.1235,0.122,0.1232,895931.09
2026-03-19 10:00:00+00:00,0.1233,0.1233,0.122,0.1221,1891501.68
2026-03-19 11:00:00+00:00,0.1221,0.1226,0.122,0.1223,420298.59
2026-03-19 12:00:00+00:00,0.1223,0.1224,0.1207,0.121,1682472.25
2026-03-19 13:00:00+00:00,0.1209,0.1216,0.1201,0.121,1545141.39
2026-03-19 14:00:00+00:00,0.1211,0.1215,0.1198,0.1204,1375499.31
2026-03-19 15:00:00+00:00,0.1203,0.1206,0.1187,0.1201,1317050.44
2026-03-19 16:00:00+00:00,0.12,0.12,0.1194,0.1198,636414.17
2026-03-19 17:00:00+00:00,0.1198,0.1209,0.1191,0.1209,828364.39
2026-03-19 18:00:00+00:00,0.1208,0.1209,0.12,0.1205,409977.93
2026-03-19 19:00:00+00:00,0.1205,0.1218,0.1204,0.1205,721997.21
2026-03-19 20:00:00+00:00,0.1205,0.121,0.1203,0.1205,320852.92
2026-03-19 21:00:00+00:00,0.1205,0.1213,0.1205,0.1213,464696.26
2026-03-19 22:00:00+00:00,0.1213,0.1213,0.1204,0.1212,648804.02
2026-03-19 23:00:00+00:00,0.1213,0.1219,0.1212,0.1215,698244.29
2026-03-20 00:00:00+00:00,0.1215,0.1222,0.1214,0.122,706697.4
2026-03-20 01:00:00+00:00,0.1221,0.1233,0.122,0.1229,695204.35
2026-03-20 02:00:00+00:00,0.123,0.1237,0.1224,0.1234,1259921.19
2026-03-20 03:00:00+00:00,0.1234,0.1237,0.1227,0.1229,739948.23
2026-03-20 04:00:00+00:00,0.1228,0.1236,0.1227,0.1235,402051.13
2026-03-20 05:00:00+00:00,0.1235,0.1247,0.1234,0.1243,804118.34
2026-03-20 06:00:00+00:00,0.1244,0.1246,0.124,0.1241,492988.88
2026-03-20 07:00:00+00:00,0.1241,0.1245,0.1233,0.124,491787.08
2026-03-20 08:00:00+00:00,0.1241,0.1247,0.1239,0.1243,1341261.16
2026-03-20 09:00:00+00:00,0.1244,0.1256,0.1235,0.125,723080.64
2026-03-20 10:00:00+00:00,0.125,0.1252,0.1243,0.125,708728.77
2026-03-20 11:00:00+00:00,0.125,0.1262,0.1244,0.1248,848807.94
2026-03-20 12:00:00+00:00,0.1249,0.1264,0.1248,0.1248,1330392.71
2026-03-20 13:00:00+00:00,0.1249,0.1254,0.1236,0.1238,1209449.04
2026-03-20 14:00:00+00:00,0.1238,0.1247,0.1229,0.123,1258354.4
2026-03-20 15:00:00+00:00,0.1231,0.1237,0.1223,0.1233,1065792.5
2026-03-20 16:00:00+00:00,0.1233,0.1236,0.1227,0.1234,1066037.06
2026-03-20 17:00:00+00:00,0.1233,0.1244,0.1232,0.1243,906193.25
2026-03-20 18:00:00+00:00,0.1244,0.1249,0.1227,0.1231,959617.1
2026-03-20 19:00:00+00:00,0.1232,0.1235,0.1223,0.1235,515479.95
2026-03-20 20:00:00+00:00,0.1235,0.1235,0.1223,0.1232,444513.57
2026-03-20 21:00:00+00:00,0.1232,0.125,0.1229,0.1243,901730.06
2026-03-20 22:00:00+00:00,0.1244,0.1255,0.1242,0.1243,1073257.28
2026-03-20 23:00:00+00:00,0.1242,0.1242,0.1235,0.1238,373431.65
2026-03-21 00:00:00+00:00,0.1238,0.1241,0.1235,0.1238,309335.38
2026-03-21 01:00:00+00:00,0.1237,0.124,0.1232,0.1232,435455.0
2026-03-21 02:00:00+00:00,0.1232,0.124,0.1232,0.1236,319588.23
2026-03-21 03:00:00+00:00,0.1237,0.1237,0.1229,0.1231,1020881.91
2026-03-21 04:00:00+00:00,0.1231,0.1232,0.1227,0.1227,486936.85
2026-03-21 05:00:00+00:00,0.1228,0.1234,0.1227,0.1229,545558.45
2026-03-21 06:00:00+00:00,0.1228,0.1234,0.1227,0.123,820077.05
2026-03-21 07:00:00+00:00,0.123,0.1232,0.1223,0.1224,419638.42
2026-03-21 08:00:00+00:00,0.1225,0.123,0.1222,0.123,168946.45
2026-03-21 09:00:00+00:00,0.123,0.1235,0.1224,0.1225,860241.69
2026-03-21 10:00:00+00:00,0.1225,0.1226,0.1215,0.1216,542930.18
2026-03-21 11:00:00+00:00,0.1216,0.1218,0.1214,0.1217,360465.42
2026-03-21 12:00:00+00:00,0.1217,0.1219,0.1215,0.1217,280680.51
2026-03-21 13:00:00+00:00,0.1217,0.1221,0.1216,0.122,160034.09
2026-03-21 14:00:00+00:00,0.122,0.1227,0.122,0.1221,404698.26
2026-03-21 15:00:00+00:00,0.1222,0.1242,0.1221,0.1241,570241.96
2026-03-21 16:00:00+00:00,0.1242,0.1242,0.1227,0.1229,387313.38
2026-03-21 17:00:00+00:00,0.1228,0.1229,0.1223,0.1227,396343.79
2026-03-21 18:00:00+00:00,0.1226,0.1227,0.1222,0.1224,79523.16
2026-03-21 19:00:00+00:00,0.1223,0.1223,0.122,0.1223,365786.86
2026-03-21 20:00:00+00:00,0.1222,0.1229,0.1221,0.1229,312267.09
2026-03-21 21:00:00+00:00,0.1229,0.1229,0.1221,0.1222,222604.09
2026-03-21 22:00:00+00:00,0.1222,0.1222,0.1216,0.1217,226669.97
2026-03-21 23:00:00+00:00,0.1217,0.1217,0.1169,0.1178,4052186.22
2026-03-22 00:00:00+00:00,0.1177,0.1186,0.1155,0.1181,3348810.47
2026-03-22 01:00:00+00:00,0.1182,0.1189,0.1178,0.1186,778968.58
2026-03-22 02:00:00+00:00,0.1187,0.1197,0.1185,0.1192,797244.37
2026-03-22 03:00:00+00:00,0.1191,0.1201,0.1186,0.1191,647283.02
2026-03-22 04:00:00+00:00,0.119,0.1199,0.1189,0.1195,597725.7
2026-03-22 05:00:00+00:00,0.1195,0.1195,0.1188,0.119,641571.38
2026-03-22 06:00:00+00:00,0.1189,0.119,0.1185,0.1188,407096.7
2026-03-22 07:00:00+00:00,0.1188,0.1191,0.1171,0.1171,975560.0
2026-03-22 08:00:00+00:00,0.117,0.1173,0.1162,0.1173,1164385.54
2026-03-22 09:00:00+00:00,0.1172,0.1176,0.1168,0.1171,657501.94
2026-03-22 10:00:00+00:00,0.117,0.117,0.1161,0.1161,409951.68
2026-03-22 11:00:00+00:00,0.116,0.1162,0.1155,0.1156,680195.91
2026-03-22 12:00:00+00:00,0.1156,0.1167,0.1155,0.1159,828461.16
2026-03-22 13:00:00+00:00,0.1159,0.1165,0.1156,0.116,745516.55
2026-03-22 14:00:00+00:00,0.116,0.1164,0.1155,0.1156,638465.27
2026-03-22 15:00:00+00:00,0.1156,0.1163,0.1156,0.1163,302508.61
2026-03-22 16:00:00+00:00,0.1162,0.1164,0.1159,0.1159,273046.51
2026-03-22 17:00:00+00:00,0.1159,0.1159,0.1153,0.1153,645393.03
2026-03-22 18:00:00+00:00,0.1153,0.1155,0.1143,0.1149,1010658.22
2026-03-22 19:00:00+00:00,0.115,0.115,0.1139,0.1146,692572.95
2026-03-22 20:00:00+00:00,0.1147,0.115,0.1141,0.1144,855146.36
2026-03-22 21:00:00+00:00,0.1144,0.1145,0.1128,0.114,1536856.83
2026-03-22 22:00:00+00:00,0.114,0.1152,0.1131,0.115,962256.58
2026-03-22 23:00:00+00:00,0.115,0.1154,0.1145,0.1146,662342.95
2026-03-23 00:00:00+00:00,0.1147,0.1154,0.1142,0.1151,869919.83
2026-03-23 01:00:00+00:00,0.1151,0.1158,0.1147,0.1152,488106.8
2026-03-23 02:00:00+00:00,0.1153,0.1165,0.1152,0.116,780426.32
2026-03-23 03:00:00+00:00,0.1161,0.1167,0.1156,0.1157,400632.58
2026-03-23 04:00:00+00:00,0.1156,0.1167,0.1156,0.1167,300781.99
2026-03-23 05:00:00+00:00,0.1166,0.1168,0.116,0.1165,452139.32
2026-03-23 06:00:00+00:00,0.1165,0.1165,0.1141,0.1146,772205.02
2026-03-23 07:00:00+00:00,0.1147,0.1147,0.113,0.1139,1218296.56
2026-03-23 08:00:00+00:00,0.1139,0.114,0.113,0.1131,731882.88
2026-03-23 09:00:00+00:00,0.1131,0.1138,0.1124,0.1137,1178763.37
2026-03-23 10:00:00+00:00,0.1137,0.1144,0.1134,0.1139,602260.75
2026-03-23 11:00:00+00:00,0.1139,0.1198,0.1138,0.1167,13276255.08
2026-03-23 12:00:00+00:00,0.1168,0.1173,0.1162,0.1171,1847863.03
2026-03-23 13:00:00+00:00,0.1171,0.1176,0.1162,0.1174,1714877.59
2026-03-23 14:00:00+00:00,0.1175,0.1181,0.1158,0.1166,2165590.65
2026-03-23 15:00:00+00:00,0.1165,0.1172,0.1151,0.1152,3019009.12
2026-03-23 16:00:00+00:00,0.1153,0.1157,0.1139,0.1145,2390221.09
2026-03-23 17:00:00+00:00,0.1146,0.1149,0.1134,0.1145,1841398.25
2026-03-23 18:00:00+00:00,0.1145,0.1156,0.114,0.1156,1402414.51
2026-03-23 19:00:00+00:00,0.1156,0.1159,0.1141,0.1142,2085109.84
2026-03-23 20:00:00+00:00,0.1143,0.1151,0.1134,0.115,3020914.13
2026-03-23 21:00:00+00:00,0.115,0.1151,0.1139,0.1145,1447712.99
2026-03-23 22:00:00+00:00,0.1146,0.1147,0.1134,0.1136,1628444.5
2026-03-23 23:00:00+00:00,0.1135,0.1137,0.112,0.1134,3431060.08
2026-03-24 00:00:00+00:00,0.1135,0.1142,0.1122,0.1135,2566917.47
2026-03-24 01:00:00+00:00,0.1134,0.1134,0.1107,0.1119,1948579.74
2026-03-24 02:00:00+00:00,0.1118,0.1128,0.1115,0.1123,1411728.98
2026-03-24 03:00:00+00:00,0.1123,0.1132,0.1121,0.113,1050803.54
2026-03-24 04:00:00+00:00,0.1129,0.113,0.1118,0.1124,1622814.11
2026-03-24 05:00:00+00:00,0.1123,0.1137,0.1121,0.1135,1681957.5
2026-03-24 06:00:00+00:00,0.1134,0.114,0.1127,0.1138,2183722.28
2026-03-24 07:00:00+00:00,0.1138,0.1147,0.1133,0.1146,1029339.74
2026-03-24 08:00:00+00:00,0.1147,0.1164,0.1145,0.1153,2557539.73
2026-03-24 09:00:00+00:00,0.1153,0.1172,0.115,0.1168,3953573.58
2026-03-24 10:00:00+00:00,0.1168,0.1168,0.1144,0.115,2875445.4
2026-03-24 11:00:00+00:00,0.115,0.1158,0.1141,0.1154,1380432.49
2026-03-24 12:00:00+00:00,0.1153,0.1153,0.1141,0.1145,975287.62
2026-03-24 13:00:00+00:00,0.1145,0.1151,0.1136,0.1138,1797266.12
2026-03-24 14:00:00+00:00,0.1139,0.1141,0.1114,0.1119,2202318.12
2026-03-24 15:00:00+00:00,0.1119,0.1126,0.1114,0.1116,1438309.15
2026-03-24 16:00:00+00:00,0.1115,0.1122,0.1109,0.1112,1423042.35
2026-03-24 17:00:00+00:00,0.1112,0.1113,0.1094,0.11,3143570.71
2026-03-24 18:00:00+00:00,0.11,0.1114,0.11,0.1111,1331084.21
2026-03-24 19:00:00+00:00,0.1111,0.1124,0.1111,0.1116,1123296.97
2026-03-24 20:00:00+00:00,0.1117,0.1143,0.1113,0.1134,2519555.78
2026-03-24 21:00:00+00:00,0.1135,0.1137,0.1123,0.113,923708.47
2026-03-24 22:00:00+00:00,0.113,0.1137,0.1129,0.1134,1591370.02
2026-03-24 23:00:00+00:00,0.1133,0.1147,0.1132,0.1137,1542002.83
2026-03-25 00:00:00+00:00,0.1138,0.1141,0.1127,0.1134,905016.32
2026-03-25 01:00:00+00:00,0.1135,0.1151,0.1132,0.1141,1979259.3
2026-03-25 02:00:00+00:00,0.114,0.1146,0.1137,0.1141,713260.27
2026-03-25 03:00:00+00:00,0.1141,0.1149,0.1132,0.1143,759244.87
2026-03-25 04:00:00+00:00,0.1144,0.1144,0.1135,0.1143,629713.18
2026-03-25 05:00:00+00:00,0.1142,0.1145,0.1134,0.1135,996204.5
2026-03-25 06:00:00+00:00,0.1134,0.1135,0.1126,0.1127,1158129.47
2026-03-25 07:00:00+00:00,0.1128,0.1139,0.1127,0.113,723184.75
2026-03-25 08:00:00+00:00,0.113,0.114,0.113,0.1132,1683472.53
2026-03-25 09:00:00+00:00,0.1133,0.1141,0.1125,0.1138,2032120.33
2026-03-25 10:00:00+00:00,0.1138,0.1149,0.1135,0.1146,1488162.65
2026-03-25 11:00:00+00:00,0.1147,0.1153,0.1142,0.1149,1965926.94
2026-03-25 12:00:00+00:00,0.115,0.1157,0.1139,0.1146,1188731.53
2026-03-25 13:00:00+00:00,0.1146,0.1147,0.1136,0.1137,1469817.35
2026-03-25 14:00:00+00:00,0.1137,0.1147,0.1133,0.1145,949968.24
2026-03-25 15:00:00+00:00,0.1145,0.115,0.1134,0.1138,1556004.66
2026-03-25 16:00:00+00:00,0.1137,0.1146,0.1129,0.1137,1181625.58
2026-03-25 17:00:00+00:00,0.1137,0.1142,0.1134,0.1135,680216.5
2026-03-25 18:00:00+00:00,0.1136,0.1142,0.1133,0.1135,392264.46
2026-03-25 19:00:00+00:00,0.1135,0.114,0.1133,0.1134,324821.08
2026-03-25 20:00:00+00:00,0.1135,0.1136,0.1124,0.1128,933414.73
2026-03-25 21:00:00+00:00,0.1128,0.1131,0.1125,0.1128,631841.81
2026-03-25 22:00:00+00:00,0.1128,0.1142,0.1126,0.1135,915582.6
2026-03-25 23:00:00+00:00,0.1135,0.1135,0.1131,0.1134,441056.76
2026-03-26 00:00:00+00:00,0.1135,0.1138,0.113,0.1134,716033.07
2026-03-26 01:00:00+00:00,0.1134,0.114,0.1133,0.1135,711999.5
2026-03-26 02:00:00+00:00,0.1134,0.1135,0.1121,0.1128,557431.44
2026-03-26 03:00:00+00:00,0.1127,0.1128,0.1115,0.112,929973.82
2026-03-26 04:00:00+00:00,0.1119,0.112,0.1115,0.1116,555496.77
2026-03-26 05:00:00+00:00,0.1116,0.1119,0.1101,0.1103,1420831.75
2026-03-26 06:00:00+00:00,0.1103,0.1108,0.1097,0.1101,1425881.2
2026-03-26 07:00:00+00:00,0.1102,0.1106,0.1099,0.1105,765309.42
2026-03-26 08:00:00+00:00,0.1105,0.1107,0.1087,0.109,3422534.12
2026-03-26 09:00:00+00:00,0.1091,0.1096,0.108,0.1084,3902812.35
2026-03-26 10:00:00+00:00,0.1083,0.1087,0.1079,0.1084,611979.44
2026-03-26 11:00:00+00:00,0.1084,0.1086,0.108,0.1083,609109.56
2026-03-26 12:00:00+00:00,0.1084,0.1086,0.1079,0.1082,1077354.28
2026-03-26 13:00:00+00:00,0.1082,0.1097,0.108,0.1091,1904426.61
2026-03-26 14:00:00+00:00,0.1092,0.1095,0.1088,0.109,792240.06
2026-03-26 15:00:00+00:00,0.109,0.1091,0.1078,0.1086,849945.3
2026-03-26 16:00:00+00:00,0.1087,0.1097,0.1086,0.1097,1310441.81
2026-03-26 17:00:00+00:00,0.1097,0.1122,0.1097,0.1115,3799177.91
2026-03-26 18:00:00+00:00,0.1115,0.112,0.107,0.1075,10160264.23
2026-03-26 19:00:00+00:00,0.1075,0.1077,0.1062,0.1066,1970900.97
2026-03-26 20:00:00+00:00,0.1066,0.1089,0.1057,0.1082,2801690.6
2026-03-26 21:00:00+00:00,0.1082,0.1097,0.1082,0.1095,724982.22
2026-03-26 22:00:00+00:00,0.1095,0.1101,0.1089,0.1092,1013736.45
2026-03-26 23:00:00+00:00,0.1092,0.1094,0.1086,0.1087,830847.66
2026-03-27 00:00:00+00:00,0.1086,0.1094,0.1084,0.1089,1077974.94
2026-03-27 01:00:00+00:00,0.1089,0.1096,0.1088,0.1093,715730.7
2026-03-27 02:00:00+00:00,0.1093,0.1095,0.109,0.1093,391473.36
2026-03-27 03:00:00+00:00,0.1093,0.1096,0.1089,0.1094,737272.58
2026-03-27 04:00:00+00:00,0.1094,0.1098,0.1085,0.1093,1268908.0
2026-03-27 05:00:00+00:00,0.1092,0.1097,0.1089,0.1091,574234.86
2026-03-27 06:00:00+00:00,0.1091,0.1091,0.1084,0.1091,738408.26
2026-03-27 07:00:00+00:00,0.1091,0.1103,0.109,0.11,981925.34
2026-03-27 08:00:00+00:00,0.11,0.1105,0.1083,0.109,2020012.02
2026-03-27 09:00:00+00:00,0.109,0.109,0.1073,0.1081,900625.06
2026-03-27 10:00:00+00:00,0.108,0.108,0.1046,0.105,3102489.71
2026-03-27 11:00:00+00:00,0.1051,0.1059,0.1046,0.1056,1602425.8
2026-03-27 12:00:00+00:00,0.1056,0.1056,0.1047,0.1054,1891673.8
2026-03-27 13:00:00+00:00,0.1055,0.1057,0.1044,0.1048,1802421.93
2026-03-27 14:00:00+00:00,0.1048,0.1056,0.1036,0.1044,2785548.82
2026-03-27 15:00:00+00:00,0.1045,0.105,0.1036,0.104,3114585.68
2026-03-27 16:00:00+00:00,0.104,0.104,0.1026,0.1033,2668956.87
2026-03-27 17:00:00+00:00,0.1034,0.1044,0.1028,0.1031,1100152.76
2026-03-27 18:00:00+00:00,0.1031,0.1035,0.1024,0.1034,760660.9
2026-03-27 19:00:00+00:00,0.1033,0.1047,0.1028,0.1045,854940.46
2026-03-27 20:00:00+00:00,0.1045,0.1047,0.1035,0.104,894349.97
2026-03-27 21:00:00+00:00,0.1039,0.1044,0.1035,0.1035,822395.67
2026-03-27 22:00:00+00:00,0.1035,0.104,0.1035,0.1037,526835.19
2026-03-27 23:00:00+00:00,0.1037,0.1043,0.1036,0.1041,486372.08
2026-03-28 00:00:00+00:00,0.1042,0.1043,0.1038,0.1039,488177.45
2026-03-28 01:00:00+00:00,0.1038,0.1038,0.102,0.103,910305.88
2026-03-28 02:00:00+00:00,0.103,0.1036,0.1026,0.1031,720833.45
2026-03-28 03:00:00+00:00,0.1031,0.1035,0.1031,0.1034,441330.97
2026-03-28 04:00:00+00:00,0.1034,0.1036,0.103,0.1033,577547.33
2026-03-28 05:00:00+00:00,0.1033,0.1034,0.1029,0.1033,288285.67
2026-03-28 06:00:00+00:00,0.1032,0.1036,0.1031,0.1035,1013342.87
2026-03-28 07:00:00+00:00,0.1035,0.1044,0.1035,0.1043,357381.29
2026-03-28 08:00:00+00:00,0.1044,0.1051,0.1044,0.1048,568335.01
2026-03-28 09:00:00+00:00,0.1048,0.105,0.1039,0.1042,1005378.69
2026-03-28 10:00:00+00:00,0.1042,0.1049,0.1042,0.1045,420047.23
2026-03-28 11:00:00+00:00,0.1045,0.105,0.1044,0.1048,334472.02
2026-03-28 12:00:00+00:00,0.1048,0.1048,0.1038,0.1041,1009773.42
2026-03-28 13:00:00+00:00,0.1041,0.1062,0.104,0.1056,1586172.43
2026-03-28 14:00:00+00:00,0.1056,0.1056,0.1046,0.1048,379512.51
2026-03-28 15:00:00+00:00,0.1047,0.1056,0.1044,0.1045,676957.94
2026-03-28 16:00:00+00:00,0.1046,0.1057,0.1044,0.1053,2577719.23
2026-03-28 17:00:00+00:00,0.1053,0.1056,0.1048,0.1053,1088393.15
2026-03-28 18:00:00+00:00,0.1052,0.1052,0.1048,0.105,285399.89
2026-03-28 19:00:00+00:00,0.105,0.1052,0.1045,0.1047,355143.08
2026-03-28 20:00:00+00:00,0.1047,0.105,0.1046,0.1047,361987.96
2026-03-28 21:00:00+00:00,0.1046,0.1047,0.1036,0.1038,777881.2
2026-03-28 22:00:00+00:00,0.1038,0.1041,0.1036,0.104,541239.86
2026-03-28 23:00:00+00:00,0.1039,0.104,0.1021,0.1025,1113191.87
2026-03-29 00:00:00+00:00,0.1024,0.1027,0.1017,0.1024,1045991.05
2026-03-29 01:00:00+00:00,0.1024,0.1031,0.1024,0.1027,640295.63
2026-03-29 02:00:00+00:00,0.1027,0.1032,0.1027,0.1031,683405.86
2026-03-29 03:00:00+00:00,0.1031,0.1045,0.1028,0.1032,2142980.95
2026-03-29 04:00:00+00:00,0.1032,0.1034,0.1029,0.103,621020.13
2026-03-29 05:00:00+00:00,0.1029,0.1029,0.1023,0.1026,723260.73
2026-03-29 06:00:00+00:00,0.1025,0.1028,0.1022,0.1025,478320.08
2026-03-29 07:00:00+00:00,0.1025,0.1027,0.1022,0.1023,582463.38
2026-03-29 08:00:00+00:00,0.1022,0.1026,0.1022,0.1024,402831.97
2026-03-29 09:00:00+00:00,0.1024,0.1029,0.1023,0.1025,875346.92
2026-03-29 10:00:00+00:00,0.1025,0.1025,0.1014,0.102,968871.98
2026-03-29 11:00:00+00:00,0.1021,0.1028,0.1021,0.1024,487397.42
2026-03-29 12:00:00+00:00,0.1024,0.1024,0.101,0.1015,923818.61
2026-03-29 13:00:00+00:00,0.1015,0.1016,0.1004,0.101,1260799.61
2026-03-29 14:00:00+00:00,0.1011,0.1018,0.1009,0.1013,837107.8
2026-03-29 15:00:00+00:00,0.1013,0.1018,0.101,0.1015,974799.37
2026-03-29 16:00:00+00:00,0.1015,0.1022,0.1014,0.1016,477103.41
2026-03-29 17:00:00+00:00,0.1016,0.1021,0.1011,0.1019,458329.56
2026-03-29 18:00:00+00:00,0.102,0.1024,0.1016,0.1021,406371.25
2026-03-29 19:00:00+00:00,0.1021,0.1021,0.1018,0.1019,427845.28
2026-03-29 20:00:00+00:00,0.1019,0.1029,0.1019,0.1029,462825.33
2026-03-29 21:00:00+00:00,0.103,0.1036,0.1027,0.1036,897627.28
2026-03-29 22:00:00+00:00,0.1035,0.1035,0.0987,0.1016,5133570.63
2026-03-29 23:00:00+00:00,0.1016,0.1024,0.1014,0.102,1351706.01
2026-03-30 00:00:00+00:00,0.1021,0.1046,0.1019,0.1034,1496670.18
2026-03-30 01:00:00+00:00,0.1034,0.105,0.1034,0.1049,693139.7
2026-03-30 02:00:00+00:00,0.1049,0.1063,0.1044,0.1055,1270501.17
2026-03-30 03:00:00+00:00,0.1054,0.106,0.105,0.1057,792837.3
2026-03-30 04:00:00+00:00,0.1057,0.108,0.1057,0.1077,2556557.58
2026-03-30 05:00:00+00:00,0.1076,0.108,0.1068,0.1071,1368887.83
2026-03-30 06:00:00+00:00,0.1071,0.1081,0.1071,0.1079,1140517.8
2026-03-30 07:00:00+00:00,0.1078,0.1091,0.1078,0.1086,1737201.29
2026-03-30 08:00:00+00:00,0.1086,0.1088,0.1081,0.1085,1012860.17
2026-03-30 09:00:00+00:00,0.1084,0.1085,0.1067,0.1068,1287694.8
2026-03-30 10:00:00+00:00,0.1069,0.1077,0.1066,0.1076,706199.05
2026-03-30 11:00:00+00:00,0.1075,0.1088,0.1073,0.1081,1569076.97
2026-03-30 12:00:00+00:00,0.1082,0.1101,0.1081,0.1091,4174830.67
2026-03-30 13:00:00+00:00,0.1092,0.1098,0.1073,0.1074,1738386.55
2026-03-30 14:00:00+00:00,0.1074,0.1079,0.1068,0.1077,1345740.91
2026-03-30 15:00:00+00:00,0.1077,0.1077,0.1065,0.1073,1249840.08
2026-03-30 16:00:00+00:00,0.1072,0.1077,0.1069,0.1076,1225783.05
2026-03-30 17:00:00+00:00,0.1076,0.1078,0.1061,0.1066,1255484.04
2026-03-30 18:00:00+00:00,0.1067,0.1069,0.1061,0.1063,700015.43
2026-03-30 19:00:00+00:00,0.1063,0.1066,0.1055,0.1065,1091835.37
2026-03-30 20:00:00+00:00,0.1066,0.107,0.1062,0.1065,582718.94
2026-03-30 21:00:00+00:00,0.1064,0.1073,0.1062,0.1069,539010.22
2026-03-30 22:00:00+00:00,0.1069,0.1072,0.1064,0.1065,482796.06
2026-03-30 23:00:00+00:00,0.1065,0.1065,0.1055,0.1059,485298.2
2026-03-31 00:00:00+00:00,0.106,0.1066,0.1057,0.1064,1170413.48
2026-03-31 01:00:00+00:00,0.1064,0.1085,0.1063,0.1081,1525834.6
2026-03-31 02:00:00+00:00,0.108,0.1086,0.1078,0.1083,699910.72
2026-03-31 03:00:00+00:00,0.1082,0.1084,0.1074,0.1082,1167425.93
2026-03-31 04:00:00+00:00,0.1083,0.1085,0.1076,0.1082,1205579.19
2026-03-31 05:00:00+00:00,0.1081,0.1085,0.1079,0.1083,892240.02
2026-03-31 06:00:00+00:00,0.1083,0.1091,0.108,0.109,1693671.7
2026-03-31 07:00:00+00:00,0.109,0.1092,0.1078,0.1092,1341436.25
2026-03-31 08:00:00+00:00,0.1092,0.1093,0.1073,0.1075,2185520.08
2026-03-31 09:00:00+00:00,0.1075,0.1079,0.1067,0.1073,1491842.77
2026-03-31 10:00:00+00:00,0.1073,0.108,0.1072,0.1076,1041181.59
2026-03-31 11:00:00+00:00,0.1076,0.1097,0.1072,0.1097,2505062.47
2026-03-31 12:00:00+00:00,0.1098,0.1103,0.1091,0.1096,1934757.28
2026-03-31 13:00:00+00:00,0.1097,0.1118,0.1096,0.111,2947336.78
2026-03-31 14:00:00+00:00,0.1111,0.1124,0.1091,0.1095,3235450.91
2026-03-31 15:00:00+00:00,0.1095,0.1114,0.1092,0.1095,1759327.67
2026-03-31 16:00:00+00:00,0.1095,0.1109,0.1085,0.1106,3117241.64
2026-03-31 17:00:00+00:00,0.1107,0.112,0.1101,0.1106,1872678.99
2026-03-31 18:00:00+00:00,0.1106,0.1109,0.1098,0.1106,1507037.58
2026-03-31 19:00:00+00:00,0.1106,0.111,0.1096,0.1103,1286195.91
2026-03-31 20:00:00+00:00,0.1103,0.1108,0.1101,0.1107,1119863.72
2026-03-31 21:00:00+00:00,0.1106,0.1113,0.11,0.1106,1144237.26
2026-03-31 22:00:00+00:00,0.1106,0.1109,0.1098,0.1104,1092736.8
2026-03-31 23:00:00+00:00,0.1104,0.1109,0.1102,0.1108,1070964.01
2026-04-01 00:00:00+00:00,0.1107,0.1107,0.1094,0.1101,711072.09
2026-04-01 01:00:00+00:00,0.1102,0.1103,0.1086,0.109,1582888.43
2026-04-01 02:00:00+00:00,0.1091,0.1094,0.109,0.1092,531916.96
2026-04-01 03:00:00+00:00,0.1093,0.1107,0.1093,0.1103,481152.67
2026-04-01 04:00:00+00:00,0.1104,0.1113,0.1102,0.1108,544214.0
2026-04-01 05:00:00+00:00,0.1108,0.1123,0.1106,0.1118,960924.15
2026-04-01 06:00:00+00:00,0.1118,0.1125,0.1115,0.1122,799601.17
2026-04-01 07:00:00+00:00,0.1122,0.1129,0.1116,0.1127,2160542.43
2026-04-01 08:00:00+00:00,0.1127,0.1134,0.1123,0.1123,1037547.87
2026-04-01 09:00:00+00:00,0.1122,0.1126,0.1116,0.112,1593230.26
2026-04-01 10:00:00+00:00,0.1121,0.1124,0.1108,0.1112,1742170.05
2026-04-01 11:00:00+00:00,0.1112,0.1115,0.1108,0.1114,856438.43
2026-04-01 12:00:00+00:00,0.1115,0.1134,0.1113,0.1122,2151783.61
2026-04-01 13:00:00+00:00,0.1122,0.1123,0.1106,0.1109,897991.13
2026-04-01 14:00:00+00:00,0.1109,0.1119,0.1108,0.1114,1093868.0
2026-04-01 15:00:00+00:00,0.1115,0.1119,0.111,0.1119,639168.25
2026-04-01 16:00:00+00:00,0.1119,0.1121,0.1114,0.1117,936327.67
2026-04-01 17:00:00+00:00,0.1116,0.1127,0.1111,0.1111,919337.19
2026-04-01 18:00:00+00:00,0.1111,0.1114,0.1105,0.1106,648985.21
2026-04-01 19:00:00+00:00,0.1107,0.1114,0.1105,0.1109,424948.86
2026-04-01 20:00:00+00:00,0.1109,0.1109,0.1102,0.1108,1508760.33
2026-04-01 21:00:00+00:00,0.1108,0.112,0.1108,0.1116,2143971.45
2026-04-01 22:00:00+00:00,0.1115,0.1115,0.1096,0.11,1270831.32
2026-04-01 23:00:00+00:00,0.11,0.1102,0.1097,0.1101,530042.79
2026-04-02 00:00:00+00:00,0.1102,0.1112,0.1101,0.1109,887731.42
2026-04-02 01:00:00+00:00,0.1109,0.1113,0.1076,0.1084,3275071.03
2026-04-02 02:00:00+00:00,0.1083,0.1084,0.1063,0.1071,1467930.14
2026-04-02 03:00:00+00:00,0.107,0.1076,0.1064,0.1068,1261821.15
2026-04-02 04:00:00+00:00,0.1067,0.1069,0.1061,0.1063,1016392.32
2026-04-02 05:00:00+00:00,0.1063,0.1077,0.1061,0.1075,1323143.99
2026-04-02 06:00:00+00:00,0.1076,0.1082,0.1071,0.1074,1036617.31
2026-04-02 07:00:00+00:00,0.1074,0.1076,0.1072,0.1074,476342.65
2026-04-02 08:00:00+00:00,0.1074,0.1075,0.1066,0.1067,533240.71
2026-04-02 09:00:00+00:00,0.1066,0.1068,0.1062,0.1066,1338944.79
2026-04-02 10:00:00+00:00,0.1066,0.1067,0.1061,0.1065,497709.12
2026-04-02 11:00:00+00:00,0.1065,0.107,0.106,0.1068,641102.42
2026-04-02 12:00:00+00:00,0.1068,0.1068,0.1052,0.1056,2451260.1
2026-04-02 13:00:00+00:00,0.1056,0.1058,0.1046,0.1053,2397124.99
2026-04-02 14:00:00+00:00,0.1053,0.1073,0.1051,0.1071,2138079.01
2026-04-02 15:00:00+00:00,0.1071,0.1071,0.1059,0.1066,2687239.81
2026-04-02 16:00:00+00:00,0.1067,0.1073,0.1058,0.1066,2258722.34
2026-04-02 17:00:00+00:00,0.1065,0.108,0.106,0.1062,2360002.64
2026-04-02 18:00:00+00:00,0.1063,0.1073,0.1063,0.1069,735555.11
2026-04-02 19:00:00+00:00,0.1069,0.1069,0.1061,0.1063,1049605.02
2026-04-02 20:00:00+00:00,0.1063,0.1072,0.1058,0.1065,1382678.33
2026-04-02 21:00:00+00:00,0.1066,0.1066,0.1059,0.1064,325106.0
2026-04-02 22:00:00+00:00,0.1064,0.1067,0.1059,0.1062,710602.5
2026-04-02 23:00:00+00:00,0.1061,0.1066,0.1061,0.1064,588009.33
2026-04-03 00:00:00+00:00,0.1064,0.1065,0.106,0.1064,800084.58
2026-04-03 01:00:00+00:00,0.1065,0.107,0.1063,0.1068,824490.54
2026-04-03 02:00:00+00:00,0.1069,0.1077,0.1066,0.1072,1305532.11
2026-04-03 03:00:00+00:00,0.1072,0.1082,0.1069,0.1076,1311376.05
2026-04-03 04:00:00+00:00,0.1076,0.1085,0.1075,0.1083,961680.92
2026-04-03 05:00:00+00:00,0.1084,0.1095,0.1081,0.1092,1225640.62
2026-04-03 06:00:00+00:00,0.1091,0.11,0.109,0.1095,1764916.22
2026-04-03 07:00:00+00:00,0.1094,0.1099,0.1089,0.1091,937755.71
2026-04-03 08:00:00+00:00,0.1092,0.1104,0.1091,0.1101,1167770.88
2026-04-03 09:00:00+00:00,0.1101,0.1111,0.1097,0.1108,1756563.86
2026-04-03 10:00:00+00:00,0.1109,0.1111,0.1096,0.11,1271428.11
2026-04-03 11:00:00+00:00,0.11,0.1109,0.1099,0.1108,1254704.13
2026-04-03 12:00:00+00:00,0.1108,0.1119,0.11,0.1104,2761959.12
2026-04-03 13:00:00+00:00,0.1105,0.1105,0.1095,0.11,835111.18
2026-04-03 14:00:00+00:00,0.11,0.1109,0.1096,0.1105,796848.68
2026-04-03 15:00:00+00:00,0.1105,0.1109,0.1099,0.1099,927728.04
2026-04-03 16:00:00+00:00,0.1099,0.1105,0.1099,0.1103,1111696.54
2026-04-03 17:00:00+00:00,0.1103,0.1107,0.1098,0.1102,696534.3
2026-04-03 18:00:00+00:00,0.1101,0.1106,0.11,0.1102,562961.3
2026-04-03 19:00:00+00:00,0.1102,0.1105,0.1097,0.1105,653669.03
2026-04-03 20:00:00+00:00,0.1105,0.1109,0.1102,0.1104,361211.45
2026-04-03 21:00:00+00:00,0.1105,0.1111,0.1105,0.1109,500520.56
2026-04-03 22:00:00+00:00,0.1109,0.1111,0.1102,0.1103,605508.7
2026-04-03 23:00:00+00:00,0.1103,0.1103,0.1097,0.11,333186.51
2026-04-04 00:00:00+00:00,0.1101,0.1102,0.1094,0.1096,854109.08
2026-04-04 01:00:00+00:00,0.1096,0.1101,0.1095,0.11,417709.48
2026-04-04 02:00:00+00:00,0.1099,0.1104,0.1097,0.1101,851249.67
2026-04-04 03:00:00+00:00,0.1101,0.1109,0.1098,0.1103,683172.38
2026-04-04 04:00:00+00:00,0.1102,0.1102,0.1097,0.1101,596539.64
2026-04-04 05:00:00+00:00,0.11,0.1105,0.1098,0.1098,820736.4
2026-04-04 06:00:00+00:00,0.1097,0.1104,0.1095,0.1103,280677.44
2026-04-04 07:00:00+00:00,0.1103,0.1111,0.1103,0.1105,1009984.43
2026-04-04 08:00:00+00:00,0.1104,0.1106,0.1099,0.1103,813857.44
2026-04-04 09:00:00+00:00,0.1103,0.1106,0.1095,0.1097,725063.22
2026-04-04 10:00:00+00:00,0.1096,0.1097,0.109,0.1095,690079.84
2026-04-04 11:00:00+00:00,0.1095,0.11,0.1094,0.1099,412008.65
2026-04-04 12:00:00+00:00,0.1098,0.1099,0.1094,0.1097,362839.75
2026-04-04 13:00:00+00:00,0.1096,0.1097,0.1087,0.1089,424638.11
2026-04-04 14:00:00+00:00,0.1088,0.1097,0.1084,0.1096,678651.19
2026-04-04 15:00:00+00:00,0.1095,0.1103,0.1093,0.1095,1055290.47
2026-04-04 16:00:00+00:00,0.1095,0.1099,0.1092,0.1093,470479.89
2026-04-04 17:00:00+00:00,0.1093,0.1107,0.1091,0.1103,600485.21
2026-04-04 18:00:00+00:00,0.1103,0.1106,0.11,0.1103,636866.94
2026-04-04 19:00:00+00:00,0.1103,0.1115,0.11,0.1105,608544.93
2026-04-04 20:00:00+00:00,0.1105,0.1105,0.1099,0.1102,459529.34
2026-04-04 21:00:00+00:00,0.1102,0.1108,0.1102,0.1103,662176.11
2026-04-04 22:00:00+00:00,0.1103,0.1107,0.1103,0.1105,231415.62
2026-04-04 23:00:00+00:00,0.1104,0.1107,0.1103,0.1106,325736.01
2026-04-05 00:00:00+00:00,0.1107,0.1109,0.11,0.1102,1020843.58
2026-04-05 01:00:00+00:00,0.1103,0.1106,0.1098,0.1098,588816.59
2026-04-05 02:00:00+00:00,0.1098,0.1098,0.1093,0.1095,636684.07
2026-04-05 03:00:00+00:00,0.1095,0.1095,0.109,0.1093,438574.84
2026-04-05 04:00:00+00:00,0.1092,0.1092,0.1089,0.1089,219279.19
2026-04-05 05:00:00+00:00,0.1088,0.1091,0.1079,0.1081,371894.64
2026-04-05 06:00:00+00:00,0.108,0.1081,0.1069,0.1075,720853.9
2026-04-05 07:00:00+00:00,0.1075,0.1076,0.1069,0.1071,444420.03
2026-04-05 08:00:00+00:00,0.1071,0.1075,0.1069,0.1074,258158.22
2026-04-05 09:00:00+00:00,0.1074,0.1079,0.1074,0.1078,342990.42
2026-04-05 10:00:00+00:00,0.1078,0.1079,0.107,0.1071,324237.26
2026-04-05 11:00:00+00:00,0.1071,0.1074,0.1068,0.1073,586950.69
2026-04-05 12:00:00+00:00,0.1072,0.1073,0.1062,0.1067,1369922.6
2026-04-05 13:00:00+00:00,0.1066,0.1068,0.1057,0.1068,876549.78
2026-04-05 14:00:00+00:00,0.1067,0.107,0.1064,0.1066,509488.89
2026-04-05 15:00:00+00:00,0.1066,0.1083,0.1061,0.1071,1591234.64
2026-04-05 16:00:00+00:00,0.1071,0.1073,0.1065,0.1065,477790.29
2026-04-05 17:00:00+00:00,0.1065,0.1073,0.1062,0.107,455037.95
2026-04-05 18:00:00+00:00,0.107,0.1072,0.1066,0.1068,465844.21
2026-04-05 19:00:00+00:00,0.1068,0.1073,0.1064,0.1069,418824.87
2026-04-05 20:00:00+00:00,0.1069,0.1072,0.1068,0.1071,455782.47
2026-04-05 21:00:00+00:00,0.1071,0.1072,0.1065,0.1068,557249.88
2026-04-05 22:00:00+00:00,0.1069,0.109,0.1066,0.109,1118699.89
2026-04-05 23:00:00+00:00,0.109,0.1104,0.1086,0.1103,1354187.91
2026-04-06 00:00:00+00:00,0.1104,0.1118,0.1104,0.111,1779563.87
2026-04-06 01:00:00+00:00,0.1109,0.111,0.1101,0.1105,672384.43
2026-04-06 02:00:00+00:00,0.1106,0.1124,0.1106,0.112,1331918.74
2026-04-06 03:00:00+00:00,0.112,0.1122,0.111,0.1116,685697.9
2026-04-06 04:00:00+00:00,0.1117,0.1125,0.1116,0.1121,743072.69
2026-04-06 05:00:00+00:00,0.1122,0.1126,0.1119,0.112,686418.93
2026-04-06 06:00:00+00:00,0.1121,0.1122,0.1109,0.1118,1734788.27
2026-04-06 07:00:00+00:00,0.1118,0.1122,0.1113,0.112,506841.74
2026-04-06 08:00:00+00:00,0.1121,0.113,0.112,0.1121,821733.94
2026-04-06 09:00:00+00:00,0.1121,0.1136,0.1121,0.1132,1599816.3
2026-04-06 10:00:00+00:00,0.1133,0.1145,0.1133,0.1142,1754779.04
2026-04-06 11:00:00+00:00,0.1142,0.1148,0.114,0.1147,1131328.1
2026-04-06 12:00:00+00:00,0.1148,0.1151,0.1136,0.1141,1869911.08
2026-04-06 13:00:00+00:00,0.1141,0.1141,0.1129,0.1133,684318.64
2026-04-06 14:00:00+00:00,0.1133,0.1137,0.1122,0.1131,1125823.51
2026-04-06 15:00:00+00:00,0.1131,0.1138,0.113,0.1137,820728.56
2026-04-06 16:00:00+00:00,0.1136,0.1138,0.1129,0.1132,533182.36
2026-04-06 17:00:00+00:00,0.1132,0.1135,0.1124,0.1129,645734.58
2026-04-06 18:00:00+00:00,0.1129,0.1132,0.1125,0.1127,516395.48
2026-04-06 19:00:00+00:00,0.1127,0.1127,0.112,0.1123,412777.22
2026-04-06 20:00:00+00:00,0.1123,0.1126,0.1121,0.1121,196973.28
2026-04-06 21:00:00+00:00,0.1121,0.1122,0.1115,0.1116,686589.3
2026-04-06 22:00:00+00:00,0.1116,0.1119,0.1099,0.1099,736475.95
2026-04-06 23:00:00+00:00,0.1099,0.11,0.109,0.1098,1249982.3
2026-04-07 00:00:00+00:00,0.1098,0.1103,0.1093,0.1096,829155.2
2026-04-07 01:00:00+00:00,0.1095,0.11,0.1091,0.1093,478319.57
2026-04-07 02:00:00+00:00,0.1092,0.1095,0.1083,0.1092,825363.28
2026-04-07 03:00:00+00:00,0.1093,0.1098,0.1093,0.1096,210736.57
2026-04-07 04:00:00+00:00,0.1095,0.1103,0.1093,0.1099,513452.63
2026-04-07 05:00:00+00:00,0.1099,0.1099,0.1091,0.1096,319290.99
2026-04-07 06:00:00+00:00,0.1097,0.1097,0.109,0.1094,556531.15
2026-04-07 07:00:00+00:00,0.1093,0.1102,0.1092,0.1099,648197.66
2026-04-07 08:00:00+00:00,0.1098,0.1106,0.1096,0.1099,435180.59
2026-04-07 09:00:00+00:00,0.1099,0.1104,0.1099,0.1102,295171.66
2026-04-07 10:00:00+00:00,0.1103,0.1103,0.1089,0.1091,1729434.23
2026-04-07 11:00:00+00:00,0.1091,0.1094,0.1085,0.1092,878866.82
2026-04-07 12:00:00+00:00,0.1092,0.1092,0.1074,0.1085,2324854.33
2026-04-07 13:00:00+00:00,0.1085,0.1091,0.1084,0.1084,1701848.29
2026-04-07 14:00:00+00:00,0.1085,0.1091,0.1078,0.1081,1305093.33
2026-04-07 15:00:00+00:00,0.108,0.109,0.1077,0.1084,1366738.04
2026-04-07 16:00:00+00:00,0.1084,0.109,0.1083,0.1083,485272.63
2026-04-07 17:00:00+00:00,0.1084,0.11,0.1082,0.1093,820173.51
2026-04-07 18:00:00+00:00,0.1094,0.11,0.1091,0.1094,352720.47
2026-04-07 19:00:00+00:00,0.1093,0.1116,0.1093,0.1116,911164.17
2026-04-07 20:00:00+00:00,0.1117,0.1123,0.1112,0.1114,1739515.32
2026-04-07 21:00:00+00:00,0.1114,0.1154,0.1114,0.1152,1970303.14
2026-04-07 22:00:00+00:00,0.1153,0.118,0.1144,0.1178,5774511.17
2026-04-07 23:00:00+00:00,0.1179,0.1198,0.1171,0.1187,4988297.05
2026-04-08 00:00:00+00:00,0.1188,0.1191,0.1178,0.1185,2086875.45
2026-04-08 01:00:00+00:00,0.1186,0.1205,0.1184,0.1198,2366702.77
2026-04-08 02:00:00+00:00,0.1198,0.1208,0.1193,0.1196,2537200.28
2026-04-08 03:00:00+00:00,0.1196,0.1201,0.119,0.1196,973991.24
2026-04-08 04:00:00+00:00,0.1196,0.1209,0.1195,0.1196,3053719.87
2026-04-08 05:00:00+00:00,0.1196,0.1206,0.1196,0.1199,1984503.34
2026-04-08 06:00:00+00:00,0.1199,0.1201,0.119,0.1198,1026675.3
2026-04-08 07:00:00+00:00,0.1199,0.12,0.1193,0.1199,2007892.76
2026-04-08 08:00:00+00:00,0.1198,0.12,0.1186,0.1189,2719690.32
2026-04-08 09:00:00+00:00,0.1188,0.1191,0.1181,0.1182,2596999.82
2026-04-08 10:00:00+00:00,0.1182,0.1185,0.1179,0.118,1288082.92
2026-04-08 11:00:00+00:00,0.1179,0.1182,0.1174,0.118,1554921.25
2026-04-08 12:00:00+00:00,0.118,0.1181,0.1173,0.1174,1154480.25
2026-04-08 13:00:00+00:00,0.1175,0.1185,0.1175,0.1181,1091006.89
2026-04-08 14:00:00+00:00,0.1181,0.1183,0.1154,0.1157,1727774.81
2026-04-08 15:00:00+00:00,0.1157,0.1165,0.1154,0.1164,924319.44
2026-04-08 16:00:00+00:00,0.1165,0.1169,0.1161,0.1168,746121.45
2026-04-08 17:00:00+00:00,0.1168,0.1178,0.1164,0.1167,1075973.07
2026-04-08 18:00:00+00:00,0.1167,0.1167,0.1149,0.115,1129067.32
2026-04-08 19:00:00+00:00,0.115,0.1157,0.1148,0.1157,499386.43
2026-04-08 20:00:00+00:00,0.1158,0.1162,0.1152,0.1154,501780.9
2026-04-08 21:00:00+00:00,0.1154,0.1169,0.1154,0.1166,946772.71
2026-04-08 22:00:00+00:00,0.1166,0.1169,0.1153,0.1154,951870.5
2026-04-08 23:00:00+00:00,0.1153,0.1156,0.1142,0.115,1890898.03
2026-04-09 00:00:00+00:00,0.1149,0.115,0.1131,0.114,1601695.46
2026-04-09 01:00:00+00:00,0.1139,0.114,0.1126,0.1133,1090914.27
2026-04-09 02:00:00+00:00,0.1133,0.114,0.113,0.1137,457469.17
2026-04-09 03:00:00+00:00,0.1137,0.1139,0.1132,0.1135,900313.71
2026-04-09 04:00:00+00:00,0.1134,0.1141,0.1131,0.1136,664166.66
2026-04-09 05:00:00+00:00,0.1136,0.1147,0.1133,0.1135,1689719.67
2026-04-09 06:00:00+00:00,0.1135,0.1142,0.1135,0.1139,917442.35
2026-04-09 07:00:00+00:00,0.114,0.1144,0.1135,0.1136,565750.6
2026-04-09 08:00:00+00:00,0.1135,0.1139,0.1134,0.1135,602054.64
2026-04-09 09:00:00+00:00,0.1135,0.1135,0.1124,0.1132,1643589.55
2026-04-09 10:00:00+00:00,0.1132,0.1132,0.1125,0.1126,656209.58
2026-04-09 11:00:00+00:00,0.1125,0.1126,0.1121,0.1123,390033.73
2026-04-09 12:00:00+00:00,0.1122,0.1129,0.1122,0.1126,416106.6
2026-04-09 13:00:00+00:00,0.1126,0.1126,0.1112,0.1117,1696380.27
2026-04-09 14:00:00+00:00,0.1117,0.1124,0.111,0.1122,717547.71
2026-04-09 15:00:00+00:00,0.1123,0.1146,0.1117,0.1143,1995316.0
2026-04-09 16:00:00+00:00,0.1143,0.1148,0.1134,0.1137,999349.95
2026-04-09 17:00:00+00:00,0.1137,0.1143,0.1127,0.1135,1189390.59
2026-04-09 18:00:00+00:00,0.1134,0.1136,0.1124,0.1136,698869.36
2026-04-09 19:00:00+00:00,0.1135,0.1145,0.1133,0.1141,963498.65
2026-04-09 20:00:00+00:00,0.1142,0.1151,0.1142,0.1146,1025815.71
2026-04-09 21:00:00+00:00,0.1145,0.1151,0.1142,0.1146,609255.19
2026-04-09 22:00:00+00:00,0.1146,0.1168,0.1146,0.115,1020480.14
2026-04-09 23:00:00+00:00,0.1149,0.115,0.1135,0.1141,898796.41
2026-04-10 00:00:00+00:00,0.1142,0.1145,0.1134,0.1142,1450940.8
2026-04-10 01:00:00+00:00,0.1141,0.1154,0.1135,0.1141,940894.91
2026-04-10 02:00:00+00:00,0.1141,0.115,0.1141,0.1144,321862.42
2026-04-10 03:00:00+00:00,0.1144,0.1148,0.1139,0.114,575022.88
2026-04-10 04:00:00+00:00,0.1141,0.1161,0.114,0.1157,1640333.3
2026-04-10 05:00:00+00:00,0.1157,0.1161,0.1151,0.116,563268.43
2026-04-10 06:00:00+00:00,0.1161,0.1163,0.1147,0.115,933437.89
2026-04-10 07:00:00+00:00,0.115,0.1154,0.1145,0.1145,895858.19
2026-04-10 08:00:00+00:00,0.1145,0.115,0.1139,0.1142,1107067.3
2026-04-10 09:00:00+00:00,0.1142,0.1157,0.1142,0.1149,1216420.43
2026-04-10 10:00:00+00:00,0.1149,0.115,0.1142,0.1143,674552.57
2026-04-10 11:00:00+00:00,0.1143,0.1149,0.1142,0.1142,597726.23
2026-04-10 12:00:00+00:00,0.1142,0.1156,0.1142,0.1147,1945616.56
2026-04-10 13:00:00+00:00,0.1147,0.115,0.1138,0.1145,1025036.66
2026-04-10 14:00:00+00:00,0.1145,0.1155,0.1133,0.1155,1180420.96
2026-04-10 15:00:00+00:00,0.1155,0.116,0.1145,0.1147,1049616.33
2026-04-10 16:00:00+00:00,0.1148,0.1156,0.1147,0.1153,966705.38
2026-04-10 17:00:00+00:00,0.1152,0.1152,0.1144,0.1146,731502.63
2026-04-10 18:00:00+00:00,0.1147,0.1159,0.1145,0.1157,860049.77
2026-04-10 19:00:00+00:00,0.1156,0.1163,0.1154,0.1159,532049.32
2026-04-10 20:00:00+00:00,0.116,0.1161,0.1152,0.1156,499404.66
2026-04-10 21:00:00+00:00,0.1156,0.1157,0.1144,0.1152,827533.43
2026-04-10 22:00:00+00:00,0.1153,0.1158,0.115,0.1153,832296.9
2026-04-10 23:00:00+00:00,0.1154,0.1155,0.1147,0.1152,997083.38
2026-04-11 00:00:00+00:00,0.1152,0.1152,0.1121,0.1126,3620268.23
2026-04-11 01:00:00+00:00,0.1125,0.1131,0.1119,0.1128,1112250.53
2026-04-11 02:00:00+00:00,0.1128,0.1134,0.1127,0.1133,1160300.09
2026-04-11 03:00:00+00:00,0.1134,0.1144,0.1133,0.1135,764443.74
2026-04-11 04:00:00+00:00,0.1135,0.114,0.1133,0.1135,1040796.81
2026-04-11 05:00:00+00:00,0.1135,0.1136,0.1124,0.113,1123903.69
2026-04-11 06:00:00+00:00,0.113,0.113,0.1125,0.1127,560670.25
2026-04-11 07:00:00+00:00,0.1127,0.1127,0.112,0.1123,906807.48
2026-04-11 08:00:00+00:00,0.1122,0.1125,0.1121,0.1121,524598.57
2026-04-11 09:00:00+00:00,0.1121,0.1128,0.1118,0.1128,799382.86
2026-04-11 10:00:00+00:00,0.1127,0.1127,0.112,0.1124,520314.33
2026-04-11 11:00:00+00:00,0.1125,0.1128,0.1124,0.1125,820622.94
2026-04-11 12:00:00+00:00,0.1124,0.1125,0.1111,0.1113,2120724.82
2026-04-11 13:00:00+00:00,0.1113,0.1113,0.1102,0.1107,1929746.47
2026-04-11 14:00:00+00:00,0.1108,0.1115,0.1107,0.1109,844836.57
2026-04-11 15:00:00+00:00,0.1109,0.1119,0.1109,0.1118,841521.5
2026-04-11 16:00:00+00:00,0.1118,0.1136,0.1116,0.1132,1631593.82
2026-04-11 17:00:00+00:00,0.1131,0.1141,0.1128,0.1133,1737206.65
2026-04-11 18:00:00+00:00,0.1134,0.1156,0.1132,0.1149,2157046.94
2026-04-11 19:00:00+00:00,0.115,0.1162,0.1145,0.1162,2830513.83
2026-04-11 20:00:00+00:00,0.1163,0.1163,0.1151,0.1159,1552061.34
2026-04-11 21:00:00+00:00,0.1158,0.1164,0.1149,0.1157,1309055.97
2026-04-11 22:00:00+00:00,0.1157,0.1163,0.1147,0.1152,898808.0
2026-04-11 23:00:00+00:00,0.1151,0.1152,0.114,0.1145,869811.42
2026-04-12 00:00:00+00:00,0.1146,0.1147,0.1139,0.1143,1457489.24
2026-04-12 01:00:00+00:00,0.1144,0.1147,0.1094,0.1098,2462839.42
2026-04-12 02:00:00+00:00,0.1098,0.1102,0.109,0.1099,1264991.9
2026-04-12 03:00:00+00:00,0.1098,0.1101,0.1091,0.1093,759016.74
2026-04-12 04:00:00+00:00,0.1092,0.1092,0.1086,0.1088,850382.32
2026-04-12 05:00:00+00:00,0.1088,0.1095,0.1086,0.1093,1254741.62
2026-04-12 06:00:00+00:00,0.1093,0.1095,0.1086,0.1086,597493.91
2026-04-12 07:00:00+00:00,0.1087,0.1087,0.1079,0.1082,537572.76
2026-04-12 08:00:00+00:00,0.1082,0.1087,0.108,0.1082,625782.37
2026-04-12 09:00:00+00:00,0.1082,0.1085,0.1078,0.1081,711357.54
2026-04-12 10:00:00+00:00,0.1082,0.1088,0.1078,0.108,1201308.29
2026-04-12 11:00:00+00:00,0.1079,0.109,0.1074,0.1084,1012998.8
2026-04-12 12:00:00+00:00,0.1084,0.1093,0.1078,0.1084,1271521.44
2026-04-12 13:00:00+00:00,0.1084,0.1088,0.1075,0.1076,1027189.24
2026-04-12 14:00:00+00:00,0.1076,0.1083,0.1074,0.1077,1388261.85
2026-04-12 15:00:00+00:00,0.1077,0.1077,0.107,0.1075,1171547.01
2026-04-12 16:00:00+00:00,0.1075,0.1079,0.1074,0.1078,800130.71
2026-04-12 17:00:00+00:00,0.1078,0.1096,0.1077,0.1094,1274325.33
2026-04-12 18:00:00+00:00,0.1095,0.1096,0.1088,0.109,609651.85
2026-04-12 19:00:00+00:00,0.1089,0.1096,0.1088,0.109,387328.32
2026-04-12 20:00:00+00:00,0.1091,0.1097,0.1084,0.1093,426840.29
2026-04-12 21:00:00+00:00,0.1093,0.1093,0.1078,0.1081,354340.29
2026-04-12 22:00:00+00:00,0.1081,0.1081,0.1066,0.1073,1184011.21
2026-04-12 23:00:00+00:00,0.1072,0.1072,0.1066,0.1069,1145333.99
2026-04-13 00:00:00+00:00,0.107,0.1081,0.1068,0.1076,608429.35
2026-04-13 01:00:00+00:00,0.1076,0.1076,0.1069,0.1075,671153.59
2026-04-13 02:00:00+00:00,0.1075,0.1075,0.106,0.1063,720247.56
2026-04-13 03:00:00+00:00,0.1064,0.1067,0.1061,0.1067,347490.22
2026-04-13 04:00:00+00:00,0.1066,0.1069,0.1062,0.1063,600397.0
2026-04-13 05:00:00+00:00,0.1063,0.1063,0.1056,0.1062,867262.64
2026-04-13 06:00:00+00:00,0.1062,0.108,0.1062,0.1072,819699.63
2026-04-13 07:00:00+00:00,0.1072,0.1072,0.1059,0.1061,922402.23
2026-04-13 08:00:00+00:00,0.1061,0.1066,0.1054,0.1061,1041604.4
2026-04-13 09:00:00+00:00,0.1062,0.1071,0.1061,0.1066,757311.5
2026-04-13 10:00:00+00:00,0.1066,0.1073,0.1065,0.1066,800824.26
2026-04-13 11:00:00+00:00,0.1067,0.1073,0.1066,0.107,714770.52
2026-04-13 12:00:00+00:00,0.107,0.1085,0.1064,0.1081,730753.45
2026-04-13 13:00:00+00:00,0.1081,0.1091,0.1072,0.1087,1327991.09
2026-04-13 14:00:00+00:00,0.1088,0.1097,0.1083,0.1097,1311348.35
2026-04-13 15:00:00+00:00,0.1097,0.1097,0.1081,0.1088,841335.89
2026-04-13 16:00:00+00:00,0.1088,0.1097,0.1085,0.1095,1472906.08
2026-04-13 17:00:00+00:00,0.1095,0.1102,0.1084,0.1085,1215611.37
2026-04-13 18:00:00+00:00,0.1084,0.1095,0.1082,0.1094,772684.5
2026-04-13 19:00:00+00:00,0.1095,0.1124,0.1093,0.1121,2146617.86
2026-04-13 20:00:00+00:00,0.1122,0.1122,0.1107,0.1108,1003149.53
2026-04-13 21:00:00+00:00,0.1108,0.1122,0.1105,0.1121,1102054.68
2026-04-13 22:00:00+00:00,0.1121,0.1166,0.1119,0.1163,4454595.51
2026-04-13 23:00:00+00:00,0.1164,0.1165,0.1154,0.1163,3566157.6
2026-04-14 00:00:00+00:00,0.1163,0.117,0.1153,0.1155,2781340.31
2026-04-14 01:00:00+00:00,0.1155,0.1156,0.1142,0.1144,1467468.3
2026-04-14 02:00:00+00:00,0.1144,0.1149,0.1141,0.1144,716380.42
2026-04-14 03:00:00+00:00,0.1143,0.1153,0.1141,0.1144,562324.54
2026-04-14 04:00:00+00:00,0.1144,0.1149,0.114,0.1146,504052.17
2026-04-14 05:00:00+00:00,0.1146,0.1149,0.1133,0.1136,773071.18
2026-04-14 06:00:00+00:00,0.1137,0.1141,0.1135,0.1137,574040.8
2026-04-14 07:00:00+00:00,0.1137,0.1139,0.1129,0.1136,865371.93
2026-04-14 08:00:00+00:00,0.1137,0.1141,0.1131,0.1137,981981.64
2026-04-14 09:00:00+00:00,0.1136,0.114,0.1131,0.1139,431787.01
2026-04-14 10:00:00+00:00,0.1139,0.1141,0.1131,0.1135,810912.95
2026-04-14 11:00:00+00:00,0.1134,0.1134,0.1127,0.113,418881.5
2026-04-14 12:00:00+00:00,0.113,0.1133,0.1127,0.1132,514433.91
2026-04-14 13:00:00+00:00,0.1131,0.1145,0.1131,0.1145,1672004.65
2026-04-14 14:00:00+00:00,0.1145,0.1168,0.1138,0.1147,7105559.77
2026-04-14 15:00:00+00:00,0.1147,0.1154,0.1128,0.1134,2178339.79
2026-04-14 16:00:00+00:00,0.1133,0.1147,0.113,0.1138,2918166.43
2026-04-14 17:00:00+00:00,0.1138,0.1143,0.1123,0.113,1252462.2
2026-04-14 18:00:00+00:00,0.1131,0.1134,0.1102,0.1107,1895183.57
2026-04-14 19:00:00+00:00,0.1107,0.1113,0.1102,0.1112,916873.78
2026-04-14 20:00:00+00:00,0.1112,0.1113,0.1103,0.1104,980396.98
2026-04-14 21:00:00+00:00,0.1104,0.1113,0.1103,0.1112,1173984.79
2026-04-14 22:00:00+00:00,0.1111,0.1117,0.1106,0.1109,315939.22
2026-04-14 23:00:00+00:00,0.1108,0.1115,0.1105,0.1113,330230.23
2026-04-15 00:00:00+00:00,0.1112,0.1123,0.1111,0.1116,584723.42
2026-04-15 01:00:00+00:00,0.1116,0.113,0.1115,0.1124,519918.92
2026-04-15 02:00:00+00:00,0.1124,0.1126,0.1118,0.1126,419525.52
2026-04-15 03:00:00+00:00,0.1126,0.1126,0.1121,0.1122,783990.49
2026-04-15 04:00:00+00:00,0.1122,0.1131,0.1121,0.113,1145506.27
2026-04-15 05:00:00+00:00,0.113,0.1133,0.1118,0.1121,674688.79
2026-04-15 06:00:00+00:00,0.1121,0.1125,0.1114,0.1121,306246.49
2026-04-15 07:00:00+00:00,0.1122,0.1126,0.1116,0.1118,577580.42
2026-04-15 08:00:00+00:00,0.1119,0.1135,0.1118,0.1128,649305.27
2026-04-15 09:00:00+00:00,0.1129,0.1135,0.1127,0.1134,673725.84
2026-04-15 10:00:00+00:00,0.1135,0.1147,0.1133,0.1139,671547.73
2026-04-15 11:00:00+00:00,0.114,0.116,0.1139,0.1152,1684726.54
2026-04-15 12:00:00+00:00,0.1152,0.1163,0.1145,0.116,2154446.94
2026-04-15 13:00:00+00:00,0.1161,0.1169,0.1155,0.1157,1598866.74
2026-04-15 14:00:00+00:00,0.1157,0.1175,0.1154,0.1175,1145932.13
2026-04-15 15:00:00+00:00,0.1176,0.1178,0.1156,0.1167,1687750.04
2026-04-15 16:00:00+00:00,0.1168,0.1201,0.1167,0.1193,1635053.41
2026-04-15 17:00:00+00:00,0.1194,0.1209,0.1192,0.1202,2638121.25
2026-04-15 18:00:00+00:00,0.1201,0.1211,0.1193,0.1209,1745178.18
2026-04-15 19:00:00+00:00,0.1209,0.1224,0.1204,0.1214,1792958.05
2026-04-15 20:00:00+00:00,0.1214,0.1217,0.1203,0.1208,1560973.35
2026-04-15 21:00:00+00:00,0.1208,0.1214,0.1199,0.1212,686345.3
2026-04-15 22:00:00+00:00,0.1212,0.1215,0.1196,0.1197,961136.36
2026-04-15 23:00:00+00:00,0.1198,0.1202,0.1189,0.1199,1199420.54
2026-04-16 00:00:00+00:00,0.1199,0.1201,0.1185,0.1197,528434.13
2026-04-16 01:00:00+00:00,0.1198,0.1202,0.119,0.1201,529110.28
2026-04-16 02:00:00+00:00,0.1202,0.1214,0.1199,0.1208,1446882.62
2026-04-16 03:00:00+00:00,0.1207,0.1215,0.1204,0.1212,1427171.01
2026-04-16 04:00:00+00:00,0.1211,0.1225,0.1208,0.1223,1535945.23
2026-04-16 05:00:00+00:00,0.1222,0.1232,0.1212,0.1226,2565750.13
2026-04-16 06:00:00+00:00,0.1227,0.123,0.1216,0.1222,1481842.17
2026-04-16 07:00:00+00:00,0.1223,0.1237,0.1222,0.1226,3580944.7
2026-04-16 08:00:00+00:00,0.1227,0.1231,0.1219,0.1222,2322709.72
2026-04-16 09:00:00+00:00,0.1221,0.1231,0.1214,0.1214,1196963.5
2026-04-16 10:00:00+00:00,0.1213,0.1224,0.121,0.1216,2102981.83
2026-04-16 11:00:00+00:00,0.1216,0.1232,0.1214,0.1231,2865712.45
2026-04-16 12:00:00+00:00,0.1232,0.1261,0.1232,0.126,3192214.66
2026-04-16 13:00:00+00:00,0.126,0.1291,0.1252,0.1269,4627647.44
2026-04-16 14:00:00+00:00,0.1269,0.1269,0.1227,0.1256,3704706.19
2026-04-16 15:00:00+00:00,0.1255,0.131,0.1251,0.1305,4630751.73
2026-04-16 16:00:00+00:00,0.1306,0.1317,0.125,0.1263,4537706.14
2026-04-16 17:00:00+00:00,0.1263,0.1291,0.1258,0.1284,1544344.36
2026-04-16 18:00:00+00:00,0.1284,0.1305,0.128,0.1304,1449305.26
2026-04-16 19:00:00+00:00,0.1305,0.1327,0.1303,0.1325,2996799.33
2026-04-16 20:00:00+00:00,0.1324,0.133,0.1311,0.1311,1129551.76
2026-04-16 21:00:00+00:00,0.1312,0.1318,0.1297,0.1315,945377.13
2026-04-16 22:00:00+00:00,0.1316,0.1326,0.1309,0.1317,1013314.05
2026-04-16 23:00:00+00:00,0.1316,0.1328,0.1312,0.1324,1179798.18
2026-04-17 00:00:00+00:00,0.1323,0.1339,0.1313,0.1337,2275263.65
2026-04-17 01:00:00+00:00,0.1336,0.1343,0.1313,0.1318,3249924.49
2026-04-17 02:00:00+00:00,0.1317,0.1322,0.1304,0.1316,1477679.02
2026-04-17 03:00:00+00:00,0.1315,0.1317,0.1307,0.131,842140.17
2026-04-17 04:00:00+00:00,0.1309,0.1317,0.1301,0.1302,973057.05
2026-04-17 05:00:00+00:00,0.1302,0.1302,0.1284,0.1285,1179696.71
2026-04-17 06:00:00+00:00,0.1285,0.13,0.1284,0.1297,1303031.51
2026-04-17 07:00:00+00:00,0.1297,0.131,0.1293,0.1309,1754726.56
2026-04-17 08:00:00+00:00,0.1309,0.132,0.1305,0.1314,1483368.2
2026-04-17 09:00:00+00:00,0.1314,0.1319,0.1303,0.1315,1608684.48
2026-04-17 10:00:00+00:00,0.1314,0.1318,0.1294,0.1302,1878322.39
2026-04-17 11:00:00+00:00,0.1303,0.1323,0.1302,0.1313,2667849.73
2026-04-17 12:00:00+00:00,0.1314,0.1327,0.1309,0.1324,2435239.72
2026-04-17 13:00:00+00:00,0.1324,0.1354,0.1317,0.1353,4615301.13
2026-04-17 14:00:00+00:00,0.1352,0.1373,0.1344,0.1349,3514029.5
2026-04-17 15:00:00+00:00,0.1348,0.1348,0.1326,0.1335,2368266.88
2026-04-17 16:00:00+00:00,0.1335,0.1347,0.1326,0.134,3241689.63
2026-04-17 17:00:00+00:00,0.1341,0.1347,0.133,0.1331,2004688.88
2026-04-17 18:00:00+00:00,0.1331,0.1338,0.1323,0.1333,929862.63
2026-04-17 19:00:00+00:00,0.1333,0.135,0.1328,0.1346,1048508.33
2026-04-17 20:00:00+00:00,0.1346,0.1351,0.1338,0.1342,836653.14
2026-04-17 21:00:00+00:00,0.1342,0.1353,0.1336,0.1339,752581.38
2026-04-17 22:00:00+00:00,0.1338,0.1349,0.1336,0.1346,923585.6
2026-04-17 23:00:00+00:00,0.1347,0.135,0.1332,0.1344,1552768.55
2026-04-18 00:00:00+00:00,0.1344,0.1355,0.1325,0.1337,2041441.04
2026-04-18 01:00:00+00:00,0.1338,0.135,0.1318,0.1319,984386.9
2026-04-18 02:00:00+00:00,0.1318,0.1331,0.1314,0.1328,606955.47
2026-04-18 03:00:00+00:00,0.1327,0.1327,0.1315,0.1319,947318.39
2026-04-18 04:00:00+00:00,0.132,0.1324,0.1315,0.1315,562569.13
2026-04-18 05:00:00+00:00,0.1315,0.1332,0.1314,0.1332,1907929.32
2026-04-18 06:00:00+00:00,0.1332,0.1345,0.1324,0.1337,596722.68
2026-04-18 07:00:00+00:00,0.1337,0.1344,0.1333,0.1338,1785493.46
2026-04-18 08:00:00+00:00,0.1338,0.1344,0.1308,0.1316,3084665.51
2026-04-18 09:00:00+00:00,0.1316,0.1321,0.13,0.1308,756383.15
2026-04-18 10:00:00+00:00,0.1307,0.1309,0.1289,0.1292,1317980.79
2026-04-18 11:00:00+00:00,0.1293,0.1293,0.1278,0.1286,786022.87
2026-04-18 12:00:00+00:00,0.1286,0.1291,0.1279,0.129,891123.44
2026-04-18 13:00:00+00:00,0.1291,0.1293,0.1272,0.1285,551436.15
2026-04-18 14:00:00+00:00,0.1284,0.129,0.1277,0.1287,691294.0
2026-04-18 15:00:00+00:00,0.1286,0.129,0.128,0.1282,696090.27
2026-04-18 16:00:00+00:00,0.1282,0.1291,0.1275,0.1277,1053147.19
2026-04-18 17:00:00+00:00,0.1277,0.1284,0.1271,0.128,665418.45
2026-04-18 18:00:00+00:00,0.1281,0.1281,0.1261,0.1263,1711357.74
2026-04-18 19:00:00+00:00,0.1263,0.1272,0.1262,0.1264,415572.53
2026-04-18 20:00:00+00:00,0.1264,0.1268,0.1258,0.1264,393022.72
2026-04-18 21:00:00+00:00,0.1264,0.127,0.1261,0.1268,550814.13
2026-04-18 22:00:00+00:00,0.1267,0.1271,0.1261,0.1267,836936.11
2026-04-18 23:00:00+00:00,0.1266,0.127,0.1258,0.1259,332068.29
2026-04-19 00:00:00+00:00,0.126,0.126,0.1244,0.1252,754809.87
2026-04-19 01:00:00+00:00,0.1252,0.1257,0.1232,0.1243,706392.59
2026-04-19 02:00:00+00:00,0.1242,0.1243,0.1225,0.1234,1228492.62
2026-04-19 03:00:00+00:00,0.1233,0.1244,0.1228,0.1235,710117.94
2026-04-19 04:00:00+00:00,0.1235,0.1244,0.1229,0.1238,862060.0
2026-04-19 05:00:00+00:00,0.1237,0.1246,0.1232,0.1232,525784.58
2026-04-19 06:00:00+00:00,0.1232,0.1239,0.1227,0.1238,658473.13
2026-04-19 07:00:00+00:00,0.1237,0.124,0.1227,0.1235,1368507.06
2026-04-19 08:00:00+00:00,0.1234,0.1238,0.123,0.1235,593211.75
2026-04-19 09:00:00+00:00,0.1236,0.1241,0.123,0.1232,462133.87
2026-04-19 10:00:00+00:00,0.1232,0.1239,0.1229,0.1234,339748.66
2026-04-19 11:00:00+00:00,0.1235,0.1251,0.1233,0.1246,866752.03
2026-04-19 12:00:00+00:00,0.1245,0.1257,0.1244,0.1253,560245.66
2026-04-19 13:00:00+00:00,0.1253,0.1269,0.1253,0.1257,1165149.13
2026-04-19 14:00:00+00:00,0.1257,0.1265,0.1252,0.1259,1158437.34
2026-04-19 15:00:00+00:00,0.1259,0.1261,0.1235,0.125,2042499.91
2026-04-19 16:00:00+00:00,0.125,0.125,0.1241,0.1243,737215.75
2026-04-19 17:00:00+00:00,0.1243,0.1243,0.1218,0.1219,1387835.29
2026-04-19 18:00:00+00:00,0.1219,0.1226,0.1216,0.122,1002844.05
2026-04-19 19:00:00+00:00,0.1221,0.1239,0.1221,0.1231,952053.26
2026-04-19 20:00:00+00:00,0.1232,0.1233,0.1224,0.1226,1006722.62
2026-04-19 21:00:00+00:00,0.1226,0.1235,0.1223,0.1225,387693.31
2026-04-19 22:00:00+00:00,0.1224,0.1224,0.1202,0.121,1442966.18
2026-04-19 23:00:00+00:00,0.1209,0.1209,0.1198,0.1204,1253775.83
2026-04-20 00:00:00+00:00,0.1205,0.1219,0.1203,0.1215,585183.85
2026-04-20 01:00:00+00:00,0.1214,0.1223,0.1214,0.122,660726.97
2026-04-20 02:00:00+00:00,0.122,0.1223,0.1213,0.1219,577903.87
2026-04-20 03:00:00+00:00,0.1219,0.1228,0.1215,0.1223,766220.66
2026-04-20 04:00:00+00:00,0.1224,0.1227,0.1217,0.1222,623233.09
2026-04-20 05:00:00+00:00,0.1223,0.1223,0.1204,0.121,645755.23
2026-04-20 06:00:00+00:00,0.1209,0.1226,0.1207,0.1218,643445.68
2026-04-20 07:00:00+00:00,0.1219,0.1245,0.1217,0.1229,1776520.73
2026-04-20 08:00:00+00:00,0.1228,0.1232,0.1218,0.1218,758546.86
2026-04-20 09:00:00+00:00,0.1217,0.1233,0.1215,0.1226,550352.82
2026-04-20 10:00:00+00:00,0.1227,0.1239,0.1227,0.1229,661497.49
2026-04-20 11:00:00+00:00,0.1229,0.1234,0.1226,0.1227,399418.17
2026-04-20 12:00:00+00:00,0.1228,0.1236,0.1223,0.1236,565176.55
2026-04-20 13:00:00+00:00,0.1236,0.124,0.1227,0.1238,822539.98
2026-04-20 14:00:00+00:00,0.1239,0.1247,0.1222,0.1227,1306274.56
2026-04-20 15:00:00+00:00,0.1228,0.124,0.1218,0.1233,744830.5
2026-04-20 16:00:00+00:00,0.1232,0.124,0.1229,0.1232,645720.36
2026-04-20 17:00:00+00:00,0.1233,0.1245,0.1231,0.1244,673595.17
2026-04-20 18:00:00+00:00,0.1245,0.1258,0.1245,0.1254,1573347.09
2026-04-20 19:00:00+00:00,0.1253,0.1253,0.1243,0.1248,494160.16
2026-04-20 20:00:00+00:00,0.1248,0.1257,0.1244,0.1256,1524820.32
2026-04-20 21:00:00+00:00,0.1256,0.126,0.1248,0.1256,563938.44
2026-04-20 22:00:00+00:00,0.1256,0.1257,0.1245,0.1246,440052.67
2026-04-20 23:00:00+00:00,0.1245,0.1245,0.1237,0.124,383614.98
2026-04-21 00:00:00+00:00,0.1241,0.1244,0.1238,0.124,479368.11
2026-04-21 01:00:00+00:00,0.124,0.1244,0.1235,0.1236,473435.1
2026-04-21 02:00:00+00:00,0.1236,0.1236,0.1228,0.1228,293886.69
2026-04-21 03:00:00+00:00,0.1228,0.1233,0.1223,0.1229,245237.07
2026-04-21 04:00:00+00:00,0.1229,0.1233,0.1224,0.1233,200693.16
2026-04-21 05:00:00+00:00,0.1232,0.1243,0.1232,0.1239,373113.38
2026-04-21 06:00:00+00:00,0.1239,0.1241,0.123,0.1235,278380.51
2026-04-21 07:00:00+00:00,0.1235,0.1241,0.1232,0.1232,397941.02
2026-04-21 08:00:00+00:00,0.1232,0.1243,0.1231,0.1232,307479.61
2026-04-21 09:00:00+00:00,0.1231,0.1239,0.1229,0.1237,382932.25
2026-04-21 10:00:00+00:00,0.1237,0.1247,0.1236,0.1245,688207.15
2026-04-21 11:00:00+00:00,0.1244,0.1261,0.1234,0.124,5142330.13
2026-04-21 12:00:00+00:00,0.124,0.1243,0.1222,0.1229,1835797.69
2026-04-21 13:00:00+00:00,0.1229,0.123,0.1216,0.1229,3477207.19
2026-04-21 14:00:00+00:00,0.1229,0.1239,0.1222,0.1229,1041428.38
2026-04-21 15:00:00+00:00,0.123,0.1242,0.1228,0.1239,1425451.81
2026-04-21 16:00:00+00:00,0.124,0.1245,0.1226,0.1227,592606.35
2026-04-21 17:00:00+00:00,0.1227,0.1229,0.1208,0.1216,1079765.39
2026-04-21 18:00:00+00:00,0.1216,0.1218,0.121,0.1217,694211.54
2026-04-21 19:00:00+00:00,0.1218,0.1227,0.12,0.1206,749468.84
2026-04-21 20:00:00+00:00,0.1205,0.1226,0.1204,0.1219,1573179.08
2026-04-21 21:00:00+00:00,0.1219,0.1221,0.1213,0.1219,599260.82
2026-04-21 22:00:00+00:00,0.1219,0.122,0.1211,0.1219,1225900.4
2026-04-21 23:00:00+00:00,0.1219,0.1236,0.1219,0.1232,518868.8
2026-04-22 00:00:00+00:00,0.1232,0.1236,0.1229,0.1231,529967.91
2026-04-22 01:00:00+00:00,0.1231,0.1233,0.1221,0.1226,1721299.46
2026-04-22 02:00:00+00:00,0.1226,0.1255,0.1224,0.1254,866416.19
2026-04-22 03:00:00+00:00,0.1255,0.1258,0.1248,0.1256,1014831.48
2026-04-22 04:00:00+00:00,0.1256,0.127,0.1256,0.1268,934031.56
2026-04-22 05:00:00+00:00,0.1269,0.1288,0.1264,0.1277,2875531.15
2026-04-22 06:00:00+00:00,0.1276,0.1279,0.1271,0.1277,671737.71
2026-04-22 07:00:00+00:00,0.1277,0.1279,0.1266,0.1269,577737.52
2026-04-22 08:00:00+00:00,0.1269,0.1277,0.1268,0.1274,397425.82
2026-04-22 09:00:00+00:00,0.1274,0.1281,0.1264,0.1267,599909.99
2026-04-22 10:00:00+00:00,0.1267,0.1274,0.1263,0.1274,549768.07
2026-04-22 11:00:00+00:00,0.1275,0.1278,0.1267,0.1273,556424.75
2026-04-22 12:00:00+00:00,0.1274,0.1275,0.126,0.1263,457010.55
2026-04-22 13:00:00+00:00,0.1263,0.1269,0.1257,0.1259,1171221.45
2026-04-22 14:00:00+00:00,0.1259,0.1269,0.1259,0.1267,712376.29
2026-04-22 15:00:00+00:00,0.1266,0.1271,0.1261,0.1262,877596.34
2026-04-22 16:00:00+00:00,0.1262,0.1268,0.1259,0.1265,1059456.3
2026-04-22 17:00:00+00:00,0.1264,0.1275,0.1261,0.1274,624533.0
2026-04-22 18:00:00+00:00,0.1274,0.1282,0.1271,0.1271,772357.91
2026-04-22 19:00:00+00:00,0.127,0.1272,0.1247,0.1257,1747360.93
2026-04-22 20:00:00+00:00,0.1258,0.1258,0.1248,0.1249,474916.52
2026-04-22 21:00:00+00:00,0.1249,0.1254,0.1245,0.1249,866208.27
2026-04-22 22:00:00+00:00,0.1248,0.1248,0.1227,0.1228,866898.41
2026-04-22 23:00:00+00:00,0.1228,0.1229,0.1209,0.121,1293008.83
2026-04-23 00:00:00+00:00,0.1211,0.1214,0.119,0.1208,2321933.54
2026-04-23 01:00:00+00:00,0.1207,0.1209,0.1198,0.1203,738092.15
2026-04-23 02:00:00+00:00,0.1203,0.1203,0.1182,0.1186,890386.07
2026-04-23 03:00:00+00:00,0.1185,0.1191,0.1177,0.1182,1183855.58
2026-04-23 04:00:00+00:00,0.1183,0.1189,0.1178,0.1186,1448921.23
2026-04-23 05:00:00+00:00,0.1186,0.1191,0.1178,0.1187,1021914.41
2026-04-23 06:00:00+00:00,0.1188,0.1196,0.1188,0.1193,741574.7
2026-04-23 07:00:00+00:00,0.1193,0.1196,0.1185,0.1188,614987.95
2026-04-23 08:00:00+00:00,0.1189,0.1194,0.1185,0.1191,560307.54
2026-04-23 09:00:00+00:00,0.1191,0.1192,0.1184,0.1189,936770.54
2026-04-23 10:00:00+00:00,0.1189,0.1193,0.1182,0.1184,958954.16
2026-04-23 11:00:00+00:00,0.1184,0.1196,0.1182,0.1191,497669.21
2026-04-23 12:00:00+00:00,0.1191,0.12,0.1191,0.1195,989449.91
2026-04-23 13:00:00+00:00,0.1195,0.1208,0.1194,0.1203,602393.23
2026-04-23 14:00:00+00:00,0.1203,0.1216,0.1199,0.1215,792971.88
2026-04-23 15:00:00+00:00,0.1215,0.1228,0.1208,0.1225,1063048.47
2026-04-23 16:00:00+00:00,0.1225,0.1227,0.1208,0.1209,905791.56
2026-04-23 17:00:00+00:00,0.1209,0.121,0.1176,0.1187,2269665.38
2026-04-23 18:00:00+00:00,0.1186,0.1195,0.1186,0.1187,612129.33
2026-04-23 19:00:00+00:00,0.1187,0.1198,0.1183,0.119,853418.78
2026-04-23 20:00:00+00:00,0.119,0.1206,0.119,0.12,369538.13
2026-04-23 21:00:00+00:00,0.1201,0.122,0.1199,0.1213,634987.02
2026-04-23 22:00:00+00:00,0.1212,0.1218,0.1212,0.1212,320650.93
2026-04-23 23:00:00+00:00,0.1212,0.122,0.1209,0.1216,274996.47
2026-04-24 00:00:00+00:00,0.1216,0.1228,0.1215,0.1224,701140.33
2026-04-24 01:00:00+00:00,0.1224,0.1224,0.121,0.1219,862116.96
2026-04-24 02:00:00+00:00,0.1219,0.122,0.1207,0.1211,526914.91
2026-04-24 03:00:00+00:00,0.1212,0.1212,0.1199,0.1206,637781.02
2026-04-24 04:00:00+00:00,0.1207,0.1207,0.12,0.1202,410024.0
2026-04-24 05:00:00+00:00,0.1202,0.1216,0.1199,0.1211,459767.17
2026-04-24 06:00:00+00:00,0.121,0.1215,0.1207,0.1211,505039.86
2026-04-24 07:00:00+00:00,0.1211,0.1217,0.1208,0.1212,385727.0
2026-04-24 08:00:00+00:00,0.1213,0.1222,0.1209,0.1216,576590.17
2026-04-24 09:00:00+00:00,0.1215,0.1216,0.1208,0.1211,279265.86
2026-04-24 10:00:00+00:00,0.1211,0.1229,0.1209,0.1224,718866.21
2026-04-24 11:00:00+00:00,0.1223,0.1235,0.1222,0.1229,614299.89
2026-04-24 12:00:00+00:00,0.123,0.1234,0.1226,0.1226,1010002.8
2026-04-24 13:00:00+00:00,0.1226,0.1231,0.1218,0.1222,387897.89
2026-04-24 14:00:00+00:00,0.1221,0.1226,0.1216,0.122,429070.65
2026-04-24 15:00:00+00:00,0.1221,0.1242,0.1211,0.1241,1240562.96
2026-04-24 16:00:00+00:00,0.1241,0.1241,0.1229,0.1232,3192088.33
2026-04-24 17:00:00+00:00,0.1233,0.1238,0.123,0.1233,635422.5
2026-04-24 18:00:00+00:00,0.1233,0.1242,0.1228,0.1237,539071.5
2026-04-24 19:00:00+00:00,0.1236,0.1255,0.1234,0.1252,962980.11
2026-04-24 20:00:00+00:00,0.1252,0.127,0.124,0.1259,2672582.01
2026-04-24 21:00:00+00:00,0.1259,0.1266,0.1251,0.1261,1072312.28
2026-04-24 22:00:00+00:00,0.126,0.1261,0.1245,0.1248,1168980.48
2026-04-24 23:00:00+00:00,0.1248,0.1259,0.1243,0.1252,1235310.17
2026-04-25 00:00:00+00:00,0.1251,0.126,0.1245,0.1259,935409.92
2026-04-25 01:00:00+00:00,0.1259,0.1274,0.1257,0.127,1444604.8
2026-04-25 02:00:00+00:00,0.127,0.1277,0.1261,0.1272,1042619.03
2026-04-25 03:00:00+00:00,0.1273,0.1288,0.1272,0.1282,1494923.0
2026-04-25 04:00:00+00:00,0.1283,0.1294,0.1279,0.1291,2036897.18
2026-04-25 05:00:00+00:00,0.1291,0.13,0.1275,0.1294,4078453.37
2026-04-25 06:00:00+00:00,0.1295,0.1302,0.1287,0.1289,1430236.65
2026-04-25 07:00:00+00:00,0.1288,0.1294,0.1282,0.1286,1539794.57
2026-04-25 08:00:00+00:00,0.1286,0.1326,0.1283,0.1324,6217545.34
2026-04-25 09:00:00+00:00,0.1324,0.1335,0.13,0.1323,6529207.43
2026-04-25 10:00:00+00:00,0.1323,0.1331,0.1306,0.1309,3885214.07
2026-04-25 11:00:00+00:00,0.1309,0.131,0.128,0.1286,3079800.68
2026-04-25 12:00:00+00:00,0.1285,0.1286,0.1274,0.1279,2743763.21
2026-04-25 13:00:00+00:00,0.1278,0.1284,0.1269,0.1269,1849356.52
2026-04-25 14:00:00+00:00,0.1269,0.127,0.126,0.1263,1055520.16
2026-04-25 15:00:00+00:00,0.1262,0.1267,0.1248,0.1255,5001332.68
2026-04-25 16:00:00+00:00,0.1255,0.1261,0.1241,0.1246,2467360.25
2026-04-25 17:00:00+00:00,0.1246,0.1248,0.1239,0.124,665703.53
2026-04-25 18:00:00+00:00,0.124,0.1251,0.124,0.1244,844630.24
2026-04-25 19:00:00+00:00,0.1243,0.1245,0.1239,0.124,684536.41
2026-04-25 20:00:00+00:00,0.1241,0.1244,0.1236,0.1244,1149063.73
2026-04-25 21:00:00+00:00,0.1244,0.1249,0.1243,0.1248,1139322.4
2026-04-25 22:00:00+00:00,0.1249,0.1255,0.1247,0.125,470939.27
2026-04-25 23:00:00+00:00,0.125,0.1254,0.1248,0.125,413371.56
2026-04-26 00:00:00+00:00,0.125,0.125,0.1241,0.1243,585387.73
2026-04-26 01:00:00+00:00,0.1244,0.1245,0.1235,0.1238,992858.2
2026-04-26 02:00:00+00:00,0.1238,0.1247,0.1238,0.1242,811854.46
2026-04-26 03:00:00+00:00,0.1242,0.1243,0.123,0.1239,1935893.42
2026-04-26 04:00:00+00:00,0.1239,0.1253,0.1237,0.1246,607099.28
2026-04-26 05:00:00+00:00,0.1245,0.1262,0.1244,0.1256,1454181.68
2026-04-26 06:00:00+00:00,0.1256,0.1268,0.1256,0.1262,714732.96
2026-04-26 07:00:00+00:00,0.1262,0.1268,0.1258,0.1262,407180.12
2026-04-26 08:00:00+00:00,0.1262,0.1262,0.1255,0.1258,529694.68
2026-04-26 09:00:00+00:00,0.1259,0.1262,0.1256,0.126,349624.83
2026-04-26 10:00:00+00:00,0.1259,0.1268,0.1258,0.1268,274821.27
2026-04-26 11:00:00+00:00,0.1268,0.1273,0.1262,0.1267,1197121.3
2026-04-26 12:00:00+00:00,0.1267,0.1269,0.1252,0.1256,595835.8
2026-04-26 13:00:00+00:00,0.1257,0.1258,0.1249,0.1251,511367.34
2026-04-26 14:00:00+00:00,0.1251,0.1268,0.1249,0.1262,1374116.25
2026-04-26 15:00:00+00:00,0.1262,0.1268,0.1257,0.1267,627657.07
2026-04-26 16:00:00+00:00,0.1267,0.1268,0.1259,0.1261,552199.94
2026-04-26 17:00:00+00:00,0.1262,0.1268,0.1257,0.1266,196384.81
2026-04-26 18:00:00+00:00,0.1267,0.127,0.1262,0.1269,504925.92
2026-04-26 19:00:00+00:00,0.1269,0.1276,0.1266,0.1268,307108.04
2026-04-26 20:00:00+00:00,0.1268,0.127,0.1265,0.1265,176051.22
2026-04-26 21:00:00+00:00,0.1265,0.1267,0.1248,0.1263,1164924.82
2026-04-26 22:00:00+00:00,0.1263,0.1267,0.1253,0.1258,347634.57
2026-04-26 23:00:00+00:00,0.1258,0.1264,0.1254,0.1258,297839.47
2026-04-27 00:00:00+00:00,0.1258,0.1267,0.1253,0.1266,839514.38
2026-04-27 01:00:00+00:00,0.1266,0.1275,0.1263,0.1275,676767.79
2026-04-27 02:00:00+00:00,0.1276,0.1282,0.1266,0.1279,1371153.81
2026-04-27 03:00:00+00:00,0.1278,0.1291,0.1277,0.1284,1970740.78
2026-04-27 04:00:00+00:00,0.1284,0.1285,0.1274,0.1277,474817.62
2026-04-27 05:00:00+00:00,0.1277,0.1277,0.1233,0.1245,3682201.94
2026-04-27 06:00:00+00:00,0.1244,0.1244,0.122,0.1229,1604946.02
2026-04-27 07:00:00+00:00,0.1228,0.1229,0.1219,0.1221,659797.89
2026-04-27 08:00:00+00:00,0.122,0.1225,0.1217,0.1225,605514.48
2026-04-27 09:00:00+00:00,0.1225,0.123,0.1223,0.1225,799329.78
2026-04-27 10:00:00+00:00,0.1225,0.1227,0.122,0.122,416739.38
2026-04-27 11:00:00+00:00,0.122,0.1221,0.1213,0.1221,556330.43
2026-04-27 12:00:00+00:00,0.1222,0.1223,0.1215,0.1219,347086.79
2026-04-27 13:00:00+00:00,0.1219,0.1221,0.1209,0.1214,1116996.25
2026-04-27 14:00:00+00:00,0.1214,0.123,0.1214,0.1224,800619.69
2026-04-27 15:00:00+00:00,0.1224,0.1224,0.119,0.1198,2463975.72
2026-04-27 16:00:00+00:00,0.1198,0.1204,0.1193,0.1203,515670.39
2026-04-27 17:00:00+00:00,0.1204,0.1213,0.1204,0.1208,1538513.44
2026-04-27 18:00:00+00:00,0.1208,0.1211,0.1206,0.1208,370514.78
2026-04-27 19:00:00+00:00,0.1208,0.1209,0.1198,0.1209,345809.32
2026-04-27 20:00:00+00:00,0.1209,0.1214,0.1208,0.1209,275489.65
2026-04-27 21:00:00+00:00,0.1209,0.1218,0.1208,0.1213,155830.22
2026-04-27 22:00:00+00:00,0.1214,0.1223,0.1213,0.1219,431599.29
2026-04-27 23:00:00+00:00,0.1219,0.1226,0.1219,0.1225,196834.41
2026-04-28 00:00:00+00:00,0.1224,0.1229,0.1221,0.1224,741199.31
2026-04-28 01:00:00+00:00,0.1223,0.1227,0.122,0.122,245542.19
2026-04-28 02:00:00+00:00,0.1221,0.1228,0.1216,0.1219,284358.68
2026-04-28 03:00:00+00:00,0.1218,0.1223,0.1214,0.1223,587646.91
2026-04-28 04:00:00+00:00,0.1223,0.1229,0.122,0.1227,407077.73
2026-04-28 05:00:00+00:00,0.1227,0.1231,0.1223,0.1226,673265.99
2026-04-28 06:00:00+00:00,0.1226,0.1233,0.1217,0.1221,871243.52
2026-04-28 07:00:00+00:00,0.1221,0.1222,0.1211,0.1218,634589.69
2026-04-28 08:00:00+00:00,0.1218,0.1224,0.1215,0.1219,285311.18
2026-04-28 09:00:00+00:00,0.1219,0.1219,0.1208,0.1211,1153876.16
2026-04-28 10:00:00+00:00,0.1212,0.1218,0.1209,0.1213,1425499.64
2026-04-28 11:00:00+00:00,0.1214,0.1215,0.1201,0.1205,684057.63
2026-04-28 12:00:00+00:00,0.1206,0.1212,0.1202,0.121,753223.86
2026-04-28 13:00:00+00:00,0.1209,0.1219,0.1201,0.1215,840640.03
2026-04-28 14:00:00+00:00,0.1214,0.1214,0.1201,0.1209,497423.79
2026-04-28 15:00:00+00:00,0.121,0.1215,0.121,0.1215,261834.58
2026-04-28 16:00:00+00:00,0.1215,0.1222,0.1206,0.1209,888939.92
2026-04-28 17:00:00+00:00,0.1208,0.1214,0.1205,0.121,319121.38
2026-04-28 18:00:00+00:00,0.1209,0.1217,0.1209,0.1216,643544.89
2026-04-28 19:00:00+00:00,0.1216,0.1221,0.1213,0.1219,371201.33
2026-04-28 20:00:00+00:00,0.122,0.1221,0.1213,0.1215,244737.6
2026-04-28 21:00:00+00:00,0.1214,0.1219,0.121,0.1213,284736.11
2026-04-28 22:00:00+00:00,0.1214,0.1218,0.1211,0.1212,418789.58
2026-04-28 23:00:00+00:00,0.1212,0.1213,0.1208,0.1211,186426.87
2026-04-29 00:00:00+00:00,0.1212,0.1214,0.121,0.1213,263746.8
2026-04-29 01:00:00+00:00,0.1212,0.1213,0.1205,0.1207,564945.9
2026-04-29 02:00:00+00:00,0.1207,0.1212,0.1203,0.1208,348574.88
2026-04-29 03:00:00+00:00,0.1209,0.1228,0.1209,0.1226,766630.76
2026-04-29 04:00:00+00:00,0.1226,0.1238,0.1224,0.1236,749736.64
2026-04-29 05:00:00+00:00,0.1237,0.1242,0.1234,0.1241,292649.64
2026-04-29 06:00:00+00:00,0.1241,0.1246,0.1233,0.1237,514388.14
2026-04-29 07:00:00+00:00,0.1237,0.1241,0.123,0.1236,452112.97
2026-04-29 08:00:00+00:00,0.1236,0.1237,0.123,0.1233,457827.96
2026-04-29 09:00:00+00:00,0.1232,0.1252,0.1229,0.1251,944465.72
2026-04-29 10:00:00+00:00,0.1252,0.126,0.1244,0.1248,1871039.83
2026-04-29 11:00:00+00:00,0.1247,0.125,0.1237,0.1238,643149.69
2026-04-29 12:00:00+00:00,0.1239,0.124,0.1216,0.1224,2875000.41
2026-04-29 13:00:00+00:00,0.1223,0.1226,0.1208,0.1214,1111419.52
2026-04-29 14:00:00+00:00,0.1214,0.1219,0.1206,0.1209,599977.89
2026-04-29 15:00:00+00:00,0.1208,0.121,0.1182,0.1185,2241132.5
2026-04-29 16:00:00+00:00,0.1185,0.1191,0.1182,0.1187,946314.73
2026-04-29 17:00:00+00:00,0.1187,0.1201,0.1187,0.1201,428541.21
2026-04-29 18:00:00+00:00,0.1202,0.1202,0.1155,0.1176,2859666.42
2026-04-29 19:00:00+00:00,0.1177,0.1181,0.1171,0.1176,569066.17
2026-04-29 20:00:00+00:00,0.1177,0.1193,0.1176,0.1189,1086131.74
2026-04-29 21:00:00+00:00,0.1188,0.1203,0.1187,0.1196,709095.39
2026-04-29 22:00:00+00:00,0.1195,0.1201,0.1194,0.1197,435801.31
2026-04-29 23:00:00+00:00,0.1196,0.1199,0.1192,0.1197,396922.04
2026-04-30 00:00:00+00:00,0.1198,0.1214,0.1196,0.1213,551865.45
2026-04-30 01:00:00+00:00,0.1213,0.1218,0.1206,0.1216,679032.92
2026-04-30 02:00:00+00:00,0.1216,0.1217,0.1192,0.1198,1501258.06
2026-04-30 03:00:00+00:00,0.1198,0.1207,0.1196,0.1206,191501.44
2026-04-30 04:00:00+00:00,0.1205,0.1205,0.1191,0.1191,671844.01
2026-04-30 05:00:00+00:00,0.1191,0.12,0.1188,0.1195,532015.73
2026-04-30 06:00:00+00:00,0.1195,0.1203,0.1192,0.12,583594.34
2026-04-30 07:00:00+00:00,0.1199,0.1207,0.1197,0.1206,684299.05
2026-04-30 08:00:00+00:00,0.1206,0.121,0.1204,0.1206,1626673.94
2026-04-30 09:00:00+00:00,0.1205,0.1219,0.1205,0.1215,1669729.91
2026-04-30 10:00:00+00:00,0.1214,0.1219,0.121,0.1216,1440974.14
2026-04-30 11:00:00+00:00,0.1216,0.1225,0.1212,0.122,1071722.53
2026-04-30 12:00:00+00:00,0.122,0.1227,0.1216,0.1217,1358800.8
2026-04-30 13:00:00+00:00,0.1217,0.122,0.1208,0.121,787504.42
2026-04-30 14:00:00+00:00,0.121,0.1215,0.1201,0.1203,856453.07
2026-04-30 15:00:00+00:00,0.1203,0.1215,0.1201,0.1212,618021.7
2026-04-30 16:00:00+00:00,0.1213,0.1216,0.1203,0.1205,516451.23
2026-04-30 17:00:00+00:00,0.1204,0.1208,0.1201,0.1205,539884.33
2026-04-30 18:00:00+00:00,0.1205,0.1211,0.1202,0.1208,696149.28
2026-04-30 19:00:00+00:00,0.1207,0.1215,0.1206,0.1211,290164.26
2026-04-30 20:00:00+00:00,0.121,0.1211,0.1206,0.1206,381925.17
2026-04-30 21:00:00+00:00,0.1206,0.1208,0.1198,0.1201,372481.92
2026-04-30 22:00:00+00:00,0.1201,0.1201,0.1194,0.1197,169602.67
2026-04-30 23:00:00+00:00,0.1197,0.1205,0.1195,0.1204,230985.51
2026-05-01 00:00:00+00:00,0.1203,0.1211,0.1203,0.1205,312639.63
2026-05-01 01:00:00+00:00,0.1205,0.1218,0.1205,0.1216,380777.01
2026-05-01 02:00:00+00:00,0.1217,0.1217,0.1208,0.1212,458717.6
2026-05-01 03:00:00+00:00,0.1211,0.1229,0.1208,0.1221,906672.68
2026-05-01 04:00:00+00:00,0.1221,0.123,0.122,0.1222,619393.56
2026-05-01 05:00:00+00:00,0.1222,0.1225,0.1218,0.1219,363816.31
2026-05-01 06:00:00+00:00,0.122,0.1222,0.1208,0.1209,356974.65
2026-05-01 07:00:00+00:00,0.1209,0.1215,0.1206,0.1213,220280.03
2026-05-01 08:00:00+00:00,0.1212,0.1215,0.1211,0.1213,617389.01
2026-05-01 09:00:00+00:00,0.1213,0.1215,0.1206,0.1209,707976.95
2026-05-01 10:00:00+00:00,0.1208,0.121,0.1198,0.1207,627216.08
2026-05-01 11:00:00+00:00,0.1207,0.1212,0.1203,0.1208,760962.12
2026-05-01 12:00:00+00:00,0.1208,0.1215,0.1206,0.1213,855185.0
2026-05-01 13:00:00+00:00,0.1213,0.1228,0.1213,0.1227,742413.44
2026-05-01 14:00:00+00:00,0.1227,0.1228,0.1215,0.1223,404776.39
2026-05-01 15:00:00+00:00,0.1223,0.1229,0.1214,0.1223,868698.25
2026-05-01 16:00:00+00:00,0.1224,0.1226,0.1216,0.122,382893.35
2026-05-01 17:00:00+00:00,0.122,0.1226,0.1218,0.1225,531336.55
2026-05-01 18:00:00+00:00,0.1225,0.1231,0.1221,0.1227,429733.54
2026-05-01 19:00:00+00:00,0.1226,0.1232,0.1223,0.1224,282579.52
2026-05-01 20:00:00+00:00,0.1224,0.1227,0.121,0.1214,681849.62
2026-05-01 21:00:00+00:00,0.1214,0.1219,0.1213,0.1216,241815.09
2026-05-01 22:00:00+00:00,0.1217,0.1224,0.1212,0.1212,146478.73
2026-05-01 23:00:00+00:00,0.1212,0.1212,0.1203,0.1209,484484.37
2026-05-02 00:00:00+00:00,0.121,0.1213,0.1206,0.1211,374260.82
2026-05-02 01:00:00+00:00,0.1211,0.1214,0.121,0.1212,186943.22
2026-05-02 02:00:00+00:00,0.1212,0.1213,0.1204,0.1204,180000.88
2026-05-02 03:00:00+00:00,0.1204,0.1207,0.12,0.1205,407126.34
2026-05-02 04:00:00+00:00,0.1206,0.1207,0.1199,0.12,565150.49
2026-05-02 05:00:00+00:00,0.12,0.1202,0.1193,0.1197,669435.42
2026-05-02 06:00:00+00:00,0.1197,0.1204,0.1196,0.1203,421127.63
2026-05-02 07:00:00+00:00,0.1203,0.1205,0.12,0.1201,575821.13
2026-05-02 08:00:00+00:00,0.1201,0.1205,0.1199,0.1204,308553.8
2026-05-02 09:00:00+00:00,0.1204,0.1214,0.1204,0.121,526247.02
2026-05-02 10:00:00+00:00,0.1211,0.1215,0.1209,0.1211,472046.29
2026-05-02 11:00:00+00:00,0.1211,0.1211,0.1204,0.1207,247377.55
2026-05-02 12:00:00+00:00,0.1206,0.1213,0.1205,0.1208,328134.42
2026-05-02 13:00:00+00:00,0.1208,0.1219,0.1208,0.1216,656717.84
2026-05-02 14:00:00+00:00,0.1217,0.1227,0.1216,0.1226,832201.41
2026-05-02 15:00:00+00:00,0.1226,0.1234,0.1224,0.1234,1335629.33
2026-05-02 16:00:00+00:00,0.1234,0.1241,0.1232,0.1241,943646.89
2026-05-02 17:00:00+00:00,0.1241,0.1247,0.1237,0.1238,887025.12
2026-05-02 18:00:00+00:00,0.1239,0.1255,0.1228,0.1251,1193707.03
2026-05-02 19:00:00+00:00,0.1252,0.126,0.125,0.1259,1322473.18
2026-05-02 20:00:00+00:00,0.126,0.1278,0.1257,0.1264,2188689.64
2026-05-02 21:00:00+00:00,0.1264,0.1267,0.1253,0.1259,694692.63
2026-05-02 22:00:00+00:00,0.1259,0.1265,0.1255,0.1262,349688.83
2026-05-02 23:00:00+00:00,0.1261,0.1261,0.1253,0.1255,313506.29
2026-05-03 00:00:00+00:00,0.1256,0.1257,0.1243,0.1247,569336.56
2026-05-03 01:00:00+00:00,0.1247,0.1247,0.123,0.1233,485652.62
2026-05-03 02:00:00+00:00,0.1232,0.1235,0.1221,0.1226,1021383.07
2026-05-03 03:00:00+00:00,0.1225,0.1229,0.122,0.1225,426839.09
2026-05-03 04:00:00+00:00,0.1224,0.1227,0.1221,0.1224,253512.83
2026-05-03 05:00:00+00:00,0.1224,0.1229,0.122,0.1223,773240.65
2026-05-03 06:00:00+00:00,0.1223,0.1225,0.1216,0.1219,450364.91
2026-05-03 07:00:00+00:00,0.1219,0.1227,0.1219,0.1223,471800.2
2026-05-03 08:00:00+00:00,0.1222,0.1226,0.1218,0.1218,1546466.96
2026-05-03 09:00:00+00:00,0.1218,0.1224,0.1215,0.1221,466203.79
2026-05-03 10:00:00+00:00,0.1221,0.1226,0.1216,0.1216,412864.17
2026-05-03 11:00:00+00:00,0.1216,0.1229,0.1211,0.122,858494.98
2026-05-03 12:00:00+00:00,0.1221,0.123,0.122,0.1224,521011.11
2026-05-03 13:00:00+00:00,0.1224,0.1224,0.1212,0.1215,575745.95
2026-05-03 14:00:00+00:00,0.1216,0.1221,0.1214,0.122,461266.63
2026-05-03 15:00:00+00:00,0.1221,0.1227,0.122,0.1222,404623.23
2026-05-03 16:00:00+00:00,0.1221,0.1225,0.1217,0.1223,450784.17
2026-05-03 17:00:00+00:00,0.1223,0.1229,0.1217,0.1224,346294.76
2026-05-03 18:00:00+00:00,0.1225,0.1227,0.1223,0.1224,150914.07
2026-05-03 19:00:00+00:00,0.1225,0.1234,0.1223,0.1231,391665.68
2026-05-03 20:00:00+00:00,0.1231,0.1243,0.1231,0.1237,1591627.42
2026-05-03 21:00:00+00:00,0.1237,0.124,0.1223,0.1227,860918.4
2026-05-03 22:00:00+00:00,0.1228,0.1248,0.1228,0.1244,1034021.04
2026-05-03 23:00:00+00:00,0.1244,0.1248,0.1229,0.1229,616128.4
2026-05-04 00:00:00+00:00,0.1229,0.1229,0.1211,0.1225,986645.0
2026-05-04 01:00:00+00:00,0.1225,0.1249,0.1218,0.1249,2190288.71
2026-05-04 02:00:00+00:00,0.125,0.1273,0.125,0.1269,1717279.52
2026-05-04 03:00:00+00:00,0.1269,0.1271,0.1258,0.1268,1020951.52
2026-05-04 04:00:00+00:00,0.1269,0.1277,0.1266,0.1271,1932642.22
2026-05-04 05:00:00+00:00,0.1271,0.1277,0.1264,0.1268,906521.82
2026-05-04 06:00:00+00:00,0.1268,0.127,0.1245,0.1257,1089348.56
2026-05-04 07:00:00+00:00,0.1258,0.126,0.1251,0.1253,699588.88
2026-05-04 08:00:00+00:00,0.1252,0.1256,0.1248,0.1248,1430920.53
2026-05-04 09:00:00+00:00,0.1248,0.1258,0.1245,0.1255,1066241.3
2026-05-04 10:00:00+00:00,0.1256,0.1256,0.1206,0.1213,3862345.41
2026-05-04 11:00:00+00:00,0.1213,0.1218,0.1209,0.1214,1179803.58
2026-05-04 12:00:00+00:00,0.1213,0.1222,0.1212,0.1213,905809.11
2026-05-04 13:00:00+00:00,0.1212,0.1222,0.1205,0.1217,2046262.13
2026-05-04 14:00:00+00:00,0.1217,0.1254,0.1212,0.1248,3483014.95
2026-05-04 15:00:00+00:00,0.1248,0.125,0.1219,0.1227,2583652.85
2026-05-04 16:00:00+00:00,0.1228,0.1237,0.1216,0.1231,2983699.54
2026-05-04 17:00:00+00:00,0.1231,0.1256,0.123,0.1252,1230150.4
2026-05-04 18:00:00+00:00,0.1252,0.1257,0.1243,0.1253,1266675.82
2026-05-04 19:00:00+00:00,0.1254,0.1258,0.1244,0.1249,4283165.95
2026-05-04 20:00:00+00:00,0.1249,0.125,0.1231,0.1232,1231237.77
2026-05-04 21:00:00+00:00,0.1233,0.1261,0.1233,0.1258,1081066.62
2026-05-04 22:00:00+00:00,0.1257,0.126,0.1236,0.1244,1346705.34
2026-05-04 23:00:00+00:00,0.1243,0.1246,0.1236,0.1241,613079.49
2026-05-05 00:00:00+00:00,0.1242,0.1258,0.1236,0.1255,2732943.16
2026-05-05 01:00:00+00:00,0.1255,0.1272,0.1252,0.1266,1815140.14
2026-05-05 02:00:00+00:00,0.1267,0.1286,0.1263,0.1268,1976370.68
2026-05-05 03:00:00+00:00,0.1268,0.1278,0.1263,0.1273,668070.51
2026-05-05 04:00:00+00:00,0.1273,0.1281,0.1271,0.1273,1914548.83
2026-05-05 05:00:00+00:00,0.1273,0.1279,0.1269,0.1274,896981.79
2026-05-05 06:00:00+00:00,0.1275,0.1276,0.1263,0.1269,1257622.63
2026-05-05 07:00:00+00:00,0.127,0.1279,0.1267,0.1272,1906381.27
2026-05-05 08:00:00+00:00,0.1272,0.1284,0.1271,0.1283,1627949.09
2026-05-05 09:00:00+00:00,0.1283,0.1295,0.1281,0.1291,1259451.6
2026-05-05 10:00:00+00:00,0.1292,0.1303,0.1287,0.1299,1858001.76
2026-05-05 11:00:00+00:00,0.1299,0.1303,0.1283,0.1299,1814273.44
2026-05-05 12:00:00+00:00,0.1299,0.1307,0.1296,0.1296,1279563.19
2026-05-05 13:00:00+00:00,0.1296,0.1296,0.1277,0.1282,4052059.86
2026-05-05 14:00:00+00:00,0.1282,0.129,0.1269,0.1277,2176708.97
2026-05-05 15:00:00+00:00,0.1277,0.1281,0.1272,0.1274,976754.48
2026-05-05 16:00:00+00:00,0.1274,0.1279,0.1262,0.1271,2386359.66
2026-05-05 17:00:00+00:00,0.127,0.1274,0.1265,0.1273,662220.42
2026-05-05 18:00:00+00:00,0.1273,0.1278,0.127,0.1272,1154816.91
2026-05-05 19:00:00+00:00,0.1273,0.1281,0.1273,0.1278,1178901.54
2026-05-05 20:00:00+00:00,0.1279,0.1302,0.1279,0.1302,2323545.39
2026-05-05 21:00:00+00:00,0.1301,0.131,0.129,0.1291,1274906.91
2026-05-05 22:00:00+00:00,0.1292,0.1294,0.1277,0.1284,2394773.01
2026-05-05 23:00:00+00:00,0.1283,0.1288,0.1275,0.1285,1239794.05
2026-05-06 00:00:00+00:00,0.1285,0.1296,0.1279,0.1293,1232644.09
2026-05-06 01:00:00+00:00,0.1292,0.132,0.1288,0.1315,3361875.24
2026-05-06 02:00:00+00:00,0.1315,0.1316,0.1298,0.1315,1974596.34
2026-05-06 03:00:00+00:00,0.1315,0.1328,0.1309,0.1325,1883417.99
2026-05-06 04:00:00+00:00,0.1325,0.1329,0.1315,0.1317,1963621.8
2026-05-06 05:00:00+00:00,0.1316,0.1324,0.1308,0.1323,1536898.1
2026-05-06 06:00:00+00:00,0.1323,0.1327,0.1312,0.1323,1951750.61
2026-05-06 07:00:00+00:00,0.1322,0.1333,0.132,0.1324,1766426.09
2026-05-06 08:00:00+00:00,0.1324,0.1355,0.1322,0.1349,2534974.68
2026-05-06 09:00:00+00:00,0.1349,0.1363,0.1348,0.136,2028389.51
2026-05-06 10:00:00+00:00,0.1361,0.1362,0.1353,0.1356,1775951.66
2026-05-06 11:00:00+00:00,0.1356,0.1366,0.1354,0.1362,2159100.59
2026-05-06 12:00:00+00:00,0.1363,0.1376,0.136,0.1373,2686211.73
2026-05-06 13:00:00+00:00,0.1372,0.1372,0.134,0.1345,3183177.35
2026-05-06 14:00:00+00:00,0.1344,0.1354,0.1324,0.1348,3041583.27
2026-05-06 15:00:00+00:00,0.1347,0.1369,0.1347,0.1363,2285750.26
2026-05-06 16:00:00+00:00,0.1362,0.1386,0.1357,0.1384,3343579.88
2026-05-06 17:00:00+00:00,0.1384,0.1389,0.1357,0.1364,1905269.04
2026-05-06 18:00:00+00:00,0.1365,0.1372,0.1359,0.1365,1626353.92
2026-05-06 19:00:00+00:00,0.1366,0.1393,0.1365,0.1386,1694934.92
2026-05-06 20:00:00+00:00,0.1386,0.142,0.1385,0.1408,4776102.16
2026-05-06 21:00:00+00:00,0.1408,0.1489,0.1406,0.1476,8971746.32
2026-05-06 22:00:00+00:00,0.1477,0.1477,0.1412,0.143,5992264.3
2026-05-06 23:00:00+00:00,0.1431,0.1433,0.1403,0.1424,2727056.24
2026-05-07 00:00:00+00:00,0.1424,0.143,0.1408,0.1423,8611593.31
2026-05-07 01:00:00+00:00,0.1423,0.1443,0.1386,0.139,15175610.04
2026-05-07 02:00:00+00:00,0.1389,0.1395,0.1375,0.1391,3982780.68
2026-05-07 03:00:00+00:00,0.139,0.1407,0.1388,0.1389,9754871.36
2026-05-07 04:00:00+00:00,0.1389,0.1446,0.1387,0.1443,3053074.36
2026-05-07 05:00:00+00:00,0.1444,0.1508,0.1443,0.1497,12324986.99
2026-05-07 06:00:00+00:00,0.1496,0.1496,0.1443,0.149,5954237.99
2026-05-07 07:00:00+00:00,0.149,0.1494,0.1443,0.1449,3093747.11
2026-05-07 08:00:00+00:00,0.1448,0.146,0.1436,0.1451,4183082.12
2026-05-07 09:00:00+00:00,0.1451,0.1464,0.144,0.1447,2391372.64
2026-05-07 10:00:00+00:00,0.1447,0.1469,0.1441,0.1462,1451059.37
2026-05-07 11:00:00+00:00,0.1462,0.1479,0.1456,0.1456,2116297.81
2026-05-07 12:00:00+00:00,0.1455,0.1491,0.1451,0.1478,3334518.41
2026-05-07 13:00:00+00:00,0.1477,0.1491,0.1447,0.1453,2392564.6
2026-05-07 14:00:00+00:00,0.1454,0.1464,0.1426,0.1441,4953337.07
2026-05-07 15:00:00+00:00,0.1442,0.1462,0.1432,0.1444,5159538.68
2026-05-07 16:00:00+00:00,0.1444,0.1477,0.1442,0.1454,3084233.37
2026-05-07 17:00:00+00:00,0.1455,0.1475,0.1439,0.1455,2579888.45
2026-05-07 18:00:00+00:00,0.1454,0.1472,0.1449,0.1452,1578808.07
2026-05-07 19:00:00+00:00,0.1453,0.1475,0.1442,0.1469,1905660.3
2026-05-07 20:00:00+00:00,0.147,0.1488,0.1469,0.1472,1655888.38
2026-05-07 21:00:00+00:00,0.1472,0.15,0.1455,0.1473,3812840.53
2026-05-07 22:00:00+00:00,0.1472,0.1474,0.1452,0.1463,1070840.35
2026-05-07 23:00:00+00:00,0.1463,0.1484,0.1463,0.148,924331.06
2026-05-08 00:00:00+00:00,0.1481,0.1494,0.147,0.1478,1732561.2
2026-05-08 01:00:00+00:00,0.1479,0.149,0.1468,0.1483,1216867.0
2026-05-08 02:00:00+00:00,0.1484,0.1501,0.1464,0.1495,3268771.74
2026-05-08 03:00:00+00:00,0.1495,0.1515,0.1474,0.1489,4561737.64
2026-05-08 04:00:00+00:00,0.1488,0.1512,0.148,0.149,3183838.28
2026-05-08 05:00:00+00:00,0.1491,0.1498,0.1471,0.1471,1953823.71
2026-05-08 06:00:00+00:00,0.1471,0.1498,0.1459,0.1496,3746329.52
2026-05-08 07:00:00+00:00,0.1496,0.151,0.1484,0.1504,3985959.62
2026-05-08 08:00:00+00:00,0.1503,0.151,0.1481,0.1489,2705792.31
2026-05-08 09:00:00+00:00,0.1489,0.1511,0.1478,0.15,3155359.56
2026-05-08 10:00:00+00:00,0.15,0.1515,0.1495,0.1497,3075860.48
2026-05-08 11:00:00+00:00,0.1497,0.1529,0.1494,0.1519,2142293.01
2026-05-08 12:00:00+00:00,0.1519,0.1525,0.1499,0.151,4203872.0
2026-05-08 13:00:00+00:00,0.1509,0.1518,0.1486,0.1494,2152144.92
2026-05-08 14:00:00+00:00,0.1494,0.152,0.1491,0.1507,2300787.38
2026-05-08 15:00:00+00:00,0.1507,0.1524,0.1494,0.1523,2434176.59
2026-05-08 16:00:00+00:00,0.1523,0.1546,0.1517,0.1536,3317835.24
2026-05-08 17:00:00+00:00,0.1535,0.161,0.1535,0.1596,11332361.96
2026-05-08 18:00:00+00:00,0.1596,0.165,0.1596,0.161,12893337.8
2026-05-08 19:00:00+00:00,0.161,0.1637,0.1597,0.1618,5724591.75
2026-05-08 20:00:00+00:00,0.1618,0.1691,0.1613,0.1685,8633746.63
2026-05-08 21:00:00+00:00,0.1685,0.1773,0.1674,0.1751,15062043.42
2026-05-08 22:00:00+00:00,0.175,0.1819,0.1724,0.1747,48462076.35
2026-05-08 23:00:00+00:00,0.1747,0.1755,0.1706,0.1718,4832361.49
2026-05-09 00:00:00+00:00,0.1718,0.1725,0.1672,0.1683,5378102.88
2026-05-09 01:00:00+00:00,0.1682,0.1697,0.1663,0.1687,5854423.36
2026-05-09 02:00:00+00:00,0.1686,0.1711,0.1684,0.1695,4603565.83
2026-05-09 03:00:00+00:00,0.1694,0.1705,0.167,0.1693,2837705.23
2026-05-09 04:00:00+00:00,0.1693,0.1697,0.1658,0.1671,2141441.69
2026-05-09 05:00:00+00:00,0.1671,0.1697,0.1665,0.1686,1597144.4
2026-05-09 06:00:00+00:00,0.1685,0.1715,0.1684,0.1698,3136988.32
2026-05-09 07:00:00+00:00,0.1698,0.1707,0.1645,0.1648,7889784.13
2026-05-09 08:00:00+00:00,0.1648,0.1667,0.1639,0.1662,2130968.8
2026-05-09 09:00:00+00:00,0.1661,0.1663,0.1639,0.1658,2951737.86
2026-05-09 10:00:00+00:00,0.1657,0.1661,0.1625,0.1633,1973657.12
2026-05-09 11:00:00+00:00,0.1633,0.1658,0.1631,0.1651,1509931.03
2026-05-09 12:00:00+00:00,0.1652,0.1678,0.1652,0.1664,1655053.36
2026-05-09 13:00:00+00:00,0.1664,0.1671,0.1635,0.1647,2347250.43
2026-05-09 14:00:00+00:00,0.1647,0.1666,0.1644,0.166,1090136.98
2026-05-09 15:00:00+00:00,0.1661,0.1682,0.1656,0.1662,2661345.67
2026-05-09 16:00:00+00:00,0.1662,0.1664,0.1647,0.1656,651869.48
2026-05-09 17:00:00+00:00,0.1657,0.1665,0.1643,0.1647,1049173.49
2026-05-09 18:00:00+00:00,0.1646,0.1656,0.1644,0.1645,600017.94
2026-05-09 19:00:00+00:00,0.1645,0.165,0.1639,0.1647,814787.85
2026-05-09 20:00:00+00:00,0.1647,0.1654,0.1645,0.1652,323432.05
2026-05-09 21:00:00+00:00,0.1652,0.1661,0.1645,0.1654,466154.64
2026-05-09 22:00:00+00:00,0.1655,0.1657,0.1651,0.1652,231491.5
2026-05-09 23:00:00+00:00,0.1652,0.1653,0.1632,0.1633,589503.39
2026-05-10 00:00:00+00:00,0.1633,0.1637,0.1616,0.1622,2911821.33
2026-05-10 01:00:00+00:00,0.1622,0.1624,0.1609,0.1615,1126493.59
2026-05-10 02:00:00+00:00,0.1615,0.1638,0.1609,0.1628,900306.83
2026-05-10 03:00:00+00:00,0.1628,0.1631,0.1621,0.1623,391767.67
2026-05-10 04:00:00+00:00,0.1623,0.1633,0.1617,0.1624,486913.66
2026-05-10 05:00:00+00:00,0.1623,0.1627,0.1614,0.1625,770363.39
2026-05-10 06:00:00+00:00,0.1624,0.1627,0.161,0.161,520552.99
2026-05-10 07:00:00+00:00,0.161,0.1621,0.1606,0.1607,487665.21
2026-05-10 08:00:00+00:00,0.1607,0.1624,0.1604,0.1618,888057.6
2026-05-10 09:00:00+00:00,0.1617,0.163,0.1616,0.1617,541338.25
2026-05-10 10:00:00+00:00,0.1617,0.1641,0.1611,0.1633,1713449.49
2026-05-10 11:00:00+00:00,0.1633,0.1645,0.1622,0.1622,1040261.9
2026-05-10 12:00:00+00:00,0.1623,0.1624,0.1614,0.1623,459346.1
2026-05-10 13:00:00+00:00,0.1624,0.1646,0.1623,0.1634,1542362.58
2026-05-10 14:00:00+00:00,0.1634,0.1635,0.162,0.1622,924812.37
2026-05-10 15:00:00+00:00,0.1621,0.1632,0.1612,0.163,2027231.62
2026-05-10 16:00:00+00:00,0.1631,0.1648,0.1628,0.1646,1837179.52
2026-05-10 17:00:00+00:00,0.1645,0.1657,0.1633,0.1657,3470807.56
2026-05-10 18:00:00+00:00,0.1658,0.1662,0.1643,0.1657,1866089.09
2026-05-10 19:00:00+00:00,0.1656,0.1657,0.1643,0.1649,1109691.78
2026-05-10 20:00:00+00:00,0.1649,0.166,0.1572,0.16,3953688.55
2026-05-10 21:00:00+00:00,0.16,0.1624,0.159,0.1616,1539938.34
2026-05-10 22:00:00+00:00,0.1616,0.164,0.1613,0.1638,1132395.75
2026-05-10 23:00:00+00:00,0.1638,0.1642,0.1631,0.1633,675020.37
2026-05-11 00:00:00+00:00,0.1633,0.1636,0.1605,0.1618,1212595.13
2026-05-11 01:00:00+00:00,0.1618,0.1628,0.1613,0.1625,494152.9
2026-05-11 02:00:00+00:00,0.1625,0.1626,0.1603,0.1609,1088148.05
2026-05-11 03:00:00+00:00,0.161,0.1611,0.1585,0.1595,1157677.28
2026-05-11 04:00:00+00:00,0.1594,0.1606,0.1588,0.1602,476103.1
2026-05-11 05:00:00+00:00,0.1602,0.1612,0.1598,0.1598,415981.69
2026-05-11 06:00:00+00:00,0.1598,0.1603,0.1592,0.1594,778600.95
2026-05-11 07:00:00+00:00,0.1594,0.1597,0.1586,0.1595,756615.37
2026-05-11 08:00:00+00:00,0.1595,0.1597,0.1584,0.1591,692194.89
2026-05-11 09:00:00+00:00,0.1591,0.16,0.1588,0.1599,1256753.9
2026-05-11 10:00:00+00:00,0.1598,0.161,0.1582,0.1585,4323018.2
2026-05-11 11:00:00+00:00,0.1585,0.159,0.1574,0.1587,1898026.6
2026-05-11 12:00:00+00:00,0.1587,0.1591,0.1577,0.1578,1240422.34
2026-05-11 13:00:00+00:00,0.1579,0.1589,0.1571,0.1576,1240150.65
2026-05-11 14:00:00+00:00,0.1577,0.1586,0.156,0.157,1525822.81
2026-05-11 15:00:00+00:00,0.157,0.1582,0.1564,0.1577,1526782.95
2026-05-11 16:00:00+00:00,0.1578,0.1583,0.1567,0.1569,1068921.1
2026-05-11 17:00:00+00:00,0.1569,0.158,0.1565,0.1573,558383.8
2026-05-11 18:00:00+00:00,0.1573,0.1578,0.157,0.1573,939398.87
2026-05-11 19:00:00+00:00,0.1573,0.1584,0.1573,0.1581,623675.43
2026-05-11 20:00:00+00:00,0.1582,0.1589,0.1573,0.1581,670155.09
2026-05-11 21:00:00+00:00,0.1581,0.1584,0.1573,0.1574,415840.03
2026-05-11 22:00:00+00:00,0.1573,0.1578,0.1571,0.1571,428548.43
2026-05-11 23:00:00+00:00,0.1571,0.1572,0.1562,0.157,1139142.73
2026-05-12 00:00:00+00:00,0.157,0.158,0.1563,0.1576,1181357.77
2026-05-12 01:00:00+00:00,0.1576,0.1576,0.1547,0.1552,2660432.88
2026-05-12 02:00:00+00:00,0.1552,0.1559,0.1547,0.1557,1060848.54
2026-05-12 03:00:00+00:00,0.1558,0.1559,0.1549,0.1551,859523.7
2026-05-12 04:00:00+00:00,0.1551,0.1561,0.1549,0.1557,567386.87
2026-05-12 05:00:00+00:00,0.1556,0.1565,0.1554,0.1562,374815.58
2026-05-12 06:00:00+00:00,0.1561,0.1568,0.1561,0.1564,434445.54
2026-05-12 07:00:00+00:00,0.1563,0.1568,0.1552,0.1564,904834.48
2026-05-12 08:00:00+00:00,0.1564,0.1566,0.1554,0.1558,523112.13
2026-05-12 09:00:00+00:00,0.1557,0.1562,0.1547,0.1558,676698.92
2026-05-12 10:00:00+00:00,0.1558,0.156,0.1538,0.1547,1124241.48
2026-05-12 11:00:00+00:00,0.1547,0.1549,0.1536,0.1541,729181.38
2026-05-12 12:00:00+00:00,0.1541,0.1545,0.1522,0.1536,1522254.61
2026-05-12 13:00:00+00:00,0.1537,0.1542,0.1519,0.1522,922153.36
2026-05-12 14:00:00+00:00,0.1522,0.1532,0.1504,0.1511,1711519.66
2026-05-12 15:00:00+00:00,0.1512,0.1517,0.1501,0.1504,1315641.0
2026-05-12 16:00:00+00:00,0.1504,0.1512,0.1489,0.1495,1890043.38
2026-05-12 17:00:00+00:00,0.1495,0.1523,0.1495,0.1518,804545.59
2026-05-12 18:00:00+00:00,0.1518,0.1529,0.1516,0.1519,448997.15
2026-05-12 19:00:00+00:00,0.152,0.1531,0.152,0.1524,434735.93
2026-05-12 20:00:00+00:00,0.1525,0.1529,0.1522,0.1525,593884.88
2026-05-12 21:00:00+00:00,0.1526,0.1531,0.1526,0.1529,377560.36
2026-05-12 22:00:00+00:00,0.1529,0.1532,0.1523,0.1523,232725.73
2026-05-12 23:00:00+00:00,0.1523,0.1524,0.1517,0.1521,1182661.75
2026-05-13 00:00:00+00:00,0.1522,0.1528,0.1518,0.1523,474878.98
2026-05-13 01:00:00+00:00,0.1523,0.1545,0.1523,0.1534,652005.86
2026-05-13 02:00:00+00:00,0.1533,0.1548,0.1529,0.1548,652493.87
2026-05-13 03:00:00+00:00,0.1547,0.1554,0.1542,0.1549,906603.77
2026-05-13 04:00:00+00:00,0.155,0.1555,0.1543,0.1545,537691.41
2026-05-13 05:00:00+00:00,0.1545,0.1548,0.1539,0.1543,483721.59
2026-05-13 06:00:00+00:00,0.1543,0.1549,0.1539,0.1544,346217.88
2026-05-13 07:00:00+00:00,0.1544,0.1553,0.1544,0.1552,669675.28
2026-05-13 08:00:00+00:00,0.1553,0.1554,0.1547,0.1553,396069.05
2026-05-13 09:00:00+00:00,0.1552,0.1579,0.1551,0.1573,1948852.24
2026-05-13 10:00:00+00:00,0.1573,0.1576,0.1537,0.1543,2593546.06
2026-05-13 11:00:00+00:00,0.1542,0.1547,0.1525,0.1529,726897.35
2026-05-13 12:00:00+00:00,0.1529,0.1532,0.1479,0.1495,3419453.88
2026-05-13 13:00:00+00:00,0.1495,0.1506,0.1473,0.148,1997303.91
2026-05-13 14:00:00+00:00,0.1479,0.1486,0.1468,0.1477,1484543.88
2026-05-13 15:00:00+00:00,0.1476,0.1479,0.1444,0.1446,3927055.66
2026-05-13 16:00:00+00:00,0.1446,0.147,0.1446,0.1464,1679734.06
2026-05-13 17:00:00+00:00,0.1465,0.1473,0.146,0.1463,1243891.76
2026-05-13 18:00:00+00:00,0.1463,0.148,0.1463,0.1474,1087938.71
2026-05-13 19:00:00+00:00,0.1475,0.1477,0.1461,0.1464,561291.38
2026-05-13 20:00:00+00:00,0.1464,0.147,0.1459,0.1468,498284.91
2026-05-13 21:00:00+00:00,0.1468,0.1468,0.1453,0.1455,477706.49
2026-05-13 22:00:00+00:00,0.1455,0.1462,0.1449,0.1458,689826.61
2026-05-13 23:00:00+00:00,0.1457,0.1463,0.1456,0.1461,398985.57
2026-05-14 00:00:00+00:00,0.1461,0.1467,0.146,0.146,1431357.14
2026-05-14 01:00:00+00:00,0.1459,0.1466,0.1458,0.1463,378127.31
2026-05-14 02:00:00+00:00,0.1463,0.1469,0.1457,0.1458,449495.86
2026-05-14 03:00:00+00:00,0.1458,0.1461,0.1438,0.1441,854726.3
2026-05-14 04:00:00+00:00,0.1442,0.1455,0.1439,0.1454,640456.52
2026-05-14 05:00:00+00:00,0.1453,0.1467,0.1453,0.1466,824790.99
2026-05-14 06:00:00+00:00,0.1465,0.1474,0.1461,0.1464,600398.05
2026-05-14 07:00:00+00:00,0.1464,0.1466,0.1458,0.1458,643218.7
2026-05-14 08:00:00+00:00,0.1459,0.1467,0.1454,0.1462,779620.28
2026-05-14 09:00:00+00:00,0.1461,0.1464,0.1455,0.1458,706882.03
2026-05-14 10:00:00+00:00,0.1457,0.1461,0.1438,0.1448,9257867.94
2026-05-14 11:00:00+00:00,0.1449,0.145,0.1435,0.1435,1173673.82
2026-05-14 12:00:00+00:00,0.1434,0.1446,0.1432,0.1442,1198539.46
2026-05-14 13:00:00+00:00,0.1442,0.145,0.1439,0.144,1005968.16
2026-05-14 14:00:00+00:00,0.1439,0.1472,0.1434,0.1469,1053904.96
2026-05-14 15:00:00+00:00,0.147,0.148,0.1463,0.1476,1714556.8
2026-05-14 16:00:00+00:00,0.1477,0.1483,0.1455,0.1472,2310627.48
2026-05-14 17:00:00+00:00,0.1472,0.1472,0.1451,0.1458,688501.43
2026-05-14 18:00:00+00:00,0.1457,0.1476,0.145,0.1472,1314735.03
2026-05-14 19:00:00+00:00,0.1472,0.1477,0.1463,0.1467,489619.52
2026-05-14 20:00:00+00:00,0.1467,0.147,0.1449,0.1459,568969.51
2026-05-14 21:00:00+00:00,0.146,0.1468,0.1452,0.1464,486149.23
2026-05-14 22:00:00+00:00,0.1464,0.1467,0.1461,0.1462,468789.74
2026-05-14 23:00:00+00:00,0.1461,0.1461,0.1446,0.1449,577321.74
2026-05-15 00:00:00+00:00,0.1449,0.1461,0.1447,0.1456,482428.18
2026-05-15 01:00:00+00:00,0.1456,0.1458,0.1439,0.144,641021.88
2026-05-15 02:00:00+00:00,0.1439,0.1447,0.1429,0.1446,1215306.38
2026-05-15 03:00:00+00:00,0.1445,0.1446,0.1432,0.1433,309344.08
2026-05-15 04:00:00+00:00,0.1433,0.1434,0.1418,0.1421,1600800.49
2026-05-15 05:00:00+00:00,0.142,0.1424,0.1394,0.1397,2283040.51
2026-05-15 06:00:00+00:00,0.1397,0.1412,0.1397,0.1409,1191754.85
2026-05-15 07:00:00+00:00,0.1409,0.1422,0.1407,0.1414,530800.07
2026-05-15 08:00:00+00:00,0.1414,0.1418,0.1407,0.1411,844677.94
2026-05-15 09:00:00+00:00,0.1411,0.1413,0.1407,0.1412,537545.55
2026-05-15 10:00:00+00:00,0.1412,0.1425,0.1409,0.1421,732614.98
2026-05-15 11:00:00+00:00,0.1421,0.1425,0.1416,0.1417,785981.69
2026-05-15 12:00:00+00:00,0.1417,0.1417,0.1403,0.1405,546385.82
2026-05-15 13:00:00+00:00,0.1404,0.1404,0.135,0.1353,4183325.17
2026-05-15 14:00:00+00:00,0.1354,0.1369,0.1345,0.1358,2414310.17
2026-05-15 15:00:00+00:00,0.1359,0.1361,0.1347,0.1354,985940.1
2026-05-15 16:00:00+00:00,0.1354,0.1373,0.1351,0.1372,1914336.75
2026-05-15 17:00:00+00:00,0.1373,0.1383,0.1373,0.1383,1131196.67
2026-05-15 18:00:00+00:00,0.1382,0.1386,0.1375,0.1379,695891.89
2026-05-15 19:00:00+00:00,0.138,0.1381,0.1373,0.1375,955430.61
2026-05-15 20:00:00+00:00,0.1375,0.1375,0.1368,0.1371,514994.11
2026-05-15 21:00:00+00:00,0.1371,0.1375,0.1367,0.1367,430039.96
2026-05-15 22:00:00+00:00,0.1368,0.1372,0.1368,0.137,184200.43
2026-05-15 23:00:00+00:00,0.137,0.1371,0.1364,0.1367,255591.67
2026-05-16 00:00:00+00:00,0.1367,0.1374,0.1364,0.1371,1322665.58
2026-05-16 01:00:00+00:00,0.1371,0.1379,0.137,0.1377,546577.8
2026-05-16 02:00:00+00:00,0.1377,0.1382,0.1373,0.1376,433425.81
2026-05-16 03:00:00+00:00,0.1377,0.1381,0.1369,0.1373,511976.22
2026-05-16 04:00:00+00:00,0.1373,0.1374,0.1356,0.136,920812.53
2026-05-16 05:00:00+00:00,0.1359,0.1363,0.1353,0.1355,693453.25
2026-05-16 06:00:00+00:00,0.1355,0.1356,0.1332,0.1343,1141061.99
2026-05-16 07:00:00+00:00,0.1342,0.1342,0.1315,0.1329,2434859.75
2026-05-16 08:00:00+00:00,0.1329,0.1336,0.1328,0.1328,631475.67
2026-05-16 09:00:00+00:00,0.1327,0.133,0.1308,0.1321,1751682.98
2026-05-16 10:00:00+00:00,0.132,0.1322,0.131,0.132,819566.46
2026-05-16 11:00:00+00:00,0.132,0.1328,0.132,0.1325,239193.16
2026-05-16 12:00:00+00:00,0.1325,0.133,0.1322,0.1328,356978.87
2026-05-16 13:00:00+00:00,0.1327,0.1335,0.1326,0.1331,239989.13
2026-05-16 14:00:00+00:00,0.1331,0.1343,0.1327,0.1335,408403.49
2026-05-16 15:00:00+00:00,0.1335,0.1346,0.1335,0.1341,414717.13
2026-05-16 16:00:00+00:00,0.1341,0.1353,0.134,0.1344,1115593.88
2026-05-16 17:00:00+00:00,0.1345,0.1354,0.1345,0.135,495580.09
2026-05-16 18:00:00+00:00,0.135,0.135,0.1342,0.1342,247963.0
2026-05-16 19:00:00+00:00,0.1341,0.1341,0.1337,0.1338,188981.64
2026-05-16 20:00:00+00:00,0.1339,0.1339,0.1332,0.1334,197324.52
2026-05-16 21:00:00+00:00,0.1334,0.1337,0.1331,0.1333,279093.88
2026-05-16 22:00:00+00:00,0.1333,0.1333,0.133,0.1332,121170.29
2026-05-16 23:00:00+00:00,0.1331,0.1334,0.133,0.1331,149561.63
2026-05-17 00:00:00+00:00,0.133,0.1335,0.132,0.1323,344544.39
2026-05-17 01:00:00+00:00,0.1324,0.133,0.1317,0.132,442986.36
2026-05-17 02:00:00+00:00,0.132,0.1328,0.1319,0.1323,360681.27
2026-05-17 03:00:00+00:00,0.1324,0.1332,0.1324,0.133,331275.38
2026-05-17 04:00:00+00:00,0.133,0.1337,0.1329,0.1334,214488.17
2026-05-17 05:00:00+00:00,0.1335,0.1341,0.1331,0.1332,494276.58
2026-05-17 06:00:00+00:00,0.1331,0.1335,0.133,0.1332,403826.19
2026-05-17 07:00:00+00:00,0.1332,0.1339,0.1328,0.1334,364001.73
2026-05-17 08:00:00+00:00,0.1335,0.1335,0.133,0.1332,202989.94
2026-05-17 09:00:00+00:00,0.1332,0.134,0.1331,0.1338,161257.91
2026-05-17 10:00:00+00:00,0.1339,0.1344,0.1332,0.1333,555805.56
2026-05-17 11:00:00+00:00,0.1333,0.1333,0.1324,0.1324,474921.59
2026-05-17 12:00:00+00:00,0.1324,0.1327,0.1321,0.1322,450022.49
2026-05-17 13:00:00+00:00,0.1323,0.1323,0.1315,0.1319,404516.68
2026-05-17 14:00:00+00:00,0.1319,0.1319,0.1306,0.1314,1040794.77
2026-05-17 15:00:00+00:00,0.1314,0.1317,0.1312,0.1316,853270.54
2026-05-17 16:00:00+00:00,0.1316,0.132,0.1309,0.1311,554141.88
2026-05-17 17:00:00+00:00,0.1312,0.1313,0.1307,0.1312,331789.63
2026-05-17 18:00:00+00:00,0.1312,0.1316,0.1306,0.1314,290779.8
2026-05-17 19:00:00+00:00,0.1314,0.1316,0.1311,0.1313,164369.2
2026-05-17 20:00:00+00:00,0.1314,0.1315,0.1308,0.131,161390.89
2026-05-17 21:00:00+00:00,0.1309,0.1317,0.1307,0.1312,205546.38
2026-05-17 22:00:00+00:00,0.1311,0.1312,0.1297,0.1303,694916.86
2026-05-17 23:00:00+00:00,0.1303,0.1304,0.123,0.1283,11982049.65
2026-05-18 00:00:00+00:00,0.1282,0.1283,0.1266,0.1281,1301537.32
2026-05-18 01:00:00+00:00,0.1282,0.1284,0.1269,0.1278,799599.49
2026-05-18 02:00:00+00:00,0.1277,0.129,0.1277,0.1285,954196.4
2026-05-18 03:00:00+00:00,0.1285,0.1293,0.1282,0.1283,508165.62
2026-05-18 04:00:00+00:00,0.1284,0.1289,0.1281,0.1288,423966.84
2026-05-18 05:00:00+00:00,0.1288,0.1289,0.1274,0.1274,534937.4
2026-05-18 06:00:00+00:00,0.1275,0.128,0.1267,0.1271,1231018.29
2026-05-18 07:00:00+00:00,0.1272,0.1273,0.1262,0.1266,377364.78
2026-05-18 08:00:00+00:00,0.1266,0.1272,0.1263,0.1271,470399.42
2026-05-18 09:00:00+00:00,0.1271,0.1272,0.1264,0.1266,246079.08
2026-05-18 10:00:00+00:00,0.1266,0.1267,0.1259,0.1264,706044.62
2026-05-18 11:00:00+00:00,0.1264,0.1286,0.1262,0.1277,1112044.66
2026-05-18 12:00:00+00:00,0.1277,0.1288,0.1277,0.1283,812812.1
2026-05-18 13:00:00+00:00,0.1282,0.1283,0.1265,0.1274,1469457.54
2026-05-18 14:00:00+00:00,0.1274,0.1275,0.1252,0.1255,1358838.88
2026-05-18 15:00:00+00:00,0.1256,0.1256,0.1238,0.1252,1556915.36
2026-05-18 16:00:00+00:00,0.1252,0.1261,0.1251,0.1258,777190.16
2026-05-18 17:00:00+00:00,0.1258,0.1265,0.1256,0.1262,367103.11
2026-05-18 18:00:00+00:00,0.1262,0.1262,0.1249,0.125,558913.89
2026-05-18 19:00:00+00:00,0.125,0.1281,0.125,0.1276,1843123.73
2026-05-18 20:00:00+00:00,0.1277,0.1286,0.1274,0.1278,1331279.48
2026-05-18 21:00:00+00:00,0.1278,0.1295,0.1276,0.1295,696364.76
2026-05-18 22:00:00+00:00,0.1295,0.1296,0.1285,0.1293,594529.52
2026-05-18 23:00:00+00:00,0.1293,0.1299,0.129,0.1295,412974.01
2026-05-19 00:00:00+00:00,0.1296,0.1302,0.1293,0.1295,769065.45
2026-05-19 01:00:00+00:00,0.1294,0.1294,0.1281,0.1281,778984.92
2026-05-19 02:00:00+00:00,0.1281,0.1287,0.1275,0.1279,498462.21
2026-05-19 03:00:00+00:00,0.1279,0.1289,0.1277,0.1284,246745.72
2026-05-19 04:00:00+00:00,0.1284,0.1292,0.1282,0.1288,592724.1
2026-05-19 05:00:00+00:00,0.1289,0.129,0.128,0.1286,333591.94
2026-05-19 06:00:00+00:00,0.1286,0.1292,0.1284,0.1289,322052.8
2026-05-19 07:00:00+00:00,0.1289,0.1298,0.1287,0.1298,664743.43
2026-05-19 08:00:00+00:00,0.1296,0.1302,0.1288,0.1298,881820.2
2026-05-19 09:00:00+00:00,0.1299,0.13,0.1281,0.1289,1102997.97
2026-05-19 10:00:00+00:00,0.1288,0.1289,0.1278,0.1283,1113126.83
2026-05-19 11:00:00+00:00,0.1284,0.1287,0.127,0.1274,1073766.77
2026-05-19 12:00:00+00:00,0.1273,0.1281,0.1269,0.1279,806119.91
2026-05-19 13:00:00+00:00,0.1279,0.1282,0.127,0.1275,1296125.99
2026-05-19 14:00:00+00:00,0.1275,0.128,0.1261,0.1269,1133492.19
2026-05-19 15:00:00+00:00,0.1268,0.1272,0.1258,0.1268,1161706.87
2026-05-19 16:00:00+00:00,0.1269,0.1281,0.1265,0.1281,421032.8
2026-05-19 17:00:00+00:00,0.1281,0.1281,0.1273,0.1278,299822.16
2026-05-19 18:00:00+00:00,0.1278,0.1281,0.127,0.1272,535339.43
2026-05-19 19:00:00+00:00,0.1272,0.1277,0.1266,0.1267,225577.15
2026-05-19 20:00:00+00:00,0.1267,0.1275,0.1267,0.1273,98438.57
2026-05-19 21:00:00+00:00,0.1273,0.1275,0.1268,0.1268,174416.81
2026-05-19 22:00:00+00:00,0.1268,0.1268,0.1256,0.1259,253993.22
2026-05-19 23:00:00+00:00,0.1258,0.1265,0.1257,0.126,124994.9
2026-05-20 00:00:00+00:00,0.1261,0.1263,0.1254,0.1259,331261.79
2026-05-20 01:00:00+00:00,0.126,0.1262,0.1251,0.1261,208730.76
2026-05-20 02:00:00+00:00,0.1262,0.1263,0.1252,0.1255,253401.02
2026-05-20 03:00:00+00:00,0.1255,0.1262,0.1253,0.1256,111654.11
2026-05-20 04:00:00+00:00,0.1256,0.1262,0.1255,0.1262,314918.36
2026-05-20 05:00:00+00:00,0.1262,0.1277,0.1262,0.1276,755627.46
2026-05-20 06:00:00+00:00,0.1276,0.128,0.1273,0.1277,459499.35
2026-05-20 07:00:00+00:00,0.1278,0.1281,0.1273,0.1276,539312.58
2026-05-20 08:00:00+00:00,0.1277,0.1283,0.1274,0.1274,299131.8
2026-05-20 09:00:00+00:00,0.1275,0.1277,0.127,0.1271,515353.59
2026-05-20 10:00:00+00:00,0.1271,0.1276,0.1269,0.1271,219853.68
2026-05-20 11:00:00+00:00,0.1271,0.1275,0.1264,0.1266,329515.5
2026-05-20 12:00:00+00:00,0.1266,0.1273,0.1261,0.1269,1732454.03
2026-05-20 13:00:00+00:00,0.1269,0.1269,0.1243,0.1255,1920698.13
2026-05-20 14:00:00+00:00,0.1256,0.1282,0.1254,0.128,1681591.42
2026-05-20 15:00:00+00:00,0.1279,0.1299,0.1276,0.1292,2557233.36
2026-05-20 16:00:00+00:00,0.1293,0.1298,0.1283,0.1295,1031538.81
2026-05-20 17:00:00+00:00,0.1295,0.1305,0.1292,0.1293,1063263.04
2026-05-20 18:00:00+00:00,0.1292,0.1295,0.1284,0.1285,614507.31
2026-05-20 19:00:00+00:00,0.1285,0.1293,0.1279,0.1291,1140561.66
2026-05-20 20:00:00+00:00,0.1291,0.1301,0.1287,0.1299,1267993.25
2026-05-20 21:00:00+00:00,0.1299,0.1302,0.129,0.129,393915.79
2026-05-20 22:00:00+00:00,0.1289,0.1289,0.1274,0.1287,520701.88
2026-05-20 23:00:00+00:00,0.1287,0.1291,0.1282,0.1291,271129.54
2026-05-21 00:00:00+00:00,0.129,0.13,0.1287,0.1298,468836.02
2026-05-21 01:00:00+00:00,0.1299,0.1307,0.1298,0.1302,1210636.47
2026-05-21 02:00:00+00:00,0.1301,0.1312,0.1299,0.1306,2275836.52
2026-05-21 03:00:00+00:00,0.1306,0.1316,0.1306,0.1314,1090768.34
2026-05-21 04:00:00+00:00,0.1314,0.1317,0.1304,0.1312,696931.77
2026-05-21 05:00:00+00:00,0.1312,0.1312,0.1289,0.1295,867653.17
2026-05-21 06:00:00+00:00,0.1295,0.1298,0.1291,0.1295,1480649.35
2026-05-21 07:00:00+00:00,0.1295,0.1305,0.1291,0.1302,950058.72
2026-05-21 08:00:00+00:00,0.1302,0.1309,0.13,0.1302,795976.72
2026-05-21 09:00:00+00:00,0.1302,0.1307,0.1295,0.1295,897935.87
2026-05-21 10:00:00+00:00,0.1295,0.1298,0.1277,0.1283,1615406.73
2026-05-21 11:00:00+00:00,0.1283,0.1288,0.128,0.1281,673405.04
2026-05-21 12:00:00+00:00,0.1282,0.129,0.1279,0.1289,581150.93
2026-05-21 13:00:00+00:00,0.1288,0.1299,0.1281,0.1297,916564.72
2026-05-21 14:00:00+00:00,0.1298,0.1299,0.1284,0.1291,645484.13
2026-05-21 15:00:00+00:00,0.1291,0.1302,0.1286,0.1295,1677514.58
2026-05-21 16:00:00+00:00,0.1296,0.1301,0.1287,0.1295,1316378.16
2026-05-21 17:00:00+00:00,0.1294,0.1327,0.1293,0.1321,2157820.39
2026-05-21 18:00:00+00:00,0.1321,0.133,0.1303,0.1314,1943218.32
2026-05-21 19:00:00+00:00,0.1314,0.1329,0.1312,0.1327,1007503.14
2026-05-21 20:00:00+00:00,0.1326,0.1334,0.1326,0.133,550656.24
2026-05-21 21:00:00+00:00,0.133,0.1337,0.1324,0.1324,712373.96
2026-05-21 22:00:00+00:00,0.1324,0.1327,0.1319,0.1322,199822.11
2026-05-21 23:00:00+00:00,0.1322,0.1325,0.1316,0.1324,533422.86
2026-05-22 00:00:00+00:00,0.1324,0.1324,0.1311,0.1311,374603.68
2026-05-22 01:00:00+00:00,0.1311,0.132,0.131,0.132,338575.08
2026-05-22 02:00:00+00:00,0.1321,0.1331,0.1321,0.1327,350861.32
2026-05-22 03:00:00+00:00,0.1327,0.1337,0.1324,0.1337,1887330.87
2026-05-22 04:00:00+00:00,0.1338,0.1346,0.133,0.1337,731099.81
2026-05-22 05:00:00+00:00,0.1336,0.1346,0.1334,0.134,472558.42
2026-05-22 06:00:00+00:00,0.1339,0.1339,0.1327,0.1329,555309.24
2026-05-22 07:00:00+00:00,0.1329,0.1343,0.1324,0.1336,766528.4
2026-05-22 08:00:00+00:00,0.1336,0.135,0.1335,0.1339,928264.28
2026-05-22 09:00:00+00:00,0.1339,0.135,0.1337,0.1341,822730.32
2026-05-22 10:00:00+00:00,0.134,0.1343,0.1331,0.1338,717492.82
2026-05-22 11:00:00+00:00,0.1339,0.1351,0.1335,0.1349,506940.44
2026-05-22 12:00:00+00:00,0.1349,0.1366,0.1348,0.1365,1445047.66
2026-05-22 13:00:00+00:00,0.1365,0.1368,0.1351,0.136,2903795.4
2026-05-22 14:00:00+00:00,0.136,0.136,0.1332,0.1336,1875811.79
2026-05-22 15:00:00+00:00,0.1335,0.1346,0.1329,0.1343,511678.73
2026-05-22 16:00:00+00:00,0.1342,0.1347,0.1332,0.1339,760358.59
2026-05-22 17:00:00+00:00,0.1339,0.1346,0.1331,0.1333,1123424.7
2026-05-22 18:00:00+00:00,0.1333,0.1333,0.129,0.1307,3635519.11
2026-05-22 19:00:00+00:00,0.1307,0.131,0.1274,0.1287,3526892.37
2026-05-22 20:00:00+00:00,0.1287,0.1294,0.1283,0.1293,1227324.08
2026-05-22 21:00:00+00:00,0.1293,0.1299,0.129,0.1294,411692.04
2026-05-22 22:00:00+00:00,0.1293,0.1293,0.1281,0.1287,904171.45
2026-05-22 23:00:00+00:00,0.1287,0.129,0.1258,0.1268,1951437.19
2026-05-23 00:00:00+00:00,0.1269,0.1271,0.1254,0.1269,1979397.34
2026-05-23 01:00:00+00:00,0.1269,0.1276,0.1266,0.1276,803021.45
2026-05-23 02:00:00+00:00,0.1277,0.128,0.1273,0.1279,772272.57
2026-05-23 03:00:00+00:00,0.1279,0.1284,0.1277,0.1278,341523.33
2026-05-23 04:00:00+00:00,0.1278,0.1278,0.1269,0.127,668138.12
2026-05-23 05:00:00+00:00,0.127,0.1271,0.1263,0.1266,444269.77
2026-05-23 06:00:00+00:00,0.1265,0.1266,0.1261,0.1262,489741.96
2026-05-23 07:00:00+00:00,0.1263,0.1264,0.1211,0.1228,6279175.01
2026-05-23 08:00:00+00:00,0.1228,0.123,0.1215,0.1228,1544078.16
2026-05-23 09:00:00+00:00,0.1228,0.1231,0.1222,0.1222,882651.92
2026-05-23 10:00:00+00:00,0.1222,0.1229,0.1222,0.1222,451007.21
2026-05-23 11:00:00+00:00,0.1223,0.1228,0.1219,0.1222,643341.54
2026-05-23 12:00:00+00:00,0.1222,0.1224,0.1211,0.1223,1475168.79
2026-05-23 13:00:00+00:00,0.1223,0.1236,0.1223,0.1233,1435535.4
2026-05-23 14:00:00+00:00,0.1234,0.1255,0.1229,0.1252,2092246.63
2026-05-23 15:00:00+00:00,0.1253,0.1262,0.1251,0.1262,647612.21
2026-05-23 16:00:00+00:00,0.1261,0.1271,0.1255,0.1271,1577106.2
2026-05-23 17:00:00+00:00,0.1272,0.1283,0.1267,0.1274,1726031.35
2026-05-23 18:00:00+00:00,0.1274,0.1313,0.1272,0.1304,2298802.32
2026-05-23 19:00:00+00:00,0.1303,0.1306,0.1295,0.1297,957640.95
2026-05-23 20:00:00+00:00,0.1297,0.1338,0.1291,0.1338,2649469.23
2026-05-23 21:00:00+00:00,0.1338,0.134,0.1303,0.1309,1264444.61
2026-05-23 22:00:00+00:00,0.131,0.1314,0.1294,0.1302,971316.68
2026-05-23 23:00:00+00:00,0.1301,0.1305,0.1297,0.1304,454728.23
2026-05-24 00:00:00+00:00,0.1304,0.1305,0.1295,0.13,571800.09
2026-05-24 01:00:00+00:00,0.13,0.1304,0.1297,0.1298,282003.84
2026-05-24 02:00:00+00:00,0.1298,0.1299,0.1287,0.1292,353973.61
2026-05-24 03:00:00+00:00,0.1291,0.1295,0.1282,0.1286,269687.67
2026-05-24 04:00:00+00:00,0.1286,0.1289,0.1282,0.1284,476741.69
2026-05-24 05:00:00+00:00,0.1283,0.1283,0.1272,0.1277,458410.5
2026-05-24 06:00:00+00:00,0.1277,0.1287,0.1273,0.1286,241848.63
2026-05-24 07:00:00+00:00,0.1286,0.129,0.1282,0.1284,523289.45
2026-05-24 08:00:00+00:00,0.1285,0.1289,0.1282,0.1285,322606.32
2026-05-24 09:00:00+00:00,0.1284,0.1296,0.1282,0.1292,9453386.64
2026-05-24 10:00:00+00:00,0.1291,0.1295,0.1279,0.1282,662678.4
2026-05-24 11:00:00+00:00,0.1282,0.1284,0.1277,0.128,317602.58
2026-05-24 12:00:00+00:00,0.128,0.128,0.1269,0.1276,631034.25
2026-05-24 13:00:00+00:00,0.1275,0.1278,0.1259,0.1263,708404.83
2026-05-24 14:00:00+00:00,0.1264,0.1266,0.1243,0.1262,1802188.13
2026-05-24 15:00:00+00:00,0.1262,0.1264,0.1258,0.1261,284834.31
2026-05-24 16:00:00+00:00,0.1261,0.1269,0.1261,0.1267,349576.62
2026-05-24 17:00:00+00:00,0.1266,0.1271,0.1265,0.1267,340760.26
2026-05-24 18:00:00+00:00,0.1268,0.1271,0.1263,0.1265,412842.59
2026-05-24 19:00:00+00:00,0.1266,0.1268,0.1262,0.1264,170670.99
2026-05-24 20:00:00+00:00,0.1264,0.1265,0.1253,0.1255,405461.87
2026-05-24 21:00:00+00:00,0.1256,0.1256,0.1229,0.1233,1078478.37
2026-05-24 22:00:00+00:00,0.1233,0.1255,0.1233,0.1249,457411.0
2026-05-24 23:00:00+00:00,0.1249,0.1258,0.1249,0.1256,286213.35
2026-05-25 00:00:00+00:00,0.1256,0.1263,0.1256,0.1259,379331.95
2026-05-25 01:00:00+00:00,0.126,0.1262,0.1248,0.1248,289062.58
2026-05-25 02:00:00+00:00,0.1249,0.126,0.1249,0.1252,326065.63
2026-05-25 03:00:00+00:00,0.1253,0.1255,0.1247,0.1249,212281.12
2026-05-25 04:00:00+00:00,0.1249,0.1267,0.1248,0.1265,1734770.38
2026-05-25 05:00:00+00:00,0.1265,0.1275,0.1264,0.1272,587097.39
2026-05-25 06:00:00+00:00,0.1272,0.1277,0.1266,0.1274,668519.2
2026-05-25 07:00:00+00:00,0.1274,0.1278,0.1268,0.1273,574159.71
2026-05-25 08:00:00+00:00,0.1273,0.1284,0.1272,0.1283,275813.72
2026-05-25 09:00:00+00:00,0.1283,0.1284,0.1278,0.1279,388195.64
2026-05-25 10:00:00+00:00,0.1279,0.1293,0.1277,0.129,1617838.56
2026-05-25 11:00:00+00:00,0.129,0.1296,0.1285,0.1286,918733.36
2026-05-25 12:00:00+00:00,0.1287,0.1299,0.1282,0.1296,648972.13
2026-05-25 13:00:00+00:00,0.1296,0.1307,0.1292,0.1305,1059980.71
2026-05-25 14:00:00+00:00,0.1306,0.1313,0.1303,0.1308,697050.02
2026-05-25 15:00:00+00:00,0.1308,0.1315,0.1299,0.1305,1696299.1
2026-05-25 16:00:00+00:00,0.1306,0.1323,0.1305,0.1321,690632.6
2026-05-25 17:00:00+00:00,0.1321,0.1322,0.1312,0.1316,753828.33
2026-05-25 18:00:00+00:00,0.1316,0.1323,0.1312,0.1312,664354.19
2026-05-25 19:00:00+00:00,0.1313,0.1313,0.1303,0.131,553266.89
2026-05-25 20:00:00+00:00,0.131,0.1317,0.1301,0.1307,561791.16
2026-05-25 21:00:00+00:00,0.1307,0.131,0.1303,0.1309,399531.06
2026-05-25 22:00:00+00:00,0.1309,0.131,0.1287,0.129,2966292.2
2026-05-25 23:00:00+00:00,0.1289,0.1302,0.1288,0.1297,399651.26
2026-05-26 00:00:00+00:00,0.1297,0.1298,0.1277,0.129,1221102.11
2026-05-26 01:00:00+00:00,0.1289,0.1289,0.1273,0.1283,1015251.59
2026-05-26 02:00:00+00:00,0.1283,0.1284,0.1276,0.1279,578212.24
2026-05-26 03:00:00+00:00,0.1279,0.128,0.1273,0.128,896830.69
2026-05-26 04:00:00+00:00,0.1281,0.1289,0.1274,0.1288,651783.36
2026-05-26 05:00:00+00:00,0.1287,0.1308,0.1285,0.1302,886341.32
2026-05-26 06:00:00+00:00,0.1302,0.1307,0.1289,0.1302,1063128.59
2026-05-26 07:00:00+00:00,0.1303,0.1305,0.1286,0.1299,696486.52
2026-05-26 08:00:00+00:00,0.1299,0.1312,0.1298,0.1308,630833.46
2026-05-26 09:00:00+00:00,0.1309,0.1318,0.1305,0.1315,1467218.88
2026-05-26 10:00:00+00:00,0.1315,0.1345,0.131,0.1338,2911529.11
2026-05-26 11:00:00+00:00,0.1337,0.1338,0.1329,0.1332,1393893.53
2026-05-26 12:00:00+00:00,0.1331,0.1336,0.1323,0.133,1832322.26
2026-05-26 13:00:00+00:00,0.1329,0.1332,0.1311,0.1328,1151327.88
2026-05-26 14:00:00+00:00,0.1329,0.1345,0.1319,0.1329,2189261.74
2026-05-26 15:00:00+00:00,0.1328,0.1329,0.1305,0.1317,1888654.66
2026-05-26 16:00:00+00:00,0.1316,0.1316,0.1299,0.1308,946255.98
2026-05-26 17:00:00+00:00,0.1308,0.1312,0.1273,0.1286,4048732.83
2026-05-26 18:00:00+00:00,0.1286,0.1296,0.1282,0.1284,754906.42
2026-05-26 19:00:00+00:00,0.1285,0.1294,0.128,0.1291,279033.62
2026-05-26 20:00:00+00:00,0.1292,0.1294,0.1287,0.1293,233232.83
2026-05-26 21:00:00+00:00,0.1292,0.1294,0.1281,0.1282,364315.36
2026-05-26 22:00:00+00:00,0.1283,0.1287,0.1275,0.1279,1365460.14
2026-05-26 23:00:00+00:00,0.128,0.1287,0.1278,0.1279,334633.37
2026-05-27 00:00:00+00:00,0.1279,0.1289,0.1279,0.1288,364653.46
2026-05-27 01:00:00+00:00,0.1289,0.129,0.1281,0.1282,1666590.88
2026-05-27 02:00:00+00:00,0.1283,0.1284,0.1268,0.1277,598842.6
2026-05-27 03:00:00+00:00,0.1277,0.1287,0.1271,0.1271,634133.84
2026-05-27 04:00:00+00:00,0.127,0.1272,0.125,0.1269,1377941.58
2026-05-27 05:00:00+00:00,0.1269,0.1278,0.1267,0.1278,1032403.24
2026-05-27 06:00:00+00:00,0.1278,0.1287,0.1275,0.1285,843454.46
2026-05-27 07:00:00+00:00,0.1285,0.1286,0.1277,0.1283,964783.54
2026-05-27 08:00:00+00:00,0.1283,0.129,0.1273,0.1275,1065993.53
2026-05-27 09:00:00+00:00,0.1275,0.1275,0.1264,0.1265,786930.99
2026-05-27 10:00:00+00:00,0.1264,0.127,0.1261,0.1269,1029071.21
2026-05-27 11:00:00+00:00,0.1268,0.1277,0.1268,0.1268,555733.8
2026-05-27 12:00:00+00:00,0.1268,0.1288,0.1264,0.1281,1248295.19
2026-05-27 13:00:00+00:00,0.1281,0.1282,0.1254,0.1268,1228905.95
2026-05-27 14:00:00+00:00,0.1268,0.1275,0.1257,0.1274,892993.75
2026-05-27 15:00:00+00:00,0.1274,0.1303,0.1272,0.1297,1195025.2
2026-05-27 16:00:00+00:00,0.1298,0.1305,0.1282,0.1291,988987.48
2026-05-27 17:00:00+00:00,0.1291,0.1291,0.1263,0.1268,927944.5
2026-05-27 18:00:00+00:00,0.1268,0.1282,0.1259,0.1281,998089.3
2026-05-27 19:00:00+00:00,0.1281,0.129,0.1279,0.1283,500511.5
2026-05-27 20:00:00+00:00,0.1283,0.1286,0.1276,0.1285,1303899.78
2026-05-27 21:00:00+00:00,0.1285,0.1286,0.1226,0.1239,5363108.97
2026-05-27 22:00:00+00:00,0.124,0.1248,0.1234,0.1236,1166271.22
2026-05-27 23:00:00+00:00,0.1236,0.124,0.123,0.1237,876569.31
2026-05-28 00:00:00+00:00,0.1237,0.1241,0.1228,0.1233,1432849.23
2026-05-28 01:00:00+00:00,0.1233,0.1234,0.1212,0.1225,1838778.69
2026-05-28 02:00:00+00:00,0.1226,0.123,0.122,0.1222,698229.66
2026-05-28 03:00:00+00:00,0.1221,0.1222,0.1184,0.1198,11964460.54
2026-05-28 04:00:00+00:00,0.1199,0.1199,0.1158,0.1178,12257907.32
2026-05-28 05:00:00+00:00,0.1179,0.118,0.1158,0.1166,1932241.69
2026-05-28 06:00:00+00:00,0.1166,0.1175,0.116,0.117,1315865.48
2026-05-28 07:00:00+00:00,0.117,0.1182,0.1167,0.1181,1318981.63
2026-05-28 08:00:00+00:00,0.1181,0.1182,0.1171,0.1173,626091.21
2026-05-28 09:00:00+00:00,0.1174,0.1183,0.1174,0.1182,1150510.88
2026-05-28 10:00:00+00:00,0.1182,0.1186,0.1168,0.1168,861729.43
2026-05-28 11:00:00+00:00,0.1168,0.1171,0.1163,0.1168,1069412.67
2026-05-28 12:00:00+00:00,0.1167,0.1172,0.1155,0.1171,891383.82
2026-05-28 13:00:00+00:00,0.1172,0.1174,0.116,0.1168,1525807.29
2026-05-28 14:00:00+00:00,0.1167,0.1171,0.1143,0.116,4123048.65
2026-05-28 15:00:00+00:00,0.1159,0.116,0.1138,0.1151,1894798.24
2026-05-28 16:00:00+00:00,0.1151,0.1177,0.1143,0.1172,1699118.64
2026-05-28 17:00:00+00:00,0.1172,0.1196,0.1168,0.1195,1220391.37
2026-05-28 18:00:00+00:00,0.1194,0.1211,0.1194,0.1207,987724.67
2026-05-28 19:00:00+00:00,0.1207,0.1208,0.1194,0.1195,857923.35
2026-05-28 20:00:00+00:00,0.1195,0.1204,0.1182,0.1198,899534.23
2026-05-28 21:00:00+00:00,0.1198,0.1204,0.1193,0.1196,1108858.04
2026-05-28 22:00:00+00:00,0.1197,0.12,0.1178,0.1182,764438.85
2026-05-28 23:00:00+00:00,0.1183,0.1192,0.1182,0.1186,1452647.37
2026-05-29 00:00:00+00:00,0.1185,0.1196,0.1185,0.119,1021733.29
2026-05-29 01:00:00+00:00,0.119,0.1195,0.1183,0.1189,587515.88
2026-05-29 02:00:00+00:00,0.1189,0.1192,0.1168,0.1174,1600243.38
2026-05-29 03:00:00+00:00,0.1175,0.1183,0.1174,0.1175,548146.44
2026-05-29 04:00:00+00:00,0.1175,0.1182,0.1165,0.1181,486263.01
2026-05-29 05:00:00+00:00,0.1182,0.1192,0.1181,0.1189,1178109.66
2026-05-29 06:00:00+00:00,0.1188,0.1197,0.1182,0.1191,672417.19
2026-05-29 07:00:00+00:00,0.119,0.1195,0.1176,0.1183,678300.69
2026-05-29 08:00:00+00:00,0.1182,0.1189,0.1178,0.1179,457520.62
2026-05-29 09:00:00+00:00,0.118,0.1191,0.1178,0.119,274226.14
2026-05-29 10:00:00+00:00,0.1189,0.1189,0.1179,0.1185,467013.32
2026-05-29 11:00:00+00:00,0.1184,0.1187,0.1167,0.1173,907014.25
2026-05-29 12:00:00+00:00,0.1173,0.1175,0.116,0.1163,2236696.99
2026-05-29 13:00:00+00:00,0.1163,0.1163,0.1152,0.1156,2679695.09
2026-05-29 14:00:00+00:00,0.1157,0.1169,0.1137,0.1165,4235225.55
2026-05-29 15:00:00+00:00,0.1165,0.1213,0.1162,0.1201,4539155.38
2026-05-29 16:00:00+00:00,0.1202,0.1215,0.1194,0.1212,2748988.88
2026-05-29 17:00:00+00:00,0.1211,0.1221,0.1204,0.1207,1486395.43
2026-05-29 18:00:00+00:00,0.1207,0.121,0.1186,0.119,1273926.36
2026-05-29 19:00:00+00:00,0.1191,0.1196,0.1177,0.1193,661981.86
2026-05-29 20:00:00+00:00,0.1193,0.1198,0.1188,0.1192,381701.1
2026-05-29 21:00:00+00:00,0.1193,0.1197,0.1178,0.1178,587427.38
2026-05-29 22:00:00+00:00,0.1179,0.1187,0.1177,0.1185,328337.78
2026-05-29 23:00:00+00:00,0.1185,0.1189,0.1182,0.1186,234309.44
2026-05-30 00:00:00+00:00,0.1187,0.1201,0.1185,0.12,233725.18
2026-05-30 01:00:00+00:00,0.12,0.1216,0.1197,0.1215,1271288.31
2026-05-30 02:00:00+00:00,0.1216,0.123,0.1215,0.123,974667.76
2026-05-30 03:00:00+00:00,0.123,0.1234,0.1216,0.1221,715271.07
2026-05-30 04:00:00+00:00,0.1221,0.1224,0.1194,0.1208,1930652.38
2026-05-30 05:00:00+00:00,0.1207,0.1217,0.1201,0.1215,1207740.33
2026-05-30 06:00:00+00:00,0.1216,0.1219,0.1209,0.121,622448.67
2026-05-30 07:00:00+00:00,0.1211,0.1215,0.1206,0.1211,428224.34
2026-05-30 08:00:00+00:00,0.1211,0.1211,0.1204,0.1206,323964.17
2026-05-30 09:00:00+00:00,0.1205,0.1215,0.1205,0.121,171083.58
2026-05-30 10:00:00+00:00,0.121,0.1214,0.1207,0.1208,222244.84
2026-05-30 11:00:00+00:00,0.1208,0.1211,0.1203,0.1207,349616.99
2026-05-30 12:00:00+00:00,0.1207,0.1211,0.1205,0.1209,172814.86
2026-05-30 13:00:00+00:00,0.1209,0.1214,0.1198,0.1208,1225584.97
2026-05-30 14:00:00+00:00,0.1208,0.1217,0.1206,0.1213,858346.29
2026-05-30 15:00:00+00:00,0.1214,0.1219,0.1204,0.1213,485704.5
2026-05-30 16:00:00+00:00,0.1213,0.1219,0.121,0.1215,380082.81
2026-05-30 17:00:00+00:00,0.1215,0.1216,0.1205,0.1214,360646.37
2026-05-30 18:00:00+00:00,0.1214,0.122,0.1213,0.1219,304002.58
2026-05-30 19:00:00+00:00,0.1219,0.122,0.121,0.1215,355166.51
2026-05-30 20:00:00+00:00,0.1216,0.1218,0.1214,0.1217,206012.88
2026-05-30 21:00:00+00:00,0.1217,0.1223,0.1215,0.1217,510566.72
2026-05-30 22:00:00+00:00,0.1217,0.1217,0.1199,0.1203,749817.12
2026-05-30 23:00:00+00:00,0.1203,0.1206,0.1199,0.1206,188349.03
2026-05-31 00:00:00+00:00,0.1206,0.121,0.1202,0.1208,255704.32
2026-05-31 01:00:00+00:00,0.1208,0.1214,0.1206,0.1209,362751.71
2026-05-31 02:00:00+00:00,0.121,0.1218,0.1205,0.1212,504240.74
2026-05-31 03:00:00+00:00,0.1212,0.1217,0.1209,0.1214,365471.87
2026-05-31 04:00:00+00:00,0.1213,0.1218,0.1212,0.1218,409582.03
2026-05-31 05:00:00+00:00,0.1218,0.1218,0.1207,0.1209,334530.7
2026-05-31 06:00:00+00:00,0.1209,0.1209,0.1203,0.1204,255785.14
2026-05-31 07:00:00+00:00,0.1203,0.1204,0.1188,0.1193,839280.06
2026-05-31 08:00:00+00:00,0.1192,0.1197,0.1187,0.1193,536015.57
2026-05-31 09:00:00+00:00,0.1192,0.1199,0.1188,0.119,419271.57
2026-05-31 10:00:00+00:00,0.119,0.1192,0.1183,0.1192,543943.87
2026-05-31 11:00:00+00:00,0.1192,0.1197,0.119,0.1193,241349.84
2026-05-31 12:00:00+00:00,0.1193,0.1198,0.1189,0.1195,232821.08
2026-05-31 13:00:00+00:00,0.1194,0.12,0.1192,0.1193,227260.41
2026-05-31 14:00:00+00:00,0.1192,0.1192,0.1167,0.117,1887796.6
2026-05-31 15:00:00+00:00,0.1169,0.1183,0.1168,0.1174,1087130.72
2026-05-31 16:00:00+00:00,0.1174,0.1177,0.1159,0.1162,1226303.67
2026-05-31 17:00:00+00:00,0.1162,0.1164,0.1156,0.1161,1024275.71
2026-05-31 18:00:00+00:00,0.1161,0.1161,0.1151,0.1159,848211.36
2026-05-31 19:00:00+00:00,0.1159,0.116,0.1147,0.1153,977083.63
2026-05-31 20:00:00+00:00,0.1153,0.1163,0.1153,0.1161,1044685.97
2026-05-31 21:00:00+00:00,0.1161,0.1183,0.116,0.1181,615473.66
2026-05-31 22:00:00+00:00,0.1182,0.1188,0.1178,0.1187,414437.92
2026-05-31 23:00:00+00:00,0.1187,0.1194,0.1175,0.1186,643608.41
2026-06-01 00:00:00+00:00,0.1187,0.1196,0.1184,0.119,1338451.65
2026-06-01 01:00:00+00:00,0.119,0.1191,0.1168,0.1168,598076.04
2026-06-01 02:00:00+00:00,0.1168,0.1199,0.1165,0.1197,840055.51
2026-06-01 03:00:00+00:00,0.1196,0.1211,0.1196,0.1205,1298200.59
2026-06-01 04:00:00+00:00,0.1205,0.121,0.1183,0.1191,577239.84
2026-06-01 05:00:00+00:00,0.119,0.119,0.1176,0.1178,345333.51
2026-06-01 06:00:00+00:00,0.1179,0.118,0.1158,0.1166,625528.18
2026-06-01 07:00:00+00:00,0.1166,0.1171,0.1153,0.1155,510643.45
2026-06-01 08:00:00+00:00,0.1156,0.1161,0.1151,0.1159,1378085.21
2026-06-01 09:00:00+00:00,0.116,0.1169,0.1156,0.1163,726110.75
2026-06-01 10:00:00+00:00,0.1164,0.1166,0.1156,0.1163,700994.09
2026-06-01 11:00:00+00:00,0.1164,0.1171,0.116,0.1163,542060.85
2026-06-01 12:00:00+00:00,0.1164,0.117,0.1153,0.1166,712557.09
2026-06-01 13:00:00+00:00,0.1167,0.1171,0.1142,0.1154,3905393.54
2026-06-01 14:00:00+00:00,0.1154,0.116,0.1148,0.1159,1617199.51
2026-06-01 15:00:00+00:00,0.1159,0.1169,0.1151,0.1166,1421186.56
2026-06-01 16:00:00+00:00,0.1166,0.1195,0.1159,0.1193,2290695.95
2026-06-01 17:00:00+00:00,0.1192,0.1233,0.1192,0.1229,3072209.75
2026-06-01 18:00:00+00:00,0.1229,0.1246,0.1217,0.1231,2732185.95
2026-06-01 19:00:00+00:00,0.1231,0.125,0.1221,0.1248,2716810.74
2026-06-01 20:00:00+00:00,0.1249,0.125,0.123,0.1238,1067627.22
2026-06-01 21:00:00+00:00,0.1238,0.124,0.1218,0.1226,1881779.53
2026-06-01 22:00:00+00:00,0.1227,0.1234,0.1214,0.1233,1207411.99
2026-06-01 23:00:00+00:00,0.1234,0.1244,0.1229,0.1244,2211160.21
2026-06-02 00:00:00+00:00,0.1244,0.1252,0.1229,0.1229,1498800.09
2026-06-02 01:00:00+00:00,0.123,0.1233,0.1204,0.1207,1750687.19
2026-06-02 02:00:00+00:00,0.1206,0.1214,0.1188,0.1213,2177241.1
2026-06-02 03:00:00+00:00,0.1214,0.1238,0.1211,0.1237,1105754.24
2026-06-02 04:00:00+00:00,0.1237,0.1245,0.1225,0.1226,2273581.52
2026-06-02 05:00:00+00:00,0.1225,0.1227,0.1215,0.122,2874507.58
2026-06-02 06:00:00+00:00,0.122,0.1228,0.1211,0.1226,2624987.23
2026-06-02 07:00:00+00:00,0.1226,0.1242,0.1208,0.1236,2265080.8
2026-06-02 08:00:00+00:00,0.1237,0.1239,0.1222,0.1227,1516175.39
2026-06-02 09:00:00+00:00,0.1228,0.1231,0.1214,0.1218,1131361.81
2026-06-02 10:00:00+00:00,0.1218,0.1256,0.1216,0.1254,1426301.57
2026-06-02 11:00:00+00:00,0.1253,0.1254,0.1234,0.124,1073099.0
2026-06-02 12:00:00+00:00,0.124,0.1248,0.123,0.1248,1831934.96
2026-06-02 13:00:00+00:00,0.1248,0.1266,0.1243,0.1248,2594137.73
2026-06-02 14:00:00+00:00,0.1249,0.125,0.117,0.1191,6766345.61
2026-06-02 15:00:00+00:00,0.1192,0.1193,0.1152,0.1169,5237870.64
2026-06-02 16:00:00+00:00,0.1168,0.1209,0.1162,0.1191,3172735.32
2026-06-02 17:00:00+00:00,0.1192,0.1231,0.1192,0.122,2238724.74
2026-06-02 18:00:00+00:00,0.122,0.1232,0.1185,0.1192,1479037.56
2026-06-02 19:00:00+00:00,0.1193,0.1197,0.1156,0.1187,2812953.67
2026-06-02 20:00:00+00:00,0.1187,0.1201,0.117,0.1195,1437631.43
2026-06-02 21:00:00+00:00,0.1195,0.1212,0.1185,0.1191,971665.79
2026-06-02 22:00:00+00:00,0.119,0.1191,0.1153,0.1159,3227906.94
2026-06-02 23:00:00+00:00,0.116,0.1168,0.1131,0.1156,3432626.35
2026-06-03 00:00:00+00:00,0.1157,0.1179,0.1155,0.1169,2154350.72
2026-06-03 01:00:00+00:00,0.1168,0.1186,0.116,0.1186,1068251.1
2026-06-03 02:00:00+00:00,0.1185,0.119,0.1175,0.1189,1135897.96
2026-06-03 03:00:00+00:00,0.119,0.1192,0.1146,0.1152,2411713.04
2026-06-03 04:00:00+00:00,0.1153,0.1206,0.1153,0.1205,1330296.35
2026-06-03 05:00:00+00:00,0.1206,0.1237,0.1204,0.1236,2677364.09
2026-06-03 06:00:00+00:00,0.1237,0.1246,0.1226,0.1235,1285491.31
2026-06-03 07:00:00+00:00,0.1235,0.1269,0.1231,0.1266,2921510.01
2026-06-03 08:00:00+00:00,0.1266,0.1286,0.1262,0.1271,3055213.8
2026-06-03 09:00:00+00:00,0.1271,0.1279,0.125,0.1269,3239693.48
2026-06-03 10:00:00+00:00,0.1269,0.1328,0.1267,0.1322,3390962.58
2026-06-03 11:00:00+00:00,0.1322,0.1333,0.1276,0.1289,6716804.13
2026-06-03 12:00:00+00:00,0.129,0.129,0.1264,0.128,4857780.17
2026-06-03 13:00:00+00:00,0.128,0.1286,0.1264,0.1283,2900227.67
2026-06-03 14:00:00+00:00,0.1283,0.1293,0.127,0.1291,1968464.16
2026-06-03 15:00:00+00:00,0.1291,0.1292,0.1253,0.1254,2300325.95
2026-06-03 16:00:00+00:00,0.1255,0.1257,0.1219,0.1237,2812176.0
2026-06-03 17:00:00+00:00,0.1237,0.1256,0.1216,0.125,1946295.83
2026-06-03 18:00:00+00:00,0.125,0.1256,0.123,0.1248,989973.28
2026-06-03 19:00:00+00:00,0.1248,0.125,0.1226,0.1229,1261535.56
2026-06-03 20:00:00+00:00,0.1228,0.1239,0.1197,0.1204,3144096.4
2026-06-03 21:00:00+00:00,0.1205,0.1254,0.1202,0.1253,1702287.29
2026-06-03 22:00:00+00:00,0.1252,0.126,0.1238,0.1245,1080198.28
2026-06-03 23:00:00+00:00,0.1245,0.1246,0.1225,0.1228,972491.89
2026-06-04 00:00:00+00:00,0.1227,0.1244,0.12,0.121,2406290.77
2026-06-04 01:00:00+00:00,0.1211,0.1221,0.1138,0.1143,6231570.01
2026-06-04 02:00:00+00:00,0.1144,0.1147,0.1074,0.1131,14409726.81
2026-06-04 03:00:00+00:00,0.1131,0.1162,0.113,0.1153,2842262.17
2026-06-04 04:00:00+00:00,0.1153,0.116,0.1124,0.1124,2104839.64
2026-06-04 05:00:00+00:00,0.1123,0.1124,0.1095,0.1111,4918921.37
2026-06-04 06:00:00+00:00,0.1111,0.1125,0.1106,0.1108,3599697.24
2026-06-04 07:00:00+00:00,0.1109,0.111,0.1076,0.108,3156418.28
2026-06-04 08:00:00+00:00,0.108,0.1087,0.1058,0.1073,5005444.79
2026-06-04 09:00:00+00:00,0.1073,0.1074,0.1044,0.1061,3486264.73
2026-06-04 10:00:00+00:00,0.1061,0.1068,0.1043,0.105,6262735.74
2026-06-04 11:00:00+00:00,0.105,0.1071,0.1043,0.1071,4666827.71
2026-06-04 12:00:00+00:00,0.1071,0.1106,0.1055,0.1102,4531164.12
2026-06-04 13:00:00+00:00,0.1102,0.1131,0.1085,0.1116,5702042.2
2026-06-04 14:00:00+00:00,0.1117,0.1129,0.1108,0.1116,3545440.9
2026-06-04 15:00:00+00:00,0.1116,0.1153,0.1114,0.115,5287829.11
2026-06-04 16:00:00+00:00,0.1149,0.1165,0.1138,0.1157,3169433.79
2026-06-04 17:00:00+00:00,0.1157,0.1172,0.1131,0.1136,4253596.64
2026-06-04 18:00:00+00:00,0.1137,0.118,0.1125,0.1179,4104446.21
2026-06-04 19:00:00+00:00,0.1179,0.1191,0.1163,0.1173,3608359.6
2026-06-04 20:00:00+00:00,0.1174,0.1174,0.1139,0.1146,1488076.93
2026-06-04 21:00:00+00:00,0.1145,0.1149,0.11,0.1102,2414410.16
2026-06-04 22:00:00+00:00,0.1101,0.1114,0.1096,0.111,2362455.41
2026-06-04 23:00:00+00:00,0.1109,0.1123,0.1101,0.1121,1617107.13
2026-06-05 00:00:00+00:00,0.112,0.1128,0.1102,0.1103,1793594.41
2026-06-05 01:00:00+00:00,0.1102,0.1121,0.1087,0.1118,2400061.38
2026-06-05 02:00:00+00:00,0.1118,0.1119,0.1079,0.1082,1718705.55
2026-06-05 03:00:00+00:00,0.1082,0.1093,0.1072,0.1074,1882074.22
2026-06-05 04:00:00+00:00,0.1075,0.1099,0.107,0.1091,1870570.1
2026-06-05 05:00:00+00:00,0.1092,0.1103,0.1062,0.1064,2283223.93
2026-06-05 06:00:00+00:00,0.1065,0.1065,0.1001,0.1037,7225138.86
2026-06-05 07:00:00+00:00,0.1037,0.1072,0.1015,0.1068,2782555.7
2026-06-05 08:00:00+00:00,0.1068,0.1068,0.1038,0.1048,2083848.37
2026-06-05 09:00:00+00:00,0.1049,0.1072,0.1047,0.1066,2554007.35
2026-06-05 10:00:00+00:00,0.1067,0.1067,0.1044,0.1048,2084285.24
2026-06-05 11:00:00+00:00,0.1049,0.1049,0.1026,0.1028,1945086.32
2026-06-05 12:00:00+00:00,0.1027,0.1033,0.101,0.1023,2203359.51
2026-06-05 13:00:00+00:00,0.1023,0.1046,0.1001,0.1001,2842898.7
2026-06-05 14:00:00+00:00,0.1002,0.1037,0.0995,0.1022,5474442.88
2026-06-05 15:00:00+00:00,0.1022,0.1025,0.0987,0.0996,4551895.98
2026-06-05 16:00:00+00:00,0.0995,0.1002,0.0957,0.0999,11741270.72
2026-06-05 17:00:00+00:00,0.0999,0.1001,0.0974,0.0979,2066059.27
2026-06-05 18:00:00+00:00,0.098,0.0984,0.0927,0.0929,4341906.6
2026-06-05 19:00:00+00:00,0.0929,0.0966,0.0915,0.0959,4247999.01
2026-06-05 20:00:00+00:00,0.0959,0.0996,0.095,0.0995,3025605.03
2026-06-05 21:00:00+00:00,0.0995,0.1006,0.0993,0.0994,1526509.39
2026-06-05 22:00:00+00:00,0.0994,0.0995,0.0974,0.0991,2939408.36
2026-06-05 23:00:00+00:00,0.099,0.0994,0.0961,0.0979,3161233.7
2026-06-06 00:00:00+00:00,0.0979,0.1,0.0978,0.0996,926718.38
2026-06-06 01:00:00+00:00,0.0996,0.0999,0.0977,0.098,1380481.37
2026-06-06 02:00:00+00:00,0.098,0.0984,0.097,0.097,712274.27
2026-06-06 03:00:00+00:00,0.0969,0.0969,0.0951,0.0955,2860786.01
2026-06-06 04:00:00+00:00,0.0954,0.096,0.0904,0.0911,4408135.3
2026-06-06 05:00:00+00:00,0.0911,0.0956,0.0898,0.0954,4175528.61
2026-06-06 06:00:00+00:00,0.0954,0.0965,0.095,0.0953,1753574.46
2026-06-06 07:00:00+00:00,0.0953,0.0971,0.0952,0.0958,1693235.87
2026-06-06 08:00:00+00:00,0.0958,0.0975,0.0954,0.0974,1316787.85
2026-06-06 09:00:00+00:00,0.0974,0.0989,0.096,0.0962,1005446.28
2026-06-06 10:00:00+00:00,0.0961,0.0961,0.0936,0.0953,2544265.96
2026-06-06 11:00:00+00:00,0.0952,0.097,0.0949,0.0966,2049640.48
2026-06-06 12:00:00+00:00,0.0967,0.0971,0.0952,0.0966,1808923.63
2026-06-06 13:00:00+00:00,0.0965,0.0976,0.096,0.0964,987475.57
2026-06-06 14:00:00+00:00,0.0964,0.0976,0.0961,0.0961,1329711.87
2026-06-06 15:00:00+00:00,0.0962,0.0963,0.0943,0.0948,1341096.78
2026-06-06 16:00:00+00:00,0.0947,0.0955,0.0938,0.0948,1088957.06
2026-06-06 17:00:00+00:00,0.0948,0.095,0.0933,0.0936,906145.07
2026-06-06 18:00:00+00:00,0.0936,0.0951,0.0935,0.0942,830365.57
2026-06-06 19:00:00+00:00,0.0942,0.0949,0.0931,0.0931,724810.52
2026-06-06 20:00:00+00:00,0.0931,0.0935,0.0927,0.0933,523966.33
2026-06-06 21:00:00+00:00,0.0933,0.0942,0.0931,0.0931,515512.55
2026-06-06 22:00:00+00:00,0.0931,0.0934,0.0926,0.0926,906623.9
2026-06-06 23:00:00+00:00,0.0926,0.094,0.0926,0.0938,653098.85
2026-06-07 00:00:00+00:00,0.0938,0.0945,0.0934,0.0934,1190446.56
2026-06-07 01:00:00+00:00,0.0935,0.0965,0.0934,0.0963,2006698.88
2026-06-07 02:00:00+00:00,0.0962,0.0963,0.0943,0.0948,1054407.33
2026-06-07 03:00:00+00:00,0.0947,0.0953,0.0941,0.0948,1157874.39
2026-06-07 04:00:00+00:00,0.0948,0.0949,0.094,0.0947,859078.61
2026-06-07 05:00:00+00:00,0.0947,0.0955,0.0942,0.0948,2941059.31
2026-06-07 06:00:00+00:00,0.0947,0.0962,0.0938,0.0955,1767108.66
2026-06-07 07:00:00+00:00,0.0954,0.0961,0.0953,0.0955,1242960.94
2026-06-07 08:00:00+00:00,0.0956,0.0973,0.0945,0.0973,1828232.53
2026-06-07 09:00:00+00:00,0.0974,0.0978,0.0962,0.0967,1144759.13
2026-06-07 10:00:00+00:00,0.0967,0.0969,0.0956,0.0957,1931565.85
2026-06-07 11:00:00+00:00,0.0957,0.0971,0.0954,0.0963,809399.17
2026-06-07 12:00:00+00:00,0.0963,0.0963,0.093,0.0943,2788729.49
2026-06-07 13:00:00+00:00,0.0943,0.095,0.094,0.0946,699160.88
2026-06-07 14:00:00+00:00,0.0946,0.097,0.0945,0.0963,1247801.29
2026-06-07 15:00:00+00:00,0.0963,0.0966,0.0953,0.0959,2321264.22
2026-06-07 16:00:00+00:00,0.0959,0.0959,0.0948,0.0954,1475801.46
2026-06-07 17:00:00+00:00,0.0954,0.0961,0.0948,0.0954,1917622.3
2026-06-07 18:00:00+00:00,0.0954,0.0959,0.0941,0.0942,1407903.12
2026-06-07 19:00:00+00:00,0.0943,0.0943,0.0918,0.0925,5400453.86
2026-06-07 20:00:00+00:00,0.0925,0.0946,0.0922,0.0944,931638.25
2026-06-07 21:00:00+00:00,0.0943,0.0948,0.0934,0.0941,686117.36
2026-06-07 22:00:00+00:00,0.0941,0.1011,0.0941,0.097,7280404.93
2026-06-07 23:00:00+00:00,0.0969,0.0976,0.0967,0.0975,1092599.26
2026-06-08 00:00:00+00:00,0.0975,0.0982,0.0964,0.0973,1357731.3
2026-06-08 01:00:00+00:00,0.0974,0.0974,0.0949,0.0959,2640611.58
2026-06-08 02:00:00+00:00,0.096,0.0964,0.0957,0.0962,873490.36
2026-06-08 03:00:00+00:00,0.0962,0.097,0.0958,0.0968,1316208.09
2026-06-08 04:00:00+00:00,0.0969,0.0969,0.0953,0.0953,1084474.13
2026-06-08 05:00:00+00:00,0.0954,0.0956,0.0946,0.0955,927853.13
2026-06-08 06:00:00+00:00,0.0956,0.0969,0.0955,0.0964,806024.2
2026-06-08 07:00:00+00:00,0.0964,0.0972,0.0955,0.0971,1327645.36
2026-06-08 08:00:00+00:00,0.097,0.0973,0.0959,0.0963,2429643.37
2026-06-08 09:00:00+00:00,0.0964,0.0979,0.0962,0.0978,1906683.07
2026-06-08 10:00:00+00:00,0.0978,0.0981,0.097,0.0978,1217864.48
2026-06-08 11:00:00+00:00,0.0977,0.0994,0.0974,0.0988,1292120.2
2026-06-08 12:00:00+00:00,0.0988,0.1003,0.0975,0.1001,2465677.27
2026-06-08 13:00:00+00:00,0.1001,0.1003,0.0985,0.0987,3161427.92
2026-06-08 14:00:00+00:00,0.0986,0.0989,0.0977,0.0984,1452471.82
2026-06-08 15:00:00+00:00,0.0985,0.0993,0.0976,0.0977,1433960.07
2026-06-08 16:00:00+00:00,0.0978,0.0989,0.0974,0.0976,1178746.66
2026-06-08 17:00:00+00:00,0.0976,0.0983,0.0968,0.0983,1896040.65
2026-06-08 18:00:00+00:00,0.0984,0.0987,0.0975,0.0978,773976.48
2026-06-08 19:00:00+00:00,0.0977,0.0982,0.0974,0.0976,755763.6
2026-06-08 20:00:00+00:00,0.0977,0.0978,0.0964,0.0974,1061413.27
2026-06-08 21:00:00+00:00,0.0975,0.0988,0.0973,0.0974,805346.34
2026-06-08 22:00:00+00:00,0.0973,0.0975,0.0963,0.0966,1441330.6
2026-06-08 23:00:00+00:00,0.0966,0.0971,0.0956,0.096,964577.38
2026-06-09 00:00:00+00:00,0.096,0.0961,0.0932,0.0935,3051720.09
2026-06-09 01:00:00+00:00,0.0935,0.0944,0.0933,0.0941,1025073.42
2026-06-09 02:00:00+00:00,0.094,0.0944,0.0929,0.0934,672234.13
2026-06-09 03:00:00+00:00,0.0935,0.094,0.0929,0.094,952792.29
2026-06-09 04:00:00+00:00,0.094,0.0958,0.0937,0.0954,1402794.32
2026-06-09 05:00:00+00:00,0.0954,0.0965,0.0954,0.0959,505157.29
2026-06-09 06:00:00+00:00,0.0958,0.0966,0.0956,0.096,733219.52
2026-06-09 07:00:00+00:00,0.096,0.0966,0.0956,0.0963,1337337.6
2026-06-09 08:00:00+00:00,0.0964,0.0965,0.0954,0.0959,926992.59
2026-06-09 09:00:00+00:00,0.0959,0.0961,0.0946,0.0949,1164148.39
2026-06-09 10:00:00+00:00,0.0949,0.0952,0.0944,0.095,2036105.11
2026-06-09 11:00:00+00:00,0.095,0.0958,0.0945,0.0956,778201.87
2026-06-09 12:00:00+00:00,0.0955,0.0963,0.0955,0.0962,957250.43
2026-06-09 13:00:00+00:00,0.0962,0.0968,0.0951,0.0962,1277812.69
2026-06-09 14:00:00+00:00,0.0961,0.0963,0.0931,0.0946,3162200.18
2026-06-09 15:00:00+00:00,0.0946,0.0952,0.0929,0.0932,1726362.13
2026-06-09 16:00:00+00:00,0.0932,0.0937,0.0914,0.093,2895563.83
2026-06-09 17:00:00+00:00,0.0931,0.095,0.093,0.0946,916822.87
2026-06-09 18:00:00+00:00,0.0945,0.0957,0.0943,0.0954,963132.37
2026-06-09 19:00:00+00:00,0.0954,0.0962,0.0952,0.0959,742230.19
2026-06-09 20:00:00+00:00,0.096,0.0973,0.096,0.0971,1305762.69
2026-06-09 21:00:00+00:00,0.0972,0.0975,0.0958,0.096,588902.71
2026-06-09 22:00:00+00:00,0.096,0.0971,0.0957,0.096,757337.51
2026-06-09 23:00:00+00:00,0.096,0.0971,0.0957,0.0967,1010481.77
2026-06-10 00:00:00+00:00,0.0967,0.0977,0.0962,0.0976,886154.26
2026-06-10 01:00:00+00:00,0.0976,0.0978,0.0962,0.0969,823207.18
2026-06-10 02:00:00+00:00,0.0969,0.0973,0.0954,0.0958,811880.99
2026-06-10 03:00:00+00:00,0.0958,0.0969,0.0956,0.0964,561662.68
2026-06-10 04:00:00+00:00,0.0964,0.0968,0.0952,0.0956,778942.21
2026-06-10 05:00:00+00:00,0.0957,0.0957,0.0946,0.0949,599063.51
2026-06-10 06:00:00+00:00,0.0948,0.0957,0.0946,0.0952,573555.23
2026-06-10 07:00:00+00:00,0.0952,0.0967,0.0952,0.0963,1018222.23
2026-06-10 08:00:00+00:00,0.0963,0.0963,0.0947,0.0948,756387.31
2026-06-10 09:00:00+00:00,0.0947,0.0954,0.0937,0.0951,1111194.25
2026-06-10 10:00:00+00:00,0.0951,0.0952,0.0941,0.0949,497875.26
2026-06-10 11:00:00+00:00,0.0949,0.095,0.0929,0.0937,2003821.83
2026-06-10 12:00:00+00:00,0.0936,0.0967,0.0933,0.0959,2533142.46
2026-06-10 13:00:00+00:00,0.0958,0.0978,0.0957,0.096,2894141.21
2026-06-10 14:00:00+00:00,0.0961,0.0962,0.0948,0.0956,1635024.31
2026-06-10 15:00:00+00:00,0.0956,0.0965,0.0943,0.0954,1949707.12
2026-06-10 16:00:00+00:00,0.0955,0.0961,0.0932,0.0939,2327008.28
2026-06-10 17:00:00+00:00,0.0939,0.0954,0.0927,0.0937,3277678.82
2026-06-10 18:00:00+00:00,0.0937,0.0938,0.0924,0.0932,1092372.89
2026-06-10 19:00:00+00:00,0.0932,0.0933,0.0914,0.0917,1782228.09
2026-06-10 20:00:00+00:00,0.0917,0.0921,0.0905,0.0908,1419897.31
2026-06-10 21:00:00+00:00,0.0908,0.0913,0.0893,0.0899,2052168.59
2026-06-10 22:00:00+00:00,0.0899,0.0902,0.0887,0.0896,1903119.62
2026-06-10 23:00:00+00:00,0.0896,0.0913,0.0891,0.091,1799742.92
2026-06-11 00:00:00+00:00,0.0909,0.0921,0.0909,0.0916,875528.07
2026-06-11 01:00:00+00:00,0.0916,0.0928,0.0916,0.0925,874633.43
2026-06-11 02:00:00+00:00,0.0926,0.0927,0.0913,0.0916,581300.81
2026-06-11 03:00:00+00:00,0.0916,0.0936,0.0912,0.0931,1244670.71
2026-06-11 04:00:00+00:00,0.0932,0.0946,0.0928,0.0943,728229.88
2026-06-11 05:00:00+00:00,0.0943,0.0945,0.0936,0.0936,430710.38
2026-06-11 06:00:00+00:00,0.0936,0.094,0.093,0.0931,889271.37
2026-06-11 07:00:00+00:00,0.093,0.0934,0.0928,0.0931,571129.47
2026-06-11 08:00:00+00:00,0.0931,0.0944,0.0931,0.0939,583324.45
2026-06-11 09:00:00+00:00,0.0939,0.094,0.0929,0.0932,690149.94
2026-06-11 10:00:00+00:00,0.0932,0.0944,0.0931,0.0938,1752860.07
2026-06-11 11:00:00+00:00,0.0937,0.0952,0.0935,0.0947,700149.52
2026-06-11 12:00:00+00:00,0.0947,0.0947,0.0925,0.0937,2263609.29
2026-06-11 13:00:00+00:00,0.0936,0.0949,0.0934,0.0939,1330701.19
2026-06-11 14:00:00+00:00,0.094,0.0946,0.0935,0.094,1018555.07
2026-06-11 15:00:00+00:00,0.0939,0.094,0.093,0.0935,2536817.19
2026-06-11 16:00:00+00:00,0.0936,0.0943,0.093,0.0931,983393.07
2026-06-11 17:00:00+00:00,0.093,0.0964,0.0925,0.0961,3015827.0
2026-06-11 18:00:00+00:00,0.0962,0.0972,0.0952,0.0957,1010783.85
2026-06-11 19:00:00+00:00,0.0956,0.0966,0.0952,0.0956,1032653.4
2026-06-11 20:00:00+00:00,0.0957,0.0959,0.0945,0.0953,1090552.17
2026-06-11 21:00:00+00:00,0.0953,0.0963,0.0952,0.0955,594290.68
2026-06-11 22:00:00+00:00,0.0955,0.0957,0.0948,0.0949,496621.42
2026-06-11 23:00:00+00:00,0.0948,0.0955,0.0945,0.0955,448796.94
2026-06-12 00:00:00+00:00,0.0955,0.0964,0.0953,0.0959,838210.65
2026-06-12 01:00:00+00:00,0.0959,0.096,0.0949,0.0956,639790.93
2026-06-12 02:00:00+00:00,0.0957,0.0965,0.0956,0.0962,388923.76
2026-06-12 03:00:00+00:00,0.0962,0.0967,0.0961,0.0966,448055.31
2026-06-12 04:00:00+00:00,0.0967,0.0975,0.0965,0.0973,612421.51
2026-06-12 05:00:00+00:00,0.0973,0.0974,0.0961,0.0963,1030335.69
2026-06-12 06:00:00+00:00,0.0962,0.0963,0.095,0.0952,636941.77
2026-06-12 07:00:00+00:00,0.0952,0.0961,0.0952,0.0959,562817.37
2026-06-12 08:00:00+00:00,0.0959,0.0979,0.0959,0.0978,782955.97
2026-06-12 09:00:00+00:00,0.0978,0.0996,0.0976,0.0986,1997957.09
2026-06-12 10:00:00+00:00,0.0987,0.1008,0.0985,0.0992,3109978.87
2026-06-12 11:00:00+00:00,0.0991,0.1009,0.099,0.0999,1859672.15
2026-06-12 12:00:00+00:00,0.0998,0.101,0.0985,0.0992,1675133.42
2026-06-12 13:00:00+00:00,0.0993,0.0995,0.0967,0.0985,1981990.3
2026-06-12 14:00:00+00:00,0.0986,0.1007,0.0981,0.1004,1493961.28
2026-06-12 15:00:00+00:00,0.1005,0.1009,0.0986,0.0987,1964539.85
2026-06-12 16:00:00+00:00,0.0987,0.101,0.0985,0.101,2009720.18
2026-06-12 17:00:00+00:00,0.101,0.1019,0.1001,0.1003,971850.29
2026-06-12 18:00:00+00:00,0.1004,0.1009,0.0992,0.1,918192.62
2026-06-12 19:00:00+00:00,0.1,0.1014,0.1,0.1005,1087713.28
2026-06-12 20:00:00+00:00,0.1006,0.101,0.0998,0.1003,739672.59
2026-06-12 21:00:00+00:00,0.1004,0.101,0.0991,0.0995,527535.61
2026-06-12 22:00:00+00:00,0.0995,0.1002,0.0993,0.0996,449525.31
2026-06-12 23:00:00+00:00,0.0995,0.0999,0.099,0.0998,764302.22
2026-06-13 00:00:00+00:00,0.0998,0.1,0.0994,0.0996,368266.38
2026-06-13 01:00:00+00:00,0.0996,0.1012,0.0996,0.1007,1349136.5
2026-06-13 02:00:00+00:00,0.1008,0.1009,0.1001,0.1008,515000.13
2026-06-13 03:00:00+00:00,0.1007,0.1012,0.1,0.1007,976331.59
2026-06-13 04:00:00+00:00,0.1006,0.102,0.0999,0.1012,866673.02
2026-06-13 05:00:00+00:00,0.1012,0.1023,0.1011,0.1023,1093349.55
2026-06-13 06:00:00+00:00,0.1024,0.106,0.1021,0.104,6815925.55
2026-06-13 07:00:00+00:00,0.104,0.1074,0.1033,0.1059,4427530.96
2026-06-13 08:00:00+00:00,0.1058,0.11,0.1057,0.107,6840630.75
2026-06-13 09:00:00+00:00,0.107,0.1091,0.1059,0.1082,3990200.69
2026-06-13 10:00:00+00:00,0.1083,0.1096,0.1065,0.1071,2952859.43
2026-06-13 11:00:00+00:00,0.1072,0.1099,0.1067,0.1078,1992180.0
2026-06-13 12:00:00+00:00,0.1078,0.1098,0.1068,0.1084,2335469.04
2026-06-13 13:00:00+00:00,0.1084,0.1104,0.108,0.1103,2769532.02
2026-06-13 14:00:00+00:00,0.1103,0.1127,0.1068,0.1079,7363931.6
2026-06-13 15:00:00+00:00,0.108,0.1092,0.107,0.1078,1949785.48
2026-06-13 16:00:00+00:00,0.1078,0.1082,0.106,0.108,2172187.74
2026-06-13 17:00:00+00:00,0.108,0.1102,0.1071,0.1089,1840076.77
2026-06-13 18:00:00+00:00,0.1089,0.1095,0.1078,0.1085,1059564.26
2026-06-13 19:00:00+00:00,0.1085,0.1091,0.1075,0.1082,1277728.93
2026-06-13 20:00:00+00:00,0.1082,0.1088,0.1077,0.1079,786623.61
2026-06-13 21:00:00+00:00,0.1079,0.1087,0.1072,0.1082,838119.44
2026-06-13 22:00:00+00:00,0.1081,0.1087,0.1073,0.1073,592600.33
2026-06-13 23:00:00+00:00,0.1073,0.1078,0.1069,0.107,513165.08
2026-06-14 00:00:00+00:00,0.107,0.1072,0.106,0.1062,888648.22
2026-06-14 01:00:00+00:00,0.1062,0.1071,0.1057,0.1066,915048.12
2026-06-14 02:00:00+00:00,0.1066,0.1073,0.1062,0.1062,609316.05
2026-06-14 03:00:00+00:00,0.1062,0.1074,0.1059,0.1062,4176656.94
2026-06-14 04:00:00+00:00,0.1062,0.1062,0.1048,0.1051,944999.29
2026-06-14 05:00:00+00:00,0.1051,0.1061,0.1044,0.1057,550337.33
2026-06-14 06:00:00+00:00,0.1057,0.1071,0.1054,0.1057,2976429.03
2026-06-14 07:00:00+00:00,0.1057,0.1061,0.1053,0.1061,919771.58
2026-06-14 08:00:00+00:00,0.1061,0.1069,0.1056,0.1062,444111.96
2026-06-14 09:00:00+00:00,0.1063,0.1069,0.1055,0.1068,691199.17
2026-06-14 10:00:00+00:00,0.1068,0.1081,0.1063,0.1072,2741353.3
2026-06-14 11:00:00+00:00,0.1071,0.1073,0.1065,0.1069,324975.78
2026-06-14 12:00:00+00:00,0.107,0.1071,0.1057,0.1059,869799.08
2026-06-14 13:00:00+00:00,0.1059,0.1071,0.1058,0.1068,1264049.16
2026-06-14 14:00:00+00:00,0.1069,0.107,0.1045,0.1062,1262945.87
2026-06-14 15:00:00+00:00,0.1062,0.1067,0.1057,0.1059,457488.17
2026-06-14 16:00:00+00:00,0.1058,0.1067,0.1058,0.1061,328017.63
2026-06-14 17:00:00+00:00,0.106,0.1065,0.1055,0.1056,420541.31
2026-06-14 18:00:00+00:00,0.1056,0.1061,0.1054,0.1059,323079.77
2026-06-14 19:00:00+00:00,0.1058,0.1065,0.1057,0.1057,214827.29
2026-06-14 20:00:00+00:00,0.1057,0.1067,0.1053,0.1058,483929.55
2026-06-14 21:00:00+00:00,0.1058,0.1097,0.1058,0.1086,4792641.11
2026-06-14 22:00:00+00:00,0.1086,0.1089,0.1078,0.1082,1509992.47
2026-06-14 23:00:00+00:00,0.1082,0.109,0.1079,0.1085,993010.08
2026-06-15 00:00:00+00:00,0.1086,0.1091,0.1074,0.1088,1578542.02
2026-06-15 01:00:00+00:00,0.1089,0.1114,0.1083,0.1102,3234977.33
2026-06-15 02:00:00+00:00,0.1102,0.1109,0.1091,0.1105,1769413.46
2026-06-15 03:00:00+00:00,0.1106,0.1114,0.1101,0.1108,825387.14
2026-06-15 04:00:00+00:00,0.1108,0.1113,0.1104,0.1105,526602.36
2026-06-15 05:00:00+00:00,0.1105,0.1115,0.1099,0.1108,1149311.05
2026-06-15 06:00:00+00:00,0.1107,0.1112,0.11,0.1101,673084.97
2026-06-15 07:00:00+00:00,0.1101,0.1106,0.1098,0.1099,743156.92
2026-06-15 08:00:00+00:00,0.1099,0.1107,0.1095,0.1099,2147852.11
2026-06-15 09:00:00+00:00,0.11,0.1104,0.1096,0.1101,625259.57
2026-06-15 10:00:00+00:00,0.1101,0.1108,0.1096,0.1102,887511.03
2026-06-15 11:00:00+00:00,0.1102,0.1117,0.1101,0.1109,1047374.3
2026-06-15 12:00:00+00:00,0.1109,0.1121,0.1105,0.1116,2159101.61
2026-06-15 13:00:00+00:00,0.1116,0.1122,0.1109,0.1114,2094677.76
2026-06-15 14:00:00+00:00,0.1114,0.1119,0.1106,0.1114,929345.46
2026-06-15 15:00:00+00:00,0.1115,0.1117,0.1101,0.1112,2253172.22
2026-06-15 16:00:00+00:00,0.1111,0.1113,0.1104,0.1107,2210656.47
2026-06-15 17:00:00+00:00,0.1107,0.1115,0.1104,0.1114,506570.32
2026-06-15 18:00:00+00:00,0.1113,0.1116,0.1108,0.1108,418247.64
2026-06-15 19:00:00+00:00,0.1108,0.111,0.1087,0.1099,1836031.46
2026-06-15 20:00:00+00:00,0.1099,0.1102,0.1093,0.1094,388785.66
2026-06-15 21:00:00+00:00,0.1095,0.1097,0.1092,0.1095,359689.59
2026-06-15 22:00:00+00:00,0.1096,0.1097,0.1075,0.1082,1271205.86
2026-06-15 23:00:00+00:00,0.1082,0.1088,0.1075,0.1086,934918.65
2026-06-16 00:00:00+00:00,0.1086,0.1092,0.1082,0.1085,580922.14
2026-06-16 01:00:00+00:00,0.1085,0.1092,0.1085,0.1086,488622.46
2026-06-16 02:00:00+00:00,0.1086,0.1087,0.107,0.1078,696391.18
2026-06-16 03:00:00+00:00,0.1078,0.1088,0.1076,0.1084,409343.54
2026-06-16 04:00:00+00:00,0.1084,0.1085,0.1071,0.1075,374110.38
2026-06-16 05:00:00+00:00,0.1075,0.108,0.1071,0.1073,216418.37
2026-06-16 06:00:00+00:00,0.1073,0.1074,0.1068,0.1068,628424.21
2026-06-16 07:00:00+00:00,0.1068,0.1077,0.1065,0.107,2258993.69
2026-06-16 08:00:00+00:00,0.1069,0.109,0.1068,0.109,655210.79
2026-06-16 09:00:00+00:00,0.109,0.109,0.1076,0.1078,412314.95
2026-06-16 10:00:00+00:00,0.1079,0.1082,0.1073,0.1075,595330.08
2026-06-16 11:00:00+00:00,0.1075,0.1087,0.1072,0.1087,1302752.45
2026-06-16 12:00:00+00:00,0.1087,0.11,0.1084,0.1092,1181135.68
2026-06-16 13:00:00+00:00,0.1092,0.1094,0.1071,0.1075,1347852.19
2026-06-16 14:00:00+00:00,0.1075,0.1089,0.1051,0.1066,4058757.13
2026-06-16 15:00:00+00:00,0.1065,0.1074,0.1064,0.1069,608064.12
2026-06-16 16:00:00+00:00,0.1069,0.1071,0.1061,0.1064,628559.06
2026-06-16 17:00:00+00:00,0.1064,0.1077,0.1064,0.1074,600775.34
2026-06-16 18:00:00+00:00,0.1075,0.1086,0.1074,0.1081,764690.63
2026-06-16 19:00:00+00:00,0.1081,0.1083,0.1071,0.108,529574.63
2026-06-16 20:00:00+00:00,0.108,0.1107,0.1078,0.1101,943838.84
2026-06-16 21:00:00+00:00,0.1102,0.1102,0.1089,0.1099,417027.72
2026-06-16 22:00:00+00:00,0.1098,0.1103,0.1092,0.1096,335822.52
2026-06-16 23:00:00+00:00,0.1097,0.1098,0.1088,0.109,448306.79
2026-06-17 00:00:00+00:00,0.109,0.1098,0.1089,0.1094,496576.18
2026-06-17 01:00:00+00:00,0.1095,0.1115,0.1095,0.1114,1072796.18
2026-06-17 02:00:00+00:00,0.1114,0.1123,0.1102,0.1105,844740.07
2026-06-17 03:00:00+00:00,0.1105,0.1105,0.1094,0.1098,511076.07
2026-06-17 04:00:00+00:00,0.1099,0.1107,0.1095,0.1099,407730.8
2026-06-17 05:00:00+00:00,0.1099,0.1103,0.1089,0.1092,984372.1
2026-06-17 06:00:00+00:00,0.1092,0.1105,0.1084,0.1086,2542417.75
2026-06-17 07:00:00+00:00,0.1085,0.1093,0.1078,0.1085,999753.37
2026-06-17 08:00:00+00:00,0.1086,0.1087,0.107,0.1076,740216.27
2026-06-17 09:00:00+00:00,0.1075,0.1081,0.1075,0.108,519300.97
2026-06-17 10:00:00+00:00,0.1081,0.1083,0.1072,0.1073,378516.43
2026-06-17 11:00:00+00:00,0.1074,0.1079,0.1069,0.1073,404151.72
2026-06-17 12:00:00+00:00,0.1073,0.1077,0.1065,0.1077,569769.14
2026-06-17 13:00:00+00:00,0.1076,0.1079,0.1071,0.1071,605740.83
2026-06-17 14:00:00+00:00,0.107,0.1074,0.1054,0.1066,1297298.91
2026-06-17 15:00:00+00:00,0.1066,0.1093,0.1066,0.1093,649976.24
2026-06-17 16:00:00+00:00,0.1093,0.1103,0.1092,0.1093,776758.37
2026-06-17 17:00:00+00:00,0.1093,0.1106,0.1089,0.1106,654738.24
2026-06-17 18:00:00+00:00,0.1106,0.1107,0.1067,0.1094,3025433.53
2026-06-17 19:00:00+00:00,0.1094,0.1098,0.1053,0.1062,2748615.4
2026-06-17 20:00:00+00:00,0.1061,0.1074,0.1057,0.1072,1381549.54
2026-06-17 21:00:00+00:00,0.1072,0.1074,0.1062,0.1067,386065.98
2026-06-17 22:00:00+00:00,0.1067,0.1083,0.1054,0.108,705145.24
2026-06-17 23:00:00+00:00,0.108,0.1097,0.108,0.1088,558138.62
2026-06-18 00:00:00+00:00,0.1088,0.1094,0.1084,0.1088,551194.42
2026-06-18 01:00:00+00:00,0.1088,0.1096,0.1084,0.1086,322250.93
2026-06-18 02:00:00+00:00,0.1087,0.1094,0.1084,0.1089,231170.48
2026-06-18 03:00:00+00:00,0.1088,0.1089,0.1068,0.1072,767740.25
2026-06-18 04:00:00+00:00,0.1072,0.1073,0.1048,0.1048,1432471.18
2026-06-18 05:00:00+00:00,0.1048,0.105,0.1037,0.1044,1763711.08
2026-06-18 06:00:00+00:00,0.1044,0.1051,0.1041,0.105,539999.74
2026-06-18 07:00:00+00:00,0.1049,0.1069,0.1047,0.1065,546396.26
2026-06-18 08:00:00+00:00,0.1066,0.1077,0.1062,0.1075,886858.62
2026-06-18 09:00:00+00:00,0.1075,0.111,0.1072,0.1093,2536619.45
2026-06-18 10:00:00+00:00,0.1093,0.1094,0.1081,0.1083,853953.92
2026-06-18 11:00:00+00:00,0.1083,0.1086,0.1064,0.1066,707805.06
2026-06-18 12:00:00+00:00,0.1066,0.1089,0.1064,0.1086,1656799.89
2026-06-18 13:00:00+00:00,0.1087,0.1094,0.1071,0.108,1313944.83
2026-06-18 14:00:00+00:00,0.108,0.1102,0.1077,0.1088,1804063.1
2026-06-18 15:00:00+00:00,0.1088,0.1089,0.1033,0.104,4153541.52
2026-06-18 16:00:00+00:00,0.1039,0.1055,0.1036,0.1051,1058856.06
2026-06-18 17:00:00+00:00,0.1051,0.1054,0.1038,0.1051,1419167.22
2026-06-18 18:00:00+00:00,0.1052,0.1074,0.1047,0.1071,1108919.55
2026-06-18 19:00:00+00:00,0.1072,0.1088,0.1065,0.1086,708560.02
2026-06-18 20:00:00+00:00,0.1087,0.1097,0.1085,0.1086,2496747.83
2026-06-18 21:00:00+00:00,0.1086,0.1088,0.1073,0.1084,594710.79
2026-06-18 22:00:00+00:00,0.1083,0.109,0.1082,0.1087,328866.21
2026-06-18 23:00:00+00:00,0.1087,0.1094,0.1082,0.1093,730582.12
2026-06-19 00:00:00+00:00,0.1093,0.1106,0.1092,0.1101,975719.83
2026-06-19 01:00:00+00:00,0.1102,0.1107,0.1049,0.1061,3968395.86
2026-06-19 02:00:00+00:00,0.106,0.1063,0.1048,0.105,982457.45
2026-06-19 03:00:00+00:00,0.105,0.1052,0.1026,0.1028,2325175.94
2026-06-19 04:00:00+00:00,0.1028,0.1028,0.1004,0.1007,1745664.86
2026-06-19 05:00:00+00:00,0.1008,0.1017,0.1007,0.1014,717087.47
2026-06-19 06:00:00+00:00,0.1015,0.1021,0.1011,0.1021,737872.67
2026-06-19 07:00:00+00:00,0.102,0.1021,0.1009,0.1016,820935.14
2026-06-19 08:00:00+00:00,0.1017,0.1017,0.1001,0.1004,1186790.97
2026-06-19 09:00:00+00:00,0.1005,0.1011,0.1003,0.101,1039308.11
2026-06-19 10:00:00+00:00,0.101,0.1012,0.1003,0.1007,964117.43
2026-06-19 11:00:00+00:00,0.1007,0.1009,0.1002,0.1006,624766.92
2026-06-19 12:00:00+00:00,0.1006,0.1029,0.1006,0.1029,781627.51
2026-06-19 13:00:00+00:00,0.1029,0.1056,0.1027,0.1052,1583505.97
2026-06-19 14:00:00+00:00,0.1051,0.1051,0.1039,0.104,841328.13
2026-06-19 15:00:00+00:00,0.1041,0.1042,0.1031,0.1039,654839.99
2026-06-19 16:00:00+00:00,0.104,0.1044,0.1025,0.1027,555208.63
2026-06-19 17:00:00+00:00,0.1027,0.1034,0.1022,0.103,376739.18
2026-06-19 18:00:00+00:00,0.103,0.1031,0.102,0.1025,297365.58
2026-06-19 19:00:00+00:00,0.1024,0.1026,0.1014,0.1018,597405.64
2026-06-19 20:00:00+00:00,0.1019,0.1021,0.101,0.1016,484611.38
2026-06-19 21:00:00+00:00,0.1016,0.103,0.1016,0.1024,585962.95
2026-06-19 22:00:00+00:00,0.1024,0.1031,0.1024,0.1028,225696.45
2026-06-19 23:00:00+00:00,0.103,0.104,0.1026,0.104,411513.74
2026-06-20 00:00:00+00:00,0.104,0.1054,0.1038,0.1041,669747.18
2026-06-20 01:00:00+00:00,0.104,0.1043,0.1033,0.1033,297042.69
2026-06-20 02:00:00+00:00,0.1033,0.1035,0.1024,0.1025,368286.88
2026-06-20 03:00:00+00:00,0.1025,0.1031,0.1024,0.1024,179675.05
2026-06-20 04:00:00+00:00,0.1025,0.1031,0.1024,0.1031,349721.21
2026-06-20 05:00:00+00:00,0.1031,0.1047,0.1031,0.1047,1471497.08
2026-06-20 06:00:00+00:00,0.1046,0.106,0.103,0.1042,6758189.65
2026-06-20 07:00:00+00:00,0.1042,0.1044,0.1029,0.1031,1108361.54
2026-06-20 08:00:00+00:00,0.1032,0.1034,0.1028,0.103,468766.21
2026-06-20 09:00:00+00:00,0.103,0.1037,0.1027,0.1036,441490.94
2026-06-20 10:00:00+00:00,0.1036,0.1038,0.1027,0.1033,375829.91
2026-06-20 11:00:00+00:00,0.1034,0.1035,0.1023,0.1023,343867.72
2026-06-20 12:00:00+00:00,0.1024,0.1024,0.1004,0.1015,1832619.58
2026-06-20 13:00:00+00:00,0.1015,0.1017,0.1007,0.1007,943556.8
2026-06-20 14:00:00+00:00,0.1006,0.1024,0.0993,0.1015,1785704.07
2026-06-20 15:00:00+00:00,0.1014,0.1024,0.1009,0.1016,1245684.27
2026-06-20 16:00:00+00:00,0.1017,0.1018,0.1006,0.1013,554885.56
2026-06-20 17:00:00+00:00,0.1012,0.1013,0.0999,0.1008,624095.96
2026-06-20 18:00:00+00:00,0.1008,0.1012,0.1007,0.101,520825.37
2026-06-20 19:00:00+00:00,0.101,0.1017,0.1009,0.1016,329791.02
2026-06-20 20:00:00+00:00,0.1016,0.102,0.1015,0.1019,363759.69
2026-06-20 21:00:00+00:00,0.102,0.1029,0.1019,0.1026,386117.66
2026-06-20 22:00:00+00:00,0.1026,0.1052,0.1022,0.1048,970487.32
2026-06-20 23:00:00+00:00,0.1049,0.1052,0.1035,0.1037,415862.39
2026-06-21 00:00:00+00:00,0.1037,0.104,0.1033,0.1034,273242.4
2026-06-21 01:00:00+00:00,0.1035,0.1039,0.103,0.1033,333282.96
2026-06-21 02:00:00+00:00,0.1033,0.1033,0.103,0.1033,171102.91
2026-06-21 03:00:00+00:00,0.1033,0.1045,0.1031,0.1042,193059.45
2026-06-21 04:00:00+00:00,0.1042,0.1044,0.1031,0.1032,222912.14
2026-06-21 05:00:00+00:00,0.1033,0.1037,0.103,0.1032,392691.22
2026-06-21 06:00:00+00:00,0.1031,0.1036,0.1027,0.1034,266201.14
2026-06-21 07:00:00+00:00,0.1034,0.1035,0.103,0.1032,117022.51
2026-06-21 08:00:00+00:00,0.1032,0.1033,0.102,0.1026,385065.25
2026-06-21 09:00:00+00:00,0.1026,0.1031,0.1022,0.1029,423181.86
2026-06-21 10:00:00+00:00,0.103,0.1035,0.1027,0.1027,528162.15
2026-06-21 11:00:00+00:00,0.1028,0.1037,0.1026,0.1027,632898.63
2026-06-21 12:00:00+00:00,0.1028,0.103,0.1022,0.1029,150275.81
2026-06-21 13:00:00+00:00,0.1029,0.104,0.1026,0.1036,603439.17
2026-06-21 14:00:00+00:00,0.1037,0.104,0.1028,0.103,441535.96
2026-06-21 15:00:00+00:00,0.1031,0.1037,0.103,0.1032,163304.28
2026-06-21 16:00:00+00:00,0.1032,0.1032,0.1015,0.1022,562709.89
2026-06-21 17:00:00+00:00,0.1022,0.1023,0.1015,0.1016,250764.41
2026-06-21 18:00:00+00:00,0.1016,0.1021,0.1009,0.102,216460.95
2026-06-21 19:00:00+00:00,0.102,0.1024,0.102,0.102,144715.24
2026-06-21 20:00:00+00:00,0.102,0.102,0.101,0.1012,213085.48
2026-06-21 21:00:00+00:00,0.1013,0.1013,0.0994,0.1007,864035.76
2026-06-21 22:00:00+00:00,0.1006,0.1012,0.1004,0.1009,423376.84
2026-06-21 23:00:00+00:00,0.1008,0.1008,0.0994,0.0998,539573.1
2026-06-22 00:00:00+00:00,0.0998,0.1015,0.0998,0.1015,728406.57
2026-06-22 01:00:00+00:00,0.1014,0.1031,0.1009,0.1023,1285343.48
2026-06-22 02:00:00+00:00,0.1023,0.1023,0.1013,0.1014,441164.38
2026-06-22 03:00:00+00:00,0.1013,0.1016,0.1005,0.1007,755111.62
2026-06-22 04:00:00+00:00,0.1007,0.101,0.1003,0.1009,364272.92
2026-06-22 05:00:00+00:00,0.101,0.1015,0.1008,0.1014,287271.71
2026-06-22 06:00:00+00:00,0.1014,0.1016,0.1011,0.1014,527758.29
2026-06-22 07:00:00+00:00,0.1014,0.1032,0.1014,0.1032,685682.29
2026-06-22 08:00:00+00:00,0.1031,0.1035,0.1028,0.1032,736711.9
2026-06-22 09:00:00+00:00,0.1031,0.1032,0.1019,0.1021,369805.36
2026-06-22 10:00:00+00:00,0.1021,0.1024,0.1018,0.1022,280295.53
2026-06-22 11:00:00+00:00,0.1023,0.1037,0.1021,0.1033,732268.07
2026-06-22 12:00:00+00:00,0.1033,0.1039,0.103,0.1035,810737.38
2026-06-22 13:00:00+00:00,0.1035,0.1047,0.103,0.1044,1948298.82
2026-06-22 14:00:00+00:00,0.1044,0.1044,0.1026,0.1041,1596500.19
2026-06-22 15:00:00+00:00,0.1041,0.1048,0.1021,0.1024,1505156.91
2026-06-22 16:00:00+00:00,0.1025,0.1028,0.1018,0.1025,813219.88
2026-06-22 17:00:00+00:00,0.1025,0.1029,0.102,0.1028,446734.41
2026-06-22 18:00:00+00:00,0.1028,0.1033,0.102,0.1021,844769.62
2026-06-22 19:00:00+00:00,0.102,0.1021,0.1012,0.1014,781522.49
2026-06-22 20:00:00+00:00,0.1016,0.1021,0.1013,0.1015,182358.2
2026-06-22 21:00:00+00:00,0.1015,0.1016,0.1005,0.101,126503.28
2026-06-22 22:00:00+00:00,0.1009,0.1012,0.0996,0.1001,687188.82
2026-06-22 23:00:00+00:00,0.1,0.1008,0.0999,0.1007,428849.33
2026-06-23 00:00:00+00:00,0.1007,0.1012,0.1,0.1012,226283.84
2026-06-23 01:00:00+00:00,0.1012,0.1017,0.1006,0.1014,428519.7
2026-06-23 02:00:00+00:00,0.1015,0.1016,0.1009,0.1009,788389.97
2026-06-23 03:00:00+00:00,0.1009,0.1011,0.1003,0.1011,605201.93
2026-06-23 04:00:00+00:00,0.1012,0.1015,0.1006,0.1007,403293.12
2026-06-23 05:00:00+00:00,0.1007,0.1011,0.1003,0.1006,460410.29
2026-06-23 06:00:00+00:00,0.1006,0.1007,0.0973,0.0985,2671556.6
2026-06-23 07:00:00+00:00,0.0985,0.099,0.0982,0.0983,437558.46
2026-06-23 08:00:00+00:00,0.0983,0.0984,0.0953,0.0964,2121876.9
2026-06-23 09:00:00+00:00,0.0965,0.0972,0.0964,0.0968,687093.65
2026-06-23 10:00:00+00:00,0.0969,0.0972,0.0966,0.0969,752320.5
2026-06-23 11:00:00+00:00,0.0969,0.0983,0.0968,0.0981,634163.17
2026-06-23 12:00:00+00:00,0.098,0.0983,0.0978,0.0982,651783.67
2026-06-23 13:00:00+00:00,0.0983,0.0998,0.0978,0.0996,1039482.26
2026-06-23 14:00:00+00:00,0.0998,0.101,0.0997,0.1002,1358792.57
2026-06-23 15:00:00+00:00,0.1002,0.1006,0.0992,0.1001,644896.18
2026-06-23 16:00:00+00:00,0.1001,0.1008,0.099,0.0993,899530.99
2026-06-23 17:00:00+00:00,0.0993,0.0998,0.0985,0.0987,459460.65
2026-06-23 18:00:00+00:00,0.0987,0.0988,0.098,0.0983,281622.15
2026-06-23 19:00:00+00:00,0.0981,0.0986,0.0977,0.0981,946538.52
2026-06-23 20:00:00+00:00,0.0981,0.0984,0.0981,0.0983,157082.9
2026-06-23 21:00:00+00:00,0.0984,0.0994,0.0983,0.0993,152054.59
2026-06-23 22:00:00+00:00,0.0993,0.1005,0.0991,0.1003,504114.31
2026-06-23 23:00:00+00:00,0.1004,0.1017,0.0999,0.1014,525674.27
2026-06-24 00:00:00+00:00,0.1013,0.103,0.1013,0.102,890789.28
2026-06-24 01:00:00+00:00,0.1021,0.1025,0.1015,0.1016,1183134.2
2026-06-24 02:00:00+00:00,0.1016,0.1019,0.1013,0.1013,959322.62
2026-06-24 03:00:00+00:00,0.1013,0.1017,0.1007,0.1008,557293.21
2026-06-24 04:00:00+00:00,0.1008,0.101,0.0996,0.1005,1675494.57
2026-06-24 05:00:00+00:00,0.1005,0.1032,0.1004,0.1016,2514948.58
2026-06-24 06:00:00+00:00,0.1015,0.1016,0.1011,0.1016,629718.64
2026-06-24 07:00:00+00:00,0.1016,0.1019,0.1012,0.1014,565540.83
2026-06-24 08:00:00+00:00,0.1014,0.1023,0.1011,0.1021,767391.37
2026-06-24 09:00:00+00:00,0.1021,0.1024,0.1016,0.1021,394283.21
2026-06-24 10:00:00+00:00,0.102,0.1024,0.1016,0.1021,386011.28
2026-06-24 11:00:00+00:00,0.1021,0.1026,0.1005,0.102,1631299.76
2026-06-24 12:00:00+00:00,0.102,0.1025,0.1014,0.1017,974343.29
2026-06-24 13:00:00+00:00,0.1017,0.1034,0.098,0.0996,5525154.31
2026-06-24 14:00:00+00:00,0.0996,0.1021,0.0993,0.1003,4722770.14
2026-06-24 15:00:00+00:00,0.1002,0.1006,0.098,0.0986,1429683.8
2026-06-24 16:00:00+00:00,0.0986,0.1006,0.0957,0.0965,5401210.28
2026-06-24 17:00:00+00:00,0.0965,0.0978,0.0947,0.0954,3527798.8
2026-06-24 18:00:00+00:00,0.0954,0.0987,0.0948,0.0986,1619188.64
2026-06-24 19:00:00+00:00,0.0987,0.1003,0.0982,0.0997,2655985.94
2026-06-24 20:00:00+00:00,0.0997,0.1031,0.0994,0.1026,2865807.59
2026-06-24 21:00:00+00:00,0.1026,0.1036,0.1021,0.1036,1177240.27
2026-06-24 22:00:00+00:00,0.1036,0.1044,0.1032,0.1035,1081894.67
2026-06-24 23:00:00+00:00,0.1036,0.1067,0.1036,0.1045,6120223.65
2026-06-25 00:00:00+00:00,0.1046,0.1071,0.1044,0.1052,2822231.69
2026-06-25 01:00:00+00:00,0.1052,0.1064,0.1052,0.1058,1525813.64
2026-06-25 02:00:00+00:00,0.1058,0.1065,0.105,0.1054,646579.33
2026-06-25 03:00:00+00:00,0.1055,0.1059,0.1051,0.1058,578868.29
2026-06-25 04:00:00+00:00,0.1059,0.1071,0.1052,0.1069,969932.11
2026-06-25 05:00:00+00:00,0.1069,0.1089,0.1069,0.1078,2177286.47
2026-06-25 06:00:00+00:00,0.1078,0.109,0.1078,0.109,1726746.05
2026-06-25 07:00:00+00:00,0.1091,0.1095,0.1083,0.1087,1274559.9
2026-06-25 08:00:00+00:00,0.1087,0.1091,0.108,0.1083,1106164.86
2026-06-25 09:00:00+00:00,0.1083,0.1084,0.1068,0.1069,1155894.44
2026-06-25 10:00:00+00:00,0.1068,0.107,0.1057,0.1057,983876.52
2026-06-25 11:00:00+00:00,0.1057,0.1059,0.1049,0.1053,1140288.81
2026-06-25 12:00:00+00:00,0.1054,0.1064,0.1044,0.1055,1873673.65
2026-06-25 13:00:00+00:00,0.1056,0.1075,0.0977,0.0984,7888382.78
2026-06-25 14:00:00+00:00,0.0984,0.1047,0.0984,0.1027,6424477.89
2026-06-25 15:00:00+00:00,0.1026,0.1033,0.101,0.103,2579073.38
2026-06-25 16:00:00+00:00,0.103,0.1056,0.1025,0.1027,3807531.72
2026-06-25 17:00:00+00:00,0.1027,0.1036,0.1023,0.103,1260459.47
2026-06-25 18:00:00+00:00,0.103,0.1042,0.1015,0.1016,3767293.2
2026-06-25 19:00:00+00:00,0.1017,0.1032,0.1002,0.1015,4316057.78
2026-06-25 20:00:00+00:00,0.1016,0.1026,0.1013,0.1014,1161014.2
2026-06-25 21:00:00+00:00,0.1014,0.1057,0.1012,0.1056,2601516.77
2026-06-25 22:00:00+00:00,0.1055,0.1064,0.1051,0.1056,1649174.61
2026-06-25 23:00:00+00:00,0.1056,0.1064,0.105,0.1056,1357241.49
2026-06-26 00:00:00+00:00,0.1056,0.107,0.1056,0.1063,1258059.84
2026-06-26 01:00:00+00:00,0.1063,0.1069,0.1035,0.1038,1601658.17
2026-06-26 02:00:00+00:00,0.1038,0.1043,0.1012,0.1019,3154105.8
2026-06-26 03:00:00+00:00,0.1019,0.1047,0.1011,0.1045,6036403.31
2026-06-26 04:00:00+00:00,0.1045,0.1053,0.1029,0.1034,1626086.27
2026-06-26 05:00:00+00:00,0.1033,0.1048,0.1028,0.104,1636550.47
2026-06-26 06:00:00+00:00,0.1039,0.108,0.1034,0.1068,3438022.19
2026-06-26 07:00:00+00:00,0.1068,0.1085,0.1065,0.1079,2062887.6
2026-06-26 08:00:00+00:00,0.1078,0.1081,0.1062,0.1065,1277040.24
2026-06-26 09:00:00+00:00,0.1066,0.1069,0.1042,0.1048,1661326.93
2026-06-26 10:00:00+00:00,0.1049,0.1052,0.1043,0.1043,836584.8
2026-06-26 11:00:00+00:00,0.1043,0.1047,0.1025,0.1026,1313892.4
2026-06-26 12:00:00+00:00,0.1027,0.1037,0.1014,0.1021,1633860.26
2026-06-26 13:00:00+00:00,0.1021,0.1058,0.1015,0.1054,3302456.67
2026-06-26 14:00:00+00:00,0.1054,0.1068,0.1048,0.1061,2048353.23
2026-06-26 15:00:00+00:00,0.1061,0.1068,0.1047,0.1058,2092379.3
2026-06-26 16:00:00+00:00,0.1059,0.1068,0.105,0.1059,1946311.18
2026-06-26 17:00:00+00:00,0.1058,0.1062,0.1051,0.1056,1462737.92
2026-06-26 18:00:00+00:00,0.1056,0.107,0.1053,0.1063,2492152.91
2026-06-26 19:00:00+00:00,0.1063,0.1077,0.1054,0.1055,1877745.87
2026-06-26 20:00:00+00:00,0.1055,0.1072,0.1051,0.1058,1938004.89
2026-06-26 21:00:00+00:00,0.1059,0.1065,0.1051,0.1056,812302.3
2026-06-26 22:00:00+00:00,0.1055,0.1062,0.1052,0.1061,1783910.38
2026-06-26 23:00:00+00:00,0.106,0.1065,0.1057,0.1057,381570.92
2026-06-27 00:00:00+00:00,0.1058,0.106,0.1044,0.1046,870179.1
2026-06-27 01:00:00+00:00,0.1045,0.1056,0.1042,0.1049,585059.03
2026-06-27 02:00:00+00:00,0.105,0.1058,0.1047,0.1058,397881.66
2026-06-27 03:00:00+00:00,0.1057,0.1061,0.1054,0.1056,731616.1
2026-06-27 04:00:00+00:00,0.1055,0.106,0.1049,0.1049,674105.83
2026-06-27 05:00:00+00:00,0.1049,0.1051,0.1046,0.1048,351941.12
2026-06-27 06:00:00+00:00,0.1049,0.1052,0.1044,0.1049,766208.79
2026-06-27 07:00:00+00:00,0.1049,0.1055,0.1046,0.1054,444224.4
2026-06-27 08:00:00+00:00,0.1054,0.1054,0.1047,0.1048,281045.6
2026-06-27 09:00:00+00:00,0.1048,0.105,0.1042,0.1046,450655.57
2026-06-27 10:00:00+00:00,0.1046,0.1046,0.1036,0.1037,450504.6
2026-06-27 11:00:00+00:00,0.1037,0.104,0.1029,0.1039,913274.73
2026-06-27 12:00:00+00:00,0.1039,0.1042,0.1034,0.1039,617856.5
2026-06-27 13:00:00+00:00,0.1039,0.1039,0.1034,0.1035,575561.08
2026-06-27 14:00:00+00:00,0.1034,0.1038,0.1029,0.103,684636.21
2026-06-27 15:00:00+00:00,0.103,0.1038,0.1026,0.1035,583349.89
2026-06-27 16:00:00+00:00,0.1035,0.1037,0.103,0.1032,1039818.8
2026-06-27 17:00:00+00:00,0.1031,0.1031,0.1016,0.1017,1145955.72
2026-06-27 18:00:00+00:00,0.1017,0.1018,0.1013,0.1014,492739.51
2026-06-27 19:00:00+00:00,0.1014,0.1014,0.0996,0.1001,1117260.26
2026-06-27 20:00:00+00:00,0.1,0.1006,0.0998,0.1006,589414.49
2026-06-27 21:00:00+00:00,0.1007,0.1008,0.1001,0.1005,1012508.32
2026-06-27 22:00:00+00:00,0.1004,0.1008,0.1,0.1008,495919.35
2026-06-27 23:00:00+00:00,0.1007,0.1011,0.1003,0.1008,690789.24
2026-06-28 00:00:00+00:00,0.1009,0.1015,0.1005,0.101,529518.34
2026-06-28 01:00:00+00:00,0.101,0.102,0.1009,0.1018,345891.43
2026-06-28 02:00:00+00:00,0.1017,0.102,0.1013,0.1015,235398.5
2026-06-28 03:00:00+00:00,0.1016,0.102,0.1013,0.1019,477171.09
2026-06-28 04:00:00+00:00,0.102,0.1022,0.1016,0.1017,397314.41
2026-06-28 05:00:00+00:00,0.1016,0.1016,0.1009,0.1014,779849.12
2026-06-28 06:00:00+00:00,0.1014,0.1014,0.1008,0.101,618068.07
2026-06-28 07:00:00+00:00,0.1009,0.1016,0.1009,0.1013,219594.91
2026-06-28 08:00:00+00:00,0.1012,0.1013,0.1004,0.1009,639960.21
2026-06-28 09:00:00+00:00,0.1009,0.1009,0.0993,0.0995,673083.27
2026-06-28 10:00:00+00:00,0.0995,0.1004,0.0995,0.1,323551.08
2026-06-28 11:00:00+00:00,0.1,0.1006,0.0999,0.1006,480627.46
2026-06-28 12:00:00+00:00,0.1007,0.1011,0.1003,0.101,343494.55
2026-06-28 13:00:00+00:00,0.1009,0.1012,0.1003,0.1003,320410.65
2026-06-28 14:00:00+00:00,0.1003,0.1017,0.1003,0.1016,440710.42
2026-06-28 15:00:00+00:00,0.1016,0.1023,0.101,0.1015,1096037.51
2026-06-28 16:00:00+00:00,0.1016,0.1016,0.1,0.1004,1074413.32
2026-06-28 17:00:00+00:00,0.1004,0.1006,0.0998,0.1005,444912.81
2026-06-28 18:00:00+00:00,0.1005,0.1015,0.1003,0.1009,794365.49
2026-06-28 19:00:00+00:00,0.1009,0.1009,0.0999,0.1004,435334.2
2026-06-28 20:00:00+00:00,0.1004,0.1013,0.1003,0.1006,365766.08
2026-06-28 21:00:00+00:00,0.1005,0.1006,0.0987,0.0992,836775.69
2026-06-28 22:00:00+00:00,0.0993,0.1006,0.0988,0.0994,1361093.5
2026-06-28 23:00:00+00:00,0.0993,0.1005,0.0991,0.1,616440.7
2026-06-29 00:00:00+00:00,0.1,0.1003,0.0988,0.1001,847415.74
2026-06-29 01:00:00+00:00,0.1001,0.1002,0.0993,0.0997,367584.73
2026-06-29 02:00:00+00:00,0.0996,0.101,0.0988,0.1008,744815.14
2026-06-29 03:00:00+00:00,0.1009,0.1029,0.1008,0.1028,885961.05
2026-06-29 04:00:00+00:00,0.1028,0.103,0.1015,0.1017,659031.92
2026-06-29 05:00:00+00:00,0.1017,0.1017,0.1007,0.1014,618201.76
2026-06-29 06:00:00+00:00,0.1014,0.1023,0.1013,0.1016,602401.63
2026-06-29 07:00:00+00:00,0.1015,0.1028,0.1013,0.1021,606467.66
2026-06-29 08:00:00+00:00,0.1021,0.1022,0.1015,0.1016,635311.54
2026-06-29 09:00:00+00:00,0.1016,0.102,0.1014,0.1019,274998.28
2026-06-29 10:00:00+00:00,0.102,0.1026,0.1014,0.1015,752205.63
2026-06-29 11:00:00+00:00,0.1016,0.1017,0.1008,0.1009,595397.2
2026-06-29 12:00:00+00:00,0.101,0.1029,0.1003,0.1008,1596932.13
2026-06-29 13:00:00+00:00,0.1008,0.1019,0.0998,0.1005,1716406.55
2026-06-29 14:00:00+00:00,0.1005,0.1008,0.0994,0.1008,1267752.51
2026-06-29 15:00:00+00:00,0.1008,0.1023,0.0998,0.1019,1131194.89
2026-06-29 16:00:00+00:00,0.1019,0.1029,0.1016,0.1025,1206419.62
2026-06-29 17:00:00+00:00,0.1025,0.1044,0.1024,0.1035,1501663.5
2026-06-29 18:00:00+00:00,0.1035,0.1037,0.1024,0.1024,481659.29
2026-06-29 19:00:00+00:00,0.1024,0.1036,0.1021,0.1023,1589139.09
2026-06-29 20:00:00+00:00,0.1022,0.1023,0.1018,0.1018,475785.59
2026-06-29 21:00:00+00:00,0.1018,0.102,0.1013,0.1013,1101521.47
2026-06-29 22:00:00+00:00,0.1014,0.1015,0.1006,0.1007,602546.49
2026-06-29 23:00:00+00:00,0.1007,0.1008,0.1002,0.1004,378793.68
2026-06-30 00:00:00+00:00,0.1004,0.1005,0.0992,0.0998,591950.14
2026-06-30 01:00:00+00:00,0.0997,0.0997,0.0991,0.0992,499489.52
2026-06-30 02:00:00+00:00,0.0991,0.0991,0.0984,0.0988,542809.7
2026-06-30 03:00:00+00:00,0.0988,0.0991,0.0984,0.0986,909513.66
2026-06-30 04:00:00+00:00,0.0985,0.0989,0.0983,0.0987,316196.85
2026-06-30 05:00:00+00:00,0.0987,0.099,0.0984,0.0989,361272.93
2026-06-30 06:00:00+00:00,0.0989,0.0998,0.0987,0.0993,644514.34
2026-06-30 07:00:00+00:00,0.0992,0.0994,0.0984,0.0988,366579.55
2026-06-30 08:00:00+00:00,0.0988,0.0988,0.0964,0.0969,1128748.32
2026-06-30 09:00:00+00:00,0.0969,0.0969,0.0965,0.0967,478296.33
2026-06-30 10:00:00+00:00,0.0968,0.097,0.0965,0.0966,738173.84
2026-06-30 11:00:00+00:00,0.0965,0.0966,0.0958,0.0962,637264.8
2026-06-30 12:00:00+00:00,0.0962,0.0962,0.0952,0.0953,718223.64
2026-06-30 13:00:00+00:00,0.0953,0.097,0.0953,0.0967,1031976.3
2026-06-30 14:00:00+00:00,0.0967,0.0975,0.0949,0.0952,1429180.23
2026-06-30 15:00:00+00:00,0.0952,0.0957,0.0949,0.095,1245909.67
2026-06-30 16:00:00+00:00,0.095,0.0959,0.0942,0.0948,1723711.96
2026-06-30 17:00:00+00:00,0.0948,0.0953,0.0947,0.0951,713123.68
2026-06-30 18:00:00+00:00,0.0952,0.0964,0.0951,0.0964,662232.85
2026-06-30 19:00:00+00:00,0.0964,0.097,0.096,0.0969,256651.74
2026-06-30 20:00:00+00:00,0.0969,0.097,0.0956,0.0957,227959.58
2026-06-30 21:00:00+00:00,0.0957,0.0958,0.0952,0.0958,274060.49
2026-06-30 22:00:00+00:00,0.0959,0.096,0.0954,0.0956,142125.15
2026-06-30 23:00:00+00:00,0.0955,0.0965,0.0954,0.0965,367167.57
2026-07-01 00:00:00+00:00,0.0966,0.0967,0.0958,0.0966,603295.48
2026-07-01 01:00:00+00:00,0.0965,0.097,0.0944,0.0962,1209459.59
2026-07-01 02:00:00+00:00,0.0962,0.097,0.0959,0.0965,595466.49
2026-07-01 03:00:00+00:00,0.0965,0.0967,0.0959,0.0962,605287.73
2026-07-01 04:00:00+00:00,0.0962,0.0972,0.0956,0.0971,1140565.46
2026-07-01 05:00:00+00:00,0.097,0.0971,0.0963,0.0965,231271.47
2026-07-01 06:00:00+00:00,0.0964,0.0965,0.0938,0.0944,1574094.51
2026-07-01 07:00:00+00:00,0.0943,0.0944,0.0934,0.0937,1187277.57
2026-07-01 08:00:00+00:00,0.0937,0.0939,0.0929,0.0939,1556253.69
2026-07-01 09:00:00+00:00,0.0939,0.0945,0.0937,0.0944,864248.69
2026-07-01 10:00:00+00:00,0.0943,0.0946,0.0936,0.0942,518336.83
2026-07-01 11:00:00+00:00,0.0943,0.095,0.0942,0.0948,628166.9
2026-07-01 12:00:00+00:00,0.0949,0.0951,0.0941,0.0942,626462.55
2026-07-01 13:00:00+00:00,0.0943,0.0964,0.094,0.0964,2509504.54
2026-07-01 14:00:00+00:00,0.0963,0.0976,0.0954,0.0958,1673919.06
2026-07-01 15:00:00+00:00,0.0958,0.0972,0.0958,0.0962,1056861.3
2026-07-01 16:00:00+00:00,0.0962,0.0967,0.0951,0.0951,670144.6
2026-07-01 17:00:00+00:00,0.0951,0.0952,0.0945,0.0951,712675.1
2026-07-01 18:00:00+00:00,0.095,0.0953,0.0937,0.094,872974.04
2026-07-01 19:00:00+00:00,0.094,0.0949,0.0939,0.0947,1187692.8
2026-07-01 20:00:00+00:00,0.0947,0.0957,0.0942,0.0956,472940.96
2026-07-01 21:00:00+00:00,0.0957,0.0969,0.0954,0.0967,1100252.21
2026-07-01 22:00:00+00:00,0.0966,0.0972,0.0954,0.0955,1287621.36
2026-07-01 23:00:00+00:00,0.0954,0.0954,0.0946,0.0946,557993.99
2026-07-02 00:00:00+00:00,0.0946,0.0951,0.0941,0.0951,454277.32
2026-07-02 01:00:00+00:00,0.0952,0.097,0.0951,0.0966,370890.75
2026-07-02 02:00:00+00:00,0.0967,0.0971,0.0962,0.0968,507680.36
2026-07-02 03:00:00+00:00,0.0968,0.0974,0.0962,0.0973,835610.14
2026-07-02 04:00:00+00:00,0.0973,0.0973,0.0964,0.0971,894804.61
2026-07-02 05:00:00+00:00,0.0972,0.0973,0.0963,0.0966,409215.35
2026-07-02 06:00:00+00:00,0.0967,0.0973,0.0961,0.097,402259.8
2026-07-02 07:00:00+00:00,0.0969,0.0978,0.0966,0.0975,514607.46
2026-07-02 08:00:00+00:00,0.0976,0.0986,0.0969,0.0984,1556807.54
2026-07-02 09:00:00+00:00,0.0983,0.099,0.0973,0.0988,1383687.78
2026-07-02 10:00:00+00:00,0.0988,0.0992,0.0986,0.0986,668176.88
2026-07-02 11:00:00+00:00,0.0986,0.0991,0.0983,0.0989,962931.04
2026-07-02 12:00:00+00:00,0.0989,0.1006,0.0988,0.0999,2127935.05
2026-07-02 13:00:00+00:00,0.1,0.101,0.0995,0.101,2000852.5
2026-07-02 14:00:00+00:00,0.1009,0.101,0.0988,0.0995,1133890.7
2026-07-02 15:00:00+00:00,0.0995,0.0997,0.0986,0.0989,483202.04
2026-07-02 16:00:00+00:00,0.0988,0.0994,0.0982,0.0989,717564.35
2026-07-02 17:00:00+00:00,0.0989,0.0996,0.0985,0.099,513981.83
2026-07-02 18:00:00+00:00,0.099,0.0994,0.0987,0.0987,348651.52
2026-07-02 19:00:00+00:00,0.0988,0.0993,0.0985,0.0986,578835.65
2026-07-02 20:00:00+00:00,0.0986,0.0987,0.098,0.0986,286082.12
2026-07-02 21:00:00+00:00,0.0985,0.0985,0.0978,0.0983,352522.06
2026-07-02 22:00:00+00:00,0.0983,0.0983,0.0976,0.098,327177.13
2026-07-02 23:00:00+00:00,0.098,0.0992,0.098,0.0987,1150432.08
2026-07-03 00:00:00+00:00,0.0988,0.0993,0.0988,0.0991,412463.5
2026-07-03 01:00:00+00:00,0.0992,0.1016,0.0991,0.1011,1208114.09
2026-07-03 02:00:00+00:00,0.1012,0.1017,0.1003,0.1011,461362.21
2026-07-03 03:00:00+00:00,0.101,0.1011,0.1004,0.1011,282902.21
2026-07-03 04:00:00+00:00,0.1012,0.1015,0.1002,0.1005,835195.5
2026-07-03 05:00:00+00:00,0.1005,0.1014,0.1003,0.1008,360650.24
2026-07-03 06:00:00+00:00,0.1008,0.1016,0.1008,0.1011,702694.24
2026-07-03 07:00:00+00:00,0.1012,0.1016,0.1006,0.1012,1429641.19
2026-07-03 08:00:00+00:00,0.1012,0.1018,0.1009,0.1014,569058.3
2026-07-03 09:00:00+00:00,0.1015,0.1023,0.1015,0.1019,626591.8
2026-07-03 10:00:00+00:00,0.1018,0.1035,0.1018,0.1033,905672.93
2026-07-03 11:00:00+00:00,0.1033,0.1041,0.1029,0.1041,949146.1
2026-07-03 12:00:00+00:00,0.1041,0.1056,0.104,0.1044,1541796.55
2026-07-03 13:00:00+00:00,0.1044,0.1055,0.1042,0.1052,1152896.45
2026-07-03 14:00:00+00:00,0.1052,0.1056,0.1046,0.1054,1257962.47
2026-07-03 15:00:00+00:00,0.1054,0.1061,0.1049,0.1052,752628.77
2026-07-03 16:00:00+00:00,0.1052,0.1072,0.1048,0.1063,1754082.51
2026-07-03 17:00:00+00:00,0.1063,0.1071,0.1061,0.1069,614819.95
2026-07-03 18:00:00+00:00,0.1069,0.1069,0.1058,0.1064,956303.13
2026-07-03 19:00:00+00:00,0.1064,0.1079,0.1064,0.1077,686903.35
2026-07-03 20:00:00+00:00,0.1076,0.1086,0.1076,0.1081,1930412.26
2026-07-03 21:00:00+00:00,0.1082,0.1085,0.1066,0.1072,1360771.02
2026-07-03 22:00:00+00:00,0.1072,0.1075,0.1064,0.1067,307258.31
2026-07-03 23:00:00+00:00,0.1067,0.1075,0.1066,0.1071,323761.23
2026-07-04 00:00:00+00:00,0.107,0.1076,0.1067,0.107,298881.17
2026-07-04 01:00:00+00:00,0.107,0.107,0.106,0.1067,895220.81
2026-07-04 02:00:00+00:00,0.1068,0.1074,0.1067,0.107,320280.39
2026-07-04 03:00:00+00:00,0.1071,0.1071,0.1065,0.107,181860.22
2026-07-04 04:00:00+00:00,0.107,0.1076,0.107,0.1074,299883.04
2026-07-04 05:00:00+00:00,0.1073,0.1099,0.107,0.1077,2145843.7
2026-07-04 06:00:00+00:00,0.1078,0.109,0.1077,0.1079,767751.2
2026-07-04 07:00:00+00:00,0.1078,0.1078,0.1065,0.1069,626432.38
2026-07-04 08:00:00+00:00,0.1068,0.1077,0.1065,0.1075,466770.76
2026-07-04 09:00:00+00:00,0.1075,0.1075,0.1065,0.1067,466996.61
2026-07-04 10:00:00+00:00,0.1066,0.1076,0.1064,0.1075,540214.82
2026-07-04 11:00:00+00:00,0.1074,0.1085,0.1069,0.108,1533848.67
2026-07-04 12:00:00+00:00,0.108,0.1084,0.1076,0.108,229512.34
2026-07-04 13:00:00+00:00,0.108,0.108,0.1069,0.1075,506800.47
2026-07-04 14:00:00+00:00,0.1076,0.1079,0.1073,0.1075,440686.34
2026-07-04 15:00:00+00:00,0.1075,0.1087,0.1074,0.1085,878433.01
2026-07-04 16:00:00+00:00,0.1084,0.1089,0.1083,0.1084,673504.31
2026-07-04 17:00:00+00:00,0.1084,0.1097,0.108,0.1094,740030.55
2026-07-04 18:00:00+00:00,0.1095,0.1096,0.1084,0.1088,294107.8
2026-07-04 19:00:00+00:00,0.1088,0.1114,0.1083,0.1096,1413365.68
2026-07-04 20:00:00+00:00,0.1096,0.1098,0.1084,0.109,715206.54
2026-07-04 21:00:00+00:00,0.1091,0.1097,0.1084,0.1086,918447.95
2026-07-04 22:00:00+00:00,0.1086,0.1087,0.1073,0.1079,1497207.51
2026-07-04 23:00:00+00:00,0.1079,0.108,0.1072,0.1076,257416.27
2026-07-05 00:00:00+00:00,0.1076,0.1077,0.1067,0.1073,532892.85
2026-07-05 01:00:00+00:00,0.1074,0.1077,0.1067,0.1074,430327.46
2026-07-05 02:00:00+00:00,0.1074,0.1078,0.1068,0.1073,451958.86
2026-07-05 03:00:00+00:00,0.1073,0.1078,0.1069,0.1071,380007.05
2026-07-05 04:00:00+00:00,0.1071,0.1078,0.1071,0.1072,145823.36
2026-07-05 05:00:00+00:00,0.1072,0.1074,0.1063,0.1065,337971.18
2026-07-05 06:00:00+00:00,0.1065,0.1067,0.1062,0.1065,286051.93
2026-07-05 07:00:00+00:00,0.1065,0.107,0.1063,0.1069,574531.7
2026-07-05 08:00:00+00:00,0.1068,0.1068,0.1063,0.1064,560035.75
2026-07-05 09:00:00+00:00,0.1064,0.1067,0.105,0.1055,1002703.53
2026-07-05 10:00:00+00:00,0.1054,0.1062,0.1049,0.1059,968624.9
2026-07-05 11:00:00+00:00,0.1059,0.1059,0.1056,0.1058,168966.38
2026-07-05 12:00:00+00:00,0.1057,0.1068,0.1055,0.1066,746699.42
2026-07-05 13:00:00+00:00,0.1066,0.1072,0.1064,0.1068,572500.76
2026-07-05 14:00:00+00:00,0.1068,0.1068,0.1059,0.106,315687.23
2026-07-05 15:00:00+00:00,0.1061,0.1072,0.106,0.1067,914653.36
2026-07-05 16:00:00+00:00,0.1067,0.1079,0.1064,0.1078,1171336.76
2026-07-05 17:00:00+00:00,0.1078,0.1094,0.1077,0.1089,1244414.93
2026-07-05 18:00:00+00:00,0.109,0.1096,0.1084,0.1089,731522.5
2026-07-05 19:00:00+00:00,0.1089,0.1092,0.1079,0.108,687723.95
2026-07-05 20:00:00+00:00,0.108,0.1085,0.108,0.1084,301107.56
2026-07-05 21:00:00+00:00,0.1083,0.109,0.1077,0.1086,737145.36
2026-07-05 22:00:00+00:00,0.1086,0.1093,0.1081,0.1086,756514.24
2026-07-05 23:00:00+00:00,0.1087,0.1088,0.1083,0.1085,395410.43
2026-07-06 00:00:00+00:00,0.1086,0.1089,0.1078,0.1085,340160.6
2026-07-06 01:00:00+00:00,0.1085,0.1087,0.1079,0.108,383040.65
2026-07-06 02:00:00+00:00,0.1081,0.1085,0.1077,0.1084,309232.94
2026-07-06 03:00:00+00:00,0.1084,0.1086,0.1072,0.1076,1118042.98
2026-07-06 04:00:00+00:00,0.1077,0.1079,0.1073,0.1073,220040.9
2026-07-06 05:00:00+00:00,0.1073,0.1074,0.1061,0.1067,676104.7
2026-07-06 06:00:00+00:00,0.1067,0.1075,0.1064,0.1073,447638.28
2026-07-06 07:00:00+00:00,0.1073,0.1075,0.1069,0.1072,123612.74
2026-07-06 08:00:00+00:00,0.1072,0.1078,0.1068,0.107,333409.71
2026-07-06 09:00:00+00:00,0.107,0.107,0.1059,0.1062,319988.58
2026-07-06 10:00:00+00:00,0.1061,0.1067,0.1061,0.1065,279761.45
2026-07-06 11:00:00+00:00,0.1065,0.1069,0.1056,0.1056,264110.62
2026-07-06 12:00:00+00:00,0.1056,0.1056,0.1032,0.1046,3194491.89
2026-07-06 13:00:00+00:00,0.1046,0.1055,0.1036,0.105,863822.28
2026-07-06 14:00:00+00:00,0.105,0.1064,0.1049,0.1056,765886.59
2026-07-06 15:00:00+00:00,0.1056,0.1077,0.1056,0.1076,1190248.74
2026-07-06 16:00:00+00:00,0.1075,0.1083,0.107,0.1074,760344.21
2026-07-06 17:00:00+00:00,0.1075,0.108,0.1069,0.1069,638960.49
2026-07-06 18:00:00+00:00,0.1069,0.1078,0.1068,0.1074,496085.93
2026-07-06 19:00:00+00:00,0.1073,0.108,0.1072,0.1078,260046.6
2026-07-06 20:00:00+00:00,0.1077,0.1078,0.1073,0.1074,117719.6
2026-07-06 21:00:00+00:00,0.1074,0.1095,0.1073,0.1088,1206768.94
2026-07-06 22:00:00+00:00,0.1088,0.1088,0.1081,0.1081,281808.61
2026-07-06 23:00:00+00:00,0.1082,0.1084,0.1072,0.1073,753791.43
2026-07-07 00:00:00+00:00,0.1073,0.1079,0.107,0.1074,310566.96
2026-07-07 01:00:00+00:00,0.1073,0.1073,0.1062,0.1066,780995.51
2026-07-07 02:00:00+00:00,0.1065,0.1067,0.1058,0.1059,373385.82
2026-07-07 03:00:00+00:00,0.1059,0.106,0.1052,0.1054,495514.76
2026-07-07 04:00:00+00:00,0.1055,0.1057,0.1049,0.1057,463697.58
2026-07-07 05:00:00+00:00,0.1057,0.1064,0.1048,0.1061,706512.39
2026-07-07 06:00:00+00:00,0.1062,0.1062,0.1056,0.1058,1493871.78
2026-07-07 07:00:00+00:00,0.1058,0.1061,0.1047,0.1047,584661.4
2026-07-07 08:00:00+00:00,0.1047,0.1051,0.1044,0.1046,584041.79
2026-07-07 09:00:00+00:00,0.1045,0.105,0.1044,0.1049,218583.04
2026-07-07 10:00:00+00:00,0.1048,0.1053,0.1046,0.1049,272581.14
2026-07-07 11:00:00+00:00,0.1049,0.1053,0.1044,0.1053,284183.25
2026-07-07 12:00:00+00:00,0.1053,0.1061,0.1047,0.1048,338996.53
2026-07-07 13:00:00+00:00,0.1047,0.1048,0.1034,0.1035,683134.16
2026-07-07 14:00:00+00:00,0.1035,0.1043,0.1023,0.1042,1433243.55
2026-07-07 15:00:00+00:00,0.1042,0.1047,0.1039,0.1045,705671.67
2026-07-07 16:00:00+00:00,0.1045,0.1049,0.1041,0.1045,984188.39
2026-07-07 17:00:00+00:00,0.1044,0.1046,0.104,0.1043,456867.02
2026-07-07 18:00:00+00:00,0.1043,0.1043,0.103,0.1031,755373.95
2026-07-07 19:00:00+00:00,0.1031,0.1033,0.1023,0.1031,713277.31
2026-07-07 20:00:00+00:00,0.1032,0.1033,0.1025,0.1027,108709.41
2026-07-07 21:00:00+00:00,0.1028,0.1031,0.1018,0.1022,424245.82
2026-07-07 22:00:00+00:00,0.1022,0.1023,0.1015,0.1022,331392.52
2026-07-07 23:00:00+00:00,0.1022,0.1025,0.1019,0.1021,232979.15
2026-07-08 00:00:00+00:00,0.1022,0.1031,0.1019,0.1031,537892.98
2026-07-08 01:00:00+00:00,0.1031,0.1032,0.1008,0.1012,1012235.16
2026-07-08 02:00:00+00:00,0.1011,0.1011,0.0985,0.0997,1796713.58
2026-07-08 03:00:00+00:00,0.0996,0.1005,0.0996,0.0998,444858.13
2026-07-08 04:00:00+00:00,0.0998,0.1003,0.0995,0.0998,512113.65
2026-07-08 05:00:00+00:00,0.0999,0.1003,0.0994,0.0997,331283.57
2026-07-08 06:00:00+00:00,0.0997,0.0997,0.0986,0.0988,1238008.74
2026-07-08 07:00:00+00:00,0.0987,0.0992,0.0982,0.099,999486.22
2026-07-08 08:00:00+00:00,0.099,0.1001,0.0967,0.0974,6608882.63
2026-07-08 09:00:00+00:00,0.0975,0.0976,0.0967,0.097,1919740.5
2026-07-08 10:00:00+00:00,0.097,0.0978,0.0966,0.0976,879956.02
2026-07-08 11:00:00+00:00,0.0976,0.0992,0.0974,0.0988,4872270.08
2026-07-08 12:00:00+00:00,0.0988,0.0994,0.0985,0.0986,1400839.04
2026-07-08 13:00:00+00:00,0.0985,0.0986,0.0974,0.0984,2593226.18
2026-07-08 14:00:00+00:00,0.0984,0.0987,0.0972,0.0979,1344860.22
2026-07-08 15:00:00+00:00,0.0979,0.098,0.0971,0.0978,501029.72
2026-07-08 16:00:00+00:00,0.0979,0.0988,0.0975,0.0986,705050.62
2026-07-08 17:00:00+00:00,0.0986,0.0991,0.0985,0.0987,575178.41
2026-07-08 18:00:00+00:00,0.0988,0.0994,0.0988,0.0993,358310.77
2026-07-08 19:00:00+00:00,0.0993,0.0995,0.0991,0.0995,172208.47
2026-07-08 20:00:00+00:00,0.0995,0.0995,0.0988,0.0989,222118.84
2026-07-08 21:00:00+00:00,0.0989,0.0991,0.0982,0.0987,256504.41
2026-07-08 22:00:00+00:00,0.0987,0.0994,0.0986,0.0989,771723.88
2026-07-08 23:00:00+00:00,0.0989,0.1001,0.0986,0.0997,3281411.8
2026-07-09 00:00:00+00:00,0.0997,0.1006,0.0991,0.0994,2267741.26
2026-07-09 01:00:00+00:00,0.0994,0.1015,0.0992,0.1001,4299871.18
2026-07-09 02:00:00+00:00,0.1001,0.1012,0.1,0.1011,934039.06
2026-07-09 03:00:00+00:00,0.101,0.1012,0.1003,0.1009,521217.12
2026-07-09 04:00:00+00:00,0.101,0.1041,0.1006,0.1032,4943516.85
2026-07-09 05:00:00+00:00,0.1032,0.1033,0.1006,0.1021,2479108.18
2026-07-09 06:00:00+00:00,0.102,0.1051,0.102,0.1051,1666807.24
2026-07-09 07:00:00+00:00,0.105,0.1051,0.1033,0.1034,1508652.87
2026-07-09 08:00:00+00:00,0.1035,0.1055,0.1032,0.1054,1527858.62
2026-07-09 09:00:00+00:00,0.1053,0.1055,0.1043,0.1047,1442972.17
2026-07-09 10:00:00+00:00,0.1047,0.105,0.1035,0.1038,571603.55
2026-07-09 11:00:00+00:00,0.1039,0.1051,0.1034,0.1038,1972044.24
2026-07-09 12:00:00+00:00,0.1037,0.1039,0.1025,0.1027,1074269.92
2026-07-09 13:00:00+00:00,0.1026,0.1028,0.1018,0.1028,723398.93
2026-07-09 14:00:00+00:00,0.1028,0.1032,0.1023,0.103,583005.01
2026-07-09 15:00:00+00:00,0.1029,0.1037,0.1026,0.1032,982715.29
2026-07-09 16:00:00+00:00,0.1032,0.1039,0.1026,0.1029,608486.83
2026-07-09 17:00:00+00:00,0.1029,0.104,0.1028,0.1038,1017002.11
2026-07-09 18:00:00+00:00,0.1039,0.1045,0.1035,0.1035,1080675.34
2026-07-09 19:00:00+00:00,0.1035,0.1035,0.1025,0.1026,593235.6
2026-07-09 20:00:00+00:00,0.1026,0.1031,0.1023,0.1029,1418134.23
2026-07-09 21:00:00+00:00,0.103,0.103,0.1026,0.1029,306794.16
2026-07-09 22:00:00+00:00,0.1028,0.1029,0.1025,0.1027,433146.03
2026-07-09 23:00:00+00:00,0.1026,0.103,0.1019,0.1021,557452.0
2026-07-10 00:00:00+00:00,0.1021,0.1022,0.1015,0.102,563057.11
2026-07-10 01:00:00+00:00,0.102,0.1045,0.1016,0.104,1321531.86
2026-07-10 02:00:00+00:00,0.1041,0.1054,0.1038,0.1052,1155757.11
2026-07-10 03:00:00+00:00,0.1052,0.1065,0.1052,0.1056,1628755.3
2026-07-10 04:00:00+00:00,0.1056,0.1061,0.105,0.1056,798284.26
2026-07-10 05:00:00+00:00,0.1056,0.1067,0.105,0.1063,791972.13
2026-07-10 06:00:00+00:00,0.1063,0.1064,0.1048,0.1051,1647369.71
2026-07-10 07:00:00+00:00,0.1051,0.1057,0.1048,0.1055,532504.71
2026-07-10 08:00:00+00:00,0.1056,0.1075,0.1056,0.1071,1240159.47
2026-07-10 09:00:00+00:00,0.107,0.1083,0.1064,0.108,2571285.57
2026-07-10 10:00:00+00:00,0.1081,0.1081,0.1071,0.1079,1087224.99
2026-07-10 11:00:00+00:00,0.108,0.1085,0.1076,0.1079,785391.13
2026-07-10 12:00:00+00:00,0.108,0.1082,0.1064,0.1065,1236539.27
2026-07-10 13:00:00+00:00,0.1065,0.1067,0.1054,0.1058,1671260.61
2026-07-10 14:00:00+00:00,0.1058,0.106,0.1039,0.1048,2568977.86
2026-07-10 15:00:00+00:00,0.1047,0.105,0.1044,0.105,870617.1
2026-07-10 16:00:00+00:00,0.105,0.1052,0.1045,0.1051,748621.7
2026-07-10 17:00:00+00:00,0.105,0.1052,0.1043,0.1043,572460.85
2026-07-10 18:00:00+00:00,0.1043,0.1046,0.1038,0.104,606694.98
2026-07-10 19:00:00+00:00,0.104,0.1047,0.104,0.1043,428956.22
2026-07-10 20:00:00+00:00,0.1043,0.1044,0.1038,0.1038,457693.52
2026-07-10 21:00:00+00:00,0.1038,0.1046,0.1038,0.1041,307524.62
2026-07-10 22:00:00+00:00,0.1041,0.1043,0.1036,0.104,688849.53
2026-07-10 23:00:00+00:00,0.104,0.104,0.1029,0.1035,1821726.6
2026-07-11 00:00:00+00:00,0.1034,0.1042,0.1032,0.1039,663969.44
2026-07-11 01:00:00+00:00,0.1039,0.1051,0.1037,0.1049,891291.91
2026-07-11 02:00:00+00:00,0.1049,0.1051,0.1043,0.1048,245134.28
2026-07-11 03:00:00+00:00,0.1049,0.1051,0.1044,0.1048,312107.87
2026-07-11 04:00:00+00:00,0.1048,0.1048,0.1042,0.1042,140844.88
2026-07-11 05:00:00+00:00,0.1042,0.1049,0.1041,0.1045,423464.04
2026-07-11 06:00:00+00:00,0.1045,0.1048,0.1043,0.1044,259811.54
2026-07-11 07:00:00+00:00,0.1044,0.1044,0.1039,0.1041,284151.57
2026-07-11 08:00:00+00:00,0.1041,0.1046,0.1037,0.1046,631542.17
2026-07-11 09:00:00+00:00,0.1046,0.1048,0.1041,0.1041,434854.09
2026-07-11 10:00:00+00:00,0.1042,0.1044,0.104,0.1043,196356.08
2026-07-11 11:00:00+00:00,0.1043,0.1047,0.1043,0.1045,265977.19
2026-07-11 12:00:00+00:00,0.1045,0.1047,0.1042,0.1045,244616.39
2026-07-11 13:00:00+00:00,0.1045,0.1049,0.1043,0.1047,620678.88
2026-07-11 14:00:00+00:00,0.1047,0.1061,0.1046,0.1054,852752.19
2026-07-11 15:00:00+00:00,0.1054,0.1068,0.1051,0.1058,1193317.98
2026-07-11 16:00:00+00:00,0.1058,0.1067,0.1057,0.1062,717911.29
2026-07-11 17:00:00+00:00,0.1062,0.1064,0.1054,0.1055,583674.17
2026-07-11 18:00:00+00:00,0.1055,0.1059,0.1054,0.1057,428798.46
2026-07-11 19:00:00+00:00,0.1058,0.1059,0.1054,0.1056,192908.11
2026-07-11 20:00:00+00:00,0.1056,0.1072,0.1055,0.1062,1287126.84
2026-07-11 21:00:00+00:00,0.1063,0.1063,0.1057,0.1058,429905.92
2026-07-11 22:00:00+00:00,0.1058,0.1058,0.1038,0.1041,1342251.9
2026-07-11 23:00:00+00:00,0.104,0.104,0.1015,0.1019,2015487.83
2026-07-12 00:00:00+00:00,0.1018,0.1021,0.1001,0.1009,2858814.75
2026-07-12 01:00:00+00:00,0.1009,0.1021,0.1009,0.102,790416.86
2026-07-12 02:00:00+00:00,0.102,0.1022,0.1016,0.102,402161.2
2026-07-12 03:00:00+00:00,0.1019,0.1027,0.1017,0.1025,1001987.67
2026-07-12 04:00:00+00:00,0.1025,0.1027,0.1017,0.1023,1033852.7
2026-07-12 05:00:00+00:00,0.1024,0.1025,0.1017,0.1017,326460.53
2026-07-12 06:00:00+00:00,0.1017,0.1017,0.1006,0.1013,1040726.65
2026-07-12 07:00:00+00:00,0.1012,0.1016,0.1012,0.1015,258086.89
2026-07-12 08:00:00+00:00,0.1014,0.1022,0.1014,0.1018,500219.29
2026-07-12 09:00:00+00:00,0.1018,0.1022,0.1014,0.1018,1359083.39
2026-07-12 10:00:00+00:00,0.1018,0.102,0.1015,0.1018,341243.82
2026-07-12 11:00:00+00:00,0.1018,0.1028,0.1016,0.1025,471304.62
2026-07-12 12:00:00+00:00,0.1024,0.103,0.1022,0.1025,468874.61
2026-07-12 13:00:00+00:00,0.1025,0.1028,0.102,0.102,456502.88
2026-07-12 14:00:00+00:00,0.102,0.1028,0.1016,0.1027,581906.0
2026-07-12 15:00:00+00:00,0.1026,0.1028,0.1021,0.1022,536581.12
2026-07-12 16:00:00+00:00,0.1023,0.1025,0.1018,0.102,433114.87
2026-07-12 17:00:00+00:00,0.1019,0.1023,0.1016,0.1019,432203.42
2026-07-12 18:00:00+00:00,0.1019,0.102,0.1016,0.102,290147.64
2026-07-12 19:00:00+00:00,0.1021,0.1025,0.1019,0.1022,321453.36
2026-07-12 20:00:00+00:00,0.1022,0.1024,0.1016,0.1017,849367.99
2026-07-12 21:00:00+00:00,0.1017,0.102,0.101,0.1011,493834.52
2026-07-12 22:00:00+00:00,0.101,0.101,0.0995,0.1001,1295065.93
2026-07-12 23:00:00+00:00,0.1001,0.1005,0.0998,0.1001,710982.45
2026-07-13 00:00:00+00:00,0.1002,0.102,0.1,0.1007,1771829.37
2026-07-13 01:00:00+00:00,0.1007,0.1009,0.0999,0.1,1399345.31
2026-07-13 02:00:00+00:00,0.1,0.1013,0.0998,0.1004,1706148.76
2026-07-13 03:00:00+00:00,0.1003,0.1004,0.0983,0.0993,1588510.36
2026-07-13 04:00:00+00:00,0.0992,0.0996,0.099,0.0992,467556.96
2026-07-13 05:00:00+00:00,0.0991,0.102,0.0988,0.1005,4757235.64
2026-07-13 06:00:00+00:00,0.1006,0.1032,0.0995,0.1,27122335.52
2026-07-13 07:00:00+00:00,0.1,0.1011,0.0996,0.0997,3450567.24
2026-07-13 08:00:00+00:00,0.0997,0.1001,0.0993,0.0997,739335.46
2026-07-13 09:00:00+00:00,0.0998,0.1001,0.0995,0.0996,636947.31
2026-07-13 10:00:00+00:00,0.0996,0.1003,0.0994,0.0998,800821.87
2026-07-13 11:00:00+00:00,0.0998,0.1,0.0993,0.0994,647415.62
2026-07-13 12:00:00+00:00,0.0994,0.0995,0.0986,0.099,712702.19
2026-07-13 13:00:00+00:00,0.099,0.0995,0.0985,0.0988,659028.28
2026-07-13 14:00:00+00:00,0.0989,0.1,0.0981,0.0999,1515291.66
2026-07-13 15:00:00+00:00,0.0999,0.1,0.0989,0.0989,703587.71
2026-07-13 16:00:00+00:00,0.099,0.0992,0.0985,0.0987,771575.2
2026-07-13 17:00:00+00:00,0.0988,0.0988,0.0972,0.0973,1676918.96
2026-07-13 18:00:00+00:00,0.0974,0.0985,0.0973,0.0981,1227392.37
2026-07-13 19:00:00+00:00,0.0981,0.0988,0.098,0.0988,534546.68
2026-07-13 20:00:00+00:00,0.0987,0.0988,0.098,0.0982,384519.32
2026-07-13 21:00:00+00:00,0.0982,0.0983,0.0969,0.0976,911818.31
2026-07-13 22:00:00+00:00,0.0977,0.098,0.0974,0.0975,284506.67
2026-07-13 23:00:00+00:00,0.0975,0.0986,0.0974,0.0985,805479.14
2026-07-14 00:00:00+00:00,0.0985,0.0994,0.098,0.0992,830784.04
2026-07-14 01:00:00+00:00,0.0991,0.0995,0.0989,0.0992,361777.75
2026-07-14 02:00:00+00:00,0.0992,0.0994,0.0983,0.0987,581729.06
2026-07-14 03:00:00+00:00,0.0987,0.0996,0.0983,0.0995,390207.61
2026-07-14 04:00:00+00:00,0.0995,0.0999,0.0991,0.0996,461830.96
2026-07-14 05:00:00+00:00,0.0995,0.1011,0.0995,0.1011,1780877.88
2026-07-14 06:00:00+00:00,0.1009,0.101,0.1002,0.1003,528667.65
2026-07-14 07:00:00+00:00,0.1003,0.1007,0.1,0.1006,449847.95
2026-07-14 08:00:00+00:00,0.1005,0.1005,0.1002,0.1003,552459.47
2026-07-14 09:00:00+00:00,0.1003,0.1006,0.0996,0.0997,548775.83
2026-07-14 10:00:00+00:00,0.0997,0.1004,0.0994,0.0996,1245120.11
2026-07-14 11:00:00+00:00,0.0997,0.0997,0.0987,0.0993,1275510.74
2026-07-14 12:00:00+00:00,0.0992,0.101,0.0988,0.1008,2855102.45
2026-07-14 13:00:00+00:00,0.1009,0.1024,0.1006,0.1014,3561039.57
2026-07-14 14:00:00+00:00,0.1014,0.1021,0.1009,0.1019,1570722.91
2026-07-14 15:00:00+00:00,0.1019,0.1028,0.1017,0.1022,1572570.47
2026-07-14 16:00:00+00:00,0.1022,0.1023,0.1015,0.1016,1372990.63
2026-07-14 17:00:00+00:00,0.1015,0.102,0.101,0.1019,1058494.7
2026-07-14 18:00:00+00:00,0.1019,0.1022,0.1016,0.1019,452770.92
2026-07-14 19:00:00+00:00,0.1019,0.1019,0.1012,0.1013,440502.76
2026-07-14 20:00:00+00:00,0.1013,0.1015,0.1012,0.1014,247879.8
2026-07-14 21:00:00+00:00,0.1014,0.102,0.101,0.1011,500811.46
2026-07-14 22:00:00+00:00,0.1011,0.1016,0.1006,0.101,750536.13
2026-07-14 23:00:00+00:00,0.101,0.1018,0.1009,0.1016,541871.08
2026-07-15 00:00:00+00:00,0.1016,0.102,0.1016,0.1018,723672.61
2026-07-15 01:00:00+00:00,0.1018,0.1026,0.1017,0.1019,413348.07
2026-07-15 02:00:00+00:00,0.102,0.102,0.1014,0.1016,402423.45
2026-07-15 03:00:00+00:00,0.1015,0.102,0.1014,0.1018,277811.94
2026-07-15 04:00:00+00:00,0.1018,0.1019,0.1011,0.1013,329759.98
2026-07-15 05:00:00+00:00,0.1014,0.1021,0.1011,0.1021,720265.02
2026-07-15 06:00:00+00:00,0.1021,0.103,0.1014,0.1014,2340432.98
2026-07-15 07:00:00+00:00,0.1013,0.1015,0.1007,0.1009,1277711.91
2026-07-15 08:00:00+00:00,0.1009,0.1013,0.1007,0.1012,471701.88
2026-07-15 09:00:00+00:00,0.1013,0.1019,0.1013,0.1013,490937.29
2026-07-15 10:00:00+00:00,0.1014,0.102,0.1014,0.102,438240.27
2026-07-15 11:00:00+00:00,0.102,0.1021,0.1017,0.1021,394229.66
2026-07-15 12:00:00+00:00,0.1021,0.1037,0.1018,0.1036,3173382.09
2026-07-15 13:00:00+00:00,0.1036,0.1045,0.103,0.1036,2746395.17
2026-07-15 14:00:00+00:00,0.1037,0.1039,0.1027,0.1031,1471843.65
2026-07-15 15:00:00+00:00,0.1031,0.1036,0.1027,0.1029,1062016.54
2026-07-15 16:00:00+00:00,0.1029,0.1029,0.1015,0.1024,1612681.81
2026-07-15 17:00:00+00:00,0.1024,0.1031,0.1023,0.1031,665023.04
2026-07-15 18:00:00+00:00,0.103,0.1046,0.1026,0.1026,2179984.06
2026-07-15 19:00:00+00:00,0.1026,0.1029,0.102,0.1022,842632.36
2026-07-15 20:00:00+00:00,0.1022,0.103,0.1022,0.1023,792056.52
2026-07-15 21:00:00+00:00,0.1023,0.1025,0.1019,0.1021,706162.92
2026-07-15 22:00:00+00:00,0.1021,0.1036,0.102,0.1024,1546273.05
2026-07-15 23:00:00+00:00,0.1024,0.1025,0.1021,0.1022,311166.14
2026-07-16 00:00:00+00:00,0.1023,0.1026,0.1008,0.1011,4525872.0
2026-07-16 01:00:00+00:00,0.1011,0.1028,0.1007,0.1027,4811395.41
2026-07-16 02:00:00+00:00,0.1026,0.1028,0.1022,0.1027,334067.2
2026-07-16 03:00:00+00:00,0.1027,0.1028,0.102,0.1023,535194.24
2026-07-16 04:00:00+00:00,0.1022,0.1025,0.102,0.1023,402338.83
2026-07-16 05:00:00+00:00,0.1023,0.1028,0.1022,0.1023,659526.62
2026-07-16 06:00:00+00:00,0.1024,0.1031,0.102,0.1025,1014604.68
2026-07-16 07:00:00+00:00,0.1024,0.1024,0.1006,0.1013,2099466.49
2026-07-16 08:00:00+00:00,0.1012,0.1014,0.1,0.1006,2325454.11
2026-07-16 09:00:00+00:00,0.1007,0.1008,0.0998,0.1,1147718.19
2026-07-16 10:00:00+00:00,0.0999,0.1004,0.0998,0.1001,1299302.36
2026-07-16 11:00:00+00:00,0.1001,0.1002,0.0994,0.0999,1272532.06
2026-07-16 12:00:00+00:00,0.0999,0.1,0.0994,0.0996,948484.63
2026-07-16 13:00:00+00:00,0.0995,0.1008,0.0995,0.1006,1082532.19
2026-07-16 14:00:00+00:00,0.1006,0.1011,0.0999,0.1002,988401.17
2026-07-16 15:00:00+00:00,0.1003,0.1009,0.0997,0.1004,746925.41
2026-07-16 16:00:00+00:00,0.1004,0.1004,0.0999,0.1002,1016142.0
2026-07-16 17:00:00+00:00,0.1002,0.1002,0.0988,0.0994,1510345.36
2026-07-16 18:00:00+00:00,0.0995,0.0999,0.0993,0.0996,377031.79
2026-07-16 19:00:00+00:00,0.0996,0.0997,0.0991,0.0992,581703.38
2026-07-16 20:00:00+00:00,0.0993,0.1003,0.099,0.0995,1758406.72
2026-07-16 21:00:00+00:00,0.0994,0.1002,0.0994,0.0997,285935.68
2026-07-16 22:00:00+00:00,0.0998,0.1002,0.0986,0.0992,1071465.03
2026-07-16 23:00:00+00:00,0.0991,0.0991,0.0983,0.0987,1461465.12
2026-07-17 00:00:00+00:00,0.0987,0.0991,0.0982,0.099,1569757.82
2026-07-17 01:00:00+00:00,0.0991,0.0992,0.0975,0.0978,975316.46
2026-07-17 02:00:00+00:00,0.0977,0.098,0.0973,0.0978,996940.24
2026-07-17 03:00:00+00:00,0.0978,0.0987,0.0977,0.0981,855840.02
2026-07-17 04:00:00+00:00,0.098,0.0981,0.0975,0.0977,924306.75
2026-07-17 05:00:00+00:00,0.0977,0.0977,0.0965,0.0967,1604527.12
2026-07-17 06:00:00+00:00,0.0968,0.0973,0.0964,0.0971,1066513.57
2026-07-17 07:00:00+00:00,0.0972,0.0972,0.0962,0.0963,1112762.67
2026-07-17 08:00:00+00:00,0.0962,0.0964,0.0953,0.0961,1808169.51
2026-07-17 09:00:00+00:00,0.0961,0.0969,0.0961,0.0968,770806.82
2026-07-17 10:00:00+00:00,0.0968,0.0977,0.0968,0.0976,520419.17
2026-07-17 11:00:00+00:00,0.0976,0.098,0.0975,0.0977,1000592.33
2026-07-17 12:00:00+00:00,0.0976,0.0977,0.0966,0.0966,712654.49
2026-07-17 13:00:00+00:00,0.0966,0.0966,0.095,0.0962,2956037.73
2026-07-17 14:00:00+00:00,0.0962,0.0968,0.0954,0.0957,1557828.78
2026-07-17 15:00:00+00:00,0.0957,0.0963,0.0951,0.0963,3147544.4
2026-07-17 16:00:00+00:00,0.0963,0.0968,0.0958,0.0966,1602384.13
2026-07-17 17:00:00+00:00,0.0966,0.0973,0.0963,0.0964,704885.25
2026-07-17 18:00:00+00:00,0.0965,0.0972,0.0963,0.097,521617.05
2026-07-17 19:00:00+00:00,0.0971,0.0973,0.0963,0.0965,517489.31
2026-07-17 20:00:00+00:00,0.0964,0.0966,0.096,0.0962,388248.16
2026-07-17 21:00:00+00:00,0.0962,0.0965,0.0956,0.0958,553872.49
2026-07-17 22:00:00+00:00,0.0958,0.0958,0.0955,0.0957,334221.88
2026-07-17 23:00:00+00:00,0.0958,0.0969,0.0954,0.096,2027038.04
2026-07-18 00:00:00+00:00,0.096,0.0971,0.0959,0.0964,1332086.57
2026-07-18 01:00:00+00:00,0.0964,0.0972,0.0962,0.0965,963005.02
2026-07-18 02:00:00+00:00,0.0964,0.0976,0.0963,0.0974,1227773.69
2026-07-18 03:00:00+00:00,0.0973,0.0979,0.0968,0.0969,3231858.5
2026-07-18 04:00:00+00:00,0.097,0.097,0.0963,0.0965,385086.83
2026-07-18 05:00:00+00:00,0.0964,0.0965,0.0959,0.096,636039.74
2026-07-18 06:00:00+00:00,0.096,0.096,0.0957,0.0958,318353.55
2026-07-18 07:00:00+00:00,0.0958,0.0961,0.0957,0.0961,280316.88
2026-07-18 08:00:00+00:00,0.0961,0.0961,0.0953,0.0954,529078.81
2026-07-18 09:00:00+00:00,0.0955,0.0955,0.0948,0.0953,1036161.58
2026-07-18 10:00:00+00:00,0.0954,0.0957,0.0952,0.0952,392997.15
2026-07-18 11:00:00+00:00,0.0953,0.0953,0.095,0.0951,296482.05
2026-07-18 12:00:00+00:00,0.0951,0.0955,0.0948,0.0952,616808.05
2026-07-18 13:00:00+00:00,0.0951,0.0952,0.0944,0.0948,673172.11
2026-07-18 14:00:00+00:00,0.0947,0.0953,0.0946,0.0952,554854.57
2026-07-18 15:00:00+00:00,0.0953,0.0955,0.0948,0.0948,1146130.19
2026-07-18 16:00:00+00:00,0.0947,0.0951,0.0947,0.0949,636566.38
2026-07-18 17:00:00+00:00,0.0948,0.0953,0.0947,0.0953,448111.4
2026-07-18 18:00:00+00:00,0.0953,0.0959,0.095,0.0953,695053.34
2026-07-18 19:00:00+00:00,0.0953,0.0963,0.0953,0.0954,1374440.11
2026-07-18 20:00:00+00:00,0.0954,0.0954,0.095,0.0951,230618.99
2026-07-18 21:00:00+00:00,0.0952,0.0954,0.0948,0.0952,451343.48
2026-07-18 22:00:00+00:00,0.0952,0.0956,0.0952,0.0954,489158.85
2026-07-18 23:00:00+00:00,0.0954,0.0955,0.0952,0.0954,164397.46
2026-07-19 00:00:00+00:00,0.0955,0.0958,0.0954,0.0956,274210.3
2026-07-19 01:00:00+00:00,0.0957,0.0957,0.0954,0.0954,186703.71
2026-07-19 02:00:00+00:00,0.0955,0.0962,0.0953,0.0959,470701.99
2026-07-19 03:00:00+00:00,0.0959,0.0959,0.0953,0.0954,121507.3
2026-07-19 04:00:00+00:00,0.0954,0.0956,0.0953,0.0956,158333.82
2026-07-19 05:00:00+00:00,0.0955,0.0958,0.0953,0.0954,181873.67
2026-07-19 06:00:00+00:00,0.0954,0.0955,0.0952,0.0953,279583.18
2026-07-19 07:00:00+00:00,0.0954,0.0954,0.0944,0.095,1219297.48
2026-07-19 08:00:00+00:00,0.095,0.0952,0.0948,0.0951,513849.34
2026-07-19 09:00:00+00:00,0.0952,0.0952,0.0945,0.0947,775039.49
2026-07-19 10:00:00+00:00,0.0947,0.0952,0.0945,0.0947,424882.14
2026-07-19 11:00:00+00:00,0.0948,0.095,0.0943,0.0944,500431.92
2026-07-19 12:00:00+00:00,0.0944,0.0944,0.0934,0.0941,2125624.17
2026-07-19 13:00:00+00:00,0.0941,0.0945,0.0938,0.0943,1710231.01
2026-07-19 14:00:00+00:00,0.0944,0.0947,0.0938,0.0944,520069.93
2026-07-19 15:00:00+00:00,0.0944,0.0946,0.0939,0.0942,462709.83
2026-07-19 16:00:00+00:00,0.0942,0.0943,0.0938,0.0938,343323.51
2026-07-19 17:00:00+00:00,0.0937,0.0942,0.093,0.094,1024811.65
2026-07-19 18:00:00+00:00,0.094,0.0941,0.0933,0.094,686625.06
2026-07-19 19:00:00+00:00,0.0941,0.0951,0.0938,0.0946,1059816.28
2026-07-19 20:00:00+00:00,0.0947,0.0948,0.0943,0.0945,1443774.42
2026-07-19 21:00:00+00:00,0.0946,0.095,0.0941,0.0942,1476719.05
2026-07-19 22:00:00+00:00,0.0942,0.0952,0.0942,0.0951,698390.73
2026-07-19 23:00:00+00:00,0.0952,0.0952,0.0947,0.095,805407.95
2026-07-20 00:00:00+00:00,0.095,0.0958,0.0945,0.0946,1086170.38
2026-07-20 01:00:00+00:00,0.0947,0.0956,0.094,0.0942,1276049.09
2026-07-20 02:00:00+00:00,0.0942,0.0952,0.0941,0.095,612029.3
2026-07-20 03:00:00+00:00,0.0949,0.0953,0.0945,0.0948,861531.77
2026-07-20 04:00:00+00:00,0.0948,0.0949,0.094,0.0941,549683.73
2026-07-20 05:00:00+00:00,0.0941,0.0942,0.0926,0.0929,1957443.57
2026-07-20 06:00:00+00:00,0.093,0.0934,0.0927,0.0931,874540.75
2026-07-20 07:00:00+00:00,0.0932,0.0938,0.093,0.0936,589467.85
2026-07-20 08:00:00+00:00,0.0935,0.0938,0.0927,0.093,1008415.45
2026-07-20 09:00:00+00:00,0.093,0.0933,0.0926,0.0932,621900.03
2026-07-20 10:00:00+00:00,0.0933,0.0935,0.0929,0.093,523133.5
2026-07-20 11:00:00+00:00,0.093,0.0934,0.0925,0.0934,1981230.82
2026-07-20 12:00:00+00:00,0.0934,0.0934,0.0929,0.0931,837953.62
2026-07-20 13:00:00+00:00,0.0931,0.0931,0.0919,0.0922,2781967.66
2026-07-20 14:00:00+00:00,0.0922,0.0926,0.092,0.0924,983227.97
2026-07-20 15:00:00+00:00,0.0924,0.0941,0.0924,0.0939,1267892.6
2026-07-20 16:00:00+00:00,0.0938,0.094,0.0931,0.0939,1136682.81
2026-07-20 17:00:00+00:00,0.0938,0.094,0.0935,0.0937,732914.13
2026-07-20 18:00:00+00:00,0.0937,0.0944,0.0932,0.0934,916434.4
2026-07-20 19:00:00+00:00,0.0933,0.0933,0.0925,0.0928,656063.38
2026-07-20 20:00:00+00:00,0.0928,0.0929,0.0924,0.0929,523856.73
2026-07-20 21:00:00+00:00,0.0928,0.0945,0.0926,0.094,3144210.51
2026-07-20 22:00:00+00:00,0.0939,0.0953,0.0935,0.0952,5861776.69
2026-07-20 23:00:00+00:00,0.0952,0.0954,0.0939,0.0942,3442894.84
2026-07-21 00:00:00+00:00,0.0941,0.0946,0.0937,0.0946,829895.35
2026-07-21 01:00:00+00:00,0.0946,0.0947,0.0935,0.0936,745834.17
2026-07-21 02:00:00+00:00,0.0937,0.094,0.0931,0.094,599428.19
2026-07-21 03:00:00+00:00,0.0939,0.0954,0.0939,0.0953,996637.97
2026-07-21 04:00:00+00:00,0.0953,0.0957,0.0947,0.0949,1505196.15
2026-07-21 05:00:00+00:00,0.095,0.097,0.0945,0.0967,5231729.92
2026-07-21 06:00:00+00:00,0.0966,0.0973,0.0961,0.0972,6004803.08
2026-07-21 07:00:00+00:00,0.0972,0.0974,0.0964,0.0969,2020218.04
2026-07-21 08:00:00+00:00,0.097,0.0972,0.0966,0.0969,1218766.36
2026-07-21 09:00:00+00:00,0.0969,0.0974,0.0966,0.0974,893798.12
2026-07-21 10:00:00+00:00,0.0974,0.0976,0.0964,0.0965,4641921.88
2026-07-21 11:00:00+00:00,0.0966,0.097,0.0963,0.0969,751128.39
2026-07-21 12:00:00+00:00,0.097,0.0977,0.0968,0.0971,1529544.49
2026-07-21 13:00:00+00:00,0.0971,0.0973,0.0965,0.0969,814995.04
2026-07-21 14:00:00+00:00,0.0969,0.0979,0.0969,0.0971,2067364.43
2026-07-21 15:00:00+00:00,0.0971,0.0973,0.0967,0.0972,654318.75
2026-07-21 16:00:00+00:00,0.0973,0.0974,0.0966,0.0974,876908.65
2026-07-21 17:00:00+00:00,0.0974,0.0975,0.0963,0.0971,724810.18
2026-07-21 18:00:00+00:00,0.0972,0.0975,0.097,0.0974,414516.61
2026-07-21 19:00:00+00:00,0.0973,0.0984,0.0971,0.0979,1182713.29
2026-07-21 20:00:00+00:00,0.098,0.098,0.0974,0.0975,875015.87
2026-07-21 21:00:00+00:00,0.0976,0.0984,0.0975,0.0982,923357.08
2026-07-21 22:00:00+00:00,0.0982,0.0983,0.0977,0.0979,501725.15
2026-07-21 23:00:00+00:00,0.0979,0.0982,0.0974,0.0982,461682.41
2026-07-22 00:00:00+00:00,0.098,0.0989,0.098,0.0986,1194680.89
2026-07-22 01:00:00+00:00,0.0985,0.0986,0.0978,0.0985,377026.14
2026-07-22 02:00:00+00:00,0.0985,0.0986,0.0976,0.0976,1163913.02
2026-07-22 03:00:00+00:00,0.0977,0.0977,0.0971,0.0972,603185.32
2026-07-22 04:00:00+00:00,0.0972,0.0979,0.097,0.0977,800016.23
2026-07-22 05:00:00+00:00,0.0977,0.0977,0.0964,0.0967,688317.64
2026-07-22 06:00:00+00:00,0.0967,0.0971,0.096,0.0964,1290570.75
2026-07-22 07:00:00+00:00,0.0964,0.0964,0.0959,0.0961,1075041.03
2026-07-22 08:00:00+00:00,0.0961,0.0965,0.096,0.0962,680483.44
2026-07-22 09:00:00+00:00,0.0962,0.0964,0.0959,0.0964,571522.58
2026-07-22 10:00:00+00:00,0.0963,0.0971,0.0962,0.0971,645185.6
2026-07-22 11:00:00+00:00,0.097,0.0971,0.0964,0.0969,584240.22
2026-07-22 12:00:00+00:00,0.0968,0.0969,0.0959,0.0964,761571.13
2026-07-22 13:00:00+00:00,0.0963,0.0973,0.0963,0.0971,1227980.46
2026-07-22 14:00:00+00:00,0.097,0.0977,0.0968,0.0976,955389.03
2026-07-22 15:00:00+00:00,0.0977,0.0983,0.0975,0.0979,1006943.7
2026-07-22 16:00:00+00:00,0.0979,0.0991,0.0979,0.0989,1947711.74
2026-07-22 17:00:00+00:00,0.0989,0.099,0.0981,0.0982,873370.78
2026-07-22 18:00:00+00:00,0.0982,0.0984,0.0976,0.0983,1024979.97
2026-07-22 19:00:00+00:00,0.0983,0.0983,0.098,0.0982,432469.85
2026-07-22 20:00:00+00:00,0.0981,0.0985,0.098,0.0982,528451.31
2026-07-22 21:00:00+00:00,0.0982,0.0985,0.0978,0.0981,426223.69
2026-07-22 22:00:00+00:00,0.098,0.0981,0.0974,0.0974,653747.85
2026-07-22 23:00:00+00:00,0.0974,0.0974,0.0964,0.0969,564802.33
2026-07-23 00:00:00+00:00,0.0968,0.0976,0.0968,0.0971,945864.99
2026-07-23 01:00:00+00:00,0.097,0.0972,0.0965,0.0969,294811.34
2026-07-23 02:00:00+00:00,0.0968,0.0969,0.0963,0.0968,704525.88
2026-07-23 03:00:00+00:00,0.0968,0.0968,0.0961,0.0962,274353.55
2026-07-23 04:00:00+00:00,0.0962,0.0964,0.0959,0.0963,557429.53
2026-07-23 05:00:00+00:00,0.0963,0.0968,0.0961,0.0962,400442.86
2026-07-23 06:00:00+00:00,0.0963,0.0966,0.0962,0.0964,223832.11
2026-07-23 07:00:00+00:00,0.0965,0.0965,0.0956,0.0959,483723.44
2026-07-23 08:00:00+00:00,0.0959,0.0969,0.0958,0.0967,501828.49
2026-07-23 09:00:00+00:00,0.0966,0.0969,0.096,0.096,462728.25
2026-07-23 10:00:00+00:00,0.096,0.0963,0.0959,0.096,333762.38
2026-07-23 11:00:00+00:00,0.096,0.096,0.0954,0.0954,463739.31
2026-07-23 12:00:00+00:00,0.0954,0.0957,0.0947,0.0951,1288248.93
2026-07-23 13:00:00+00:00,0.095,0.0951,0.0942,0.0942,1641421.03
2026-07-23 14:00:00+00:00,0.0942,0.0946,0.0939,0.094,1639880.34
2026-07-23 15:00:00+00:00,0.094,0.0943,0.0933,0.094,2100517.19
2026-07-23 16:00:00+00:00,0.094,0.0944,0.0935,0.0941,738039.17
2026-07-23 17:00:00+00:00,0.094,0.0941,0.0927,0.0931,813470.91
2026-07-23 18:00:00+00:00,0.093,0.0934,0.0928,0.0933,588112.3
2026-07-23 19:00:00+00:00,0.0934,0.0934,0.0927,0.093,718056.65
2026-07-23 20:00:00+00:00,0.093,0.094,0.093,0.0933,598943.36
2026-07-23 21:00:00+00:00,0.0933,0.0935,0.0924,0.0925,638975.6
2026-07-23 22:00:00+00:00,0.0925,0.093,0.092,0.0929,583815.44
2026-07-23 23:00:00+00:00,0.0929,0.0931,0.0924,0.0926,610644.98
2026-07-24 00:00:00+00:00,0.0926,0.0927,0.0919,0.0927,1220332.02
2026-07-24 01:00:00+00:00,0.0927,0.0935,0.0926,0.0932,840524.15
2026-07-24 02:00:00+00:00,0.0932,0.0942,0.0931,0.0937,2031124.71
2026-07-24 03:00:00+00:00,0.0936,0.0943,0.0935,0.0941,638421.87
2026-07-24 04:00:00+00:00,0.0941,0.0945,0.094,0.094,513990.47
2026-07-24 05:00:00+00:00,0.094,0.0944,0.0939,0.0942,396934.38
2026-07-24 06:00:00+00:00,0.0943,0.0947,0.0942,0.0944,584565.44
2026-07-24 07:00:00+00:00,0.0945,0.0949,0.0938,0.0944,629554.95
2026-07-24 08:00:00+00:00,0.0944,0.0947,0.0941,0.0942,716126.13
2026-07-24 09:00:00+00:00,0.0942,0.0942,0.0937,0.0941,553455.55
2026-07-24 10:00:00+00:00,0.0942,0.0942,0.0934,0.0935,527823.99
2026-07-24 11:00:00+00:00,0.0934,0.0935,0.0927,0.093,2074913.89
2026-07-24 12:00:00+00:00,0.0929,0.0929,0.0923,0.0924,936994.01
2026-07-24 13:00:00+00:00,0.0924,0.0924,0.091,0.0919,2987063.97
2026-07-24 14:00:00+00:00,0.0919,0.0921,0.0914,0.0921,1130560.6
2026-07-24 15:00:00+00:00,0.0922,0.0927,0.0917,0.0924,1143056.01
2026-07-24 16:00:00+00:00,0.0923,0.0929,0.092,0.0924,1234898.21
2026-07-24 17:00:00+00:00,0.0925,0.0931,0.0924,0.093,403552.96
2026-07-24 18:00:00+00:00,0.0929,0.093,0.0921,0.0925,245349.82
2026-07-24 19:00:00+00:00,0.0925,0.0925,0.0919,0.0923,814925.11
2026-07-24 20:00:00+00:00,0.0923,0.0924,0.092,0.0922,158200.82
2026-07-24 21:00:00+00:00,0.0923,0.0928,0.0919,0.0921,765421.43
2026-07-24 22:00:00+00:00,0.092,0.0924,0.092,0.0923,494705.79
2026-07-24 23:00:00+00:00,0.0923,0.0929,0.0923,0.0926,1641822.02
2026-07-25 00:00:00+00:00,0.0926,0.0927,0.0921,0.0925,681922.02
2026-07-25 01:00:00+00:00,0.0926,0.0927,0.0921,0.0921,143523.23
2026-07-25 02:00:00+00:00,0.092,0.0922,0.0919,0.0919,299576.64
2026-07-25 03:00:00+00:00,0.092,0.0921,0.0917,0.0918,321398.64
2026-07-25 04:00:00+00:00,0.0919,0.0921,0.0917,0.092,306719.01
2026-07-25 05:00:00+00:00,0.092,0.0921,0.0916,0.0916,172916.97
2026-07-25 06:00:00+00:00,0.0915,0.0916,0.0913,0.0916,415827.01
2026-07-25 07:00:00+00:00,0.0917,0.0917,0.0914,0.0916,287023.58
2026-07-25 08:00:00+00:00,0.0915,0.0918,0.0913,0.0914,205255.07
2026-07-25 09:00:00+00:00,0.0915,0.0919,0.0914,0.0917,348566.6
2026-07-25 10:00:00+00:00,0.0918,0.0919,0.0916,0.0919,328452.93
2026-07-25 11:00:00+00:00,0.0919,0.0923,0.0918,0.0918,554932.59
2026-07-25 12:00:00+00:00,0.0918,0.0925,0.0918,0.0923,407804.49
2026-07-25 13:00:00+00:00,0.0924,0.0928,0.0922,0.0925,755972.82
2026-07-25 14:00:00+00:00,0.0925,0.0932,0.0923,0.0929,542715.45
2026-07-25 15:00:00+00:00,0.0929,0.093,0.0926,0.0929,519585.68
2026-07-25 16:00:00+00:00,0.0929,0.0932,0.0927,0.093,150866.3
2026-07-25 17:00:00+00:00,0.093,0.0931,0.0927,0.093,398175.57
2026-07-25 18:00:00+00:00,0.0931,0.0934,0.0928,0.0929,504845.39
2026-07-25 19:00:00+00:00,0.0928,0.0929,0.0925,0.0929,378767.64
2026-07-25 20:00:00+00:00,0.0929,0.093,0.0925,0.0927,954089.56
2026-07-25 21:00:00+00:00,0.0927,0.0934,0.0923,0.093,828450.49
2026-07-25 22:00:00+00:00,0.0929,0.093,0.0925,0.0927,364329.07
2026-07-25 23:00:00+00:00,0.0926,0.0926,0.0922,0.0923,677968.75
2026-07-26 00:00:00+00:00,0.0923,0.0928,0.0923,0.0926,1021791.29
2026-07-26 01:00:00+00:00,0.0927,0.0927,0.0924,0.0925,417223.6
2026-07-26 02:00:00+00:00,0.0925,0.0928,0.0921,0.0927,250732.29
2026-07-26 03:00:00+00:00,0.0927,0.0929,0.0924,0.0927,395257.96
2026-07-26 04:00:00+00:00,0.0928,0.0933,0.0926,0.0928,868650.87
2026-07-26 05:00:00+00:00,0.0928,0.093,0.0926,0.0928,537453.71
2026-07-26 06:00:00+00:00,0.0928,0.0929,0.0924,0.0927,753292.14
2026-07-26 07:00:00+00:00,0.0927,0.0929,0.0923,0.0926,803175.02
2026-07-26 08:00:00+00:00,0.0925,0.0928,0.0924,0.0927,589513.35
2026-07-26 09:00:00+00:00,0.0928,0.0931,0.0927,0.0927,403724.55
2026-07-26 10:00:00+00:00,0.0927,0.0937,0.0927,0.0937,1281111.1
2026-07-26 11:00:00+00:00,0.0937,0.0938,0.0929,0.093,765368.25
2026-07-26 12:00:00+00:00,0.093,0.0933,0.0929,0.0929,224864.59
2026-07-26 13:00:00+00:00,0.093,0.093,0.0925,0.093,300581.95
2026-07-26 14:00:00+00:00,0.093,0.0932,0.0926,0.0929,1286202.1
2026-07-26 15:00:00+00:00,0.0929,0.0938,0.0929,0.0936,534215.32
2026-07-26 16:00:00+00:00,0.0936,0.0943,0.0935,0.0937,521112.7
2026-07-26 17:00:00+00:00,0.0936,0.0936,0.0934,0.0934,169610.12
2026-07-26 18:00:00+00:00,0.0934,0.0934,0.0932,0.0933,174291.54
2026-07-26 19:00:00+00:00,0.0932,0.0935,0.0931,0.0933,686434.93
2026-07-26 20:00:00+00:00,0.0933,0.0934,0.0931,0.0932,474669.21
2026-07-26 21:00:00+00:00,0.0932,0.094,0.0932,0.0936,307320.18
2026-07-26 22:00:00+00:00,0.0936,0.095,0.0936,0.0949,2027480.73
2026-07-26 23:00:00+00:00,0.0949,0.0954,0.0948,0.0952,500453.1
2026-07-27 00:00:00+00:00,0.0951,0.0957,0.0948,0.0953,764718.72
2026-07-27 01:00:00+00:00,0.0953,0.0957,0.0947,0.0957,760372.69
2026-07-27 02:00:00+00:00,0.0957,0.096,0.0954,0.0958,632433.21
2026-07-27 03:00:00+00:00,0.0958,0.096,0.0952,0.0954,477008.67
2026-07-27 04:00:00+00:00,0.0954,0.0958,0.0949,0.0949,458326.59
2026-07-27 05:00:00+00:00,0.0949,0.0952,0.0948,0.0951,343567.47
2026-07-27 06:00:00+00:00,0.095,0.0956,0.0945,0.0947,798250.33
2026-07-27 07:00:00+00:00,0.0947,0.0947,0.0942,0.0946,696479.11
2026-07-27 08:00:00+00:00,0.0945,0.0946,0.0941,0.0944,745905.15
2026-07-27 09:00:00+00:00,0.0944,0.095,0.0939,0.0946,1771223.74
2026-07-27 10:00:00+00:00,0.0947,0.095,0.0947,0.0948,289258.91
2026-07-27 11:00:00+00:00,0.0948,0.0948,0.0943,0.0946,724745.28
2026-07-27 12:00:00+00:00,0.0946,0.0949,0.094,0.0948,1495135.98
2026-07-27 13:00:00+00:00,0.0949,0.0952,0.0942,0.0945,1081910.82
2026-07-27 14:00:00+00:00,0.0945,0.0947,0.091,0.0917,4018592.05
2026-07-27 15:00:00+00:00,0.0917,0.0917,0.0906,0.0911,1126691.75
2026-07-27 16:00:00+00:00,0.0911,0.0922,0.0908,0.0919,920468.23
2026-07-27 17:00:00+00:00,0.0919,0.0921,0.0913,0.0914,453198.5
2026-07-27 18:00:00+00:00,0.0915,0.0915,0.0905,0.0909,938653.8
2026-07-27 19:00:00+00:00,0.0909,0.0916,0.0908,0.0914,354381.93
2026-07-27 20:00:00+00:00,0.0915,0.0916,0.0911,0.0913,407011.38
2026-07-27 21:00:00+00:00,0.0912,0.0912,0.0905,0.0906,388360.67
2026-07-27 22:00:00+00:00,0.0906,0.0906,0.0864,0.0868,5032201.25
2026-07-27 23:00:00+00:00,0.0868,0.0874,0.0859,0.0872,2832161.87
2026-07-28 00:00:00+00:00,0.0873,0.088,0.0872,0.0878,924709.12
2026-07-28 01:00:00+00:00,0.0878,0.0879,0.0866,0.0871,1163058.16
2026-07-28 02:00:00+00:00,0.0871,0.0875,0.0869,0.0874,567302.36
2026-07-28 03:00:00+00:00,0.0873,0.0878,0.087,0.0878,424455.32
2026-07-28 04:00:00+00:00,0.0877,0.0878,0.087,0.0874,723174.31
2026-07-28 05:00:00+00:00,0.0874,0.0879,0.0873,0.0875,1320715.72
2026-07-28 06:00:00+00:00,0.0876,0.0882,0.0874,0.088,924443.11
2026-07-28 07:00:00+00:00,0.088,0.088,0.0872,0.0875,233699.63
2026-07-28 08:00:00+00:00,0.0874,0.0877,0.0872,0.0874,651642.67
2026-07-28 09:00:00+00:00,0.0874,0.0886,0.087,0.088,2907363.82
2026-07-28 10:00:00+00:00,0.088,0.0888,0.0879,0.0887,1092876.46
2026-07-28 11:00:00+00:00,0.0888,0.0889,0.0861,0.0865,4373331.73
2026-07-28 12:00:00+00:00,0.0864,0.0875,0.0854,0.0874,3708719.33
2026-07-28 13:00:00+00:00,0.0874,0.0875,0.0859,0.0867,1269386.42
2026-07-28 14:00:00+00:00,0.0868,0.0878,0.0863,0.0875,1531750.63
2026-07-28 15:00:00+00:00,0.0875,0.0886,0.0872,0.0884,2012253.66
2026-07-28 16:00:00+00:00,0.0884,0.0893,0.0882,0.089,1360951.74
2026-07-28 17:00:00+00:00,0.089,0.0896,0.0888,0.0893,1657427.45
2026-07-28 18:00:00+00:00,0.0893,0.0897,0.0889,0.089,1193751.1
2026-07-28 19:00:00+00:00,0.0891,0.0894,0.0888,0.0894,544650.07
2026-07-28 20:00:00+00:00,0.0895,0.0897,0.0893,0.0897,390853.74
2026-07-28 21:00:00+00:00,0.0897,0.09,0.0896,0.0896,245805.03
2026-07-28 22:00:00+00:00,0.0895,0.0896,0.0886,0.0886,412396.45
2026-07-28 23:00:00+00:00,0.0887,0.0894,0.0886,0.0893,289776.58
2026-07-29 00:00:00+00:00,0.0893,0.0899,0.0893,0.0895,686399.27
2026-07-29 01:00:00+00:00,0.0895,0.0896,0.0885,0.0885,273092.62
2026-07-29 02:00:00+00:00,0.0885,0.0892,0.0883,0.089,531840.51
2026-07-29 03:00:00+00:00,0.089,0.0891,0.0874,0.0877,1275453.6
2026-07-29 04:00:00+00:00,0.0876,0.0882,0.0867,0.088,1305009.66
2026-07-29 05:00:00+00:00,0.0879,0.0884,0.0877,0.0877,427659.24
2026-07-29 06:00:00+00:00,0.0878,0.0882,0.0876,0.0879,398373.01
2026-07-29 07:00:00+00:00,0.0878,0.088,0.0874,0.088,414142.14
2026-07-29 08:00:00+00:00,0.088,0.088,0.0871,0.0873,433873.38
2026-07-29 09:00:00+00:00,0.0873,0.088,0.0873,0.0878,465668.57
2026-07-29 10:00:00+00:00,0.0877,0.088,0.0869,0.0871,975603.97
2026-07-29 11:00:00+00:00,0.0871,0.0877,0.0871,0.0877,344548.62
2026-07-29 12:00:00+00:00,0.0876,0.0876,0.0868,0.0869,585221.43
2026-07-29 13:00:00+00:00,0.0868,0.0871,0.0863,0.0869,968843.64
2026-07-29 14:00:00+00:00,0.087,0.0872,0.0862,0.0863,1060213.51
2026-07-29 15:00:00+00:00,0.0863,0.0868,0.0861,0.0866,421151.33
2026-07-29 16:00:00+00:00,0.0866,0.0875,0.0862,0.0864,1342436.5
2026-07-29 17:00:00+00:00,0.0865,0.088,0.0865,0.088,795020.4
2026-07-29 18:00:00+00:00,0.0881,0.0889,0.0873,0.0887,2050272.74
2026-07-29 19:00:00+00:00,0.0887,0.0889,0.0868,0.0871,1613637.27
2026-07-29 20:00:00+00:00,0.0872,0.0877,0.0863,0.0867,1384375.15
2026-07-29 21:00:00+00:00,0.0866,0.0876,0.0861,0.0876,912787.34
2026-07-29 22:00:00+00:00,0.0877,0.0884,0.0877,0.0884,774470.02
2026-07-29 23:00:00+00:00,0.0884,0.0895,0.0883,0.0893,1772825.37
2026-07-30 00:00:00+00:00,0.0892,0.0894,0.0884,0.0886,1127889.67
2026-07-30 01:00:00+00:00,0.0887,0.091,0.0887,0.0907,2419637.29
2026-07-30 02:00:00+00:00,0.0907,0.091,0.0903,0.0904,1402075.24
2026-07-30 03:00:00+00:00,0.0904,0.0907,0.09,0.0905,572160.79
2026-07-30 04:00:00+00:00,0.0905,0.0907,0.09,0.09,607161.19
2026-07-30 05:00:00+00:00,0.09,0.0903,0.0899,0.0902,448880.58
2026-07-30 06:00:00+00:00,0.0902,0.0905,0.09,0.0901,351558.83
2026-07-30 07:00:00+00:00,0.0902,0.0906,0.0896,0.0898,617292.13
2026-07-30 08:00:00+00:00,0.0897,0.0898,0.0878,0.0885,2881570.38
2026-07-30 09:00:00+00:00,0.0885,0.0885,0.0872,0.0874,2627417.41
2026-07-30 10:00:00+00:00,0.0875,0.0879,0.0872,0.0873,1041517.09
2026-07-30 11:00:00+00:00,0.0874,0.0882,0.0871,0.0877,1007688.71
2026-07-30 12:00:00+00:00,0.0877,0.0881,0.0874,0.0875,831099.79
2026-07-30 13:00:00+00:00,0.0876,0.0887,0.0873,0.0885,1767447.39
2026-07-30 14:00:00+00:00,0.0885,0.0888,0.0881,0.0883,1004781.3
2026-07-30 15:00:00+00:00,0.0884,0.0888,0.0881,0.0887,741541.53
2026-07-30 16:00:00+00:00,0.0887,0.089,0.0877,0.0884,2112860.7
2026-07-30 17:00:00+00:00,0.0884,0.089,0.0882,0.0886,505069.32
2026-07-30 18:00:00+00:00,0.0886,0.0889,0.0885,0.0886,319015.32
2026-07-30 19:00:00+00:00,0.0885,0.0892,0.0885,0.0891,1193618.06
2026-07-30 20:00:00+00:00,0.0891,0.0895,0.089,0.089,626822.48
2026-07-30 21:00:00+00:00,0.089,0.0894,0.0886,0.0888,609126.48
2026-07-30 22:00:00+00:00,0.0887,0.0889,0.0886,0.0887,373433.24
2026-07-30 23:00:00+00:00,0.0886,0.0887,0.088,0.088,551782.7
2026-07-31 00:00:00+00:00,0.088,0.0883,0.0877,0.0882,430826.96
2026-07-31 01:00:00+00:00,0.0883,0.089,0.0879,0.088,584328.81
2026-07-31 02:00:00+00:00,0.088,0.088,0.0875,0.0876,931109.79
2026-07-31 03:00:00+00:00,0.0876,0.0881,0.0874,0.0879,616308.38
2026-07-31 04:00:00+00:00,0.0878,0.0878,0.087,0.0871,860525.53
2026-07-31 05:00:00+00:00,0.0871,0.0874,0.0871,0.0874,725647.83
2026-07-31 06:00:00+00:00,0.0873,0.0881,0.0872,0.0875,1635441.6
2026-07-31 07:00:00+00:00,0.0874,0.0883,0.0869,0.0882,921684.45
2026-07-31 08:00:00+00:00,0.0882,0.0883,0.0877,0.0879,708475.58
2026-07-31 09:00:00+00:00,0.088,0.0881,0.0857,0.0863,4020742.82
2026-07-31 10:00:00+00:00,0.0863,0.0863,0.0854,0.0856,2140571.65
2026-07-31 11:00:00+00:00,0.0856,0.0858,0.0849,0.0852,2023755.78
2026-07-31 12:00:00+00:00,0.0851,0.0855,0.0845,0.0854,1535991.95
2026-07-31 13:00:00+00:00,0.0855,0.0861,0.0851,0.0852,1228957.38
2026-07-31 14:00:00+00:00,0.0852,0.0856,0.0842,0.0852,2780194.0
2026-07-31 15:00:00+00:00,0.0851,0.0857,0.085,0.0852,1830781.4
2026-07-31 16:00:00+00:00,0.0852,0.0861,0.0852,0.0859,820548.56
2026-07-31 17:00:00+00:00,0.0859,0.0871,0.0859,0.0869,912391.53
2026-07-31 18:00:00+00:00,0.087,0.0871,0.0863,0.0865,929409.65
2026-07-31 19:00:00+00:00,0.0866,0.0868,0.0858,0.0859,433902.39
2026-07-31 20:00:00+00:00,0.0859,0.0862,0.0857,0.0857,690741.35
2026-07-31 21:00:00+00:00,0.0857,0.0859,0.0853,0.0853,266274.4
2026-07-31 22:00:00+00:00,0.0853,0.0856,0.0852,0.0854,281286.39
2026-07-31 23:00:00+00:00,0.0854,0.0856,0.085,0.0852,605942.35
2026-08-01 00:00:00+00:00,0.0853,0.0859,0.0851,0.0853,907028.9
2026-08-01 01:00:00+00:00,0.0854,0.0859,0.0854,0.0856,463030.8
2026-08-01 02:00:00+00:00,0.0857,0.086,0.0855,0.0858,439826.69
2026-08-01 03:00:00+00:00,0.0857,0.0857,0.0855,0.0856,200852.66
2026-08-01 04:00:00+00:00,0.0857,0.0862,0.0857,0.0861,206492.18
2026-08-01 05:00:00+00:00,0.0861,0.0862,0.0854,0.0857,162193.09
2026-08-01 06:00:00+00:00,0.0856,0.0857,0.0854,0.0856,270591.62
2026-08-01 07:00:00+00:00,0.0856,0.0859,0.0854,0.0854,337063.46
2026-08-01 08:00:00+00:00,0.0854,0.0856,0.085,0.0851,1136322.28
2026-08-01 09:00:00+00:00,0.085,0.0851,0.0849,0.0849,225042.24
2026-08-01 10:00:00+00:00,0.085,0.0851,0.0844,0.0851,674589.08
2026-08-01 11:00:00+00:00,0.0851,0.0854,0.085,0.0853,124936.32
2026-08-01 12:00:00+00:00,0.0854,0.0855,0.0852,0.0852,142708.09
2026-08-01 13:00:00+00:00,0.0852,0.0855,0.0852,0.0854,155029.39
2026-08-01 14:00:00+00:00,0.0854,0.0856,0.0852,0.0854,348682.52
2026-08-01 15:00:00+00:00,0.0854,0.0854,0.0849,0.0849,602040.24
2026-08-01 16:00:00+00:00,0.0849,0.0852,0.0847,0.0848,713965.21
2026-08-01 17:00:00+00:00,0.0848,0.085,0.0834,0.0838,1500976.22
2026-08-01 18:00:00+00:00,0.0837,0.0837,0.0818,0.0829,3430535.9
2026-08-01 19:00:00+00:00,0.0829,0.0833,0.0828,0.083,921740.7
2026-08-01 20:00:00+00:00,0.0829,0.0829,0.0824,0.0827,452894.37
2026-08-01 21:00:00+00:00,0.0828,0.0833,0.0828,0.0833,452365.95
2026-08-01 22:00:00+00:00,0.0834,0.0835,0.083,0.083,311551.69
2026-08-01 23:00:00+00:00,0.0831,0.0831,0.0828,0.0831,336824.79
2026-08-02 00:00:00+00:00,0.0831,0.0832,0.0829,0.0831,295742.02
2026-08-02 01:00:00+00:00,0.0832,0.0836,0.0831,0.0834,529900.69
2026-08-02 02:00:00+00:00,0.0834,0.0845,0.0833,0.0844,847942.34
2026-08-02 03:00:00+00:00,0.0845,0.0849,0.0842,0.0842,1011070.29
2026-08-02 04:00:00+00:00,0.0843,0.0848,0.0842,0.0848,449557.15
2026-08-02 05:00:00+00:00,0.0848,0.0852,0.0845,0.0851,1034273.56
2026-08-02 06:00:00+00:00,0.0851,0.0852,0.0847,0.0849,630577.23
2026-08-02 07:00:00+00:00,0.085,0.0858,0.0849,0.0857,1112207.24
2026-08-02 08:00:00+00:00,0.0857,0.0857,0.085,0.085,1009711.36
2026-08-02 09:00:00+00:00,0.085,0.0857,0.0847,0.0854,1115796.91
2026-08-02 10:00:00+00:00,0.0854,0.0859,0.0854,0.0856,846516.57
2026-08-02 11:00:00+00:00,0.0855,0.0859,0.0853,0.0855,796744.79
2026-08-02 12:00:00+00:00,0.0855,0.086,0.0855,0.086,602215.89
2026-08-02 13:00:00+00:00,0.0859,0.0861,0.0855,0.0857,666892.59
2026-08-02 14:00:00+00:00,0.0857,0.0861,0.0855,0.0858,437618.87
2026-08-02 15:00:00+00:00,0.0858,0.086,0.0852,0.0853,592847.65
2026-08-02 16:00:00+00:00,0.0853,0.0861,0.0852,0.086,777107.26
2026-08-02 17:00:00+00:00,0.086,0.0869,0.086,0.086,1180464.48
2026-08-02 18:00:00+00:00,0.086,0.0864,0.0859,0.0861,370915.71
2026-08-02 19:00:00+00:00,0.0861,0.0861,0.0857,0.0859,688620.6
2026-08-02 20:00:00+00:00,0.086,0.086,0.0856,0.0858,136597.67
2026-08-02 21:00:00+00:00,0.0857,0.0866,0.0857,0.0865,401922.17
2026-08-02 22:00:00+00:00,0.0865,0.0879,0.0865,0.0867,1939089.75
2026-08-02 23:00:00+00:00,0.0867,0.0871,0.0865,0.0866,1137973.81
2026-08-03 00:00:00+00:00,0.0867,0.0869,0.0863,0.0866,2398128.31
2026-08-03 01:00:00+00:00,0.0866,0.0867,0.0858,0.0859,1058560.55
2026-08-03 02:00:00+00:00,0.0859,0.0861,0.0856,0.0857,403409.77
2026-08-03 03:00:00+00:00,0.0856,0.0859,0.0853,0.0857,427557.46
2026-08-03 04:00:00+00:00,0.0856,0.0863,0.0854,0.0854,950574.4
2026-08-03 05:00:00+00:00,0.0855,0.0866,0.0855,0.0866,461272.89
2026-08-03 06:00:00+00:00,0.0866,0.0868,0.0857,0.0859,486579.49
2026-08-03 07:00:00+00:00,0.0858,0.0859,0.0854,0.0857,689145.78
2026-08-03 08:00:00+00:00,0.0857,0.086,0.0849,0.086,1535270.04
2026-08-03 09:00:00+00:00,0.0859,0.0865,0.0858,0.0864,517974.36
2026-08-03 10:00:00+00:00,0.0865,0.0866,0.086,0.0861,291789.46
2026-08-03 11:00:00+00:00,0.086,0.0865,0.0859,0.0862,415738.95
2026-08-03 12:00:00+00:00,0.0862,0.0867,0.0861,0.0864,1019339.75
2026-08-03 13:00:00+00:00,0.0865,0.0875,0.0861,0.0873,1165839.87
2026-08-03 14:00:00+00:00,0.0873,0.0877,0.0871,0.0875,1319027.54
2026-08-03 15:00:00+00:00,0.0875,0.0876,0.087,0.0874,1015696.06
2026-08-03 16:00:00+00:00,0.0875,0.088,0.0875,0.0878,576917.92
2026-08-03 17:00:00+00:00,0.0878,0.0885,0.0871,0.0873,1392524.62
2026-08-03 18:00:00+00:00,0.0873,0.0876,0.0872,0.0873,583403.4
2026-08-03 19:00:00+00:00,0.0873,0.0874,0.0871,0.0871,450479.87
2026-08-03 20:00:00+00:00,0.0871,0.0875,0.087,0.0873,485846.24
2026-08-03 21:00:00+00:00,0.0874,0.0878,0.0872,0.0875,478059.62
2026-08-03 22:00:00+00:00,0.0875,0.0875,0.087,0.0873,744267.77
2026-08-03 23:00:00+00:00,0.0873,0.0883,0.0873,0.0883,950475.02
2026-08-04 00:00:00+00:00,0.0882,0.0887,0.0879,0.088,1025502.74
2026-08-04 01:00:00+00:00,0.088,0.0894,0.088,0.0894,1978683.03
2026-08-04 02:00:00+00:00,0.0894,0.0896,0.089,0.0892,1260919.91
2026-08-04 03:00:00+00:00,0.0892,0.0895,0.0888,0.0893,865881.95
2026-08-04 04:00:00+00:00,0.0892,0.0899,0.0889,0.0895,816318.76
2026-08-04 05:00:00+00:00,0.0895,0.0896,0.089,0.0894,579512.98
2026-08-04 06:00:00+00:00,0.0894,0.0896,0.0888,0.0888,883069.38
2026-08-04 07:00:00+00:00,0.0887,0.089,0.0884,0.0889,946039.13
2026-08-04 08:00:00+00:00,0.0889,0.0889,0.0885,0.0885,272091.44
2026-08-04 09:00:00+00:00,0.0884,0.0887,0.0884,0.0887,532040.86
2026-08-04 10:00:00+00:00,0.0886,0.0893,0.0885,0.0891,676879.68
2026-08-04 11:00:00+00:00,0.0891,0.0892,0.0885,0.0888,623769.52
2026-08-04 12:00:00+00:00,0.0888,0.0888,0.088,0.0881,765518.73
2026-08-04 13:00:00+00:00,0.088,0.0882,0.0876,0.0877,1568975.09
2026-08-04 14:00:00+00:00,0.0877,0.0885,0.0873,0.0879,1829001.91
2026-08-04 15:00:00+00:00,0.0879,0.0882,0.0874,0.0882,508785.87
2026-08-04 16:00:00+00:00,0.0882,0.0887,0.088,0.0881,1164040.5
2026-08-04 17:00:00+00:00,0.0881,0.0884,0.0879,0.0881,416535.09
2026-08-04 18:00:00+00:00,0.0881,0.0888,0.0881,0.0885,465229.49
2026-08-04 19:00:00+00:00,0.0886,0.0889,0.0885,0.0886,1167695.7
2026-08-04 20:00:00+00:00,0.0887,0.0892,0.0884,0.0889,1326074.14
2026-08-04 21:00:00+00:00,0.0889,0.0889,0.0886,0.0886,208165.67
2026-08-04 22:00:00+00:00,0.0886,0.0895,0.0885,0.0895,960000.13
2026-08-04 23:00:00+00:00,0.0895,0.0896,0.0889,0.0889,611966.04
2026-08-05 00:00:00+00:00,0.089,0.0892,0.0885,0.0887,547155.24
2026-08-05 01:00:00+00:00,0.0887,0.0891,0.0886,0.0889,447182.38
2026-08-05 02:00:00+00:00,0.0889,0.0891,0.0886,0.0891,632662.13
2026-08-05 03:00:00+00:00,0.089,0.0891,0.0881,0.0881,1109491.13
2026-08-05 04:00:00+00:00,0.0881,0.0883,0.088,0.0881,341786.25
2026-08-05 05:00:00+00:00,0.088,0.0886,0.088,0.0884,269919.05
2026-08-05 06:00:00+00:00,0.0884,0.0888,0.0882,0.0887,436438.58
2026-08-05 07:00:00+00:00,0.0886,0.0888,0.0884,0.0887,369448.99
2026-08-05 08:00:00+00:00,0.0887,0.0893,0.0885,0.0885,824040.02
2026-08-05 09:00:00+00:00,0.0885,0.0887,0.0883,0.0883,469136.15
2026-08-05 10:00:00+00:00,0.0883,0.0885,0.0881,0.0882,698190.42
2026-08-05 11:00:00+00:00,0.0882,0.0883,0.088,0.088,351388.5
2026-08-05 12:00:00+00:00,0.088,0.0889,0.088,0.0884,775487.11
2026-08-05 13:00:00+00:00,0.0884,0.0884,0.0865,0.087,2917999.25
2026-08-05 14:00:00+00:00,0.087,0.0879,0.0869,0.0878,931856.09
2026-08-05 15:00:00+00:00,0.0877,0.0882,0.0872,0.0873,1403295.86
2026-08-05 16:00:00+00:00,0.0872,0.0889,0.0872,0.0885,1508764.75
2026-08-05 17:00:00+00:00,0.0885,0.0894,0.0882,0.0892,767659.29
2026-08-05 18:00:00+00:00,0.0891,0.0893,0.0883,0.0885,1048497.55
2026-08-05 19:00:00+00:00,0.0886,0.0886,0.0882,0.0883,222258.85
2026-08-05 20:00:00+00:00,0.0883,0.0886,0.0881,0.0883,464689.67
2026-08-05 21:00:00+00:00,0.0883,0.0883,0.0879,0.0879,161696.05
2026-08-05 22:00:00+00:00,0.0879,0.088,0.0876,0.0877,233024.49
2026-08-05 23:00:00+00:00,0.0876,0.0881,0.0875,0.088,591779.81
2026-08-06 00:00:00+00:00,0.088,0.0886,0.088,0.0883,434136.33
2026-08-06 01:00:00+00:00,0.0883,0.0885,0.0876,0.0876,509083.91
2026-08-06 02:00:00+00:00,0.0876,0.0877,0.0871,0.0873,463210.58
2026-08-06 03:00:00+00:00,0.0873,0.0874,0.087,0.0873,364273.08
2026-08-06 04:00:00+00:00,0.0873,0.088,0.0872,0.0878,612535.79
2026-08-06 05:00:00+00:00,0.0879,0.0885,0.0878,0.0878,466893.78
2026-08-06 06:00:00+00:00,0.0878,0.0882,0.0877,0.0879,296757.18
2026-08-06 07:00:00+00:00,0.0879,0.0882,0.0878,0.0878,403393.29
2026-08-06 08:00:00+00:00,0.0878,0.0881,0.0876,0.088,382825.29
2026-08-06 09:00:00+00:00,0.0879,0.0879,0.0869,0.0872,558198.32
2026-08-06 10:00:00+00:00,0.0872,0.0872,0.0867,0.0867,780181.34
2026-08-06 11:00:00+00:00,0.0867,0.0872,0.0865,0.0871,139150.65
2026-08-06 12:00:00+00:00,0.087,0.087,0.0866,0.0866,213839.38
2026-08-06 13:00:00+00:00,0.0866,0.0869,0.0853,0.0869,2588537.38
2026-08-06 14:00:00+00:00,0.0868,0.087,0.0863,0.0869,785641.42
2026-08-06 15:00:00+00:00,0.0869,0.0876,0.0868,0.0874,534904.22
2026-08-06 16:00:00+00:00,0.0874,0.0883,0.0873,0.0882,965923.21
2026-08-06 17:00:00+00:00,0.0883,0.0886,0.0875,0.0877,720759.93
2026-08-06 18:00:00+00:00,0.0877,0.0877,0.0868,0.0869,605078.38
2026-08-06 19:00:00+00:00,0.0869,0.087,0.0866,0.0866,265879.06
2026-08-06 20:00:00+00:00,0.0866,0.087,0.0865,0.0866,199320.71
2026-08-06 21:00:00+00:00,0.0867,0.0871,0.0864,0.087,814675.86
2026-08-06 22:00:00+00:00,0.0869,0.087,0.0861,0.0862,484561.78
2026-08-06 23:00:00+00:00,0.0861,0.0863,0.0859,0.0863,461119.19
2026-08-07 00:00:00+00:00,0.0862,0.0871,0.0862,0.0871,504695.12
2026-08-07 01:00:00+00:00,0.0871,0.0877,0.087,0.0876,689228.24
2026-08-07 02:00:00+00:00,0.0876,0.0879,0.0873,0.0878,1450256.71
2026-08-07 03:00:00+00:00,0.0878,0.0882,0.0876,0.0877,714322.64
2026-08-07 04:00:00+00:00,0.0876,0.0882,0.0872,0.0874,623116.54
2026-08-07 05:00:00+00:00,0.0875,0.0889,0.0874,0.0886,1395636.42
2026-08-07 06:00:00+00:00,0.0887,0.0894,0.0884,0.0892,1382560.2
2026-08-07 07:00:00+00:00,0.0891,0.0893,0.0887,0.0893,528454.0
2026-08-07 08:00:00+00:00,0.0893,0.0897,0.0888,0.0889,1745481.1
2026-08-07 09:00:00+00:00,0.0888,0.089,0.0885,0.0887,1496564.83
2026-08-07 10:00:00+00:00,0.0888,0.0888,0.0885,0.0886,210411.29
2026-08-07 11:00:00+00:00,0.0887,0.0892,0.0886,0.0889,841768.31
2026-08-07 12:00:00+00:00,0.0889,0.0895,0.0882,0.0883,2638014.71
2026-08-07 13:00:00+00:00,0.0884,0.0884,0.0879,0.088,713840.58
2026-08-07 14:00:00+00:00,0.088,0.088,0.086,0.0866,2888888.22
2026-08-07 15:00:00+00:00,0.0865,0.087,0.086,0.0868,1340245.04
2026-08-07 16:00:00+00:00,0.0867,0.0871,0.0864,0.0864,649454.98
2026-08-07 17:00:00+00:00,0.0865,0.0865,0.0855,0.0863,1656141.04
2026-08-07 18:00:00+00:00,0.0862,0.0864,0.0859,0.086,292652.63
2026-08-07 19:00:00+00:00,0.086,0.0866,0.086,0.0865,415690.83
2026-08-07 20:00:00+00:00,0.0865,0.0865,0.086,0.0864,335594.52
2026-08-07 21:00:00+00:00,0.0864,0.0867,0.0862,0.0862,307416.46
2026-08-07 22:00:00+00:00,0.0862,0.0863,0.086,0.0862,425224.27
2026-08-07 23:00:00+00:00,0.0861,0.0863,0.086,0.0861,291074.1
2026-08-08 00:00:00+00:00,0.0861,0.0862,0.0859,0.0862,421065.22
2026-08-08 01:00:00+00:00,0.0863,0.0868,0.0863,0.0866,590590.42
2026-08-08 02:00:00+00:00,0.0866,0.0866,0.0862,0.0864,473663.73
2026-08-08 03:00:00+00:00,0.0865,0.0875,0.0865,0.0875,891204.8
2026-08-08 04:00:00+00:00,0.0875,0.0876,0.0873,0.0874,445786.77
2026-08-08 05:00:00+00:00,0.0874,0.0876,0.0872,0.0874,281321.54
2026-08-08 06:00:00+00:00,0.0875,0.0875,0.0867,0.0868,461748.36
2026-08-08 07:00:00+00:00,0.0868,0.0871,0.0867,0.0868,779655.06
2026-08-08 08:00:00+00:00,0.0869,0.0871,0.0867,0.087,436108.12
2026-08-08 09:00:00+00:00,0.0871,0.0878,0.0871,0.0876,1679974.73
2026-08-08 10:00:00+00:00,0.0876,0.0892,0.0876,0.0889,1413632.96
2026-08-08 11:00:00+00:00,0.089,0.0891,0.0886,0.0888,672347.87
2026-08-08 12:00:00+00:00,0.0887,0.0895,0.0887,0.0892,1680642.41
2026-08-08 13:00:00+00:00,0.0892,0.0894,0.0884,0.0885,880015.48
2026-08-08 14:00:00+00:00,0.0884,0.0891,0.0883,0.089,572781.64
2026-08-08 15:00:00+00:00,0.089,0.0891,0.0886,0.0889,606049.53
2026-08-08 16:00:00+00:00,0.089,0.0897,0.0888,0.0894,1454716.1
2026-08-08 17:00:00+00:00,0.0894,0.0894,0.089,0.0891,246008.52
2026-08-08 18:00:00+00:00,0.0892,0.0892,0.0887,0.0889,422462.91
2026-08-08 19:00:00+00:00,0.0889,0.0892,0.0889,0.089,213124.28
2026-08-08 20:00:00+00:00,0.089,0.0891,0.0888,0.0888,559341.7
2026-08-08 21:00:00+00:00,0.0889,0.0892,0.0888,0.0889,549985.22
2026-08-08 22:00:00+00:00,0.0889,0.0889,0.0881,0.0882,496969.62
2026-08-08 23:00:00+00:00,0.0882,0.0889,0.0882,0.0888,220692.6
2026-08-09 00:00:00+00:00,0.0887,0.0893,0.0887,0.0888,803941.84
2026-08-09 01:00:00+00:00,0.0888,0.0892,0.0885,0.0889,1074118.56
2026-08-09 02:00:00+00:00,0.0888,0.0892,0.0888,0.0889,485299.42
2026-08-09 03:00:00+00:00,0.089,0.0891,0.0884,0.0887,589531.44
2026-08-09 04:00:00+00:00,0.0887,0.0897,0.0887,0.0892,567403.08
2026-08-09 05:00:00+00:00,0.0891,0.0892,0.0882,0.0885,653146.35
2026-08-09 06:00:00+00:00,0.0886,0.0891,0.0885,0.0889,642901.31
2026-08-09 07:00:00+00:00,0.0889,0.089,0.0883,0.0883,657878.08
2026-08-09 08:00:00+00:00,0.0883,0.0887,0.0882,0.0885,264655.33
2026-08-09 09:00:00+00:00,0.0885,0.0885,0.0878,0.0882,359985.75
2026-08-09 10:00:00+00:00,0.0881,0.0884,0.088,0.0881,488310.14
2026-08-09 11:00:00+00:00,0.088,0.0883,0.0879,0.0882,189176.11
2026-08-09 12:00:00+00:00,0.0882,0.0886,0.088,0.0881,786704.08
2026-08-09 13:00:00+00:00,0.0882,0.0889,0.0882,0.0884,630022.92
2026-08-09 14:00:00+00:00,0.0884,0.0887,0.0883,0.0887,198072.02
2026-08-09 15:00:00+00:00,0.0888,0.0895,0.0887,0.0893,633862.26
2026-08-09 16:00:00+00:00,0.0894,0.0895,0.0891,0.0893,723710.52
2026-08-09 17:00:00+00:00,0.0894,0.0896,0.0892,0.0893,399087.65
2026-08-09 18:00:00+00:00,0.0893,0.0896,0.0892,0.0894,351854.44
2026-08-09 19:00:00+00:00,0.0894,0.0898,0.0893,0.0897,313730.84
2026-08-09 20:00:00+00:00,0.0898,0.0899,0.0894,0.0895,263625.14
2026-08-09 21:00:00+00:00,0.0896,0.0904,0.0895,0.0902,563029.31
2026-08-09 22:00:00+00:00,0.0902,0.0908,0.0889,0.0891,1103416.94
2026-08-09 23:00:00+00:00,0.089,0.0891,0.0878,0.0881,1280279.76
2026-08-10 00:00:00+00:00,0.088,0.0892,0.0879,0.0887,808805.67
2026-08-10 01:00:00+00:00,0.0887,0.0894,0.0884,0.0893,441194.29
2026-08-10 02:00:00+00:00,0.0894,0.0899,0.0885,0.0894,1308615.68
2026-08-10 03:00:00+00:00,0.0895,0.0896,0.0889,0.0893,624142.96
2026-08-10 04:00:00+00:00,0.0893,0.0898,0.0892,0.0892,731371.81
2026-08-10 05:00:00+00:00,0.0893,0.0905,0.0892,0.0903,467648.4
2026-08-10 06:00:00+00:00,0.0903,0.0914,0.0903,0.0912,1820883.14
2026-08-10 07:00:00+00:00,0.0913,0.092,0.0911,0.0913,1152720.08
2026-08-10 08:00:00+00:00,0.0913,0.0915,0.0907,0.0913,776530.31
2026-08-10 09:00:00+00:00,0.0913,0.0913,0.0904,0.0905,1369801.27
2026-08-10 10:00:00+00:00,0.0904,0.0911,0.0903,0.0909,465085.47
2026-08-10 11:00:00+00:00,0.0908,0.0912,0.0904,0.091,592357.01
2026-08-10 12:00:00+00:00,0.091,0.0912,0.0904,0.0909,963708.46
2026-08-10 13:00:00+00:00,0.0909,0.0914,0.0906,0.091,2432604.79
2026-08-10 14:00:00+00:00,0.0909,0.0914,0.0905,0.0905,1696113.15
2026-08-10 15:00:00+00:00,0.0905,0.0911,0.0901,0.091,1087154.99
2026-08-10 16:00:00+00:00,0.091,0.0912,0.0905,0.0908,1050981.99
2026-08-10 17:00:00+00:00,0.0908,0.0925,0.0906,0.0917,1835971.74
2026-08-10 18:00:00+00:00,0.0917,0.093,0.0917,0.0926,1843053.41
2026-08-10 19:00:00+00:00,0.0926,0.0926,0.0917,0.0918,1079005.82
2026-08-10 20:00:00+00:00,0.0918,0.0919,0.0914,0.0915,409840.53
2026-08-10 21:00:00+00:00,0.0914,0.0914,0.0906,0.0909,688516.91
2026-08-10 22:00:00+00:00,0.0908,0.0914,0.0906,0.0912,323413.25
2026-08-10 23:00:00+00:00,0.0911,0.0916,0.091,0.0915,405380.97
2026-08-11 00:00:00+00:00,0.0914,0.0917,0.0912,0.0913,443249.36
2026-08-11 01:00:00+00:00,0.0913,0.0925,0.0911,0.0922,916926.74
2026-08-11 02:00:00+00:00,0.0922,0.0927,0.0916,0.0917,509127.27
2026-08-11 03:00:00+00:00,0.0917,0.0917,0.0911,0.0912,312005.7
2026-08-11 04:00:00+00:00,0.0911,0.0911,0.0906,0.0908,909883.3
2026-08-11 05:00:00+00:00,0.0909,0.0911,0.0906,0.0909,379404.62
2026-08-11 06:00:00+00:00,0.0908,0.0912,0.0905,0.0907,536529.76
2026-08-11 07:00:00+00:00,0.0906,0.0907,0.0901,0.0901,450772.89
2026-08-11 08:00:00+00:00,0.0902,0.0905,0.0899,0.0902,524958.41
2026-08-11 09:00:00+00:00,0.0903,0.0907,0.09,0.0906,458646.96
2026-08-11 10:00:00+00:00,0.0906,0.0908,0.09,0.0904,503136.33
2026-08-11 11:00:00+00:00,0.0904,0.0914,0.0904,0.0913,688986.29
2026-08-11 12:00:00+00:00,0.0912,0.0913,0.0909,0.0909,358819.91
2026-08-11 13:00:00+00:00,0.0909,0.0914,0.0907,0.091,1114563.28
2026-08-11 14:00:00+00:00,0.0909,0.091,0.0889,0.0891,2136878.77
2026-08-11 15:00:00+00:00,0.0891,0.0897,0.0883,0.0885,2044667.69
2026-08-11 16:00:00+00:00,0.0885,0.0892,0.088,0.0888,2780930.23
2026-08-11 17:00:00+00:00,0.0888,0.0895,0.0888,0.089,931775.34
2026-08-11 18:00:00+00:00,0.089,0.0893,0.0886,0.0892,440912.97
2026-08-11 19:00:00+00:00,0.0893,0.0903,0.089,0.0903,605011.08
2026-08-11 20:00:00+00:00,0.0903,0.0913,0.0903,0.091,1596058.46
2026-08-11 21:00:00+00:00,0.0909,0.0913,0.0907,0.0912,615989.01
2026-08-11 22:00:00+00:00,0.0913,0.0914,0.0908,0.091,206142.47
2026-08-11 23:00:00+00:00,0.091,0.0913,0.0908,0.0912,198907.13
2026-08-12 00:00:00+00:00,0.0912,0.0918,0.0911,0.0914,813771.59
2026-08-12 01:00:00+00:00,0.0914,0.0917,0.0913,0.0914,533357.16
2026-08-12 02:00:00+00:00,0.0913,0.0922,0.0912,0.0919,787459.84
2026-08-12 03:00:00+00:00,0.0919,0.0919,0.0911,0.0911,389031.99
2026-08-12 04:00:00+00:00,0.0911,0.0912,0.0907,0.0908,943242.06
2026-08-12 05:00:00+00:00,0.0909,0.0921,0.0908,0.091,903763.24
2026-08-12 06:00:00+00:00,0.0909,0.0909,0.0901,0.0901,394471.88
2026-08-12 07:00:00+00:00,0.0901,0.0903,0.0897,0.0901,617534.54
2026-08-12 08:00:00+00:00,0.0901,0.0904,0.0899,0.09,230901.42
2026-08-12 09:00:00+00:00,0.0899,0.0905,0.0899,0.0902,481136.11
2026-08-12 10:00:00+00:00,0.0903,0.0906,0.09,0.0901,471549.55
2026-08-12 11:00:00+00:00,0.0902,0.0903,0.09,0.0902,474215.16
2026-08-12 12:00:00+00:00,0.0903,0.0911,0.0901,0.0905,1501240.9
2026-08-12 13:00:00+00:00,0.0904,0.0906,0.0901,0.0903,759085.76
2026-08-12 14:00:00+00:00,0.0903,0.0903,0.0884,0.0886,1811782.92
2026-08-12 15:00:00+00:00,0.0886,0.0894,0.0885,0.0892,595612.9
2026-08-12 16:00:00+00:00,0.0892,0.0895,0.0889,0.0893,917501.59
2026-08-12 17:00:00+00:00,0.0892,0.0896,0.089,0.0895,692446.12
2026-08-12 18:00:00+00:00,0.0896,0.0899,0.0895,0.0897,535813.24
2026-08-12 19:00:00+00:00,0.0897,0.0897,0.089,0.0892,537881.28
2026-08-12 20:00:00+00:00,0.0892,0.0898,0.0891,0.0894,275627.83
2026-08-12 21:00:00+00:00,0.0894,0.0895,0.0863,0.0867,2968010.26
2026-08-12 22:00:00+00:00,0.0867,0.0872,0.0854,0.0857,1792133.89
2026-08-12 23:00:00+00:00,0.0857,0.0862,0.0853,0.0861,1211938.64
2026-08-13 00:00:00+00:00,0.086,0.0862,0.0846,0.0848,2228440.68
2026-08-13 01:00:00+00:00,0.0848,0.0853,0.0845,0.085,1599978.21
2026-08-13 02:00:00+00:00,0.085,0.0853,0.0842,0.0853,1158840.0
2026-08-13 03:00:00+00:00,0.0853,0.0863,0.0851,0.0862,949737.16
2026-08-13 04:00:00+00:00,0.0862,0.0865,0.0861,0.0863,310795.24
2026-08-13 05:00:00+00:00,0.0863,0.087,0.0862,0.0867,1047551.47
2026-08-13 06:00:00+00:00,0.0867,0.087,0.0865,0.087,658480.49
2026-08-13 07:00:00+00:00,0.087,0.0872,0.0866,0.0866,948655.31
2026-08-13 08:00:00+00:00,0.0867,0.0869,0.0863,0.0864,800640.46
2026-08-13 09:00:00+00:00,0.0864,0.087,0.0862,0.087,870923.53
2026-08-13 10:00:00+00:00,0.0869,0.0872,0.0867,0.0868,816667.66
2026-08-13 11:00:00+00:00,0.0868,0.0869,0.086,0.0861,307929.9
2026-08-13 12:00:00+00:00,0.086,0.0865,0.0858,0.0862,708551.27
2026-08-13 13:00:00+00:00,0.0863,0.0872,0.0858,0.0871,1541658.13
2026-08-13 14:00:00+00:00,0.0872,0.0881,0.0872,0.0877,1233785.98
2026-08-13 15:00:00+00:00,0.0878,0.0878,0.0867,0.0867,1017458.38
2026-08-13 16:00:00+00:00,0.0868,0.0869,0.0853,0.086,2412827.15
2026-08-13 17:00:00+00:00,0.0861,0.0864,0.0858,0.086,484851.08
2026-08-13 18:00:00+00:00,0.086,0.0863,0.0857,0.0862,681751.01
2026-08-13 19:00:00+00:00,0.0862,0.0866,0.0862,0.0864,403592.98
2026-08-13 20:00:00+00:00,0.0864,0.0865,0.0861,0.0864,632361.67
2026-08-13 21:00:00+00:00,0.0864,0.0873,0.0864,0.087,470204.87
2026-08-13 22:00:00+00:00,0.087,0.0878,0.087,0.0878,605620.23
2026-08-13 23:00:00+00:00,0.0878,0.0888,0.0877,0.0887,1125420.88
2026-08-14 00:00:00+00:00,0.0887,0.0897,0.0886,0.0891,1830400.02
2026-08-14 01:00:00+00:00,0.0892,0.0893,0.0883,0.0885,1148688.94
2026-08-14 02:00:00+00:00,0.0885,0.0886,0.088,0.088,639722.84
2026-08-14 03:00:00+00:00,0.088,0.0881,0.0875,0.0876,448025.95
2026-08-14 04:00:00+00:00,0.0875,0.0882,0.0874,0.0876,1042622.74
2026-08-14 05:00:00+00:00,0.0876,0.0876,0.0872,0.0872,541575.97
2026-08-14 06:00:00+00:00,0.0872,0.0872,0.0864,0.0867,995708.76
2026-08-14 07:00:00+00:00,0.0867,0.0868,0.0861,0.0861,350157.05
2026-08-14 08:00:00+00:00,0.0861,0.0863,0.0857,0.0862,889704.37
2026-08-14 09:00:00+00:00,0.0863,0.0865,0.0857,0.0858,726551.36
2026-08-14 10:00:00+00:00,0.0857,0.086,0.0855,0.0856,545610.93
2026-08-14 11:00:00+00:00,0.0856,0.0858,0.0852,0.0853,559200.88
2026-08-14 12:00:00+00:00,0.0853,0.0855,0.0849,0.0853,557568.0
2026-08-14 13:00:00+00:00,0.0853,0.0856,0.085,0.0855,660991.68
2026-08-14 14:00:00+00:00,0.0855,0.0856,0.0849,0.085,382604.83
2026-08-14 15:00:00+00:00,0.085,0.0859,0.0848,0.0858,523202.09
2026-08-14 16:00:00+00:00,0.0857,0.0862,0.0856,0.0858,615301.07
2026-08-14 17:00:00+00:00,0.0857,0.0861,0.0856,0.0857,402420.38
2026-08-14 18:00:00+00:00,0.0857,0.0862,0.0856,0.0859,303162.71
2026-08-14 19:00:00+00:00,0.0858,0.0866,0.0857,0.0863,577112.1
2026-08-14 20:00:00+00:00,0.0863,0.0864,0.0859,0.0859,393630.87
2026-08-14 21:00:00+00:00,0.0859,0.086,0.0854,0.0856,215655.97
2026-08-14 22:00:00+00:00,0.0856,0.0857,0.0849,0.0852,445856.41
2026-08-14 23:00:00+00:00,0.0852,0.0864,0.0852,0.0864,375295.73
2026-08-15 00:00:00+00:00,0.0864,0.0868,0.0863,0.0866,750972.69
2026-08-15 01:00:00+00:00,0.0866,0.087,0.0863,0.0866,788432.06
2026-08-15 02:00:00+00:00,0.0866,0.0874,0.0866,0.0872,949361.49
2026-08-15 03:00:00+00:00,0.0872,0.0873,0.0868,0.0871,590488.05
2026-08-15 04:00:00+00:00,0.0872,0.0876,0.0872,0.0873,988429.73
2026-08-15 05:00:00+00:00,0.0873,0.0877,0.087,0.0875,688774.22
2026-08-15 06:00:00+00:00,0.0875,0.0876,0.0868,0.0869,828466.73
2026-08-15 07:00:00+00:00,0.0869,0.0869,0.0863,0.0864,712910.98
2026-08-15 08:00:00+00:00,0.0864,0.0867,0.0861,0.0862,263791.38
2026-08-15 09:00:00+00:00,0.0862,0.0866,0.086,0.0864,791372.69
2026-08-15 10:00:00+00:00,0.0864,0.0865,0.086,0.0863,870096.92
2026-08-15 11:00:00+00:00,0.0863,0.0867,0.0862,0.0864,378781.47
2026-08-15 12:00:00+00:00,0.0863,0.0865,0.086,0.0862,227537.63
2026-08-15 13:00:00+00:00,0.0862,0.0863,0.0859,0.086,360756.08
2026-08-15 14:00:00+00:00,0.086,0.0861,0.0858,0.086,147710.99
2026-08-15 15:00:00+00:00,0.0859,0.0862,0.0859,0.086,137147.39
2026-08-15 16:00:00+00:00,0.086,0.0862,0.0859,0.0859,322016.7
2026-08-15 17:00:00+00:00,0.0859,0.086,0.0856,0.0859,200787.96
2026-08-15 18:00:00+00:00,0.0859,0.0859,0.0853,0.0857,465405.26
2026-08-15 19:00:00+00:00,0.0855,0.0857,0.0855,0.0857,68388.06
2026-08-15 20:00:00+00:00,0.0856,0.0856,0.0853,0.0854,103079.17
2026-08-15 21:00:00+00:00,0.0854,0.0858,0.0853,0.0856,172531.13
2026-08-15 22:00:00+00:00,0.0856,0.0857,0.0854,0.0854,69139.79
2026-08-15 23:00:00+00:00,0.0854,0.0854,0.0847,0.085,931181.62
2026-08-16 00:00:00+00:00,0.0849,0.0854,0.0849,0.0852,479128.64
2026-08-16 01:00:00+00:00,0.0851,0.0852,0.0846,0.0848,662197.57
2026-08-16 02:00:00+00:00,0.0849,0.0854,0.0847,0.0852,292702.47
2026-08-16 03:00:00+00:00,0.0852,0.0854,0.0851,0.0852,137117.8
2026-08-16 04:00:00+00:00,0.0852,0.0852,0.0849,0.0849,128066.79
2026-08-16 05:00:00+00:00,0.0849,0.0852,0.0849,0.0849,460649.46
2026-08-16 06:00:00+00:00,0.0849,0.0849,0.0846,0.0847,200672.32
2026-08-16 07:00:00+00:00,0.0847,0.0851,0.0846,0.0851,188150.14
2026-08-16 08:00:00+00:00,0.0852,0.0853,0.0849,0.085,228962.59
2026-08-16 09:00:00+00:00,0.0851,0.0852,0.085,0.0851,327157.01
2026-08-16 10:00:00+00:00,0.085,0.0852,0.0847,0.0847,277280.43
2026-08-16 11:00:00+00:00,0.0848,0.0852,0.0847,0.085,165748.99
2026-08-16 12:00:00+00:00,0.085,0.0851,0.0848,0.0849,324204.36
2026-08-16 13:00:00+00:00,0.0849,0.0852,0.0848,0.085,447174.7
2026-08-16 14:00:00+00:00,0.0849,0.0854,0.0848,0.0852,184441.76
2026-08-16 15:00:00+00:00,0.0852,0.0857,0.0851,0.0856,320776.61
2026-08-16 16:00:00+00:00,0.0855,0.0857,0.0851,0.0852,406851.28
2026-08-16 17:00:00+00:00,0.0852,0.0853,0.0848,0.0849,165246.9
2026-08-16 18:00:00+00:00,0.0848,0.0849,0.0838,0.0841,1274951.95
2026-08-16 19:00:00+00:00,0.0841,0.0844,0.0841,0.0843,281489.71
2026-08-16 20:00:00+00:00,0.0843,0.0844,0.0838,0.0839,204284.0
2026-08-16 21:00:00+00:00,0.0838,0.0841,0.082,0.083,2168372.67
2026-08-16 22:00:00+00:00,0.083,0.0834,0.0828,0.0832,673985.67
2026-08-16 23:00:00+00:00,0.0833,0.0836,0.0832,0.0835,600646.05
2026-08-17 00:00:00+00:00,0.0834,0.0837,0.0831,0.0836,822027.99
2026-08-17 01:00:00+00:00,0.0836,0.0844,0.0836,0.0839,619499.91
2026-08-17 02:00:00+00:00,0.0839,0.0848,0.0836,0.0847,481981.13
2026-08-17 03:00:00+00:00,0.0848,0.0848,0.0843,0.0845,830662.57
2026-08-17 04:00:00+00:00,0.0846,0.0851,0.0846,0.085,418032.48
2026-08-17 05:00:00+00:00,0.085,0.085,0.0846,0.0848,356473.74
2026-08-17 06:00:00+00:00,0.0848,0.0857,0.0847,0.0855,615306.5
2026-08-17 07:00:00+00:00,0.0856,0.0856,0.085,0.085,713710.25
2026-08-17 08:00:00+00:00,0.0849,0.0849,0.0841,0.0843,1041494.16
2026-08-17 09:00:00+00:00,0.0843,0.0844,0.0842,0.0842,331041.26
2026-08-17 10:00:00+00:00,0.0842,0.0844,0.0839,0.0843,299743.29
2026-08-17 11:00:00+00:00,0.0844,0.0845,0.084,0.084,337043.33
2026-08-17 12:00:00+00:00,0.084,0.0841,0.0837,0.0838,304897.98
2026-08-17 13:00:00+00:00,0.0837,0.0843,0.0835,0.0839,573378.92
2026-08-17 14:00:00+00:00,0.0839,0.0839,0.0834,0.0839,424150.0
2026-08-17 15:00:00+00:00,0.0839,0.0842,0.0834,0.084,672126.5
2026-08-17 16:00:00+00:00,0.084,0.0841,0.0837,0.084,783688.07
2026-08-17 17:00:00+00:00,0.0839,0.0844,0.0837,0.0838,938658.47
2026-08-17 18:00:00+00:00,0.0837,0.0841,0.0835,0.0839,794738.28
2026-08-17 19:00:00+00:00,0.0839,0.0839,0.0837,0.0837,145791.12
2026-08-17 20:00:00+00:00,0.0836,0.084,0.0836,0.0838,200571.85
2026-08-17 21:00:00+00:00,0.0839,0.0839,0.0837,0.0838,243394.05
2026-08-17 22:00:00+00:00,0.0839,0.084,0.0835,0.0837,1265322.68
2026-08-17 23:00:00+00:00,0.0836,0.0844,0.0836,0.0843,241216.44
2026-08-18 00:00:00+00:00,0.0843,0.0845,0.084,0.0844,466606.45
2026-08-18 01:00:00+00:00,0.0844,0.0845,0.0833,0.0833,766037.98
2026-08-18 02:00:00+00:00,0.0832,0.0833,0.0808,0.0812,3925521.71
2026-08-18 03:00:00+00:00,0.0812,0.0816,0.0807,0.0815,1755394.13
2026-08-18 04:00:00+00:00,0.0814,0.082,0.081,0.082,2877546.25
2026-08-18 05:00:00+00:00,0.0819,0.0824,0.0816,0.0818,3231169.73
2026-08-18 06:00:00+00:00,0.0817,0.0824,0.0815,0.0822,2293783.2
2026-08-18 07:00:00+00:00,0.0822,0.0827,0.0818,0.0827,5269099.95
2026-08-18 08:00:00+00:00,0.0827,0.083,0.0824,0.0828,753014.58
2026-08-18 09:00:00+00:00,0.0829,0.0832,0.0827,0.0827,743684.42
2026-08-18 10:00:00+00:00,0.0828,0.0828,0.0824,0.0824,443946.97
2026-08-18 11:00:00+00:00,0.0824,0.0829,0.0824,0.0827,540080.44
2026-08-18 12:00:00+00:00,0.0827,0.0828,0.0822,0.0822,628232.69
2026-08-18 13:00:00+00:00,0.0821,0.0825,0.0819,0.082,734232.37
2026-08-18 14:00:00+00:00,0.082,0.0834,0.082,0.0822,1596102.45
2026-08-18 15:00:00+00:00,0.0821,0.0832,0.0821,0.0831,1292713.4
2026-08-18 16:00:00+00:00,0.0832,0.0832,0.0825,0.0825,621605.09
2026-08-18 17:00:00+00:00,0.0825,0.0826,0.0823,0.0824,275504.35
2026-08-18 18:00:00+00:00,0.0824,0.0826,0.0823,0.0825,458296.69
2026-08-18 19:00:00+00:00,0.0825,0.0827,0.0822,0.0822,247324.73
2026-08-18 20:00:00+00:00,0.0821,0.0824,0.0818,0.0819,281969.43
2026-08-18 21:00:00+00:00,0.0819,0.0821,0.0816,0.082,274358.3
2026-08-18 22:00:00+00:00,0.082,0.0821,0.0817,0.0818,516668.63
2026-08-18 23:00:00+00:00,0.0817,0.0823,0.0817,0.0821,263781.5
2026-08-19 00:00:00+00:00,0.0821,0.0821,0.0818,0.0818,884920.18
2026-08-19 01:00:00+00:00,0.0818,0.0822,0.0817,0.0821,558629.02
2026-08-19 02:00:00+00:00,0.082,0.0821,0.0813,0.0815,687358.09
2026-08-19 03:00:00+00:00,0.0815,0.0821,0.0812,0.0819,369464.06
2026-08-19 04:00:00+00:00,0.0819,0.0819,0.0813,0.0813,252598.96
2026-08-19 05:00:00+00:00,0.0813,0.0817,0.0813,0.0814,293910.54
2026-08-19 06:00:00+00:00,0.0814,0.0819,0.0811,0.0818,545594.27
2026-08-19 07:00:00+00:00,0.0819,0.0819,0.0816,0.0817,335316.55
2026-08-19 08:00:00+00:00,0.0816,0.0823,0.0816,0.082,452060.39
2026-08-19 09:00:00+00:00,0.082,0.0821,0.0817,0.0817,382431.28
2026-08-19 10:00:00+00:00,0.0817,0.082,0.0816,0.082,443539.96
2026-08-19 11:00:00+00:00,0.082,0.0824,0.082,0.0823,299404.58
2026-08-19 12:00:00+00:00,0.0823,0.0832,0.0822,0.083,562097.26
2026-08-19 13:00:00+00:00,0.083,0.0834,0.0826,0.0827,1103474.6
2026-08-19 14:00:00+00:00,0.0827,0.084,0.0827,0.0838,1028211.62
2026-08-19 15:00:00+00:00,0.0838,0.0871,0.0836,0.0849,6854170.3
2026-08-19 16:00:00+00:00,0.0849,0.0862,0.0848,0.0857,1975466.71
2026-08-19 17:00:00+00:00,0.0857,0.0858,0.0849,0.0854,1292025.67
2026-08-19 18:00:00+00:00,0.0853,0.0854,0.0848,0.0853,531592.05
2026-08-19 19:00:00+00:00,0.0853,0.0865,0.0851,0.0864,1484513.18
2026-08-19 20:00:00+00:00,0.0864,0.089,0.0864,0.0889,3463346.11
2026-08-19 21:00:00+00:00,0.0889,0.092,0.0888,0.0915,5011439.34
2026-08-19 22:00:00+00:00,0.0916,0.0919,0.0898,0.0902,2698735.41
2026-08-19 23:00:00+00:00,0.0901,0.0905,0.0898,0.09,1354073.66
2026-08-20 00:00:00+00:00,0.09,0.0906,0.0894,0.0895,2040560.73
2026-08-20 01:00:00+00:00,0.0895,0.0899,0.0887,0.0896,2733068.1
2026-08-20 02:00:00+00:00,0.0896,0.0896,0.0886,0.0887,466053.17
2026-08-20 03:00:00+00:00,0.0888,0.0888,0.088,0.0882,835493.53
2026-08-20 04:00:00+00:00,0.0882,0.0886,0.0881,0.0886,452002.03
2026-08-20 05:00:00+00:00,0.0886,0.0888,0.0884,0.0887,706671.54
2026-08-20 06:00:00+00:00,0.0886,0.0901,0.0886,0.0899,757349.44
2026-08-20 07:00:00+00:00,0.0898,0.0901,0.0893,0.0898,1249727.18
2026-08-20 08:00:00+00:00,0.0899,0.0916,0.0898,0.0915,2320616.24
2026-08-20 09:00:00+00:00,0.0916,0.0917,0.0903,0.0906,2025053.46
2026-08-20 10:00:00+00:00,0.0906,0.0915,0.0905,0.0914,1035648.49
2026-08-20 11:00:00+00:00,0.0914,0.0925,0.091,0.0915,1953586.01
2026-08-20 12:00:00+00:00,0.0915,0.0918,0.0903,0.0913,1414177.11
2026-08-20 13:00:00+00:00,0.0913,0.092,0.0905,0.0918,1601185.49
2026-08-20 14:00:00+00:00,0.0919,0.0929,0.0918,0.0926,1737432.16
2026-08-20 15:00:00+00:00,0.0926,0.095,0.0926,0.0947,3178902.06
2026-08-20 16:00:00+00:00,0.0948,0.0965,0.0943,0.0963,3229297.55
2026-08-20 17:00:00+00:00,0.0963,0.0967,0.0956,0.0956,1220862.38
2026-08-20 18:00:00+00:00,0.0956,0.0957,0.0933,0.0935,1385610.59
2026-08-20 19:00:00+00:00,0.0934,0.0938,0.0931,0.0933,808005.15
2026-08-20 20:00:00+00:00,0.0933,0.0951,0.0933,0.0949,872212.94
2026-08-20 21:00:00+00:00,0.095,0.0957,0.0948,0.0956,2287081.31
2026-08-20 22:00:00+00:00,0.0956,0.0967,0.0954,0.0966,1267033.4
2026-08-20 23:00:00+00:00,0.0966,0.0983,0.0966,0.098,1658693.13
2026-08-21 00:00:00+00:00,0.098,0.0999,0.0969,0.0971,3968948.26
2026-08-21 01:00:00+00:00,0.0971,0.0981,0.0967,0.0978,1946194.53
2026-08-21 02:00:00+00:00,0.0979,0.0979,0.0967,0.097,1892677.1
2026-08-21 03:00:00+00:00,0.097,0.0973,0.0964,0.097,1166671.89
2026-08-21 04:00:00+00:00,0.097,0.0977,0.0955,0.0976,2607583.53
2026-08-21 05:00:00+00:00,0.0976,0.0984,0.0967,0.0979,2043532.62
2026-08-21 06:00:00+00:00,0.098,0.0991,0.0979,0.0982,2012701.72
2026-08-21 07:00:00+00:00,0.0982,0.0993,0.0979,0.0988,2420522.6
2026-08-21 08:00:00+00:00,0.0989,0.1017,0.0988,0.1016,3294998.13
2026-08-21 09:00:00+00:00,0.1015,0.1017,0.0979,0.1009,5777101.06
2026-08-21 10:00:00+00:00,0.1009,0.1017,0.1003,0.101,2725358.87
2026-08-21 11:00:00+00:00,0.101,0.1024,0.1002,0.1012,2962773.57
2026-08-21 12:00:00+00:00,0.1013,0.103,0.101,0.1015,2548349.32
2026-08-21 13:00:00+00:00,0.1015,0.1027,0.1004,0.1025,2037694.84
2026-08-21 14:00:00+00:00,0.1026,0.1046,0.102,0.104,2619670.6
2026-08-21 15:00:00+00:00,0.104,0.1054,0.1038,0.1047,2908778.75
2026-08-21 16:00:00+00:00,0.1048,0.1056,0.1038,0.1044,3020410.36
2026-08-21 17:00:00+00:00,0.1044,0.1048,0.1033,0.1038,1677107.54
2026-08-21 18:00:00+00:00,0.1038,0.104,0.1015,0.1022,2223857.27
2026-08-21 19:00:00+00:00,0.1021,0.1026,0.1003,0.1024,1849878.89
2026-08-21 20:00:00+00:00,0.1024,0.1054,0.102,0.1053,1609610.19
2026-08-21 21:00:00+00:00,0.1054,0.1072,0.1049,0.1067,2963332.07
2026-08-21 22:00:00+00:00,0.1068,0.1084,0.1066,0.108,2548798.28
2026-08-21 23:00:00+00:00,0.1081,0.1084,0.1068,0.1072,1709862.99
2026-08-22 00:00:00+00:00,0.1072,0.1089,0.1061,0.1088,2920615.74
2026-08-22 01:00:00+00:00,0.1088,0.1092,0.1079,0.1083,1430464.17
2026-08-22 02:00:00+00:00,0.1083,0.1121,0.1083,0.112,2849392.23
2026-08-22 03:00:00+00:00,0.1121,0.1174,0.1117,0.1167,4606148.76
2026-08-22 04:00:00+00:00,0.1167,0.1235,0.1167,0.122,7540955.6
2026-08-22 05:00:00+00:00,0.1219,0.1221,0.1019,0.1122,26685089.88
2026-08-22 06:00:00+00:00,0.1123,0.1131,0.1103,0.1123,3421355.41
2026-08-22 07:00:00+00:00,0.1123,0.1129,0.1108,0.1112,2619942.02
2026-08-22 08:00:00+00:00,0.1112,0.1122,0.1092,0.1105,2045156.8
2026-08-22 09:00:00+00:00,0.1106,0.1115,0.1078,0.109,3874239.27
2026-08-22 10:00:00+00:00,0.1091,0.1091,0.1052,0.1085,3741872.83
2026-08-22 11:00:00+00:00,0.1085,0.1095,0.1078,0.1092,1118997.44
2026-08-22 12:00:00+00:00,0.1091,0.112,0.1089,0.1092,2448688.14
2026-08-22 13:00:00+00:00,0.1091,0.11,0.1086,0.1092,1632079.59
2026-08-22 14:00:00+00:00,0.1092,0.1095,0.1076,0.1083,2366616.9
2026-08-22 15:00:00+00:00,0.1083,0.109,0.1078,0.1083,1668439.24
2026-08-22 16:00:00+00:00,0.1083,0.1113,0.1083,0.1107,2194131.55
2026-08-22 17:00:00+00:00,0.1107,0.1123,0.1103,0.1118,1651001.01
2026-08-22 18:00:00+00:00,0.1118,0.1125,0.1104,0.111,1360134.76
2026-08-22 19:00:00+00:00,0.1111,0.1115,0.1104,0.1111,816386.19
2026-08-22 20:00:00+00:00,0.1111,0.1114,0.1103,0.1105,548956.65
2026-08-22 21:00:00+00:00,0.1105,0.1105,0.1071,0.1074,1856125.91
2026-08-22 22:00:00+00:00,0.1074,0.1101,0.1067,0.1096,1506947.57
2026-08-22 23:00:00+00:00,0.1097,0.1099,0.1083,0.109,444163.43
2026-08-23 00:00:00+00:00,0.109,0.1112,0.1084,0.1103,1262714.71
2026-08-23 01:00:00+00:00,0.1103,0.1103,0.108,0.109,6292992.68
2026-08-23 02:00:00+00:00,0.1089,0.109,0.107,0.1075,1933189.58
2026-08-23 03:00:00+00:00,0.1075,0.1076,0.1054,0.1059,1179040.99
2026-08-23 04:00:00+00:00,0.1059,0.1064,0.1044,0.1046,2963164.14
2026-08-23 05:00:00+00:00,0.1046,0.1067,0.1038,0.1049,1954602.13
2026-08-23 06:00:00+00:00,0.1048,0.1067,0.1046,0.1058,1178758.08
2026-08-23 07:00:00+00:00,0.1058,0.1072,0.1057,0.1069,1144833.16
2026-08-23 08:00:00+00:00,0.1068,0.1084,0.1067,0.108,1195449.9
2026-08-23 09:00:00+00:00,0.1079,0.1092,0.1079,0.1091,724192.57
2026-08-23 10:00:00+00:00,0.1092,0.1108,0.1091,0.1101,2663383.28
2026-08-23 11:00:00+00:00,0.1101,0.1113,0.1098,0.1103,2448538.96
2026-08-23 12:00:00+00:00,0.1103,0.1116,0.1094,0.1115,1583503.34
2026-08-23 13:00:00+00:00,0.1115,0.1135,0.1114,0.1127,1843475.45
2026-08-23 14:00:00+00:00,0.1128,0.1138,0.1095,0.1121,3654150.06
2026-08-23 15:00:00+00:00,0.1122,0.1141,0.1116,0.1125,1758507.91
2026-08-23 16:00:00+00:00,0.1126,0.1159,0.1122,0.1132,3504137.37
2026-08-23 17:00:00+00:00,0.1132,0.1134,0.1121,0.1122,732491.39
2026-08-23 18:00:00+00:00,0.1122,0.1129,0.1119,0.1129,899523.13
2026-08-23 19:00:00+00:00,0.1128,0.1135,0.1123,0.1127,699657.68
2026-08-23 20:00:00+00:00,0.1126,0.1134,0.1121,0.1131,450916.11
2026-08-23 21:00:00+00:00,0.113,0.1147,0.113,0.1133,990459.42
2026-08-23 22:00:00+00:00,0.1133,0.1138,0.1124,0.113,909278.41
2026-08-23 23:00:00+00:00,0.113,0.1131,0.1117,0.1122,1038857.38
2026-08-24 00:00:00+00:00,0.1122,0.1122,0.1071,0.1115,3992113.76
2026-08-24 01:00:00+00:00,0.1116,0.1117,0.1086,0.1087,1958671.26
2026-08-24 02:00:00+00:00,0.1088,0.1107,0.1085,0.1098,1286847.43
2026-08-24 03:00:00+00:00,0.1099,0.11,0.1087,0.1087,639409.93
2026-08-24 04:00:00+00:00,0.1087,0.1105,0.1087,0.1097,544565.42
2026-08-24 05:00:00+00:00,0.1097,0.1109,0.1091,0.11,780596.45
2026-08-24 06:00:00+00:00,0.1099,0.1101,0.1087,0.1095,879269.45
2026-08-24 07:00:00+00:00,0.1095,0.1106,0.1086,0.1087,688022.47
2026-08-24 08:00:00+00:00,0.1087,0.109,0.1076,0.1083,1062935.42
2026-08-24 09:00:00+00:00,0.1082,0.1094,0.1082,0.1088,766353.16
2026-08-24 10:00:00+00:00,0.1088,0.1097,0.108,0.1082,1076115.75
2026-08-24 11:00:00+00:00,0.1083,0.1104,0.1074,0.1098,1351845.19
2026-08-24 12:00:00+00:00,0.1098,0.1111,0.1085,0.1102,1814884.47
2026-08-24 13:00:00+00:00,0.1102,0.1105,0.1071,0.108,1989303.03
2026-08-24 14:00:00+00:00,0.108,0.1098,0.1078,0.1092,2201782.28
2026-08-24 15:00:00+00:00,0.1092,0.1108,0.1082,0.1086,1849160.16
2026-08-24 16:00:00+00:00,0.1087,0.1095,0.1081,0.1084,772805.88
2026-08-24 17:00:00+00:00,0.1083,0.1087,0.1064,0.1074,2394838.81
2026-08-24 18:00:00+00:00,0.1075,0.1082,0.1071,0.1072,959273.58
2026-08-24 19:00:00+00:00,0.1073,0.1076,0.1065,0.1072,681250.49
2026-08-24 20:00:00+00:00,0.1073,0.108,0.1066,0.1079,227306.91
2026-08-24 21:00:00+00:00,0.108,0.1084,0.1076,0.108,360227.59
2026-08-24 22:00:00+00:00,0.1079,0.108,0.1067,0.1068,548855.97
2026-08-24 23:00:00+00:00,0.1069,0.1078,0.1065,0.1077,331039.15
2026-08-25 00:00:00+00:00,0.1077,0.1092,0.1073,0.1089,1066803.91
2026-08-25 01:00:00+00:00,0.1089,0.1092,0.1075,0.1079,719524.84
2026-08-25 02:00:00+00:00,0.1078,0.1097,0.1071,0.1083,1527345.12
2026-08-25 03:00:00+00:00,0.1084,0.109,0.1074,0.1076,1120680.29
2026-08-25 04:00:00+00:00,0.1076,0.1083,0.1072,0.1082,755283.44
2026-08-25 05:00:00+00:00,0.1082,0.1091,0.1081,0.1082,561997.85
2026-08-25 06:00:00+00:00,0.1082,0.1082,0.1064,0.1067,883497.79
2026-08-25 07:00:00+00:00,0.1067,0.1072,0.1038,0.1045,2522564.63
2026-08-25 08:00:00+00:00,0.1045,0.1057,0.1043,0.1049,1546738.21
2026-08-25 09:00:00+00:00,0.105,0.1053,0.1037,0.1044,1187186.34
2026-08-25 10:00:00+00:00,0.1044,0.1061,0.1039,0.105,6454073.79
2026-08-25 11:00:00+00:00,0.1049,0.1049,0.1035,0.1038,962012.24
2026-08-25 12:00:00+00:00,0.1038,0.1056,0.1032,0.1048,1878344.76
2026-08-25 13:00:00+00:00,0.1047,0.1048,0.1018,0.1031,1979498.66
2026-08-25 14:00:00+00:00,0.1031,0.1041,0.1028,0.1035,1096964.78
2026-08-25 15:00:00+00:00,0.1035,0.1037,0.1027,0.1037,834859.56
2026-08-25 16:00:00+00:00,0.1037,0.1039,0.1028,0.1029,620607.93
2026-08-25 17:00:00+00:00,0.1029,0.1029,0.102,0.1027,1264619.94
2026-08-25 18:00:00+00:00,0.1027,0.1036,0.1025,0.1028,489188.14
2026-08-25 19:00:00+00:00,0.1028,0.103,0.1019,0.1023,454710.52
2026-08-25 20:00:00+00:00,0.1023,0.1023,0.1005,0.1006,1152148.49
2026-08-25 21:00:00+00:00,0.1006,0.1011,0.0992,0.101,2187484.63
2026-08-25 22:00:00+00:00,0.1011,0.1019,0.1011,0.1015,356187.29
2026-08-25 23:00:00+00:00,0.1015,0.1018,0.101,0.1015,567849.8
2026-08-26 00:00:00+00:00,0.1015,0.1023,0.101,0.1021,557363.73
2026-08-26 01:00:00+00:00,0.1021,0.1032,0.1021,0.103,477782.37
2026-08-26 02:00:00+00:00,0.1031,0.1039,0.1027,0.1035,334343.27
2026-08-26 03:00:00+00:00,0.1036,0.1036,0.1025,0.1026,250668.71
2026-08-26 04:00:00+00:00,0.1025,0.1027,0.1017,0.1017,382753.07
2026-08-26 05:00:00+00:00,0.1018,0.1025,0.1014,0.1023,412743.97
2026-08-26 06:00:00+00:00,0.1024,0.1024,0.1014,0.1019,307026.76
2026-08-26 07:00:00+00:00,0.1018,0.1024,0.1017,0.1019,1047441.81
2026-08-26 08:00:00+00:00,0.1019,0.1022,0.1012,0.1016,454365.53
2026-08-26 09:00:00+00:00,0.1017,0.1022,0.1006,0.1013,495908.93
2026-08-26 10:00:00+00:00,0.1012,0.1029,0.1009,0.1025,397163.21
2026-08-26 11:00:00+00:00,0.1026,0.1034,0.1016,0.1021,613436.26
2026-08-26 12:00:00+00:00,0.1022,0.1027,0.101,0.1019,1387543.89
2026-08-26 13:00:00+00:00,0.1019,0.102,0.1007,0.1013,955961.66
2026-08-26 14:00:00+00:00,0.1012,0.1016,0.0997,0.0999,822716.36
2026-08-26 15:00:00+00:00,0.0998,0.1006,0.099,0.0999,789620.48
2026-08-26 16:00:00+00:00,0.0999,0.1004,0.0984,0.0986,1738154.66
2026-08-26 17:00:00+00:00,0.0987,0.0996,0.0984,0.0988,1725097.46
2026-08-26 18:00:00+00:00,0.0987,0.0992,0.0986,0.0989,332283.24
2026-08-26 19:00:00+00:00,0.099,0.0992,0.0984,0.0985,197474.0
2026-08-26 20:00:00+00:00,0.0985,0.0985,0.0967,0.0977,1871357.69
2026-08-26 21:00:00+00:00,0.0978,0.099,0.0978,0.0989,528966.72
2026-08-26 22:00:00+00:00,0.0989,0.0992,0.0986,0.0987,435245.65
2026-08-26 23:00:00+00:00,0.0986,0.0992,0.0982,0.099,615925.25
2026-08-27 00:00:00+00:00,0.0989,0.099,0.0973,0.0974,937858.64
2026-08-27 01:00:00+00:00,0.0974,0.0981,0.0969,0.0974,659238.87
2026-08-27 02:00:00+00:00,0.0973,0.0978,0.0962,0.0964,782649.22
2026-08-27 03:00:00+00:00,0.0964,0.0969,0.0959,0.0962,746951.06
2026-08-27 04:00:00+00:00,0.0962,0.0969,0.0959,0.0962,1167781.76
2026-08-27 05:00:00+00:00,0.0962,0.0968,0.0952,0.0966,1409393.04
2026-08-27 06:00:00+00:00,0.0966,0.0971,0.0961,0.097,672554.06
2026-08-27 07:00:00+00:00,0.097,0.0971,0.0964,0.0969,525951.73
2026-08-27 08:00:00+00:00,0.0968,0.0991,0.0968,0.0991,1567822.27
2026-08-27 09:00:00+00:00,0.0989,0.0998,0.098,0.0982,1971954.75
2026-08-27 10:00:00+00:00,0.0982,0.0987,0.0967,0.0976,1952276.25
2026-08-27 11:00:00+00:00,0.0976,0.098,0.0966,0.0972,963370.89
2026-08-27 12:00:00+00:00,0.0971,0.0975,0.0968,0.0971,721629.38
2026-08-27 13:00:00+00:00,0.0971,0.0978,0.0963,0.0978,2372089.68
2026-08-27 14:00:00+00:00,0.0977,0.0989,0.0973,0.0979,1605249.41
2026-08-27 15:00:00+00:00,0.0979,0.0988,0.0977,0.0979,1507547.42
2026-08-27 16:00:00+00:00,0.0978,0.0992,0.0972,0.0982,1329573.71
2026-08-27 17:00:00+00:00,0.0982,0.0989,0.0979,0.0982,1162441.58
2026-08-27 18:00:00+00:00,0.0982,0.0986,0.0963,0.0972,2675759.34
2026-08-27 19:00:00+00:00,0.0972,0.0975,0.096,0.0963,856997.07
2026-08-27 20:00:00+00:00,0.0962,0.0969,0.0957,0.0962,1073788.78
2026-08-27 21:00:00+00:00,0.0962,0.0966,0.0956,0.0963,903028.87
2026-08-27 22:00:00+00:00,0.0963,0.0989,0.0963,0.0984,2424393.89
2026-08-27 23:00:00+00:00,0.0983,0.0984,0.0972,0.0973,509208.46
2026-08-28 00:00:00+00:00,0.0972,0.0975,0.0966,0.0972,680733.95
2026-08-28 01:00:00+00:00,0.0972,0.0995,0.0971,0.0971,1674205.66
2026-08-28 02:00:00+00:00,0.0971,0.0972,0.0924,0.0933,5063139.94
2026-08-28 03:00:00+00:00,0.0934,0.0938,0.0928,0.0928,1817934.31
2026-08-28 04:00:00+00:00,0.0928,0.0935,0.0923,0.0934,1687783.68
2026-08-28 05:00:00+00:00,0.0934,0.0937,0.0925,0.0933,1227794.27
2026-08-28 06:00:00+00:00,0.0934,0.0939,0.0934,0.0935,1229413.11
2026-08-28 07:00:00+00:00,0.0935,0.0935,0.0925,0.0929,1135879.22
2026-08-28 08:00:00+00:00,0.0929,0.0932,0.0923,0.0924,1013948.81
2026-08-28 09:00:00+00:00,0.0924,0.093,0.0921,0.0926,1313731.88
2026-08-28 10:00:00+00:00,0.0926,0.0935,0.0918,0.0934,1018281.67
2026-08-28 11:00:00+00:00,0.0934,0.0937,0.0928,0.0929,644703.07
2026-08-28 12:00:00+00:00,0.0929,0.0929,0.0918,0.092,814877.68
2026-08-28 13:00:00+00:00,0.092,0.093,0.0914,0.0926,1934858.42
2026-08-28 14:00:00+00:00,0.0925,0.0934,0.0908,0.093,4539854.18
2026-08-28 15:00:00+00:00,0.0931,0.0935,0.0905,0.0907,2365421.03
2026-08-28 16:00:00+00:00,0.0907,0.0912,0.0886,0.0904,7902152.24
2026-08-28 17:00:00+00:00,0.0904,0.0907,0.0898,0.09,1509849.09
2026-08-28 18:00:00+00:00,0.09,0.09,0.0888,0.0895,933586.79
2026-08-28 19:00:00+00:00,0.0896,0.0901,0.0895,0.0899,896254.75
2026-08-28 20:00:00+00:00,0.0898,0.0902,0.0896,0.0899,633517.88
2026-08-28 21:00:00+00:00,0.0898,0.0902,0.0892,0.0894,1883769.69
2026-08-28 22:00:00+00:00,0.0894,0.0901,0.0893,0.09,1064924.22
2026-08-28 23:00:00+00:00,0.0899,0.0903,0.0899,0.0901,280776.98
2026-08-29 00:00:00+00:00,0.0901,0.0902,0.0895,0.0896,394450.81
2026-08-29 01:00:00+00:00,0.0896,0.0899,0.0893,0.0898,682018.63
2026-08-29 02:00:00+00:00,0.0897,0.0898,0.089,0.0892,819249.07
2026-08-29 03:00:00+00:00,0.0891,0.0896,0.0891,0.0892,292692.1
2026-08-29 04:00:00+00:00,0.0892,0.0898,0.0892,0.0896,473762.38
2026-08-29 05:00:00+00:00,0.0895,0.0902,0.0895,0.0901,418998.36
2026-08-29 06:00:00+00:00,0.09,0.09,0.0888,0.089,598369.86
2026-08-29 07:00:00+00:00,0.089,0.0893,0.0887,0.0891,452239.69
2026-08-29 08:00:00+00:00,0.089,0.089,0.0877,0.0882,1309011.58
2026-08-29 09:00:00+00:00,0.0882,0.0885,0.0879,0.0881,667033.77
2026-08-29 10:00:00+00:00,0.088,0.0883,0.0875,0.088,1086008.99
2026-08-29 11:00:00+00:00,0.088,0.0882,0.0877,0.0878,402189.51
2026-08-29 12:00:00+00:00,0.0877,0.0881,0.0875,0.0877,1032034.79
2026-08-29 13:00:00+00:00,0.0877,0.0882,0.0876,0.0881,748688.32
2026-08-29 14:00:00+00:00,0.0881,0.0895,0.088,0.0893,1649891.01
2026-08-29 15:00:00+00:00,0.0893,0.0893,0.0888,0.0892,961308.51
2026-08-29 16:00:00+00:00,0.0892,0.0894,0.0884,0.0889,1496183.28
2026-08-29 17:00:00+00:00,0.0888,0.0893,0.0884,0.0888,1107005.86
2026-08-29 18:00:00+00:00,0.0889,0.0897,0.0889,0.0893,820743.2
2026-08-29 19:00:00+00:00,0.0893,0.0898,0.0892,0.0893,580063.98
2026-08-29 20:00:00+00:00,0.0893,0.0895,0.0891,0.0893,419413.83
2026-08-29 21:00:00+00:00,0.0893,0.0896,0.0891,0.0893,898341.72
2026-08-29 22:00:00+00:00,0.0892,0.0892,0.0886,0.0891,489561.46
2026-08-29 23:00:00+00:00,0.0891,0.0891,0.0886,0.0887,245940.36
2026-08-30 00:00:00+00:00,0.0887,0.089,0.0885,0.0886,359946.41
2026-08-30 01:00:00+00:00,0.0886,0.0887,0.0878,0.088,752510.3
2026-08-30 02:00:00+00:00,0.088,0.0889,0.0879,0.0888,741532.51
2026-08-30 03:00:00+00:00,0.0888,0.0891,0.0886,0.0887,470491.76
2026-08-30 04:00:00+00:00,0.0887,0.089,0.0882,0.0886,496944.9
2026-08-30 05:00:00+00:00,0.0886,0.0891,0.0886,0.089,435821.75
2026-08-30 06:00:00+00:00,0.089,0.0895,0.0888,0.0895,388816.35
2026-08-30 07:00:00+00:00,0.0895,0.0895,0.0889,0.0892,381499.73
2026-08-30 08:00:00+00:00,0.0892,0.0895,0.0886,0.0891,497760.89
2026-08-30 09:00:00+00:00,0.089,0.0893,0.0886,0.0889,516157.74
2026-08-30 10:00:00+00:00,0.089,0.0902,0.0889,0.09,1195543.56
2026-08-30 11:00:00+00:00,0.09,0.0903,0.0892,0.0896,1026954.02
2026-08-30 12:00:00+00:00,0.0896,0.0901,0.0895,0.0899,1236828.12
2026-08-30 13:00:00+00:00,0.09,0.0902,0.0897,0.0899,1446682.81
2026-08-30 14:00:00+00:00,0.0899,0.09,0.0894,0.0897,1032409.19
2026-08-30 15:00:00+00:00,0.0896,0.0899,0.0891,0.0896,758185.82
2026-08-30 16:00:00+00:00,0.0897,0.0903,0.0895,0.09,3802892.07
2026-08-30 17:00:00+00:00,0.09,0.0901,0.0889,0.0893,1042166.65
2026-08-30 18:00:00+00:00,0.0893,0.09,0.0889,0.0899,568109.68
2026-08-30 19:00:00+00:00,0.0899,0.0899,0.0884,0.0886,1253465.0
2026-08-30 20:00:00+00:00,0.0887,0.0895,0.0886,0.0891,1470960.96
2026-08-30 21:00:00+00:00,0.089,0.0891,0.0866,0.089,3858919.01
2026-08-30 22:00:00+00:00,0.089,0.0893,0.0878,0.0888,895747.58
2026-08-30 23:00:00+00:00,0.0888,0.0889,0.0848,0.0865,5330861.57
2026-08-31 00:00:00+00:00,0.0864,0.0882,0.0862,0.0876,1274430.82
2026-08-31 01:00:00+00:00,0.0877,0.0878,0.0865,0.0865,639407.38
2026-08-31 02:00:00+00:00,0.0864,0.0876,0.086,0.0862,1062611.38
2026-08-31 03:00:00+00:00,0.0862,0.0871,0.0861,0.0869,418975.89
2026-08-31 04:00:00+00:00,0.0869,0.0869,0.0863,0.0866,449224.85
2026-08-31 05:00:00+00:00,0.0865,0.0876,0.0865,0.0874,1026656.33
2026-08-31 06:00:00+00:00,0.0873,0.0876,0.0872,0.0874,723251.55
2026-08-31 07:00:00+00:00,0.0873,0.0878,0.0873,0.0876,1074804.37
2026-08-31 08:00:00+00:00,0.0876,0.088,0.0873,0.0875,657157.09
2026-08-31 09:00:00+00:00,0.0874,0.0878,0.0869,0.087,1483657.16
2026-08-31 10:00:00+00:00,0.087,0.0873,0.0866,0.0871,681311.27
2026-08-31 11:00:00+00:00,0.087,0.0872,0.0867,0.0869,732907.48
2026-08-31 12:00:00+00:00,0.087,0.0874,0.0863,0.0869,2608628.77
2026-08-31 13:00:00+00:00,0.0869,0.0875,0.0862,0.0864,732743.92
2026-08-31 14:00:00+00:00,0.0864,0.0874,0.0861,0.0873,1538453.79
2026-08-31 15:00:00+00:00,0.0873,0.0873,0.0863,0.0865,787148.5
2026-08-31 16:00:00+00:00,0.0864,0.0873,0.0861,0.087,1149769.57
2026-08-31 17:00:00+00:00,0.087,0.0893,0.0868,0.0887,2239946.47
2026-08-31 18:00:00+00:00,0.0887,0.0895,0.0882,0.0884,3001110.89
2026-08-31 19:00:00+00:00,0.0884,0.089,0.0881,0.0889,1139138.11
2026-08-31 20:00:00+00:00,0.0889,0.0915,0.0888,0.0901,5696225.92
2026-08-31 21:00:00+00:00,0.0901,0.0925,0.0891,0.0915,6550197.36
2026-08-31 22:00:00+00:00,0.0915,0.0923,0.0905,0.092,8790575.04
2026-08-31 23:00:00+00:00,0.092,0.0941,0.0915,0.0936,7941275.84
2026-09-01 00:00:00+00:00,0.0936,0.0982,0.0935,0.0974,17579464.24
2026-09-01 01:00:00+00:00,0.0974,0.0982,0.0953,0.0958,12731661.56
2026-09-01 02:00:00+00:00,0.0958,0.0966,0.0937,0.0942,13853701.81
2026-09-01 03:00:00+00:00,0.0941,0.0954,0.0937,0.0945,7616773.08
2026-09-01 04:00:00+00:00,0.0944,0.0981,0.0943,0.0963,11805330.82
2026-09-01 05:00:00+00:00,0.0964,0.0968,0.0956,0.0958,4222959.56
2026-09-01 06:00:00+00:00,0.0958,0.0974,0.0956,0.0968,5454378.99
2026-09-01 07:00:00+00:00,0.0968,0.0974,0.096,0.0968,3054463.84
2026-09-01 08:00:00+00:00,0.0968,0.0971,0.0942,0.0958,10156411.05
2026-09-01 09:00:00+00:00,0.0958,0.096,0.0944,0.0954,5546486.99
2026-09-01 10:00:00+00:00,0.0954,0.0992,0.095,0.0975,6863220.11
2026-09-01 11:00:00+00:00,0.0976,0.0993,0.0965,0.0985,5747483.78
2026-09-01 12:00:00+00:00,0.0985,0.099,0.0965,0.0972,6039178.77
2026-09-01 13:00:00+00:00,0.0971,0.0986,0.0961,0.0982,4911138.28
2026-09-01 14:00:00+00:00,0.0984,0.1021,0.0983,0.1007,11862640.8
2026-09-01 15:00:00+00:00,0.1007,0.1014,0.0983,0.1003,7356496.34
2026-09-01 16:00:00+00:00,0.1003,0.1008,0.0977,0.0984,7261601.04
2026-09-01 17:00:00+00:00,0.0985,0.0998,0.0973,0.0988,7448921.18
2026-09-01 18:00:00+00:00,0.0989,0.0991,0.0948,0.0967,8112035.94
2026-09-01 19:00:00+00:00,0.0966,0.0972,0.0959,0.0969,2385725.21
2026-09-01 20:00:00+00:00,0.0969,0.0969,0.0943,0.0952,3669971.77
2026-09-01 21:00:00+00:00,0.0952,0.096,0.0944,0.0957,1952675.15
2026-09-01 22:00:00+00:00,0.0957,0.0958,0.094,0.0942,1911075.9
2026-09-01 23:00:00+00:00,0.0942,0.0955,0.0941,0.0952,1390903.43
2026-09-02 00:00:00+00:00,0.0953,0.0954,0.0942,0.0946,2823420.52
2026-09-02 01:00:00+00:00,0.0945,0.0954,0.0927,0.0935,4142410.29
2026-09-02 02:00:00+00:00,0.0935,0.0953,0.0934,0.0949,1929881.35
2026-09-02 03:00:00+00:00,0.0949,0.0972,0.0948,0.096,4190433.01
2026-09-02 04:00:00+00:00,0.096,0.0966,0.0953,0.0963,2173356.93
2026-09-02 05:00:00+00:00,0.0963,0.097,0.0954,0.0961,2232239.46
2026-09-02 06:00:00+00:00,0.0961,0.0962,0.0941,0.095,2451858.03
2026-09-02 07:00:00+00:00,0.095,0.0957,0.0941,0.0945,3158022.17
2026-09-02 08:00:00+00:00,0.0945,0.0966,0.0942,0.095,2849528.83
2026-09-02 09:00:00+00:00,0.095,0.0958,0.0942,0.0948,1958049.42
2026-09-02 10:00:00+00:00,0.0948,0.0949,0.0935,0.0945,2024946.52
2026-09-02 11:00:00+00:00,0.0944,0.0954,0.0934,0.0949,1977388.81
2026-09-02 12:00:00+00:00,0.0949,0.0958,0.0945,0.0949,1748938.28
2026-09-02 13:00:00+00:00,0.095,0.0974,0.0948,0.0971,2595979.43
2026-09-02 14:00:00+00:00,0.0972,0.0989,0.0964,0.0965,4581130.81
2026-09-02 15:00:00+00:00,0.0965,0.0973,0.0956,0.0972,2672377.71
2026-09-02 16:00:00+00:00,0.0972,0.0989,0.0968,0.0979,4235690.99
2026-09-02 17:00:00+00:00,0.0979,0.098,0.0963,0.0974,1771655.23
2026-09-02 18:00:00+00:00,0.0973,0.1,0.0973,0.0988,4226759.28
2026-09-02 19:00:00+00:00,0.0989,0.0997,0.0979,0.0983,2816517.24
2026-09-02 20:00:00+00:00,0.0983,0.0999,0.0982,0.0992,1507193.65
2026-09-02 21:00:00+00:00,0.0992,0.0996,0.0985,0.099,1726566.48
2026-09-02 22:00:00+00:00,0.099,0.0991,0.0974,0.0982,1616719.97
2026-09-02 23:00:00+00:00,0.0982,0.0998,0.0981,0.0992,1954721.7
2026-09-03 00:00:00+00:00,0.0992,0.0993,0.0978,0.0978,1401470.5
2026-09-03 01:00:00+00:00,0.0978,0.0997,0.0971,0.098,2454411.3
2026-09-03 02:00:00+00:00,0.0979,0.1007,0.0978,0.0997,7847037.83
2026-09-03 03:00:00+00:00,0.0998,0.0998,0.0978,0.0982,2481941.97
2026-09-03 04:00:00+00:00,0.0982,0.0983,0.0969,0.0981,3215799.09
2026-09-03 05:00:00+00:00,0.0981,0.0986,0.0969,0.0985,1585898.86
2026-09-03 06:00:00+00:00,0.0985,0.0994,0.098,0.0986,2709877.1
2026-09-03 07:00:00+00:00,0.0986,0.0994,0.0977,0.0984,2109531.62
2026-09-03 08:00:00+00:00,0.0984,0.0997,0.0982,0.0983,2062242.28
2026-09-03 09:00:00+00:00,0.0983,0.0991,0.0979,0.0983,1549776.64
2026-09-03 10:00:00+00:00,0.0983,0.1009,0.0982,0.0993,4916682.96
2026-09-03 11:00:00+00:00,0.0994,0.0998,0.0988,0.0989,2937502.27
2026-09-03 12:00:00+00:00,0.0989,0.0998,0.0988,0.0993,2390506.23
2026-09-03 13:00:00+00:00,0.0994,0.0995,0.0982,0.0982,2259912.11
2026-09-03 14:00:00+00:00,0.0982,0.1015,0.098,0.1015,3890759.58
2026-09-03 15:00:00+00:00,0.1014,0.1038,0.1002,0.1035,9910465.62
2026-09-03 16:00:00+00:00,0.1035,0.1042,0.102,0.1038,4277450.07
2026-09-03 17:00:00+00:00,0.1037,0.1046,0.1029,0.1032,3385453.07
2026-09-03 18:00:00+00:00,0.1033,0.1052,0.1032,0.1052,3792094.12
2026-09-03 19:00:00+00:00,0.1051,0.1052,0.1032,0.1035,3051934.93
2026-09-03 20:00:00+00:00,0.1035,0.1035,0.1023,0.1029,1959654.29
2026-09-03 21:00:00+00:00,0.1028,0.1044,0.1027,0.1027,1634582.65
2026-09-03 22:00:00+00:00,0.1028,0.1033,0.1014,0.1017,1444365.43
2026-09-03 23:00:00+00:00,0.1017,0.1018,0.1008,0.1012,1294407.48
