timestamp,open,high,low,close,volume
2026-03-08 01:00:00+00:00,3.757,3.765,3.74,3.75,61229.73
2026-03-08 02:00:00+00:00,3.749,3.758,3.708,3.713,109298.54
2026-03-08 03:00:00+00:00,3.713,3.726,3.707,3.721,48614.98
2026-03-08 04:00:00+00:00,3.721,3.734,3.69,3.702,60322.99
2026-03-08 05:00:00+00:00,3.701,3.736,3.701,3.724,24194.38
2026-03-08 06:00:00+00:00,3.724,3.727,3.707,3.724,26169.59
2026-03-08 07:00:00+00:00,3.723,3.744,3.717,3.725,91905.06
2026-03-08 08:00:00+00:00,3.726,3.739,3.711,3.738,69738.59
2026-03-08 09:00:00+00:00,3.737,3.763,3.731,3.752,103218.85
2026-03-08 10:00:00+00:00,3.751,3.797,3.751,3.778,72020.72
2026-03-08 11:00:00+00:00,3.777,3.777,3.73,3.742,36918.94
2026-03-08 12:00:00+00:00,3.741,3.763,3.699,3.743,126768.59
2026-03-08 13:00:00+00:00,3.743,3.746,3.683,3.695,333068.89
2026-03-08 14:00:00+00:00,3.695,3.712,3.675,3.691,218058.0
2026-03-08 15:00:00+00:00,3.69,3.696,3.678,3.695,45672.02
2026-03-08 16:00:00+00:00,3.695,3.697,3.671,3.677,53576.17
2026-03-08 17:00:00+00:00,3.677,3.698,3.669,3.672,28889.44
2026-03-08 18:00:00+00:00,3.673,3.674,3.657,3.67,34338.55
2026-03-08 19:00:00+00:00,3.671,3.73,3.668,3.711,60690.53
2026-03-08 20:00:00+00:00,3.711,3.731,3.689,3.698,71338.99
2026-03-08 21:00:00+00:00,3.699,3.704,3.679,3.695,53085.93
2026-03-08 22:00:00+00:00,3.694,3.694,3.61,3.681,263994.85
2026-03-08 23:00:00+00:00,3.682,3.693,3.649,3.661,59543.93
2026-03-09 00:00:00+00:00,3.66,3.725,3.659,3.698,89575.04
2026-03-09 01:00:00+00:00,3.698,3.723,3.679,3.679,72671.79
2026-03-09 02:00:00+00:00,3.678,3.727,3.669,3.711,79134.72
2026-03-09 03:00:00+00:00,3.711,3.791,3.708,3.738,250985.99
2026-03-09 04:00:00+00:00,3.739,3.774,3.738,3.742,83827.82
2026-03-09 05:00:00+00:00,3.743,3.826,3.739,3.818,202854.37
2026-03-09 06:00:00+00:00,3.819,3.835,3.808,3.814,200950.53
2026-03-09 07:00:00+00:00,3.815,3.828,3.75,3.778,511926.81
2026-03-09 08:00:00+00:00,3.779,3.817,3.773,3.81,209995.59
2026-03-09 09:00:00+00:00,3.81,3.868,3.793,3.835,154628.82
2026-03-09 10:00:00+00:00,3.834,3.842,3.806,3.815,94252.32
2026-03-09 11:00:00+00:00,3.815,3.821,3.781,3.805,56583.55
2026-03-09 12:00:00+00:00,3.805,3.858,3.805,3.842,86407.58
2026-03-09 13:00:00+00:00,3.841,3.919,3.838,3.912,298728.39
2026-03-09 14:00:00+00:00,3.911,3.958,3.886,3.938,330266.68
2026-03-09 15:00:00+00:00,3.939,3.97,3.924,3.935,319556.02
2026-03-09 16:00:00+00:00,3.935,3.945,3.904,3.921,157784.3
2026-03-09 17:00:00+00:00,3.922,3.949,3.892,3.897,129972.52
2026-03-09 18:00:00+00:00,3.896,3.916,3.875,3.892,65829.59
2026-03-09 19:00:00+00:00,3.892,3.992,3.885,3.927,203189.29
2026-03-09 20:00:00+00:00,3.927,3.933,3.893,3.915,69378.44
2026-03-09 21:00:00+00:00,3.914,3.937,3.899,3.91,51933.75
2026-03-09 22:00:00+00:00,3.911,3.913,3.866,3.875,56943.71
2026-03-09 23:00:00+00:00,3.875,3.88,3.85,3.861,70298.2
2026-03-10 00:00:00+00:00,3.86,3.925,3.858,3.902,131536.5
2026-03-10 01:00:00+00:00,3.901,3.918,3.876,3.904,99000.31
2026-03-10 02:00:00+00:00,3.904,3.989,3.896,3.964,223892.25
2026-03-10 03:00:00+00:00,3.963,3.965,3.88,3.9,168202.88
2026-03-10 04:00:00+00:00,3.9,3.95,3.898,3.932,117050.65
2026-03-10 05:00:00+00:00,3.933,3.945,3.914,3.921,45119.18
2026-03-10 06:00:00+00:00,3.922,3.925,3.902,3.921,36757.54
2026-03-10 07:00:00+00:00,3.921,3.955,3.914,3.953,97320.79
2026-03-10 08:00:00+00:00,3.954,3.981,3.945,3.949,158420.72
2026-03-10 09:00:00+00:00,3.95,3.998,3.95,3.971,103028.67
2026-03-10 10:00:00+00:00,3.97,3.972,3.935,3.946,123310.79
2026-03-10 11:00:00+00:00,3.945,3.948,3.931,3.939,71308.95
2026-03-10 12:00:00+00:00,3.939,3.94,3.91,3.921,77727.35
2026-03-10 13:00:00+00:00,3.921,3.933,3.851,3.872,343395.09
2026-03-10 14:00:00+00:00,3.872,3.972,3.843,3.971,305181.32
2026-03-10 15:00:00+00:00,3.971,3.98,3.909,3.941,481411.66
2026-03-10 16:00:00+00:00,3.942,3.945,3.912,3.924,269745.75
2026-03-10 17:00:00+00:00,3.924,3.925,3.873,3.899,144238.58
2026-03-10 18:00:00+00:00,3.898,3.903,3.855,3.87,210480.59
2026-03-10 19:00:00+00:00,3.871,3.877,3.843,3.862,87506.19
2026-03-10 20:00:00+00:00,3.862,3.875,3.851,3.87,81968.83
2026-03-10 21:00:00+00:00,3.87,3.877,3.83,3.849,61354.44
2026-03-10 22:00:00+00:00,3.849,3.856,3.824,3.844,100763.23
2026-03-10 23:00:00+00:00,3.844,3.854,3.838,3.843,83261.9
2026-03-11 00:00:00+00:00,3.843,3.866,3.831,3.86,77380.61
2026-03-11 01:00:00+00:00,3.86,3.876,3.85,3.87,107119.8
2026-03-11 02:00:00+00:00,3.87,3.871,3.826,3.844,111370.21
2026-03-11 03:00:00+00:00,3.843,3.851,3.832,3.834,57445.77
2026-03-11 04:00:00+00:00,3.834,3.865,3.825,3.855,69212.18
2026-03-11 05:00:00+00:00,3.854,3.857,3.804,3.811,75626.2
2026-03-11 06:00:00+00:00,3.811,3.849,3.811,3.843,63431.23
2026-03-11 07:00:00+00:00,3.843,3.848,3.81,3.824,74246.6
2026-03-11 08:00:00+00:00,3.824,3.847,3.822,3.847,122455.07
2026-03-11 09:00:00+00:00,3.846,3.865,3.839,3.848,69576.91
2026-03-11 10:00:00+00:00,3.849,3.882,3.84,3.869,158169.93
2026-03-11 11:00:00+00:00,3.871,3.873,3.847,3.864,107452.87
2026-03-11 12:00:00+00:00,3.864,3.905,3.845,3.88,160972.76
2026-03-11 13:00:00+00:00,3.879,3.967,3.878,3.912,238268.88
2026-03-11 14:00:00+00:00,3.913,3.964,3.911,3.932,158080.3
2026-03-11 15:00:00+00:00,3.933,3.937,3.864,3.901,98745.69
2026-03-11 16:00:00+00:00,3.901,3.918,3.886,3.905,70498.0
2026-03-11 17:00:00+00:00,3.906,3.938,3.882,3.914,167523.73
2026-03-11 18:00:00+00:00,3.913,3.939,3.913,3.932,70407.39
2026-03-11 19:00:00+00:00,3.933,3.945,3.919,3.926,27643.84
2026-03-11 20:00:00+00:00,3.926,3.93,3.906,3.916,37672.42
2026-03-11 21:00:00+00:00,3.918,3.925,3.903,3.923,23166.16
2026-03-11 22:00:00+00:00,3.923,3.936,3.905,3.919,47101.74
2026-03-11 23:00:00+00:00,3.92,3.928,3.882,3.898,128575.36
2026-03-12 00:00:00+00:00,3.899,3.905,3.88,3.895,45527.82
2026-03-12 01:00:00+00:00,3.894,3.894,3.867,3.881,99096.42
2026-03-12 02:00:00+00:00,3.881,3.891,3.852,3.856,176726.8
2026-03-12 03:00:00+00:00,3.856,3.875,3.847,3.855,49016.82
2026-03-12 04:00:00+00:00,3.854,3.875,3.854,3.857,29213.1
2026-03-12 05:00:00+00:00,3.856,3.866,3.843,3.856,28985.05
2026-03-12 06:00:00+00:00,3.856,3.876,3.849,3.875,62883.06
2026-03-12 07:00:00+00:00,3.875,3.893,3.866,3.89,48258.62
2026-03-12 08:00:00+00:00,3.891,3.908,3.882,3.898,77127.81
2026-03-12 09:00:00+00:00,3.899,3.928,3.87,3.912,104860.9
2026-03-12 10:00:00+00:00,3.913,3.95,3.9,3.932,214002.26
2026-03-12 11:00:00+00:00,3.931,3.94,3.905,3.913,122092.02
2026-03-12 12:00:00+00:00,3.914,3.93,3.902,3.92,86200.44
2026-03-12 13:00:00+00:00,3.92,3.929,3.875,3.895,244565.28
2026-03-12 14:00:00+00:00,3.896,3.924,3.842,3.873,190031.21
2026-03-12 15:00:00+00:00,3.873,3.916,3.865,3.896,137407.27
2026-03-12 16:00:00+00:00,3.896,3.93,3.873,3.917,213321.25
2026-03-12 17:00:00+00:00,3.916,3.924,3.89,3.897,57901.69
2026-03-12 18:00:00+00:00,3.898,3.91,3.879,3.891,52407.49
2026-03-12 19:00:00+00:00,3.891,3.918,3.88,3.911,66999.94
2026-03-12 20:00:00+00:00,3.911,3.915,3.889,3.891,17789.8
2026-03-12 21:00:00+00:00,3.891,3.91,3.885,3.905,22740.92
2026-03-12 22:00:00+00:00,3.904,3.913,3.897,3.908,55165.49
2026-03-12 23:00:00+00:00,3.908,3.938,3.908,3.918,65065.82
2026-03-13 00:00:00+00:00,3.917,4.021,3.906,3.972,306372.76
2026-03-13 01:00:00+00:00,3.972,4.013,3.97,4.008,110779.58
2026-03-13 02:00:00+00:00,4.009,4.011,3.972,3.991,199764.31
2026-03-13 03:00:00+00:00,3.991,4.064,3.99,4.041,126286.66
2026-03-13 04:00:00+00:00,4.041,4.052,4.014,4.018,80556.68
2026-03-13 05:00:00+00:00,4.018,4.024,3.999,4.004,125443.12
2026-03-13 06:00:00+00:00,4.004,4.007,3.972,3.988,76140.58
2026-03-13 07:00:00+00:00,3.987,4.0,3.977,3.992,56321.97
2026-03-13 08:00:00+00:00,3.991,4.04,3.979,4.008,105109.33
2026-03-13 09:00:00+00:00,4.007,4.036,4.001,4.028,106357.75
2026-03-13 10:00:00+00:00,4.029,4.131,4.026,4.094,608222.24
2026-03-13 11:00:00+00:00,4.095,4.098,4.07,4.088,144948.76
2026-03-13 12:00:00+00:00,4.089,4.144,4.079,4.133,151102.95
2026-03-13 13:00:00+00:00,4.134,4.209,4.128,4.175,336584.9
2026-03-13 14:00:00+00:00,4.175,4.202,4.086,4.103,458629.33
2026-03-13 15:00:00+00:00,4.104,4.133,4.06,4.067,200471.85
2026-03-13 16:00:00+00:00,4.067,4.111,4.038,4.099,211355.17
2026-03-13 17:00:00+00:00,4.1,4.105,4.019,4.039,154009.09
2026-03-13 18:00:00+00:00,4.04,4.047,4.0,4.027,147439.41
2026-03-13 19:00:00+00:00,4.027,4.039,4.012,4.03,77461.71
2026-03-13 20:00:00+00:00,4.031,4.041,4.021,4.039,48146.1
2026-03-13 21:00:00+00:00,4.04,4.05,4.01,4.022,50504.09
2026-03-13 22:00:00+00:00,4.022,4.024,3.982,4.002,99852.63
2026-03-13 23:00:00+00:00,4.002,4.019,3.992,4.004,71097.57
2026-03-14 00:00:00+00:00,4.004,4.014,3.977,3.979,146229.84
2026-03-14 01:00:00+00:00,3.979,4.007,3.969,3.997,139154.59
2026-03-14 02:00:00+00:00,3.997,4.003,3.988,3.997,64191.29
2026-03-14 03:00:00+00:00,3.999,4.02,3.996,4.009,92143.88
2026-03-14 04:00:00+00:00,4.01,4.021,3.98,3.989,114958.02
2026-03-14 05:00:00+00:00,3.99,3.993,3.958,3.973,91988.88
2026-03-14 06:00:00+00:00,3.973,3.973,3.921,3.94,187747.21
2026-03-14 07:00:00+00:00,3.94,3.95,3.922,3.926,120831.28
2026-03-14 08:00:00+00:00,3.926,3.938,3.919,3.927,109037.24
2026-03-14 09:00:00+00:00,3.927,3.944,3.915,3.928,74190.72
2026-03-14 10:00:00+00:00,3.927,3.931,3.905,3.909,102276.37
2026-03-14 11:00:00+00:00,3.909,3.938,3.908,3.929,25021.2
2026-03-14 12:00:00+00:00,3.927,3.944,3.923,3.937,136127.93
2026-03-14 13:00:00+00:00,3.937,3.95,3.925,3.941,32692.05
2026-03-14 14:00:00+00:00,3.941,3.951,3.921,3.926,44919.62
2026-03-14 15:00:00+00:00,3.926,3.934,3.918,3.933,40657.55
2026-03-14 16:00:00+00:00,3.932,3.94,3.921,3.931,22561.75
2026-03-14 17:00:00+00:00,3.93,3.931,3.916,3.922,28611.3
2026-03-14 18:00:00+00:00,3.921,3.923,3.908,3.919,28722.93
2026-03-14 19:00:00+00:00,3.918,3.92,3.91,3.912,24426.75
2026-03-14 20:00:00+00:00,3.912,3.931,3.912,3.927,23203.81
2026-03-14 21:00:00+00:00,3.926,3.93,3.912,3.924,20862.37
2026-03-14 22:00:00+00:00,3.923,3.928,3.914,3.915,28415.77
2026-03-14 23:00:00+00:00,3.916,3.951,3.916,3.948,89520.12
2026-03-15 00:00:00+00:00,3.946,3.947,3.918,3.924,66360.53
2026-03-15 01:00:00+00:00,3.924,3.939,3.916,3.935,35081.03
2026-03-15 02:00:00+00:00,3.934,3.984,3.934,3.975,71691.12
2026-03-15 03:00:00+00:00,3.976,3.98,3.943,3.953,104653.76
2026-03-15 04:00:00+00:00,3.954,3.971,3.945,3.957,67526.96
2026-03-15 05:00:00+00:00,3.957,3.977,3.942,3.959,118951.83
2026-03-15 06:00:00+00:00,3.959,3.967,3.938,3.945,70935.69
2026-03-15 07:00:00+00:00,3.946,3.958,3.936,3.943,33096.34
2026-03-15 08:00:00+00:00,3.944,3.97,3.941,3.97,37127.48
2026-03-15 09:00:00+00:00,3.97,3.987,3.954,3.963,45398.29
2026-03-15 10:00:00+00:00,3.963,3.992,3.962,3.985,46423.18
2026-03-15 11:00:00+00:00,3.986,3.997,3.98,3.996,29304.75
2026-03-15 12:00:00+00:00,3.996,3.997,3.975,3.988,49156.59
2026-03-15 13:00:00+00:00,3.988,3.993,3.934,3.96,110081.19
2026-03-15 14:00:00+00:00,3.959,3.968,3.942,3.965,47239.74
2026-03-15 15:00:00+00:00,3.967,3.968,3.95,3.956,28283.73
2026-03-15 16:00:00+00:00,3.955,3.971,3.947,3.953,70940.72
2026-03-15 17:00:00+00:00,3.954,4.005,3.953,3.994,46603.34
2026-03-15 18:00:00+00:00,3.995,4.01,3.97,3.977,47352.38
2026-03-15 19:00:00+00:00,3.977,4.006,3.976,4.005,32653.26
2026-03-15 20:00:00+00:00,4.003,4.033,3.992,4.017,47538.96
2026-03-15 21:00:00+00:00,4.018,4.051,4.003,4.043,56598.18
2026-03-15 22:00:00+00:00,4.043,4.11,4.011,4.096,201960.03
2026-03-15 23:00:00+00:00,4.096,4.114,4.035,4.069,193466.49
2026-03-16 00:00:00+00:00,4.069,4.096,4.052,4.073,142261.0
2026-03-16 01:00:00+00:00,4.074,4.101,4.045,4.097,107897.01
2026-03-16 02:00:00+00:00,4.097,4.105,4.059,4.073,93158.46
2026-03-16 03:00:00+00:00,4.073,4.176,4.064,4.1,550128.22
2026-03-16 04:00:00+00:00,4.1,4.127,3.971,4.015,1539237.98
2026-03-16 05:00:00+00:00,4.014,4.073,4.008,4.068,320580.65
2026-03-16 06:00:00+00:00,4.069,4.073,4.028,4.066,209965.77
2026-03-16 07:00:00+00:00,4.066,4.1,4.065,4.079,199451.43
2026-03-16 08:00:00+00:00,4.079,4.108,4.035,4.054,316836.54
2026-03-16 09:00:00+00:00,4.054,4.097,4.051,4.083,126085.46
2026-03-16 10:00:00+00:00,4.083,4.093,4.042,4.069,200928.61
2026-03-16 11:00:00+00:00,4.069,4.078,4.05,4.057,122662.01
2026-03-16 12:00:00+00:00,4.057,4.089,4.048,4.071,169953.13
2026-03-16 13:00:00+00:00,4.07,4.149,4.068,4.123,539477.44
2026-03-16 14:00:00+00:00,4.124,4.142,4.058,4.12,311990.27
2026-03-16 15:00:00+00:00,4.121,4.127,4.076,4.082,166725.69
2026-03-16 16:00:00+00:00,4.082,4.146,4.081,4.141,129500.61
2026-03-16 17:00:00+00:00,4.141,4.169,4.132,4.14,187862.27
2026-03-16 18:00:00+00:00,4.141,4.187,4.133,4.146,183876.79
2026-03-16 19:00:00+00:00,4.147,4.177,4.132,4.153,148029.3
2026-03-16 20:00:00+00:00,4.153,4.167,4.141,4.164,77745.02
2026-03-16 21:00:00+00:00,4.163,4.182,4.138,4.16,298678.65
2026-03-16 22:00:00+00:00,4.159,4.195,4.153,4.156,162084.97
2026-03-16 23:00:00+00:00,4.155,4.175,4.119,4.157,288077.36
2026-03-17 00:00:00+00:00,4.156,4.176,4.125,4.144,251970.46
2026-03-17 01:00:00+00:00,4.144,4.173,4.123,4.151,266084.35
2026-03-17 02:00:00+00:00,4.152,4.16,4.119,4.13,161705.94
2026-03-17 03:00:00+00:00,4.13,4.135,4.056,4.076,206599.79
2026-03-17 04:00:00+00:00,4.076,4.086,4.016,4.041,314339.52
2026-03-17 05:00:00+00:00,4.04,4.045,4.0,4.029,197008.69
2026-03-17 06:00:00+00:00,4.03,4.041,4.009,4.023,115010.66
2026-03-17 07:00:00+00:00,4.022,4.048,4.02,4.027,163332.85
2026-03-17 08:00:00+00:00,4.027,4.042,4.004,4.009,219325.65
2026-03-17 09:00:00+00:00,4.01,4.022,3.993,4.006,165134.94
2026-03-17 10:00:00+00:00,4.006,4.012,3.983,4.011,193972.19
2026-03-17 11:00:00+00:00,4.012,4.037,4.007,4.012,131284.47
2026-03-17 12:00:00+00:00,4.011,4.016,3.951,3.961,246337.97
2026-03-17 13:00:00+00:00,3.96,3.996,3.943,3.967,232543.02
2026-03-17 14:00:00+00:00,3.967,3.99,3.956,3.977,182196.15
2026-03-17 15:00:00+00:00,3.977,4.004,3.947,3.971,125984.14
2026-03-17 16:00:00+00:00,3.97,4.015,3.97,3.997,81450.69
2026-03-17 17:00:00+00:00,3.998,4.012,3.99,4.005,53099.21
2026-03-17 18:00:00+00:00,4.004,4.015,3.992,4.009,108970.83
2026-03-17 19:00:00+00:00,4.009,4.011,3.978,3.978,99624.44
2026-03-17 20:00:00+00:00,3.978,4.006,3.969,3.999,35366.91
2026-03-17 21:00:00+00:00,3.999,4.02,3.994,4.005,42363.58
2026-03-17 22:00:00+00:00,4.006,4.009,3.951,3.977,77958.83
2026-03-17 23:00:00+00:00,3.976,3.977,3.952,3.957,66297.08
2026-03-18 00:00:00+00:00,3.957,3.968,3.937,3.965,107273.21
2026-03-18 01:00:00+00:00,3.966,3.987,3.958,3.973,69217.19
2026-03-18 02:00:00+00:00,3.972,4.002,3.97,3.989,87128.25
2026-03-18 03:00:00+00:00,3.99,4.015,3.985,3.992,89303.56
2026-03-18 04:00:00+00:00,3.993,3.997,3.957,3.967,90907.78
2026-03-18 05:00:00+00:00,3.968,3.997,3.951,3.961,81401.03
2026-03-18 06:00:00+00:00,3.961,3.986,3.957,3.957,47820.26
2026-03-18 07:00:00+00:00,3.957,3.958,3.928,3.943,115398.56
2026-03-18 08:00:00+00:00,3.943,3.96,3.943,3.945,78711.72
2026-03-18 09:00:00+00:00,3.945,3.961,3.938,3.942,85160.14
2026-03-18 10:00:00+00:00,3.942,3.942,3.9,3.916,164634.21
2026-03-18 11:00:00+00:00,3.915,3.93,3.846,3.862,293477.24
2026-03-18 12:00:00+00:00,3.861,3.861,3.774,3.79,418196.45
2026-03-18 13:00:00+00:00,3.789,3.802,3.758,3.769,232761.89
2026-03-18 14:00:00+00:00,3.77,3.774,3.678,3.682,527779.95
2026-03-18 15:00:00+00:00,3.683,3.693,3.642,3.674,422640.64
2026-03-18 16:00:00+00:00,3.673,3.675,3.627,3.648,351056.86
2026-03-18 17:00:00+00:00,3.649,3.679,3.645,3.669,188170.59
2026-03-18 18:00:00+00:00,3.67,3.697,3.616,3.628,297262.28
2026-03-18 19:00:00+00:00,3.628,3.66,3.625,3.649,162260.72
2026-03-18 20:00:00+00:00,3.648,3.68,3.617,3.67,238585.98
2026-03-18 21:00:00+00:00,3.67,3.694,3.658,3.69,328064.3
2026-03-18 22:00:00+00:00,3.689,3.689,3.665,3.677,146806.8
2026-03-18 23:00:00+00:00,3.677,3.687,3.665,3.681,83749.03
2026-03-19 00:00:00+00:00,3.681,3.681,3.661,3.667,68653.49
2026-03-19 01:00:00+00:00,3.667,3.676,3.66,3.667,55919.37
2026-03-19 02:00:00+00:00,3.667,3.686,3.654,3.666,92243.15
2026-03-19 03:00:00+00:00,3.666,3.721,3.666,3.684,170193.77
2026-03-19 04:00:00+00:00,3.685,3.686,3.665,3.665,61988.49
2026-03-19 05:00:00+00:00,3.666,3.677,3.656,3.661,60390.81
2026-03-19 06:00:00+00:00,3.662,3.673,3.619,3.65,188295.01
2026-03-19 07:00:00+00:00,3.649,3.651,3.583,3.597,259078.48
2026-03-19 08:00:00+00:00,3.597,3.608,3.576,3.594,153520.19
2026-03-19 09:00:00+00:00,3.594,3.623,3.588,3.617,133137.75
2026-03-19 10:00:00+00:00,3.618,3.625,3.603,3.605,68098.02
2026-03-19 11:00:00+00:00,3.605,3.62,3.601,3.602,40962.24
2026-03-19 12:00:00+00:00,3.602,3.602,3.551,3.552,148388.02
2026-03-19 13:00:00+00:00,3.553,3.584,3.529,3.574,196664.79
2026-03-19 14:00:00+00:00,3.575,3.586,3.528,3.54,127677.14
2026-03-19 15:00:00+00:00,3.539,3.561,3.501,3.529,436832.36
2026-03-19 16:00:00+00:00,3.528,3.545,3.517,3.527,129900.87
2026-03-19 17:00:00+00:00,3.527,3.57,3.522,3.561,55951.63
2026-03-19 18:00:00+00:00,3.56,3.561,3.535,3.548,45593.41
2026-03-19 19:00:00+00:00,3.548,3.59,3.548,3.56,115180.76
2026-03-19 20:00:00+00:00,3.56,3.582,3.551,3.567,78188.54
2026-03-19 21:00:00+00:00,3.567,3.582,3.566,3.579,44212.56
2026-03-19 22:00:00+00:00,3.579,3.584,3.56,3.576,52801.67
2026-03-19 23:00:00+00:00,3.577,3.585,3.564,3.579,79705.7
2026-03-20 00:00:00+00:00,3.579,3.592,3.576,3.583,150476.84
2026-03-20 01:00:00+00:00,3.584,3.612,3.584,3.601,107058.72
2026-03-20 02:00:00+00:00,3.601,3.608,3.578,3.604,66143.15
2026-03-20 03:00:00+00:00,3.605,3.624,3.601,3.608,108185.02
2026-03-20 04:00:00+00:00,3.607,3.62,3.596,3.617,164539.71
2026-03-20 05:00:00+00:00,3.617,3.638,3.606,3.622,118773.81
2026-03-20 06:00:00+00:00,3.623,3.628,3.607,3.609,57345.92
2026-03-20 07:00:00+00:00,3.609,3.623,3.583,3.622,115977.64
2026-03-20 08:00:00+00:00,3.622,3.648,3.61,3.612,182205.89
2026-03-20 09:00:00+00:00,3.612,3.625,3.595,3.616,81340.36
2026-03-20 10:00:00+00:00,3.617,3.622,3.6,3.608,52482.14
2026-03-20 11:00:00+00:00,3.608,3.625,3.584,3.595,89448.31
2026-03-20 12:00:00+00:00,3.596,3.609,3.579,3.587,58451.38
2026-03-20 13:00:00+00:00,3.587,3.6,3.564,3.571,138454.51
2026-03-20 14:00:00+00:00,3.571,3.594,3.56,3.565,136998.68
2026-03-20 15:00:00+00:00,3.565,3.574,3.549,3.562,95191.31
2026-03-20 16:00:00+00:00,3.562,3.568,3.544,3.56,73151.51
2026-03-20 17:00:00+00:00,3.559,3.586,3.549,3.586,69965.24
2026-03-20 18:00:00+00:00,3.587,3.59,3.55,3.565,66314.08
2026-03-20 19:00:00+00:00,3.566,3.59,3.557,3.583,54954.91
2026-03-20 20:00:00+00:00,3.585,3.59,3.561,3.574,64755.62
2026-03-20 21:00:00+00:00,3.575,3.607,3.57,3.594,42325.61
2026-03-20 22:00:00+00:00,3.594,3.626,3.594,3.615,403994.35
2026-03-20 23:00:00+00:00,3.614,3.618,3.595,3.605,54868.27
2026-03-21 00:00:00+00:00,3.605,3.627,3.605,3.621,44642.47
2026-03-21 01:00:00+00:00,3.621,3.629,3.601,3.601,39333.02
2026-03-21 02:00:00+00:00,3.601,3.618,3.6,3.614,28788.2
2026-03-21 03:00:00+00:00,3.614,3.614,3.599,3.602,46166.36
2026-03-21 04:00:00+00:00,3.603,3.609,3.588,3.592,48710.27
2026-03-21 05:00:00+00:00,3.592,3.602,3.591,3.596,33161.84
2026-03-21 06:00:00+00:00,3.596,3.606,3.595,3.602,23909.83
2026-03-21 07:00:00+00:00,3.602,3.607,3.592,3.594,41740.96
2026-03-21 08:00:00+00:00,3.594,3.616,3.591,3.616,118627.2
2026-03-21 09:00:00+00:00,3.615,3.621,3.597,3.603,38135.7
2026-03-21 10:00:00+00:00,3.603,3.605,3.586,3.589,22877.65
2026-03-21 11:00:00+00:00,3.59,3.598,3.589,3.592,10472.52
2026-03-21 12:00:00+00:00,3.593,3.597,3.584,3.587,45361.11
2026-03-21 13:00:00+00:00,3.586,3.588,3.574,3.58,39456.9
2026-03-21 14:00:00+00:00,3.58,3.602,3.57,3.572,44580.55
2026-03-21 15:00:00+00:00,3.573,3.6,3.57,3.597,55227.7
2026-03-21 16:00:00+00:00,3.597,3.598,3.574,3.578,36286.5
2026-03-21 17:00:00+00:00,3.578,3.586,3.572,3.58,16827.81
2026-03-21 18:00:00+00:00,3.579,3.59,3.577,3.579,19154.35
2026-03-21 19:00:00+00:00,3.58,3.58,3.572,3.578,30466.52
2026-03-21 20:00:00+00:00,3.578,3.587,3.576,3.58,12947.83
2026-03-21 21:00:00+00:00,3.581,3.584,3.573,3.578,13904.89
2026-03-21 22:00:00+00:00,3.578,3.579,3.565,3.572,31230.41
2026-03-21 23:00:00+00:00,3.571,3.571,3.458,3.486,316554.28
2026-03-22 00:00:00+00:00,3.485,3.516,3.426,3.499,227803.11
2026-03-22 01:00:00+00:00,3.499,3.511,3.475,3.494,85106.24
2026-03-22 02:00:00+00:00,3.496,3.526,3.488,3.509,56923.47
2026-03-22 03:00:00+00:00,3.508,3.537,3.497,3.508,57830.87
2026-03-22 04:00:00+00:00,3.509,3.526,3.503,3.514,53912.39
2026-03-22 05:00:00+00:00,3.514,3.515,3.495,3.499,43723.57
2026-03-22 06:00:00+00:00,3.499,3.501,3.486,3.499,89606.52
2026-03-22 07:00:00+00:00,3.498,3.507,3.479,3.481,60893.95
2026-03-22 08:00:00+00:00,3.481,3.486,3.462,3.485,71737.26
2026-03-22 09:00:00+00:00,3.484,3.495,3.474,3.48,46490.61
2026-03-22 10:00:00+00:00,3.479,3.479,3.457,3.462,21838.6
2026-03-22 11:00:00+00:00,3.461,3.477,3.457,3.463,39593.6
2026-03-22 12:00:00+00:00,3.463,3.486,3.462,3.478,49268.3
2026-03-22 13:00:00+00:00,3.478,3.49,3.473,3.479,53543.61
2026-03-22 14:00:00+00:00,3.479,3.488,3.465,3.474,64291.76
2026-03-22 15:00:00+00:00,3.473,3.491,3.473,3.484,39517.18
2026-03-22 16:00:00+00:00,3.483,3.491,3.479,3.487,34162.48
2026-03-22 17:00:00+00:00,3.486,3.497,3.479,3.486,23911.77
2026-03-22 18:00:00+00:00,3.486,3.492,3.458,3.473,25500.96
2026-03-22 19:00:00+00:00,3.474,3.474,3.433,3.457,77873.8
2026-03-22 20:00:00+00:00,3.456,3.471,3.449,3.457,31459.38
2026-03-22 21:00:00+00:00,3.457,3.461,3.41,3.452,113738.33
2026-03-22 22:00:00+00:00,3.452,3.476,3.43,3.471,76619.33
2026-03-22 23:00:00+00:00,3.472,3.49,3.468,3.471,30435.58
2026-03-23 00:00:00+00:00,3.472,3.487,3.455,3.474,87960.18
2026-03-23 01:00:00+00:00,3.473,3.496,3.467,3.479,48159.85
2026-03-23 02:00:00+00:00,3.48,3.514,3.48,3.51,51752.87
2026-03-23 03:00:00+00:00,3.51,3.533,3.494,3.497,94766.65
2026-03-23 04:00:00+00:00,3.497,3.527,3.497,3.525,61548.88
2026-03-23 05:00:00+00:00,3.525,3.548,3.519,3.542,78866.23
2026-03-23 06:00:00+00:00,3.542,3.542,3.471,3.48,87889.41
2026-03-23 07:00:00+00:00,3.48,3.489,3.453,3.483,69609.94
2026-03-23 08:00:00+00:00,3.484,3.496,3.464,3.467,51221.09
2026-03-23 09:00:00+00:00,3.467,3.475,3.437,3.474,150014.16
2026-03-23 10:00:00+00:00,3.475,3.495,3.466,3.484,86628.19
2026-03-23 11:00:00+00:00,3.484,3.682,3.484,3.575,1292497.7
2026-03-23 12:00:00+00:00,3.576,3.606,3.554,3.589,225643.65
2026-03-23 13:00:00+00:00,3.59,3.611,3.563,3.603,175150.87
2026-03-23 14:00:00+00:00,3.604,3.628,3.564,3.592,272077.96
2026-03-23 15:00:00+00:00,3.593,3.614,3.522,3.528,214749.69
2026-03-23 16:00:00+00:00,3.529,3.555,3.513,3.553,125144.35
2026-03-23 17:00:00+00:00,3.554,3.587,3.538,3.572,91722.62
2026-03-23 18:00:00+00:00,3.572,3.587,3.555,3.585,44182.92
2026-03-23 19:00:00+00:00,3.585,3.606,3.573,3.574,126856.57
2026-03-23 20:00:00+00:00,3.573,3.6,3.563,3.595,80770.39
2026-03-23 21:00:00+00:00,3.594,3.603,3.588,3.592,25100.51
2026-03-23 22:00:00+00:00,3.593,3.596,3.566,3.58,50670.24
2026-03-23 23:00:00+00:00,3.58,3.592,3.565,3.587,47704.67
2026-03-24 00:00:00+00:00,3.587,3.595,3.544,3.569,88852.03
2026-03-24 01:00:00+00:00,3.568,3.577,3.55,3.565,45128.66
2026-03-24 02:00:00+00:00,3.565,3.586,3.562,3.568,38806.23
2026-03-24 03:00:00+00:00,3.569,3.59,3.568,3.586,50262.89
2026-03-24 04:00:00+00:00,3.585,3.597,3.553,3.562,54034.4
2026-03-24 05:00:00+00:00,3.563,3.568,3.549,3.558,62644.32
2026-03-24 06:00:00+00:00,3.558,3.578,3.557,3.575,49013.72
2026-03-24 07:00:00+00:00,3.573,3.603,3.572,3.597,277933.73
2026-03-24 08:00:00+00:00,3.598,3.602,3.578,3.582,98838.76
2026-03-24 09:00:00+00:00,3.58,3.588,3.564,3.587,81191.86
2026-03-24 10:00:00+00:00,3.587,3.597,3.573,3.591,165073.6
2026-03-24 11:00:00+00:00,3.591,3.605,3.576,3.592,106179.66
2026-03-24 12:00:00+00:00,3.593,3.597,3.581,3.594,46014.39
2026-03-24 13:00:00+00:00,3.593,3.599,3.561,3.567,100341.53
2026-03-24 14:00:00+00:00,3.567,3.583,3.539,3.572,162784.04
2026-03-24 15:00:00+00:00,3.573,3.585,3.559,3.569,82878.19
2026-03-24 16:00:00+00:00,3.569,3.585,3.552,3.553,55273.91
2026-03-24 17:00:00+00:00,3.553,3.555,3.528,3.539,69620.48
2026-03-24 18:00:00+00:00,3.54,3.564,3.539,3.544,91728.39
2026-03-24 19:00:00+00:00,3.545,3.558,3.539,3.545,29057.69
2026-03-24 20:00:00+00:00,3.545,3.613,3.544,3.595,63456.91
2026-03-24 21:00:00+00:00,3.597,3.601,3.579,3.599,39904.62
2026-03-24 22:00:00+00:00,3.599,3.608,3.584,3.596,51512.49
2026-03-24 23:00:00+00:00,3.596,3.623,3.595,3.609,67687.85
2026-03-25 00:00:00+00:00,3.609,3.621,3.583,3.607,93474.1
2026-03-25 01:00:00+00:00,3.607,3.614,3.599,3.601,32362.4
2026-03-25 02:00:00+00:00,3.602,3.613,3.597,3.603,52900.3
2026-03-25 03:00:00+00:00,3.604,3.61,3.592,3.601,25270.55
2026-03-25 04:00:00+00:00,3.6,3.628,3.594,3.624,56704.64
2026-03-25 05:00:00+00:00,3.624,3.646,3.616,3.631,133695.23
2026-03-25 06:00:00+00:00,3.632,3.653,3.623,3.641,64901.55
2026-03-25 07:00:00+00:00,3.642,3.663,3.634,3.642,92694.05
2026-03-25 08:00:00+00:00,3.643,3.71,3.643,3.69,168768.01
2026-03-25 09:00:00+00:00,3.691,3.694,3.671,3.69,61983.73
2026-03-25 10:00:00+00:00,3.69,3.732,3.685,3.712,105192.94
2026-03-25 11:00:00+00:00,3.712,3.715,3.687,3.701,81553.98
2026-03-25 12:00:00+00:00,3.702,3.742,3.681,3.735,184769.07
2026-03-25 13:00:00+00:00,3.735,3.76,3.723,3.737,164873.31
2026-03-25 14:00:00+00:00,3.738,3.752,3.716,3.737,158129.48
2026-03-25 15:00:00+00:00,3.737,3.746,3.673,3.701,177761.2
2026-03-25 16:00:00+00:00,3.701,3.732,3.679,3.704,167551.3
2026-03-25 17:00:00+00:00,3.705,3.764,3.692,3.706,1003253.18
2026-03-25 18:00:00+00:00,3.706,3.713,3.69,3.697,229340.3
2026-03-25 19:00:00+00:00,3.697,3.711,3.692,3.707,36477.86
2026-03-25 20:00:00+00:00,3.708,3.708,3.683,3.692,51123.47
2026-03-25 21:00:00+00:00,3.692,3.7,3.678,3.696,48323.33
2026-03-25 22:00:00+00:00,3.696,3.732,3.692,3.723,49996.85
2026-03-25 23:00:00+00:00,3.723,3.726,3.695,3.708,30311.02
2026-03-26 00:00:00+00:00,3.708,3.711,3.685,3.696,51871.99
2026-03-26 01:00:00+00:00,3.697,3.719,3.695,3.7,47771.18
2026-03-26 02:00:00+00:00,3.7,3.703,3.663,3.684,79505.31
2026-03-26 03:00:00+00:00,3.683,3.683,3.656,3.67,102535.84
2026-03-26 04:00:00+00:00,3.671,3.671,3.655,3.661,67169.46
2026-03-26 05:00:00+00:00,3.662,3.663,3.609,3.615,156677.01
2026-03-26 06:00:00+00:00,3.615,3.628,3.596,3.611,81583.22
2026-03-26 07:00:00+00:00,3.61,3.617,3.597,3.61,44278.76
2026-03-26 08:00:00+00:00,3.61,3.613,3.586,3.596,119590.74
2026-03-26 09:00:00+00:00,3.595,3.611,3.543,3.557,198863.27
2026-03-26 10:00:00+00:00,3.557,3.573,3.546,3.554,109703.7
2026-03-26 11:00:00+00:00,3.553,3.556,3.525,3.527,119299.67
2026-03-26 12:00:00+00:00,3.527,3.543,3.518,3.532,152916.5
2026-03-26 13:00:00+00:00,3.532,3.57,3.527,3.552,133779.2
2026-03-26 14:00:00+00:00,3.552,3.563,3.524,3.534,124347.88
2026-03-26 15:00:00+00:00,3.533,3.533,3.499,3.516,164080.7
2026-03-26 16:00:00+00:00,3.515,3.528,3.511,3.518,75893.64
2026-03-26 17:00:00+00:00,3.519,3.529,3.489,3.5,73754.23
2026-03-26 18:00:00+00:00,3.5,3.508,3.483,3.507,83312.15
2026-03-26 19:00:00+00:00,3.508,3.509,3.488,3.496,24593.14
2026-03-26 20:00:00+00:00,3.496,3.56,3.49,3.525,229383.76
2026-03-26 21:00:00+00:00,3.525,3.552,3.522,3.534,94923.08
2026-03-26 22:00:00+00:00,3.534,3.535,3.508,3.529,164503.21
2026-03-26 23:00:00+00:00,3.529,3.534,3.517,3.528,54203.86
2026-03-27 00:00:00+00:00,3.527,3.537,3.52,3.536,47539.46
2026-03-27 01:00:00+00:00,3.535,3.55,3.523,3.547,56976.34
2026-03-27 02:00:00+00:00,3.547,3.557,3.542,3.544,50276.79
2026-03-27 03:00:00+00:00,3.545,3.548,3.529,3.534,31634.55
2026-03-27 04:00:00+00:00,3.535,3.535,3.504,3.516,53063.47
2026-03-27 05:00:00+00:00,3.517,3.537,3.512,3.518,24592.97
2026-03-27 06:00:00+00:00,3.518,3.524,3.51,3.511,49609.28
2026-03-27 07:00:00+00:00,3.511,3.523,3.503,3.515,131266.61
2026-03-27 08:00:00+00:00,3.514,3.52,3.463,3.488,127571.35
2026-03-27 09:00:00+00:00,3.487,3.49,3.458,3.477,117776.15
2026-03-27 10:00:00+00:00,3.476,3.477,3.376,3.379,324713.46
2026-03-27 11:00:00+00:00,3.38,3.413,3.365,3.405,197121.17
2026-03-27 12:00:00+00:00,3.406,3.406,3.378,3.401,130013.38
2026-03-27 13:00:00+00:00,3.401,3.42,3.381,3.398,121325.86
2026-03-27 14:00:00+00:00,3.397,3.414,3.368,3.397,137979.96
2026-03-27 15:00:00+00:00,3.396,3.448,3.396,3.409,307566.43
2026-03-27 16:00:00+00:00,3.408,3.425,3.398,3.411,60293.36
2026-03-27 17:00:00+00:00,3.411,3.427,3.395,3.399,159258.53
2026-03-27 18:00:00+00:00,3.398,3.401,3.374,3.382,133833.76
2026-03-27 19:00:00+00:00,3.382,3.401,3.371,3.394,72924.77
2026-03-27 20:00:00+00:00,3.395,3.4,3.373,3.383,73634.09
2026-03-27 21:00:00+00:00,3.383,3.397,3.379,3.382,47785.01
2026-03-27 22:00:00+00:00,3.382,3.384,3.372,3.376,54175.21
2026-03-27 23:00:00+00:00,3.375,3.392,3.369,3.388,111082.98
2026-03-28 00:00:00+00:00,3.389,3.395,3.383,3.387,37510.93
2026-03-28 01:00:00+00:00,3.388,3.388,3.355,3.374,120040.64
2026-03-28 02:00:00+00:00,3.375,3.387,3.358,3.363,67531.24
2026-03-28 03:00:00+00:00,3.364,3.375,3.361,3.364,56638.93
2026-03-28 04:00:00+00:00,3.364,3.371,3.359,3.367,22464.05
2026-03-28 05:00:00+00:00,3.368,3.383,3.366,3.382,39886.12
2026-03-28 06:00:00+00:00,3.382,3.399,3.38,3.391,45442.35
2026-03-28 07:00:00+00:00,3.391,3.408,3.39,3.398,48581.16
2026-03-28 08:00:00+00:00,3.398,3.405,3.381,3.383,16692.92
2026-03-28 09:00:00+00:00,3.383,3.385,3.376,3.381,24466.25
2026-03-28 10:00:00+00:00,3.38,3.396,3.369,3.379,32176.09
2026-03-28 11:00:00+00:00,3.38,3.391,3.377,3.389,17207.84
2026-03-28 12:00:00+00:00,3.389,3.397,3.369,3.372,30079.7
2026-03-28 13:00:00+00:00,3.371,3.431,3.369,3.411,142287.39
2026-03-28 14:00:00+00:00,3.41,3.416,3.392,3.401,72173.81
2026-03-28 15:00:00+00:00,3.401,3.432,3.397,3.415,108744.65
2026-03-28 16:00:00+00:00,3.416,3.43,3.415,3.424,56015.71
2026-03-28 17:00:00+00:00,3.425,3.43,3.41,3.427,40305.78
2026-03-28 18:00:00+00:00,3.427,3.441,3.427,3.434,26164.8
2026-03-28 19:00:00+00:00,3.433,3.441,3.429,3.438,15246.52
2026-03-28 20:00:00+00:00,3.439,3.451,3.433,3.434,27207.09
2026-03-28 21:00:00+00:00,3.433,3.433,3.411,3.415,24279.31
2026-03-28 22:00:00+00:00,3.414,3.424,3.408,3.423,12788.62
2026-03-28 23:00:00+00:00,3.424,3.424,3.373,3.384,128443.09
2026-03-29 00:00:00+00:00,3.383,3.392,3.367,3.378,60623.89
2026-03-29 01:00:00+00:00,3.378,3.393,3.377,3.386,36083.36
2026-03-29 02:00:00+00:00,3.387,3.399,3.384,3.395,12214.66
2026-03-29 03:00:00+00:00,3.396,3.418,3.395,3.409,37003.95
2026-03-29 04:00:00+00:00,3.409,3.41,3.393,3.397,28180.9
2026-03-29 05:00:00+00:00,3.397,3.398,3.382,3.394,32236.76
2026-03-29 06:00:00+00:00,3.394,3.403,3.389,3.403,14893.08
2026-03-29 07:00:00+00:00,3.402,3.404,3.39,3.394,22791.07
2026-03-29 08:00:00+00:00,3.395,3.399,3.385,3.395,17442.05
2026-03-29 09:00:00+00:00,3.395,3.399,3.379,3.381,48416.74
2026-03-29 10:00:00+00:00,3.38,3.38,3.356,3.367,48533.21
2026-03-29 11:00:00+00:00,3.368,3.388,3.365,3.381,30628.94
2026-03-29 12:00:00+00:00,3.381,3.381,3.364,3.375,20654.63
2026-03-29 13:00:00+00:00,3.375,3.376,3.339,3.355,82078.57
2026-03-29 14:00:00+00:00,3.354,3.38,3.35,3.363,85196.64
2026-03-29 15:00:00+00:00,3.364,3.371,3.351,3.36,57610.41
2026-03-29 16:00:00+00:00,3.36,3.373,3.357,3.361,16078.93
2026-03-29 17:00:00+00:00,3.363,3.368,3.343,3.357,44833.55
2026-03-29 18:00:00+00:00,3.356,3.369,3.349,3.358,19795.88
2026-03-29 19:00:00+00:00,3.358,3.367,3.353,3.355,24462.95
2026-03-29 20:00:00+00:00,3.355,3.414,3.354,3.406,95384.74
2026-03-29 21:00:00+00:00,3.406,3.428,3.363,3.396,162624.56
2026-03-29 22:00:00+00:00,3.395,3.395,3.259,3.342,311144.31
2026-03-29 23:00:00+00:00,3.342,3.372,3.339,3.355,100461.16
2026-03-30 00:00:00+00:00,3.356,3.427,3.353,3.382,154281.52
2026-03-30 01:00:00+00:00,3.383,3.408,3.382,3.399,60726.32
2026-03-30 02:00:00+00:00,3.4,3.452,3.398,3.428,102847.41
2026-03-30 03:00:00+00:00,3.427,3.46,3.422,3.451,74057.98
2026-03-30 04:00:00+00:00,3.451,3.487,3.451,3.48,67783.81
2026-03-30 05:00:00+00:00,3.481,3.503,3.472,3.476,99049.11
2026-03-30 06:00:00+00:00,3.475,3.486,3.46,3.465,78695.89
2026-03-30 07:00:00+00:00,3.464,3.537,3.46,3.536,125758.09
2026-03-30 08:00:00+00:00,3.535,3.577,3.529,3.552,167131.13
2026-03-30 09:00:00+00:00,3.551,3.551,3.51,3.512,116800.77
2026-03-30 10:00:00+00:00,3.511,3.521,3.499,3.512,106123.54
2026-03-30 11:00:00+00:00,3.513,3.548,3.509,3.528,122484.19
2026-03-30 12:00:00+00:00,3.529,3.539,3.518,3.532,29427.5
2026-03-30 13:00:00+00:00,3.532,3.567,3.529,3.537,160600.2
2026-03-30 14:00:00+00:00,3.538,3.542,3.496,3.537,128771.08
2026-03-30 15:00:00+00:00,3.538,3.548,3.519,3.525,57299.8
2026-03-30 16:00:00+00:00,3.527,3.542,3.505,3.519,102557.45
2026-03-30 17:00:00+00:00,3.52,3.523,3.474,3.493,71149.72
2026-03-30 18:00:00+00:00,3.493,3.494,3.467,3.476,50319.78
2026-03-30 19:00:00+00:00,3.477,3.478,3.451,3.476,51059.8
2026-03-30 20:00:00+00:00,3.476,3.482,3.462,3.472,32435.16
2026-03-30 21:00:00+00:00,3.471,3.515,3.469,3.49,58784.95
2026-03-30 22:00:00+00:00,3.49,3.5,3.48,3.491,22944.66
2026-03-30 23:00:00+00:00,3.491,3.491,3.46,3.48,28625.07
2026-03-31 00:00:00+00:00,3.481,3.507,3.463,3.492,50644.03
2026-03-31 01:00:00+00:00,3.493,3.572,3.489,3.554,135370.33
2026-03-31 02:00:00+00:00,3.554,3.569,3.547,3.563,42168.61
2026-03-31 03:00:00+00:00,3.562,3.562,3.526,3.533,47754.88
2026-03-31 04:00:00+00:00,3.534,3.539,3.515,3.516,50859.74
2026-03-31 05:00:00+00:00,3.516,3.528,3.506,3.52,59433.55
2026-03-31 06:00:00+00:00,3.521,3.523,3.503,3.519,30197.48
2026-03-31 07:00:00+00:00,3.52,3.522,3.496,3.511,52970.19
2026-03-31 08:00:00+00:00,3.512,3.514,3.472,3.484,69633.63
2026-03-31 09:00:00+00:00,3.482,3.496,3.454,3.466,123603.36
2026-03-31 10:00:00+00:00,3.466,3.48,3.45,3.457,173979.38
2026-03-31 11:00:00+00:00,3.457,3.497,3.452,3.483,121173.36
2026-03-31 12:00:00+00:00,3.484,3.497,3.474,3.485,72339.39
2026-03-31 13:00:00+00:00,3.486,3.532,3.486,3.52,73454.92
2026-03-31 14:00:00+00:00,3.52,3.555,3.482,3.497,369708.68
2026-03-31 15:00:00+00:00,3.496,3.557,3.496,3.513,155265.2
2026-03-31 16:00:00+00:00,3.514,3.56,3.496,3.545,184521.33
2026-03-31 17:00:00+00:00,3.546,3.591,3.529,3.545,239311.6
2026-03-31 18:00:00+00:00,3.546,3.573,3.545,3.552,35580.16
2026-03-31 19:00:00+00:00,3.553,3.558,3.529,3.535,120315.95
2026-03-31 20:00:00+00:00,3.536,3.567,3.533,3.56,62290.65
2026-03-31 21:00:00+00:00,3.56,3.564,3.541,3.544,58663.63
2026-03-31 22:00:00+00:00,3.545,3.55,3.522,3.533,47208.58
2026-03-31 23:00:00+00:00,3.532,3.552,3.53,3.545,67468.57
2026-04-01 00:00:00+00:00,3.544,3.567,3.535,3.567,51236.84
2026-04-01 01:00:00+00:00,3.567,3.569,3.537,3.545,72185.69
2026-04-01 02:00:00+00:00,3.546,3.553,3.535,3.548,43614.31
2026-04-01 03:00:00+00:00,3.549,3.581,3.549,3.568,45747.15
2026-04-01 04:00:00+00:00,3.569,3.591,3.559,3.583,49358.97
2026-04-01 05:00:00+00:00,3.583,3.608,3.567,3.601,138266.05
2026-04-01 06:00:00+00:00,3.602,3.652,3.594,3.649,135270.05
2026-04-01 07:00:00+00:00,3.65,3.672,3.621,3.626,169574.66
2026-04-01 08:00:00+00:00,3.627,3.635,3.599,3.605,171180.96
2026-04-01 09:00:00+00:00,3.604,3.608,3.58,3.59,60265.73
2026-04-01 10:00:00+00:00,3.592,3.606,3.587,3.597,48266.66
2026-04-01 11:00:00+00:00,3.595,3.609,3.589,3.603,38170.59
2026-04-01 12:00:00+00:00,3.603,3.638,3.594,3.605,113342.5
2026-04-01 13:00:00+00:00,3.605,3.612,3.575,3.601,146433.39
2026-04-01 14:00:00+00:00,3.601,3.625,3.591,3.616,81844.38
2026-04-01 15:00:00+00:00,3.617,3.627,3.6,3.626,54378.72
2026-04-01 16:00:00+00:00,3.627,3.652,3.604,3.642,105765.18
2026-04-01 17:00:00+00:00,3.641,3.667,3.624,3.631,151707.74
2026-04-01 18:00:00+00:00,3.631,3.636,3.599,3.602,65480.6
2026-04-01 19:00:00+00:00,3.602,3.622,3.601,3.615,40052.51
2026-04-01 20:00:00+00:00,3.616,3.625,3.596,3.615,64387.86
2026-04-01 21:00:00+00:00,3.616,3.641,3.614,3.628,35701.9
2026-04-01 22:00:00+00:00,3.627,3.628,3.562,3.576,640116.07
2026-04-01 23:00:00+00:00,3.577,3.581,3.562,3.567,71480.23
2026-04-02 00:00:00+00:00,3.567,3.597,3.561,3.587,76228.29
2026-04-02 01:00:00+00:00,3.587,3.587,3.48,3.506,340319.62
2026-04-02 02:00:00+00:00,3.505,3.508,3.452,3.468,116011.12
2026-04-02 03:00:00+00:00,3.467,3.471,3.423,3.446,155709.93
2026-04-02 04:00:00+00:00,3.445,3.445,3.268,3.292,1653834.46
2026-04-02 05:00:00+00:00,3.291,3.317,3.274,3.312,1132886.38
2026-04-02 06:00:00+00:00,3.312,3.345,3.303,3.342,323283.56
2026-04-02 07:00:00+00:00,3.341,3.348,3.329,3.337,135498.81
2026-04-02 08:00:00+00:00,3.336,3.345,3.318,3.325,135997.42
2026-04-02 09:00:00+00:00,3.325,3.336,3.316,3.334,164325.15
2026-04-02 10:00:00+00:00,3.333,3.345,3.321,3.336,100285.4
2026-04-02 11:00:00+00:00,3.336,3.353,3.329,3.341,126249.98
2026-04-02 12:00:00+00:00,3.341,3.342,3.323,3.323,120996.1
2026-04-02 13:00:00+00:00,3.325,3.325,3.088,3.133,6544088.31
2026-04-02 14:00:00+00:00,3.134,3.196,3.106,3.192,1559866.52
2026-04-02 15:00:00+00:00,3.191,3.198,3.154,3.183,546292.28
2026-04-02 16:00:00+00:00,3.183,3.216,3.172,3.203,438557.67
2026-04-02 17:00:00+00:00,3.202,3.203,3.125,3.131,440455.45
2026-04-02 18:00:00+00:00,3.131,3.144,3.126,3.134,446477.07
2026-04-02 19:00:00+00:00,3.135,3.144,3.113,3.13,501894.78
2026-04-02 20:00:00+00:00,3.131,3.145,3.112,3.135,593388.99
2026-04-02 21:00:00+00:00,3.135,3.139,3.113,3.13,465952.06
2026-04-02 22:00:00+00:00,3.131,3.175,3.125,3.167,187072.04
2026-04-02 23:00:00+00:00,3.168,3.178,3.158,3.174,195031.74
2026-04-03 00:00:00+00:00,3.175,3.188,3.157,3.175,117216.93
2026-04-03 01:00:00+00:00,3.175,3.187,3.167,3.182,118982.41
2026-04-03 02:00:00+00:00,3.181,3.213,3.178,3.197,158602.51
2026-04-03 03:00:00+00:00,3.197,3.201,3.175,3.184,167204.07
2026-04-03 04:00:00+00:00,3.184,3.194,3.17,3.19,306244.22
2026-04-03 05:00:00+00:00,3.19,3.247,3.188,3.229,146210.56
2026-04-03 06:00:00+00:00,3.228,3.25,3.217,3.245,119061.24
2026-04-03 07:00:00+00:00,3.245,3.256,3.229,3.236,166849.13
2026-04-03 08:00:00+00:00,3.236,3.254,3.226,3.229,226210.65
2026-04-03 09:00:00+00:00,3.23,3.232,3.211,3.22,70931.18
2026-04-03 10:00:00+00:00,3.219,3.22,3.195,3.205,118276.22
2026-04-03 11:00:00+00:00,3.206,3.224,3.205,3.218,98194.04
2026-04-03 12:00:00+00:00,3.219,3.238,3.197,3.203,217398.39
2026-04-03 13:00:00+00:00,3.205,3.207,3.182,3.198,113325.21
2026-04-03 14:00:00+00:00,3.199,3.215,3.194,3.208,101514.42
2026-04-03 15:00:00+00:00,3.207,3.21,3.157,3.168,201735.54
2026-04-03 16:00:00+00:00,3.168,3.194,3.163,3.189,168995.02
2026-04-03 17:00:00+00:00,3.189,3.192,3.157,3.164,62931.59
2026-04-03 18:00:00+00:00,3.165,3.17,3.153,3.161,80180.55
2026-04-03 19:00:00+00:00,3.162,3.166,3.154,3.159,42629.71
2026-04-03 20:00:00+00:00,3.16,3.178,3.16,3.174,18322.74
2026-04-03 21:00:00+00:00,3.175,3.184,3.165,3.174,37913.28
2026-04-03 22:00:00+00:00,3.175,3.176,3.159,3.161,26205.95
2026-04-03 23:00:00+00:00,3.162,3.184,3.146,3.171,172192.81
2026-04-04 00:00:00+00:00,3.172,3.181,3.165,3.167,79875.96
2026-04-04 01:00:00+00:00,3.167,3.176,3.16,3.168,36599.65
2026-04-04 02:00:00+00:00,3.169,3.177,3.151,3.16,52140.38
2026-04-04 03:00:00+00:00,3.161,3.169,3.153,3.165,95411.01
2026-04-04 04:00:00+00:00,3.165,3.167,3.15,3.156,37845.51
2026-04-04 05:00:00+00:00,3.155,3.159,3.15,3.154,33559.4
2026-04-04 06:00:00+00:00,3.154,3.167,3.151,3.163,29807.42
2026-04-04 07:00:00+00:00,3.164,3.164,3.146,3.15,90882.4
2026-04-04 08:00:00+00:00,3.15,3.155,3.116,3.132,153474.22
2026-04-04 09:00:00+00:00,3.132,3.135,3.119,3.121,102088.83
2026-04-04 10:00:00+00:00,3.12,3.137,3.098,3.133,239307.92
2026-04-04 11:00:00+00:00,3.131,3.137,3.121,3.129,66802.87
2026-04-04 12:00:00+00:00,3.13,3.138,3.125,3.132,55942.82
2026-04-04 13:00:00+00:00,3.132,3.15,3.131,3.136,89640.65
2026-04-04 14:00:00+00:00,3.136,3.149,3.12,3.141,163211.39
2026-04-04 15:00:00+00:00,3.142,3.149,3.098,3.126,520220.4
2026-04-04 16:00:00+00:00,3.127,3.15,3.126,3.129,115897.56
2026-04-04 17:00:00+00:00,3.127,3.144,3.12,3.136,43922.43
2026-04-04 18:00:00+00:00,3.135,3.137,3.123,3.124,45816.41
2026-04-04 19:00:00+00:00,3.124,3.158,3.122,3.13,105243.19
2026-04-04 20:00:00+00:00,3.132,3.133,3.122,3.125,29647.15
2026-04-04 21:00:00+00:00,3.123,3.148,3.12,3.142,61072.17
2026-04-04 22:00:00+00:00,3.142,3.145,3.129,3.132,97378.3
2026-04-04 23:00:00+00:00,3.132,3.134,3.12,3.125,55846.45
2026-04-05 00:00:00+00:00,3.126,3.129,3.114,3.117,73479.85
2026-04-05 01:00:00+00:00,3.116,3.122,3.108,3.109,52634.13
2026-04-05 02:00:00+00:00,3.108,3.119,3.098,3.118,79005.72
2026-04-05 03:00:00+00:00,3.118,3.119,3.106,3.113,40530.31
2026-04-05 04:00:00+00:00,3.113,3.114,3.095,3.099,80422.23
2026-04-05 05:00:00+00:00,3.099,3.109,3.057,3.087,206828.93
2026-04-05 06:00:00+00:00,3.088,3.092,3.058,3.083,205745.29
2026-04-05 07:00:00+00:00,3.083,3.093,3.072,3.079,57850.12
2026-04-05 08:00:00+00:00,3.078,3.085,3.064,3.073,98930.77
2026-04-05 09:00:00+00:00,3.074,3.085,3.073,3.08,55789.94
2026-04-05 10:00:00+00:00,3.08,3.086,3.069,3.071,70039.62
2026-04-05 11:00:00+00:00,3.07,3.082,3.066,3.08,58231.8
2026-04-05 12:00:00+00:00,3.079,3.083,3.058,3.072,106192.84
2026-04-05 13:00:00+00:00,3.071,3.086,3.066,3.084,70202.95
2026-04-05 14:00:00+00:00,3.085,3.1,3.078,3.083,63358.59
2026-04-05 15:00:00+00:00,3.081,3.131,3.069,3.097,163698.3
2026-04-05 16:00:00+00:00,3.098,3.112,3.079,3.083,64738.6
2026-04-05 17:00:00+00:00,3.083,3.099,3.079,3.092,59862.23
2026-04-05 18:00:00+00:00,3.093,3.095,3.083,3.086,42622.73
2026-04-05 19:00:00+00:00,3.087,3.099,3.084,3.097,29898.56
2026-04-05 20:00:00+00:00,3.098,3.106,3.093,3.093,54851.54
2026-04-05 21:00:00+00:00,3.093,3.1,3.077,3.09,58311.88
2026-04-05 22:00:00+00:00,3.09,3.128,3.079,3.122,97878.29
2026-04-05 23:00:00+00:00,3.124,3.161,3.117,3.148,342367.69
2026-04-06 00:00:00+00:00,3.148,3.178,3.148,3.164,153824.16
2026-04-06 01:00:00+00:00,3.164,3.167,3.143,3.149,77776.31
2026-04-06 02:00:00+00:00,3.15,3.198,3.15,3.172,168813.98
2026-04-06 03:00:00+00:00,3.172,3.181,3.159,3.164,85894.89
2026-04-06 04:00:00+00:00,3.165,3.172,3.151,3.161,88842.88
2026-04-06 05:00:00+00:00,3.162,3.171,3.159,3.167,47961.43
2026-04-06 06:00:00+00:00,3.167,3.171,3.141,3.152,125616.54
2026-04-06 07:00:00+00:00,3.15,3.164,3.14,3.154,67823.96
2026-04-06 08:00:00+00:00,3.155,3.175,3.154,3.164,74000.15
2026-04-06 09:00:00+00:00,3.164,3.209,3.164,3.198,218096.33
2026-04-06 10:00:00+00:00,3.197,3.211,3.191,3.2,138163.33
2026-04-06 11:00:00+00:00,3.2,3.203,3.194,3.2,56406.03
2026-04-06 12:00:00+00:00,3.2,3.208,3.185,3.186,148033.35
2026-04-06 13:00:00+00:00,3.187,3.19,3.169,3.176,160138.32
2026-04-06 14:00:00+00:00,3.175,3.192,3.158,3.181,273784.18
2026-04-06 15:00:00+00:00,3.18,3.195,3.173,3.189,88520.92
2026-04-06 16:00:00+00:00,3.189,3.192,3.156,3.16,133849.83
2026-04-06 17:00:00+00:00,3.16,3.17,3.143,3.165,78960.72
2026-04-06 18:00:00+00:00,3.164,3.176,3.161,3.167,39944.46
2026-04-06 19:00:00+00:00,3.167,3.167,3.145,3.153,62073.4
2026-04-06 20:00:00+00:00,3.153,3.162,3.152,3.153,32152.74
2026-04-06 21:00:00+00:00,3.153,3.154,3.131,3.137,86186.36
2026-04-06 22:00:00+00:00,3.136,3.137,3.096,3.098,106593.71
2026-04-06 23:00:00+00:00,3.097,3.103,3.072,3.096,166723.46
2026-04-07 00:00:00+00:00,3.095,3.11,3.087,3.088,140519.4
2026-04-07 01:00:00+00:00,3.088,3.1,3.069,3.073,91494.84
2026-04-07 02:00:00+00:00,3.072,3.078,3.05,3.073,361600.31
2026-04-07 03:00:00+00:00,3.073,3.086,3.067,3.081,57558.33
2026-04-07 04:00:00+00:00,3.08,3.097,3.075,3.088,54960.99
2026-04-07 05:00:00+00:00,3.089,3.089,3.062,3.068,80157.17
2026-04-07 06:00:00+00:00,3.068,3.075,3.052,3.073,118590.83
2026-04-07 07:00:00+00:00,3.072,3.079,3.07,3.074,46130.99
2026-04-07 08:00:00+00:00,3.074,3.091,3.072,3.085,148385.48
2026-04-07 09:00:00+00:00,3.086,3.109,3.086,3.102,112550.16
2026-04-07 10:00:00+00:00,3.101,3.106,3.049,3.058,258734.26
2026-04-07 11:00:00+00:00,3.057,3.059,3.043,3.052,84718.32
2026-04-07 12:00:00+00:00,3.051,3.075,3.024,3.061,403257.28
2026-04-07 13:00:00+00:00,3.06,3.069,3.047,3.056,183316.11
2026-04-07 14:00:00+00:00,3.055,3.063,3.037,3.042,162657.68
2026-04-07 15:00:00+00:00,3.041,3.062,3.027,3.03,322545.12
2026-04-07 16:00:00+00:00,3.029,3.046,3.014,3.036,150700.24
2026-04-07 17:00:00+00:00,3.037,3.087,3.037,3.066,92270.52
2026-04-07 18:00:00+00:00,3.066,3.079,3.058,3.064,183241.67
2026-04-07 19:00:00+00:00,3.064,3.108,3.064,3.107,129366.56
2026-04-07 20:00:00+00:00,3.107,3.127,3.1,3.112,138917.35
2026-04-07 21:00:00+00:00,3.113,3.185,3.113,3.161,259144.15
2026-04-07 22:00:00+00:00,3.163,3.272,3.163,3.267,495225.81
2026-04-07 23:00:00+00:00,3.268,3.323,3.258,3.286,613870.67
2026-04-08 00:00:00+00:00,3.286,3.3,3.214,3.226,294563.27
2026-04-08 01:00:00+00:00,3.227,3.241,3.216,3.233,87087.83
2026-04-08 02:00:00+00:00,3.233,3.25,3.208,3.216,108888.09
2026-04-08 03:00:00+00:00,3.215,3.221,3.206,3.21,110131.24
2026-04-08 04:00:00+00:00,3.21,3.237,3.209,3.227,149687.97
2026-04-08 05:00:00+00:00,3.228,3.241,3.214,3.231,127151.58
2026-04-08 06:00:00+00:00,3.232,3.244,3.225,3.231,68156.44
2026-04-08 07:00:00+00:00,3.23,3.256,3.228,3.252,115385.49
2026-04-08 08:00:00+00:00,3.253,3.261,3.248,3.256,94823.3
2026-04-08 09:00:00+00:00,3.258,3.266,3.241,3.253,127409.75
2026-04-08 10:00:00+00:00,3.254,3.261,3.245,3.251,66704.85
2026-04-08 11:00:00+00:00,3.25,3.259,3.218,3.229,82801.57
2026-04-08 12:00:00+00:00,3.229,3.235,3.215,3.22,136942.87
2026-04-08 13:00:00+00:00,3.221,3.246,3.217,3.222,206916.71
2026-04-08 14:00:00+00:00,3.222,3.23,3.151,3.164,330163.61
2026-04-08 15:00:00+00:00,3.164,3.185,3.158,3.172,106377.12
2026-04-08 16:00:00+00:00,3.17,3.197,3.17,3.193,113401.37
2026-04-08 17:00:00+00:00,3.193,3.199,3.171,3.19,103711.28
2026-04-08 18:00:00+00:00,3.191,3.191,3.146,3.146,84102.27
2026-04-08 19:00:00+00:00,3.145,3.158,3.14,3.158,66346.37
2026-04-08 20:00:00+00:00,3.158,3.165,3.145,3.15,28423.13
2026-04-08 21:00:00+00:00,3.151,3.171,3.143,3.161,44385.41
2026-04-08 22:00:00+00:00,3.162,3.162,3.127,3.128,87318.15
2026-04-08 23:00:00+00:00,3.128,3.135,3.111,3.121,163035.92
2026-04-09 00:00:00+00:00,3.12,3.123,3.1,3.112,80590.7
2026-04-09 01:00:00+00:00,3.111,3.113,3.087,3.106,205408.59
2026-04-09 02:00:00+00:00,3.107,3.115,3.092,3.093,106733.53
2026-04-09 03:00:00+00:00,3.093,3.096,3.048,3.058,250783.89
2026-04-09 04:00:00+00:00,3.057,3.069,3.048,3.065,111587.8
2026-04-09 05:00:00+00:00,3.064,3.101,3.063,3.074,183641.66
2026-04-09 06:00:00+00:00,3.075,3.091,3.075,3.09,63990.63
2026-04-09 07:00:00+00:00,3.091,3.096,3.085,3.085,49385.06
2026-04-09 08:00:00+00:00,3.085,3.1,3.08,3.094,60651.94
2026-04-09 09:00:00+00:00,3.093,3.097,3.078,3.092,101394.85
2026-04-09 10:00:00+00:00,3.091,3.093,3.079,3.08,62854.2
2026-04-09 11:00:00+00:00,3.08,3.083,3.069,3.074,61848.09
2026-04-09 12:00:00+00:00,3.074,3.092,3.068,3.085,50653.51
2026-04-09 13:00:00+00:00,3.086,3.087,3.06,3.075,136323.73
2026-04-09 14:00:00+00:00,3.075,3.102,3.068,3.097,237754.5
2026-04-09 15:00:00+00:00,3.098,3.137,3.085,3.129,312259.39
2026-04-09 16:00:00+00:00,3.13,3.151,3.109,3.127,295984.65
2026-04-09 17:00:00+00:00,3.126,3.152,3.123,3.15,97270.05
2026-04-09 18:00:00+00:00,3.15,3.151,3.12,3.132,61069.57
2026-04-09 19:00:00+00:00,3.131,3.151,3.125,3.143,76139.79
2026-04-09 20:00:00+00:00,3.144,3.155,3.139,3.145,61738.21
2026-04-09 21:00:00+00:00,3.145,3.163,3.14,3.148,79140.41
2026-04-09 22:00:00+00:00,3.15,3.219,3.15,3.152,209582.01
2026-04-09 23:00:00+00:00,3.152,3.154,3.1,3.107,230272.44
2026-04-10 00:00:00+00:00,3.107,3.115,3.092,3.107,114748.85
2026-04-10 01:00:00+00:00,3.107,3.136,3.089,3.108,106746.65
2026-04-10 02:00:00+00:00,3.109,3.13,3.107,3.115,75660.39
2026-04-10 03:00:00+00:00,3.116,3.122,3.099,3.107,33947.12
2026-04-10 04:00:00+00:00,3.108,3.142,3.107,3.138,52879.84
2026-04-10 05:00:00+00:00,3.138,3.153,3.13,3.146,59469.13
2026-04-10 06:00:00+00:00,3.146,3.148,3.102,3.112,381110.95
2026-04-10 07:00:00+00:00,3.111,3.121,3.107,3.111,77789.4
2026-04-10 08:00:00+00:00,3.112,3.117,3.093,3.1,163774.89
2026-04-10 09:00:00+00:00,3.101,3.128,3.101,3.124,78039.99
2026-04-10 10:00:00+00:00,3.125,3.125,3.106,3.111,51715.56
2026-04-10 11:00:00+00:00,3.111,3.132,3.11,3.122,93104.85
2026-04-10 12:00:00+00:00,3.122,3.151,3.12,3.134,139502.01
2026-04-10 13:00:00+00:00,3.134,3.148,3.122,3.142,82242.39
2026-04-10 14:00:00+00:00,3.141,3.184,3.139,3.183,214276.9
2026-04-10 15:00:00+00:00,3.183,3.198,3.149,3.158,396139.06
2026-04-10 16:00:00+00:00,3.159,3.177,3.156,3.166,137334.52
2026-04-10 17:00:00+00:00,3.166,3.166,3.149,3.162,45943.58
2026-04-10 18:00:00+00:00,3.162,3.179,3.154,3.178,67912.69
2026-04-10 19:00:00+00:00,3.177,3.198,3.175,3.194,65077.63
2026-04-10 20:00:00+00:00,3.194,3.197,3.175,3.194,95902.26
2026-04-10 21:00:00+00:00,3.194,3.195,3.173,3.184,61996.31
2026-04-10 22:00:00+00:00,3.184,3.186,3.162,3.167,81844.61
2026-04-10 23:00:00+00:00,3.167,3.167,3.156,3.166,53931.15
2026-04-11 00:00:00+00:00,3.165,3.165,3.15,3.151,75936.96
2026-04-11 01:00:00+00:00,3.151,3.159,3.14,3.151,88172.38
2026-04-11 02:00:00+00:00,3.152,3.164,3.148,3.152,49787.59
2026-04-11 03:00:00+00:00,3.153,3.171,3.149,3.15,127989.06
2026-04-11 04:00:00+00:00,3.15,3.162,3.147,3.151,74715.79
2026-04-11 05:00:00+00:00,3.15,3.152,3.13,3.135,48217.54
2026-04-11 06:00:00+00:00,3.134,3.143,3.126,3.139,44214.6
2026-04-11 07:00:00+00:00,3.139,3.144,3.132,3.14,35827.45
2026-04-11 08:00:00+00:00,3.141,3.152,3.138,3.142,28290.19
2026-04-11 09:00:00+00:00,3.143,3.156,3.135,3.152,70784.32
2026-04-11 10:00:00+00:00,3.154,3.155,3.135,3.14,52081.29
2026-04-11 11:00:00+00:00,3.139,3.144,3.134,3.138,45788.0
2026-04-11 12:00:00+00:00,3.138,3.145,3.131,3.136,39580.76
2026-04-11 13:00:00+00:00,3.136,3.136,3.115,3.126,127307.25
2026-04-11 14:00:00+00:00,3.125,3.139,3.122,3.13,42235.49
2026-04-11 15:00:00+00:00,3.13,3.153,3.13,3.147,61052.98
2026-04-11 16:00:00+00:00,3.148,3.179,3.146,3.166,87925.16
2026-04-11 17:00:00+00:00,3.167,3.171,3.156,3.16,62966.77
2026-04-11 18:00:00+00:00,3.16,3.205,3.15,3.198,155809.18
2026-04-11 19:00:00+00:00,3.199,3.221,3.193,3.209,155131.43
2026-04-11 20:00:00+00:00,3.21,3.211,3.178,3.188,98673.0
2026-04-11 21:00:00+00:00,3.187,3.192,3.177,3.183,61130.13
2026-04-11 22:00:00+00:00,3.182,3.198,3.162,3.172,100751.82
2026-04-11 23:00:00+00:00,3.171,3.171,3.141,3.15,146078.78
2026-04-12 00:00:00+00:00,3.15,3.153,3.141,3.152,64964.44
2026-04-12 01:00:00+00:00,3.152,3.158,3.048,3.067,425585.08
2026-04-12 02:00:00+00:00,3.066,3.083,3.056,3.079,180657.21
2026-04-12 03:00:00+00:00,3.078,3.091,3.065,3.082,268261.91
2026-04-12 04:00:00+00:00,3.081,3.085,3.068,3.076,54175.88
2026-04-12 05:00:00+00:00,3.075,3.082,3.065,3.075,94874.68
2026-04-12 06:00:00+00:00,3.076,3.082,3.065,3.068,45488.72
2026-04-12 07:00:00+00:00,3.067,3.085,3.065,3.077,22659.58
2026-04-12 08:00:00+00:00,3.076,3.08,3.047,3.056,190020.64
2026-04-12 09:00:00+00:00,3.055,3.055,3.047,3.051,65257.74
2026-04-12 10:00:00+00:00,3.052,3.056,3.035,3.042,143831.3
2026-04-12 11:00:00+00:00,3.041,3.051,3.033,3.049,51742.23
2026-04-12 12:00:00+00:00,3.048,3.058,3.036,3.037,68687.1
2026-04-12 13:00:00+00:00,3.037,3.046,3.02,3.028,153832.85
2026-04-12 14:00:00+00:00,3.028,3.041,3.02,3.022,91758.67
2026-04-12 15:00:00+00:00,3.022,3.034,3.014,3.029,63754.31
2026-04-12 16:00:00+00:00,3.029,3.034,3.016,3.034,115583.84
2026-04-12 17:00:00+00:00,3.033,3.054,3.031,3.05,39585.76
2026-04-12 18:00:00+00:00,3.051,3.055,3.045,3.046,51995.44
2026-04-12 19:00:00+00:00,3.046,3.054,3.031,3.034,45847.17
2026-04-12 20:00:00+00:00,3.034,3.059,3.029,3.052,66854.23
2026-04-12 21:00:00+00:00,3.051,3.057,3.036,3.044,47325.91
2026-04-12 22:00:00+00:00,3.044,3.044,3.005,3.03,123935.92
2026-04-12 23:00:00+00:00,3.028,3.028,3.008,3.018,93093.6
2026-04-13 00:00:00+00:00,3.019,3.048,3.014,3.043,57260.37
2026-04-13 01:00:00+00:00,3.044,3.055,3.041,3.051,72915.63
2026-04-13 02:00:00+00:00,3.052,3.055,3.034,3.041,67402.39
2026-04-13 03:00:00+00:00,3.042,3.046,3.035,3.043,60055.66
2026-04-13 04:00:00+00:00,3.043,3.064,3.041,3.051,94203.94
2026-04-13 05:00:00+00:00,3.052,3.06,3.042,3.055,109659.98
2026-04-13 06:00:00+00:00,3.056,3.082,3.055,3.065,106829.4
2026-04-13 07:00:00+00:00,3.066,3.067,3.043,3.051,77902.76
2026-04-13 08:00:00+00:00,3.051,3.051,3.029,3.034,92831.93
2026-04-13 09:00:00+00:00,3.034,3.051,3.02,3.033,186564.99
2026-04-13 10:00:00+00:00,3.034,3.034,3.0,3.017,424835.13
2026-04-13 11:00:00+00:00,3.018,3.026,3.013,3.019,56319.52
2026-04-13 12:00:00+00:00,3.019,3.049,3.009,3.039,87618.34
2026-04-13 13:00:00+00:00,3.039,3.084,3.023,3.079,181534.41
2026-04-13 14:00:00+00:00,3.08,3.1,3.054,3.096,175477.78
2026-04-13 15:00:00+00:00,3.096,3.098,3.066,3.087,172593.37
2026-04-13 16:00:00+00:00,3.088,3.144,3.07,3.115,267852.61
2026-04-13 17:00:00+00:00,3.116,3.127,3.087,3.088,160315.67
2026-04-13 18:00:00+00:00,3.087,3.094,3.075,3.093,50151.8
2026-04-13 19:00:00+00:00,3.093,3.142,3.092,3.138,151616.63
2026-04-13 20:00:00+00:00,3.138,3.139,3.113,3.118,46098.38
2026-04-13 21:00:00+00:00,3.118,3.132,3.111,3.123,48193.13
2026-04-13 22:00:00+00:00,3.125,3.229,3.124,3.212,479944.55
2026-04-13 23:00:00+00:00,3.213,3.258,3.193,3.234,436547.56
2026-04-14 00:00:00+00:00,3.235,3.249,3.198,3.2,407663.43
2026-04-14 01:00:00+00:00,3.201,3.21,3.186,3.203,110741.91
2026-04-14 02:00:00+00:00,3.204,3.217,3.197,3.199,99246.83
2026-04-14 03:00:00+00:00,3.199,3.209,3.188,3.199,89143.06
2026-04-14 04:00:00+00:00,3.2,3.201,3.177,3.182,121609.87
2026-04-14 05:00:00+00:00,3.183,3.183,3.159,3.168,105045.29
2026-04-14 06:00:00+00:00,3.169,3.183,3.169,3.179,113368.66
2026-04-14 07:00:00+00:00,3.178,3.19,3.168,3.175,113591.9
2026-04-14 08:00:00+00:00,3.176,3.199,3.17,3.185,96266.17
2026-04-14 09:00:00+00:00,3.185,3.201,3.184,3.197,85816.09
2026-04-14 10:00:00+00:00,3.195,3.198,3.18,3.182,68930.2
2026-04-14 11:00:00+00:00,3.181,3.188,3.177,3.178,52948.05
2026-04-14 12:00:00+00:00,3.18,3.182,3.165,3.168,107165.98
2026-04-14 13:00:00+00:00,3.169,3.205,3.166,3.204,193645.41
2026-04-14 14:00:00+00:00,3.205,3.224,3.185,3.186,232606.17
2026-04-14 15:00:00+00:00,3.185,3.193,3.148,3.158,417829.67
2026-04-14 16:00:00+00:00,3.159,3.177,3.128,3.137,153250.47
2026-04-14 17:00:00+00:00,3.137,3.158,3.129,3.151,134619.13
2026-04-14 18:00:00+00:00,3.152,3.159,3.094,3.105,224860.39
2026-04-14 19:00:00+00:00,3.105,3.121,3.093,3.117,56677.31
2026-04-14 20:00:00+00:00,3.118,3.131,3.11,3.114,61846.07
2026-04-14 21:00:00+00:00,3.115,3.129,3.113,3.124,38034.75
2026-04-14 22:00:00+00:00,3.124,3.132,3.11,3.12,50533.47
2026-04-14 23:00:00+00:00,3.12,3.134,3.116,3.132,57540.46
2026-04-15 00:00:00+00:00,3.132,3.15,3.131,3.145,78962.98
2026-04-15 01:00:00+00:00,3.144,3.17,3.142,3.155,83387.37
2026-04-15 02:00:00+00:00,3.156,3.162,3.135,3.147,50384.99
2026-04-15 03:00:00+00:00,3.148,3.155,3.141,3.155,78916.42
2026-04-15 04:00:00+00:00,3.155,3.166,3.146,3.162,123592.55
2026-04-15 05:00:00+00:00,3.163,3.171,3.139,3.144,41780.27
2026-04-15 06:00:00+00:00,3.144,3.144,3.132,3.137,33926.96
2026-04-15 07:00:00+00:00,3.139,3.143,3.119,3.129,66942.12
2026-04-15 08:00:00+00:00,3.129,3.165,3.126,3.154,63605.94
2026-04-15 09:00:00+00:00,3.155,3.159,3.143,3.149,32632.95
2026-04-15 10:00:00+00:00,3.148,3.166,3.137,3.147,37656.89
2026-04-15 11:00:00+00:00,3.148,3.187,3.148,3.179,73150.85
2026-04-15 12:00:00+00:00,3.179,3.192,3.174,3.184,128811.93
2026-04-15 13:00:00+00:00,3.183,3.195,3.175,3.183,59572.67
2026-04-15 14:00:00+00:00,3.184,3.22,3.176,3.215,131493.39
2026-04-15 15:00:00+00:00,3.215,3.215,3.171,3.192,168404.09
2026-04-15 16:00:00+00:00,3.192,3.218,3.189,3.216,154985.17
2026-04-15 17:00:00+00:00,3.216,3.226,3.199,3.21,70887.53
2026-04-15 18:00:00+00:00,3.21,3.223,3.206,3.217,37851.08
2026-04-15 19:00:00+00:00,3.216,3.264,3.214,3.24,132656.56
2026-04-15 20:00:00+00:00,3.241,3.241,3.212,3.227,87674.5
2026-04-15 21:00:00+00:00,3.227,3.238,3.208,3.231,64192.79
2026-04-15 22:00:00+00:00,3.232,3.253,3.226,3.227,101712.5
2026-04-15 23:00:00+00:00,3.227,3.227,3.208,3.224,114754.02
2026-04-16 00:00:00+00:00,3.225,3.229,3.207,3.218,72384.57
2026-04-16 01:00:00+00:00,3.217,3.218,3.197,3.213,106692.83
2026-04-16 02:00:00+00:00,3.214,3.252,3.213,3.229,115443.23
2026-04-16 03:00:00+00:00,3.228,3.242,3.227,3.235,91577.22
2026-04-16 04:00:00+00:00,3.235,3.263,3.231,3.25,146228.65
2026-04-16 05:00:00+00:00,3.249,3.261,3.235,3.248,83076.72
2026-04-16 06:00:00+00:00,3.249,3.266,3.248,3.258,88129.79
2026-04-16 07:00:00+00:00,3.258,3.274,3.255,3.264,148725.61
2026-04-16 08:00:00+00:00,3.264,3.271,3.254,3.265,120233.67
2026-04-16 09:00:00+00:00,3.265,3.279,3.26,3.264,65190.6
2026-04-16 10:00:00+00:00,3.264,3.268,3.247,3.25,121620.88
2026-04-16 11:00:00+00:00,3.25,3.266,3.238,3.259,81805.94
2026-04-16 12:00:00+00:00,3.258,3.301,3.258,3.298,237314.11
2026-04-16 13:00:00+00:00,3.298,3.381,3.262,3.301,787347.39
2026-04-16 14:00:00+00:00,3.3,3.309,3.237,3.292,635768.31
2026-04-16 15:00:00+00:00,3.292,3.405,3.283,3.403,534703.14
2026-04-16 16:00:00+00:00,3.404,3.415,3.327,3.341,467606.63
2026-04-16 17:00:00+00:00,3.34,3.376,3.328,3.371,152786.84
2026-04-16 18:00:00+00:00,3.372,3.436,3.366,3.435,155002.93
2026-04-16 19:00:00+00:00,3.436,3.47,3.424,3.461,259042.1
2026-04-16 20:00:00+00:00,3.46,3.469,3.419,3.427,177504.36
2026-04-16 21:00:00+00:00,3.428,3.433,3.395,3.413,151388.38
2026-04-16 22:00:00+00:00,3.414,3.428,3.398,3.415,180419.47
2026-04-16 23:00:00+00:00,3.415,3.442,3.405,3.429,156546.91
2026-04-17 00:00:00+00:00,3.428,3.433,3.4,3.421,166773.05
2026-04-17 01:00:00+00:00,3.42,3.434,3.378,3.393,207224.91
2026-04-17 02:00:00+00:00,3.392,3.396,3.361,3.376,93003.55
2026-04-17 03:00:00+00:00,3.375,3.376,3.357,3.358,69554.96
2026-04-17 04:00:00+00:00,3.359,3.365,3.35,3.357,50684.18
2026-04-17 05:00:00+00:00,3.358,3.359,3.326,3.328,71629.74
2026-04-17 06:00:00+00:00,3.329,3.377,3.327,3.368,122446.24
2026-04-17 07:00:00+00:00,3.369,3.4,3.369,3.4,134027.3
2026-04-17 08:00:00+00:00,3.4,3.445,3.394,3.433,193648.06
2026-04-17 09:00:00+00:00,3.434,3.456,3.414,3.445,138383.31
2026-04-17 10:00:00+00:00,3.445,3.459,3.396,3.418,176932.42
2026-04-17 11:00:00+00:00,3.418,3.455,3.415,3.455,135019.63
2026-04-17 12:00:00+00:00,3.454,3.49,3.436,3.475,189834.52
2026-04-17 13:00:00+00:00,3.474,3.533,3.459,3.524,582388.04
2026-04-17 14:00:00+00:00,3.526,3.54,3.5,3.512,375737.64
2026-04-17 15:00:00+00:00,3.513,3.515,3.482,3.508,325428.48
2026-04-17 16:00:00+00:00,3.508,3.58,3.507,3.577,259995.29
2026-04-17 17:00:00+00:00,3.576,3.582,3.512,3.53,226260.08
2026-04-17 18:00:00+00:00,3.53,3.535,3.481,3.504,178403.42
2026-04-17 19:00:00+00:00,3.504,3.52,3.492,3.507,69016.84
2026-04-17 20:00:00+00:00,3.507,3.516,3.474,3.501,101171.72
2026-04-17 21:00:00+00:00,3.5,3.525,3.489,3.501,141179.44
2026-04-17 22:00:00+00:00,3.5,3.52,3.49,3.498,54033.51
2026-04-17 23:00:00+00:00,3.496,3.496,3.449,3.453,153927.99
2026-04-18 00:00:00+00:00,3.452,3.467,3.439,3.455,96335.35
2026-04-18 01:00:00+00:00,3.456,3.471,3.445,3.455,72254.24
2026-04-18 02:00:00+00:00,3.454,3.469,3.441,3.462,44922.91
2026-04-18 03:00:00+00:00,3.461,3.467,3.434,3.441,138196.56
2026-04-18 04:00:00+00:00,3.441,3.465,3.436,3.454,92791.17
2026-04-18 05:00:00+00:00,3.454,3.479,3.454,3.473,46263.17
2026-04-18 06:00:00+00:00,3.473,3.479,3.453,3.467,76240.79
2026-04-18 07:00:00+00:00,3.466,3.479,3.46,3.465,40357.28
2026-04-18 08:00:00+00:00,3.465,3.471,3.401,3.432,261162.79
2026-04-18 09:00:00+00:00,3.431,3.445,3.409,3.42,224765.39
2026-04-18 10:00:00+00:00,3.42,3.42,3.378,3.385,329371.96
2026-04-18 11:00:00+00:00,3.385,3.385,3.343,3.362,185738.43
2026-04-18 12:00:00+00:00,3.361,3.376,3.357,3.373,91012.63
2026-04-18 13:00:00+00:00,3.372,3.379,3.346,3.373,138066.51
2026-04-18 14:00:00+00:00,3.373,3.389,3.362,3.386,60035.39
2026-04-18 15:00:00+00:00,3.386,3.4,3.375,3.383,80184.4
2026-04-18 16:00:00+00:00,3.382,3.395,3.364,3.371,97591.63
2026-04-18 17:00:00+00:00,3.371,3.383,3.353,3.376,45246.25
2026-04-18 18:00:00+00:00,3.375,3.377,3.327,3.34,186555.57
2026-04-18 19:00:00+00:00,3.34,3.365,3.334,3.349,67522.87
2026-04-18 20:00:00+00:00,3.349,3.37,3.338,3.365,71588.79
2026-04-18 21:00:00+00:00,3.366,3.381,3.357,3.38,55503.93
2026-04-18 22:00:00+00:00,3.38,3.382,3.363,3.363,52331.37
2026-04-18 23:00:00+00:00,3.363,3.379,3.347,3.35,54225.32
2026-04-19 00:00:00+00:00,3.35,3.359,3.33,3.336,126966.56
2026-04-19 01:00:00+00:00,3.335,3.347,3.315,3.327,143148.1
2026-04-19 02:00:00+00:00,3.326,3.326,3.285,3.293,135645.92
2026-04-19 03:00:00+00:00,3.293,3.317,3.271,3.301,148322.77
2026-04-19 04:00:00+00:00,3.302,3.319,3.281,3.298,194789.11
2026-04-19 05:00:00+00:00,3.297,3.306,3.285,3.288,121055.41
2026-04-19 06:00:00+00:00,3.287,3.293,3.267,3.286,144726.32
2026-04-19 07:00:00+00:00,3.285,3.285,3.244,3.272,246481.44
2026-04-19 08:00:00+00:00,3.272,3.281,3.267,3.273,64491.72
2026-04-19 09:00:00+00:00,3.273,3.284,3.266,3.273,87538.98
2026-04-19 10:00:00+00:00,3.273,3.286,3.266,3.28,60176.26
2026-04-19 11:00:00+00:00,3.281,3.32,3.278,3.315,166687.31
2026-04-19 12:00:00+00:00,3.316,3.331,3.307,3.323,133903.94
2026-04-19 13:00:00+00:00,3.324,3.362,3.322,3.325,176627.35
2026-04-19 14:00:00+00:00,3.326,3.344,3.312,3.329,93824.35
2026-04-19 15:00:00+00:00,3.329,3.33,3.287,3.322,143372.68
2026-04-19 16:00:00+00:00,3.321,3.328,3.293,3.297,156529.86
2026-04-19 17:00:00+00:00,3.296,3.303,3.26,3.263,124786.55
2026-04-19 18:00:00+00:00,3.263,3.277,3.255,3.273,112690.84
2026-04-19 19:00:00+00:00,3.273,3.304,3.273,3.291,118705.71
2026-04-19 20:00:00+00:00,3.29,3.292,3.269,3.277,136339.95
2026-04-19 21:00:00+00:00,3.277,3.296,3.266,3.271,70702.96
2026-04-19 22:00:00+00:00,3.27,3.27,3.206,3.237,246777.86
2026-04-19 23:00:00+00:00,3.236,3.238,3.222,3.231,103858.04
2026-04-20 00:00:00+00:00,3.232,3.263,3.227,3.256,92510.27
2026-04-20 01:00:00+00:00,3.255,3.277,3.254,3.257,109459.78
2026-04-20 02:00:00+00:00,3.258,3.26,3.24,3.255,46504.16
2026-04-20 03:00:00+00:00,3.256,3.281,3.255,3.276,96099.11
2026-04-20 04:00:00+00:00,3.276,3.281,3.266,3.273,43446.19
2026-04-20 05:00:00+00:00,3.273,3.273,3.231,3.245,50626.27
2026-04-20 06:00:00+00:00,3.246,3.288,3.244,3.275,67417.49
2026-04-20 07:00:00+00:00,3.275,3.336,3.268,3.288,150531.95
2026-04-20 08:00:00+00:00,3.289,3.293,3.261,3.273,133434.6
2026-04-20 09:00:00+00:00,3.272,3.281,3.252,3.27,153585.18
2026-04-20 10:00:00+00:00,3.27,3.284,3.26,3.26,121192.04
2026-04-20 11:00:00+00:00,3.259,3.267,3.252,3.253,51400.97
2026-04-20 12:00:00+00:00,3.253,3.283,3.247,3.27,127620.37
2026-04-20 13:00:00+00:00,3.27,3.283,3.243,3.261,98117.33
2026-04-20 14:00:00+00:00,3.261,3.286,3.221,3.231,164228.43
2026-04-20 15:00:00+00:00,3.232,3.263,3.197,3.236,245690.02
2026-04-20 16:00:00+00:00,3.237,3.247,3.22,3.225,212321.21
2026-04-20 17:00:00+00:00,3.226,3.267,3.226,3.257,113436.23
2026-04-20 18:00:00+00:00,3.259,3.285,3.259,3.278,142266.08
2026-04-20 19:00:00+00:00,3.279,3.28,3.255,3.26,54986.49
2026-04-20 20:00:00+00:00,3.261,3.289,3.251,3.288,99529.79
2026-04-20 21:00:00+00:00,3.286,3.287,3.255,3.269,102439.06
2026-04-20 22:00:00+00:00,3.269,3.275,3.245,3.245,36831.3
2026-04-20 23:00:00+00:00,3.245,3.245,3.222,3.233,95334.62
2026-04-21 00:00:00+00:00,3.233,3.251,3.231,3.251,89112.71
2026-04-21 01:00:00+00:00,3.251,3.269,3.246,3.247,86225.99
2026-04-21 02:00:00+00:00,3.247,3.248,3.222,3.225,78564.78
2026-04-21 03:00:00+00:00,3.224,3.246,3.213,3.24,50002.1
2026-04-21 04:00:00+00:00,3.24,3.248,3.23,3.246,64799.73
2026-04-21 05:00:00+00:00,3.245,3.264,3.245,3.26,60158.23
2026-04-21 06:00:00+00:00,3.261,3.267,3.238,3.249,53870.21
2026-04-21 07:00:00+00:00,3.25,3.266,3.238,3.252,64076.32
2026-04-21 08:00:00+00:00,3.252,3.293,3.248,3.27,87152.26
2026-04-21 09:00:00+00:00,3.269,3.29,3.263,3.287,131336.55
2026-04-21 10:00:00+00:00,3.288,3.297,3.283,3.292,87946.85
2026-04-21 11:00:00+00:00,3.293,3.295,3.27,3.275,82151.87
2026-04-21 12:00:00+00:00,3.276,3.283,3.232,3.258,178080.42
2026-04-21 13:00:00+00:00,3.258,3.261,3.241,3.257,94399.16
2026-04-21 14:00:00+00:00,3.257,3.288,3.242,3.248,93482.26
2026-04-21 15:00:00+00:00,3.247,3.27,3.236,3.244,114690.23
2026-04-21 16:00:00+00:00,3.245,3.266,3.234,3.236,115662.28
2026-04-21 17:00:00+00:00,3.236,3.251,3.2,3.23,287118.41
2026-04-21 18:00:00+00:00,3.229,3.235,3.21,3.231,109410.88
2026-04-21 19:00:00+00:00,3.231,3.251,3.185,3.201,130541.35
2026-04-21 20:00:00+00:00,3.201,3.251,3.2,3.232,134009.58
2026-04-21 21:00:00+00:00,3.232,3.239,3.224,3.235,22630.49
2026-04-21 22:00:00+00:00,3.234,3.243,3.225,3.243,56023.0
2026-04-21 23:00:00+00:00,3.243,3.278,3.243,3.271,55701.52
2026-04-22 00:00:00+00:00,3.273,3.284,3.27,3.278,70039.83
2026-04-22 01:00:00+00:00,3.278,3.281,3.258,3.268,59209.35
2026-04-22 02:00:00+00:00,3.268,3.336,3.264,3.335,291172.97
2026-04-22 03:00:00+00:00,3.334,3.344,3.308,3.319,185943.51
2026-04-22 04:00:00+00:00,3.319,3.347,3.312,3.345,115107.48
2026-04-22 05:00:00+00:00,3.346,3.399,3.337,3.378,287643.0
2026-04-22 06:00:00+00:00,3.378,3.384,3.368,3.38,116276.31
2026-04-22 07:00:00+00:00,3.379,3.395,3.365,3.393,122212.14
2026-04-22 08:00:00+00:00,3.393,3.405,3.386,3.399,125472.72
2026-04-22 09:00:00+00:00,3.398,3.409,3.388,3.391,67020.22
2026-04-22 10:00:00+00:00,3.392,3.397,3.382,3.385,104288.28
2026-04-22 11:00:00+00:00,3.386,3.392,3.374,3.386,74477.15
2026-04-22 12:00:00+00:00,3.387,3.392,3.37,3.383,154970.76
2026-04-22 13:00:00+00:00,3.383,3.422,3.374,3.41,226967.66
2026-04-22 14:00:00+00:00,3.409,3.425,3.395,3.42,159422.41
2026-04-22 15:00:00+00:00,3.419,3.439,3.406,3.41,256974.72
2026-04-22 16:00:00+00:00,3.41,3.419,3.394,3.398,223646.83
2026-04-22 17:00:00+00:00,3.397,3.422,3.393,3.413,173149.76
2026-04-22 18:00:00+00:00,3.413,3.422,3.404,3.407,52935.62
2026-04-22 19:00:00+00:00,3.408,3.409,3.371,3.381,134218.46
2026-04-22 20:00:00+00:00,3.381,3.382,3.354,3.354,75351.64
2026-04-22 21:00:00+00:00,3.354,3.377,3.352,3.37,48142.69
2026-04-22 22:00:00+00:00,3.369,3.374,3.338,3.346,74507.44
2026-04-22 23:00:00+00:00,3.346,3.349,3.315,3.315,74219.67
2026-04-23 00:00:00+00:00,3.317,3.329,3.276,3.323,222459.53
2026-04-23 01:00:00+00:00,3.323,3.324,3.296,3.312,58840.95
2026-04-23 02:00:00+00:00,3.31,3.31,3.26,3.268,221640.49
2026-04-23 03:00:00+00:00,3.268,3.276,3.244,3.26,196635.66
2026-04-23 04:00:00+00:00,3.26,3.273,3.252,3.272,113664.05
2026-04-23 05:00:00+00:00,3.272,3.29,3.269,3.283,393812.34
2026-04-23 06:00:00+00:00,3.284,3.307,3.284,3.29,82321.67
2026-04-23 07:00:00+00:00,3.291,3.292,3.25,3.253,378213.41
2026-04-23 08:00:00+00:00,3.253,3.255,3.243,3.251,70015.67
2026-04-23 09:00:00+00:00,3.25,3.25,3.216,3.228,214084.71
2026-04-23 10:00:00+00:00,3.227,3.231,3.212,3.227,114345.11
2026-04-23 11:00:00+00:00,3.227,3.25,3.227,3.246,80945.92
2026-04-23 12:00:00+00:00,3.245,3.264,3.244,3.257,144946.38
2026-04-23 13:00:00+00:00,3.257,3.277,3.252,3.269,144942.83
2026-04-23 14:00:00+00:00,3.268,3.289,3.262,3.287,124538.11
2026-04-23 15:00:00+00:00,3.287,3.316,3.278,3.297,90325.44
2026-04-23 16:00:00+00:00,3.298,3.303,3.278,3.28,45934.17
2026-04-23 17:00:00+00:00,3.28,3.282,3.208,3.236,320177.12
2026-04-23 18:00:00+00:00,3.236,3.256,3.231,3.241,123781.12
2026-04-23 19:00:00+00:00,3.24,3.263,3.233,3.255,128935.2
2026-04-23 20:00:00+00:00,3.256,3.286,3.254,3.274,54141.32
2026-04-23 21:00:00+00:00,3.274,3.292,3.27,3.279,43332.81
2026-04-23 22:00:00+00:00,3.278,3.299,3.278,3.286,33235.59
2026-04-23 23:00:00+00:00,3.285,3.299,3.279,3.294,36800.03
2026-04-24 00:00:00+00:00,3.294,3.313,3.291,3.298,142375.93
2026-04-24 01:00:00+00:00,3.297,3.297,3.24,3.266,626146.92
2026-04-24 02:00:00+00:00,3.265,3.268,3.243,3.249,177594.43
2026-04-24 03:00:00+00:00,3.249,3.254,3.222,3.241,104576.43
2026-04-24 04:00:00+00:00,3.242,3.242,3.227,3.238,75372.85
2026-04-24 05:00:00+00:00,3.239,3.264,3.231,3.258,101968.14
2026-04-24 06:00:00+00:00,3.258,3.267,3.251,3.253,50179.99
2026-04-24 07:00:00+00:00,3.253,3.263,3.237,3.25,93653.58
2026-04-24 08:00:00+00:00,3.25,3.27,3.241,3.253,51841.36
2026-04-24 09:00:00+00:00,3.254,3.255,3.238,3.246,57316.54
2026-04-24 10:00:00+00:00,3.246,3.271,3.238,3.266,39627.2
2026-04-24 11:00:00+00:00,3.266,3.286,3.259,3.276,110699.34
2026-04-24 12:00:00+00:00,3.277,3.289,3.266,3.277,69908.55
2026-04-24 13:00:00+00:00,3.276,3.289,3.26,3.265,60177.39
2026-04-24 14:00:00+00:00,3.264,3.275,3.254,3.263,68135.08
2026-04-24 15:00:00+00:00,3.264,3.271,3.241,3.264,68843.64
2026-04-24 16:00:00+00:00,3.264,3.267,3.235,3.252,83238.63
2026-04-24 17:00:00+00:00,3.252,3.269,3.251,3.262,64852.32
2026-04-24 18:00:00+00:00,3.262,3.266,3.239,3.256,44469.36
2026-04-24 19:00:00+00:00,3.257,3.269,3.255,3.269,47875.41
2026-04-24 20:00:00+00:00,3.27,3.286,3.258,3.283,46005.44
2026-04-24 21:00:00+00:00,3.282,3.291,3.264,3.268,69545.15
2026-04-24 22:00:00+00:00,3.267,3.267,3.238,3.248,57747.33
2026-04-24 23:00:00+00:00,3.248,3.254,3.247,3.253,35300.79
2026-04-25 00:00:00+00:00,3.252,3.262,3.25,3.26,37055.35
2026-04-25 01:00:00+00:00,3.261,3.274,3.254,3.267,37837.48
2026-04-25 02:00:00+00:00,3.268,3.272,3.26,3.267,39725.64
2026-04-25 03:00:00+00:00,3.268,3.279,3.262,3.275,58071.15
2026-04-25 04:00:00+00:00,3.276,3.28,3.263,3.264,25478.36
2026-04-25 05:00:00+00:00,3.263,3.265,3.251,3.263,27350.79
2026-04-25 06:00:00+00:00,3.264,3.281,3.264,3.267,48187.7
2026-04-25 07:00:00+00:00,3.267,3.269,3.259,3.259,35502.59
2026-04-25 08:00:00+00:00,3.259,3.274,3.258,3.274,26170.08
2026-04-25 09:00:00+00:00,3.274,3.279,3.267,3.27,59218.53
2026-04-25 10:00:00+00:00,3.27,3.276,3.266,3.269,35552.83
2026-04-25 11:00:00+00:00,3.269,3.269,3.237,3.249,72340.54
2026-04-25 12:00:00+00:00,3.249,3.257,3.24,3.246,86811.35
2026-04-25 13:00:00+00:00,3.246,3.261,3.246,3.254,44352.95
2026-04-25 14:00:00+00:00,3.253,3.261,3.243,3.244,44118.03
2026-04-25 15:00:00+00:00,3.243,3.257,3.232,3.246,55839.21
2026-04-25 16:00:00+00:00,3.244,3.249,3.225,3.239,94685.65
2026-04-25 17:00:00+00:00,3.239,3.243,3.227,3.232,70402.03
2026-04-25 18:00:00+00:00,3.231,3.242,3.228,3.233,35891.12
2026-04-25 19:00:00+00:00,3.232,3.235,3.227,3.233,25675.92
2026-04-25 20:00:00+00:00,3.234,3.245,3.23,3.241,21926.4
2026-04-25 21:00:00+00:00,3.242,3.249,3.24,3.245,25113.2
2026-04-25 22:00:00+00:00,3.246,3.257,3.245,3.252,22747.91
2026-04-25 23:00:00+00:00,3.252,3.262,3.248,3.258,20540.28
2026-04-26 00:00:00+00:00,3.258,3.258,3.236,3.239,36892.64
2026-04-26 01:00:00+00:00,3.24,3.241,3.231,3.231,54488.79
2026-04-26 02:00:00+00:00,3.232,3.248,3.231,3.242,19767.76
2026-04-26 03:00:00+00:00,3.243,3.255,3.238,3.253,41028.58
2026-04-26 04:00:00+00:00,3.252,3.272,3.241,3.261,43689.19
2026-04-26 05:00:00+00:00,3.26,3.295,3.26,3.276,162506.62
2026-04-26 06:00:00+00:00,3.276,3.287,3.276,3.281,49638.1
2026-04-26 07:00:00+00:00,3.281,3.283,3.272,3.283,31946.3
2026-04-26 08:00:00+00:00,3.284,3.293,3.274,3.28,73983.25
2026-04-26 09:00:00+00:00,3.281,3.293,3.275,3.288,61084.24
2026-04-26 10:00:00+00:00,3.288,3.294,3.281,3.289,58007.09
2026-04-26 11:00:00+00:00,3.289,3.3,3.285,3.29,63600.0
2026-04-26 12:00:00+00:00,3.29,3.292,3.263,3.269,60392.57
2026-04-26 13:00:00+00:00,3.269,3.271,3.259,3.262,53296.62
2026-04-26 14:00:00+00:00,3.263,3.283,3.258,3.276,61161.88
2026-04-26 15:00:00+00:00,3.276,3.281,3.269,3.277,42311.61
2026-04-26 16:00:00+00:00,3.278,3.285,3.269,3.272,74004.15
2026-04-26 17:00:00+00:00,3.27,3.274,3.261,3.273,34709.05
2026-04-26 18:00:00+00:00,3.273,3.299,3.27,3.292,80907.73
2026-04-26 19:00:00+00:00,3.293,3.309,3.289,3.295,73579.12
2026-04-26 20:00:00+00:00,3.296,3.301,3.283,3.283,44057.73
2026-04-26 21:00:00+00:00,3.283,3.295,3.264,3.291,89181.94
2026-04-26 22:00:00+00:00,3.291,3.307,3.271,3.279,62107.61
2026-04-26 23:00:00+00:00,3.278,3.297,3.274,3.283,40967.37
2026-04-27 00:00:00+00:00,3.284,3.31,3.267,3.309,81495.39
2026-04-27 01:00:00+00:00,3.309,3.325,3.293,3.324,108998.42
2026-04-27 02:00:00+00:00,3.324,3.332,3.31,3.33,98399.5
2026-04-27 03:00:00+00:00,3.328,3.362,3.328,3.346,174734.13
2026-04-27 04:00:00+00:00,3.347,3.359,3.335,3.344,106714.28
2026-04-27 05:00:00+00:00,3.343,3.343,3.244,3.255,313331.47
2026-04-27 06:00:00+00:00,3.254,3.256,3.222,3.238,142281.39
2026-04-27 07:00:00+00:00,3.237,3.243,3.224,3.228,95960.69
2026-04-27 08:00:00+00:00,3.227,3.242,3.221,3.242,59298.28
2026-04-27 09:00:00+00:00,3.243,3.251,3.236,3.245,84855.15
2026-04-27 10:00:00+00:00,3.245,3.254,3.24,3.247,24405.04
2026-04-27 11:00:00+00:00,3.248,3.255,3.237,3.255,37053.96
2026-04-27 12:00:00+00:00,3.255,3.258,3.245,3.255,71753.4
2026-04-27 13:00:00+00:00,3.255,3.261,3.227,3.241,134130.39
2026-04-27 14:00:00+00:00,3.239,3.289,3.239,3.263,116224.35
2026-04-27 15:00:00+00:00,3.263,3.264,3.175,3.196,338457.9
2026-04-27 16:00:00+00:00,3.195,3.206,3.183,3.2,70151.05
2026-04-27 17:00:00+00:00,3.2,3.218,3.2,3.212,86468.84
2026-04-27 18:00:00+00:00,3.212,3.222,3.208,3.218,25009.34
2026-04-27 19:00:00+00:00,3.217,3.22,3.195,3.211,46636.7
2026-04-27 20:00:00+00:00,3.212,3.224,3.212,3.216,72154.54
2026-04-27 21:00:00+00:00,3.216,3.229,3.211,3.216,27183.28
2026-04-27 22:00:00+00:00,3.216,3.238,3.208,3.234,131273.79
2026-04-27 23:00:00+00:00,3.235,3.256,3.232,3.253,50759.45
2026-04-28 00:00:00+00:00,3.252,3.258,3.238,3.251,73789.43
2026-04-28 01:00:00+00:00,3.25,3.253,3.24,3.243,72468.83
2026-04-28 02:00:00+00:00,3.244,3.251,3.218,3.23,97552.81
2026-04-28 03:00:00+00:00,3.229,3.233,3.221,3.225,33363.11
2026-04-28 04:00:00+00:00,3.225,3.237,3.219,3.225,54274.16
2026-04-28 05:00:00+00:00,3.224,3.241,3.224,3.227,29416.84
2026-04-28 06:00:00+00:00,3.228,3.239,3.203,3.212,45329.88
2026-04-28 07:00:00+00:00,3.211,3.22,3.195,3.219,65201.41
2026-04-28 08:00:00+00:00,3.219,3.237,3.214,3.228,48317.63
2026-04-28 09:00:00+00:00,3.227,3.23,3.211,3.219,46614.12
2026-04-28 10:00:00+00:00,3.22,3.239,3.22,3.236,40811.76
2026-04-28 11:00:00+00:00,3.236,3.238,3.21,3.218,111981.21
2026-04-28 12:00:00+00:00,3.219,3.233,3.208,3.228,141290.78
2026-04-28 13:00:00+00:00,3.228,3.236,3.194,3.221,192576.63
2026-04-28 14:00:00+00:00,3.221,3.221,3.19,3.216,189824.19
2026-04-28 15:00:00+00:00,3.217,3.228,3.215,3.226,99907.77
2026-04-28 16:00:00+00:00,3.226,3.24,3.223,3.233,75445.14
2026-04-28 17:00:00+00:00,3.232,3.241,3.217,3.234,36895.32
2026-04-28 18:00:00+00:00,3.233,3.259,3.232,3.258,73469.58
2026-04-28 19:00:00+00:00,3.258,3.276,3.248,3.27,81128.65
2026-04-28 20:00:00+00:00,3.271,3.279,3.261,3.261,51782.61
2026-04-28 21:00:00+00:00,3.262,3.269,3.25,3.262,61265.76
2026-04-28 22:00:00+00:00,3.26,3.267,3.246,3.252,22032.36
2026-04-28 23:00:00+00:00,3.251,3.253,3.233,3.242,74158.55
2026-04-29 00:00:00+00:00,3.242,3.249,3.232,3.242,42223.44
2026-04-29 01:00:00+00:00,3.242,3.25,3.23,3.242,39856.31
2026-04-29 02:00:00+00:00,3.243,3.249,3.23,3.239,30929.05
2026-04-29 03:00:00+00:00,3.24,3.276,3.24,3.273,89127.96
2026-04-29 04:00:00+00:00,3.273,3.3,3.269,3.292,121781.76
2026-04-29 05:00:00+00:00,3.292,3.308,3.284,3.3,119850.95
2026-04-29 06:00:00+00:00,3.299,3.306,3.276,3.284,204114.32
2026-04-29 07:00:00+00:00,3.285,3.297,3.276,3.29,101118.67
2026-04-29 08:00:00+00:00,3.29,3.294,3.269,3.27,99571.85
2026-04-29 09:00:00+00:00,3.269,3.322,3.265,3.317,157159.29
2026-04-29 10:00:00+00:00,3.317,3.328,3.309,3.311,264448.7
2026-04-29 11:00:00+00:00,3.31,3.311,3.289,3.299,145637.71
2026-04-29 12:00:00+00:00,3.298,3.299,3.248,3.266,128557.49
2026-04-29 13:00:00+00:00,3.265,3.271,3.223,3.242,119622.52
2026-04-29 14:00:00+00:00,3.242,3.25,3.227,3.23,60683.81
2026-04-29 15:00:00+00:00,3.231,3.234,3.178,3.185,340067.05
2026-04-29 16:00:00+00:00,3.185,3.194,3.175,3.183,185960.16
2026-04-29 17:00:00+00:00,3.183,3.215,3.183,3.215,65043.46
2026-04-29 18:00:00+00:00,3.216,3.219,3.105,3.154,586736.94
2026-04-29 19:00:00+00:00,3.155,3.162,3.14,3.152,62857.24
2026-04-29 20:00:00+00:00,3.152,3.184,3.152,3.174,49304.77
2026-04-29 21:00:00+00:00,3.173,3.199,3.167,3.186,38363.51
2026-04-29 22:00:00+00:00,3.187,3.196,3.182,3.188,34525.43
2026-04-29 23:00:00+00:00,3.187,3.196,3.181,3.191,24551.31
2026-04-30 00:00:00+00:00,3.192,3.222,3.188,3.219,39804.58
2026-04-30 01:00:00+00:00,3.218,3.225,3.208,3.214,60979.71
2026-04-30 02:00:00+00:00,3.214,3.22,3.165,3.178,67007.81
2026-04-30 03:00:00+00:00,3.178,3.194,3.171,3.19,30787.78
2026-04-30 04:00:00+00:00,3.19,3.191,3.157,3.16,64800.05
2026-04-30 05:00:00+00:00,3.16,3.173,3.145,3.164,55743.77
2026-04-30 06:00:00+00:00,3.165,3.181,3.16,3.178,43313.01
2026-04-30 07:00:00+00:00,3.178,3.203,3.174,3.198,65980.57
2026-04-30 08:00:00+00:00,3.198,3.204,3.192,3.196,44394.98
2026-04-30 09:00:00+00:00,3.195,3.222,3.194,3.212,47735.44
2026-04-30 10:00:00+00:00,3.212,3.217,3.197,3.206,62106.25
2026-04-30 11:00:00+00:00,3.206,3.227,3.192,3.205,115389.81
2026-04-30 12:00:00+00:00,3.205,3.222,3.202,3.206,44231.99
2026-04-30 13:00:00+00:00,3.207,3.214,3.189,3.198,58177.69
2026-04-30 14:00:00+00:00,3.197,3.208,3.177,3.192,77078.38
2026-04-30 15:00:00+00:00,3.191,3.205,3.182,3.194,76530.57
2026-04-30 16:00:00+00:00,3.194,3.2,3.183,3.187,27062.14
2026-04-30 17:00:00+00:00,3.187,3.196,3.18,3.189,40160.89
2026-04-30 18:00:00+00:00,3.19,3.209,3.19,3.201,28326.41
2026-04-30 19:00:00+00:00,3.2,3.208,3.191,3.192,31643.75
2026-04-30 20:00:00+00:00,3.192,3.197,3.186,3.19,16050.6
2026-04-30 21:00:00+00:00,3.191,3.195,3.175,3.177,103915.64
2026-04-30 22:00:00+00:00,3.178,3.184,3.171,3.174,72609.16
2026-04-30 23:00:00+00:00,3.175,3.194,3.172,3.187,39557.64
2026-05-01 00:00:00+00:00,3.188,3.204,3.188,3.195,45426.06
2026-05-01 01:00:00+00:00,3.196,3.213,3.196,3.211,24718.96
2026-05-01 02:00:00+00:00,3.21,3.212,3.196,3.206,18449.52
2026-05-01 03:00:00+00:00,3.205,3.246,3.199,3.225,79075.6
2026-05-01 04:00:00+00:00,3.226,3.235,3.213,3.214,82397.81
2026-05-01 05:00:00+00:00,3.215,3.225,3.209,3.221,96598.64
2026-05-01 06:00:00+00:00,3.222,3.228,3.202,3.209,40068.01
2026-05-01 07:00:00+00:00,3.208,3.216,3.199,3.213,41378.41
2026-05-01 08:00:00+00:00,3.213,3.223,3.21,3.22,37364.39
2026-05-01 09:00:00+00:00,3.219,3.219,3.198,3.205,26324.75
2026-05-01 10:00:00+00:00,3.206,3.21,3.189,3.202,86196.48
2026-05-01 11:00:00+00:00,3.203,3.212,3.197,3.209,38508.92
2026-05-01 12:00:00+00:00,3.21,3.242,3.207,3.225,163415.16
2026-05-01 13:00:00+00:00,3.226,3.276,3.226,3.266,145214.95
2026-05-01 14:00:00+00:00,3.267,3.278,3.239,3.261,131915.27
2026-05-01 15:00:00+00:00,3.26,3.269,3.235,3.248,168771.55
2026-05-01 16:00:00+00:00,3.249,3.258,3.233,3.24,95157.8
2026-05-01 17:00:00+00:00,3.239,3.251,3.23,3.248,67059.59
2026-05-01 18:00:00+00:00,3.249,3.251,3.237,3.237,102674.8
2026-05-01 19:00:00+00:00,3.237,3.244,3.223,3.224,92971.19
2026-05-01 20:00:00+00:00,3.225,3.229,3.19,3.2,145923.46
2026-05-01 21:00:00+00:00,3.2,3.214,3.196,3.207,46582.66
2026-05-01 22:00:00+00:00,3.207,3.217,3.199,3.204,55802.55
2026-05-01 23:00:00+00:00,3.203,3.205,3.19,3.204,44341.67
2026-05-02 00:00:00+00:00,3.203,3.213,3.2,3.208,29081.43
2026-05-02 01:00:00+00:00,3.207,3.215,3.203,3.211,47880.34
2026-05-02 02:00:00+00:00,3.211,3.215,3.204,3.206,29190.57
2026-05-02 03:00:00+00:00,3.206,3.219,3.199,3.218,118485.39
2026-05-02 04:00:00+00:00,3.218,3.22,3.199,3.2,96403.3
2026-05-02 05:00:00+00:00,3.2,3.208,3.193,3.201,59753.37
2026-05-02 06:00:00+00:00,3.201,3.214,3.198,3.211,42337.77
2026-05-02 07:00:00+00:00,3.211,3.213,3.2,3.202,23660.21
2026-05-02 08:00:00+00:00,3.201,3.205,3.197,3.203,33197.72
2026-05-02 09:00:00+00:00,3.203,3.218,3.202,3.214,24738.85
2026-05-02 10:00:00+00:00,3.214,3.218,3.21,3.213,22405.09
2026-05-02 11:00:00+00:00,3.213,3.223,3.207,3.22,29084.01
2026-05-02 12:00:00+00:00,3.22,3.23,3.217,3.219,61428.58
2026-05-02 13:00:00+00:00,3.219,3.232,3.219,3.229,26331.36
2026-05-02 14:00:00+00:00,3.23,3.237,3.226,3.235,32954.44
2026-05-02 15:00:00+00:00,3.235,3.248,3.233,3.246,44702.58
2026-05-02 16:00:00+00:00,3.246,3.259,3.246,3.253,52042.74
2026-05-02 17:00:00+00:00,3.253,3.255,3.238,3.243,55204.15
2026-05-02 18:00:00+00:00,3.243,3.255,3.233,3.248,30151.44
2026-05-02 19:00:00+00:00,3.248,3.257,3.246,3.255,57334.51
2026-05-02 20:00:00+00:00,3.255,3.257,3.25,3.252,35184.99
2026-05-02 21:00:00+00:00,3.252,3.28,3.245,3.263,96018.39
2026-05-02 22:00:00+00:00,3.263,3.274,3.258,3.269,81589.47
2026-05-02 23:00:00+00:00,3.269,3.269,3.251,3.255,58945.93
2026-05-03 00:00:00+00:00,3.256,3.262,3.239,3.247,50786.87
2026-05-03 01:00:00+00:00,3.246,3.246,3.219,3.221,48193.63
2026-05-03 02:00:00+00:00,3.22,3.223,3.208,3.215,65912.4
2026-05-03 03:00:00+00:00,3.215,3.223,3.209,3.216,55473.78
2026-05-03 04:00:00+00:00,3.215,3.219,3.208,3.211,34819.51
2026-05-03 05:00:00+00:00,3.213,3.221,3.209,3.216,13424.22
2026-05-03 06:00:00+00:00,3.215,3.223,3.209,3.216,29320.4
2026-05-03 07:00:00+00:00,3.217,3.233,3.217,3.226,84355.59
2026-05-03 08:00:00+00:00,3.226,3.237,3.222,3.222,41250.93
2026-05-03 09:00:00+00:00,3.222,3.242,3.219,3.238,43484.42
2026-05-03 10:00:00+00:00,3.238,3.239,3.225,3.225,12088.36
2026-05-03 11:00:00+00:00,3.224,3.265,3.22,3.251,116157.32
2026-05-03 12:00:00+00:00,3.252,3.267,3.247,3.25,73513.63
2026-05-03 13:00:00+00:00,3.251,3.252,3.234,3.235,55193.55
2026-05-03 14:00:00+00:00,3.236,3.247,3.231,3.243,28762.08
2026-05-03 15:00:00+00:00,3.243,3.257,3.24,3.247,49575.86
2026-05-03 16:00:00+00:00,3.248,3.254,3.237,3.243,28675.04
2026-05-03 17:00:00+00:00,3.242,3.253,3.233,3.243,46477.88
2026-05-03 18:00:00+00:00,3.245,3.251,3.238,3.239,169654.51
2026-05-03 19:00:00+00:00,3.239,3.253,3.237,3.244,42282.4
2026-05-03 20:00:00+00:00,3.244,3.268,3.243,3.248,44421.76
2026-05-03 21:00:00+00:00,3.249,3.26,3.22,3.239,99025.31
2026-05-03 22:00:00+00:00,3.24,3.276,3.24,3.264,118087.48
2026-05-03 23:00:00+00:00,3.264,3.266,3.232,3.234,64225.53
2026-05-04 00:00:00+00:00,3.235,3.244,3.21,3.24,125623.0
2026-05-04 01:00:00+00:00,3.241,3.291,3.231,3.287,502198.73
2026-05-04 02:00:00+00:00,3.288,3.337,3.287,3.323,487455.81
2026-05-04 03:00:00+00:00,3.324,3.356,3.32,3.348,300532.46
2026-05-04 04:00:00+00:00,3.347,3.453,3.346,3.445,762448.52
2026-05-04 05:00:00+00:00,3.445,3.449,3.41,3.427,459710.18
2026-05-04 06:00:00+00:00,3.427,3.432,3.36,3.391,287767.11
2026-05-04 07:00:00+00:00,3.392,3.403,3.368,3.375,151411.07
2026-05-04 08:00:00+00:00,3.374,3.39,3.369,3.38,159893.21
2026-05-04 09:00:00+00:00,3.379,3.418,3.365,3.409,246038.03
2026-05-04 10:00:00+00:00,3.41,3.412,3.26,3.29,972074.21
2026-05-04 11:00:00+00:00,3.289,3.296,3.277,3.281,121013.29
2026-05-04 12:00:00+00:00,3.28,3.311,3.278,3.284,377234.43
2026-05-04 13:00:00+00:00,3.283,3.288,3.248,3.273,495321.76
2026-05-04 14:00:00+00:00,3.273,3.352,3.265,3.333,486705.34
2026-05-04 15:00:00+00:00,3.334,3.338,3.276,3.298,408165.38
2026-05-04 16:00:00+00:00,3.299,3.318,3.272,3.297,206335.82
2026-05-04 17:00:00+00:00,3.297,3.335,3.295,3.315,161451.45
2026-05-04 18:00:00+00:00,3.315,3.32,3.298,3.313,91808.1
2026-05-04 19:00:00+00:00,3.314,3.315,3.281,3.288,76580.01
2026-05-04 20:00:00+00:00,3.288,3.288,3.263,3.265,55128.61
2026-05-04 21:00:00+00:00,3.265,3.3,3.263,3.293,46350.29
2026-05-04 22:00:00+00:00,3.293,3.304,3.279,3.282,52652.98
2026-05-04 23:00:00+00:00,3.281,3.283,3.268,3.274,44317.45
2026-05-05 00:00:00+00:00,3.274,3.292,3.27,3.289,75419.8
2026-05-05 01:00:00+00:00,3.29,3.311,3.283,3.304,145292.69
2026-05-05 02:00:00+00:00,3.304,3.33,3.3,3.314,101358.9
2026-05-05 03:00:00+00:00,3.315,3.333,3.304,3.318,174216.35
2026-05-05 04:00:00+00:00,3.319,3.336,3.314,3.326,82355.84
2026-05-05 05:00:00+00:00,3.325,3.349,3.322,3.331,128774.58
2026-05-05 06:00:00+00:00,3.334,3.338,3.313,3.338,87118.18
2026-05-05 07:00:00+00:00,3.337,3.357,3.333,3.344,79799.7
2026-05-05 08:00:00+00:00,3.343,3.352,3.333,3.347,78312.07
2026-05-05 09:00:00+00:00,3.347,3.35,3.333,3.337,117181.18
2026-05-05 10:00:00+00:00,3.338,3.363,3.333,3.357,83657.83
2026-05-05 11:00:00+00:00,3.357,3.363,3.345,3.361,110893.93
2026-05-05 12:00:00+00:00,3.361,3.373,3.355,3.37,71167.51
2026-05-05 13:00:00+00:00,3.371,3.388,3.36,3.378,170943.91
2026-05-05 14:00:00+00:00,3.379,3.392,3.343,3.361,214564.74
2026-05-05 15:00:00+00:00,3.36,3.387,3.36,3.368,192239.79
2026-05-05 16:00:00+00:00,3.368,3.373,3.339,3.348,124639.27
2026-05-05 17:00:00+00:00,3.348,3.359,3.345,3.354,122460.73
2026-05-05 18:00:00+00:00,3.354,3.371,3.353,3.36,33522.6
2026-05-05 19:00:00+00:00,3.36,3.37,3.355,3.366,59998.33
2026-05-05 20:00:00+00:00,3.366,3.389,3.365,3.389,134856.67
2026-05-05 21:00:00+00:00,3.39,3.399,3.37,3.381,185677.85
2026-05-05 22:00:00+00:00,3.381,3.388,3.344,3.358,198588.31
2026-05-05 23:00:00+00:00,3.357,3.365,3.343,3.358,76771.48
2026-05-06 00:00:00+00:00,3.357,3.367,3.339,3.361,82949.62
2026-05-06 01:00:00+00:00,3.361,3.391,3.357,3.385,140509.17
2026-05-06 02:00:00+00:00,3.386,3.386,3.349,3.371,134263.16
2026-05-06 03:00:00+00:00,3.37,3.4,3.369,3.394,227110.04
2026-05-06 04:00:00+00:00,3.395,3.401,3.373,3.381,184662.2
2026-05-06 05:00:00+00:00,3.38,3.42,3.367,3.398,331061.68
2026-05-06 06:00:00+00:00,3.399,3.405,3.378,3.397,80694.9
2026-05-06 07:00:00+00:00,3.397,3.409,3.394,3.4,118704.83
2026-05-06 08:00:00+00:00,3.399,3.474,3.397,3.473,328611.72
2026-05-06 09:00:00+00:00,3.474,3.526,3.463,3.519,422177.97
2026-05-06 10:00:00+00:00,3.518,3.554,3.517,3.544,443543.24
2026-05-06 11:00:00+00:00,3.544,3.549,3.505,3.519,294397.46
2026-05-06 12:00:00+00:00,3.519,3.543,3.508,3.518,287322.27
2026-05-06 13:00:00+00:00,3.517,3.517,3.438,3.449,340694.02
2026-05-06 14:00:00+00:00,3.45,3.47,3.399,3.44,443901.16
2026-05-06 15:00:00+00:00,3.441,3.514,3.432,3.481,277818.98
2026-05-06 16:00:00+00:00,3.48,3.494,3.452,3.478,152582.56
2026-05-06 17:00:00+00:00,3.477,3.484,3.451,3.459,78750.02
2026-05-06 18:00:00+00:00,3.459,3.465,3.439,3.45,80400.0
2026-05-06 19:00:00+00:00,3.45,3.466,3.442,3.464,48198.66
2026-05-06 20:00:00+00:00,3.465,3.485,3.451,3.466,86706.69
2026-05-06 21:00:00+00:00,3.466,3.491,3.449,3.482,48604.87
2026-05-06 22:00:00+00:00,3.483,3.485,3.455,3.462,50735.45
2026-05-06 23:00:00+00:00,3.462,3.476,3.44,3.475,102980.07
2026-05-07 00:00:00+00:00,3.474,3.481,3.428,3.432,149819.47
2026-05-07 01:00:00+00:00,3.432,3.434,3.399,3.425,209722.04
2026-05-07 02:00:00+00:00,3.424,3.437,3.397,3.431,475446.15
2026-05-07 03:00:00+00:00,3.43,3.442,3.397,3.4,433784.38
2026-05-07 04:00:00+00:00,3.401,3.435,3.388,3.434,380995.8
2026-05-07 05:00:00+00:00,3.434,3.46,3.434,3.453,201141.16
2026-05-07 06:00:00+00:00,3.453,3.494,3.431,3.491,152637.79
2026-05-07 07:00:00+00:00,3.491,3.509,3.48,3.495,323054.69
2026-05-07 08:00:00+00:00,3.495,3.498,3.48,3.486,143713.7
2026-05-07 09:00:00+00:00,3.487,3.489,3.46,3.467,118977.19
2026-05-07 10:00:00+00:00,3.468,3.481,3.447,3.467,103432.09
2026-05-07 11:00:00+00:00,3.467,3.49,3.461,3.479,81127.5
2026-05-07 12:00:00+00:00,3.478,3.508,3.475,3.504,113460.07
2026-05-07 13:00:00+00:00,3.503,3.507,3.438,3.458,200180.63
2026-05-07 14:00:00+00:00,3.457,3.464,3.4,3.422,306786.31
2026-05-07 15:00:00+00:00,3.422,3.431,3.378,3.409,305631.68
2026-05-07 16:00:00+00:00,3.409,3.441,3.4,3.42,158295.78
2026-05-07 17:00:00+00:00,3.42,3.437,3.392,3.435,170110.61
2026-05-07 18:00:00+00:00,3.436,3.452,3.422,3.432,61858.53
2026-05-07 19:00:00+00:00,3.431,3.44,3.414,3.424,84192.63
2026-05-07 20:00:00+00:00,3.425,3.451,3.408,3.409,81314.53
2026-05-07 21:00:00+00:00,3.409,3.429,3.398,3.413,35783.69
2026-05-07 22:00:00+00:00,3.412,3.418,3.394,3.409,61882.71
2026-05-07 23:00:00+00:00,3.408,3.442,3.407,3.434,94406.06
2026-05-08 00:00:00+00:00,3.434,3.451,3.417,3.427,58052.8
2026-05-08 01:00:00+00:00,3.428,3.432,3.409,3.429,28390.37
2026-05-08 02:00:00+00:00,3.429,3.43,3.39,3.413,87824.88
2026-05-08 03:00:00+00:00,3.413,3.434,3.386,3.422,71367.74
2026-05-08 04:00:00+00:00,3.421,3.443,3.417,3.432,180499.66
2026-05-08 05:00:00+00:00,3.433,3.477,3.427,3.447,268556.63
2026-05-08 06:00:00+00:00,3.446,3.465,3.43,3.442,95407.72
2026-05-08 07:00:00+00:00,3.441,3.441,3.393,3.436,161361.43
2026-05-08 08:00:00+00:00,3.436,3.466,3.435,3.458,128509.83
2026-05-08 09:00:00+00:00,3.458,3.488,3.446,3.468,153075.4
2026-05-08 10:00:00+00:00,3.468,3.51,3.464,3.488,182419.68
2026-05-08 11:00:00+00:00,3.488,3.512,3.482,3.505,143929.22
2026-05-08 12:00:00+00:00,3.506,3.511,3.482,3.494,107695.05
2026-05-08 13:00:00+00:00,3.493,3.509,3.466,3.5,432605.98
2026-05-08 14:00:00+00:00,3.501,3.6,3.496,3.585,647217.55
2026-05-08 15:00:00+00:00,3.585,3.615,3.522,3.603,466576.36
2026-05-08 16:00:00+00:00,3.603,3.706,3.586,3.679,925193.78
2026-05-08 17:00:00+00:00,3.679,3.691,3.623,3.657,357240.17
2026-05-08 18:00:00+00:00,3.658,3.703,3.657,3.695,252497.32
2026-05-08 19:00:00+00:00,3.694,3.703,3.677,3.689,178681.29
2026-05-08 20:00:00+00:00,3.69,3.702,3.669,3.684,97226.84
2026-05-08 21:00:00+00:00,3.686,3.718,3.673,3.707,163717.32
2026-05-08 22:00:00+00:00,3.706,3.735,3.691,3.699,244584.53
2026-05-08 23:00:00+00:00,3.698,3.714,3.674,3.712,275401.69
2026-05-09 00:00:00+00:00,3.711,3.826,3.692,3.777,674672.49
2026-05-09 01:00:00+00:00,3.777,3.792,3.74,3.767,423613.13
2026-05-09 02:00:00+00:00,3.768,3.774,3.74,3.743,218332.57
2026-05-09 03:00:00+00:00,3.743,3.757,3.729,3.743,166399.03
2026-05-09 04:00:00+00:00,3.743,3.764,3.717,3.729,234682.81
2026-05-09 05:00:00+00:00,3.728,3.737,3.711,3.724,136141.51
2026-05-09 06:00:00+00:00,3.724,3.732,3.677,3.69,170947.37
2026-05-09 07:00:00+00:00,3.691,3.702,3.665,3.675,198119.44
2026-05-09 08:00:00+00:00,3.674,3.688,3.668,3.671,85444.09
2026-05-09 09:00:00+00:00,3.671,3.675,3.639,3.648,180552.85
2026-05-09 10:00:00+00:00,3.648,3.66,3.636,3.652,50657.72
2026-05-09 11:00:00+00:00,3.651,3.677,3.65,3.659,73491.65
2026-05-09 12:00:00+00:00,3.659,3.671,3.651,3.656,58435.55
2026-05-09 13:00:00+00:00,3.655,3.664,3.637,3.645,76079.82
2026-05-09 14:00:00+00:00,3.646,3.647,3.619,3.627,257755.73
2026-05-09 15:00:00+00:00,3.628,3.638,3.618,3.636,96921.77
2026-05-09 16:00:00+00:00,3.637,3.65,3.626,3.638,100747.16
2026-05-09 17:00:00+00:00,3.639,3.697,3.639,3.693,281199.33
2026-05-09 18:00:00+00:00,3.693,3.742,3.693,3.709,166376.04
2026-05-09 19:00:00+00:00,3.709,3.723,3.699,3.72,56986.03
2026-05-09 20:00:00+00:00,3.72,3.735,3.715,3.732,69287.75
2026-05-09 21:00:00+00:00,3.732,3.751,3.721,3.726,64412.28
2026-05-09 22:00:00+00:00,3.726,3.788,3.715,3.761,298642.77
2026-05-09 23:00:00+00:00,3.761,3.814,3.749,3.81,379660.35
2026-05-10 00:00:00+00:00,3.81,3.827,3.745,3.748,443107.23
2026-05-10 01:00:00+00:00,3.748,3.748,3.708,3.719,213918.74
2026-05-10 02:00:00+00:00,3.719,3.719,3.688,3.714,145849.14
2026-05-10 03:00:00+00:00,3.714,3.728,3.697,3.711,120701.79
2026-05-10 04:00:00+00:00,3.71,3.763,3.704,3.75,184252.64
2026-05-10 05:00:00+00:00,3.749,4.01,3.735,3.91,1880918.26
2026-05-10 06:00:00+00:00,3.909,3.983,3.896,3.981,1044067.08
2026-05-10 07:00:00+00:00,3.98,4.06,3.976,4.004,1033883.86
2026-05-10 08:00:00+00:00,4.003,4.057,3.989,4.024,642947.05
2026-05-10 09:00:00+00:00,4.024,4.058,3.975,3.977,495949.88
2026-05-10 10:00:00+00:00,3.979,3.98,3.91,3.923,514696.6
2026-05-10 11:00:00+00:00,3.922,3.936,3.865,3.923,452465.17
2026-05-10 12:00:00+00:00,3.923,4.005,3.919,3.991,456241.79
2026-05-10 13:00:00+00:00,3.99,4.15,3.988,4.142,1586163.65
2026-05-10 14:00:00+00:00,4.143,4.17,4.034,4.069,1083277.94
2026-05-10 15:00:00+00:00,4.068,4.102,4.009,4.022,691947.1
2026-05-10 16:00:00+00:00,4.022,4.085,4.008,4.042,509993.16
2026-05-10 17:00:00+00:00,4.042,4.059,3.988,4.044,570917.38
2026-05-10 18:00:00+00:00,4.045,4.049,4.013,4.036,135354.45
2026-05-10 19:00:00+00:00,4.035,4.071,4.023,4.056,126493.57
2026-05-10 20:00:00+00:00,4.056,4.065,3.888,3.918,689443.16
2026-05-10 21:00:00+00:00,3.917,3.965,3.902,3.92,386234.13
2026-05-10 22:00:00+00:00,3.921,4.01,3.911,3.994,438989.5
2026-05-10 23:00:00+00:00,3.995,4.021,3.978,3.994,174898.28
2026-05-11 00:00:00+00:00,3.994,4.008,3.913,3.94,316018.78
2026-05-11 01:00:00+00:00,3.94,3.998,3.929,3.991,143832.41
2026-05-11 02:00:00+00:00,3.992,3.996,3.928,3.948,223367.78
2026-05-11 03:00:00+00:00,3.949,3.961,3.878,3.949,371876.15
2026-05-11 04:00:00+00:00,3.949,3.955,3.893,3.919,227761.14
2026-05-11 05:00:00+00:00,3.92,3.97,3.919,3.955,226866.07
2026-05-11 06:00:00+00:00,3.955,3.978,3.883,3.896,365519.36
2026-05-11 07:00:00+00:00,3.896,3.916,3.879,3.901,92208.44
2026-05-11 08:00:00+00:00,3.901,3.941,3.894,3.922,134733.51
2026-05-11 09:00:00+00:00,3.924,3.955,3.917,3.95,142871.56
2026-05-11 10:00:00+00:00,3.95,3.956,3.905,3.913,260201.85
2026-05-11 11:00:00+00:00,3.913,3.929,3.902,3.91,82132.35
2026-05-11 12:00:00+00:00,3.91,3.923,3.887,3.892,98121.98
2026-05-11 13:00:00+00:00,3.893,3.913,3.847,3.869,269527.3
2026-05-11 14:00:00+00:00,3.869,3.878,3.814,3.835,342293.88
2026-05-11 15:00:00+00:00,3.835,3.908,3.823,3.904,157508.11
2026-05-11 16:00:00+00:00,3.905,3.932,3.865,3.89,237944.11
2026-05-11 17:00:00+00:00,3.89,3.92,3.872,3.901,139728.03
2026-05-11 18:00:00+00:00,3.9,3.91,3.881,3.882,58921.31
2026-05-11 19:00:00+00:00,3.882,3.914,3.879,3.911,171489.23
2026-05-11 20:00:00+00:00,3.911,3.927,3.887,3.901,78047.77
2026-05-11 21:00:00+00:00,3.902,3.912,3.889,3.89,68317.35
2026-05-11 22:00:00+00:00,3.89,3.909,3.878,3.884,69749.26
2026-05-11 23:00:00+00:00,3.884,3.902,3.866,3.897,38958.49
2026-05-12 00:00:00+00:00,3.896,3.904,3.881,3.896,60418.31
2026-05-12 01:00:00+00:00,3.896,3.903,3.778,3.807,357554.06
2026-05-12 02:00:00+00:00,3.807,3.838,3.802,3.827,263465.54
2026-05-12 03:00:00+00:00,3.827,3.834,3.808,3.813,60428.9
2026-05-12 04:00:00+00:00,3.813,3.841,3.808,3.835,104760.81
2026-05-12 05:00:00+00:00,3.834,3.847,3.823,3.834,58425.26
2026-05-12 06:00:00+00:00,3.833,3.845,3.819,3.826,25316.87
2026-05-12 07:00:00+00:00,3.827,3.838,3.804,3.824,77591.44
2026-05-12 08:00:00+00:00,3.825,3.829,3.78,3.802,329606.06
2026-05-12 09:00:00+00:00,3.801,3.815,3.782,3.806,120972.29
2026-05-12 10:00:00+00:00,3.806,3.812,3.752,3.78,214076.89
2026-05-12 11:00:00+00:00,3.781,3.781,3.746,3.771,328060.78
2026-05-12 12:00:00+00:00,3.77,3.786,3.741,3.771,113869.78
2026-05-12 13:00:00+00:00,3.772,3.786,3.735,3.743,166310.11
2026-05-12 14:00:00+00:00,3.744,3.775,3.717,3.731,193913.03
2026-05-12 15:00:00+00:00,3.73,3.741,3.699,3.708,258660.82
2026-05-12 16:00:00+00:00,3.708,3.726,3.688,3.698,152330.9
2026-05-12 17:00:00+00:00,3.699,3.746,3.697,3.74,88034.37
2026-05-12 18:00:00+00:00,3.741,3.764,3.734,3.75,75849.03
2026-05-12 19:00:00+00:00,3.75,3.777,3.75,3.769,36394.04
2026-05-12 20:00:00+00:00,3.77,3.781,3.762,3.767,30453.84
2026-05-12 21:00:00+00:00,3.768,3.776,3.763,3.772,20515.74
2026-05-12 22:00:00+00:00,3.772,3.786,3.769,3.772,84180.92
2026-05-12 23:00:00+00:00,3.772,3.779,3.756,3.765,44258.02
2026-05-13 00:00:00+00:00,3.765,3.782,3.756,3.771,77802.24
2026-05-13 01:00:00+00:00,3.772,3.819,3.772,3.804,166074.28
2026-05-13 02:00:00+00:00,3.805,3.826,3.79,3.818,87931.49
2026-05-13 03:00:00+00:00,3.816,3.84,3.812,3.833,106325.31
2026-05-13 04:00:00+00:00,3.833,3.847,3.826,3.826,63375.86
2026-05-13 05:00:00+00:00,3.825,3.827,3.789,3.803,79416.67
2026-05-13 06:00:00+00:00,3.803,3.808,3.79,3.793,111019.91
2026-05-13 07:00:00+00:00,3.792,3.797,3.781,3.797,83215.17
2026-05-13 08:00:00+00:00,3.798,3.811,3.78,3.803,109571.84
2026-05-13 09:00:00+00:00,3.804,3.841,3.803,3.815,215859.49
2026-05-13 10:00:00+00:00,3.817,3.823,3.772,3.778,172104.2
2026-05-13 11:00:00+00:00,3.778,3.783,3.738,3.752,138812.61
2026-05-13 12:00:00+00:00,3.751,3.766,3.655,3.682,362572.58
2026-05-13 13:00:00+00:00,3.682,3.701,3.641,3.654,175429.46
2026-05-13 14:00:00+00:00,3.654,3.687,3.631,3.665,185102.02
2026-05-13 15:00:00+00:00,3.663,3.675,3.578,3.586,346716.72
2026-05-13 16:00:00+00:00,3.585,3.642,3.583,3.626,154104.31
2026-05-13 17:00:00+00:00,3.626,3.645,3.626,3.633,129783.88
2026-05-13 18:00:00+00:00,3.632,3.657,3.632,3.637,82597.76
2026-05-13 19:00:00+00:00,3.637,3.641,3.619,3.624,98672.59
2026-05-13 20:00:00+00:00,3.625,3.645,3.624,3.633,65686.78
2026-05-13 21:00:00+00:00,3.634,3.635,3.604,3.61,51681.66
2026-05-13 22:00:00+00:00,3.611,3.634,3.601,3.63,37606.47
2026-05-13 23:00:00+00:00,3.63,3.635,3.617,3.624,49481.3
2026-05-14 00:00:00+00:00,3.623,3.649,3.622,3.637,41461.61
2026-05-14 01:00:00+00:00,3.636,3.645,3.628,3.641,28148.37
2026-05-14 02:00:00+00:00,3.64,3.645,3.609,3.615,36125.84
2026-05-14 03:00:00+00:00,3.616,3.626,3.561,3.572,134566.37
2026-05-14 04:00:00+00:00,3.573,3.599,3.565,3.598,100437.63
2026-05-14 05:00:00+00:00,3.597,3.621,3.596,3.616,56371.96
2026-05-14 06:00:00+00:00,3.615,3.623,3.604,3.61,109746.92
2026-05-14 07:00:00+00:00,3.609,3.619,3.594,3.596,130012.3
2026-05-14 08:00:00+00:00,3.596,3.616,3.588,3.595,143966.29
2026-05-14 09:00:00+00:00,3.595,3.597,3.574,3.586,100305.92
2026-05-14 10:00:00+00:00,3.585,3.614,3.583,3.605,185478.85
2026-05-14 11:00:00+00:00,3.605,3.606,3.582,3.586,206312.52
2026-05-14 12:00:00+00:00,3.585,3.634,3.582,3.624,272684.17
2026-05-14 13:00:00+00:00,3.625,3.657,3.617,3.641,514882.31
2026-05-14 14:00:00+00:00,3.64,3.724,3.623,3.722,527696.23
2026-05-14 15:00:00+00:00,3.723,3.763,3.705,3.761,638888.62
2026-05-14 16:00:00+00:00,3.761,3.798,3.737,3.792,651401.22
2026-05-14 17:00:00+00:00,3.793,3.794,3.728,3.761,532451.08
2026-05-14 18:00:00+00:00,3.76,3.814,3.751,3.803,397084.53
2026-05-14 19:00:00+00:00,3.803,3.817,3.767,3.788,306252.99
2026-05-14 20:00:00+00:00,3.788,3.797,3.749,3.769,221808.73
2026-05-14 21:00:00+00:00,3.769,3.773,3.744,3.762,60857.8
2026-05-14 22:00:00+00:00,3.763,3.778,3.754,3.757,78409.97
2026-05-14 23:00:00+00:00,3.756,3.756,3.721,3.734,134275.68
2026-05-15 00:00:00+00:00,3.733,3.758,3.731,3.751,96986.49
2026-05-15 01:00:00+00:00,3.751,3.76,3.705,3.705,77851.09
2026-05-15 02:00:00+00:00,3.705,3.731,3.682,3.723,175716.55
2026-05-15 03:00:00+00:00,3.723,3.732,3.703,3.709,53048.84
2026-05-15 04:00:00+00:00,3.709,3.71,3.681,3.682,86635.29
2026-05-15 05:00:00+00:00,3.682,3.689,3.629,3.635,188766.41
2026-05-15 06:00:00+00:00,3.636,3.692,3.634,3.69,158057.02
2026-05-15 07:00:00+00:00,3.691,3.728,3.682,3.706,244758.25
2026-05-15 08:00:00+00:00,3.706,3.724,3.687,3.717,278618.12
2026-05-15 09:00:00+00:00,3.718,3.718,3.662,3.688,387708.79
2026-05-15 10:00:00+00:00,3.689,3.704,3.664,3.696,216684.56
2026-05-15 11:00:00+00:00,3.697,3.699,3.671,3.674,144642.34
2026-05-15 12:00:00+00:00,3.673,3.691,3.659,3.662,181170.9
2026-05-15 13:00:00+00:00,3.662,3.67,3.529,3.54,408446.81
2026-05-15 14:00:00+00:00,3.54,3.587,3.523,3.574,236117.26
2026-05-15 15:00:00+00:00,3.573,3.611,3.56,3.603,208021.78
2026-05-15 16:00:00+00:00,3.603,3.641,3.597,3.63,116177.13
2026-05-15 17:00:00+00:00,3.629,3.642,3.616,3.63,91887.59
2026-05-15 18:00:00+00:00,3.63,3.637,3.615,3.63,45899.22
2026-05-15 19:00:00+00:00,3.631,3.631,3.604,3.605,36581.24
2026-05-15 20:00:00+00:00,3.607,3.615,3.59,3.597,37288.88
2026-05-15 21:00:00+00:00,3.596,3.608,3.587,3.589,39309.37
2026-05-15 22:00:00+00:00,3.59,3.613,3.59,3.607,35915.18
2026-05-15 23:00:00+00:00,3.607,3.611,3.598,3.602,40511.78
2026-05-16 00:00:00+00:00,3.601,3.622,3.594,3.599,69869.5
2026-05-16 01:00:00+00:00,3.6,3.601,3.579,3.593,31192.7
2026-05-16 02:00:00+00:00,3.594,3.602,3.589,3.597,18709.89
2026-05-16 03:00:00+00:00,3.598,3.602,3.587,3.587,31533.22
2026-05-16 04:00:00+00:00,3.586,3.59,3.555,3.572,91483.71
2026-05-16 05:00:00+00:00,3.572,3.585,3.558,3.563,54532.36
2026-05-16 06:00:00+00:00,3.564,3.566,3.515,3.529,105325.0
2026-05-16 07:00:00+00:00,3.528,3.539,3.47,3.539,392327.19
2026-05-16 08:00:00+00:00,3.539,3.57,3.538,3.54,181660.99
2026-05-16 09:00:00+00:00,3.54,3.547,3.472,3.492,243243.8
2026-05-16 10:00:00+00:00,3.492,3.496,3.458,3.477,167672.45
2026-05-16 11:00:00+00:00,3.477,3.497,3.477,3.48,161329.08
2026-05-16 12:00:00+00:00,3.48,3.493,3.472,3.485,56962.28
2026-05-16 13:00:00+00:00,3.486,3.499,3.477,3.497,49508.33
2026-05-16 14:00:00+00:00,3.498,3.525,3.486,3.503,238214.37
2026-05-16 15:00:00+00:00,3.503,3.514,3.498,3.504,44583.76
2026-05-16 16:00:00+00:00,3.503,3.52,3.492,3.5,35501.23
2026-05-16 17:00:00+00:00,3.501,3.52,3.501,3.519,48007.8
2026-05-16 18:00:00+00:00,3.516,3.522,3.506,3.512,28650.74
2026-05-16 19:00:00+00:00,3.512,3.516,3.506,3.508,23184.55
2026-05-16 20:00:00+00:00,3.509,3.519,3.502,3.505,16221.94
2026-05-16 21:00:00+00:00,3.506,3.51,3.5,3.503,95309.38
2026-05-16 22:00:00+00:00,3.503,3.504,3.492,3.492,23697.97
2026-05-16 23:00:00+00:00,3.491,3.503,3.485,3.486,124265.11
2026-05-17 00:00:00+00:00,3.485,3.496,3.468,3.478,56304.37
2026-05-17 01:00:00+00:00,3.479,3.488,3.446,3.456,113231.41
2026-05-17 02:00:00+00:00,3.457,3.473,3.455,3.469,42292.14
2026-05-17 03:00:00+00:00,3.468,3.501,3.468,3.492,74166.45
2026-05-17 04:00:00+00:00,3.492,3.522,3.49,3.508,116614.32
2026-05-17 05:00:00+00:00,3.508,3.531,3.508,3.515,42678.41
2026-05-17 06:00:00+00:00,3.515,3.522,3.507,3.511,37057.2
2026-05-17 07:00:00+00:00,3.512,3.525,3.503,3.517,53357.27
2026-05-17 08:00:00+00:00,3.517,3.521,3.501,3.504,25106.65
2026-05-17 09:00:00+00:00,3.503,3.538,3.502,3.533,251872.97
2026-05-17 10:00:00+00:00,3.534,3.573,3.534,3.571,201084.46
2026-05-17 11:00:00+00:00,3.571,3.576,3.549,3.575,51758.26
2026-05-17 12:00:00+00:00,3.575,3.61,3.568,3.591,218953.13
2026-05-17 13:00:00+00:00,3.592,3.592,3.561,3.579,116383.46
2026-05-17 14:00:00+00:00,3.579,3.58,3.526,3.558,260905.49
2026-05-17 15:00:00+00:00,3.558,3.569,3.539,3.554,78525.89
2026-05-17 16:00:00+00:00,3.554,3.575,3.537,3.541,66854.82
2026-05-17 17:00:00+00:00,3.541,3.546,3.521,3.535,44633.77
2026-05-17 18:00:00+00:00,3.534,3.563,3.524,3.563,33358.23
2026-05-17 19:00:00+00:00,3.563,3.581,3.559,3.578,38043.7
2026-05-17 20:00:00+00:00,3.578,3.585,3.559,3.581,33155.57
2026-05-17 21:00:00+00:00,3.581,3.595,3.571,3.573,63567.66
2026-05-17 22:00:00+00:00,3.572,3.573,3.52,3.535,307368.51
2026-05-17 23:00:00+00:00,3.536,3.538,3.381,3.47,536427.0
2026-05-18 00:00:00+00:00,3.471,3.48,3.436,3.452,654874.28
2026-05-18 01:00:00+00:00,3.452,3.459,3.414,3.441,339667.85
2026-05-18 02:00:00+00:00,3.44,3.466,3.436,3.452,378253.2
2026-05-18 03:00:00+00:00,3.451,3.462,3.429,3.432,60933.48
2026-05-18 04:00:00+00:00,3.432,3.45,3.415,3.446,135949.46
2026-05-18 05:00:00+00:00,3.447,3.45,3.418,3.423,63917.24
2026-05-18 06:00:00+00:00,3.423,3.442,3.406,3.423,194910.27
2026-05-18 07:00:00+00:00,3.424,3.437,3.398,3.409,81753.5
2026-05-18 08:00:00+00:00,3.409,3.428,3.409,3.424,48037.49
2026-05-18 09:00:00+00:00,3.424,3.427,3.403,3.42,52715.11
2026-05-18 10:00:00+00:00,3.42,3.424,3.32,3.384,997103.33
2026-05-18 11:00:00+00:00,3.385,3.454,3.382,3.431,151089.66
2026-05-18 12:00:00+00:00,3.431,3.477,3.431,3.459,303200.21
2026-05-18 13:00:00+00:00,3.459,3.46,3.402,3.426,265878.56
2026-05-18 14:00:00+00:00,3.426,3.427,3.368,3.382,490565.6
2026-05-18 15:00:00+00:00,3.383,3.397,3.357,3.385,259746.75
2026-05-18 16:00:00+00:00,3.385,3.399,3.369,3.39,322881.65
2026-05-18 17:00:00+00:00,3.39,3.42,3.386,3.409,87415.74
2026-05-18 18:00:00+00:00,3.409,3.413,3.363,3.365,66106.71
2026-05-18 19:00:00+00:00,3.365,3.451,3.364,3.441,487762.16
2026-05-18 20:00:00+00:00,3.442,3.46,3.432,3.443,106321.15
2026-05-18 21:00:00+00:00,3.444,3.528,3.434,3.514,298035.69
2026-05-18 22:00:00+00:00,3.514,3.545,3.514,3.534,218343.19
2026-05-18 23:00:00+00:00,3.535,3.552,3.526,3.545,85755.62
2026-05-19 00:00:00+00:00,3.546,3.588,3.543,3.562,286766.59
2026-05-19 01:00:00+00:00,3.562,3.562,3.523,3.527,82996.19
2026-05-19 02:00:00+00:00,3.526,3.559,3.507,3.526,123182.46
2026-05-19 03:00:00+00:00,3.526,3.554,3.521,3.533,97539.93
2026-05-19 04:00:00+00:00,3.533,3.549,3.515,3.527,53709.25
2026-05-19 05:00:00+00:00,3.526,3.529,3.494,3.514,81303.17
2026-05-19 06:00:00+00:00,3.513,3.534,3.511,3.524,51309.33
2026-05-19 07:00:00+00:00,3.524,3.543,3.514,3.524,98424.68
2026-05-19 08:00:00+00:00,3.525,3.535,3.501,3.519,68457.14
2026-05-19 09:00:00+00:00,3.519,3.525,3.473,3.494,105516.06
2026-05-19 10:00:00+00:00,3.493,3.507,3.475,3.493,85231.18
2026-05-19 11:00:00+00:00,3.493,3.496,3.462,3.466,54454.5
2026-05-19 12:00:00+00:00,3.465,3.49,3.458,3.49,53680.45
2026-05-19 13:00:00+00:00,3.491,3.51,3.467,3.484,87817.99
2026-05-19 14:00:00+00:00,3.484,3.491,3.435,3.46,108155.52
2026-05-19 15:00:00+00:00,3.459,3.474,3.443,3.456,41892.14
2026-05-19 16:00:00+00:00,3.457,3.48,3.447,3.478,31663.46
2026-05-19 17:00:00+00:00,3.477,3.484,3.46,3.482,29410.35
2026-05-19 18:00:00+00:00,3.481,3.498,3.463,3.467,37668.03
2026-05-19 19:00:00+00:00,3.468,3.488,3.456,3.461,30729.44
2026-05-19 20:00:00+00:00,3.461,3.479,3.458,3.476,30293.34
2026-05-19 21:00:00+00:00,3.476,3.488,3.467,3.467,19424.54
2026-05-19 22:00:00+00:00,3.466,3.466,3.437,3.443,45657.67
2026-05-19 23:00:00+00:00,3.443,3.467,3.44,3.451,24862.9
2026-05-20 00:00:00+00:00,3.451,3.461,3.431,3.442,50971.36
2026-05-20 01:00:00+00:00,3.443,3.465,3.426,3.459,22600.45
2026-05-20 02:00:00+00:00,3.461,3.467,3.443,3.45,12153.99
2026-05-20 03:00:00+00:00,3.448,3.467,3.445,3.46,37386.17
2026-05-20 04:00:00+00:00,3.461,3.477,3.459,3.474,33160.93
2026-05-20 05:00:00+00:00,3.475,3.509,3.474,3.499,103664.0
2026-05-20 06:00:00+00:00,3.5,3.582,3.498,3.578,447923.77
2026-05-20 07:00:00+00:00,3.578,3.586,3.541,3.552,280591.86
2026-05-20 08:00:00+00:00,3.554,3.632,3.55,3.6,629608.93
2026-05-20 09:00:00+00:00,3.599,3.653,3.584,3.621,520522.04
2026-05-20 10:00:00+00:00,3.622,3.666,3.617,3.628,276663.57
2026-05-20 11:00:00+00:00,3.628,3.629,3.589,3.597,325524.61
2026-05-20 12:00:00+00:00,3.597,3.616,3.59,3.604,91293.76
2026-05-20 13:00:00+00:00,3.604,3.606,3.553,3.572,161499.68
2026-05-20 14:00:00+00:00,3.573,3.614,3.555,3.603,153679.84
2026-05-20 15:00:00+00:00,3.602,3.65,3.587,3.639,192372.25
2026-05-20 16:00:00+00:00,3.639,3.643,3.59,3.61,135129.96
2026-05-20 17:00:00+00:00,3.61,3.629,3.601,3.612,138271.22
2026-05-20 18:00:00+00:00,3.611,3.624,3.591,3.6,44279.38
2026-05-20 19:00:00+00:00,3.599,3.628,3.589,3.617,79727.36
2026-05-20 20:00:00+00:00,3.617,3.642,3.604,3.635,99000.13
2026-05-20 21:00:00+00:00,3.634,3.646,3.616,3.616,50861.54
2026-05-20 22:00:00+00:00,3.616,3.629,3.596,3.625,76574.23
2026-05-20 23:00:00+00:00,3.624,3.626,3.605,3.615,44816.67
2026-05-21 00:00:00+00:00,3.616,3.658,3.613,3.645,163987.36
2026-05-21 01:00:00+00:00,3.644,3.684,3.644,3.663,173206.44
2026-05-21 02:00:00+00:00,3.662,3.683,3.653,3.654,128299.35
2026-05-21 03:00:00+00:00,3.653,3.673,3.644,3.653,79454.19
2026-05-21 04:00:00+00:00,3.653,3.683,3.653,3.677,55819.04
2026-05-21 05:00:00+00:00,3.677,3.68,3.643,3.657,81809.9
2026-05-21 06:00:00+00:00,3.656,3.666,3.627,3.64,141714.05
2026-05-21 07:00:00+00:00,3.641,3.659,3.619,3.653,130012.63
2026-05-21 08:00:00+00:00,3.653,3.691,3.649,3.651,91479.08
2026-05-21 09:00:00+00:00,3.65,3.664,3.615,3.617,104784.94
2026-05-21 10:00:00+00:00,3.617,3.624,3.57,3.588,229038.79
2026-05-21 11:00:00+00:00,3.588,3.597,3.568,3.575,106470.12
2026-05-21 12:00:00+00:00,3.574,3.589,3.564,3.583,49927.14
2026-05-21 13:00:00+00:00,3.584,3.589,3.545,3.565,143589.29
2026-05-21 14:00:00+00:00,3.567,3.58,3.546,3.558,85841.56
2026-05-21 15:00:00+00:00,3.558,3.576,3.549,3.566,141710.09
2026-05-21 16:00:00+00:00,3.567,3.576,3.528,3.539,111549.09
2026-05-21 17:00:00+00:00,3.539,3.641,3.537,3.609,553219.59
2026-05-21 18:00:00+00:00,3.609,3.629,3.583,3.601,170506.44
2026-05-21 19:00:00+00:00,3.601,3.635,3.593,3.628,76991.92
2026-05-21 20:00:00+00:00,3.629,3.642,3.611,3.612,47205.66
2026-05-21 21:00:00+00:00,3.612,3.624,3.601,3.604,43495.62
2026-05-21 22:00:00+00:00,3.605,3.615,3.592,3.605,52531.0
2026-05-21 23:00:00+00:00,3.605,3.615,3.589,3.608,43885.49
2026-05-22 00:00:00+00:00,3.608,3.61,3.578,3.586,49805.73
2026-05-22 01:00:00+00:00,3.585,3.607,3.568,3.607,63424.63
2026-05-22 02:00:00+00:00,3.608,3.648,3.607,3.63,83968.01
2026-05-22 03:00:00+00:00,3.631,3.652,3.626,3.637,124840.82
2026-05-22 04:00:00+00:00,3.638,3.655,3.615,3.623,70130.98
2026-05-22 05:00:00+00:00,3.623,3.646,3.62,3.631,78108.8
2026-05-22 06:00:00+00:00,3.631,3.635,3.607,3.612,55438.07
2026-05-22 07:00:00+00:00,3.611,3.634,3.598,3.603,119667.49
2026-05-22 08:00:00+00:00,3.604,3.614,3.57,3.593,144184.96
2026-05-22 09:00:00+00:00,3.592,3.605,3.577,3.587,86907.35
2026-05-22 10:00:00+00:00,3.587,3.597,3.572,3.589,46586.9
2026-05-22 11:00:00+00:00,3.59,3.642,3.585,3.639,116500.62
2026-05-22 12:00:00+00:00,3.64,3.677,3.634,3.677,201694.17
2026-05-22 13:00:00+00:00,3.678,3.684,3.643,3.669,183448.69
2026-05-22 14:00:00+00:00,3.668,3.668,3.591,3.603,144096.86
2026-05-22 15:00:00+00:00,3.602,3.62,3.581,3.595,72634.7
2026-05-22 16:00:00+00:00,3.594,3.613,3.55,3.604,244687.58
2026-05-22 17:00:00+00:00,3.605,3.679,3.594,3.613,411202.63
2026-05-22 18:00:00+00:00,3.613,3.613,3.5,3.536,291352.91
2026-05-22 19:00:00+00:00,3.536,3.543,3.45,3.474,341172.65
2026-05-22 20:00:00+00:00,3.474,3.505,3.473,3.499,89735.37
2026-05-22 21:00:00+00:00,3.499,3.54,3.498,3.529,91552.72
2026-05-22 22:00:00+00:00,3.528,3.528,3.493,3.497,110420.49
2026-05-22 23:00:00+00:00,3.498,3.51,3.376,3.404,1268064.5
2026-05-23 00:00:00+00:00,3.404,3.405,3.298,3.331,2167548.15
2026-05-23 01:00:00+00:00,3.331,3.369,3.33,3.364,500642.22
2026-05-23 02:00:00+00:00,3.364,3.376,3.357,3.374,127713.17
2026-05-23 03:00:00+00:00,3.374,3.387,3.366,3.376,220350.16
2026-05-23 04:00:00+00:00,3.375,3.376,3.352,3.363,114155.48
2026-05-23 05:00:00+00:00,3.362,3.37,3.346,3.365,129183.67
2026-05-23 06:00:00+00:00,3.365,3.368,3.336,3.348,149978.61
2026-05-23 07:00:00+00:00,3.349,3.35,3.261,3.29,511572.89
2026-05-23 08:00:00+00:00,3.289,3.311,3.276,3.311,205967.9
2026-05-23 09:00:00+00:00,3.311,3.324,3.307,3.308,101977.43
2026-05-23 10:00:00+00:00,3.308,3.314,3.295,3.304,98213.78
2026-05-23 11:00:00+00:00,3.305,3.316,3.301,3.302,86725.12
2026-05-23 12:00:00+00:00,3.301,3.312,3.291,3.308,167518.67
2026-05-23 13:00:00+00:00,3.309,3.378,3.309,3.374,255946.81
2026-05-23 14:00:00+00:00,3.374,3.41,3.355,3.395,532944.72
2026-05-23 15:00:00+00:00,3.394,3.41,3.379,3.401,102624.95
2026-05-23 16:00:00+00:00,3.402,3.426,3.384,3.414,133654.84
2026-05-23 17:00:00+00:00,3.415,3.419,3.393,3.401,49263.62
2026-05-23 18:00:00+00:00,3.401,3.452,3.398,3.429,86524.27
2026-05-23 19:00:00+00:00,3.43,3.446,3.421,3.439,45732.41
2026-05-23 20:00:00+00:00,3.44,3.562,3.43,3.56,291536.21
2026-05-23 21:00:00+00:00,3.561,3.57,3.472,3.488,150555.28
2026-05-23 22:00:00+00:00,3.488,3.498,3.449,3.464,91905.07
2026-05-23 23:00:00+00:00,3.463,3.472,3.455,3.464,44310.91
2026-05-24 00:00:00+00:00,3.465,3.468,3.452,3.457,147684.74
2026-05-24 01:00:00+00:00,3.457,3.468,3.453,3.458,76551.4
2026-05-24 02:00:00+00:00,3.458,3.46,3.44,3.451,53613.32
2026-05-24 03:00:00+00:00,3.451,3.463,3.437,3.445,48245.85
2026-05-24 04:00:00+00:00,3.446,3.455,3.443,3.444,25342.82
2026-05-24 05:00:00+00:00,3.443,3.45,3.428,3.443,24289.45
2026-05-24 06:00:00+00:00,3.444,3.471,3.44,3.464,40587.66
2026-05-24 07:00:00+00:00,3.463,3.469,3.451,3.456,46581.38
2026-05-24 08:00:00+00:00,3.457,3.47,3.447,3.458,86917.27
2026-05-24 09:00:00+00:00,3.458,3.475,3.456,3.469,65536.44
2026-05-24 10:00:00+00:00,3.469,3.473,3.443,3.45,55422.87
2026-05-24 11:00:00+00:00,3.451,3.46,3.443,3.448,52899.24
2026-05-24 12:00:00+00:00,3.449,3.449,3.417,3.429,45631.8
2026-05-24 13:00:00+00:00,3.43,3.434,3.396,3.412,64867.44
2026-05-24 14:00:00+00:00,3.412,3.418,3.345,3.391,198260.8
2026-05-24 15:00:00+00:00,3.391,3.399,3.38,3.391,24802.92
2026-05-24 16:00:00+00:00,3.391,3.402,3.38,3.395,30807.25
2026-05-24 17:00:00+00:00,3.395,3.401,3.389,3.395,21114.63
2026-05-24 18:00:00+00:00,3.395,3.398,3.377,3.385,24831.16
2026-05-24 19:00:00+00:00,3.385,3.391,3.372,3.382,30513.41
2026-05-24 20:00:00+00:00,3.382,3.383,3.363,3.368,34247.88
2026-05-24 21:00:00+00:00,3.369,3.385,3.326,3.333,138916.78
2026-05-24 22:00:00+00:00,3.334,3.385,3.334,3.367,88290.14
2026-05-24 23:00:00+00:00,3.368,3.395,3.368,3.386,42559.42
2026-05-25 00:00:00+00:00,3.386,3.409,3.385,3.394,62481.85
2026-05-25 01:00:00+00:00,3.395,3.398,3.36,3.361,61259.63
2026-05-25 02:00:00+00:00,3.363,3.392,3.363,3.369,53940.4
2026-05-25 03:00:00+00:00,3.37,3.376,3.362,3.371,50343.03
2026-05-25 04:00:00+00:00,3.372,3.401,3.366,3.395,60048.81
2026-05-25 05:00:00+00:00,3.395,3.414,3.389,3.406,52419.03
2026-05-25 06:00:00+00:00,3.405,3.419,3.395,3.405,59956.28
2026-05-25 07:00:00+00:00,3.405,3.441,3.33,3.373,4456437.75
2026-05-25 08:00:00+00:00,3.373,3.374,3.357,3.369,130137.96
2026-05-25 09:00:00+00:00,3.369,3.383,3.367,3.369,125298.98
2026-05-25 10:00:00+00:00,3.37,3.39,3.366,3.382,119886.92
2026-05-25 11:00:00+00:00,3.381,3.382,3.36,3.361,89866.56
2026-05-25 12:00:00+00:00,3.362,3.366,3.352,3.355,79585.44
2026-05-25 13:00:00+00:00,3.354,3.378,3.351,3.365,79199.79
2026-05-25 14:00:00+00:00,3.365,3.397,3.365,3.392,121629.42
2026-05-25 15:00:00+00:00,3.392,3.401,3.354,3.369,204241.66
2026-05-25 16:00:00+00:00,3.369,3.384,3.352,3.384,99854.1
2026-05-25 17:00:00+00:00,3.384,3.388,3.365,3.373,86434.58
2026-05-25 18:00:00+00:00,3.373,3.38,3.35,3.355,125978.93
2026-05-25 19:00:00+00:00,3.354,3.357,3.336,3.352,104876.84
2026-05-25 20:00:00+00:00,3.351,3.36,3.324,3.33,75395.26
2026-05-25 21:00:00+00:00,3.329,3.342,3.328,3.337,66783.09
2026-05-25 22:00:00+00:00,3.337,3.342,3.31,3.31,124867.49
2026-05-25 23:00:00+00:00,3.311,3.334,3.308,3.329,89934.73
2026-05-26 00:00:00+00:00,3.329,3.333,3.268,3.287,450378.52
2026-05-26 01:00:00+00:00,3.286,3.294,3.267,3.281,160336.07
2026-05-26 02:00:00+00:00,3.282,3.288,3.271,3.28,55868.63
2026-05-26 03:00:00+00:00,3.281,3.289,3.269,3.288,136501.86
2026-05-26 04:00:00+00:00,3.288,3.305,3.278,3.298,90351.47
2026-05-26 05:00:00+00:00,3.298,3.322,3.288,3.311,65512.97
2026-05-26 06:00:00+00:00,3.311,3.313,3.292,3.303,83994.44
2026-05-26 07:00:00+00:00,3.304,3.306,3.27,3.29,129231.87
2026-05-26 08:00:00+00:00,3.291,3.309,3.289,3.303,115088.18
2026-05-26 09:00:00+00:00,3.304,3.312,3.297,3.304,98058.59
2026-05-26 10:00:00+00:00,3.303,3.367,3.298,3.359,171849.52
2026-05-26 11:00:00+00:00,3.359,3.359,3.338,3.343,143471.03
2026-05-26 12:00:00+00:00,3.344,3.357,3.327,3.356,83648.53
2026-05-26 13:00:00+00:00,3.356,3.363,3.321,3.353,97249.78
2026-05-26 14:00:00+00:00,3.354,3.388,3.319,3.339,175025.06
2026-05-26 15:00:00+00:00,3.339,3.34,3.273,3.296,161202.87
2026-05-26 16:00:00+00:00,3.296,3.298,3.255,3.285,144170.86
2026-05-26 17:00:00+00:00,3.285,3.29,3.225,3.247,344330.44
2026-05-26 18:00:00+00:00,3.247,3.267,3.234,3.243,143003.09
2026-05-26 19:00:00+00:00,3.243,3.267,3.236,3.26,52619.47
2026-05-26 20:00:00+00:00,3.261,3.265,3.251,3.265,37681.66
2026-05-26 21:00:00+00:00,3.265,3.267,3.239,3.244,54052.79
2026-05-26 22:00:00+00:00,3.245,3.253,3.238,3.246,52647.69
2026-05-26 23:00:00+00:00,3.246,3.262,3.246,3.251,41839.3
2026-05-27 00:00:00+00:00,3.252,3.285,3.252,3.284,80547.11
2026-05-27 01:00:00+00:00,3.283,3.285,3.261,3.265,47658.97
2026-05-27 02:00:00+00:00,3.265,3.275,3.249,3.275,98951.94
2026-05-27 03:00:00+00:00,3.276,3.279,3.255,3.259,31228.52
2026-05-27 04:00:00+00:00,3.259,3.267,3.224,3.259,90577.09
2026-05-27 05:00:00+00:00,3.26,3.278,3.259,3.274,41173.85
2026-05-27 06:00:00+00:00,3.276,3.298,3.269,3.292,55595.43
2026-05-27 07:00:00+00:00,3.292,3.299,3.281,3.289,57726.09
2026-05-27 08:00:00+00:00,3.289,3.301,3.268,3.273,100505.45
2026-05-27 09:00:00+00:00,3.273,3.274,3.246,3.268,502057.71
2026-05-27 10:00:00+00:00,3.269,3.28,3.264,3.273,46313.18
2026-05-27 11:00:00+00:00,3.272,3.283,3.264,3.264,48107.59
2026-05-27 12:00:00+00:00,3.265,3.304,3.257,3.286,145372.42
2026-05-27 13:00:00+00:00,3.287,3.29,3.238,3.267,134889.69
2026-05-27 14:00:00+00:00,3.267,3.285,3.24,3.276,80924.99
2026-05-27 15:00:00+00:00,3.276,3.321,3.272,3.295,197580.48
2026-05-27 16:00:00+00:00,3.296,3.306,3.269,3.284,60091.45
2026-05-27 17:00:00+00:00,3.284,3.284,3.244,3.252,54167.51
2026-05-27 18:00:00+00:00,3.251,3.272,3.236,3.27,40111.77
2026-05-27 19:00:00+00:00,3.27,3.279,3.264,3.273,12873.12
2026-05-27 20:00:00+00:00,3.272,3.284,3.266,3.278,30199.0
2026-05-27 21:00:00+00:00,3.278,3.281,3.184,3.213,199677.34
2026-05-27 22:00:00+00:00,3.214,3.237,3.205,3.222,50600.85
2026-05-27 23:00:00+00:00,3.223,3.233,3.06,3.093,5772519.95
2026-05-28 00:00:00+00:00,3.093,3.117,3.079,3.102,508005.88
2026-05-28 01:00:00+00:00,3.102,3.103,3.054,3.072,435733.65
2026-05-28 02:00:00+00:00,3.073,3.084,3.067,3.08,196690.41
2026-05-28 03:00:00+00:00,3.079,3.096,3.032,3.04,652898.79
2026-05-28 04:00:00+00:00,3.04,3.058,3.015,3.058,505201.21
2026-05-28 05:00:00+00:00,3.058,3.058,3.027,3.041,178304.38
2026-05-28 06:00:00+00:00,3.041,3.047,3.025,3.039,150088.53
2026-05-28 07:00:00+00:00,3.039,3.055,3.035,3.043,353229.45
2026-05-28 08:00:00+00:00,3.043,3.049,3.016,3.018,167062.57
2026-05-28 09:00:00+00:00,3.018,3.026,3.008,3.017,200021.16
2026-05-28 10:00:00+00:00,3.019,3.025,3.003,3.004,230193.21
2026-05-28 11:00:00+00:00,3.004,3.016,2.988,3.01,453364.53
2026-05-28 12:00:00+00:00,3.01,3.027,2.995,3.02,253433.03
2026-05-28 13:00:00+00:00,3.02,3.029,2.989,3.001,365977.61
2026-05-28 14:00:00+00:00,3.001,3.03,2.972,3.004,477843.13
2026-05-28 15:00:00+00:00,3.005,3.015,2.979,3.01,398708.1
2026-05-28 16:00:00+00:00,3.009,3.059,2.996,3.042,209112.68
2026-05-28 17:00:00+00:00,3.043,3.074,3.037,3.066,119803.27
2026-05-28 18:00:00+00:00,3.066,3.083,3.062,3.069,129888.36
2026-05-28 19:00:00+00:00,3.069,3.074,3.047,3.048,86736.92
2026-05-28 20:00:00+00:00,3.048,3.07,3.035,3.056,87834.62
2026-05-28 21:00:00+00:00,3.057,3.08,3.052,3.068,103517.52
2026-05-28 22:00:00+00:00,3.069,3.075,3.038,3.044,99906.81
2026-05-28 23:00:00+00:00,3.044,3.06,3.04,3.052,68867.33
2026-05-29 00:00:00+00:00,3.051,3.083,3.051,3.07,254399.89
2026-05-29 01:00:00+00:00,3.071,3.077,3.049,3.056,215794.86
2026-05-29 02:00:00+00:00,3.057,3.064,3.03,3.035,287367.84
2026-05-29 03:00:00+00:00,3.036,3.053,3.023,3.03,205470.7
2026-05-29 04:00:00+00:00,3.031,3.048,3.022,3.047,36228.18
2026-05-29 05:00:00+00:00,3.048,3.06,3.046,3.058,37356.43
2026-05-29 06:00:00+00:00,3.057,3.07,3.053,3.068,32154.89
2026-05-29 07:00:00+00:00,3.067,3.073,3.046,3.057,115945.94
2026-05-29 08:00:00+00:00,3.057,3.07,2.976,2.996,3765271.7
2026-05-29 09:00:00+00:00,2.997,3.032,2.991,3.025,175127.86
2026-05-29 10:00:00+00:00,3.025,3.03,3.0,3.006,156349.2
2026-05-29 11:00:00+00:00,3.006,3.014,2.984,2.995,126939.52
2026-05-29 12:00:00+00:00,2.995,2.998,2.96,2.987,258768.03
2026-05-29 13:00:00+00:00,2.987,3.007,2.976,2.99,173889.84
2026-05-29 14:00:00+00:00,2.99,3.007,2.947,2.993,250345.46
2026-05-29 15:00:00+00:00,2.994,3.071,2.991,3.055,355001.01
2026-05-29 16:00:00+00:00,3.055,3.06,3.03,3.053,162118.37
2026-05-29 17:00:00+00:00,3.053,3.071,3.041,3.044,172753.47
2026-05-29 18:00:00+00:00,3.045,3.053,3.0,3.012,142494.4
2026-05-29 19:00:00+00:00,3.013,3.018,2.987,3.008,59616.0
2026-05-29 20:00:00+00:00,3.009,3.023,3.005,3.021,23606.35
2026-05-29 21:00:00+00:00,3.021,3.03,3.005,3.006,44740.69
2026-05-29 22:00:00+00:00,3.006,3.02,3.001,3.018,28540.34
2026-05-29 23:00:00+00:00,3.017,3.025,3.008,3.02,69667.31
2026-05-30 00:00:00+00:00,3.021,3.052,3.016,3.048,101474.22
2026-05-30 01:00:00+00:00,3.05,3.081,3.046,3.074,197380.2
2026-05-30 02:00:00+00:00,3.075,3.086,3.069,3.082,93087.61
2026-05-30 03:00:00+00:00,3.082,3.085,3.058,3.065,82699.23
2026-05-30 04:00:00+00:00,3.065,3.072,3.017,3.042,166978.07
2026-05-30 05:00:00+00:00,3.042,3.059,3.035,3.055,77344.34
2026-05-30 06:00:00+00:00,3.055,3.061,3.039,3.042,51550.84
2026-05-30 07:00:00+00:00,3.042,3.043,2.994,3.015,247888.56
2026-05-30 08:00:00+00:00,3.016,3.025,3.015,3.02,52790.46
2026-05-30 09:00:00+00:00,3.02,3.03,3.018,3.026,29297.7
2026-05-30 10:00:00+00:00,3.026,3.038,3.026,3.03,36043.88
2026-05-30 11:00:00+00:00,3.029,3.04,3.025,3.036,58732.33
2026-05-30 12:00:00+00:00,3.034,3.037,3.027,3.031,49982.08
2026-05-30 13:00:00+00:00,3.03,3.043,3.028,3.039,30245.68
2026-05-30 14:00:00+00:00,3.038,3.052,3.038,3.048,91896.08
2026-05-30 15:00:00+00:00,3.047,3.053,3.033,3.047,85321.83
2026-05-30 16:00:00+00:00,3.048,3.061,3.041,3.057,57129.83
2026-05-30 17:00:00+00:00,3.057,3.069,3.046,3.068,72614.92
2026-05-30 18:00:00+00:00,3.066,3.076,3.059,3.071,57674.49
2026-05-30 19:00:00+00:00,3.071,3.075,3.063,3.068,56318.88
2026-05-30 20:00:00+00:00,3.069,3.078,3.067,3.072,35445.17
2026-05-30 21:00:00+00:00,3.073,3.083,3.072,3.074,88874.52
2026-05-30 22:00:00+00:00,3.073,3.073,3.041,3.051,71238.21
2026-05-30 23:00:00+00:00,3.051,3.056,3.041,3.056,37781.42
2026-05-31 00:00:00+00:00,3.056,3.068,3.05,3.059,44175.02
2026-05-31 01:00:00+00:00,3.059,3.072,3.02,3.048,286949.39
2026-05-31 02:00:00+00:00,3.048,3.068,3.042,3.061,76016.01
2026-05-31 03:00:00+00:00,3.062,3.071,3.06,3.064,30964.92
2026-05-31 04:00:00+00:00,3.064,3.07,3.059,3.07,28317.48
2026-05-31 05:00:00+00:00,3.07,3.07,3.05,3.054,65165.33
2026-05-31 06:00:00+00:00,3.055,3.058,3.045,3.051,97102.17
2026-05-31 07:00:00+00:00,3.051,3.052,3.026,3.037,84737.25
2026-05-31 08:00:00+00:00,3.037,3.05,3.034,3.043,81139.05
2026-05-31 09:00:00+00:00,3.042,3.046,3.023,3.028,40290.6
2026-05-31 10:00:00+00:00,3.028,3.032,3.015,3.032,56099.54
2026-05-31 11:00:00+00:00,3.033,3.039,3.03,3.035,25201.43
2026-05-31 12:00:00+00:00,3.034,3.044,3.025,3.04,49196.73
2026-05-31 13:00:00+00:00,3.04,3.052,3.03,3.032,41913.43
2026-05-31 14:00:00+00:00,3.032,3.032,2.976,2.987,355050.8
2026-05-31 15:00:00+00:00,2.987,3.011,2.986,2.99,61941.98
2026-05-31 16:00:00+00:00,2.991,2.994,2.963,2.966,181286.32
2026-05-31 17:00:00+00:00,2.965,2.985,2.958,2.983,89354.67
2026-05-31 18:00:00+00:00,2.983,2.986,2.974,2.983,39449.29
2026-05-31 19:00:00+00:00,2.983,2.992,2.975,2.99,48098.23
2026-05-31 20:00:00+00:00,2.991,3.008,2.991,3.007,45727.89
2026-05-31 21:00:00+00:00,3.007,3.024,3.002,3.019,40393.79
2026-05-31 22:00:00+00:00,3.02,3.03,3.006,3.027,42924.14
2026-05-31 23:00:00+00:00,3.028,3.043,2.999,3.024,74341.82
2026-06-01 00:00:00+00:00,3.025,3.045,3.022,3.032,74454.2
2026-06-01 01:00:00+00:00,3.033,3.034,2.986,2.987,33071.55
2026-06-01 02:00:00+00:00,2.986,3.033,2.98,3.026,63183.19
2026-06-01 03:00:00+00:00,3.026,3.042,3.023,3.026,47717.2
2026-06-01 04:00:00+00:00,3.027,3.035,2.994,3.006,29192.41
2026-06-01 05:00:00+00:00,3.005,3.01,2.99,2.993,54250.42
2026-06-01 06:00:00+00:00,2.993,2.999,2.965,2.981,297402.83
2026-06-01 07:00:00+00:00,2.981,2.99,2.954,2.957,103109.5
2026-06-01 08:00:00+00:00,2.958,2.965,2.935,2.957,348328.62
2026-06-01 09:00:00+00:00,2.958,2.977,2.958,2.971,263184.62
2026-06-01 10:00:00+00:00,2.972,2.977,2.961,2.974,58793.44
2026-06-01 11:00:00+00:00,2.975,2.98,2.956,2.962,76302.15
2026-06-01 12:00:00+00:00,2.963,2.975,2.936,2.96,110626.04
2026-06-01 13:00:00+00:00,2.961,2.963,2.91,2.932,578772.92
2026-06-01 14:00:00+00:00,2.933,2.943,2.916,2.931,183074.36
2026-06-01 15:00:00+00:00,2.932,2.945,2.906,2.932,126607.65
2026-06-01 16:00:00+00:00,2.933,2.966,2.911,2.964,162898.72
2026-06-01 17:00:00+00:00,2.964,3.004,2.962,2.993,158700.63
2026-06-01 18:00:00+00:00,2.993,2.996,2.976,2.982,47474.98
2026-06-01 19:00:00+00:00,2.983,3.002,2.975,2.997,63163.21
2026-06-01 20:00:00+00:00,2.997,2.999,2.983,2.988,50155.17
2026-06-01 21:00:00+00:00,2.987,2.987,2.96,2.961,70636.06
2026-06-01 22:00:00+00:00,2.96,2.985,2.945,2.983,57763.59
2026-06-01 23:00:00+00:00,2.984,2.991,2.971,2.984,43133.15
2026-06-02 00:00:00+00:00,2.984,2.986,2.965,2.968,30177.68
2026-06-02 01:00:00+00:00,2.97,2.97,2.925,2.925,119045.68
2026-06-02 02:00:00+00:00,2.925,2.95,2.899,2.95,195363.27
2026-06-02 03:00:00+00:00,2.951,2.968,2.947,2.965,75241.29
2026-06-02 04:00:00+00:00,2.965,2.971,2.942,2.944,98968.49
2026-06-02 05:00:00+00:00,2.943,2.953,2.919,2.922,135319.85
2026-06-02 06:00:00+00:00,2.921,2.932,2.901,2.911,122343.7
2026-06-02 07:00:00+00:00,2.911,2.926,2.89,2.91,121954.57
2026-06-02 08:00:00+00:00,2.91,2.919,2.903,2.91,97142.68
2026-06-02 09:00:00+00:00,2.911,2.913,2.893,2.904,90742.38
2026-06-02 10:00:00+00:00,2.904,2.926,2.896,2.922,186409.7
2026-06-02 11:00:00+00:00,2.921,2.923,2.9,2.909,51132.1
2026-06-02 12:00:00+00:00,2.908,2.923,2.903,2.919,50760.16
2026-06-02 13:00:00+00:00,2.92,2.925,2.905,2.908,99046.3
2026-06-02 14:00:00+00:00,2.91,2.91,2.801,2.841,531318.99
2026-06-02 15:00:00+00:00,2.841,2.847,2.767,2.8,554292.77
2026-06-02 16:00:00+00:00,2.8,2.864,2.793,2.831,187339.78
2026-06-02 17:00:00+00:00,2.832,2.864,2.832,2.851,58949.64
2026-06-02 18:00:00+00:00,2.852,2.866,2.816,2.83,53596.95
2026-06-02 19:00:00+00:00,2.83,2.844,2.774,2.834,162428.2
2026-06-02 20:00:00+00:00,2.834,2.848,2.81,2.841,45937.94
2026-06-02 21:00:00+00:00,2.843,2.858,2.825,2.836,62032.29
2026-06-02 22:00:00+00:00,2.835,2.835,2.76,2.767,230671.37
2026-06-02 23:00:00+00:00,2.768,2.803,2.733,2.8,310824.34
2026-06-03 00:00:00+00:00,2.801,2.834,2.787,2.824,203320.23
2026-06-03 01:00:00+00:00,2.823,2.833,2.794,2.821,86511.96
2026-06-03 02:00:00+00:00,2.82,2.821,2.802,2.813,56353.31
2026-06-03 03:00:00+00:00,2.814,2.821,2.752,2.768,199480.45
2026-06-03 04:00:00+00:00,2.768,2.824,2.768,2.824,111250.04
2026-06-03 05:00:00+00:00,2.823,2.867,2.823,2.859,191171.7
2026-06-03 06:00:00+00:00,2.859,2.876,2.846,2.854,130616.59
2026-06-03 07:00:00+00:00,2.853,2.875,2.845,2.871,95765.96
2026-06-03 08:00:00+00:00,2.871,2.886,2.865,2.875,151517.88
2026-06-03 09:00:00+00:00,2.876,2.883,2.859,2.868,90380.28
2026-06-03 10:00:00+00:00,2.869,2.898,2.869,2.892,83589.01
2026-06-03 11:00:00+00:00,2.893,2.938,2.891,2.896,246171.53
2026-06-03 12:00:00+00:00,2.895,2.915,2.874,2.909,224465.37
2026-06-03 13:00:00+00:00,2.909,2.918,2.891,2.91,190441.69
2026-06-03 14:00:00+00:00,2.909,2.928,2.892,2.927,207568.5
2026-06-03 15:00:00+00:00,2.927,2.932,2.893,2.902,152239.59
2026-06-03 16:00:00+00:00,2.902,2.91,2.824,2.853,361993.28
2026-06-03 17:00:00+00:00,2.853,2.871,2.821,2.848,144169.6
2026-06-03 18:00:00+00:00,2.848,2.863,2.827,2.86,92311.89
2026-06-03 19:00:00+00:00,2.86,2.864,2.817,2.825,101260.81
2026-06-03 20:00:00+00:00,2.823,2.847,2.768,2.783,178508.67
2026-06-03 21:00:00+00:00,2.783,2.864,2.776,2.861,125986.53
2026-06-03 22:00:00+00:00,2.86,2.872,2.816,2.826,109500.05
2026-06-03 23:00:00+00:00,2.824,2.829,2.796,2.8,112570.47
2026-06-04 00:00:00+00:00,2.8,2.826,2.741,2.77,332063.01
2026-06-04 01:00:00+00:00,2.77,2.778,2.655,2.664,608043.22
2026-06-04 02:00:00+00:00,2.666,2.706,2.57,2.693,874279.97
2026-06-04 03:00:00+00:00,2.693,2.767,2.693,2.757,231965.31
2026-06-04 04:00:00+00:00,2.757,2.77,2.735,2.741,83654.14
2026-06-04 05:00:00+00:00,2.742,2.743,2.698,2.707,198214.41
2026-06-04 06:00:00+00:00,2.707,2.735,2.7,2.715,119000.69
2026-06-04 07:00:00+00:00,2.716,2.72,2.675,2.675,240182.93
2026-06-04 08:00:00+00:00,2.675,2.696,2.653,2.686,141187.52
2026-06-04 09:00:00+00:00,2.685,2.685,2.614,2.653,399674.78
2026-06-04 10:00:00+00:00,2.653,2.656,2.609,2.618,457465.3
2026-06-04 11:00:00+00:00,2.619,2.65,2.605,2.631,257327.55
2026-06-04 12:00:00+00:00,2.632,2.687,2.605,2.681,281169.11
2026-06-04 13:00:00+00:00,2.68,2.687,2.633,2.682,212463.33
2026-06-04 14:00:00+00:00,2.684,2.691,2.658,2.668,104518.78
2026-06-04 15:00:00+00:00,2.668,2.706,2.666,2.695,125059.18
2026-06-04 16:00:00+00:00,2.694,2.694,2.654,2.667,103589.2
2026-06-04 17:00:00+00:00,2.667,2.674,2.626,2.658,166049.49
2026-06-04 18:00:00+00:00,2.659,2.687,2.635,2.676,94767.38
2026-06-04 19:00:00+00:00,2.675,2.691,2.66,2.665,47496.81
2026-06-04 20:00:00+00:00,2.665,2.666,2.644,2.661,43306.51
2026-06-04 21:00:00+00:00,2.661,2.677,2.609,2.613,121809.11
2026-06-04 22:00:00+00:00,2.612,2.644,2.601,2.642,153897.34
2026-06-04 23:00:00+00:00,2.641,2.656,2.619,2.655,72988.68
2026-06-05 00:00:00+00:00,2.654,2.666,2.623,2.626,85250.53
2026-06-05 01:00:00+00:00,2.625,2.636,2.593,2.624,132364.91
2026-06-05 02:00:00+00:00,2.624,2.627,2.566,2.57,237623.79
2026-06-05 03:00:00+00:00,2.571,2.597,2.557,2.568,195120.88
2026-06-05 04:00:00+00:00,2.569,2.616,2.557,2.612,253952.31
2026-06-05 05:00:00+00:00,2.613,2.618,2.524,2.527,266812.77
2026-06-05 06:00:00+00:00,2.527,2.536,2.407,2.494,996065.64
2026-06-05 07:00:00+00:00,2.494,2.554,2.455,2.552,410350.96
2026-06-05 08:00:00+00:00,2.553,2.554,2.513,2.519,223439.01
2026-06-05 09:00:00+00:00,2.52,2.576,2.519,2.565,201593.52
2026-06-05 10:00:00+00:00,2.566,2.57,2.532,2.552,109633.43
2026-06-05 11:00:00+00:00,2.552,2.553,2.51,2.512,181980.74
2026-06-05 12:00:00+00:00,2.512,2.533,2.481,2.514,275536.26
2026-06-05 13:00:00+00:00,2.514,2.544,2.445,2.445,542890.17
2026-06-05 14:00:00+00:00,2.446,2.495,2.425,2.47,495725.36
2026-06-05 15:00:00+00:00,2.47,2.474,2.401,2.422,457458.54
2026-06-05 16:00:00+00:00,2.421,2.489,2.369,2.476,618381.12
2026-06-05 17:00:00+00:00,2.475,2.489,2.45,2.471,135470.23
2026-06-05 18:00:00+00:00,2.472,2.484,2.371,2.38,337197.56
2026-06-05 19:00:00+00:00,2.381,2.443,2.344,2.429,530017.27
2026-06-05 20:00:00+00:00,2.429,2.481,2.403,2.475,206488.31
2026-06-05 21:00:00+00:00,2.474,2.498,2.472,2.492,119473.33
2026-06-05 22:00:00+00:00,2.491,2.493,2.46,2.48,113740.32
2026-06-05 23:00:00+00:00,2.481,2.491,2.429,2.462,160618.89
2026-06-06 00:00:00+00:00,2.461,2.487,2.461,2.479,66189.18
2026-06-06 01:00:00+00:00,2.479,2.485,2.449,2.45,90104.97
2026-06-06 02:00:00+00:00,2.449,2.45,2.422,2.431,74153.2
2026-06-06 03:00:00+00:00,2.429,2.432,2.401,2.414,108252.06
2026-06-06 04:00:00+00:00,2.414,2.426,2.316,2.34,324751.75
2026-06-06 05:00:00+00:00,2.34,2.419,2.316,2.418,336439.09
2026-06-06 06:00:00+00:00,2.418,2.441,2.414,2.416,252566.09
2026-06-06 07:00:00+00:00,2.417,2.449,2.414,2.438,139363.14
2026-06-06 08:00:00+00:00,2.44,2.463,2.434,2.449,91729.74
2026-06-06 09:00:00+00:00,2.45,2.468,2.433,2.439,58608.89
2026-06-06 10:00:00+00:00,2.44,2.44,2.392,2.411,174239.9
2026-06-06 11:00:00+00:00,2.41,2.436,2.408,2.428,58357.25
2026-06-06 12:00:00+00:00,2.429,2.459,2.42,2.454,86190.1
2026-06-06 13:00:00+00:00,2.454,2.458,2.435,2.441,37087.6
2026-06-06 14:00:00+00:00,2.441,2.458,2.44,2.443,69821.87
2026-06-06 15:00:00+00:00,2.444,2.449,2.412,2.444,96911.17
2026-06-06 16:00:00+00:00,2.444,2.454,2.424,2.447,56689.49
2026-06-06 17:00:00+00:00,2.448,2.452,2.417,2.423,67385.79
2026-06-06 18:00:00+00:00,2.421,2.439,2.416,2.429,39394.54
2026-06-06 19:00:00+00:00,2.429,2.44,2.42,2.42,29129.47
2026-06-06 20:00:00+00:00,2.421,2.435,2.415,2.433,45770.51
2026-06-06 21:00:00+00:00,2.433,2.452,2.433,2.44,50004.97
2026-06-06 22:00:00+00:00,2.44,2.45,2.43,2.442,39233.19
2026-06-06 23:00:00+00:00,2.441,2.47,2.439,2.466,63460.07
2026-06-07 00:00:00+00:00,2.467,2.48,2.463,2.471,83818.04
2026-06-07 01:00:00+00:00,2.471,2.52,2.468,2.519,160280.4
2026-06-07 02:00:00+00:00,2.519,2.522,2.498,2.514,111321.24
2026-06-07 03:00:00+00:00,2.514,2.538,2.507,2.528,72500.46
2026-06-07 04:00:00+00:00,2.528,2.554,2.513,2.549,94206.72
2026-06-07 05:00:00+00:00,2.549,2.563,2.542,2.55,150529.57
2026-06-07 06:00:00+00:00,2.55,2.571,2.536,2.556,211737.19
2026-06-07 07:00:00+00:00,2.556,2.577,2.549,2.576,127995.01
2026-06-07 08:00:00+00:00,2.576,2.597,2.564,2.597,104370.92
2026-06-07 09:00:00+00:00,2.596,2.604,2.574,2.575,168012.87
2026-06-07 10:00:00+00:00,2.575,2.578,2.547,2.548,221939.06
2026-06-07 11:00:00+00:00,2.549,2.559,2.54,2.544,170818.02
2026-06-07 12:00:00+00:00,2.545,2.547,2.492,2.514,337962.14
2026-06-07 13:00:00+00:00,2.514,2.521,2.503,2.512,182824.79
2026-06-07 14:00:00+00:00,2.512,2.543,2.511,2.528,220694.23
2026-06-07 15:00:00+00:00,2.527,2.529,2.503,2.512,246229.7
2026-06-07 16:00:00+00:00,2.512,2.53,2.51,2.525,172809.94
2026-06-07 17:00:00+00:00,2.525,2.536,2.511,2.515,153844.08
2026-06-07 18:00:00+00:00,2.515,2.522,2.507,2.511,89134.36
2026-06-07 19:00:00+00:00,2.511,2.511,2.475,2.489,216578.75
2026-06-07 20:00:00+00:00,2.489,2.516,2.483,2.502,90792.97
2026-06-07 21:00:00+00:00,2.502,2.514,2.482,2.504,110143.26
2026-06-07 22:00:00+00:00,2.505,2.63,2.505,2.553,374469.34
2026-06-07 23:00:00+00:00,2.552,2.58,2.55,2.573,139415.98
2026-06-08 00:00:00+00:00,2.572,2.593,2.554,2.579,108976.42
2026-06-08 01:00:00+00:00,2.579,2.583,2.537,2.564,173322.68
2026-06-08 02:00:00+00:00,2.564,2.577,2.556,2.561,300424.27
2026-06-08 03:00:00+00:00,2.562,2.567,2.549,2.562,93185.13
2026-06-08 04:00:00+00:00,2.563,2.564,2.536,2.538,92722.02
2026-06-08 05:00:00+00:00,2.538,2.546,2.525,2.545,129248.52
2026-06-08 06:00:00+00:00,2.545,2.564,2.538,2.539,171181.27
2026-06-08 07:00:00+00:00,2.539,2.556,2.528,2.542,244765.73
2026-06-08 08:00:00+00:00,2.542,2.542,2.508,2.51,295367.32
2026-06-08 09:00:00+00:00,2.51,2.537,2.508,2.535,422545.64
2026-06-08 10:00:00+00:00,2.535,2.536,2.509,2.512,344667.62
2026-06-08 11:00:00+00:00,2.511,2.547,2.502,2.528,369853.65
2026-06-08 12:00:00+00:00,2.529,2.562,2.497,2.555,346647.2
2026-06-08 13:00:00+00:00,2.555,2.559,2.53,2.548,128152.82
2026-06-08 14:00:00+00:00,2.549,2.568,2.535,2.562,150334.47
2026-06-08 15:00:00+00:00,2.563,2.586,2.563,2.571,155639.31
2026-06-08 16:00:00+00:00,2.572,2.597,2.56,2.563,99368.19
2026-06-08 17:00:00+00:00,2.563,2.575,2.549,2.573,66534.33
2026-06-08 18:00:00+00:00,2.573,2.593,2.568,2.583,133821.05
2026-06-08 19:00:00+00:00,2.584,2.609,2.584,2.59,120472.63
2026-06-08 20:00:00+00:00,2.59,2.592,2.574,2.582,63579.77
2026-06-08 21:00:00+00:00,2.583,2.602,2.568,2.568,246494.51
2026-06-08 22:00:00+00:00,2.568,2.568,2.54,2.551,249335.37
2026-06-08 23:00:00+00:00,2.551,2.555,2.508,2.515,279016.17
2026-06-09 00:00:00+00:00,2.515,2.517,2.457,2.468,510310.86
2026-06-09 01:00:00+00:00,2.468,2.488,2.456,2.481,93074.22
2026-06-09 02:00:00+00:00,2.481,2.491,2.469,2.491,66177.13
2026-06-09 03:00:00+00:00,2.492,2.496,2.484,2.492,30147.03
2026-06-09 04:00:00+00:00,2.492,2.526,2.488,2.511,228362.43
2026-06-09 05:00:00+00:00,2.511,2.538,2.499,2.533,138500.73
2026-06-09 06:00:00+00:00,2.534,2.546,2.522,2.524,80539.38
2026-06-09 07:00:00+00:00,2.525,2.538,2.516,2.524,78992.49
2026-06-09 08:00:00+00:00,2.525,2.529,2.508,2.521,121141.44
2026-06-09 09:00:00+00:00,2.521,2.521,2.496,2.506,99348.41
2026-06-09 10:00:00+00:00,2.506,2.511,2.498,2.506,81605.06
2026-06-09 11:00:00+00:00,2.507,2.513,2.49,2.511,72153.35
2026-06-09 12:00:00+00:00,2.511,2.525,2.511,2.524,59316.24
2026-06-09 13:00:00+00:00,2.523,2.533,2.51,2.513,62977.6
2026-06-09 14:00:00+00:00,2.512,2.518,2.461,2.486,193770.15
2026-06-09 15:00:00+00:00,2.486,2.5,2.461,2.466,113936.87
2026-06-09 16:00:00+00:00,2.466,2.476,2.437,2.461,212224.55
2026-06-09 17:00:00+00:00,2.461,2.498,2.46,2.484,118217.05
2026-06-09 18:00:00+00:00,2.484,2.502,2.478,2.488,65865.69
2026-06-09 19:00:00+00:00,2.487,2.504,2.484,2.499,49994.42
2026-06-09 20:00:00+00:00,2.5,2.512,2.495,2.506,34434.27
2026-06-09 21:00:00+00:00,2.507,2.514,2.482,2.485,50279.66
2026-06-09 22:00:00+00:00,2.485,2.501,2.468,2.469,76171.94
2026-06-09 23:00:00+00:00,2.47,2.483,2.466,2.478,112215.71
2026-06-10 00:00:00+00:00,2.478,2.496,2.463,2.494,214661.96
2026-06-10 01:00:00+00:00,2.494,2.499,2.464,2.475,145421.59
2026-06-10 02:00:00+00:00,2.475,2.48,2.447,2.454,98863.47
2026-06-10 03:00:00+00:00,2.454,2.471,2.452,2.465,72949.84
2026-06-10 04:00:00+00:00,2.465,2.467,2.442,2.449,73836.82
2026-06-10 05:00:00+00:00,2.45,2.454,2.439,2.448,44771.82
2026-06-10 06:00:00+00:00,2.447,2.456,2.437,2.451,61829.13
2026-06-10 07:00:00+00:00,2.45,2.471,2.449,2.463,80858.85
2026-06-10 08:00:00+00:00,2.463,2.465,2.437,2.443,115160.69
2026-06-10 09:00:00+00:00,2.443,2.456,2.426,2.452,144906.87
2026-06-10 10:00:00+00:00,2.453,2.458,2.44,2.456,40623.25
2026-06-10 11:00:00+00:00,2.457,2.461,2.423,2.435,187273.29
2026-06-10 12:00:00+00:00,2.435,2.483,2.419,2.468,286054.76
2026-06-10 13:00:00+00:00,2.469,2.518,2.466,2.497,205033.82
2026-06-10 14:00:00+00:00,2.497,2.504,2.473,2.49,99516.06
2026-06-10 15:00:00+00:00,2.489,2.507,2.473,2.502,296681.54
2026-06-10 16:00:00+00:00,2.502,2.504,2.455,2.468,206035.89
2026-06-10 17:00:00+00:00,2.469,2.478,2.433,2.441,276829.49
2026-06-10 18:00:00+00:00,2.441,2.446,2.398,2.407,369279.99
2026-06-10 19:00:00+00:00,2.407,2.414,2.393,2.399,287635.1
2026-06-10 20:00:00+00:00,2.399,2.41,2.382,2.394,203681.8
2026-06-10 21:00:00+00:00,2.393,2.398,2.368,2.38,73869.33
2026-06-10 22:00:00+00:00,2.381,2.389,2.366,2.377,100664.32
2026-06-10 23:00:00+00:00,2.376,2.402,2.368,2.396,95319.67
2026-06-11 00:00:00+00:00,2.395,2.419,2.394,2.407,91002.78
2026-06-11 01:00:00+00:00,2.408,2.437,2.408,2.429,106164.34
2026-06-11 02:00:00+00:00,2.429,2.442,2.42,2.439,84415.02
2026-06-11 03:00:00+00:00,2.439,2.497,2.435,2.489,278886.65
2026-06-11 04:00:00+00:00,2.489,2.501,2.476,2.493,156559.62
2026-06-11 05:00:00+00:00,2.493,2.5,2.482,2.482,150758.33
2026-06-11 06:00:00+00:00,2.482,2.504,2.469,2.489,121275.11
2026-06-11 07:00:00+00:00,2.488,2.508,2.482,2.507,172346.56
2026-06-11 08:00:00+00:00,2.508,2.539,2.502,2.525,263213.08
2026-06-11 09:00:00+00:00,2.525,2.527,2.502,2.518,153414.6
2026-06-11 10:00:00+00:00,2.519,2.524,2.508,2.519,104894.61
2026-06-11 11:00:00+00:00,2.518,2.539,2.515,2.526,234624.24
2026-06-11 12:00:00+00:00,2.526,2.53,2.489,2.506,252945.45
2026-06-11 13:00:00+00:00,2.505,2.516,2.487,2.503,129118.25
2026-06-11 14:00:00+00:00,2.503,2.527,2.495,2.501,95278.57
2026-06-11 15:00:00+00:00,2.5,2.568,2.491,2.552,358951.83
2026-06-11 16:00:00+00:00,2.553,2.557,2.508,2.511,228674.35
2026-06-11 17:00:00+00:00,2.511,2.561,2.482,2.554,654588.48
2026-06-11 18:00:00+00:00,2.554,2.56,2.518,2.522,372978.79
2026-06-11 19:00:00+00:00,2.522,2.53,2.504,2.506,367955.21
2026-06-11 20:00:00+00:00,2.507,2.51,2.482,2.491,312149.45
2026-06-11 21:00:00+00:00,2.491,2.505,2.486,2.489,240988.44
2026-06-11 22:00:00+00:00,2.489,2.52,2.483,2.514,253555.33
2026-06-11 23:00:00+00:00,2.514,2.521,2.491,2.498,142162.35
2026-06-12 00:00:00+00:00,2.499,2.515,2.492,2.505,123718.5
2026-06-12 01:00:00+00:00,2.504,2.508,2.49,2.507,189255.39
2026-06-12 02:00:00+00:00,2.507,2.527,2.506,2.518,55869.15
2026-06-12 03:00:00+00:00,2.518,2.524,2.509,2.524,45955.85
2026-06-12 04:00:00+00:00,2.524,2.532,2.513,2.523,74306.75
2026-06-12 05:00:00+00:00,2.523,2.524,2.498,2.502,61005.39
2026-06-12 06:00:00+00:00,2.501,2.504,2.477,2.489,109978.04
2026-06-12 07:00:00+00:00,2.489,2.522,2.485,2.511,128681.86
2026-06-12 08:00:00+00:00,2.512,2.523,2.509,2.519,77447.88
2026-06-12 09:00:00+00:00,2.52,2.544,2.518,2.534,182098.27
2026-06-12 10:00:00+00:00,2.535,2.541,2.523,2.532,93598.44
2026-06-12 11:00:00+00:00,2.532,2.536,2.525,2.534,53352.09
2026-06-12 12:00:00+00:00,2.534,2.542,2.525,2.534,75891.47
2026-06-12 13:00:00+00:00,2.535,2.536,2.501,2.512,138980.31
2026-06-12 14:00:00+00:00,2.513,2.561,2.509,2.553,251478.15
2026-06-12 15:00:00+00:00,2.553,2.563,2.51,2.514,197078.38
2026-06-12 16:00:00+00:00,2.514,2.548,2.506,2.539,299242.66
2026-06-12 17:00:00+00:00,2.539,2.543,2.521,2.532,164113.98
2026-06-12 18:00:00+00:00,2.532,2.536,2.516,2.518,77069.97
2026-06-12 19:00:00+00:00,2.518,2.538,2.518,2.521,60220.1
2026-06-12 20:00:00+00:00,2.521,2.526,2.51,2.517,83347.84
2026-06-12 21:00:00+00:00,2.518,2.523,2.505,2.509,32676.48
2026-06-12 22:00:00+00:00,2.509,2.513,2.499,2.505,78754.53
2026-06-12 23:00:00+00:00,2.505,2.505,2.491,2.499,87123.98
2026-06-13 00:00:00+00:00,2.501,2.501,2.491,2.498,109658.16
2026-06-13 01:00:00+00:00,2.498,2.517,2.495,2.511,130054.88
2026-06-13 02:00:00+00:00,2.51,2.516,2.5,2.503,113307.24
2026-06-13 03:00:00+00:00,2.502,2.51,2.494,2.5,109313.55
2026-06-13 04:00:00+00:00,2.5,2.504,2.489,2.489,86789.95
2026-06-13 05:00:00+00:00,2.489,2.496,2.483,2.492,84884.42
2026-06-13 06:00:00+00:00,2.491,2.51,2.487,2.505,95562.06
2026-06-13 07:00:00+00:00,2.505,2.523,2.497,2.517,147409.29
2026-06-13 08:00:00+00:00,2.517,2.526,2.509,2.513,144537.35
2026-06-13 09:00:00+00:00,2.513,2.523,2.512,2.519,80976.59
2026-06-13 10:00:00+00:00,2.52,2.537,2.52,2.532,52442.96
2026-06-13 11:00:00+00:00,2.532,2.553,2.532,2.55,66611.45
2026-06-13 12:00:00+00:00,2.551,2.562,2.544,2.555,82137.72
2026-06-13 13:00:00+00:00,2.556,2.562,2.545,2.553,60279.34
2026-06-13 14:00:00+00:00,2.553,2.566,2.553,2.564,90035.89
2026-06-13 15:00:00+00:00,2.564,2.585,2.562,2.573,119836.45
2026-06-13 16:00:00+00:00,2.574,2.574,2.534,2.545,114516.88
2026-06-13 17:00:00+00:00,2.544,2.556,2.534,2.544,52072.47
2026-06-13 18:00:00+00:00,2.544,2.552,2.54,2.544,28050.09
2026-06-13 19:00:00+00:00,2.545,2.556,2.539,2.541,47892.69
2026-06-13 20:00:00+00:00,2.542,2.549,2.536,2.548,51255.36
2026-06-13 21:00:00+00:00,2.548,2.567,2.532,2.563,142273.12
2026-06-13 22:00:00+00:00,2.563,2.563,2.552,2.552,35048.72
2026-06-13 23:00:00+00:00,2.551,2.564,2.551,2.557,71518.93
2026-06-14 00:00:00+00:00,2.558,2.56,2.545,2.548,54538.11
2026-06-14 01:00:00+00:00,2.548,2.561,2.544,2.553,80543.59
2026-06-14 02:00:00+00:00,2.553,2.564,2.55,2.56,47154.02
2026-06-14 03:00:00+00:00,2.559,2.561,2.547,2.554,47951.33
2026-06-14 04:00:00+00:00,2.554,2.554,2.528,2.533,58415.02
2026-06-14 05:00:00+00:00,2.532,2.537,2.517,2.535,63433.97
2026-06-14 06:00:00+00:00,2.535,2.546,2.528,2.53,68852.18
2026-06-14 07:00:00+00:00,2.53,2.534,2.523,2.532,20849.79
2026-06-14 08:00:00+00:00,2.531,2.544,2.527,2.53,49397.32
2026-06-14 09:00:00+00:00,2.53,2.535,2.515,2.534,59842.24
2026-06-14 10:00:00+00:00,2.533,2.538,2.522,2.524,21713.7
2026-06-14 11:00:00+00:00,2.523,2.53,2.52,2.525,28076.1
2026-06-14 12:00:00+00:00,2.525,2.528,2.512,2.516,34461.41
2026-06-14 13:00:00+00:00,2.516,2.524,2.508,2.523,37392.59
2026-06-14 14:00:00+00:00,2.524,2.527,2.475,2.482,351587.33
2026-06-14 15:00:00+00:00,2.482,2.496,2.48,2.493,129730.33
2026-06-14 16:00:00+00:00,2.493,2.5,2.486,2.492,47419.67
2026-06-14 17:00:00+00:00,2.492,2.495,2.48,2.483,31326.35
2026-06-14 18:00:00+00:00,2.484,2.49,2.479,2.486,25350.03
2026-06-14 19:00:00+00:00,2.486,2.487,2.466,2.48,111321.89
2026-06-14 20:00:00+00:00,2.481,2.499,2.478,2.49,31190.9
2026-06-14 21:00:00+00:00,2.491,2.6,2.49,2.578,174489.94
2026-06-14 22:00:00+00:00,2.578,2.598,2.555,2.579,168429.95
2026-06-14 23:00:00+00:00,2.58,2.592,2.567,2.592,76515.1
2026-06-15 00:00:00+00:00,2.591,2.608,2.574,2.584,112069.22
2026-06-15 01:00:00+00:00,2.583,2.586,2.562,2.571,79503.47
2026-06-15 02:00:00+00:00,2.571,2.597,2.568,2.574,46293.88
2026-06-15 03:00:00+00:00,2.575,2.59,2.572,2.582,47487.54
2026-06-15 04:00:00+00:00,2.583,2.592,2.577,2.582,86420.72
2026-06-15 05:00:00+00:00,2.582,2.606,2.577,2.604,92624.1
2026-06-15 06:00:00+00:00,2.603,2.613,2.596,2.597,126630.92
2026-06-15 07:00:00+00:00,2.597,2.618,2.59,2.594,157427.1
2026-06-15 08:00:00+00:00,2.595,2.618,2.591,2.608,117004.76
2026-06-15 09:00:00+00:00,2.608,2.629,2.601,2.618,197550.98
2026-06-15 10:00:00+00:00,2.619,2.665,2.615,2.653,209015.43
2026-06-15 11:00:00+00:00,2.653,2.696,2.641,2.688,369508.44
2026-06-15 12:00:00+00:00,2.688,2.707,2.675,2.69,300185.79
2026-06-15 13:00:00+00:00,2.691,2.733,2.679,2.701,496452.65
2026-06-15 14:00:00+00:00,2.702,2.709,2.687,2.7,130801.27
2026-06-15 15:00:00+00:00,2.7,2.745,2.7,2.738,196656.44
2026-06-15 16:00:00+00:00,2.738,2.746,2.724,2.729,173663.96
2026-06-15 17:00:00+00:00,2.728,2.728,2.701,2.725,145708.82
2026-06-15 18:00:00+00:00,2.725,2.727,2.702,2.704,150399.05
2026-06-15 19:00:00+00:00,2.703,2.717,2.671,2.688,179826.7
2026-06-15 20:00:00+00:00,2.687,2.709,2.681,2.697,57020.91
2026-06-15 21:00:00+00:00,2.698,2.788,2.695,2.782,419291.71
2026-06-15 22:00:00+00:00,2.783,2.805,2.73,2.786,700476.64
2026-06-15 23:00:00+00:00,2.786,2.85,2.761,2.846,512165.08
2026-06-16 00:00:00+00:00,2.846,2.98,2.827,2.975,1165196.23
2026-06-16 01:00:00+00:00,2.974,3.03,2.909,2.925,1657669.56
2026-06-16 02:00:00+00:00,2.925,2.925,2.783,2.796,943334.78
2026-06-16 03:00:00+00:00,2.797,2.882,2.778,2.882,522634.4
2026-06-16 04:00:00+00:00,2.883,2.896,2.846,2.883,585424.45
2026-06-16 05:00:00+00:00,2.882,2.919,2.862,2.915,518757.86
2026-06-16 06:00:00+00:00,2.916,2.961,2.898,2.957,556173.7
2026-06-16 07:00:00+00:00,2.958,2.999,2.927,2.98,566847.44
2026-06-16 08:00:00+00:00,2.98,3.023,2.951,3.003,833509.26
2026-06-16 09:00:00+00:00,3.003,3.027,2.932,2.947,695650.87
2026-06-16 10:00:00+00:00,2.947,3.063,2.933,3.029,832579.05
2026-06-16 11:00:00+00:00,3.028,3.051,2.991,3.016,489672.33
2026-06-16 12:00:00+00:00,3.016,3.08,2.994,3.073,482966.51
2026-06-16 13:00:00+00:00,3.073,3.1,3.0,3.015,899298.3
2026-06-16 14:00:00+00:00,3.015,3.054,2.939,2.963,694794.92
2026-06-16 15:00:00+00:00,2.964,3.067,2.954,3.023,617120.76
2026-06-16 16:00:00+00:00,3.024,3.155,3.014,3.087,1120104.28
2026-06-16 17:00:00+00:00,3.087,3.191,3.087,3.181,1118394.19
2026-06-16 18:00:00+00:00,3.182,3.255,3.173,3.243,900366.69
2026-06-16 19:00:00+00:00,3.243,3.243,3.16,3.197,700277.82
2026-06-16 20:00:00+00:00,3.197,3.328,3.188,3.281,1050312.65
2026-06-16 21:00:00+00:00,3.281,3.295,3.21,3.27,468493.54
2026-06-16 22:00:00+00:00,3.27,3.314,3.258,3.271,356321.0
2026-06-16 23:00:00+00:00,3.271,3.317,3.248,3.293,816822.84
2026-06-17 00:00:00+00:00,3.293,3.435,3.293,3.411,1235008.21
2026-06-17 01:00:00+00:00,3.411,3.502,3.331,3.478,1464013.91
2026-06-17 02:00:00+00:00,3.478,3.589,3.461,3.55,1431643.79
2026-06-17 03:00:00+00:00,3.553,3.558,3.445,3.543,1068906.38
2026-06-17 04:00:00+00:00,3.541,3.62,3.49,3.55,1145297.98
2026-06-17 05:00:00+00:00,3.549,3.618,3.474,3.507,1202092.9
2026-06-17 06:00:00+00:00,3.507,3.656,3.505,3.633,1694146.9
2026-06-17 07:00:00+00:00,3.634,3.729,3.594,3.643,1513762.1
2026-06-17 08:00:00+00:00,3.644,3.646,3.441,3.485,1422572.72
2026-06-17 09:00:00+00:00,3.485,3.658,3.477,3.646,1155181.16
2026-06-17 10:00:00+00:00,3.647,3.675,3.526,3.533,863406.56
2026-06-17 11:00:00+00:00,3.533,3.535,3.226,3.233,4232316.88
2026-06-17 12:00:00+00:00,3.234,3.356,3.193,3.349,1961885.61
2026-06-17 13:00:00+00:00,3.348,3.351,3.283,3.312,618345.74
2026-06-17 14:00:00+00:00,3.311,3.311,3.181,3.246,1256408.37
2026-06-17 15:00:00+00:00,3.246,3.369,3.216,3.334,771762.17
2026-06-17 16:00:00+00:00,3.335,3.349,3.287,3.296,428614.06
2026-06-17 17:00:00+00:00,3.296,3.31,3.27,3.31,272285.06
2026-06-17 18:00:00+00:00,3.31,3.336,3.239,3.277,440615.62
2026-06-17 19:00:00+00:00,3.277,3.288,3.166,3.192,677873.26
2026-06-17 20:00:00+00:00,3.191,3.278,3.183,3.262,272183.59
2026-06-17 21:00:00+00:00,3.263,3.317,3.229,3.248,750757.02
2026-06-17 22:00:00+00:00,3.249,3.294,3.217,3.244,651526.74
2026-06-17 23:00:00+00:00,3.244,3.266,3.219,3.227,203417.51
2026-06-18 00:00:00+00:00,3.227,3.235,3.186,3.192,362139.16
2026-06-18 01:00:00+00:00,3.193,3.249,3.192,3.223,260831.18
2026-06-18 02:00:00+00:00,3.225,3.329,3.225,3.271,1066551.46
2026-06-18 03:00:00+00:00,3.27,3.27,3.118,3.149,1287431.87
2026-06-18 04:00:00+00:00,3.148,3.157,3.106,3.12,443030.15
2026-06-18 05:00:00+00:00,3.12,3.124,3.066,3.09,511791.3
2026-06-18 06:00:00+00:00,3.091,3.106,3.055,3.075,407280.74
2026-06-18 07:00:00+00:00,3.075,3.138,3.061,3.106,569338.8
2026-06-18 08:00:00+00:00,3.106,3.15,3.097,3.132,362587.82
2026-06-18 09:00:00+00:00,3.132,3.153,3.114,3.138,201996.71
2026-06-18 10:00:00+00:00,3.139,3.18,3.108,3.161,448572.55
2026-06-18 11:00:00+00:00,3.161,3.192,3.101,3.112,440433.62
2026-06-18 12:00:00+00:00,3.113,3.169,3.107,3.13,341702.95
2026-06-18 13:00:00+00:00,3.13,3.152,3.083,3.122,188013.96
2026-06-18 14:00:00+00:00,3.123,3.152,3.095,3.128,405655.39
2026-06-18 15:00:00+00:00,3.129,3.131,3.006,3.02,787794.85
2026-06-18 16:00:00+00:00,3.019,3.04,2.92,2.958,2185239.56
2026-06-18 17:00:00+00:00,2.959,2.98,2.935,2.946,297427.3
2026-06-18 18:00:00+00:00,2.947,2.988,2.933,2.97,214216.16
2026-06-18 19:00:00+00:00,2.971,3.011,2.963,3.005,227263.68
2026-06-18 20:00:00+00:00,3.006,3.05,3.005,3.03,192854.71
2026-06-18 21:00:00+00:00,3.029,3.066,3.013,3.048,365371.64
2026-06-18 22:00:00+00:00,3.046,3.097,3.044,3.085,113865.62
2026-06-18 23:00:00+00:00,3.084,3.22,3.075,3.209,1263137.61
2026-06-19 00:00:00+00:00,3.209,3.211,3.117,3.123,899288.54
2026-06-19 01:00:00+00:00,3.123,3.146,3.099,3.123,204024.29
2026-06-19 02:00:00+00:00,3.122,3.138,3.091,3.112,193689.41
2026-06-19 03:00:00+00:00,3.112,3.12,3.049,3.067,410832.28
2026-06-19 04:00:00+00:00,3.067,3.067,2.996,2.999,296587.14
2026-06-19 05:00:00+00:00,3.0,3.045,3.0,3.044,141335.24
2026-06-19 06:00:00+00:00,3.044,3.067,3.038,3.047,94248.1
2026-06-19 07:00:00+00:00,3.047,3.06,3.013,3.027,117994.93
2026-06-19 08:00:00+00:00,3.027,3.065,3.025,3.05,143406.68
2026-06-19 09:00:00+00:00,3.051,3.085,3.041,3.057,217458.32
2026-06-19 10:00:00+00:00,3.058,3.082,3.034,3.052,304840.22
2026-06-19 11:00:00+00:00,3.053,3.067,3.033,3.057,190010.1
2026-06-19 12:00:00+00:00,3.057,3.072,3.025,3.069,228342.36
2026-06-19 13:00:00+00:00,3.069,3.115,3.052,3.11,225480.14
2026-06-19 14:00:00+00:00,3.11,3.133,3.076,3.093,269247.54
2026-06-19 15:00:00+00:00,3.092,3.106,3.05,3.054,171804.22
2026-06-19 16:00:00+00:00,3.055,3.073,3.032,3.037,224318.71
2026-06-19 17:00:00+00:00,3.038,3.071,3.035,3.062,120315.86
2026-06-19 18:00:00+00:00,3.062,3.065,3.027,3.036,53663.56
2026-06-19 19:00:00+00:00,3.036,3.039,3.006,3.021,103810.44
2026-06-19 20:00:00+00:00,3.022,3.055,3.012,3.051,122108.04
2026-06-19 21:00:00+00:00,3.05,3.073,3.035,3.044,94111.51
2026-06-19 22:00:00+00:00,3.044,3.073,3.032,3.065,83457.43
2026-06-19 23:00:00+00:00,3.067,3.092,3.057,3.086,80441.55
2026-06-20 00:00:00+00:00,3.085,3.095,3.046,3.052,165910.84
2026-06-20 01:00:00+00:00,3.051,3.054,3.03,3.038,101048.55
2026-06-20 02:00:00+00:00,3.038,3.04,3.011,3.02,84122.79
2026-06-20 03:00:00+00:00,3.021,3.033,3.013,3.018,50281.23
2026-06-20 04:00:00+00:00,3.019,3.034,3.014,3.034,55374.79
2026-06-20 05:00:00+00:00,3.035,3.06,3.03,3.053,93046.15
2026-06-20 06:00:00+00:00,3.053,3.063,3.037,3.042,62156.76
2026-06-20 07:00:00+00:00,3.043,3.043,3.01,3.012,90822.64
2026-06-20 08:00:00+00:00,3.013,3.013,2.977,2.989,263222.03
2026-06-20 09:00:00+00:00,2.989,3.015,2.987,3.013,94382.54
2026-06-20 10:00:00+00:00,3.013,3.029,3.009,3.027,69816.63
2026-06-20 11:00:00+00:00,3.028,3.029,2.986,3.01,120960.47
2026-06-20 12:00:00+00:00,3.011,3.037,3.009,3.037,155528.52
2026-06-20 13:00:00+00:00,3.036,3.036,2.96,2.982,189609.51
2026-06-20 14:00:00+00:00,2.981,3.056,2.947,3.024,611257.02
2026-06-20 15:00:00+00:00,3.025,3.067,3.023,3.051,241956.2
2026-06-20 16:00:00+00:00,3.052,3.053,3.015,3.047,106941.94
2026-06-20 17:00:00+00:00,3.046,3.046,2.985,3.002,113080.1
2026-06-20 18:00:00+00:00,3.002,3.012,2.991,2.994,81349.44
2026-06-20 19:00:00+00:00,2.992,3.009,2.992,3.007,21820.91
2026-06-20 20:00:00+00:00,3.009,3.016,2.999,3.005,36779.93
2026-06-20 21:00:00+00:00,3.005,3.018,2.996,3.008,77440.51
2026-06-20 22:00:00+00:00,3.008,3.032,3.001,3.022,64512.47
2026-06-20 23:00:00+00:00,3.023,3.025,3.003,3.006,40297.13
2026-06-21 00:00:00+00:00,3.007,3.012,2.989,2.999,64227.99
2026-06-21 01:00:00+00:00,2.998,3.007,2.971,2.976,207065.56
2026-06-21 02:00:00+00:00,2.976,2.985,2.966,2.976,111382.09
2026-06-21 03:00:00+00:00,2.976,2.996,2.96,2.967,286482.63
2026-06-21 04:00:00+00:00,2.967,2.986,2.952,2.958,156613.81
2026-06-21 05:00:00+00:00,2.958,2.98,2.953,2.976,170822.03
2026-06-21 06:00:00+00:00,2.976,2.998,2.975,2.992,152483.94
2026-06-21 07:00:00+00:00,2.993,3.007,2.99,3.002,150363.47
2026-06-21 08:00:00+00:00,3.003,3.009,2.967,2.992,67305.2
2026-06-21 09:00:00+00:00,2.992,3.057,2.99,3.052,177009.86
2026-06-21 10:00:00+00:00,3.051,3.068,3.03,3.035,217593.4
2026-06-21 11:00:00+00:00,3.035,3.036,3.003,3.023,57507.92
2026-06-21 12:00:00+00:00,3.024,3.047,3.007,3.04,102095.13
2026-06-21 13:00:00+00:00,3.039,3.04,3.022,3.04,66194.17
2026-06-21 14:00:00+00:00,3.041,3.048,3.021,3.048,43449.17
2026-06-21 15:00:00+00:00,3.048,3.131,3.046,3.114,374847.56
2026-06-21 16:00:00+00:00,3.113,3.117,3.043,3.055,187377.69
2026-06-21 17:00:00+00:00,3.057,3.075,3.029,3.034,93716.65
2026-06-21 18:00:00+00:00,3.034,3.047,3.024,3.046,75429.09
2026-06-21 19:00:00+00:00,3.046,3.056,3.039,3.047,59592.99
2026-06-21 20:00:00+00:00,3.047,3.052,3.005,3.012,55588.65
2026-06-21 21:00:00+00:00,3.012,3.028,2.977,3.014,70761.06
2026-06-21 22:00:00+00:00,3.013,3.03,2.991,3.003,92244.7
2026-06-21 23:00:00+00:00,3.002,3.002,2.963,2.984,95815.41
2026-06-22 00:00:00+00:00,2.985,3.059,2.984,3.041,119824.55
2026-06-22 01:00:00+00:00,3.042,3.096,3.034,3.067,202221.47
2026-06-22 02:00:00+00:00,3.067,3.069,3.02,3.023,127354.98
2026-06-22 03:00:00+00:00,3.023,3.038,2.993,3.004,141252.61
2026-06-22 04:00:00+00:00,3.005,3.023,2.998,3.015,74481.07
2026-06-22 05:00:00+00:00,3.015,3.073,3.014,3.041,125459.74
2026-06-22 06:00:00+00:00,3.041,3.041,3.007,3.012,91686.95
2026-06-22 07:00:00+00:00,3.012,3.036,3.012,3.016,71699.78
2026-06-22 08:00:00+00:00,3.016,3.019,2.995,3.01,108115.14
2026-06-22 09:00:00+00:00,3.011,3.021,3.006,3.011,44669.73
2026-06-22 10:00:00+00:00,3.011,3.016,3.003,3.012,73564.6
2026-06-22 11:00:00+00:00,3.012,3.056,3.009,3.05,158816.86
2026-06-22 12:00:00+00:00,3.05,3.074,3.033,3.068,195887.86
2026-06-22 13:00:00+00:00,3.069,3.114,3.06,3.114,176494.49
2026-06-22 14:00:00+00:00,3.114,3.115,3.05,3.082,270949.56
2026-06-22 15:00:00+00:00,3.082,3.104,3.054,3.069,228250.64
2026-06-22 16:00:00+00:00,3.071,3.092,3.028,3.042,259722.28
2026-06-22 17:00:00+00:00,3.042,3.044,3.011,3.031,69928.36
2026-06-22 18:00:00+00:00,3.031,3.053,3.006,3.014,73447.13
2026-06-22 19:00:00+00:00,3.014,3.024,3.0,3.014,68036.07
2026-06-22 20:00:00+00:00,3.013,3.035,3.002,3.01,41026.76
2026-06-22 21:00:00+00:00,3.01,3.013,2.98,3.0,88615.42
2026-06-22 22:00:00+00:00,3.001,3.009,2.96,2.963,206889.54
2026-06-22 23:00:00+00:00,2.962,2.987,2.957,2.985,230549.81
2026-06-23 00:00:00+00:00,2.984,2.997,2.965,2.997,90252.33
2026-06-23 01:00:00+00:00,2.996,3.011,2.963,2.991,118423.45
2026-06-23 02:00:00+00:00,2.99,3.004,2.98,2.992,80534.84
2026-06-23 03:00:00+00:00,2.993,2.995,2.973,2.992,53964.77
2026-06-23 04:00:00+00:00,2.993,2.998,2.966,2.971,96529.21
2026-06-23 05:00:00+00:00,2.972,2.984,2.966,2.98,175026.48
2026-06-23 06:00:00+00:00,2.981,2.981,2.856,2.896,807786.93
2026-06-23 07:00:00+00:00,2.895,2.901,2.857,2.862,309261.59
2026-06-23 08:00:00+00:00,2.863,2.87,2.797,2.827,411411.71
2026-06-23 09:00:00+00:00,2.828,2.849,2.828,2.843,140433.08
2026-06-23 10:00:00+00:00,2.843,2.867,2.843,2.86,185829.32
2026-06-23 11:00:00+00:00,2.859,2.893,2.857,2.891,186030.98
2026-06-23 12:00:00+00:00,2.891,2.898,2.872,2.876,161736.65
2026-06-23 13:00:00+00:00,2.875,2.916,2.866,2.908,189944.54
2026-06-23 14:00:00+00:00,2.908,2.934,2.896,2.901,207679.51
2026-06-23 15:00:00+00:00,2.901,2.924,2.884,2.904,150259.0
2026-06-23 16:00:00+00:00,2.904,2.922,2.888,2.889,118910.89
2026-06-23 17:00:00+00:00,2.888,2.91,2.886,2.894,115946.0
2026-06-23 18:00:00+00:00,2.894,2.9,2.861,2.88,206868.8
2026-06-23 19:00:00+00:00,2.879,2.904,2.878,2.899,95154.65
2026-06-23 20:00:00+00:00,2.899,2.923,2.898,2.921,100706.75
2026-06-23 21:00:00+00:00,2.922,2.938,2.911,2.922,91620.6
2026-06-23 22:00:00+00:00,2.922,2.936,2.916,2.921,73166.21
2026-06-23 23:00:00+00:00,2.921,2.926,2.909,2.924,27889.35
2026-06-24 00:00:00+00:00,2.925,2.947,2.922,2.938,73054.93
2026-06-24 01:00:00+00:00,2.939,2.95,2.924,2.932,134091.79
2026-06-24 02:00:00+00:00,2.932,2.932,2.907,2.907,71663.15
2026-06-24 03:00:00+00:00,2.907,2.924,2.891,2.918,96303.0
2026-06-24 04:00:00+00:00,2.918,2.92,2.885,2.907,49764.5
2026-06-24 05:00:00+00:00,2.907,2.925,2.905,2.913,89898.15
2026-06-24 06:00:00+00:00,2.913,2.921,2.903,2.907,50191.24
2026-06-24 07:00:00+00:00,2.907,2.914,2.896,2.898,41262.2
2026-06-24 08:00:00+00:00,2.898,2.909,2.894,2.907,47399.15
2026-06-24 09:00:00+00:00,2.907,2.907,2.895,2.9,55540.1
2026-06-24 10:00:00+00:00,2.9,2.958,2.886,2.941,274879.37
2026-06-24 11:00:00+00:00,2.941,2.967,2.891,2.936,338101.88
2026-06-24 12:00:00+00:00,2.935,2.949,2.918,2.92,206740.75
2026-06-24 13:00:00+00:00,2.92,2.921,2.837,2.854,382608.61
2026-06-24 14:00:00+00:00,2.853,2.89,2.844,2.883,144314.09
2026-06-24 15:00:00+00:00,2.883,2.884,2.786,2.809,393727.0
2026-06-24 16:00:00+00:00,2.808,2.859,2.762,2.788,413317.73
2026-06-24 17:00:00+00:00,2.788,2.806,2.727,2.733,313601.24
2026-06-24 18:00:00+00:00,2.734,2.807,2.725,2.793,143163.21
2026-06-24 19:00:00+00:00,2.795,2.813,2.774,2.812,94550.24
2026-06-24 20:00:00+00:00,2.812,2.896,2.807,2.875,137491.82
2026-06-24 21:00:00+00:00,2.877,2.903,2.862,2.9,58099.25
2026-06-24 22:00:00+00:00,2.9,2.923,2.887,2.898,114923.95
2026-06-24 23:00:00+00:00,2.898,2.932,2.897,2.926,161010.85
2026-06-25 00:00:00+00:00,2.927,2.939,2.902,2.908,123601.98
2026-06-25 01:00:00+00:00,2.909,2.932,2.902,2.927,88987.16
2026-06-25 02:00:00+00:00,2.926,2.935,2.913,2.923,151056.09
2026-06-25 03:00:00+00:00,2.923,2.95,2.911,2.933,202168.36
2026-06-25 04:00:00+00:00,2.933,2.946,2.91,2.94,103616.5
2026-06-25 05:00:00+00:00,2.94,3.036,2.938,2.974,633099.4
2026-06-25 06:00:00+00:00,2.974,2.983,2.957,2.969,132240.17
2026-06-25 07:00:00+00:00,2.969,2.973,2.949,2.966,218883.83
2026-06-25 08:00:00+00:00,2.965,2.966,2.936,2.943,96424.84
2026-06-25 09:00:00+00:00,2.943,2.955,2.936,2.953,91195.87
2026-06-25 10:00:00+00:00,2.952,2.967,2.901,2.923,274854.24
2026-06-25 11:00:00+00:00,2.924,2.931,2.914,2.927,99779.67
2026-06-25 12:00:00+00:00,2.928,2.948,2.893,2.924,129384.98
2026-06-25 13:00:00+00:00,2.924,2.954,2.743,2.755,664337.25
2026-06-25 14:00:00+00:00,2.755,2.889,2.755,2.84,495181.95
2026-06-25 15:00:00+00:00,2.839,2.864,2.797,2.858,266431.36
2026-06-25 16:00:00+00:00,2.86,2.893,2.823,2.835,154938.12
2026-06-25 17:00:00+00:00,2.834,2.875,2.828,2.861,114185.66
2026-06-25 18:00:00+00:00,2.862,2.877,2.833,2.844,111798.31
2026-06-25 19:00:00+00:00,2.844,2.844,2.814,2.825,70209.86
2026-06-25 20:00:00+00:00,2.828,2.865,2.828,2.844,55705.35
2026-06-25 21:00:00+00:00,2.844,2.896,2.844,2.893,110783.05
2026-06-25 22:00:00+00:00,2.893,2.902,2.873,2.882,147266.64
2026-06-25 23:00:00+00:00,2.882,2.904,2.875,2.885,69175.84
2026-06-26 00:00:00+00:00,2.886,2.898,2.87,2.874,40027.18
2026-06-26 01:00:00+00:00,2.873,2.875,2.836,2.844,88805.0
2026-06-26 02:00:00+00:00,2.845,2.846,2.782,2.792,208646.99
2026-06-26 03:00:00+00:00,2.793,2.882,2.775,2.874,253040.96
2026-06-26 04:00:00+00:00,2.873,2.877,2.844,2.844,58258.43
2026-06-26 05:00:00+00:00,2.846,2.878,2.841,2.865,72129.95
2026-06-26 06:00:00+00:00,2.864,2.918,2.848,2.916,407996.82
2026-06-26 07:00:00+00:00,2.917,2.957,2.916,2.937,132134.2
2026-06-26 08:00:00+00:00,2.937,2.941,2.9,2.908,137758.45
2026-06-26 09:00:00+00:00,2.91,2.911,2.869,2.87,190559.62
2026-06-26 10:00:00+00:00,2.871,2.891,2.861,2.863,248704.89
2026-06-26 11:00:00+00:00,2.864,2.874,2.824,2.839,201105.46
2026-06-26 12:00:00+00:00,2.839,2.873,2.82,2.84,148214.32
2026-06-26 13:00:00+00:00,2.84,2.899,2.81,2.896,250028.56
2026-06-26 14:00:00+00:00,2.897,2.911,2.873,2.888,225241.65
2026-06-26 15:00:00+00:00,2.888,2.957,2.885,2.942,324625.57
2026-06-26 16:00:00+00:00,2.943,2.979,2.921,2.968,263800.6
2026-06-26 17:00:00+00:00,2.967,3.025,2.966,3.007,344986.36
2026-06-26 18:00:00+00:00,3.006,3.045,2.974,2.983,200253.11
2026-06-26 19:00:00+00:00,2.983,3.017,2.973,2.978,174386.75
2026-06-26 20:00:00+00:00,2.978,3.014,2.962,2.967,114101.44
2026-06-26 21:00:00+00:00,2.967,2.99,2.957,2.976,36421.85
2026-06-26 22:00:00+00:00,2.975,2.982,2.958,2.977,59122.15
2026-06-26 23:00:00+00:00,2.976,2.981,2.951,2.964,90330.47
2026-06-27 00:00:00+00:00,2.964,2.971,2.936,2.947,128465.87
2026-06-27 01:00:00+00:00,2.948,2.948,2.935,2.937,33581.86
2026-06-27 02:00:00+00:00,2.937,2.987,2.933,2.971,121669.29
2026-06-27 03:00:00+00:00,2.97,2.97,2.942,2.944,69349.95
2026-06-27 04:00:00+00:00,2.944,2.983,2.942,2.944,258093.99
2026-06-27 05:00:00+00:00,2.945,2.946,2.931,2.943,69447.15
2026-06-27 06:00:00+00:00,2.943,2.963,2.93,2.949,93140.92
2026-06-27 07:00:00+00:00,2.95,2.953,2.94,2.946,69816.03
2026-06-27 08:00:00+00:00,2.946,2.948,2.917,2.929,219368.61
2026-06-27 09:00:00+00:00,2.928,2.931,2.899,2.926,89844.23
2026-06-27 10:00:00+00:00,2.925,2.928,2.915,2.92,36408.95
2026-06-27 11:00:00+00:00,2.92,2.922,2.906,2.922,35231.31
2026-06-27 12:00:00+00:00,2.922,2.923,2.914,2.922,65755.86
2026-06-27 13:00:00+00:00,2.921,2.942,2.918,2.942,39859.8
2026-06-27 14:00:00+00:00,2.942,2.958,2.934,2.956,79457.98
2026-06-27 15:00:00+00:00,2.957,3.016,2.955,3.0,188255.92
2026-06-27 16:00:00+00:00,2.999,3.065,2.984,3.04,301779.72
2026-06-27 17:00:00+00:00,3.04,3.048,2.99,2.995,261760.21
2026-06-27 18:00:00+00:00,2.995,2.996,2.976,2.983,120836.6
2026-06-27 19:00:00+00:00,2.983,2.99,2.937,2.948,67487.91
2026-06-27 20:00:00+00:00,2.948,2.956,2.936,2.944,68502.37
2026-06-27 21:00:00+00:00,2.945,2.951,2.921,2.935,36093.33
2026-06-27 22:00:00+00:00,2.935,2.944,2.911,2.941,31906.63
2026-06-27 23:00:00+00:00,2.94,2.945,2.92,2.924,47262.78
2026-06-28 00:00:00+00:00,2.923,2.937,2.92,2.923,64420.39
2026-06-28 01:00:00+00:00,2.922,2.923,2.912,2.919,37626.59
2026-06-28 02:00:00+00:00,2.919,2.93,2.908,2.913,52008.67
2026-06-28 03:00:00+00:00,2.914,2.926,2.911,2.922,35718.41
2026-06-28 04:00:00+00:00,2.921,2.927,2.909,2.919,38940.99
2026-06-28 05:00:00+00:00,2.918,2.918,2.886,2.907,61367.96
2026-06-28 06:00:00+00:00,2.908,2.91,2.881,2.89,107770.68
2026-06-28 07:00:00+00:00,2.891,2.908,2.891,2.906,41056.57
2026-06-28 08:00:00+00:00,2.906,2.95,2.905,2.948,130269.01
2026-06-28 09:00:00+00:00,2.948,2.978,2.928,2.932,374182.78
2026-06-28 10:00:00+00:00,2.932,2.949,2.902,2.911,132291.12
2026-06-28 11:00:00+00:00,2.911,2.937,2.909,2.929,79522.94
2026-06-28 12:00:00+00:00,2.928,2.939,2.914,2.936,40143.61
2026-06-28 13:00:00+00:00,2.936,2.941,2.913,2.924,63767.81
2026-06-28 14:00:00+00:00,2.923,2.952,2.919,2.934,98202.78
2026-06-28 15:00:00+00:00,2.935,2.947,2.921,2.937,140957.34
2026-06-28 16:00:00+00:00,2.938,2.961,2.9,2.91,111234.12
2026-06-28 17:00:00+00:00,2.911,2.917,2.876,2.898,128993.97
2026-06-28 18:00:00+00:00,2.898,2.901,2.885,2.899,29960.26
2026-06-28 19:00:00+00:00,2.9,2.905,2.87,2.882,51601.06
2026-06-28 20:00:00+00:00,2.882,2.908,2.877,2.899,30361.8
2026-06-28 21:00:00+00:00,2.899,2.904,2.87,2.879,41686.83
2026-06-28 22:00:00+00:00,2.88,2.922,2.868,2.882,174385.48
2026-06-28 23:00:00+00:00,2.881,2.942,2.877,2.926,137839.04
2026-06-29 00:00:00+00:00,2.926,2.937,2.885,2.934,111708.75
2026-06-29 01:00:00+00:00,2.934,2.943,2.909,2.93,110213.65
2026-06-29 02:00:00+00:00,2.928,2.943,2.894,2.943,112442.16
2026-06-29 03:00:00+00:00,2.943,2.996,2.943,2.97,490196.24
2026-06-29 04:00:00+00:00,2.969,2.97,2.935,2.94,66611.22
2026-06-29 05:00:00+00:00,2.941,2.958,2.906,2.958,75440.98
2026-06-29 06:00:00+00:00,2.959,2.978,2.947,2.95,121709.31
2026-06-29 07:00:00+00:00,2.95,2.951,2.933,2.94,76070.92
2026-06-29 08:00:00+00:00,2.941,2.951,2.922,2.928,99022.85
2026-06-29 09:00:00+00:00,2.927,2.96,2.927,2.955,159327.7
2026-06-29 10:00:00+00:00,2.956,2.977,2.953,2.961,138994.16
2026-06-29 11:00:00+00:00,2.962,2.962,2.918,2.926,167914.4
2026-06-29 12:00:00+00:00,2.925,2.985,2.911,2.955,220899.87
2026-06-29 13:00:00+00:00,2.955,2.987,2.921,2.938,294027.74
2026-06-29 14:00:00+00:00,2.941,2.975,2.917,2.963,243182.3
2026-06-29 15:00:00+00:00,2.963,2.976,2.922,2.962,142702.52
2026-06-29 16:00:00+00:00,2.963,2.975,2.935,2.964,86352.89
2026-06-29 17:00:00+00:00,2.964,3.016,2.963,2.99,451247.01
2026-06-29 18:00:00+00:00,2.99,2.994,2.972,2.976,77403.24
2026-06-29 19:00:00+00:00,2.975,2.988,2.966,2.982,51244.19
2026-06-29 20:00:00+00:00,2.982,2.986,2.94,2.941,80429.76
2026-06-29 21:00:00+00:00,2.941,2.943,2.925,2.939,81069.88
2026-06-29 22:00:00+00:00,2.939,2.949,2.92,2.924,68902.94
2026-06-29 23:00:00+00:00,2.922,2.924,2.883,2.893,215560.05
2026-06-30 00:00:00+00:00,2.894,2.894,2.858,2.869,289811.28
2026-06-30 01:00:00+00:00,2.869,2.883,2.86,2.879,154919.95
2026-06-30 02:00:00+00:00,2.879,2.889,2.871,2.884,50589.7
2026-06-30 03:00:00+00:00,2.884,2.895,2.869,2.87,81472.88
2026-06-30 04:00:00+00:00,2.87,2.884,2.865,2.883,66107.85
2026-06-30 05:00:00+00:00,2.883,2.893,2.878,2.89,53690.37
2026-06-30 06:00:00+00:00,2.89,2.898,2.88,2.88,66543.11
2026-06-30 07:00:00+00:00,2.88,2.886,2.865,2.877,167174.35
2026-06-30 08:00:00+00:00,2.878,2.878,2.816,2.834,314051.81
2026-06-30 09:00:00+00:00,2.833,2.844,2.829,2.836,74243.03
2026-06-30 10:00:00+00:00,2.835,2.839,2.829,2.829,68710.68
2026-06-30 11:00:00+00:00,2.829,2.832,2.774,2.799,393535.71
2026-06-30 12:00:00+00:00,2.799,2.799,2.763,2.764,171491.7
2026-06-30 13:00:00+00:00,2.765,2.785,2.75,2.783,363636.81
2026-06-30 14:00:00+00:00,2.781,2.807,2.755,2.761,274219.54
2026-06-30 15:00:00+00:00,2.76,2.785,2.754,2.758,212077.26
2026-06-30 16:00:00+00:00,2.758,2.777,2.746,2.764,156980.07
2026-06-30 17:00:00+00:00,2.765,2.778,2.758,2.768,63747.71
2026-06-30 18:00:00+00:00,2.767,2.79,2.762,2.786,58160.15
2026-06-30 19:00:00+00:00,2.785,2.807,2.78,2.786,297509.68
2026-06-30 20:00:00+00:00,2.785,2.787,2.775,2.78,61640.69
2026-06-30 21:00:00+00:00,2.78,2.786,2.777,2.785,31894.98
2026-06-30 22:00:00+00:00,2.786,2.792,2.771,2.781,57643.98
2026-06-30 23:00:00+00:00,2.781,2.785,2.777,2.778,55599.89
2026-07-01 00:00:00+00:00,2.779,2.802,2.778,2.799,113127.53
2026-07-01 01:00:00+00:00,2.798,2.808,2.741,2.798,216764.34
2026-07-01 02:00:00+00:00,2.798,2.835,2.789,2.825,161297.36
2026-07-01 03:00:00+00:00,2.825,2.85,2.811,2.846,166975.4
2026-07-01 04:00:00+00:00,2.848,2.856,2.839,2.851,75531.76
2026-07-01 05:00:00+00:00,2.85,2.851,2.827,2.835,76510.26
2026-07-01 06:00:00+00:00,2.836,2.836,2.794,2.797,144985.28
2026-07-01 07:00:00+00:00,2.798,2.8,2.772,2.782,151657.2
2026-07-01 08:00:00+00:00,2.782,2.782,2.744,2.767,416239.81
2026-07-01 09:00:00+00:00,2.766,2.777,2.753,2.759,104452.11
2026-07-01 10:00:00+00:00,2.759,2.763,2.745,2.752,79679.23
2026-07-01 11:00:00+00:00,2.752,2.767,2.733,2.74,282253.06
2026-07-01 12:00:00+00:00,2.741,2.745,2.727,2.737,178382.85
2026-07-01 13:00:00+00:00,2.737,2.79,2.718,2.781,655653.87
2026-07-01 14:00:00+00:00,2.78,2.824,2.771,2.788,542192.14
2026-07-01 15:00:00+00:00,2.789,2.828,2.786,2.804,206001.36
2026-07-01 16:00:00+00:00,2.805,2.81,2.783,2.788,146688.75
2026-07-01 17:00:00+00:00,2.789,2.817,2.774,2.812,95036.84
2026-07-01 18:00:00+00:00,2.812,2.819,2.791,2.802,58253.63
2026-07-01 19:00:00+00:00,2.801,2.813,2.785,2.791,53244.46
2026-07-01 20:00:00+00:00,2.792,2.811,2.786,2.81,53697.12
2026-07-01 21:00:00+00:00,2.809,2.852,2.809,2.847,92112.61
2026-07-01 22:00:00+00:00,2.846,2.883,2.82,2.83,241774.3
2026-07-01 23:00:00+00:00,2.829,2.829,2.785,2.789,145035.73
2026-07-02 00:00:00+00:00,2.79,2.799,2.778,2.794,138443.4
2026-07-02 01:00:00+00:00,2.794,2.835,2.794,2.824,65113.12
2026-07-02 02:00:00+00:00,2.824,2.839,2.816,2.837,95270.94
2026-07-02 03:00:00+00:00,2.837,2.86,2.816,2.855,163526.28
2026-07-02 04:00:00+00:00,2.856,2.857,2.835,2.85,103490.66
2026-07-02 05:00:00+00:00,2.851,2.854,2.828,2.835,80659.37
2026-07-02 06:00:00+00:00,2.835,2.841,2.818,2.826,82343.01
2026-07-02 07:00:00+00:00,2.825,2.83,2.817,2.824,75864.65
2026-07-02 08:00:00+00:00,2.825,2.852,2.82,2.849,89690.13
2026-07-02 09:00:00+00:00,2.849,2.918,2.837,2.888,632325.83
2026-07-02 10:00:00+00:00,2.887,2.903,2.884,2.899,153417.4
2026-07-02 11:00:00+00:00,2.899,3.053,2.895,3.047,1201864.73
2026-07-02 12:00:00+00:00,3.046,3.189,3.02,3.156,1195315.87
2026-07-02 13:00:00+00:00,3.156,3.22,3.124,3.19,986663.33
2026-07-02 14:00:00+00:00,3.19,3.228,3.153,3.178,820813.72
2026-07-02 15:00:00+00:00,3.178,3.202,3.14,3.169,457617.2
2026-07-02 16:00:00+00:00,3.169,3.263,3.15,3.258,673693.7
2026-07-02 17:00:00+00:00,3.258,3.291,3.233,3.242,674135.69
2026-07-02 18:00:00+00:00,3.243,3.284,3.234,3.257,407253.83
2026-07-02 19:00:00+00:00,3.258,3.261,3.181,3.196,310274.13
2026-07-02 20:00:00+00:00,3.196,3.242,3.189,3.209,221251.29
2026-07-02 21:00:00+00:00,3.209,3.213,3.189,3.205,106650.3
2026-07-02 22:00:00+00:00,3.205,3.205,3.149,3.169,197377.52
2026-07-02 23:00:00+00:00,3.168,3.185,3.154,3.18,151541.23
2026-07-03 00:00:00+00:00,3.179,3.185,3.149,3.168,192602.85
2026-07-03 01:00:00+00:00,3.168,3.216,3.164,3.206,150656.34
2026-07-03 02:00:00+00:00,3.205,3.249,3.194,3.245,275907.93
2026-07-03 03:00:00+00:00,3.244,3.244,3.196,3.213,170383.04
2026-07-03 04:00:00+00:00,3.213,3.215,3.178,3.186,211527.24
2026-07-03 05:00:00+00:00,3.185,3.202,3.173,3.189,100405.63
2026-07-03 06:00:00+00:00,3.189,3.216,3.188,3.206,133340.11
2026-07-03 07:00:00+00:00,3.206,3.216,3.193,3.197,123224.39
2026-07-03 08:00:00+00:00,3.196,3.25,3.186,3.206,245836.33
2026-07-03 09:00:00+00:00,3.205,3.229,3.193,3.201,153514.24
2026-07-03 10:00:00+00:00,3.2,3.246,3.197,3.228,253011.18
2026-07-03 11:00:00+00:00,3.227,3.241,3.215,3.236,141516.16
2026-07-03 12:00:00+00:00,3.237,3.279,3.215,3.277,188954.67
2026-07-03 13:00:00+00:00,3.278,3.309,3.257,3.281,314280.19
2026-07-03 14:00:00+00:00,3.28,3.287,3.248,3.286,144034.58
2026-07-03 15:00:00+00:00,3.287,3.305,3.266,3.267,190852.23
2026-07-03 16:00:00+00:00,3.267,3.287,3.252,3.276,67403.74
2026-07-03 17:00:00+00:00,3.275,3.288,3.26,3.268,41365.59
2026-07-03 18:00:00+00:00,3.269,3.269,3.245,3.252,49847.17
2026-07-03 19:00:00+00:00,3.251,3.256,3.231,3.241,116501.57
2026-07-03 20:00:00+00:00,3.241,3.281,3.24,3.271,97356.94
2026-07-03 21:00:00+00:00,3.271,3.275,3.245,3.253,57329.82
2026-07-03 22:00:00+00:00,3.253,3.253,3.205,3.213,270633.22
2026-07-03 23:00:00+00:00,3.214,3.216,3.198,3.209,118162.37
2026-07-04 00:00:00+00:00,3.209,3.226,3.2,3.201,133556.1
2026-07-04 01:00:00+00:00,3.201,3.201,3.169,3.182,206615.47
2026-07-04 02:00:00+00:00,3.183,3.196,3.174,3.191,45637.88
2026-07-04 03:00:00+00:00,3.191,3.21,3.186,3.204,36739.12
2026-07-04 04:00:00+00:00,3.203,3.216,3.193,3.212,43277.12
2026-07-04 05:00:00+00:00,3.211,3.211,3.183,3.2,53199.8
2026-07-04 06:00:00+00:00,3.201,3.205,3.176,3.181,87772.91
2026-07-04 07:00:00+00:00,3.181,3.185,3.171,3.184,52170.05
2026-07-04 08:00:00+00:00,3.183,3.213,3.172,3.201,75932.07
2026-07-04 09:00:00+00:00,3.202,3.202,3.179,3.191,39437.8
2026-07-04 10:00:00+00:00,3.191,3.208,3.188,3.202,26020.01
2026-07-04 11:00:00+00:00,3.201,3.201,3.187,3.19,53664.68
2026-07-04 12:00:00+00:00,3.19,3.203,3.188,3.199,53362.15
2026-07-04 13:00:00+00:00,3.199,3.22,3.183,3.195,81113.39
2026-07-04 14:00:00+00:00,3.194,3.227,3.194,3.227,153006.8
2026-07-04 15:00:00+00:00,3.227,3.284,3.227,3.26,182667.9
2026-07-04 16:00:00+00:00,3.258,3.262,3.24,3.248,44039.67
2026-07-04 17:00:00+00:00,3.248,3.268,3.235,3.259,91074.7
2026-07-04 18:00:00+00:00,3.259,3.26,3.226,3.232,58540.75
2026-07-04 19:00:00+00:00,3.233,3.256,3.224,3.239,42857.62
2026-07-04 20:00:00+00:00,3.239,3.248,3.227,3.236,35906.15
2026-07-04 21:00:00+00:00,3.236,3.254,3.231,3.241,18874.54
2026-07-04 22:00:00+00:00,3.24,3.244,3.213,3.217,50421.11
2026-07-04 23:00:00+00:00,3.218,3.225,3.195,3.218,57885.05
2026-07-05 00:00:00+00:00,3.217,3.222,3.189,3.2,39406.71
2026-07-05 01:00:00+00:00,3.201,3.208,3.181,3.188,107234.12
2026-07-05 02:00:00+00:00,3.187,3.198,3.169,3.177,62298.99
2026-07-05 03:00:00+00:00,3.176,3.192,3.175,3.179,35778.02
2026-07-05 04:00:00+00:00,3.179,3.196,3.173,3.186,33760.34
2026-07-05 05:00:00+00:00,3.185,3.195,3.176,3.18,24847.5
2026-07-05 06:00:00+00:00,3.179,3.191,3.172,3.188,18025.3
2026-07-05 07:00:00+00:00,3.187,3.2,3.181,3.197,24598.71
2026-07-05 08:00:00+00:00,3.198,3.211,3.197,3.199,23701.76
2026-07-05 09:00:00+00:00,3.2,3.206,3.145,3.156,147613.88
2026-07-05 10:00:00+00:00,3.155,3.155,3.13,3.145,135218.58
2026-07-05 11:00:00+00:00,3.146,3.151,3.124,3.128,299657.59
2026-07-05 12:00:00+00:00,3.127,3.137,3.098,3.134,222521.91
2026-07-05 13:00:00+00:00,3.133,3.14,3.121,3.14,40547.4
2026-07-05 14:00:00+00:00,3.14,3.146,3.127,3.145,47487.38
2026-07-05 15:00:00+00:00,3.146,3.157,3.133,3.145,50067.84
2026-07-05 16:00:00+00:00,3.146,3.177,3.142,3.154,104288.82
2026-07-05 17:00:00+00:00,3.154,3.167,3.147,3.158,53619.1
2026-07-05 18:00:00+00:00,3.157,3.177,3.155,3.167,20544.27
2026-07-05 19:00:00+00:00,3.166,3.179,3.149,3.153,115032.01
2026-07-05 20:00:00+00:00,3.152,3.162,3.143,3.146,55333.28
2026-07-05 21:00:00+00:00,3.145,3.187,3.135,3.171,69029.97
2026-07-05 22:00:00+00:00,3.171,3.211,3.163,3.189,153280.43
2026-07-05 23:00:00+00:00,3.19,3.198,3.172,3.176,54354.46
2026-07-06 00:00:00+00:00,3.176,3.198,3.148,3.198,99601.1
2026-07-06 01:00:00+00:00,3.197,3.201,3.167,3.169,37189.82
2026-07-06 02:00:00+00:00,3.17,3.19,3.158,3.178,60550.03
2026-07-06 03:00:00+00:00,3.177,3.183,3.147,3.167,109799.14
2026-07-06 04:00:00+00:00,3.166,3.171,3.148,3.148,37242.72
2026-07-06 05:00:00+00:00,3.148,3.148,3.105,3.122,144219.54
2026-07-06 06:00:00+00:00,3.124,3.129,3.108,3.113,117504.33
2026-07-06 07:00:00+00:00,3.113,3.127,3.106,3.115,72327.43
2026-07-06 08:00:00+00:00,3.117,3.127,3.098,3.104,54612.63
2026-07-06 09:00:00+00:00,3.103,3.117,3.098,3.115,47460.06
2026-07-06 10:00:00+00:00,3.115,3.161,3.114,3.154,98986.37
2026-07-06 11:00:00+00:00,3.155,3.168,3.123,3.123,91140.73
2026-07-06 12:00:00+00:00,3.123,3.123,3.069,3.101,400688.71
2026-07-06 13:00:00+00:00,3.1,3.146,3.073,3.124,207160.12
2026-07-06 14:00:00+00:00,3.123,3.15,3.115,3.132,192666.07
2026-07-06 15:00:00+00:00,3.133,3.208,3.132,3.194,230249.56
2026-07-06 16:00:00+00:00,3.195,3.231,3.183,3.202,218532.09
2026-07-06 17:00:00+00:00,3.203,3.222,3.188,3.195,148619.07
2026-07-06 18:00:00+00:00,3.195,3.209,3.19,3.203,64938.63
2026-07-06 19:00:00+00:00,3.202,3.214,3.195,3.198,40473.01
2026-07-06 20:00:00+00:00,3.198,3.211,3.19,3.204,21260.67
2026-07-06 21:00:00+00:00,3.204,3.26,3.204,3.228,403533.76
2026-07-06 22:00:00+00:00,3.229,3.23,3.191,3.199,81821.73
2026-07-06 23:00:00+00:00,3.198,3.204,3.174,3.181,55149.58
2026-07-07 00:00:00+00:00,3.181,3.198,3.173,3.186,62284.79
2026-07-07 01:00:00+00:00,3.185,3.185,3.142,3.165,218484.7
2026-07-07 02:00:00+00:00,3.164,3.169,3.139,3.143,79615.2
2026-07-07 03:00:00+00:00,3.143,3.151,3.127,3.136,91183.19
2026-07-07 04:00:00+00:00,3.137,3.145,3.118,3.13,53788.89
2026-07-07 05:00:00+00:00,3.13,3.15,3.108,3.143,89611.59
2026-07-07 06:00:00+00:00,3.142,3.165,3.132,3.159,33439.66
2026-07-07 07:00:00+00:00,3.158,3.175,3.156,3.16,47070.34
2026-07-07 08:00:00+00:00,3.161,3.175,3.152,3.158,40554.13
2026-07-07 09:00:00+00:00,3.158,3.172,3.153,3.167,68318.27
2026-07-07 10:00:00+00:00,3.168,3.18,3.151,3.154,96789.14
2026-07-07 11:00:00+00:00,3.153,3.202,3.143,3.178,124156.23
2026-07-07 12:00:00+00:00,3.178,3.202,3.172,3.18,106341.45
2026-07-07 13:00:00+00:00,3.179,3.179,3.137,3.152,178340.12
2026-07-07 14:00:00+00:00,3.151,3.196,3.129,3.191,303223.0
2026-07-07 15:00:00+00:00,3.19,3.26,3.182,3.254,262059.05
2026-07-07 16:00:00+00:00,3.254,3.293,3.218,3.248,388027.95
2026-07-07 17:00:00+00:00,3.248,3.281,3.235,3.276,116244.51
2026-07-07 18:00:00+00:00,3.276,3.33,3.234,3.245,420814.83
2026-07-07 19:00:00+00:00,3.246,3.273,3.217,3.271,184231.79
2026-07-07 20:00:00+00:00,3.271,3.276,3.229,3.24,73351.8
2026-07-07 21:00:00+00:00,3.24,3.256,3.196,3.201,112064.79
2026-07-07 22:00:00+00:00,3.2,3.221,3.176,3.217,69776.76
2026-07-07 23:00:00+00:00,3.216,3.226,3.187,3.192,93360.38
2026-07-08 00:00:00+00:00,3.193,3.266,3.187,3.265,161892.5
2026-07-08 01:00:00+00:00,3.266,3.276,3.167,3.172,348727.5
2026-07-08 02:00:00+00:00,3.171,3.202,3.144,3.194,203783.18
2026-07-08 03:00:00+00:00,3.194,3.229,3.194,3.214,122271.53
2026-07-08 04:00:00+00:00,3.215,3.27,3.206,3.269,233065.05
2026-07-08 05:00:00+00:00,3.27,3.39,3.259,3.34,1146962.59
2026-07-08 06:00:00+00:00,3.339,3.364,3.293,3.32,464057.61
2026-07-08 07:00:00+00:00,3.321,3.344,3.287,3.291,290761.75
2026-07-08 08:00:00+00:00,3.289,3.299,3.13,3.205,1180246.71
2026-07-08 09:00:00+00:00,3.204,3.293,3.201,3.241,352714.21
2026-07-08 10:00:00+00:00,3.242,3.315,3.219,3.272,328424.29
2026-07-08 11:00:00+00:00,3.272,3.336,3.249,3.317,334327.92
2026-07-08 12:00:00+00:00,3.318,3.331,3.278,3.291,382202.11
2026-07-08 13:00:00+00:00,3.292,3.304,3.245,3.301,348781.78
2026-07-08 14:00:00+00:00,3.301,3.348,3.283,3.316,375391.83
2026-07-08 15:00:00+00:00,3.317,3.327,3.265,3.276,517998.17
2026-07-08 16:00:00+00:00,3.277,3.321,3.261,3.319,280286.38
2026-07-08 17:00:00+00:00,3.319,3.39,3.31,3.31,474020.37
2026-07-08 18:00:00+00:00,3.311,3.37,3.301,3.348,297479.3
2026-07-08 19:00:00+00:00,3.349,3.355,3.309,3.317,178544.12
2026-07-08 20:00:00+00:00,3.318,3.318,3.257,3.262,229713.37
2026-07-08 21:00:00+00:00,3.262,3.265,3.229,3.254,217125.04
2026-07-08 22:00:00+00:00,3.255,3.28,3.252,3.278,102642.39
2026-07-08 23:00:00+00:00,3.277,3.286,3.267,3.28,54724.13
2026-07-09 00:00:00+00:00,3.279,3.29,3.258,3.29,119451.65
2026-07-09 01:00:00+00:00,3.29,3.39,3.29,3.306,486567.93
2026-07-09 02:00:00+00:00,3.307,3.343,3.292,3.316,139218.12
2026-07-09 03:00:00+00:00,3.317,3.326,3.279,3.293,154180.4
2026-07-09 04:00:00+00:00,3.295,3.311,3.246,3.309,298906.72
2026-07-09 05:00:00+00:00,3.308,3.374,3.305,3.364,308641.53
2026-07-09 06:00:00+00:00,3.365,3.432,3.353,3.408,567487.43
2026-07-09 07:00:00+00:00,3.408,3.421,3.362,3.371,199100.61
2026-07-09 08:00:00+00:00,3.371,3.373,3.341,3.363,289890.33
2026-07-09 09:00:00+00:00,3.363,3.374,3.333,3.373,164607.39
2026-07-09 10:00:00+00:00,3.373,3.41,3.345,3.356,295258.72
2026-07-09 11:00:00+00:00,3.356,3.369,3.347,3.361,160971.73
2026-07-09 12:00:00+00:00,3.361,3.363,3.298,3.318,474619.27
2026-07-09 13:00:00+00:00,3.318,3.346,3.295,3.339,238393.26
2026-07-09 14:00:00+00:00,3.34,3.361,3.302,3.32,234636.7
2026-07-09 15:00:00+00:00,3.321,3.349,3.31,3.342,98799.11
2026-07-09 16:00:00+00:00,3.343,3.369,3.324,3.365,204604.15
2026-07-09 17:00:00+00:00,3.365,3.404,3.355,3.399,153222.95
2026-07-09 18:00:00+00:00,3.4,3.432,3.379,3.379,191670.32
2026-07-09 19:00:00+00:00,3.378,3.379,3.355,3.362,58190.5
2026-07-09 20:00:00+00:00,3.362,3.43,3.353,3.427,252156.28
2026-07-09 21:00:00+00:00,3.428,3.438,3.398,3.423,74265.8
2026-07-09 22:00:00+00:00,3.423,3.435,3.404,3.421,108138.01
2026-07-09 23:00:00+00:00,3.42,3.435,3.393,3.394,107359.53
2026-07-10 00:00:00+00:00,3.395,3.432,3.37,3.43,174299.19
2026-07-10 01:00:00+00:00,3.43,3.54,3.409,3.512,660625.52
2026-07-10 02:00:00+00:00,3.512,3.521,3.454,3.461,198692.58
2026-07-10 03:00:00+00:00,3.461,3.48,3.46,3.465,132282.45
2026-07-10 04:00:00+00:00,3.464,3.485,3.46,3.484,81939.8
2026-07-10 05:00:00+00:00,3.485,3.543,3.483,3.53,234880.59
2026-07-10 06:00:00+00:00,3.531,3.532,3.486,3.502,169806.82
2026-07-10 07:00:00+00:00,3.503,3.534,3.48,3.49,142975.15
2026-07-10 08:00:00+00:00,3.491,3.57,3.488,3.533,343210.47
2026-07-10 09:00:00+00:00,3.533,3.6,3.51,3.574,537186.97
2026-07-10 10:00:00+00:00,3.574,3.617,3.567,3.581,483371.16
2026-07-10 11:00:00+00:00,3.583,3.637,3.573,3.618,189412.58
2026-07-10 12:00:00+00:00,3.619,3.696,3.603,3.672,588995.94
2026-07-10 13:00:00+00:00,3.671,3.689,3.628,3.628,516687.15
2026-07-10 14:00:00+00:00,3.629,3.644,3.535,3.541,615122.38
2026-07-10 15:00:00+00:00,3.541,3.579,3.523,3.557,358690.52
2026-07-10 16:00:00+00:00,3.556,3.589,3.546,3.58,135306.19
2026-07-10 17:00:00+00:00,3.58,3.587,3.532,3.536,121232.99
2026-07-10 18:00:00+00:00,3.536,3.555,3.517,3.526,86242.76
2026-07-10 19:00:00+00:00,3.526,3.554,3.523,3.533,67683.2
2026-07-10 20:00:00+00:00,3.532,3.535,3.516,3.524,54946.29
2026-07-10 21:00:00+00:00,3.524,3.574,3.523,3.568,78505.85
2026-07-10 22:00:00+00:00,3.569,3.585,3.546,3.552,71028.59
2026-07-10 23:00:00+00:00,3.551,3.551,3.524,3.524,104727.37
2026-07-11 00:00:00+00:00,3.524,3.526,3.475,3.49,228833.25
2026-07-11 01:00:00+00:00,3.49,3.511,3.483,3.492,113133.29
2026-07-11 02:00:00+00:00,3.492,3.496,3.458,3.483,301752.55
2026-07-11 03:00:00+00:00,3.483,3.483,3.466,3.474,45464.94
2026-07-11 04:00:00+00:00,3.474,3.483,3.467,3.48,60861.16
2026-07-11 05:00:00+00:00,3.481,3.517,3.477,3.504,165134.11
2026-07-11 06:00:00+00:00,3.504,3.532,3.494,3.502,101440.33
2026-07-11 07:00:00+00:00,3.501,3.529,3.496,3.52,82180.1
2026-07-11 08:00:00+00:00,3.521,3.542,3.509,3.529,59787.06
2026-07-11 09:00:00+00:00,3.53,3.551,3.526,3.543,68061.98
2026-07-11 10:00:00+00:00,3.544,3.602,3.541,3.58,224353.01
2026-07-11 11:00:00+00:00,3.581,3.645,3.571,3.635,214094.46
2026-07-11 12:00:00+00:00,3.635,3.685,3.63,3.631,399000.91
2026-07-11 13:00:00+00:00,3.631,3.745,3.609,3.729,545659.68
2026-07-11 14:00:00+00:00,3.728,3.778,3.703,3.704,561284.43
2026-07-11 15:00:00+00:00,3.705,3.797,3.705,3.746,476644.03
2026-07-11 16:00:00+00:00,3.745,3.755,3.677,3.715,370823.07
2026-07-11 17:00:00+00:00,3.714,3.726,3.681,3.7,139310.59
2026-07-11 18:00:00+00:00,3.7,3.779,3.695,3.748,234846.82
2026-07-11 19:00:00+00:00,3.747,3.793,3.722,3.791,200407.02
2026-07-11 20:00:00+00:00,3.79,3.83,3.765,3.805,238288.49
2026-07-11 21:00:00+00:00,3.805,3.847,3.776,3.778,235671.26
2026-07-11 22:00:00+00:00,3.778,3.79,3.738,3.747,177643.24
2026-07-11 23:00:00+00:00,3.747,3.756,3.656,3.657,229526.56
2026-07-12 00:00:00+00:00,3.657,3.685,3.625,3.66,231592.74
2026-07-12 01:00:00+00:00,3.66,3.693,3.654,3.666,356123.27
2026-07-12 02:00:00+00:00,3.667,3.678,3.65,3.662,102880.74
2026-07-12 03:00:00+00:00,3.662,3.664,3.63,3.66,131456.3
2026-07-12 04:00:00+00:00,3.661,3.661,3.628,3.64,120503.84
2026-07-12 05:00:00+00:00,3.641,3.649,3.617,3.636,95457.55
2026-07-12 06:00:00+00:00,3.636,3.645,3.597,3.637,146656.72
2026-07-12 07:00:00+00:00,3.638,3.651,3.624,3.631,57016.57
2026-07-12 08:00:00+00:00,3.631,3.673,3.628,3.658,103583.26
2026-07-12 09:00:00+00:00,3.659,3.674,3.631,3.648,74344.9
2026-07-12 10:00:00+00:00,3.647,3.648,3.607,3.615,85657.62
2026-07-12 11:00:00+00:00,3.615,3.639,3.575,3.62,122157.14
2026-07-12 12:00:00+00:00,3.619,3.633,3.616,3.624,85821.54
2026-07-12 13:00:00+00:00,3.626,3.661,3.615,3.635,115814.81
2026-07-12 14:00:00+00:00,3.635,3.659,3.606,3.644,124003.45
2026-07-12 15:00:00+00:00,3.643,3.69,3.642,3.679,126668.85
2026-07-12 16:00:00+00:00,3.679,3.696,3.662,3.666,142921.22
2026-07-12 17:00:00+00:00,3.667,3.668,3.63,3.64,87609.78
2026-07-12 18:00:00+00:00,3.64,3.675,3.638,3.675,142992.72
2026-07-12 19:00:00+00:00,3.673,3.683,3.657,3.679,43033.95
2026-07-12 20:00:00+00:00,3.68,3.716,3.674,3.706,141347.37
2026-07-12 21:00:00+00:00,3.707,3.734,3.647,3.659,265479.61
2026-07-12 22:00:00+00:00,3.659,3.659,3.596,3.624,188331.09
2026-07-12 23:00:00+00:00,3.624,3.624,3.59,3.593,89147.1
2026-07-13 00:00:00+00:00,3.593,3.669,3.582,3.632,251312.61
2026-07-13 01:00:00+00:00,3.631,3.636,3.557,3.559,196036.69
2026-07-13 02:00:00+00:00,3.561,3.603,3.55,3.579,187329.78
2026-07-13 03:00:00+00:00,3.58,3.583,3.507,3.52,327115.93
2026-07-13 04:00:00+00:00,3.519,3.536,3.493,3.496,162538.95
2026-07-13 05:00:00+00:00,3.497,3.52,3.478,3.509,170552.4
2026-07-13 06:00:00+00:00,3.51,3.515,3.493,3.496,74901.77
2026-07-13 07:00:00+00:00,3.497,3.543,3.494,3.54,191983.41
2026-07-13 08:00:00+00:00,3.54,3.572,3.54,3.562,169041.12
2026-07-13 09:00:00+00:00,3.563,3.572,3.547,3.56,91579.76
2026-07-13 10:00:00+00:00,3.559,3.573,3.501,3.524,261463.77
2026-07-13 11:00:00+00:00,3.525,3.55,3.504,3.507,158211.78
2026-07-13 12:00:00+00:00,3.508,3.522,3.493,3.499,228958.67
2026-07-13 13:00:00+00:00,3.498,3.498,3.449,3.48,410800.12
2026-07-13 14:00:00+00:00,3.481,3.523,3.468,3.523,316554.06
2026-07-13 15:00:00+00:00,3.523,3.554,3.517,3.518,170179.78
2026-07-13 16:00:00+00:00,3.518,3.606,3.512,3.569,628595.88
2026-07-13 17:00:00+00:00,3.568,3.586,3.525,3.533,363481.69
2026-07-13 18:00:00+00:00,3.534,3.55,3.49,3.494,317967.74
2026-07-13 19:00:00+00:00,3.494,3.522,3.493,3.511,134733.41
2026-07-13 20:00:00+00:00,3.51,3.51,3.488,3.498,52822.75
2026-07-13 21:00:00+00:00,3.498,3.507,3.477,3.496,58361.85
2026-07-13 22:00:00+00:00,3.496,3.531,3.495,3.509,73043.63
2026-07-13 23:00:00+00:00,3.509,3.56,3.499,3.554,91247.76
2026-07-14 00:00:00+00:00,3.554,3.611,3.544,3.61,178151.73
2026-07-14 01:00:00+00:00,3.61,3.65,3.592,3.611,260572.08
2026-07-14 02:00:00+00:00,3.61,3.618,3.563,3.582,117048.37
2026-07-14 03:00:00+00:00,3.582,3.592,3.553,3.588,89186.75
2026-07-14 04:00:00+00:00,3.588,3.626,3.58,3.623,181576.01
2026-07-14 05:00:00+00:00,3.623,3.642,3.604,3.605,111225.85
2026-07-14 06:00:00+00:00,3.605,3.607,3.587,3.596,56135.93
2026-07-14 07:00:00+00:00,3.595,3.611,3.574,3.578,68822.91
2026-07-14 08:00:00+00:00,3.577,3.614,3.561,3.604,98216.68
2026-07-14 09:00:00+00:00,3.605,3.628,3.598,3.605,117109.0
2026-07-14 10:00:00+00:00,3.604,3.653,3.598,3.64,152019.49
2026-07-14 11:00:00+00:00,3.641,3.677,3.628,3.632,207883.17
2026-07-14 12:00:00+00:00,3.633,3.703,3.616,3.695,512897.78
2026-07-14 13:00:00+00:00,3.695,3.725,3.667,3.679,506030.93
2026-07-14 14:00:00+00:00,3.68,3.709,3.637,3.7,362105.21
2026-07-14 15:00:00+00:00,3.7,3.76,3.677,3.704,348181.09
2026-07-14 16:00:00+00:00,3.705,3.728,3.679,3.693,279578.59
2026-07-14 17:00:00+00:00,3.692,3.692,3.653,3.679,114039.39
2026-07-14 18:00:00+00:00,3.679,3.689,3.66,3.687,59878.21
2026-07-14 19:00:00+00:00,3.687,3.703,3.673,3.694,105944.96
2026-07-14 20:00:00+00:00,3.694,3.709,3.684,3.701,38165.54
2026-07-14 21:00:00+00:00,3.7,3.706,3.68,3.69,44613.98
2026-07-14 22:00:00+00:00,3.692,3.692,3.644,3.659,223181.66
2026-07-14 23:00:00+00:00,3.66,3.674,3.648,3.665,79011.55
2026-07-15 00:00:00+00:00,3.666,3.693,3.661,3.68,68523.14
2026-07-15 01:00:00+00:00,3.681,3.681,3.647,3.649,77614.9
2026-07-15 02:00:00+00:00,3.649,3.663,3.629,3.633,100396.77
2026-07-15 03:00:00+00:00,3.633,3.669,3.63,3.66,71790.73
2026-07-15 04:00:00+00:00,3.66,3.702,3.656,3.684,60950.49
2026-07-15 05:00:00+00:00,3.684,3.691,3.66,3.691,52081.56
2026-07-15 06:00:00+00:00,3.689,3.692,3.64,3.642,114314.07
2026-07-15 07:00:00+00:00,3.642,3.652,3.58,3.592,280223.79
2026-07-15 08:00:00+00:00,3.593,3.61,3.586,3.605,160594.47
2026-07-15 09:00:00+00:00,3.604,3.625,3.594,3.595,130622.44
2026-07-15 10:00:00+00:00,3.595,3.62,3.586,3.591,95334.07
2026-07-15 11:00:00+00:00,3.591,3.601,3.574,3.599,93754.31
2026-07-15 12:00:00+00:00,3.6,3.655,3.582,3.644,230410.16
2026-07-15 13:00:00+00:00,3.644,3.662,3.616,3.655,388701.97
2026-07-15 14:00:00+00:00,3.655,3.679,3.622,3.635,262790.28
2026-07-15 15:00:00+00:00,3.636,3.688,3.619,3.685,171719.37
2026-07-15 16:00:00+00:00,3.686,3.687,3.613,3.674,209493.01
2026-07-15 17:00:00+00:00,3.674,3.687,3.65,3.655,137078.66
2026-07-15 18:00:00+00:00,3.655,3.671,3.616,3.62,137789.37
2026-07-15 19:00:00+00:00,3.621,3.627,3.599,3.6,133263.35
2026-07-15 20:00:00+00:00,3.6,3.627,3.597,3.617,59329.06
2026-07-15 21:00:00+00:00,3.617,3.626,3.607,3.624,40681.11
2026-07-15 22:00:00+00:00,3.623,3.644,3.621,3.629,85764.18
2026-07-15 23:00:00+00:00,3.63,3.634,3.601,3.619,92303.51
2026-07-16 00:00:00+00:00,3.619,3.648,3.619,3.638,97659.26
2026-07-16 01:00:00+00:00,3.639,3.743,3.624,3.741,218321.98
2026-07-16 02:00:00+00:00,3.742,3.756,3.703,3.71,225918.86
2026-07-16 03:00:00+00:00,3.709,3.722,3.685,3.7,100745.15
2026-07-16 04:00:00+00:00,3.7,3.715,3.675,3.682,113659.0
2026-07-16 05:00:00+00:00,3.681,3.72,3.68,3.695,133962.65
2026-07-16 06:00:00+00:00,3.694,3.712,3.665,3.708,140433.46
2026-07-16 07:00:00+00:00,3.708,3.712,3.657,3.679,141253.81
2026-07-16 08:00:00+00:00,3.678,3.699,3.63,3.651,392312.11
2026-07-16 09:00:00+00:00,3.651,3.691,3.65,3.687,83332.21
2026-07-16 10:00:00+00:00,3.688,3.727,3.679,3.723,220491.8
2026-07-16 11:00:00+00:00,3.723,3.742,3.693,3.705,118916.45
2026-07-16 12:00:00+00:00,3.706,3.716,3.65,3.66,160760.65
2026-07-16 13:00:00+00:00,3.659,3.737,3.651,3.712,214209.71
2026-07-16 14:00:00+00:00,3.711,3.748,3.681,3.695,138748.22
2026-07-16 15:00:00+00:00,3.696,3.698,3.601,3.631,450175.34
2026-07-16 16:00:00+00:00,3.63,3.634,3.606,3.626,121552.55
2026-07-16 17:00:00+00:00,3.625,3.633,3.595,3.62,108362.98
2026-07-16 18:00:00+00:00,3.621,3.654,3.618,3.651,61286.92
2026-07-16 19:00:00+00:00,3.651,3.651,3.619,3.628,36175.61
2026-07-16 20:00:00+00:00,3.628,3.643,3.621,3.638,16897.84
2026-07-16 21:00:00+00:00,3.638,3.7,3.633,3.682,99857.88
2026-07-16 22:00:00+00:00,3.682,3.691,3.615,3.62,109768.1
2026-07-16 23:00:00+00:00,3.62,3.621,3.538,3.539,361972.02
2026-07-17 00:00:00+00:00,3.539,3.551,3.515,3.543,267309.65
2026-07-17 01:00:00+00:00,3.542,3.565,3.516,3.52,140854.45
2026-07-17 02:00:00+00:00,3.52,3.544,3.509,3.53,80638.56
2026-07-17 03:00:00+00:00,3.531,3.586,3.522,3.567,95736.21
2026-07-17 04:00:00+00:00,3.566,3.567,3.537,3.551,67220.69
2026-07-17 05:00:00+00:00,3.55,3.554,3.497,3.509,231256.65
2026-07-17 06:00:00+00:00,3.509,3.545,3.503,3.538,97938.26
2026-07-17 07:00:00+00:00,3.539,3.54,3.512,3.516,79071.14
2026-07-17 08:00:00+00:00,3.516,3.521,3.489,3.512,78503.31
2026-07-17 09:00:00+00:00,3.512,3.528,3.509,3.522,67134.95
2026-07-17 10:00:00+00:00,3.522,3.531,3.501,3.502,92864.05
2026-07-17 11:00:00+00:00,3.503,3.512,3.494,3.506,107099.44
2026-07-17 12:00:00+00:00,3.506,3.515,3.48,3.481,146454.25
2026-07-17 13:00:00+00:00,3.48,3.5,3.439,3.496,319635.74
2026-07-17 14:00:00+00:00,3.496,3.524,3.48,3.485,104056.2
2026-07-17 15:00:00+00:00,3.485,3.512,3.459,3.51,198649.92
2026-07-17 16:00:00+00:00,3.51,3.549,3.498,3.537,145588.12
2026-07-17 17:00:00+00:00,3.538,3.579,3.538,3.566,124905.97
2026-07-17 18:00:00+00:00,3.566,3.572,3.55,3.557,73775.68
2026-07-17 19:00:00+00:00,3.557,3.567,3.532,3.542,49113.67
2026-07-17 20:00:00+00:00,3.543,3.611,3.524,3.576,251643.29
2026-07-17 21:00:00+00:00,3.577,3.593,3.559,3.563,87372.5
2026-07-17 22:00:00+00:00,3.564,3.584,3.559,3.565,46838.62
2026-07-17 23:00:00+00:00,3.567,3.654,3.562,3.64,228260.57
2026-07-18 00:00:00+00:00,3.64,3.657,3.609,3.618,247819.64
2026-07-18 01:00:00+00:00,3.618,3.618,3.572,3.577,134883.98
2026-07-18 02:00:00+00:00,3.576,3.588,3.55,3.552,109420.05
2026-07-18 03:00:00+00:00,3.551,3.556,3.541,3.551,100950.0
2026-07-18 04:00:00+00:00,3.55,3.55,3.518,3.529,92237.04
2026-07-18 05:00:00+00:00,3.528,3.538,3.519,3.522,74461.29
2026-07-18 06:00:00+00:00,3.522,3.524,3.503,3.518,88621.43
2026-07-18 07:00:00+00:00,3.517,3.521,3.506,3.516,43705.16
2026-07-18 08:00:00+00:00,3.517,3.53,3.51,3.514,55372.13
2026-07-18 09:00:00+00:00,3.515,3.518,3.498,3.506,54017.71
2026-07-18 10:00:00+00:00,3.506,3.525,3.506,3.519,42732.02
2026-07-18 11:00:00+00:00,3.519,3.53,3.499,3.503,86911.58
2026-07-18 12:00:00+00:00,3.502,3.516,3.464,3.503,179452.92
2026-07-18 13:00:00+00:00,3.503,3.51,3.483,3.503,55037.85
2026-07-18 14:00:00+00:00,3.504,3.518,3.493,3.515,52378.98
2026-07-18 15:00:00+00:00,3.515,3.521,3.507,3.517,35671.68
2026-07-18 16:00:00+00:00,3.516,3.545,3.512,3.528,113911.79
2026-07-18 17:00:00+00:00,3.528,3.541,3.509,3.535,67403.58
2026-07-18 18:00:00+00:00,3.536,3.554,3.525,3.528,46880.93
2026-07-18 19:00:00+00:00,3.528,3.534,3.52,3.528,18263.87
2026-07-18 20:00:00+00:00,3.529,3.535,3.519,3.533,16607.11
2026-07-18 21:00:00+00:00,3.532,3.556,3.532,3.546,53322.47
2026-07-18 22:00:00+00:00,3.547,3.567,3.547,3.561,42477.4
2026-07-18 23:00:00+00:00,3.56,3.572,3.554,3.569,38755.35
2026-07-19 00:00:00+00:00,3.57,3.571,3.546,3.55,35585.51
2026-07-19 01:00:00+00:00,3.549,3.55,3.515,3.522,80549.45
2026-07-19 02:00:00+00:00,3.522,3.554,3.52,3.547,48177.79
2026-07-19 03:00:00+00:00,3.547,3.574,3.539,3.565,84667.23
2026-07-19 04:00:00+00:00,3.567,3.571,3.548,3.551,32679.16
2026-07-19 05:00:00+00:00,3.553,3.566,3.548,3.55,12895.72
2026-07-19 06:00:00+00:00,3.55,3.564,3.549,3.557,25146.4
2026-07-19 07:00:00+00:00,3.558,3.558,3.533,3.54,33393.3
2026-07-19 08:00:00+00:00,3.54,3.548,3.529,3.542,24886.45
2026-07-19 09:00:00+00:00,3.542,3.544,3.522,3.53,31232.42
2026-07-19 10:00:00+00:00,3.53,3.543,3.52,3.525,34328.77
2026-07-19 11:00:00+00:00,3.525,3.533,3.511,3.517,36193.64
2026-07-19 12:00:00+00:00,3.517,3.529,3.5,3.527,47696.13
2026-07-19 13:00:00+00:00,3.527,3.54,3.521,3.529,32858.52
2026-07-19 14:00:00+00:00,3.529,3.545,3.515,3.53,14065.26
2026-07-19 15:00:00+00:00,3.529,3.53,3.514,3.519,56381.89
2026-07-19 16:00:00+00:00,3.518,3.52,3.496,3.498,38814.51
2026-07-19 17:00:00+00:00,3.497,3.503,3.477,3.486,106014.96
2026-07-19 18:00:00+00:00,3.485,3.488,3.463,3.48,45467.79
2026-07-19 19:00:00+00:00,3.481,3.496,3.475,3.496,22225.9
2026-07-19 20:00:00+00:00,3.496,3.503,3.493,3.497,23912.49
2026-07-19 21:00:00+00:00,3.498,3.499,3.479,3.483,22206.2
2026-07-19 22:00:00+00:00,3.483,3.514,3.478,3.496,42370.13
2026-07-19 23:00:00+00:00,3.497,3.519,3.479,3.518,54282.79
2026-07-20 00:00:00+00:00,3.517,3.555,3.49,3.496,91784.46
2026-07-20 01:00:00+00:00,3.497,3.533,3.47,3.48,91775.06
2026-07-20 02:00:00+00:00,3.479,3.51,3.478,3.492,39493.87
2026-07-20 03:00:00+00:00,3.493,3.504,3.483,3.492,49117.77
2026-07-20 04:00:00+00:00,3.492,3.492,3.466,3.466,52068.0
2026-07-20 05:00:00+00:00,3.467,3.47,3.437,3.44,143960.64
2026-07-20 06:00:00+00:00,3.441,3.452,3.412,3.42,140436.9
2026-07-20 07:00:00+00:00,3.421,3.45,3.416,3.446,78392.83
2026-07-20 08:00:00+00:00,3.445,3.456,3.426,3.438,144743.97
2026-07-20 09:00:00+00:00,3.438,3.458,3.426,3.449,161235.03
2026-07-20 10:00:00+00:00,3.449,3.463,3.44,3.448,63021.56
2026-07-20 11:00:00+00:00,3.449,3.531,3.445,3.523,205950.6
2026-07-20 12:00:00+00:00,3.524,3.53,3.488,3.497,174975.51
2026-07-20 13:00:00+00:00,3.498,3.516,3.472,3.482,135289.41
2026-07-20 14:00:00+00:00,3.482,3.501,3.455,3.481,143280.01
2026-07-20 15:00:00+00:00,3.482,3.549,3.481,3.546,157913.21
2026-07-20 16:00:00+00:00,3.547,3.59,3.539,3.586,243093.36
2026-07-20 17:00:00+00:00,3.586,3.634,3.58,3.623,210612.97
2026-07-20 18:00:00+00:00,3.622,3.646,3.589,3.602,156855.52
2026-07-20 19:00:00+00:00,3.601,3.624,3.593,3.607,111844.31
2026-07-20 20:00:00+00:00,3.608,3.631,3.602,3.624,52052.62
2026-07-20 21:00:00+00:00,3.622,3.645,3.606,3.611,101215.89
2026-07-20 22:00:00+00:00,3.612,3.629,3.598,3.605,119213.6
2026-07-20 23:00:00+00:00,3.603,3.638,3.601,3.633,71013.09
2026-07-21 00:00:00+00:00,3.633,3.72,3.621,3.669,240005.66
2026-07-21 01:00:00+00:00,3.668,3.692,3.657,3.657,153154.02
2026-07-21 02:00:00+00:00,3.658,3.694,3.646,3.69,105696.3
2026-07-21 03:00:00+00:00,3.691,3.738,3.691,3.71,232124.0
2026-07-21 04:00:00+00:00,3.711,3.72,3.681,3.69,96240.28
2026-07-21 05:00:00+00:00,3.69,3.716,3.682,3.703,85036.86
2026-07-21 06:00:00+00:00,3.704,3.722,3.687,3.722,107128.2
2026-07-21 07:00:00+00:00,3.722,3.728,3.697,3.725,169824.48
2026-07-21 08:00:00+00:00,3.726,3.741,3.71,3.716,191133.77
2026-07-21 09:00:00+00:00,3.716,3.717,3.684,3.703,182339.74
2026-07-21 10:00:00+00:00,3.704,3.711,3.684,3.694,131746.59
2026-07-21 11:00:00+00:00,3.694,3.698,3.685,3.689,52920.32
2026-07-21 12:00:00+00:00,3.689,3.699,3.676,3.696,64527.86
2026-07-21 13:00:00+00:00,3.696,3.712,3.681,3.698,64800.43
2026-07-21 14:00:00+00:00,3.698,3.703,3.647,3.647,167777.19
2026-07-21 15:00:00+00:00,3.646,3.673,3.637,3.671,100526.32
2026-07-21 16:00:00+00:00,3.671,3.701,3.662,3.698,125004.58
2026-07-21 17:00:00+00:00,3.698,3.704,3.638,3.65,106164.42
2026-07-21 18:00:00+00:00,3.651,3.696,3.648,3.688,82661.4
2026-07-21 19:00:00+00:00,3.687,3.713,3.674,3.691,72743.42
2026-07-21 20:00:00+00:00,3.691,3.709,3.681,3.708,29172.14
2026-07-21 21:00:00+00:00,3.708,3.722,3.699,3.711,67877.49
2026-07-21 22:00:00+00:00,3.71,3.719,3.699,3.719,42602.94
2026-07-21 23:00:00+00:00,3.719,3.741,3.708,3.72,132661.81
2026-07-22 00:00:00+00:00,3.72,3.735,3.715,3.731,40220.63
2026-07-22 01:00:00+00:00,3.73,3.732,3.694,3.704,93316.46
2026-07-22 02:00:00+00:00,3.704,3.729,3.675,3.68,121003.82
2026-07-22 03:00:00+00:00,3.68,3.686,3.657,3.661,105355.16
2026-07-22 04:00:00+00:00,3.66,3.715,3.659,3.707,79970.87
2026-07-22 05:00:00+00:00,3.706,3.713,3.676,3.683,99493.23
2026-07-22 06:00:00+00:00,3.684,3.713,3.671,3.696,77296.27
2026-07-22 07:00:00+00:00,3.695,3.696,3.676,3.688,79359.68
2026-07-22 08:00:00+00:00,3.689,3.73,3.688,3.719,112368.78
2026-07-22 09:00:00+00:00,3.718,3.735,3.708,3.716,47047.63
2026-07-22 10:00:00+00:00,3.717,3.793,3.712,3.767,272549.13
2026-07-22 11:00:00+00:00,3.767,3.8,3.76,3.785,306571.61
2026-07-22 12:00:00+00:00,3.785,3.802,3.748,3.764,203129.87
2026-07-22 13:00:00+00:00,3.765,3.811,3.761,3.803,160174.85
2026-07-22 14:00:00+00:00,3.802,3.825,3.738,3.753,249460.32
2026-07-22 15:00:00+00:00,3.754,3.825,3.753,3.818,190591.89
2026-07-22 16:00:00+00:00,3.818,3.871,3.806,3.839,201685.8
2026-07-22 17:00:00+00:00,3.838,3.864,3.793,3.798,122893.69
2026-07-22 18:00:00+00:00,3.798,3.806,3.774,3.805,69248.17
2026-07-22 19:00:00+00:00,3.805,3.844,3.788,3.839,94290.4
2026-07-22 20:00:00+00:00,3.838,3.849,3.822,3.828,101125.68
2026-07-22 21:00:00+00:00,3.828,3.833,3.809,3.818,32515.38
2026-07-22 22:00:00+00:00,3.819,3.821,3.774,3.787,102251.73
2026-07-22 23:00:00+00:00,3.787,3.787,3.751,3.782,89588.12
2026-07-23 00:00:00+00:00,3.784,3.831,3.78,3.806,117209.84
2026-07-23 01:00:00+00:00,3.806,3.824,3.781,3.789,78130.19
2026-07-23 02:00:00+00:00,3.789,3.823,3.769,3.822,116275.43
2026-07-23 03:00:00+00:00,3.822,3.825,3.777,3.787,114738.54
2026-07-23 04:00:00+00:00,3.788,3.816,3.776,3.813,90169.01
2026-07-23 05:00:00+00:00,3.813,3.855,3.806,3.837,194867.2
2026-07-23 06:00:00+00:00,3.837,3.885,3.829,3.854,211410.18
2026-07-23 07:00:00+00:00,3.854,3.86,3.812,3.826,86035.33
2026-07-23 08:00:00+00:00,3.826,3.876,3.812,3.864,111019.48
2026-07-23 09:00:00+00:00,3.864,3.881,3.85,3.851,88350.62
2026-07-23 10:00:00+00:00,3.851,3.868,3.826,3.831,66845.13
2026-07-23 11:00:00+00:00,3.831,3.842,3.814,3.83,112656.88
2026-07-23 12:00:00+00:00,3.829,3.83,3.783,3.809,163609.09
2026-07-23 13:00:00+00:00,3.809,3.816,3.76,3.778,252887.93
2026-07-23 14:00:00+00:00,3.777,3.799,3.762,3.768,74051.89
2026-07-23 15:00:00+00:00,3.769,3.812,3.74,3.807,177683.03
2026-07-23 16:00:00+00:00,3.806,3.806,3.767,3.782,95022.26
2026-07-23 17:00:00+00:00,3.781,3.794,3.759,3.767,84036.61
2026-07-23 18:00:00+00:00,3.768,3.8,3.768,3.783,67212.05
2026-07-23 19:00:00+00:00,3.783,3.801,3.762,3.77,66648.5
2026-07-23 20:00:00+00:00,3.77,3.804,3.769,3.792,43939.82
2026-07-23 21:00:00+00:00,3.792,3.803,3.771,3.774,26670.91
2026-07-23 22:00:00+00:00,3.775,3.779,3.758,3.77,45031.28
2026-07-23 23:00:00+00:00,3.77,3.778,3.748,3.757,56687.94
2026-07-24 00:00:00+00:00,3.758,3.774,3.727,3.771,107727.21
2026-07-24 01:00:00+00:00,3.771,3.803,3.753,3.785,136090.09
2026-07-24 02:00:00+00:00,3.784,3.792,3.735,3.744,122332.93
2026-07-24 03:00:00+00:00,3.743,3.782,3.734,3.781,51165.47
2026-07-24 04:00:00+00:00,3.781,3.8,3.769,3.778,65356.67
2026-07-24 05:00:00+00:00,3.778,3.843,3.775,3.833,157019.11
2026-07-24 06:00:00+00:00,3.833,3.862,3.815,3.858,237143.68
2026-07-24 07:00:00+00:00,3.858,3.877,3.828,3.85,190649.29
2026-07-24 08:00:00+00:00,3.85,3.859,3.833,3.838,77400.18
2026-07-24 09:00:00+00:00,3.838,3.868,3.827,3.855,282174.0
2026-07-24 10:00:00+00:00,3.854,3.857,3.828,3.845,81216.97
2026-07-24 11:00:00+00:00,3.846,3.85,3.813,3.831,68864.61
2026-07-24 12:00:00+00:00,3.831,3.849,3.8,3.802,98495.99
2026-07-24 13:00:00+00:00,3.801,3.806,3.752,3.78,266622.21
2026-07-24 14:00:00+00:00,3.781,3.825,3.765,3.819,182543.69
2026-07-24 15:00:00+00:00,3.818,3.844,3.798,3.83,194922.91
2026-07-24 16:00:00+00:00,3.829,3.858,3.805,3.836,144690.35
2026-07-24 17:00:00+00:00,3.835,3.839,3.806,3.826,74905.27
2026-07-24 18:00:00+00:00,3.827,3.848,3.818,3.838,71268.33
2026-07-24 19:00:00+00:00,3.837,3.838,3.814,3.822,41670.04
2026-07-24 20:00:00+00:00,3.821,3.845,3.821,3.836,55699.95
2026-07-24 21:00:00+00:00,3.837,3.843,3.754,3.757,153495.3
2026-07-24 22:00:00+00:00,3.758,3.786,3.757,3.769,91341.48
2026-07-24 23:00:00+00:00,3.768,3.789,3.765,3.784,61608.08
2026-07-25 00:00:00+00:00,3.785,3.83,3.777,3.802,162071.57
2026-07-25 01:00:00+00:00,3.802,3.815,3.763,3.782,92113.27
2026-07-25 02:00:00+00:00,3.782,3.792,3.751,3.755,113190.99
2026-07-25 03:00:00+00:00,3.755,3.777,3.72,3.729,178455.75
2026-07-25 04:00:00+00:00,3.728,3.743,3.71,3.717,168694.91
2026-07-25 05:00:00+00:00,3.716,3.725,3.669,3.687,332493.78
2026-07-25 06:00:00+00:00,3.686,3.688,3.654,3.679,151194.36
2026-07-25 07:00:00+00:00,3.678,3.689,3.675,3.679,74929.15
2026-07-25 08:00:00+00:00,3.68,3.685,3.652,3.655,146414.15
2026-07-25 09:00:00+00:00,3.655,3.66,3.611,3.654,202852.02
2026-07-25 10:00:00+00:00,3.654,3.661,3.646,3.656,57438.08
2026-07-25 11:00:00+00:00,3.656,3.672,3.655,3.663,86969.13
2026-07-25 12:00:00+00:00,3.664,3.69,3.661,3.689,65389.75
2026-07-25 13:00:00+00:00,3.688,3.704,3.674,3.676,123551.61
2026-07-25 14:00:00+00:00,3.676,3.682,3.669,3.68,37010.44
2026-07-25 15:00:00+00:00,3.681,3.683,3.656,3.662,77802.54
2026-07-25 16:00:00+00:00,3.663,3.667,3.651,3.658,41445.19
2026-07-25 17:00:00+00:00,3.657,3.692,3.653,3.685,79763.72
2026-07-25 18:00:00+00:00,3.686,3.696,3.679,3.687,42976.04
2026-07-25 19:00:00+00:00,3.686,3.69,3.675,3.685,22145.56
2026-07-25 20:00:00+00:00,3.684,3.694,3.674,3.678,27236.8
2026-07-25 21:00:00+00:00,3.677,3.688,3.67,3.685,25570.81
2026-07-25 22:00:00+00:00,3.684,3.687,3.666,3.683,28572.19
2026-07-25 23:00:00+00:00,3.682,3.684,3.667,3.67,38148.16
2026-07-26 00:00:00+00:00,3.669,3.682,3.665,3.671,56337.96
2026-07-26 01:00:00+00:00,3.671,3.681,3.662,3.663,63706.47
2026-07-26 02:00:00+00:00,3.664,3.675,3.653,3.673,69232.63
2026-07-26 03:00:00+00:00,3.672,3.682,3.658,3.663,64663.8
2026-07-26 04:00:00+00:00,3.664,3.692,3.658,3.678,42534.08
2026-07-26 05:00:00+00:00,3.677,3.678,3.662,3.662,37472.88
2026-07-26 06:00:00+00:00,3.663,3.672,3.648,3.672,50403.12
2026-07-26 07:00:00+00:00,3.672,3.683,3.652,3.662,73766.05
2026-07-26 08:00:00+00:00,3.662,3.674,3.659,3.666,29989.37
2026-07-26 09:00:00+00:00,3.667,3.686,3.664,3.674,56079.03
2026-07-26 10:00:00+00:00,3.675,3.732,3.675,3.726,138209.96
2026-07-26 11:00:00+00:00,3.725,3.847,3.725,3.836,557038.95
2026-07-26 12:00:00+00:00,3.836,3.922,3.836,3.877,470623.99
2026-07-26 13:00:00+00:00,3.877,3.894,3.831,3.844,261776.42
2026-07-26 14:00:00+00:00,3.844,3.894,3.835,3.866,237401.92
2026-07-26 15:00:00+00:00,3.867,3.956,3.85,3.954,316097.59
2026-07-26 16:00:00+00:00,3.954,3.962,3.905,3.912,232212.52
2026-07-26 17:00:00+00:00,3.912,3.922,3.886,3.89,92281.45
2026-07-26 18:00:00+00:00,3.889,3.913,3.882,3.893,54245.61
2026-07-26 19:00:00+00:00,3.893,3.896,3.86,3.871,38233.64
2026-07-26 20:00:00+00:00,3.87,3.881,3.862,3.872,22801.75
2026-07-26 21:00:00+00:00,3.873,3.881,3.864,3.87,74841.42
2026-07-26 22:00:00+00:00,3.871,3.91,3.871,3.901,143424.12
2026-07-26 23:00:00+00:00,3.901,3.914,3.875,3.893,111497.87
2026-07-27 00:00:00+00:00,3.892,3.892,3.836,3.848,111785.51
2026-07-27 01:00:00+00:00,3.847,3.883,3.842,3.879,99437.22
2026-07-27 02:00:00+00:00,3.88,3.94,3.868,3.925,193399.23
2026-07-27 03:00:00+00:00,3.925,3.935,3.89,3.898,139221.93
2026-07-27 04:00:00+00:00,3.899,3.925,3.889,3.904,73839.02
2026-07-27 05:00:00+00:00,3.904,3.907,3.878,3.892,48809.22
2026-07-27 06:00:00+00:00,3.892,3.912,3.882,3.89,113024.35
2026-07-27 07:00:00+00:00,3.889,3.919,3.884,3.9,109079.62
2026-07-27 08:00:00+00:00,3.9,3.921,3.886,3.91,100707.08
2026-07-27 09:00:00+00:00,3.909,3.915,3.89,3.902,62080.03
2026-07-27 10:00:00+00:00,3.901,3.92,3.887,3.9,78408.74
2026-07-27 11:00:00+00:00,3.9,3.9,3.855,3.863,91678.45
2026-07-27 12:00:00+00:00,3.863,3.88,3.84,3.87,88770.26
2026-07-27 13:00:00+00:00,3.871,3.94,3.867,3.906,186638.04
2026-07-27 14:00:00+00:00,3.906,3.921,3.81,3.833,325534.68
2026-07-27 15:00:00+00:00,3.833,3.856,3.817,3.825,115901.26
2026-07-27 16:00:00+00:00,3.825,3.872,3.808,3.854,125321.07
2026-07-27 17:00:00+00:00,3.855,3.871,3.835,3.843,79001.46
2026-07-27 18:00:00+00:00,3.843,3.845,3.789,3.82,214390.7
2026-07-27 19:00:00+00:00,3.82,3.84,3.81,3.838,23510.39
2026-07-27 20:00:00+00:00,3.839,3.843,3.8,3.802,58740.47
2026-07-27 21:00:00+00:00,3.803,3.805,3.771,3.783,73326.29
2026-07-27 22:00:00+00:00,3.781,3.781,3.682,3.689,311223.87
2026-07-27 23:00:00+00:00,3.689,3.719,3.676,3.709,287116.19
2026-07-28 00:00:00+00:00,3.71,3.73,3.7,3.713,256556.63
2026-07-28 01:00:00+00:00,3.713,3.72,3.678,3.7,185144.63
2026-07-28 02:00:00+00:00,3.699,3.721,3.691,3.717,68488.98
2026-07-28 03:00:00+00:00,3.718,3.742,3.713,3.737,155297.25
2026-07-28 04:00:00+00:00,3.737,3.743,3.72,3.721,57721.32
2026-07-28 05:00:00+00:00,3.722,3.752,3.722,3.73,45333.13
2026-07-28 06:00:00+00:00,3.731,3.733,3.705,3.725,75218.36
2026-07-28 07:00:00+00:00,3.726,3.735,3.701,3.711,50960.12
2026-07-28 08:00:00+00:00,3.711,3.712,3.689,3.693,73862.68
2026-07-28 09:00:00+00:00,3.692,3.757,3.692,3.744,283856.35
2026-07-28 10:00:00+00:00,3.743,3.825,3.742,3.793,360145.19
2026-07-28 11:00:00+00:00,3.794,3.839,3.781,3.821,423922.41
2026-07-28 12:00:00+00:00,3.822,3.905,3.822,3.902,434909.89
2026-07-28 13:00:00+00:00,3.902,3.945,3.827,3.899,574893.69
2026-07-28 14:00:00+00:00,3.898,3.937,3.86,3.866,477487.47
2026-07-28 15:00:00+00:00,3.865,3.922,3.837,3.917,227734.33
2026-07-28 16:00:00+00:00,3.918,3.918,3.873,3.884,135384.56
2026-07-28 17:00:00+00:00,3.884,3.894,3.853,3.874,132209.04
2026-07-28 18:00:00+00:00,3.875,3.895,3.856,3.863,62922.65
2026-07-28 19:00:00+00:00,3.864,3.885,3.861,3.883,38726.41
2026-07-28 20:00:00+00:00,3.883,3.896,3.869,3.895,62831.83
2026-07-28 21:00:00+00:00,3.896,3.927,3.889,3.909,95711.79
2026-07-28 22:00:00+00:00,3.909,3.928,3.876,3.878,65568.74
2026-07-28 23:00:00+00:00,3.878,3.896,3.861,3.896,123180.7
2026-07-29 00:00:00+00:00,3.894,3.91,3.872,3.885,105797.62
2026-07-29 01:00:00+00:00,3.885,3.892,3.834,3.835,130669.62
2026-07-29 02:00:00+00:00,3.835,3.851,3.817,3.823,143143.1
2026-07-29 03:00:00+00:00,3.822,3.824,3.77,3.776,173716.29
2026-07-29 04:00:00+00:00,3.775,3.797,3.74,3.797,280925.03
2026-07-29 05:00:00+00:00,3.797,3.841,3.794,3.821,122500.56
2026-07-29 06:00:00+00:00,3.819,3.855,3.813,3.832,107505.34
2026-07-29 07:00:00+00:00,3.832,3.834,3.806,3.815,115911.23
2026-07-29 08:00:00+00:00,3.816,3.904,3.81,3.88,407263.46
2026-07-29 09:00:00+00:00,3.88,4.01,3.876,3.975,783898.56
2026-07-29 10:00:00+00:00,3.975,4.04,3.961,4.018,514634.39
2026-07-29 11:00:00+00:00,4.018,4.064,3.995,4.049,466790.12
2026-07-29 12:00:00+00:00,4.05,4.058,4.01,4.047,377398.94
2026-07-29 13:00:00+00:00,4.047,4.082,4.026,4.048,379985.12
2026-07-29 14:00:00+00:00,4.049,4.052,3.998,4.004,141592.91
2026-07-29 15:00:00+00:00,4.004,4.012,3.944,3.969,196712.21
2026-07-29 16:00:00+00:00,3.968,3.975,3.93,3.971,145510.77
2026-07-29 17:00:00+00:00,3.972,3.98,3.952,3.978,74248.36
2026-07-29 18:00:00+00:00,3.978,4.027,3.937,3.992,330452.76
2026-07-29 19:00:00+00:00,3.992,3.999,3.905,3.909,118876.13
2026-07-29 20:00:00+00:00,3.909,3.917,3.872,3.878,155868.98
2026-07-29 21:00:00+00:00,3.879,3.941,3.856,3.941,160862.08
2026-07-29 22:00:00+00:00,3.941,4.021,3.941,4.002,166056.76
2026-07-29 23:00:00+00:00,4.001,4.015,3.984,3.991,116431.01
2026-07-30 00:00:00+00:00,3.991,4.019,3.964,3.977,117172.45
2026-07-30 01:00:00+00:00,3.978,4.059,3.97,4.028,157000.86
2026-07-30 02:00:00+00:00,4.028,4.047,4.0,4.02,165565.9
2026-07-30 03:00:00+00:00,4.019,4.036,4.0,4.017,103629.14
2026-07-30 04:00:00+00:00,4.017,4.026,3.981,3.989,91237.88
2026-07-30 05:00:00+00:00,3.988,4.0,3.967,3.971,136545.02
2026-07-30 06:00:00+00:00,3.971,4.011,3.966,3.974,90825.19
2026-07-30 07:00:00+00:00,3.974,3.997,3.96,3.991,64276.56
2026-07-30 08:00:00+00:00,3.992,4.071,3.982,4.019,240389.01
2026-07-30 09:00:00+00:00,4.021,4.038,4.009,4.03,79467.59
2026-07-30 10:00:00+00:00,4.029,4.071,4.014,4.064,270821.64
2026-07-30 11:00:00+00:00,4.065,4.132,4.062,4.13,677657.34
2026-07-30 12:00:00+00:00,4.13,4.224,4.123,4.209,669918.64
2026-07-30 13:00:00+00:00,4.209,4.297,4.182,4.289,746746.06
2026-07-30 14:00:00+00:00,4.289,4.338,4.266,4.302,786149.63
2026-07-30 15:00:00+00:00,4.304,4.337,4.26,4.332,483506.7
2026-07-30 16:00:00+00:00,4.332,4.477,4.323,4.472,944649.57
2026-07-30 17:00:00+00:00,4.472,4.473,4.376,4.443,527616.77
2026-07-30 18:00:00+00:00,4.444,4.449,4.382,4.39,191439.05
2026-07-30 19:00:00+00:00,4.39,4.427,4.383,4.414,161913.98
2026-07-30 20:00:00+00:00,4.413,4.424,4.37,4.398,287886.11
2026-07-30 21:00:00+00:00,4.398,4.409,4.382,4.404,111339.57
2026-07-30 22:00:00+00:00,4.404,4.445,4.396,4.412,253368.24
2026-07-30 23:00:00+00:00,4.411,4.449,4.411,4.433,273263.55
2026-07-31 00:00:00+00:00,4.432,4.463,4.404,4.44,410033.36
2026-07-31 01:00:00+00:00,4.44,4.577,4.437,4.472,643908.01
2026-07-31 02:00:00+00:00,4.474,4.528,4.401,4.441,513008.94
2026-07-31 03:00:00+00:00,4.441,4.444,4.356,4.382,611291.06
2026-07-31 04:00:00+00:00,4.382,4.496,4.38,4.456,398767.89
2026-07-31 05:00:00+00:00,4.457,4.566,4.457,4.554,324373.62
2026-07-31 06:00:00+00:00,4.554,4.555,4.477,4.495,411782.45
2026-07-31 07:00:00+00:00,4.494,4.494,4.385,4.398,474736.52
2026-07-31 08:00:00+00:00,4.399,4.427,4.375,4.392,228200.29
2026-07-31 09:00:00+00:00,4.391,4.409,4.267,4.283,549225.89
2026-07-31 10:00:00+00:00,4.283,4.421,4.276,4.365,441154.81
2026-07-31 11:00:00+00:00,4.366,4.394,4.351,4.36,200022.35
2026-07-31 12:00:00+00:00,4.36,4.362,4.322,4.338,127444.75
2026-07-31 13:00:00+00:00,4.338,4.396,4.3,4.313,347926.21
2026-07-31 14:00:00+00:00,4.313,4.349,4.279,4.294,336376.95
2026-07-31 15:00:00+00:00,4.295,4.295,4.228,4.249,495250.12
2026-07-31 16:00:00+00:00,4.248,4.295,4.22,4.247,317798.36
2026-07-31 17:00:00+00:00,4.246,4.316,4.221,4.298,285119.03
2026-07-31 18:00:00+00:00,4.298,4.315,4.272,4.272,141048.91
2026-07-31 19:00:00+00:00,4.273,4.284,4.228,4.235,126535.96
2026-07-31 20:00:00+00:00,4.235,4.329,4.231,4.296,216693.13
2026-07-31 21:00:00+00:00,4.297,4.318,4.276,4.284,181480.4
2026-07-31 22:00:00+00:00,4.282,4.365,4.275,4.334,275874.16
2026-07-31 23:00:00+00:00,4.333,4.378,4.332,4.349,315792.46
2026-08-01 00:00:00+00:00,4.35,4.359,4.3,4.304,155638.3
2026-08-01 01:00:00+00:00,4.305,4.324,4.291,4.323,126191.22
2026-08-01 02:00:00+00:00,4.323,4.348,4.304,4.306,85220.65
2026-08-01 03:00:00+00:00,4.307,4.323,4.276,4.304,122545.17
2026-08-01 04:00:00+00:00,4.305,4.306,4.244,4.254,253791.77
2026-08-01 05:00:00+00:00,4.254,4.26,4.108,4.128,1023438.0
2026-08-01 06:00:00+00:00,4.128,4.135,4.082,4.118,459147.71
2026-08-01 07:00:00+00:00,4.118,4.129,4.084,4.099,247253.07
2026-08-01 08:00:00+00:00,4.099,4.158,4.086,4.105,154376.32
2026-08-01 09:00:00+00:00,4.105,4.115,4.085,4.107,107899.71
2026-08-01 10:00:00+00:00,4.107,4.108,4.061,4.073,119101.73
2026-08-01 11:00:00+00:00,4.073,4.075,4.057,4.068,75966.57
2026-08-01 12:00:00+00:00,4.067,4.075,4.03,4.061,142939.82
2026-08-01 13:00:00+00:00,4.06,4.128,4.056,4.112,285400.07
2026-08-01 14:00:00+00:00,4.112,4.132,4.081,4.108,110235.66
2026-08-01 15:00:00+00:00,4.108,4.115,4.089,4.101,87540.22
2026-08-01 16:00:00+00:00,4.101,4.109,4.072,4.084,48195.7
2026-08-01 17:00:00+00:00,4.084,4.096,4.059,4.071,97365.57
2026-08-01 18:00:00+00:00,4.07,4.07,4.016,4.069,181715.21
2026-08-01 19:00:00+00:00,4.068,4.084,4.049,4.056,95500.04
2026-08-01 20:00:00+00:00,4.055,4.073,4.044,4.05,55505.88
2026-08-01 21:00:00+00:00,4.05,4.086,4.05,4.063,75155.92
2026-08-01 22:00:00+00:00,4.062,4.09,4.062,4.077,48723.2
2026-08-01 23:00:00+00:00,4.078,4.092,4.075,4.086,34358.94
2026-08-02 00:00:00+00:00,4.086,4.113,4.076,4.092,92278.37
2026-08-02 01:00:00+00:00,4.093,4.15,4.093,4.137,162147.91
2026-08-02 02:00:00+00:00,4.135,4.199,4.129,4.14,292184.88
2026-08-02 03:00:00+00:00,4.14,4.172,4.125,4.161,94064.48
2026-08-02 04:00:00+00:00,4.163,4.223,4.149,4.194,265223.06
2026-08-02 05:00:00+00:00,4.194,4.213,4.154,4.173,120406.1
2026-08-02 06:00:00+00:00,4.173,4.196,4.151,4.165,83436.13
2026-08-02 07:00:00+00:00,4.164,4.295,4.164,4.221,334065.22
2026-08-02 08:00:00+00:00,4.221,4.244,4.175,4.186,343082.6
2026-08-02 09:00:00+00:00,4.186,4.231,4.172,4.214,167033.03
2026-08-02 10:00:00+00:00,4.214,4.233,4.196,4.231,79082.45
2026-08-02 11:00:00+00:00,4.231,4.235,4.175,4.184,68530.72
2026-08-02 12:00:00+00:00,4.185,4.208,4.175,4.184,76989.57
2026-08-02 13:00:00+00:00,4.184,4.234,4.177,4.195,95997.78
2026-08-02 14:00:00+00:00,4.195,4.226,4.183,4.193,71706.3
2026-08-02 15:00:00+00:00,4.194,4.233,4.187,4.217,75318.78
2026-08-02 16:00:00+00:00,4.216,4.218,4.195,4.205,45801.97
2026-08-02 17:00:00+00:00,4.204,4.253,4.162,4.165,167182.19
2026-08-02 18:00:00+00:00,4.166,4.193,4.158,4.181,124213.4
2026-08-02 19:00:00+00:00,4.18,4.246,4.173,4.226,74496.73
2026-08-02 20:00:00+00:00,4.226,4.239,4.208,4.222,63141.45
2026-08-02 21:00:00+00:00,4.221,4.274,4.211,4.23,93969.17
2026-08-02 22:00:00+00:00,4.23,4.241,4.208,4.224,58791.42
2026-08-02 23:00:00+00:00,4.223,4.225,4.164,4.169,115361.89
2026-08-03 00:00:00+00:00,4.17,4.176,4.098,4.135,307877.47
2026-08-03 01:00:00+00:00,4.135,4.146,4.113,4.121,65180.29
2026-08-03 02:00:00+00:00,4.12,4.137,4.105,4.118,74603.25
2026-08-03 03:00:00+00:00,4.118,4.133,4.086,4.117,95565.42
2026-08-03 04:00:00+00:00,4.117,4.149,4.101,4.118,75531.52
2026-08-03 05:00:00+00:00,4.118,4.137,4.109,4.131,66722.86
2026-08-03 06:00:00+00:00,4.13,4.188,4.121,4.14,130216.7
2026-08-03 07:00:00+00:00,4.139,4.153,4.05,4.061,282512.28
2026-08-03 08:00:00+00:00,4.061,4.068,4.009,4.063,343525.49
2026-08-03 09:00:00+00:00,4.062,4.082,4.052,4.075,125471.38
2026-08-03 10:00:00+00:00,4.074,4.08,4.053,4.057,54936.41
2026-08-03 11:00:00+00:00,4.056,4.09,4.047,4.065,49313.3
2026-08-03 12:00:00+00:00,4.066,4.093,4.059,4.079,63378.26
2026-08-03 13:00:00+00:00,4.08,4.123,4.057,4.115,140129.21
2026-08-03 14:00:00+00:00,4.114,4.115,4.03,4.04,342955.84
2026-08-03 15:00:00+00:00,4.04,4.046,3.9,3.929,993872.61
2026-08-03 16:00:00+00:00,3.928,3.943,3.875,3.914,593397.79
2026-08-03 17:00:00+00:00,3.914,3.952,3.894,3.929,314646.89
2026-08-03 18:00:00+00:00,3.929,3.93,3.892,3.902,179174.3
2026-08-03 19:00:00+00:00,3.903,3.925,3.879,3.919,192607.92
2026-08-03 20:00:00+00:00,3.919,3.935,3.91,3.927,44538.4
2026-08-03 21:00:00+00:00,3.927,3.951,3.922,3.942,163999.88
2026-08-03 22:00:00+00:00,3.941,3.944,3.908,3.914,93620.05
2026-08-03 23:00:00+00:00,3.913,3.917,3.885,3.909,150518.14
2026-08-04 00:00:00+00:00,3.909,3.933,3.89,3.902,124985.56
2026-08-04 01:00:00+00:00,3.903,3.933,3.883,3.924,105372.7
2026-08-04 02:00:00+00:00,3.923,3.946,3.904,3.906,169493.17
2026-08-04 03:00:00+00:00,3.906,3.907,3.808,3.825,613395.61
2026-08-04 04:00:00+00:00,3.824,3.886,3.816,3.877,173322.73
2026-08-04 05:00:00+00:00,3.878,3.916,3.874,3.914,118066.27
2026-08-04 06:00:00+00:00,3.915,3.927,3.879,3.891,104508.77
2026-08-04 07:00:00+00:00,3.891,3.9,3.859,3.891,94914.09
2026-08-04 08:00:00+00:00,3.89,3.9,3.877,3.878,43013.76
2026-08-04 09:00:00+00:00,3.878,3.895,3.832,3.85,149601.14
2026-08-04 10:00:00+00:00,3.849,3.877,3.828,3.854,114482.93
2026-08-04 11:00:00+00:00,3.854,3.895,3.85,3.886,128024.51
2026-08-04 12:00:00+00:00,3.886,3.886,3.853,3.858,83358.36
2026-08-04 13:00:00+00:00,3.857,3.864,3.82,3.832,212730.75
2026-08-04 14:00:00+00:00,3.831,3.858,3.786,3.836,339514.33
2026-08-04 15:00:00+00:00,3.835,3.858,3.797,3.842,235548.37
2026-08-04 16:00:00+00:00,3.842,3.855,3.828,3.845,166252.79
2026-08-04 17:00:00+00:00,3.845,3.886,3.84,3.849,124592.63
2026-08-04 18:00:00+00:00,3.848,3.9,3.848,3.891,119566.14
2026-08-04 19:00:00+00:00,3.891,3.932,3.888,3.891,134796.01
2026-08-04 20:00:00+00:00,3.89,3.898,3.866,3.882,87468.45
2026-08-04 21:00:00+00:00,3.88,3.883,3.854,3.858,45566.11
2026-08-04 22:00:00+00:00,3.859,3.888,3.849,3.883,61799.57
2026-08-04 23:00:00+00:00,3.883,3.883,3.85,3.854,40633.54
2026-08-05 00:00:00+00:00,3.853,3.86,3.829,3.843,82142.95
2026-08-05 01:00:00+00:00,3.843,3.856,3.832,3.835,101488.36
2026-08-05 02:00:00+00:00,3.835,3.921,3.835,3.901,235320.24
2026-08-05 03:00:00+00:00,3.901,3.963,3.901,3.917,351614.35
2026-08-05 04:00:00+00:00,3.917,3.943,3.906,3.942,127844.45
2026-08-05 05:00:00+00:00,3.942,3.984,3.932,3.946,206875.26
2026-08-05 06:00:00+00:00,3.946,3.984,3.943,3.977,192848.18
2026-08-05 07:00:00+00:00,3.976,3.977,3.932,3.967,80420.6
2026-08-05 08:00:00+00:00,3.968,3.976,3.921,3.929,108088.23
2026-08-05 09:00:00+00:00,3.929,3.995,3.922,3.947,197856.7
2026-08-05 10:00:00+00:00,3.946,4.0,3.929,3.979,385379.91
2026-08-05 11:00:00+00:00,3.98,4.007,3.954,3.959,234483.06
2026-08-05 12:00:00+00:00,3.961,4.02,3.946,3.993,227165.45
2026-08-05 13:00:00+00:00,3.994,4.06,3.969,4.051,362788.62
2026-08-05 14:00:00+00:00,4.051,4.105,4.037,4.089,315599.64
2026-08-05 15:00:00+00:00,4.091,4.155,4.007,4.017,486511.08
2026-08-05 16:00:00+00:00,4.018,4.13,4.016,4.13,259903.91
2026-08-05 17:00:00+00:00,4.131,4.197,4.113,4.121,315377.53
2026-08-05 18:00:00+00:00,4.123,4.152,4.108,4.142,136116.31
2026-08-05 19:00:00+00:00,4.141,4.155,4.091,4.14,190706.65
2026-08-05 20:00:00+00:00,4.139,4.144,4.074,4.085,113420.22
2026-08-05 21:00:00+00:00,4.086,4.099,4.053,4.088,85024.99
2026-08-05 22:00:00+00:00,4.088,4.099,4.033,4.034,71173.92
2026-08-05 23:00:00+00:00,4.033,4.057,4.014,4.047,100259.68
2026-08-06 00:00:00+00:00,4.048,4.116,4.033,4.096,184470.15
2026-08-06 01:00:00+00:00,4.097,4.116,4.038,4.053,277980.21
2026-08-06 02:00:00+00:00,4.052,4.134,4.045,4.099,356625.07
2026-08-06 03:00:00+00:00,4.099,4.135,4.076,4.091,228236.22
2026-08-06 04:00:00+00:00,4.092,4.111,4.061,4.105,183631.02
2026-08-06 05:00:00+00:00,4.105,4.109,4.047,4.051,182270.77
2026-08-06 06:00:00+00:00,4.052,4.066,4.028,4.06,119928.52
2026-08-06 07:00:00+00:00,4.06,4.06,4.016,4.027,162846.14
2026-08-06 08:00:00+00:00,4.027,4.067,4.022,4.056,99885.44
2026-08-06 09:00:00+00:00,4.057,4.057,3.989,4.023,299446.97
2026-08-06 10:00:00+00:00,4.022,4.03,3.999,4.011,98449.01
2026-08-06 11:00:00+00:00,4.011,4.042,3.963,4.039,128441.26
2026-08-06 12:00:00+00:00,4.038,4.055,4.003,4.011,137139.39
2026-08-06 13:00:00+00:00,4.01,4.045,3.971,4.032,225724.17
2026-08-06 14:00:00+00:00,4.031,4.124,4.024,4.12,339412.8
2026-08-06 15:00:00+00:00,4.119,4.149,4.065,4.072,519594.36
2026-08-06 16:00:00+00:00,4.072,4.093,4.043,4.079,168426.09
2026-08-06 17:00:00+00:00,4.08,4.088,4.026,4.041,109088.73
2026-08-06 18:00:00+00:00,4.041,4.052,3.99,4.0,129101.28
2026-08-06 19:00:00+00:00,4.0,4.03,4.0,4.017,122135.76
2026-08-06 20:00:00+00:00,4.018,4.034,4.008,4.014,50463.61
2026-08-06 21:00:00+00:00,4.013,4.035,4.012,4.023,33608.76
2026-08-06 22:00:00+00:00,4.023,4.027,4.003,4.009,26817.93
2026-08-06 23:00:00+00:00,4.008,4.023,3.999,4.017,33796.18
2026-08-07 00:00:00+00:00,4.016,4.091,4.0,4.074,111699.27
2026-08-07 01:00:00+00:00,4.074,4.097,4.038,4.044,95064.63
2026-08-07 02:00:00+00:00,4.044,4.07,4.03,4.032,77486.09
2026-08-07 03:00:00+00:00,4.032,4.039,4.016,4.019,53058.21
2026-08-07 04:00:00+00:00,4.019,4.057,4.0,4.012,124639.62
2026-08-07 05:00:00+00:00,4.012,4.025,3.95,4.011,174795.68
2026-08-07 06:00:00+00:00,4.009,4.037,3.981,3.989,152796.54
2026-08-07 07:00:00+00:00,3.989,4.001,3.971,3.971,93608.87
2026-08-07 08:00:00+00:00,3.97,4.026,3.969,4.026,116347.9
2026-08-07 09:00:00+00:00,4.025,4.054,4.024,4.026,134068.37
2026-08-07 10:00:00+00:00,4.027,4.038,4.0,4.009,110528.41
2026-08-07 11:00:00+00:00,4.008,4.056,4.001,4.047,112743.24
2026-08-07 12:00:00+00:00,4.047,4.087,4.032,4.082,155503.37
2026-08-07 13:00:00+00:00,4.083,4.088,4.017,4.024,90389.12
2026-08-07 14:00:00+00:00,4.024,4.026,3.96,3.964,160225.59
2026-08-07 15:00:00+00:00,3.963,4.011,3.956,3.994,88301.48
2026-08-07 16:00:00+00:00,3.995,4.059,3.989,4.005,191324.49
2026-08-07 17:00:00+00:00,4.004,4.046,3.993,4.037,75425.67
2026-08-07 18:00:00+00:00,4.039,4.056,4.006,4.02,57078.08
2026-08-07 19:00:00+00:00,4.02,4.063,4.016,4.042,60311.82
2026-08-07 20:00:00+00:00,4.042,4.051,4.013,4.027,31110.84
2026-08-07 21:00:00+00:00,4.027,4.036,3.982,3.982,35230.47
2026-08-07 22:00:00+00:00,3.981,3.981,3.936,3.969,89986.67
2026-08-07 23:00:00+00:00,3.97,3.988,3.97,3.981,40271.8
2026-08-08 00:00:00+00:00,3.982,3.992,3.962,3.983,68011.22
2026-08-08 01:00:00+00:00,3.983,4.003,3.975,3.998,36387.07
2026-08-08 02:00:00+00:00,3.997,4.004,3.978,3.997,41341.35
2026-08-08 03:00:00+00:00,3.997,4.047,3.997,4.026,88072.18
2026-08-08 04:00:00+00:00,4.026,4.034,4.014,4.016,24737.01
2026-08-08 05:00:00+00:00,4.016,4.033,4.014,4.026,40273.64
2026-08-08 06:00:00+00:00,4.027,4.034,3.999,4.002,37787.83
2026-08-08 07:00:00+00:00,4.002,4.007,3.99,3.991,29338.56
2026-08-08 08:00:00+00:00,3.992,4.011,3.98,3.994,50854.36
2026-08-08 09:00:00+00:00,3.993,4.007,3.99,3.995,36769.27
2026-08-08 10:00:00+00:00,3.995,4.005,3.983,3.99,29820.38
2026-08-08 11:00:00+00:00,3.991,3.999,3.977,3.987,57544.89
2026-08-08 12:00:00+00:00,3.987,3.994,3.963,3.966,66475.33
2026-08-08 13:00:00+00:00,3.966,3.978,3.956,3.972,89822.43
2026-08-08 14:00:00+00:00,3.972,4.015,3.969,4.005,106805.46
2026-08-08 15:00:00+00:00,4.005,4.013,3.99,3.992,48849.92
2026-08-08 16:00:00+00:00,3.993,4.001,3.975,3.992,76429.38
2026-08-08 17:00:00+00:00,3.992,4.007,3.986,3.996,51662.16
2026-08-08 18:00:00+00:00,3.996,4.004,3.985,4.0,32403.74
2026-08-08 19:00:00+00:00,4.0,4.023,3.993,4.007,53282.73
2026-08-08 20:00:00+00:00,4.006,4.031,4.005,4.026,43692.7
2026-08-08 21:00:00+00:00,4.026,4.038,4.011,4.028,22761.53
2026-08-08 22:00:00+00:00,4.028,4.034,3.995,4.002,35112.91
2026-08-08 23:00:00+00:00,4.002,4.009,3.998,4.009,26466.48
2026-08-09 00:00:00+00:00,4.009,4.009,3.987,3.99,40547.98
2026-08-09 01:00:00+00:00,3.988,3.997,3.965,3.985,100791.68
2026-08-09 02:00:00+00:00,3.984,3.991,3.96,3.965,102553.9
2026-08-09 03:00:00+00:00,3.965,3.973,3.944,3.961,108909.58
2026-08-09 04:00:00+00:00,3.961,3.977,3.96,3.971,46919.4
2026-08-09 05:00:00+00:00,3.971,3.978,3.955,3.962,47178.53
2026-08-09 06:00:00+00:00,3.962,3.978,3.96,3.97,69273.59
2026-08-09 07:00:00+00:00,3.968,3.982,3.96,3.962,118729.96
2026-08-09 08:00:00+00:00,3.963,3.985,3.963,3.977,89021.1
2026-08-09 09:00:00+00:00,3.976,4.017,3.966,4.007,138904.59
2026-08-09 10:00:00+00:00,4.007,4.018,3.984,3.985,98528.88
2026-08-09 11:00:00+00:00,3.984,4.011,3.971,3.986,150920.49
2026-08-09 12:00:00+00:00,3.987,4.002,3.98,3.994,44922.8
2026-08-09 13:00:00+00:00,3.995,4.04,3.995,4.009,86754.12
2026-08-09 14:00:00+00:00,4.01,4.044,4.007,4.044,124100.76
2026-08-09 15:00:00+00:00,4.043,4.096,4.037,4.073,159638.06
2026-08-09 16:00:00+00:00,4.074,4.076,4.034,4.038,72805.79
2026-08-09 17:00:00+00:00,4.039,4.042,4.029,4.037,27439.24
2026-08-09 18:00:00+00:00,4.037,4.061,4.034,4.058,28872.05
2026-08-09 19:00:00+00:00,4.057,4.074,4.045,4.061,32639.39
2026-08-09 20:00:00+00:00,4.061,4.079,4.06,4.062,51956.38
2026-08-09 21:00:00+00:00,4.062,4.105,4.051,4.089,43032.71
2026-08-09 22:00:00+00:00,4.089,4.115,4.027,4.032,65601.55
2026-08-09 23:00:00+00:00,4.032,4.036,3.979,3.989,154127.26
2026-08-10 00:00:00+00:00,3.989,4.044,3.981,4.022,69429.49
2026-08-10 01:00:00+00:00,4.023,4.081,4.019,4.08,80470.37
2026-08-10 02:00:00+00:00,4.081,4.085,4.037,4.083,66239.35
2026-08-10 03:00:00+00:00,4.083,4.09,4.018,4.021,64104.48
2026-08-10 04:00:00+00:00,4.021,4.048,4.013,4.04,52401.31
2026-08-10 05:00:00+00:00,4.04,4.09,4.04,4.073,69999.93
2026-08-10 06:00:00+00:00,4.073,4.088,4.059,4.079,109299.62
2026-08-10 07:00:00+00:00,4.08,4.081,4.04,4.046,69029.43
2026-08-10 08:00:00+00:00,4.046,4.063,4.03,4.046,67527.08
2026-08-10 09:00:00+00:00,4.046,4.054,3.996,4.003,66096.7
2026-08-10 10:00:00+00:00,4.002,4.015,3.996,4.012,57245.51
2026-08-10 11:00:00+00:00,4.013,4.028,4.0,4.028,31144.58
2026-08-10 12:00:00+00:00,4.026,4.034,3.995,3.999,41595.95
2026-08-10 13:00:00+00:00,3.999,4.015,3.989,4.007,87861.13
2026-08-10 14:00:00+00:00,4.008,4.024,3.981,3.985,64690.15
2026-08-10 15:00:00+00:00,3.984,3.988,3.909,3.94,226062.58
2026-08-10 16:00:00+00:00,3.941,3.953,3.911,3.919,97254.75
2026-08-10 17:00:00+00:00,3.918,3.944,3.912,3.934,78434.28
2026-08-10 18:00:00+00:00,3.934,3.941,3.919,3.921,40704.3
2026-08-10 19:00:00+00:00,3.921,3.967,3.919,3.948,34024.41
2026-08-10 20:00:00+00:00,3.948,3.965,3.948,3.957,34375.73
2026-08-10 21:00:00+00:00,3.956,3.96,3.94,3.952,38891.08
2026-08-10 22:00:00+00:00,3.953,3.968,3.943,3.946,38716.85
2026-08-10 23:00:00+00:00,3.946,3.95,3.932,3.946,43912.55
2026-08-11 00:00:00+00:00,3.946,3.951,3.936,3.947,63316.43
2026-08-11 01:00:00+00:00,3.946,3.978,3.943,3.975,62053.5
2026-08-11 02:00:00+00:00,3.976,3.985,3.956,3.976,56567.21
2026-08-11 03:00:00+00:00,3.977,4.007,3.977,4.006,42556.95
2026-08-11 04:00:00+00:00,4.005,4.029,3.989,4.002,79264.96
2026-08-11 05:00:00+00:00,4.001,4.002,3.979,3.988,35498.7
2026-08-11 06:00:00+00:00,3.988,4.012,3.935,3.949,171572.49
2026-08-11 07:00:00+00:00,3.948,3.956,3.926,3.945,99826.83
2026-08-11 08:00:00+00:00,3.945,3.959,3.927,3.943,143118.35
2026-08-11 09:00:00+00:00,3.944,3.971,3.934,3.961,115386.55
2026-08-11 10:00:00+00:00,3.961,3.964,3.919,3.92,113140.91
2026-08-11 11:00:00+00:00,3.92,3.931,3.875,3.893,219878.62
2026-08-11 12:00:00+00:00,3.892,3.897,3.84,3.844,171302.99
2026-08-11 13:00:00+00:00,3.843,3.86,3.821,3.849,155469.2
2026-08-11 14:00:00+00:00,3.849,3.858,3.733,3.752,610693.97
2026-08-11 15:00:00+00:00,3.752,3.768,3.688,3.701,488113.1
2026-08-11 16:00:00+00:00,3.7,3.737,3.681,3.715,253675.6
2026-08-11 17:00:00+00:00,3.716,3.73,3.685,3.697,118388.71
2026-08-11 18:00:00+00:00,3.697,3.727,3.696,3.721,132668.63
2026-08-11 19:00:00+00:00,3.721,3.745,3.71,3.742,123645.34
2026-08-11 20:00:00+00:00,3.742,3.754,3.736,3.749,53090.65
2026-08-11 21:00:00+00:00,3.749,3.764,3.746,3.761,64311.7
2026-08-11 22:00:00+00:00,3.762,3.773,3.753,3.759,56050.95
2026-08-11 23:00:00+00:00,3.759,3.76,3.743,3.753,56495.18
2026-08-12 00:00:00+00:00,3.753,3.754,3.735,3.753,71497.61
2026-08-12 01:00:00+00:00,3.753,3.797,3.75,3.785,86557.9
2026-08-12 02:00:00+00:00,3.786,3.805,3.775,3.801,156222.42
2026-08-12 03:00:00+00:00,3.801,3.807,3.771,3.778,76333.23
2026-08-12 04:00:00+00:00,3.777,3.801,3.774,3.778,71815.05
2026-08-12 05:00:00+00:00,3.777,3.781,3.749,3.777,175077.28
2026-08-12 06:00:00+00:00,3.778,3.78,3.601,3.619,787414.26
2026-08-12 07:00:00+00:00,3.619,3.636,3.5,3.501,1768081.85
2026-08-12 08:00:00+00:00,3.501,3.558,3.453,3.52,1687369.32
2026-08-12 09:00:00+00:00,3.52,3.556,3.515,3.549,414259.17
2026-08-12 10:00:00+00:00,3.549,3.558,3.509,3.529,429254.56
2026-08-12 11:00:00+00:00,3.529,3.552,3.521,3.547,155237.65
2026-08-12 12:00:00+00:00,3.546,3.567,3.526,3.547,315195.96
2026-08-12 13:00:00+00:00,3.547,3.567,3.528,3.539,210564.3
2026-08-12 14:00:00+00:00,3.539,3.544,3.479,3.481,398683.76
2026-08-12 15:00:00+00:00,3.481,3.514,3.478,3.514,154661.35
2026-08-12 16:00:00+00:00,3.512,3.53,3.507,3.525,215519.0
2026-08-12 17:00:00+00:00,3.525,3.54,3.495,3.528,122340.48
2026-08-12 18:00:00+00:00,3.527,3.549,3.52,3.541,77995.01
2026-08-12 19:00:00+00:00,3.542,3.555,3.536,3.549,95329.02
2026-08-12 20:00:00+00:00,3.55,3.585,3.537,3.566,93650.55
2026-08-12 21:00:00+00:00,3.566,3.573,3.519,3.527,103860.43
2026-08-12 22:00:00+00:00,3.526,3.558,3.523,3.554,117212.62
2026-08-12 23:00:00+00:00,3.553,3.593,3.54,3.575,230835.1
2026-08-13 00:00:00+00:00,3.575,3.583,3.556,3.562,102691.53
2026-08-13 01:00:00+00:00,3.562,3.564,3.543,3.543,50513.46
2026-08-13 02:00:00+00:00,3.543,3.545,3.524,3.542,105091.92
2026-08-13 03:00:00+00:00,3.543,3.555,3.541,3.544,52638.1
2026-08-13 04:00:00+00:00,3.545,3.572,3.545,3.567,77632.16
2026-08-13 05:00:00+00:00,3.568,3.586,3.554,3.554,93064.49
2026-08-13 06:00:00+00:00,3.554,3.609,3.554,3.589,140693.27
2026-08-13 07:00:00+00:00,3.589,3.615,3.589,3.593,153886.58
2026-08-13 08:00:00+00:00,3.594,3.615,3.59,3.612,126563.43
2026-08-13 09:00:00+00:00,3.613,3.613,3.584,3.598,85603.27
2026-08-13 10:00:00+00:00,3.598,3.604,3.585,3.591,62161.51
2026-08-13 11:00:00+00:00,3.59,3.596,3.527,3.527,253122.43
2026-08-13 12:00:00+00:00,3.527,3.53,3.48,3.504,271427.87
2026-08-13 13:00:00+00:00,3.503,3.512,3.466,3.479,193927.62
2026-08-13 14:00:00+00:00,3.479,3.508,3.471,3.493,129396.06
2026-08-13 15:00:00+00:00,3.493,3.501,3.466,3.47,170625.7
2026-08-13 16:00:00+00:00,3.471,3.492,3.458,3.472,164807.86
2026-08-13 17:00:00+00:00,3.47,3.493,3.469,3.484,71044.84
2026-08-13 18:00:00+00:00,3.484,3.494,3.467,3.48,44630.31
2026-08-13 19:00:00+00:00,3.481,3.495,3.477,3.489,30579.77
2026-08-13 20:00:00+00:00,3.489,3.494,3.473,3.476,39437.53
2026-08-13 21:00:00+00:00,3.475,3.493,3.475,3.489,36874.86
2026-08-13 22:00:00+00:00,3.489,3.498,3.48,3.481,75827.3
2026-08-13 23:00:00+00:00,3.48,3.485,3.465,3.479,52186.75
2026-08-14 00:00:00+00:00,3.48,3.496,3.472,3.491,60912.15
2026-08-14 01:00:00+00:00,3.49,3.529,3.486,3.513,99860.08
2026-08-14 02:00:00+00:00,3.514,3.53,3.495,3.496,67519.08
2026-08-14 03:00:00+00:00,3.496,3.498,3.428,3.436,307368.26
2026-08-14 04:00:00+00:00,3.435,3.481,3.43,3.47,84925.79
2026-08-14 05:00:00+00:00,3.47,3.496,3.465,3.494,55061.1
2026-08-14 06:00:00+00:00,3.494,3.497,3.477,3.488,130907.56
2026-08-14 07:00:00+00:00,3.488,3.488,3.464,3.465,93203.71
2026-08-14 08:00:00+00:00,3.465,3.478,3.449,3.459,139519.33
2026-08-14 09:00:00+00:00,3.458,3.458,3.428,3.432,136542.02
2026-08-14 10:00:00+00:00,3.431,3.438,3.382,3.393,338150.34
2026-08-14 11:00:00+00:00,3.392,3.397,3.172,3.2,2966126.37
2026-08-14 12:00:00+00:00,3.201,3.26,3.195,3.244,710794.79
2026-08-14 13:00:00+00:00,3.245,3.254,3.227,3.243,267478.07
2026-08-14 14:00:00+00:00,3.243,3.261,3.225,3.24,188431.84
2026-08-14 15:00:00+00:00,3.239,3.26,3.201,3.238,391733.33
2026-08-14 16:00:00+00:00,3.237,3.255,3.222,3.227,140021.31
2026-08-14 17:00:00+00:00,3.227,3.231,3.199,3.204,175081.55
2026-08-14 18:00:00+00:00,3.204,3.211,3.171,3.172,155336.29
2026-08-14 19:00:00+00:00,3.172,3.208,3.172,3.202,178499.59
2026-08-14 20:00:00+00:00,3.201,3.211,3.191,3.205,182460.99
2026-08-14 21:00:00+00:00,3.205,3.207,3.194,3.2,87727.36
2026-08-14 22:00:00+00:00,3.199,3.207,3.18,3.203,103414.24
2026-08-14 23:00:00+00:00,3.204,3.211,3.196,3.201,153195.22
2026-08-15 00:00:00+00:00,3.201,3.242,3.199,3.24,239109.35
2026-08-15 01:00:00+00:00,3.24,3.243,3.217,3.218,109279.78
2026-08-15 02:00:00+00:00,3.218,3.269,3.218,3.265,344329.7
2026-08-15 03:00:00+00:00,3.266,3.293,3.265,3.28,230005.98
2026-08-15 04:00:00+00:00,3.28,3.314,3.27,3.299,229828.93
2026-08-15 05:00:00+00:00,3.299,3.302,3.275,3.28,89047.74
2026-08-15 06:00:00+00:00,3.281,3.299,3.272,3.288,128070.45
2026-08-15 07:00:00+00:00,3.289,3.291,3.237,3.241,225944.63
2026-08-15 08:00:00+00:00,3.241,3.271,3.239,3.241,62140.47
2026-08-15 09:00:00+00:00,3.241,3.278,3.236,3.256,81556.13
2026-08-15 10:00:00+00:00,3.257,3.273,3.249,3.267,47414.94
2026-08-15 11:00:00+00:00,3.266,3.266,3.252,3.258,46214.71
2026-08-15 12:00:00+00:00,3.258,3.267,3.247,3.258,68835.48
2026-08-15 13:00:00+00:00,3.258,3.272,3.252,3.271,49384.57
2026-08-15 14:00:00+00:00,3.27,3.271,3.253,3.255,38143.62
2026-08-15 15:00:00+00:00,3.255,3.261,3.24,3.256,70338.73
2026-08-15 16:00:00+00:00,3.257,3.258,3.228,3.237,58028.66
2026-08-15 17:00:00+00:00,3.237,3.239,3.22,3.23,76216.01
2026-08-15 18:00:00+00:00,3.229,3.243,3.229,3.237,16292.55
2026-08-15 19:00:00+00:00,3.236,3.247,3.232,3.243,24536.9
2026-08-15 20:00:00+00:00,3.244,3.246,3.232,3.245,16538.25
2026-08-15 21:00:00+00:00,3.244,3.253,3.239,3.245,22364.66
2026-08-15 22:00:00+00:00,3.246,3.259,3.241,3.241,62802.21
2026-08-15 23:00:00+00:00,3.241,3.241,3.229,3.239,29879.84
2026-08-16 00:00:00+00:00,3.24,3.25,3.224,3.248,33157.81
2026-08-16 01:00:00+00:00,3.248,3.248,3.216,3.234,38771.17
2026-08-16 02:00:00+00:00,3.234,3.241,3.224,3.236,27738.91
2026-08-16 03:00:00+00:00,3.237,3.257,3.235,3.235,33681.64
2026-08-16 04:00:00+00:00,3.236,3.253,3.236,3.244,19206.22
2026-08-16 05:00:00+00:00,3.245,3.253,3.24,3.243,16663.81
2026-08-16 06:00:00+00:00,3.244,3.251,3.226,3.248,29197.39
2026-08-16 07:00:00+00:00,3.249,3.275,3.24,3.275,107480.64
2026-08-16 08:00:00+00:00,3.275,3.297,3.273,3.294,94876.94
2026-08-16 09:00:00+00:00,3.295,3.303,3.273,3.285,91728.96
2026-08-16 10:00:00+00:00,3.285,3.285,3.26,3.262,63045.97
2026-08-16 11:00:00+00:00,3.263,3.28,3.262,3.278,20394.97
2026-08-16 12:00:00+00:00,3.279,3.289,3.273,3.277,40664.04
2026-08-16 13:00:00+00:00,3.277,3.28,3.265,3.272,48416.2
2026-08-16 14:00:00+00:00,3.271,3.315,3.271,3.308,82297.61
2026-08-16 15:00:00+00:00,3.308,3.337,3.298,3.312,164329.29
2026-08-16 16:00:00+00:00,3.313,3.34,3.3,3.309,155629.5
2026-08-16 17:00:00+00:00,3.308,3.312,3.286,3.31,96609.77
2026-08-16 18:00:00+00:00,3.31,3.31,3.292,3.295,30840.56
2026-08-16 19:00:00+00:00,3.295,3.315,3.295,3.312,27246.45
2026-08-16 20:00:00+00:00,3.312,3.315,3.294,3.295,22238.64
2026-08-16 21:00:00+00:00,3.295,3.295,3.253,3.274,67472.11
2026-08-16 22:00:00+00:00,3.273,3.29,3.263,3.289,76559.46
2026-08-16 23:00:00+00:00,3.289,3.296,3.271,3.274,53098.56
2026-08-17 00:00:00+00:00,3.275,3.278,3.259,3.273,70089.65
2026-08-17 01:00:00+00:00,3.273,3.308,3.273,3.283,79308.76
2026-08-17 02:00:00+00:00,3.284,3.3,3.274,3.292,65148.48
2026-08-17 03:00:00+00:00,3.292,3.297,3.264,3.269,88745.14
2026-08-17 04:00:00+00:00,3.27,3.293,3.269,3.285,40811.25
2026-08-17 05:00:00+00:00,3.284,3.285,3.247,3.255,78069.97
2026-08-17 06:00:00+00:00,3.253,3.276,3.236,3.276,133270.29
2026-08-17 07:00:00+00:00,3.276,3.301,3.267,3.297,109582.12
2026-08-17 08:00:00+00:00,3.298,3.3,3.269,3.273,66197.66
2026-08-17 09:00:00+00:00,3.274,3.283,3.264,3.282,75667.51
2026-08-17 10:00:00+00:00,3.281,3.307,3.27,3.307,40231.32
2026-08-17 11:00:00+00:00,3.306,3.321,3.291,3.292,106367.07
2026-08-17 12:00:00+00:00,3.294,3.302,3.285,3.301,57311.47
2026-08-17 13:00:00+00:00,3.302,3.316,3.277,3.286,118265.57
2026-08-17 14:00:00+00:00,3.287,3.301,3.277,3.301,43932.48
2026-08-17 15:00:00+00:00,3.301,3.312,3.287,3.312,164125.42
2026-08-17 16:00:00+00:00,3.313,3.315,3.275,3.278,138866.27
2026-08-17 17:00:00+00:00,3.277,3.31,3.277,3.298,100233.51
2026-08-17 18:00:00+00:00,3.297,3.31,3.295,3.306,89157.87
2026-08-17 19:00:00+00:00,3.306,3.306,3.288,3.288,33321.1
2026-08-17 20:00:00+00:00,3.289,3.294,3.277,3.285,101787.03
2026-08-17 21:00:00+00:00,3.284,3.29,3.284,3.289,29935.13
2026-08-17 22:00:00+00:00,3.289,3.292,3.27,3.271,49542.59
2026-08-17 23:00:00+00:00,3.272,3.296,3.268,3.286,70117.88
2026-08-18 00:00:00+00:00,3.287,3.292,3.273,3.282,49377.24
2026-08-18 01:00:00+00:00,3.283,3.284,3.247,3.251,68758.68
2026-08-18 02:00:00+00:00,3.25,3.26,3.227,3.254,266284.32
2026-08-18 03:00:00+00:00,3.253,3.273,3.246,3.269,88811.14
2026-08-18 04:00:00+00:00,3.269,3.27,3.254,3.263,39251.29
2026-08-18 05:00:00+00:00,3.262,3.265,3.24,3.253,52280.77
2026-08-18 06:00:00+00:00,3.252,3.293,3.25,3.27,74135.09
2026-08-18 07:00:00+00:00,3.271,3.274,3.255,3.26,50150.39
2026-08-18 08:00:00+00:00,3.259,3.281,3.247,3.274,99041.11
2026-08-18 09:00:00+00:00,3.273,3.281,3.261,3.267,48086.03
2026-08-18 10:00:00+00:00,3.268,3.279,3.26,3.277,71086.02
2026-08-18 11:00:00+00:00,3.277,3.285,3.264,3.27,41207.05
2026-08-18 12:00:00+00:00,3.271,3.278,3.267,3.276,48760.85
2026-08-18 13:00:00+00:00,3.276,3.296,3.269,3.277,230795.54
2026-08-18 14:00:00+00:00,3.277,3.312,3.268,3.276,215319.03
2026-08-18 15:00:00+00:00,3.276,3.287,3.272,3.278,91381.27
2026-08-18 16:00:00+00:00,3.279,3.289,3.255,3.276,99558.08
2026-08-18 17:00:00+00:00,3.276,3.291,3.272,3.281,54945.95
2026-08-18 18:00:00+00:00,3.28,3.298,3.28,3.286,58772.91
2026-08-18 19:00:00+00:00,3.285,3.302,3.285,3.294,38995.13
2026-08-18 20:00:00+00:00,3.294,3.305,3.289,3.299,60568.28
2026-08-18 21:00:00+00:00,3.299,3.313,3.296,3.31,66417.9
2026-08-18 22:00:00+00:00,3.309,3.311,3.283,3.285,39035.27
2026-08-18 23:00:00+00:00,3.285,3.299,3.283,3.295,46177.47
2026-08-19 00:00:00+00:00,3.296,3.298,3.277,3.289,67328.43
2026-08-19 01:00:00+00:00,3.288,3.302,3.285,3.296,41256.34
2026-08-19 02:00:00+00:00,3.296,3.299,3.278,3.291,43525.76
2026-08-19 03:00:00+00:00,3.291,3.314,3.282,3.31,109717.86
2026-08-19 04:00:00+00:00,3.31,3.317,3.298,3.312,173712.82
2026-08-19 05:00:00+00:00,3.312,3.336,3.305,3.327,241021.99
2026-08-19 06:00:00+00:00,3.327,3.34,3.31,3.335,125136.53
2026-08-19 07:00:00+00:00,3.335,3.339,3.32,3.329,199143.48
2026-08-19 08:00:00+00:00,3.329,3.349,3.316,3.333,320101.71
2026-08-19 09:00:00+00:00,3.334,3.337,3.269,3.297,421252.25
2026-08-19 10:00:00+00:00,3.297,3.314,3.283,3.313,96040.25
2026-08-19 11:00:00+00:00,3.312,3.392,3.307,3.392,268957.82
2026-08-19 12:00:00+00:00,3.391,3.416,3.371,3.378,263017.44
2026-08-19 13:00:00+00:00,3.378,3.405,3.369,3.376,226942.54
2026-08-19 14:00:00+00:00,3.377,3.432,3.369,3.42,292136.19
2026-08-19 15:00:00+00:00,3.421,3.529,3.414,3.513,1107776.28
2026-08-19 16:00:00+00:00,3.514,3.609,3.498,3.582,630138.01
2026-08-19 17:00:00+00:00,3.582,3.585,3.478,3.519,468850.85
2026-08-19 18:00:00+00:00,3.519,3.523,3.49,3.51,148735.25
2026-08-19 19:00:00+00:00,3.51,3.545,3.49,3.541,219658.83
2026-08-19 20:00:00+00:00,3.541,3.634,3.537,3.632,348343.81
2026-08-19 21:00:00+00:00,3.632,3.761,3.627,3.712,979760.85
2026-08-19 22:00:00+00:00,3.712,3.718,3.627,3.644,366180.64
2026-08-19 23:00:00+00:00,3.646,3.67,3.627,3.635,194784.25
2026-08-20 00:00:00+00:00,3.636,3.719,3.635,3.682,232371.92
2026-08-20 01:00:00+00:00,3.681,3.695,3.65,3.692,197542.46
2026-08-20 02:00:00+00:00,3.692,3.694,3.619,3.623,285199.73
2026-08-20 03:00:00+00:00,3.623,3.624,3.56,3.598,474422.2
2026-08-20 04:00:00+00:00,3.598,3.61,3.577,3.603,154419.94
2026-08-20 05:00:00+00:00,3.604,3.64,3.604,3.625,118945.68
2026-08-20 06:00:00+00:00,3.625,3.639,3.599,3.626,113011.41
2026-08-20 07:00:00+00:00,3.626,3.635,3.594,3.622,226230.47
2026-08-20 08:00:00+00:00,3.623,3.736,3.621,3.714,475262.04
2026-08-20 09:00:00+00:00,3.714,3.756,3.681,3.696,402095.0
2026-08-20 10:00:00+00:00,3.695,3.746,3.694,3.719,241033.44
2026-08-20 11:00:00+00:00,3.719,3.761,3.689,3.714,402273.2
2026-08-20 12:00:00+00:00,3.715,3.722,3.671,3.696,278883.23
2026-08-20 13:00:00+00:00,3.697,3.724,3.66,3.676,281429.47
2026-08-20 14:00:00+00:00,3.676,3.693,3.621,3.657,419715.98
2026-08-20 15:00:00+00:00,3.658,3.714,3.654,3.701,396749.92
2026-08-20 16:00:00+00:00,3.701,3.771,3.669,3.749,456992.58
2026-08-20 17:00:00+00:00,3.749,3.81,3.731,3.761,415766.06
2026-08-20 18:00:00+00:00,3.761,3.78,3.704,3.711,202907.06
2026-08-20 19:00:00+00:00,3.711,3.725,3.696,3.699,94511.89
2026-08-20 20:00:00+00:00,3.699,3.728,3.695,3.7,81414.29
2026-08-20 21:00:00+00:00,3.701,3.73,3.694,3.715,59622.59
2026-08-20 22:00:00+00:00,3.716,3.73,3.697,3.725,82013.52
2026-08-20 23:00:00+00:00,3.725,3.79,3.723,3.763,234030.06
2026-08-21 00:00:00+00:00,3.764,3.823,3.749,3.823,273066.17
2026-08-21 01:00:00+00:00,3.822,3.878,3.79,3.823,476872.61
2026-08-21 02:00:00+00:00,3.823,3.844,3.788,3.828,205210.13
2026-08-21 03:00:00+00:00,3.828,3.841,3.796,3.821,202632.15
2026-08-21 04:00:00+00:00,3.822,3.855,3.793,3.841,227148.83
2026-08-21 05:00:00+00:00,3.841,3.868,3.813,3.84,245580.87
2026-08-21 06:00:00+00:00,3.841,3.878,3.809,3.875,260759.44
2026-08-21 07:00:00+00:00,3.875,3.95,3.866,3.917,561322.86
2026-08-21 08:00:00+00:00,3.917,4.061,3.917,4.057,612348.75
2026-08-21 09:00:00+00:00,4.057,4.062,3.849,3.948,900793.06
2026-08-21 10:00:00+00:00,3.948,3.965,3.897,3.927,389890.72
2026-08-21 11:00:00+00:00,3.926,3.95,3.855,3.898,453079.07
2026-08-21 12:00:00+00:00,3.9,3.952,3.885,3.92,234372.69
2026-08-21 13:00:00+00:00,3.922,3.941,3.838,3.922,415004.92
2026-08-21 14:00:00+00:00,3.921,3.974,3.885,3.951,410884.19
2026-08-21 15:00:00+00:00,3.952,4.02,3.95,3.964,353185.68
2026-08-21 16:00:00+00:00,3.964,4.024,3.916,4.006,274528.38
2026-08-21 17:00:00+00:00,4.006,4.023,3.947,3.978,208873.77
2026-08-21 18:00:00+00:00,3.979,4.002,3.915,3.954,187310.58
2026-08-21 19:00:00+00:00,3.954,3.992,3.923,3.967,142555.52
2026-08-21 20:00:00+00:00,3.966,4.027,3.952,4.023,143506.99
2026-08-21 21:00:00+00:00,4.024,4.139,4.018,4.139,430328.68
2026-08-21 22:00:00+00:00,4.139,4.203,4.12,4.173,472209.31
2026-08-21 23:00:00+00:00,4.174,4.206,4.108,4.135,308094.56
2026-08-22 00:00:00+00:00,4.136,4.253,4.096,4.248,492641.52
2026-08-22 01:00:00+00:00,4.248,4.281,4.198,4.266,470814.94
2026-08-22 02:00:00+00:00,4.265,4.377,4.225,4.358,580984.35
2026-08-22 03:00:00+00:00,4.358,4.438,4.349,4.41,567377.26
2026-08-22 04:00:00+00:00,4.411,4.447,4.344,4.423,729927.7
2026-08-22 05:00:00+00:00,4.422,4.433,3.743,4.124,2800968.75
2026-08-22 06:00:00+00:00,4.125,4.187,4.054,4.177,697544.04
2026-08-22 07:00:00+00:00,4.176,4.223,4.15,4.183,519085.08
2026-08-22 08:00:00+00:00,4.184,4.218,4.121,4.167,411808.61
2026-08-22 09:00:00+00:00,4.168,4.221,4.102,4.175,410461.7
2026-08-22 10:00:00+00:00,4.176,4.178,4.037,4.088,763352.94
2026-08-22 11:00:00+00:00,4.089,4.153,4.052,4.137,313340.76
2026-08-22 12:00:00+00:00,4.138,4.285,4.126,4.251,388877.69
2026-08-22 13:00:00+00:00,4.252,4.313,4.189,4.299,507167.67
2026-08-22 14:00:00+00:00,4.3,4.325,4.195,4.231,572246.25
2026-08-22 15:00:00+00:00,4.232,4.248,4.167,4.183,330577.56
2026-08-22 16:00:00+00:00,4.183,4.309,4.163,4.273,372727.07
2026-08-22 17:00:00+00:00,4.273,4.303,4.246,4.269,264526.91
2026-08-22 18:00:00+00:00,4.269,4.278,4.223,4.25,170107.02
2026-08-22 19:00:00+00:00,4.25,4.319,4.241,4.309,88321.52
2026-08-22 20:00:00+00:00,4.308,4.378,4.288,4.368,310215.48
2026-08-22 21:00:00+00:00,4.369,4.371,4.246,4.275,579494.1
2026-08-22 22:00:00+00:00,4.274,4.355,4.266,4.288,232671.12
2026-08-22 23:00:00+00:00,4.288,4.327,4.228,4.297,322038.77
2026-08-23 00:00:00+00:00,4.298,4.378,4.292,4.341,265184.85
2026-08-23 01:00:00+00:00,4.341,4.341,4.261,4.267,155120.81
2026-08-23 02:00:00+00:00,4.269,4.275,4.192,4.227,296149.57
2026-08-23 03:00:00+00:00,4.229,4.235,4.105,4.139,514289.79
2026-08-23 04:00:00+00:00,4.14,4.167,4.037,4.055,537098.01
2026-08-23 05:00:00+00:00,4.054,4.1,4.012,4.048,340667.53
2026-08-23 06:00:00+00:00,4.047,4.14,4.033,4.086,371244.36
2026-08-23 07:00:00+00:00,4.085,4.124,4.075,4.095,148928.15
2026-08-23 08:00:00+00:00,4.096,4.167,4.089,4.144,296013.56
2026-08-23 09:00:00+00:00,4.143,4.213,4.133,4.201,206737.24
2026-08-23 10:00:00+00:00,4.201,4.253,4.196,4.229,222144.46
2026-08-23 11:00:00+00:00,4.229,4.348,4.215,4.319,448563.21
2026-08-23 12:00:00+00:00,4.319,4.4,4.286,4.37,688650.34
2026-08-23 13:00:00+00:00,4.37,4.664,4.367,4.589,1872429.14
2026-08-23 14:00:00+00:00,4.589,4.638,4.344,4.505,1397161.6
2026-08-23 15:00:00+00:00,4.506,4.597,4.444,4.559,689157.98
2026-08-23 16:00:00+00:00,4.56,4.588,4.516,4.546,343711.97
2026-08-23 17:00:00+00:00,4.547,4.603,4.505,4.548,273361.14
2026-08-23 18:00:00+00:00,4.547,4.608,4.544,4.59,209302.76
2026-08-23 19:00:00+00:00,4.59,4.604,4.546,4.554,217319.3
2026-08-23 20:00:00+00:00,4.554,4.582,4.523,4.57,126943.75
2026-08-23 21:00:00+00:00,4.571,4.7,4.569,4.652,535086.53
2026-08-23 22:00:00+00:00,4.652,4.667,4.534,4.559,233876.91
2026-08-23 23:00:00+00:00,4.558,4.568,4.514,4.523,269741.57
2026-08-24 00:00:00+00:00,4.524,4.531,4.459,4.496,386791.22
2026-08-24 01:00:00+00:00,4.497,4.502,4.378,4.386,421109.79
2026-08-24 02:00:00+00:00,4.385,4.499,4.371,4.489,331462.76
2026-08-24 03:00:00+00:00,4.489,4.493,4.401,4.415,406352.74
2026-08-24 04:00:00+00:00,4.415,4.538,4.415,4.473,460284.37
2026-08-24 05:00:00+00:00,4.472,4.51,4.437,4.489,405236.78
2026-08-24 06:00:00+00:00,4.488,4.503,4.391,4.432,410766.57
2026-08-24 07:00:00+00:00,4.432,4.47,4.356,4.388,440636.47
2026-08-24 08:00:00+00:00,4.389,4.395,4.311,4.327,410333.33
2026-08-24 09:00:00+00:00,4.326,4.377,4.32,4.361,223687.35
2026-08-24 10:00:00+00:00,4.359,4.385,4.266,4.281,476985.95
2026-08-24 11:00:00+00:00,4.28,4.392,4.247,4.37,420899.34
2026-08-24 12:00:00+00:00,4.37,4.454,4.311,4.441,466960.03
2026-08-24 13:00:00+00:00,4.442,4.444,4.272,4.314,779935.39
2026-08-24 14:00:00+00:00,4.313,4.422,4.308,4.384,443467.5
2026-08-24 15:00:00+00:00,4.383,4.433,4.297,4.317,324066.9
2026-08-24 16:00:00+00:00,4.318,4.375,4.307,4.327,295854.96
2026-08-24 17:00:00+00:00,4.326,4.326,4.236,4.284,498362.05
2026-08-24 18:00:00+00:00,4.285,4.319,4.257,4.264,168375.04
2026-08-24 19:00:00+00:00,4.264,4.286,4.239,4.268,183311.44
2026-08-24 20:00:00+00:00,4.269,4.3,4.245,4.298,87970.79
2026-08-24 21:00:00+00:00,4.299,4.321,4.289,4.309,147889.71
2026-08-24 22:00:00+00:00,4.309,4.32,4.282,4.284,68368.0
2026-08-24 23:00:00+00:00,4.285,4.338,4.266,4.333,103688.41
2026-08-25 00:00:00+00:00,4.331,4.369,4.285,4.346,174196.06
2026-08-25 01:00:00+00:00,4.347,4.386,4.327,4.378,184144.8
2026-08-25 02:00:00+00:00,4.378,4.469,4.358,4.394,299934.54
2026-08-25 03:00:00+00:00,4.394,4.426,4.353,4.366,295701.73
2026-08-25 04:00:00+00:00,4.365,4.414,4.348,4.407,265603.79
2026-08-25 05:00:00+00:00,4.408,4.448,4.4,4.407,365873.7
2026-08-25 06:00:00+00:00,4.408,4.412,4.348,4.365,212741.64
2026-08-25 07:00:00+00:00,4.364,4.427,4.285,4.314,380202.86
2026-08-25 08:00:00+00:00,4.315,4.398,4.305,4.386,142964.71
2026-08-25 09:00:00+00:00,4.386,4.419,4.328,4.343,202879.96
2026-08-25 10:00:00+00:00,4.344,4.391,4.331,4.364,125237.74
2026-08-25 11:00:00+00:00,4.363,4.416,4.349,4.385,167295.2
2026-08-25 12:00:00+00:00,4.385,4.413,4.329,4.397,243657.16
2026-08-25 13:00:00+00:00,4.396,4.434,4.331,4.38,364813.45
2026-08-25 14:00:00+00:00,4.379,4.446,4.346,4.387,330295.34
2026-08-25 15:00:00+00:00,4.388,4.411,4.345,4.403,154619.06
2026-08-25 16:00:00+00:00,4.403,4.403,4.311,4.357,282627.94
2026-08-25 17:00:00+00:00,4.357,4.357,4.299,4.331,128685.25
2026-08-25 18:00:00+00:00,4.332,4.351,4.316,4.326,76565.56
2026-08-25 19:00:00+00:00,4.326,4.347,4.291,4.315,56795.82
2026-08-25 20:00:00+00:00,4.316,4.322,4.203,4.209,256627.14
2026-08-25 21:00:00+00:00,4.208,4.261,4.169,4.253,227316.98
2026-08-25 22:00:00+00:00,4.254,4.297,4.254,4.288,74638.99
2026-08-25 23:00:00+00:00,4.287,4.309,4.248,4.269,78926.73
2026-08-26 00:00:00+00:00,4.269,4.313,4.24,4.293,116174.0
2026-08-26 01:00:00+00:00,4.292,4.346,4.291,4.315,136276.87
2026-08-26 02:00:00+00:00,4.316,4.337,4.28,4.332,151873.91
2026-08-26 03:00:00+00:00,4.331,4.336,4.281,4.29,123005.92
2026-08-26 04:00:00+00:00,4.289,4.304,4.262,4.264,104691.17
2026-08-26 05:00:00+00:00,4.264,4.317,4.245,4.297,102401.72
2026-08-26 06:00:00+00:00,4.297,4.302,4.247,4.272,70817.91
2026-08-26 07:00:00+00:00,4.272,4.296,4.26,4.267,115805.27
2026-08-26 08:00:00+00:00,4.266,4.323,4.251,4.272,162593.39
2026-08-26 09:00:00+00:00,4.273,4.279,4.215,4.242,124007.93
2026-08-26 10:00:00+00:00,4.241,4.336,4.227,4.307,143835.6
2026-08-26 11:00:00+00:00,4.307,4.324,4.265,4.282,111877.58
2026-08-26 12:00:00+00:00,4.283,4.354,4.278,4.291,148987.68
2026-08-26 13:00:00+00:00,4.291,4.304,4.245,4.278,146145.15
2026-08-26 14:00:00+00:00,4.278,4.289,4.173,4.181,212183.3
2026-08-26 15:00:00+00:00,4.181,4.238,4.163,4.219,172969.43
2026-08-26 16:00:00+00:00,4.219,4.24,4.145,4.202,380488.48
2026-08-26 17:00:00+00:00,4.204,4.261,4.203,4.231,92676.28
2026-08-26 18:00:00+00:00,4.232,4.252,4.224,4.246,53102.1
2026-08-26 19:00:00+00:00,4.245,4.292,4.243,4.261,103743.44
2026-08-26 20:00:00+00:00,4.26,4.277,4.224,4.276,36746.87
2026-08-26 21:00:00+00:00,4.276,4.368,4.267,4.355,202366.59
2026-08-26 22:00:00+00:00,4.355,4.398,4.349,4.369,219439.44
2026-08-26 23:00:00+00:00,4.369,4.405,4.364,4.38,156883.83
2026-08-27 00:00:00+00:00,4.382,4.399,4.34,4.353,113058.96
2026-08-27 01:00:00+00:00,4.352,4.418,4.315,4.385,234100.67
2026-08-27 02:00:00+00:00,4.383,4.487,4.383,4.405,427283.43
2026-08-27 03:00:00+00:00,4.406,4.413,4.364,4.39,189405.58
2026-08-27 04:00:00+00:00,4.391,4.418,4.356,4.373,142398.55
2026-08-27 05:00:00+00:00,4.374,4.382,4.334,4.381,155477.88
2026-08-27 06:00:00+00:00,4.38,4.397,4.344,4.389,115840.76
2026-08-27 07:00:00+00:00,4.389,4.407,4.364,4.38,115711.98
2026-08-27 08:00:00+00:00,4.381,4.481,4.375,4.454,419367.15
2026-08-27 09:00:00+00:00,4.453,4.515,4.436,4.466,461947.12
2026-08-27 10:00:00+00:00,4.466,4.492,4.408,4.447,266827.62
2026-08-27 11:00:00+00:00,4.447,4.487,4.421,4.458,231748.39
2026-08-27 12:00:00+00:00,4.458,4.483,4.443,4.471,201038.61
2026-08-27 13:00:00+00:00,4.471,4.549,4.47,4.526,294866.2
2026-08-27 14:00:00+00:00,4.525,4.563,4.48,4.508,284551.92
2026-08-27 15:00:00+00:00,4.508,4.544,4.486,4.52,158744.96
2026-08-27 16:00:00+00:00,4.52,4.603,4.49,4.56,284138.6
2026-08-27 17:00:00+00:00,4.561,4.635,4.55,4.614,219651.09
2026-08-27 18:00:00+00:00,4.614,4.629,4.551,4.62,271838.44
2026-08-27 19:00:00+00:00,4.62,4.631,4.583,4.593,160609.3
2026-08-27 20:00:00+00:00,4.594,4.625,4.558,4.623,127339.88
2026-08-27 21:00:00+00:00,4.622,4.656,4.614,4.627,193060.7
2026-08-27 22:00:00+00:00,4.627,4.72,4.627,4.683,364539.07
2026-08-27 23:00:00+00:00,4.683,4.688,4.643,4.684,256661.34
2026-08-28 00:00:00+00:00,4.685,4.758,4.662,4.724,298095.96
2026-08-28 01:00:00+00:00,4.725,4.844,4.712,4.719,540449.34
2026-08-28 02:00:00+00:00,4.72,4.722,4.575,4.632,504598.11
2026-08-28 03:00:00+00:00,4.632,4.7,4.609,4.682,201039.66
2026-08-28 04:00:00+00:00,4.682,4.71,4.628,4.674,217039.35
2026-08-28 05:00:00+00:00,4.673,4.677,4.595,4.633,212660.61
2026-08-28 06:00:00+00:00,4.633,4.689,4.633,4.659,173981.31
2026-08-28 07:00:00+00:00,4.66,4.668,4.585,4.601,304957.21
2026-08-28 08:00:00+00:00,4.602,4.655,4.59,4.607,181694.21
2026-08-28 09:00:00+00:00,4.607,4.62,4.559,4.577,198646.23
2026-08-28 10:00:00+00:00,4.578,4.596,4.537,4.593,211122.07
2026-08-28 11:00:00+00:00,4.594,4.644,4.59,4.64,95192.41
2026-08-28 12:00:00+00:00,4.639,4.648,4.572,4.582,118000.25
2026-08-28 13:00:00+00:00,4.583,4.614,4.562,4.579,268500.76
2026-08-28 14:00:00+00:00,4.58,4.642,4.475,4.61,650275.22
2026-08-28 15:00:00+00:00,4.611,4.629,4.483,4.484,257487.02
2026-08-28 16:00:00+00:00,4.485,4.492,4.355,4.447,550333.9
2026-08-28 17:00:00+00:00,4.446,4.467,4.42,4.424,130554.31
2026-08-28 18:00:00+00:00,4.424,4.429,4.348,4.379,218545.45
2026-08-28 19:00:00+00:00,4.38,4.417,4.379,4.397,122991.59
2026-08-28 20:00:00+00:00,4.396,4.409,4.381,4.397,92890.92
2026-08-28 21:00:00+00:00,4.398,4.409,4.358,4.366,96227.06
2026-08-28 22:00:00+00:00,4.364,4.431,4.364,4.428,91498.26
2026-08-28 23:00:00+00:00,4.427,4.45,4.421,4.437,95081.49
2026-08-29 00:00:00+00:00,4.438,4.461,4.423,4.423,80498.45
2026-08-29 01:00:00+00:00,4.424,4.445,4.414,4.437,45058.73
2026-08-29 02:00:00+00:00,4.437,4.439,4.381,4.402,119235.47
2026-08-29 03:00:00+00:00,4.403,4.415,4.379,4.379,80005.7
2026-08-29 04:00:00+00:00,4.379,4.407,4.375,4.401,54779.08
2026-08-29 05:00:00+00:00,4.4,4.466,4.398,4.434,105710.79
2026-08-29 06:00:00+00:00,4.434,4.44,4.391,4.411,126975.24
2026-08-29 07:00:00+00:00,4.411,4.432,4.386,4.396,68267.17
2026-08-29 08:00:00+00:00,4.395,4.395,4.35,4.359,137332.69
2026-08-29 09:00:00+00:00,4.359,4.391,4.358,4.362,93938.2
2026-08-29 10:00:00+00:00,4.362,4.396,4.355,4.381,68985.93
2026-08-29 11:00:00+00:00,4.38,4.396,4.377,4.388,33361.78
2026-08-29 12:00:00+00:00,4.389,4.406,4.38,4.401,54258.88
2026-08-29 13:00:00+00:00,4.402,4.416,4.386,4.408,62303.49
2026-08-29 14:00:00+00:00,4.407,4.513,4.406,4.505,336050.1
2026-08-29 15:00:00+00:00,4.506,4.523,4.474,4.488,173580.02
2026-08-29 16:00:00+00:00,4.489,4.65,4.482,4.64,524962.07
2026-08-29 17:00:00+00:00,4.639,4.652,4.59,4.621,277381.41
2026-08-29 18:00:00+00:00,4.619,4.712,4.618,4.664,355206.64
2026-08-29 19:00:00+00:00,4.664,4.681,4.627,4.647,180247.82
2026-08-29 20:00:00+00:00,4.648,4.689,4.639,4.663,150836.86
2026-08-29 21:00:00+00:00,4.662,4.7,4.649,4.652,97922.7
2026-08-29 22:00:00+00:00,4.651,4.699,4.631,4.686,137333.15
2026-08-29 23:00:00+00:00,4.686,4.709,4.647,4.682,160829.6
2026-08-30 00:00:00+00:00,4.681,4.692,4.652,4.652,86305.33
2026-08-30 01:00:00+00:00,4.651,4.714,4.638,4.711,123525.86
2026-08-30 02:00:00+00:00,4.711,4.89,4.685,4.872,815025.14
2026-08-30 03:00:00+00:00,4.872,4.935,4.841,4.909,876405.88
2026-08-30 04:00:00+00:00,4.909,4.916,4.846,4.865,421454.57
2026-08-30 05:00:00+00:00,4.865,4.922,4.853,4.892,261254.31
2026-08-30 06:00:00+00:00,4.893,4.98,4.868,4.947,360892.98
2026-08-30 07:00:00+00:00,4.948,4.964,4.86,4.89,485597.6
2026-08-30 08:00:00+00:00,4.89,4.92,4.813,4.836,534402.34
2026-08-30 09:00:00+00:00,4.836,4.845,4.788,4.815,380344.3
2026-08-30 10:00:00+00:00,4.814,4.97,4.804,4.957,387110.51
2026-08-30 11:00:00+00:00,4.958,5.117,4.956,5.108,1267358.42
2026-08-30 12:00:00+00:00,5.108,5.248,5.1,5.239,1842707.33
2026-08-30 13:00:00+00:00,5.239,5.324,5.224,5.231,1251636.87
2026-08-30 14:00:00+00:00,5.231,5.268,5.138,5.191,971286.64
2026-08-30 15:00:00+00:00,5.191,5.194,5.131,5.165,409901.19
2026-08-30 16:00:00+00:00,5.165,5.397,5.163,5.381,855253.03
2026-08-30 17:00:00+00:00,5.38,5.492,5.288,5.438,924976.74
2026-08-30 18:00:00+00:00,5.437,5.466,5.387,5.444,473006.4
2026-08-30 19:00:00+00:00,5.445,5.445,5.301,5.337,332866.22
2026-08-30 20:00:00+00:00,5.338,5.377,5.257,5.284,412644.7
2026-08-30 21:00:00+00:00,5.285,5.309,5.234,5.275,303300.91
2026-08-30 22:00:00+00:00,5.275,5.336,5.241,5.255,266838.54
2026-08-30 23:00:00+00:00,5.253,5.253,5.056,5.131,1005158.17
2026-08-31 00:00:00+00:00,5.131,5.253,5.095,5.151,705685.49
2026-08-31 01:00:00+00:00,5.15,5.18,5.088,5.108,567133.94
2026-08-31 02:00:00+00:00,5.107,5.189,4.986,5.033,747289.24
2026-08-31 03:00:00+00:00,5.034,5.074,5.014,5.041,372694.05
2026-08-31 04:00:00+00:00,5.042,5.046,4.976,5.033,440668.97
2026-08-31 05:00:00+00:00,5.032,5.189,5.029,5.128,473266.12
2026-08-31 06:00:00+00:00,5.128,5.162,5.104,5.144,276713.8
2026-08-31 07:00:00+00:00,5.144,5.186,5.123,5.162,189559.5
2026-08-31 08:00:00+00:00,5.163,5.187,5.12,5.157,140302.74
2026-08-31 09:00:00+00:00,5.157,5.201,5.136,5.17,237540.18
2026-08-31 10:00:00+00:00,5.17,5.199,5.082,5.149,334009.87
2026-08-31 11:00:00+00:00,5.149,5.152,5.091,5.128,182265.07
2026-08-31 12:00:00+00:00,5.128,5.149,5.054,5.082,385003.03
2026-08-31 13:00:00+00:00,5.083,5.135,5.046,5.065,273657.47
2026-08-31 14:00:00+00:00,5.066,5.261,5.063,5.199,620745.05
2026-08-31 15:00:00+00:00,5.2,5.241,5.148,5.17,363673.64
2026-08-31 16:00:00+00:00,5.17,5.181,5.109,5.131,213858.89
2026-08-31 17:00:00+00:00,5.13,5.228,5.118,5.206,221892.75
2026-08-31 18:00:00+00:00,5.206,5.24,5.181,5.219,158013.61
2026-08-31 19:00:00+00:00,5.219,5.257,5.2,5.21,172902.21
2026-08-31 20:00:00+00:00,5.211,5.253,5.192,5.213,107027.26
2026-08-31 21:00:00+00:00,5.215,5.294,5.182,5.257,187910.73
2026-08-31 22:00:00+00:00,5.257,5.263,5.205,5.23,245135.64
2026-08-31 23:00:00+00:00,5.229,5.243,5.188,5.232,167760.69
2026-09-01 00:00:00+00:00,5.232,5.405,5.222,5.251,624500.25
2026-09-01 01:00:00+00:00,5.252,5.338,5.223,5.271,283544.0
2026-09-01 02:00:00+00:00,5.27,5.27,5.195,5.224,279931.21
2026-09-01 03:00:00+00:00,5.223,5.443,5.22,5.369,633266.46
2026-09-01 04:00:00+00:00,5.368,5.416,5.346,5.375,363224.57
2026-09-01 05:00:00+00:00,5.377,5.609,5.367,5.593,1061315.4
2026-09-01 06:00:00+00:00,5.592,5.92,5.574,5.741,1387189.01
2026-09-01 07:00:00+00:00,5.74,5.828,5.74,5.81,976202.92
2026-09-01 08:00:00+00:00,5.81,5.838,5.652,5.697,930032.95
2026-09-01 09:00:00+00:00,5.698,5.726,5.646,5.681,645739.68
2026-09-01 10:00:00+00:00,5.682,5.771,5.628,5.738,507035.51
2026-09-01 11:00:00+00:00,5.738,5.963,5.705,5.899,1425607.68
2026-09-01 12:00:00+00:00,5.899,5.951,5.726,5.732,1003984.78
2026-09-01 13:00:00+00:00,5.733,5.775,5.651,5.695,720303.85
2026-09-01 14:00:00+00:00,5.694,5.807,5.671,5.726,601844.75
2026-09-01 15:00:00+00:00,5.727,5.769,5.674,5.723,397158.03
2026-09-01 16:00:00+00:00,5.724,5.736,5.613,5.698,429944.06
2026-09-01 17:00:00+00:00,5.699,5.818,5.671,5.746,413229.09
2026-09-01 18:00:00+00:00,5.747,5.775,5.572,5.659,402203.57
2026-09-01 19:00:00+00:00,5.66,5.677,5.618,5.658,183013.06
2026-09-01 20:00:00+00:00,5.659,5.724,5.632,5.719,183434.0
2026-09-01 21:00:00+00:00,5.72,5.8,5.685,5.774,208362.42
2026-09-01 22:00:00+00:00,5.773,5.843,5.766,5.811,307800.63
2026-09-01 23:00:00+00:00,5.811,5.88,5.799,5.847,347460.73
2026-09-02 00:00:00+00:00,5.847,5.937,5.816,5.892,501596.64
2026-09-02 01:00:00+00:00,5.891,5.904,5.78,5.847,507621.94
2026-09-02 02:00:00+00:00,5.848,6.057,5.792,6.024,1597198.65
2026-09-02 03:00:00+00:00,6.024,6.073,5.962,6.051,1097353.04
2026-09-02 04:00:00+00:00,6.051,6.354,6.042,6.256,2066569.37
2026-09-02 05:00:00+00:00,6.256,6.38,6.192,6.215,1115237.08
2026-09-02 06:00:00+00:00,6.216,6.337,6.182,6.319,712889.61
2026-09-02 07:00:00+00:00,6.32,6.37,6.266,6.3,775899.09
2026-09-02 08:00:00+00:00,6.299,6.37,6.151,6.189,979734.77
2026-09-02 09:00:00+00:00,6.189,6.268,6.056,6.074,1195767.32
2026-09-02 10:00:00+00:00,6.075,6.11,5.93,6.054,1134333.82
2026-09-02 11:00:00+00:00,6.053,6.055,5.7,5.748,1260779.01
2026-09-02 12:00:00+00:00,5.747,5.888,5.721,5.819,990458.51
2026-09-02 13:00:00+00:00,5.819,5.911,5.772,5.886,983387.79
2026-09-02 14:00:00+00:00,5.886,5.925,5.778,5.789,937408.05
2026-09-02 15:00:00+00:00,5.79,5.888,5.726,5.875,586898.97
2026-09-02 16:00:00+00:00,5.876,5.911,5.8,5.809,417537.76
2026-09-02 17:00:00+00:00,5.808,5.858,5.763,5.836,385873.38
2026-09-02 18:00:00+00:00,5.837,5.838,5.789,5.799,356341.28
2026-09-02 19:00:00+00:00,5.798,5.847,5.783,5.844,177827.63
2026-09-02 20:00:00+00:00,5.845,5.876,5.8,5.846,369239.79
2026-09-02 21:00:00+00:00,5.846,5.908,5.814,5.858,249785.52
2026-09-02 22:00:00+00:00,5.856,5.888,5.821,5.845,294571.26
2026-09-02 23:00:00+00:00,5.845,5.886,5.799,5.854,314373.29
2026-09-03 00:00:00+00:00,5.854,5.864,5.773,5.791,332133.09
2026-09-03 01:00:00+00:00,5.792,5.846,5.679,5.702,662080.89
2026-09-03 02:00:00+00:00,5.701,5.815,5.678,5.801,560010.44
2026-09-03 03:00:00+00:00,5.802,5.803,5.708,5.722,333749.73
2026-09-03 04:00:00+00:00,5.722,5.784,5.687,5.758,349019.48
2026-09-03 05:00:00+00:00,5.758,5.781,5.678,5.713,426247.72
2026-09-03 06:00:00+00:00,5.712,5.762,5.676,5.728,328855.68
2026-09-03 07:00:00+00:00,5.728,5.763,5.637,5.717,820249.27
2026-09-03 08:00:00+00:00,5.718,5.831,5.714,5.819,494624.34
2026-09-03 09:00:00+00:00,5.82,6.127,5.784,6.075,1334940.33
2026-09-03 10:00:00+00:00,6.074,6.101,5.998,6.046,836814.14
2026-09-03 11:00:00+00:00,6.047,6.263,6.04,6.192,801860.97
2026-09-03 12:00:00+00:00,6.191,6.286,6.162,6.245,629963.71
2026-09-03 13:00:00+00:00,6.244,6.362,6.143,6.153,855908.89
2026-09-03 14:00:00+00:00,6.153,6.229,6.065,6.166,869104.25
2026-09-03 15:00:00+00:00,6.165,6.303,6.124,6.22,796222.69
2026-09-03 16:00:00+00:00,6.219,6.224,6.102,6.133,495610.1
2026-09-03 17:00:00+00:00,6.134,6.201,6.079,6.132,323179.53
2026-09-03 18:00:00+00:00,6.132,6.294,6.106,6.269,378271.26
2026-09-03 19:00:00+00:00,6.269,6.321,6.188,6.233,435756.84
2026-09-03 20:00:00+00:00,6.232,6.4,6.207,6.349,579758.4
2026-09-03 21:00:00+00:00,6.349,6.512,6.31,6.382,930260.01
2026-09-03 22:00:00+00:00,6.381,6.507,6.305,6.378,718152.23
2026-09-03 23:00:00+00:00,6.377,6.423,6.253,6.327,359160.86
