timestamp,open,high,low,close,volume
2026-03-08 01:00:00+00:00,0.006896,0.00692,0.006881,0.006905,3919952.8
2026-03-08 02:00:00+00:00,0.006904,0.006907,0.006827,0.006838,9043954.2
2026-03-08 03:00:00+00:00,0.006838,0.006868,0.006833,0.006846,2986093.0
2026-03-08 04:00:00+00:00,0.006847,0.006865,0.006794,0.006805,15831028.9
2026-03-08 05:00:00+00:00,0.006807,0.006883,0.006803,0.006849,15877412.1
2026-03-08 06:00:00+00:00,0.006848,0.006852,0.006817,0.006848,7276706.0
2026-03-08 07:00:00+00:00,0.006847,0.006893,0.006843,0.006867,3451247.6
2026-03-08 08:00:00+00:00,0.006867,0.00687,0.006832,0.006853,2477966.9
2026-03-08 09:00:00+00:00,0.006852,0.006904,0.006839,0.006894,3969000.6
2026-03-08 10:00:00+00:00,0.006894,0.006954,0.006894,0.006928,5018895.2
2026-03-08 11:00:00+00:00,0.006927,0.006932,0.006871,0.006877,5317069.5
2026-03-08 12:00:00+00:00,0.006881,0.006941,0.006835,0.006904,8738878.7
2026-03-08 13:00:00+00:00,0.006904,0.006908,0.006828,0.006875,31425602.9
2026-03-08 14:00:00+00:00,0.006874,0.006893,0.006824,0.006856,4532321.6
2026-03-08 15:00:00+00:00,0.006855,0.006857,0.006801,0.006823,9091049.4
2026-03-08 16:00:00+00:00,0.006822,0.006822,0.006764,0.006779,9590109.0
2026-03-08 17:00:00+00:00,0.006779,0.00683,0.006773,0.006824,4198201.1
2026-03-08 18:00:00+00:00,0.006825,0.006831,0.006782,0.006793,4290280.5
2026-03-08 19:00:00+00:00,0.006795,0.006916,0.006788,0.006889,5430689.2
2026-03-08 20:00:00+00:00,0.00689,0.006926,0.006849,0.006869,7844077.8
2026-03-08 21:00:00+00:00,0.00687,0.006876,0.00682,0.006874,3725373.2
2026-03-08 22:00:00+00:00,0.006863,0.006863,0.006706,0.006818,11460358.4
2026-03-08 23:00:00+00:00,0.006817,0.00684,0.006758,0.006777,9055091.8
2026-03-09 00:00:00+00:00,0.00678,0.00689,0.00678,0.006844,10542795.6
2026-03-09 01:00:00+00:00,0.006842,0.006859,0.006799,0.006803,7097139.0
2026-03-09 02:00:00+00:00,0.006799,0.00689,0.006789,0.006874,3807307.4
2026-03-09 03:00:00+00:00,0.006871,0.006997,0.006871,0.006914,6530821.3
2026-03-09 04:00:00+00:00,0.006927,0.006977,0.006918,0.006934,5772616.4
2026-03-09 05:00:00+00:00,0.006938,0.007053,0.006918,0.007029,5225659.8
2026-03-09 06:00:00+00:00,0.007032,0.007035,0.006955,0.006957,4649874.0
2026-03-09 07:00:00+00:00,0.006955,0.006978,0.006899,0.006972,4961075.8
2026-03-09 08:00:00+00:00,0.006972,0.007014,0.006961,0.006973,12708145.6
2026-03-09 09:00:00+00:00,0.00697,0.00704,0.006953,0.006985,7394426.5
2026-03-09 10:00:00+00:00,0.006988,0.007006,0.006952,0.006961,4329287.0
2026-03-09 11:00:00+00:00,0.006958,0.006992,0.006931,0.006974,2535420.1
2026-03-09 12:00:00+00:00,0.006973,0.00704,0.006973,0.007022,7377901.9
2026-03-09 13:00:00+00:00,0.007018,0.007098,0.007015,0.007074,13208271.4
2026-03-09 14:00:00+00:00,0.007074,0.00711,0.00703,0.007054,11670632.4
2026-03-09 15:00:00+00:00,0.007053,0.007075,0.007015,0.00705,4548101.6
2026-03-09 16:00:00+00:00,0.007045,0.00707,0.00701,0.007024,6684873.8
2026-03-09 17:00:00+00:00,0.007026,0.007058,0.007023,0.007046,3398287.6
2026-03-09 18:00:00+00:00,0.007044,0.007055,0.007004,0.007012,8182266.5
2026-03-09 19:00:00+00:00,0.007012,0.007157,0.007003,0.007062,15536501.0
2026-03-09 20:00:00+00:00,0.007063,0.007075,0.007019,0.007049,5415617.9
2026-03-09 21:00:00+00:00,0.007048,0.007076,0.007018,0.007034,3267934.5
2026-03-09 22:00:00+00:00,0.007039,0.007043,0.006946,0.006964,6449403.5
2026-03-09 23:00:00+00:00,0.006962,0.00698,0.006951,0.006967,7415533.4
2026-03-10 00:00:00+00:00,0.006962,0.007041,0.006958,0.007004,3186495.2
2026-03-10 01:00:00+00:00,0.007003,0.007023,0.00697,0.007005,4580360.6
2026-03-10 02:00:00+00:00,0.007006,0.007103,0.00699,0.00706,13312317.5
2026-03-10 03:00:00+00:00,0.00706,0.007071,0.006995,0.007005,3615236.3
2026-03-10 04:00:00+00:00,0.007006,0.007073,0.007006,0.007043,3280305.2
2026-03-10 05:00:00+00:00,0.007042,0.007064,0.007016,0.007038,9268124.4
2026-03-10 06:00:00+00:00,0.007038,0.007039,0.007009,0.007025,7026839.6
2026-03-10 07:00:00+00:00,0.007024,0.007082,0.00701,0.007045,10182769.9
2026-03-10 08:00:00+00:00,0.007046,0.007114,0.007046,0.007078,19515394.9
2026-03-10 09:00:00+00:00,0.007079,0.007154,0.007079,0.007135,8254306.1
2026-03-10 10:00:00+00:00,0.007136,0.007137,0.007097,0.007124,4193106.2
2026-03-10 11:00:00+00:00,0.007123,0.007133,0.0071,0.007107,5027411.2
2026-03-10 12:00:00+00:00,0.00711,0.00711,0.007072,0.007096,4003328.7
2026-03-10 13:00:00+00:00,0.0071,0.00715,0.007045,0.007065,15413022.4
2026-03-10 14:00:00+00:00,0.007064,0.007226,0.007012,0.007223,22358973.7
2026-03-10 15:00:00+00:00,0.007224,0.00724,0.007145,0.007204,10394527.5
2026-03-10 16:00:00+00:00,0.007206,0.007299,0.007184,0.00727,22665879.5
2026-03-10 17:00:00+00:00,0.007271,0.007292,0.007175,0.007202,17760259.1
2026-03-10 18:00:00+00:00,0.007204,0.007208,0.007074,0.007092,14028750.1
2026-03-10 19:00:00+00:00,0.007091,0.007096,0.007018,0.007046,13046167.8
2026-03-10 20:00:00+00:00,0.007045,0.007088,0.007038,0.00707,6508245.3
2026-03-10 21:00:00+00:00,0.00707,0.007081,0.006985,0.007,5814059.7
2026-03-10 22:00:00+00:00,0.007001,0.00704,0.006987,0.007023,6467991.7
2026-03-10 23:00:00+00:00,0.007022,0.00704,0.007005,0.007012,5386217.8
2026-03-11 00:00:00+00:00,0.007011,0.007047,0.007002,0.007031,7616952.3
2026-03-11 01:00:00+00:00,0.007028,0.007041,0.007004,0.007017,4964194.4
2026-03-11 02:00:00+00:00,0.007017,0.007022,0.006992,0.007022,11976806.2
2026-03-11 03:00:00+00:00,0.007028,0.007046,0.007008,0.007027,10197971.4
2026-03-11 04:00:00+00:00,0.007027,0.00708,0.007005,0.007073,10010882.5
2026-03-11 05:00:00+00:00,0.007073,0.007075,0.006971,0.006999,8871966.3
2026-03-11 06:00:00+00:00,0.007,0.007067,0.006999,0.007055,7212231.6
2026-03-11 07:00:00+00:00,0.007054,0.007065,0.007013,0.00703,8537391.1
2026-03-11 08:00:00+00:00,0.007031,0.007054,0.007026,0.007046,6831760.3
2026-03-11 09:00:00+00:00,0.007045,0.007075,0.007035,0.007042,14091619.0
2026-03-11 10:00:00+00:00,0.007043,0.007078,0.007041,0.007059,7507855.5
2026-03-11 11:00:00+00:00,0.00706,0.007078,0.007044,0.007054,7088514.5
2026-03-11 12:00:00+00:00,0.007053,0.007145,0.007021,0.007093,20840939.5
2026-03-11 13:00:00+00:00,0.007093,0.00722,0.007085,0.007122,26886569.4
2026-03-11 14:00:00+00:00,0.007126,0.007188,0.007122,0.007137,12851085.9
2026-03-11 15:00:00+00:00,0.007138,0.007145,0.007046,0.007102,10888524.1
2026-03-11 16:00:00+00:00,0.007103,0.007127,0.007084,0.007119,12720993.1
2026-03-11 17:00:00+00:00,0.007121,0.007176,0.007089,0.007132,11132447.5
2026-03-11 18:00:00+00:00,0.007133,0.007171,0.007133,0.007164,13217498.4
2026-03-11 19:00:00+00:00,0.007165,0.007167,0.007131,0.007152,9836465.5
2026-03-11 20:00:00+00:00,0.007151,0.007154,0.007117,0.007135,3578411.0
2026-03-11 21:00:00+00:00,0.007136,0.00715,0.007122,0.007143,5379710.1
2026-03-11 22:00:00+00:00,0.007143,0.00717,0.007121,0.007134,11869757.4
2026-03-11 23:00:00+00:00,0.007135,0.00715,0.007085,0.007097,6425848.1
2026-03-12 00:00:00+00:00,0.007098,0.007114,0.007069,0.007108,5745420.8
2026-03-12 01:00:00+00:00,0.007107,0.007107,0.007056,0.007074,3994125.1
2026-03-12 02:00:00+00:00,0.007074,0.007078,0.007016,0.00702,4471244.6
2026-03-12 03:00:00+00:00,0.007018,0.007066,0.007013,0.007027,14497428.0
2026-03-12 04:00:00+00:00,0.007026,0.007055,0.007016,0.007018,2488790.4
2026-03-12 05:00:00+00:00,0.007018,0.007036,0.007002,0.00702,2572215.8
2026-03-12 06:00:00+00:00,0.007018,0.007023,0.006996,0.00702,7812926.3
2026-03-12 07:00:00+00:00,0.00702,0.007059,0.007009,0.007052,4135650.9
2026-03-12 08:00:00+00:00,0.007051,0.007075,0.007029,0.007059,5214783.8
2026-03-12 09:00:00+00:00,0.007058,0.007113,0.007043,0.007069,8550207.5
2026-03-12 10:00:00+00:00,0.007069,0.007128,0.007067,0.007114,8389114.5
2026-03-12 11:00:00+00:00,0.007114,0.007124,0.007076,0.007087,7687832.0
2026-03-12 12:00:00+00:00,0.007088,0.007117,0.007066,0.00711,3011886.7
2026-03-12 13:00:00+00:00,0.007111,0.007122,0.00705,0.007072,7436215.3
2026-03-12 14:00:00+00:00,0.007073,0.007127,0.00699,0.007038,10775892.7
2026-03-12 15:00:00+00:00,0.007038,0.007117,0.007032,0.007081,13562690.6
2026-03-12 16:00:00+00:00,0.007081,0.007135,0.007041,0.007117,8443339.6
2026-03-12 17:00:00+00:00,0.007117,0.00714,0.007093,0.007113,5811816.1
2026-03-12 18:00:00+00:00,0.007115,0.007149,0.007095,0.007124,5650079.3
2026-03-12 19:00:00+00:00,0.007125,0.007178,0.007103,0.007155,6884714.4
2026-03-12 20:00:00+00:00,0.007154,0.007163,0.007108,0.007118,3155698.3
2026-03-12 21:00:00+00:00,0.007119,0.007184,0.007119,0.007174,8504809.0
2026-03-12 22:00:00+00:00,0.007173,0.007212,0.007149,0.007178,11756850.9
2026-03-12 23:00:00+00:00,0.007179,0.007213,0.007167,0.007192,12168653.0
2026-03-13 00:00:00+00:00,0.007192,0.007371,0.00718,0.007303,28801540.6
2026-03-13 01:00:00+00:00,0.007304,0.007366,0.007302,0.007364,16152028.2
2026-03-13 02:00:00+00:00,0.007365,0.007374,0.007303,0.007327,9498786.9
2026-03-13 03:00:00+00:00,0.007329,0.007383,0.007316,0.007374,12125492.1
2026-03-13 04:00:00+00:00,0.007374,0.00739,0.007327,0.007351,4310466.7
2026-03-13 05:00:00+00:00,0.00735,0.007399,0.007332,0.007359,12801238.5
2026-03-13 06:00:00+00:00,0.00736,0.007367,0.00732,0.007331,7663257.4
2026-03-13 07:00:00+00:00,0.00733,0.007355,0.007321,0.00734,5534243.1
2026-03-13 08:00:00+00:00,0.007339,0.007394,0.007316,0.007346,11077701.1
2026-03-13 09:00:00+00:00,0.007345,0.007403,0.007334,0.007386,10162345.1
2026-03-13 10:00:00+00:00,0.007386,0.007447,0.007383,0.007434,16290458.2
2026-03-13 11:00:00+00:00,0.007435,0.007436,0.007407,0.007425,8648405.0
2026-03-13 12:00:00+00:00,0.007425,0.007512,0.007416,0.007481,16802562.5
2026-03-13 13:00:00+00:00,0.007483,0.007571,0.007465,0.00753,29057763.0
2026-03-13 14:00:00+00:00,0.00753,0.00756,0.007369,0.007379,18101407.6
2026-03-13 15:00:00+00:00,0.007382,0.007453,0.007362,0.00739,19185425.6
2026-03-13 16:00:00+00:00,0.007391,0.007412,0.007315,0.007394,15909254.0
2026-03-13 17:00:00+00:00,0.007393,0.00741,0.007274,0.007301,9539656.7
2026-03-13 18:00:00+00:00,0.007302,0.007321,0.00726,0.007277,10112187.7
2026-03-13 19:00:00+00:00,0.007276,0.007296,0.007259,0.007272,11341020.2
2026-03-13 20:00:00+00:00,0.007273,0.007287,0.007263,0.00728,3108840.9
2026-03-13 21:00:00+00:00,0.007281,0.007305,0.007243,0.007261,5001494.6
2026-03-13 22:00:00+00:00,0.007265,0.007274,0.007177,0.007218,14500810.1
2026-03-13 23:00:00+00:00,0.007212,0.007238,0.007201,0.00723,6202796.0
2026-03-14 00:00:00+00:00,0.007227,0.007227,0.007168,0.007181,4600853.8
2026-03-14 01:00:00+00:00,0.00718,0.007223,0.00716,0.007219,3221288.0
2026-03-14 02:00:00+00:00,0.007215,0.007217,0.007187,0.007209,2615141.3
2026-03-14 03:00:00+00:00,0.00721,0.007248,0.007209,0.007239,3486731.2
2026-03-14 04:00:00+00:00,0.007239,0.007259,0.00721,0.007212,9329578.6
2026-03-14 05:00:00+00:00,0.007213,0.007217,0.007171,0.007193,4867962.8
2026-03-14 06:00:00+00:00,0.007192,0.007192,0.007118,0.007154,16215515.0
2026-03-14 07:00:00+00:00,0.007154,0.007164,0.007128,0.007149,5178114.1
2026-03-14 08:00:00+00:00,0.007148,0.00716,0.00714,0.007141,2495227.2
2026-03-14 09:00:00+00:00,0.007141,0.00716,0.007124,0.007135,2381783.2
2026-03-14 10:00:00+00:00,0.007134,0.007134,0.007107,0.007114,2201683.3
2026-03-14 11:00:00+00:00,0.007113,0.007155,0.007113,0.007151,2149238.5
2026-03-14 12:00:00+00:00,0.00715,0.007157,0.007119,0.007132,1585049.4
2026-03-14 13:00:00+00:00,0.007131,0.00716,0.007126,0.007154,1049028.2
2026-03-14 14:00:00+00:00,0.007154,0.007163,0.007113,0.007114,2424897.8
2026-03-14 15:00:00+00:00,0.007114,0.007119,0.007092,0.007116,4687915.4
2026-03-14 16:00:00+00:00,0.007115,0.007132,0.007101,0.007129,2088773.1
2026-03-14 17:00:00+00:00,0.007128,0.00713,0.007103,0.007108,1399639.7
2026-03-14 18:00:00+00:00,0.007107,0.007113,0.007097,0.007107,2646128.8
2026-03-14 19:00:00+00:00,0.007106,0.007106,0.007087,0.007089,6416946.8
2026-03-14 20:00:00+00:00,0.007089,0.007096,0.007072,0.007089,3906175.9
2026-03-14 21:00:00+00:00,0.007089,0.007096,0.007062,0.007091,2003432.0
2026-03-14 22:00:00+00:00,0.007091,0.007099,0.007084,0.007093,1233100.6
2026-03-14 23:00:00+00:00,0.007094,0.007146,0.007092,0.007145,14913292.1
2026-03-15 00:00:00+00:00,0.007141,0.007152,0.007099,0.00711,4067582.3
2026-03-15 01:00:00+00:00,0.00711,0.007136,0.007102,0.007131,2032138.2
2026-03-15 02:00:00+00:00,0.007131,0.007227,0.007131,0.007217,5507938.3
2026-03-15 03:00:00+00:00,0.007219,0.007229,0.007176,0.007186,5563842.4
2026-03-15 04:00:00+00:00,0.007187,0.007205,0.00716,0.007171,2490434.8
2026-03-15 05:00:00+00:00,0.007172,0.007201,0.007162,0.007167,3424295.3
2026-03-15 06:00:00+00:00,0.007167,0.007174,0.007147,0.007169,4371513.4
2026-03-15 07:00:00+00:00,0.007168,0.007206,0.007163,0.007205,3960160.8
2026-03-15 08:00:00+00:00,0.007206,0.007222,0.007196,0.007219,5863180.1
2026-03-15 09:00:00+00:00,0.00722,0.007242,0.007206,0.007214,3356100.9
2026-03-15 10:00:00+00:00,0.007213,0.007371,0.007209,0.007358,30196001.1
2026-03-15 11:00:00+00:00,0.007355,0.007483,0.007349,0.007376,62291690.1
2026-03-15 12:00:00+00:00,0.007379,0.007393,0.007315,0.007331,14474447.4
2026-03-15 13:00:00+00:00,0.007332,0.007333,0.007242,0.007296,19355935.9
2026-03-15 14:00:00+00:00,0.007297,0.007324,0.007266,0.007313,31672130.3
2026-03-15 15:00:00+00:00,0.007313,0.007318,0.007276,0.00728,2451882.7
2026-03-15 16:00:00+00:00,0.007281,0.007304,0.007266,0.007274,3820872.6
2026-03-15 17:00:00+00:00,0.007274,0.007324,0.007259,0.007308,3573960.7
2026-03-15 18:00:00+00:00,0.007309,0.007315,0.007246,0.007259,4481748.9
2026-03-15 19:00:00+00:00,0.00726,0.007306,0.007252,0.007301,3073118.6
2026-03-15 20:00:00+00:00,0.007301,0.007339,0.007279,0.007304,4272403.3
2026-03-15 21:00:00+00:00,0.007304,0.007365,0.007289,0.007344,6149666.1
2026-03-15 22:00:00+00:00,0.007345,0.007439,0.007292,0.007403,9129775.9
2026-03-15 23:00:00+00:00,0.00741,0.007416,0.007338,0.007381,6168579.1
2026-03-16 00:00:00+00:00,0.007383,0.00741,0.007364,0.007408,6393453.7
2026-03-16 01:00:00+00:00,0.007408,0.007414,0.007366,0.007399,5964365.7
2026-03-16 02:00:00+00:00,0.007403,0.007415,0.007357,0.007405,2787014.9
2026-03-16 03:00:00+00:00,0.007405,0.007555,0.00739,0.007491,17643012.1
2026-03-16 04:00:00+00:00,0.007496,0.007608,0.007496,0.007573,10247381.3
2026-03-16 05:00:00+00:00,0.007574,0.00769,0.007574,0.007677,15287974.5
2026-03-16 06:00:00+00:00,0.00768,0.007686,0.007618,0.007647,6015856.4
2026-03-16 07:00:00+00:00,0.00765,0.007728,0.00765,0.007699,13313716.9
2026-03-16 08:00:00+00:00,0.0077,0.007748,0.007616,0.007646,9182026.5
2026-03-16 09:00:00+00:00,0.00765,0.007698,0.00765,0.007663,4193776.7
2026-03-16 10:00:00+00:00,0.007662,0.007677,0.007578,0.007602,5640181.5
2026-03-16 11:00:00+00:00,0.007603,0.007608,0.00757,0.007586,3872748.5
2026-03-16 12:00:00+00:00,0.007585,0.00764,0.00758,0.007618,7747687.0
2026-03-16 13:00:00+00:00,0.007613,0.00768,0.007594,0.007625,5043521.2
2026-03-16 14:00:00+00:00,0.007628,0.007662,0.00751,0.007626,12882357.8
2026-03-16 15:00:00+00:00,0.007633,0.007643,0.007563,0.007563,4119674.3
2026-03-16 16:00:00+00:00,0.007572,0.00766,0.007567,0.007636,7028690.4
2026-03-16 17:00:00+00:00,0.007642,0.007706,0.00763,0.00769,5492133.6
2026-03-16 18:00:00+00:00,0.007694,0.007754,0.007694,0.007698,7198632.8
2026-03-16 19:00:00+00:00,0.007695,0.007747,0.007677,0.007699,10607249.1
2026-03-16 20:00:00+00:00,0.007703,0.007749,0.007688,0.007728,5362761.6
2026-03-16 21:00:00+00:00,0.007729,0.007811,0.007721,0.00776,8003796.9
2026-03-16 22:00:00+00:00,0.007759,0.007839,0.007758,0.00782,5962983.3
2026-03-16 23:00:00+00:00,0.007818,0.007818,0.007756,0.007795,7972505.8
2026-03-17 00:00:00+00:00,0.007796,0.007843,0.007774,0.007808,10457426.3
2026-03-17 01:00:00+00:00,0.007808,0.007843,0.007764,0.007783,11119245.8
2026-03-17 02:00:00+00:00,0.007786,0.007819,0.007754,0.007761,8303864.8
2026-03-17 03:00:00+00:00,0.00776,0.007766,0.007631,0.007681,10971586.7
2026-03-17 04:00:00+00:00,0.00768,0.007698,0.007568,0.007612,14110391.4
2026-03-17 05:00:00+00:00,0.00761,0.007617,0.007567,0.007602,7501544.8
2026-03-17 06:00:00+00:00,0.007603,0.007629,0.007567,0.007599,8044411.4
2026-03-17 07:00:00+00:00,0.007598,0.007651,0.007593,0.007618,4013343.1
2026-03-17 08:00:00+00:00,0.007618,0.007644,0.007596,0.007613,6062478.1
2026-03-17 09:00:00+00:00,0.007613,0.007663,0.007607,0.007644,9526051.4
2026-03-17 10:00:00+00:00,0.007643,0.007649,0.007615,0.007639,7394210.8
2026-03-17 11:00:00+00:00,0.007639,0.00768,0.007628,0.007632,16210435.6
2026-03-17 12:00:00+00:00,0.007631,0.007644,0.007563,0.007578,5359125.2
2026-03-17 13:00:00+00:00,0.007578,0.007603,0.007519,0.007561,21608080.8
2026-03-17 14:00:00+00:00,0.00756,0.007608,0.007537,0.007597,7340674.5
2026-03-17 15:00:00+00:00,0.007594,0.007649,0.007541,0.007588,7830895.1
2026-03-17 16:00:00+00:00,0.007587,0.007622,0.007564,0.007588,7232860.5
2026-03-17 17:00:00+00:00,0.007589,0.007626,0.007586,0.007622,8221341.0
2026-03-17 18:00:00+00:00,0.007621,0.007633,0.007587,0.007608,5668242.7
2026-03-17 19:00:00+00:00,0.007609,0.007615,0.007569,0.00757,3962444.4
2026-03-17 20:00:00+00:00,0.007571,0.007632,0.007571,0.00763,13038468.9
2026-03-17 21:00:00+00:00,0.007631,0.007664,0.007608,0.007623,8596233.8
2026-03-17 22:00:00+00:00,0.007622,0.007658,0.007589,0.00763,7999214.2
2026-03-17 23:00:00+00:00,0.007628,0.007628,0.007581,0.007587,5348610.0
2026-03-18 00:00:00+00:00,0.007586,0.007601,0.007532,0.007541,9954245.9
2026-03-18 01:00:00+00:00,0.007542,0.007598,0.007542,0.007571,9592753.4
2026-03-18 02:00:00+00:00,0.00757,0.007636,0.007564,0.007615,4926101.8
2026-03-18 03:00:00+00:00,0.007615,0.007667,0.007608,0.007628,6045698.4
2026-03-18 04:00:00+00:00,0.007627,0.007631,0.007579,0.007594,4113816.9
2026-03-18 05:00:00+00:00,0.007594,0.00765,0.007581,0.007585,4579893.9
2026-03-18 06:00:00+00:00,0.007585,0.007604,0.007569,0.007574,5359402.3
2026-03-18 07:00:00+00:00,0.007573,0.007573,0.007538,0.007566,3839391.0
2026-03-18 08:00:00+00:00,0.007568,0.007598,0.007568,0.007579,4203628.2
2026-03-18 09:00:00+00:00,0.00758,0.00762,0.007574,0.007595,4885365.3
2026-03-18 10:00:00+00:00,0.007593,0.007596,0.007537,0.007559,4128875.1
2026-03-18 11:00:00+00:00,0.007557,0.007566,0.007377,0.007394,16471036.3
2026-03-18 12:00:00+00:00,0.007391,0.007405,0.007301,0.007338,22115716.5
2026-03-18 13:00:00+00:00,0.007337,0.007337,0.007242,0.007299,23253697.7
2026-03-18 14:00:00+00:00,0.007302,0.007322,0.007182,0.007187,26354131.9
2026-03-18 15:00:00+00:00,0.007188,0.00724,0.007157,0.00722,18268561.7
2026-03-18 16:00:00+00:00,0.007217,0.00722,0.007157,0.007197,18786355.8
2026-03-18 17:00:00+00:00,0.007199,0.007263,0.007167,0.00724,19406654.2
2026-03-18 18:00:00+00:00,0.007241,0.007301,0.007216,0.007237,15745986.6
2026-03-18 19:00:00+00:00,0.007238,0.007279,0.007233,0.007247,8925248.5
2026-03-18 20:00:00+00:00,0.007246,0.007284,0.007175,0.00726,12332029.1
2026-03-18 21:00:00+00:00,0.007259,0.007314,0.007256,0.007304,5020442.9
2026-03-18 22:00:00+00:00,0.007302,0.007302,0.00727,0.007282,4197918.5
2026-03-18 23:00:00+00:00,0.007283,0.007311,0.007267,0.007306,3549121.3
2026-03-19 00:00:00+00:00,0.007308,0.007313,0.007281,0.007293,5604682.9
2026-03-19 01:00:00+00:00,0.007293,0.007299,0.007274,0.007283,3850926.8
2026-03-19 02:00:00+00:00,0.007282,0.007296,0.007254,0.007282,3546906.3
2026-03-19 03:00:00+00:00,0.007282,0.007374,0.007282,0.007325,6721788.1
2026-03-19 04:00:00+00:00,0.007324,0.007338,0.007291,0.007291,9456154.4
2026-03-19 05:00:00+00:00,0.00729,0.007292,0.007235,0.007249,6405556.1
2026-03-19 06:00:00+00:00,0.007248,0.007259,0.007213,0.007241,3723486.5
2026-03-19 07:00:00+00:00,0.007241,0.007242,0.007148,0.007187,27134739.4
2026-03-19 08:00:00+00:00,0.007186,0.007235,0.007184,0.007206,5507322.0
2026-03-19 09:00:00+00:00,0.007206,0.007263,0.007201,0.00726,4523341.4
2026-03-19 10:00:00+00:00,0.007259,0.007264,0.007202,0.007206,5533127.1
2026-03-19 11:00:00+00:00,0.007205,0.007231,0.007199,0.00721,3561627.5
2026-03-19 12:00:00+00:00,0.00721,0.00721,0.007129,0.00713,7876796.4
2026-03-19 13:00:00+00:00,0.00713,0.007201,0.007096,0.007192,15477562.5
2026-03-19 14:00:00+00:00,0.007193,0.007219,0.007145,0.007179,6631759.3
2026-03-19 15:00:00+00:00,0.007178,0.007195,0.007109,0.007178,7259177.1
2026-03-19 16:00:00+00:00,0.007177,0.007177,0.007136,0.007149,4481543.6
2026-03-19 17:00:00+00:00,0.00715,0.007207,0.007125,0.007205,4349856.4
2026-03-19 18:00:00+00:00,0.007206,0.007209,0.007171,0.007209,3881991.1
2026-03-19 19:00:00+00:00,0.007207,0.007273,0.007205,0.007225,5579847.2
2026-03-19 20:00:00+00:00,0.007226,0.007253,0.007218,0.007235,3390898.6
2026-03-19 21:00:00+00:00,0.007234,0.007263,0.007231,0.007255,2087535.2
2026-03-19 22:00:00+00:00,0.007255,0.007262,0.007195,0.007226,3852949.9
2026-03-19 23:00:00+00:00,0.007227,0.007256,0.00722,0.007256,3850907.7
2026-03-20 00:00:00+00:00,0.007255,0.007284,0.007241,0.00728,5706347.9
2026-03-20 01:00:00+00:00,0.00728,0.007345,0.00728,0.007328,6401417.2
2026-03-20 02:00:00+00:00,0.007329,0.007339,0.007292,0.007321,2984977.1
2026-03-20 03:00:00+00:00,0.00732,0.007362,0.007318,0.007348,5403089.6
2026-03-20 04:00:00+00:00,0.007346,0.00736,0.007307,0.007353,3920568.3
2026-03-20 05:00:00+00:00,0.007351,0.007416,0.007351,0.007379,6726851.3
2026-03-20 06:00:00+00:00,0.007377,0.007392,0.007348,0.007372,4969919.0
2026-03-20 07:00:00+00:00,0.007371,0.007376,0.007323,0.007338,5598097.5
2026-03-20 08:00:00+00:00,0.007337,0.007375,0.007326,0.007333,5736547.6
2026-03-20 09:00:00+00:00,0.007331,0.007339,0.00728,0.007311,5824239.5
2026-03-20 10:00:00+00:00,0.007311,0.007349,0.007282,0.007347,4327554.0
2026-03-20 11:00:00+00:00,0.007346,0.007377,0.007307,0.007343,6997209.7
2026-03-20 12:00:00+00:00,0.007346,0.007388,0.007333,0.007349,6936161.9
2026-03-20 13:00:00+00:00,0.00735,0.007395,0.007314,0.007326,11489270.0
2026-03-20 14:00:00+00:00,0.007325,0.007374,0.007299,0.007302,13605934.1
2026-03-20 15:00:00+00:00,0.007307,0.00736,0.007299,0.007358,14560097.7
2026-03-20 16:00:00+00:00,0.007358,0.007372,0.007315,0.007346,22176768.0
2026-03-20 17:00:00+00:00,0.007348,0.007364,0.007311,0.007344,9495307.0
2026-03-20 18:00:00+00:00,0.007345,0.007353,0.007236,0.007243,23175488.2
2026-03-20 19:00:00+00:00,0.007244,0.007259,0.007172,0.007228,19421150.1
2026-03-20 20:00:00+00:00,0.007225,0.007233,0.007172,0.007231,6518406.0
2026-03-20 21:00:00+00:00,0.007231,0.007281,0.007211,0.007262,14765213.4
2026-03-20 22:00:00+00:00,0.007262,0.007296,0.007259,0.00726,3028226.9
2026-03-20 23:00:00+00:00,0.007259,0.007259,0.007225,0.007251,4823135.7
2026-03-21 00:00:00+00:00,0.007251,0.007274,0.007251,0.007269,2141670.3
2026-03-21 01:00:00+00:00,0.007269,0.00729,0.007231,0.007231,2466794.1
2026-03-21 02:00:00+00:00,0.00723,0.007269,0.007224,0.007261,4163089.2
2026-03-21 03:00:00+00:00,0.007262,0.007265,0.007234,0.00724,3661161.9
2026-03-21 04:00:00+00:00,0.007239,0.007253,0.007226,0.007229,1822815.6
2026-03-21 05:00:00+00:00,0.00723,0.00726,0.007229,0.007246,2996079.5
2026-03-21 06:00:00+00:00,0.007245,0.007267,0.007237,0.007251,1609215.9
2026-03-21 07:00:00+00:00,0.007251,0.007252,0.007224,0.007224,1565224.6
2026-03-21 08:00:00+00:00,0.007223,0.007242,0.00721,0.007241,2298673.9
2026-03-21 09:00:00+00:00,0.00724,0.007252,0.007213,0.007214,946720.7
2026-03-21 10:00:00+00:00,0.007214,0.007214,0.00719,0.007202,3235960.3
2026-03-21 11:00:00+00:00,0.007202,0.007212,0.007192,0.007199,6460861.9
2026-03-21 12:00:00+00:00,0.007199,0.007214,0.007194,0.007199,1612134.9
2026-03-21 13:00:00+00:00,0.007198,0.0072,0.00714,0.007165,9827268.2
2026-03-21 14:00:00+00:00,0.007165,0.007212,0.007164,0.007169,4587995.7
2026-03-21 15:00:00+00:00,0.007169,0.007251,0.007167,0.007251,14476638.9
2026-03-21 16:00:00+00:00,0.007251,0.007258,0.007202,0.007207,5610816.5
2026-03-21 17:00:00+00:00,0.00721,0.007214,0.007191,0.007202,4980575.9
2026-03-21 18:00:00+00:00,0.007201,0.007222,0.007196,0.007206,4831762.9
2026-03-21 19:00:00+00:00,0.007205,0.007205,0.007182,0.007197,2761991.7
2026-03-21 20:00:00+00:00,0.007196,0.007223,0.007192,0.007215,3979151.7
2026-03-21 21:00:00+00:00,0.007217,0.007222,0.007192,0.007195,2628306.4
2026-03-21 22:00:00+00:00,0.007191,0.007214,0.007178,0.007199,3186767.6
2026-03-21 23:00:00+00:00,0.007199,0.007199,0.00699,0.007035,22145151.9
2026-03-22 00:00:00+00:00,0.007034,0.007079,0.00692,0.007039,22810520.7
2026-03-22 01:00:00+00:00,0.00704,0.007066,0.007009,0.00704,10535553.9
2026-03-22 02:00:00+00:00,0.007042,0.007103,0.007041,0.007075,6041148.1
2026-03-22 03:00:00+00:00,0.007074,0.007127,0.007051,0.007071,7814074.0
2026-03-22 04:00:00+00:00,0.007071,0.007108,0.007065,0.007097,8195580.2
2026-03-22 05:00:00+00:00,0.007096,0.007096,0.007065,0.007067,3802833.0
2026-03-22 06:00:00+00:00,0.00707,0.00707,0.007041,0.007057,2518555.4
2026-03-22 07:00:00+00:00,0.007056,0.007072,0.007023,0.007024,5801595.3
2026-03-22 08:00:00+00:00,0.007025,0.007025,0.006971,0.007008,5055744.8
2026-03-22 09:00:00+00:00,0.007007,0.007026,0.006991,0.006998,5132368.3
2026-03-22 10:00:00+00:00,0.006998,0.006998,0.006935,0.00694,10271291.6
2026-03-22 11:00:00+00:00,0.006939,0.00695,0.006924,0.006932,3461684.0
2026-03-22 12:00:00+00:00,0.006931,0.006997,0.00693,0.006964,5069697.3
2026-03-22 13:00:00+00:00,0.006965,0.006997,0.006934,0.006953,4679679.9
2026-03-22 14:00:00+00:00,0.006952,0.006974,0.006932,0.006946,2611358.9
2026-03-22 15:00:00+00:00,0.006946,0.006973,0.006942,0.006964,6309942.7
2026-03-22 16:00:00+00:00,0.006965,0.006973,0.006943,0.006951,2782529.0
2026-03-22 17:00:00+00:00,0.00695,0.006956,0.006933,0.006939,2313727.5
2026-03-22 18:00:00+00:00,0.006938,0.00696,0.006894,0.006929,6694190.2
2026-03-22 19:00:00+00:00,0.006928,0.006928,0.006872,0.00689,8543302.1
2026-03-22 20:00:00+00:00,0.006891,0.00692,0.006879,0.006892,3316978.9
2026-03-22 21:00:00+00:00,0.006895,0.006901,0.00679,0.006856,20950596.4
2026-03-22 22:00:00+00:00,0.00686,0.00691,0.006813,0.006896,6339000.4
2026-03-22 23:00:00+00:00,0.006896,0.006912,0.006859,0.00687,4740544.4
2026-03-23 00:00:00+00:00,0.00687,0.006899,0.006836,0.006889,4248317.5
2026-03-23 01:00:00+00:00,0.006891,0.006926,0.006873,0.006901,2058592.5
2026-03-23 02:00:00+00:00,0.006896,0.006943,0.006886,0.006928,2236039.9
2026-03-23 03:00:00+00:00,0.006926,0.00696,0.006914,0.006927,2597320.2
2026-03-23 04:00:00+00:00,0.006925,0.006961,0.00692,0.006961,3306801.0
2026-03-23 05:00:00+00:00,0.006965,0.006974,0.006928,0.006949,2678223.0
2026-03-23 06:00:00+00:00,0.006946,0.006946,0.006851,0.006873,5006272.6
2026-03-23 07:00:00+00:00,0.006875,0.006879,0.006811,0.006861,6667268.3
2026-03-23 08:00:00+00:00,0.006862,0.00688,0.006828,0.006839,5861294.7
2026-03-23 09:00:00+00:00,0.006841,0.006866,0.006809,0.006861,4113154.7
2026-03-23 10:00:00+00:00,0.006862,0.006892,0.006854,0.00687,5099042.4
2026-03-23 11:00:00+00:00,0.006875,0.007164,0.00687,0.007059,34160034.2
2026-03-23 12:00:00+00:00,0.00706,0.007133,0.007025,0.00712,12794425.9
2026-03-23 13:00:00+00:00,0.007124,0.007168,0.007077,0.007159,9001685.2
2026-03-23 14:00:00+00:00,0.007164,0.007194,0.007095,0.007132,11444464.4
2026-03-23 15:00:00+00:00,0.007131,0.007165,0.007025,0.007032,11831317.7
2026-03-23 16:00:00+00:00,0.007034,0.007064,0.007005,0.007042,5227068.6
2026-03-23 17:00:00+00:00,0.007046,0.007079,0.007018,0.007062,2938011.5
2026-03-23 18:00:00+00:00,0.007068,0.00709,0.007046,0.00709,2936874.4
2026-03-23 19:00:00+00:00,0.007088,0.007111,0.007037,0.007041,3111225.7
2026-03-23 20:00:00+00:00,0.007042,0.007079,0.007019,0.007068,2583856.0
2026-03-23 21:00:00+00:00,0.007069,0.007104,0.007069,0.007089,3170365.2
2026-03-23 22:00:00+00:00,0.007094,0.007094,0.007028,0.007048,3638582.4
2026-03-23 23:00:00+00:00,0.007047,0.007071,0.00701,0.007064,10023754.8
2026-03-24 00:00:00+00:00,0.007063,0.007082,0.006987,0.007023,7524532.6
2026-03-24 01:00:00+00:00,0.007013,0.007018,0.006951,0.006978,6403162.7
2026-03-24 02:00:00+00:00,0.006973,0.007021,0.00697,0.006981,3190619.1
2026-03-24 03:00:00+00:00,0.006981,0.007009,0.006971,0.006998,5818958.3
2026-03-24 04:00:00+00:00,0.007,0.007014,0.006955,0.006966,2085548.2
2026-03-24 05:00:00+00:00,0.006962,0.006982,0.006944,0.00697,2233115.0
2026-03-24 06:00:00+00:00,0.006971,0.00699,0.006952,0.006984,5832012.5
2026-03-24 07:00:00+00:00,0.006982,0.007052,0.006982,0.007044,7896845.4
2026-03-24 08:00:00+00:00,0.007046,0.007051,0.007006,0.00702,5654532.6
2026-03-24 09:00:00+00:00,0.007015,0.007029,0.006985,0.007028,5267396.7
2026-03-24 10:00:00+00:00,0.007028,0.00704,0.007006,0.007038,3687379.8
2026-03-24 11:00:00+00:00,0.007037,0.007088,0.007019,0.007075,8838212.5
2026-03-24 12:00:00+00:00,0.007077,0.007146,0.007057,0.007136,23534273.7
2026-03-24 13:00:00+00:00,0.007134,0.007153,0.007062,0.007072,20124391.4
2026-03-24 14:00:00+00:00,0.007077,0.007109,0.007013,0.007066,18274036.2
2026-03-24 15:00:00+00:00,0.007066,0.007112,0.007061,0.007074,6401731.7
2026-03-24 16:00:00+00:00,0.007073,0.007108,0.007053,0.007068,6735346.6
2026-03-24 17:00:00+00:00,0.007068,0.007075,0.006998,0.007027,11213161.9
2026-03-24 18:00:00+00:00,0.00703,0.007093,0.007015,0.007049,5660052.3
2026-03-24 19:00:00+00:00,0.007054,0.007087,0.007053,0.007083,3523242.0
2026-03-24 20:00:00+00:00,0.007081,0.00721,0.00708,0.007203,12621877.4
2026-03-24 21:00:00+00:00,0.0072,0.007217,0.007158,0.007189,7559775.2
2026-03-24 22:00:00+00:00,0.007191,0.007226,0.00718,0.007196,6810664.7
2026-03-24 23:00:00+00:00,0.0072,0.007213,0.00718,0.007195,6029567.6
2026-03-25 00:00:00+00:00,0.007197,0.007248,0.007174,0.007216,10504143.7
2026-03-25 01:00:00+00:00,0.007215,0.007231,0.007199,0.007199,6363155.0
2026-03-25 02:00:00+00:00,0.007198,0.00721,0.007172,0.007179,10872246.0
2026-03-25 03:00:00+00:00,0.00718,0.007205,0.007166,0.007188,6963825.2
2026-03-25 04:00:00+00:00,0.007187,0.007194,0.007167,0.007191,2311950.5
2026-03-25 05:00:00+00:00,0.007191,0.007205,0.007169,0.007172,3298832.7
2026-03-25 06:00:00+00:00,0.00717,0.007198,0.007147,0.00717,9184521.9
2026-03-25 07:00:00+00:00,0.007171,0.007215,0.00717,0.00718,6258237.8
2026-03-25 08:00:00+00:00,0.007182,0.007238,0.007176,0.007196,6398046.9
2026-03-25 09:00:00+00:00,0.007194,0.007199,0.007172,0.007177,15058305.5
2026-03-25 10:00:00+00:00,0.007177,0.007204,0.007171,0.007187,20697195.5
2026-03-25 11:00:00+00:00,0.007188,0.00722,0.007179,0.007204,6770862.9
2026-03-25 12:00:00+00:00,0.007204,0.007234,0.00717,0.00721,12639936.3
2026-03-25 13:00:00+00:00,0.007212,0.007226,0.00718,0.007185,5879460.0
2026-03-25 14:00:00+00:00,0.007186,0.007192,0.00717,0.007175,7289664.6
2026-03-25 15:00:00+00:00,0.007176,0.007185,0.007103,0.007123,12235583.5
2026-03-25 16:00:00+00:00,0.007124,0.007181,0.007113,0.007147,9660797.6
2026-03-25 17:00:00+00:00,0.007147,0.007157,0.007113,0.007118,10119085.5
2026-03-25 18:00:00+00:00,0.007119,0.007146,0.007098,0.007111,4673028.3
2026-03-25 19:00:00+00:00,0.007109,0.007121,0.007101,0.007107,3571705.4
2026-03-25 20:00:00+00:00,0.007107,0.007111,0.007067,0.007079,7359228.1
2026-03-25 21:00:00+00:00,0.007079,0.007092,0.007057,0.007083,3734328.4
2026-03-25 22:00:00+00:00,0.007081,0.00713,0.007081,0.007114,8421008.3
2026-03-25 23:00:00+00:00,0.007114,0.007118,0.007089,0.007101,4004103.5
2026-03-26 00:00:00+00:00,0.007101,0.007106,0.007086,0.007095,2769672.2
2026-03-26 01:00:00+00:00,0.007096,0.007104,0.007079,0.007079,1923014.5
2026-03-26 02:00:00+00:00,0.007079,0.007079,0.007005,0.007036,11083396.1
2026-03-26 03:00:00+00:00,0.007037,0.007037,0.006996,0.007007,6233906.6
2026-03-26 04:00:00+00:00,0.007007,0.007012,0.00698,0.006992,4192626.1
2026-03-26 05:00:00+00:00,0.006991,0.006991,0.006895,0.006902,13317962.0
2026-03-26 06:00:00+00:00,0.006902,0.006935,0.006883,0.006892,9240151.4
2026-03-26 07:00:00+00:00,0.006891,0.006913,0.006864,0.006908,7171327.8
2026-03-26 08:00:00+00:00,0.006907,0.006907,0.006843,0.006857,19390848.1
2026-03-26 09:00:00+00:00,0.006857,0.006867,0.006809,0.006813,9842704.5
2026-03-26 10:00:00+00:00,0.006812,0.006813,0.006773,0.006803,7168044.8
2026-03-26 11:00:00+00:00,0.006802,0.006814,0.00679,0.006796,7857574.4
2026-03-26 12:00:00+00:00,0.006796,0.00686,0.006796,0.006845,8108285.9
2026-03-26 13:00:00+00:00,0.006844,0.006925,0.006815,0.006897,23215716.8
2026-03-26 14:00:00+00:00,0.006898,0.006921,0.006863,0.006879,12617052.7
2026-03-26 15:00:00+00:00,0.006879,0.006883,0.006811,0.006825,9126970.6
2026-03-26 16:00:00+00:00,0.006824,0.006842,0.006803,0.006808,10588609.9
2026-03-26 17:00:00+00:00,0.006806,0.006834,0.006783,0.006802,10362238.1
2026-03-26 18:00:00+00:00,0.006804,0.006813,0.006759,0.006795,12521902.9
2026-03-26 19:00:00+00:00,0.006796,0.006797,0.006772,0.006781,4346315.5
2026-03-26 20:00:00+00:00,0.006781,0.006858,0.006746,0.006812,21743339.6
2026-03-26 21:00:00+00:00,0.006812,0.006853,0.006792,0.006824,11474151.2
2026-03-26 22:00:00+00:00,0.006827,0.006831,0.006786,0.006818,11044195.6
2026-03-26 23:00:00+00:00,0.006819,0.006829,0.006777,0.0068,8436044.4
2026-03-27 00:00:00+00:00,0.006799,0.006815,0.006786,0.006811,9608943.6
2026-03-27 01:00:00+00:00,0.006812,0.006866,0.006802,0.006858,10148079.1
2026-03-27 02:00:00+00:00,0.006859,0.006872,0.006848,0.006859,2705840.6
2026-03-27 03:00:00+00:00,0.00686,0.006862,0.006825,0.00685,6180393.9
2026-03-27 04:00:00+00:00,0.00685,0.006871,0.006795,0.006847,9521669.1
2026-03-27 05:00:00+00:00,0.006846,0.006868,0.006835,0.006855,7890939.1
2026-03-27 06:00:00+00:00,0.006855,0.006871,0.006841,0.006859,11011163.2
2026-03-27 07:00:00+00:00,0.006856,0.006897,0.006854,0.006893,4501583.3
2026-03-27 08:00:00+00:00,0.006895,0.006909,0.006805,0.006856,6716230.3
2026-03-27 09:00:00+00:00,0.006855,0.006855,0.006783,0.0068,10983058.3
2026-03-27 10:00:00+00:00,0.006799,0.006805,0.006656,0.006673,48746768.9
2026-03-27 11:00:00+00:00,0.006674,0.006718,0.006651,0.006696,27276790.5
2026-03-27 12:00:00+00:00,0.006697,0.006697,0.006652,0.006683,13601791.7
2026-03-27 13:00:00+00:00,0.006683,0.006718,0.006641,0.006663,30004498.9
2026-03-27 14:00:00+00:00,0.00666,0.006698,0.006636,0.006687,16879668.4
2026-03-27 15:00:00+00:00,0.006687,0.006729,0.006667,0.006667,16095752.2
2026-03-27 16:00:00+00:00,0.006666,0.006688,0.00664,0.006668,14854009.4
2026-03-27 17:00:00+00:00,0.006667,0.006706,0.006631,0.006652,11076688.4
2026-03-27 18:00:00+00:00,0.00665,0.006671,0.006625,0.006667,5840647.5
2026-03-27 19:00:00+00:00,0.006666,0.006694,0.006643,0.006686,8316471.2
2026-03-27 20:00:00+00:00,0.006685,0.006696,0.006655,0.006683,4206104.3
2026-03-27 21:00:00+00:00,0.006683,0.006699,0.00666,0.006662,4292723.2
2026-03-27 22:00:00+00:00,0.006664,0.006671,0.006649,0.006652,2608046.3
2026-03-27 23:00:00+00:00,0.006652,0.006679,0.006641,0.006659,6711935.7
2026-03-28 00:00:00+00:00,0.00666,0.006668,0.006642,0.006651,2099146.8
2026-03-28 01:00:00+00:00,0.00665,0.00665,0.006588,0.006621,12371113.7
2026-03-28 02:00:00+00:00,0.006622,0.006643,0.006601,0.00661,4500016.8
2026-03-28 03:00:00+00:00,0.006611,0.006622,0.006607,0.006617,2641182.1
2026-03-28 04:00:00+00:00,0.006616,0.006629,0.006606,0.006622,2708620.8
2026-03-28 05:00:00+00:00,0.006623,0.006654,0.00661,0.006653,8173014.8
2026-03-28 06:00:00+00:00,0.006654,0.006686,0.006649,0.006669,6267539.6
2026-03-28 07:00:00+00:00,0.00667,0.006709,0.006669,0.006709,4122448.5
2026-03-28 08:00:00+00:00,0.006707,0.006728,0.006697,0.006703,5901877.2
2026-03-28 09:00:00+00:00,0.006703,0.006707,0.006672,0.006688,6482665.6
2026-03-28 10:00:00+00:00,0.006689,0.006709,0.006672,0.006689,5580535.9
2026-03-28 11:00:00+00:00,0.00669,0.006712,0.006688,0.006707,5260955.0
2026-03-28 12:00:00+00:00,0.006707,0.006722,0.006681,0.00669,4681692.5
2026-03-28 13:00:00+00:00,0.006689,0.006803,0.006687,0.006771,9575567.7
2026-03-28 14:00:00+00:00,0.006772,0.006808,0.006748,0.00678,9668399.8
2026-03-28 15:00:00+00:00,0.00678,0.006875,0.00678,0.006829,7327596.5
2026-03-28 16:00:00+00:00,0.006829,0.006842,0.006799,0.00681,4121791.4
2026-03-28 17:00:00+00:00,0.00681,0.006815,0.006767,0.006775,2306194.2
2026-03-28 18:00:00+00:00,0.006776,0.006803,0.00677,0.006784,3236455.2
2026-03-28 19:00:00+00:00,0.006784,0.006796,0.006771,0.006782,1578448.2
2026-03-28 20:00:00+00:00,0.006782,0.006798,0.006771,0.006773,7651751.7
2026-03-28 21:00:00+00:00,0.006773,0.006773,0.006733,0.006737,5028645.4
2026-03-28 22:00:00+00:00,0.006736,0.006736,0.006714,0.006726,3426072.2
2026-03-28 23:00:00+00:00,0.006726,0.006726,0.006653,0.006668,10321978.7
2026-03-29 00:00:00+00:00,0.006668,0.006677,0.006635,0.006663,7962840.7
2026-03-29 01:00:00+00:00,0.006663,0.006691,0.00666,0.006673,6123381.4
2026-03-29 02:00:00+00:00,0.006673,0.00668,0.006658,0.006677,2416083.5
2026-03-29 03:00:00+00:00,0.006677,0.006708,0.00667,0.006688,5389307.0
2026-03-29 04:00:00+00:00,0.006688,0.00669,0.006665,0.006672,2697829.8
2026-03-29 05:00:00+00:00,0.006671,0.006671,0.006649,0.006652,2997321.2
2026-03-29 06:00:00+00:00,0.006652,0.006673,0.006652,0.006664,3075220.2
2026-03-29 07:00:00+00:00,0.006663,0.006663,0.006636,0.006642,6121749.8
2026-03-29 08:00:00+00:00,0.006641,0.00665,0.006634,0.006642,6794489.6
2026-03-29 09:00:00+00:00,0.006642,0.006645,0.006622,0.006634,12892441.8
2026-03-29 10:00:00+00:00,0.006633,0.006633,0.00659,0.006602,12582155.1
2026-03-29 11:00:00+00:00,0.006601,0.00665,0.006599,0.00663,11483186.4
2026-03-29 12:00:00+00:00,0.00663,0.00663,0.006573,0.006601,9508354.8
2026-03-29 13:00:00+00:00,0.0066,0.006601,0.006559,0.006576,10621961.5
2026-03-29 14:00:00+00:00,0.006575,0.006603,0.006564,0.006581,9678513.9
2026-03-29 15:00:00+00:00,0.006582,0.006598,0.006563,0.006581,7526987.3
2026-03-29 16:00:00+00:00,0.006581,0.006597,0.006565,0.006566,4640160.4
2026-03-29 17:00:00+00:00,0.006568,0.006575,0.006532,0.00657,6789952.7
2026-03-29 18:00:00+00:00,0.006571,0.00659,0.00655,0.006581,3619643.6
2026-03-29 19:00:00+00:00,0.006581,0.006581,0.006567,0.006572,3809456.1
2026-03-29 20:00:00+00:00,0.006571,0.006622,0.00657,0.006613,11542791.0
2026-03-29 21:00:00+00:00,0.006613,0.00663,0.006607,0.00663,4100945.5
2026-03-29 22:00:00+00:00,0.00663,0.00663,0.006406,0.006527,26556374.1
2026-03-29 23:00:00+00:00,0.006527,0.00657,0.00652,0.006542,15227153.9
2026-03-30 00:00:00+00:00,0.006542,0.006652,0.006533,0.006609,12459115.5
2026-03-30 01:00:00+00:00,0.00661,0.006668,0.00661,0.006655,5711822.0
2026-03-30 02:00:00+00:00,0.006657,0.006721,0.006649,0.006689,9011158.7
2026-03-30 03:00:00+00:00,0.00669,0.006707,0.006678,0.006696,2305488.5
2026-03-30 04:00:00+00:00,0.006695,0.00674,0.006695,0.006735,6898680.1
2026-03-30 05:00:00+00:00,0.006738,0.00676,0.006722,0.006725,5423405.5
2026-03-30 06:00:00+00:00,0.006725,0.00674,0.006708,0.006715,5213995.6
2026-03-30 07:00:00+00:00,0.006714,0.006795,0.006713,0.006783,9213769.1
2026-03-30 08:00:00+00:00,0.006783,0.00685,0.006783,0.006813,11483401.8
2026-03-30 09:00:00+00:00,0.006813,0.006814,0.006748,0.006748,5710726.1
2026-03-30 10:00:00+00:00,0.006749,0.006781,0.006744,0.006779,3086585.4
2026-03-30 11:00:00+00:00,0.006778,0.006849,0.006778,0.006804,8005469.5
2026-03-30 12:00:00+00:00,0.006805,0.00682,0.006796,0.006811,2096118.5
2026-03-30 13:00:00+00:00,0.006806,0.006833,0.006759,0.006768,7230480.4
2026-03-30 14:00:00+00:00,0.006769,0.006794,0.006728,0.00678,4344990.5
2026-03-30 15:00:00+00:00,0.006785,0.006789,0.006747,0.006771,2432829.6
2026-03-30 16:00:00+00:00,0.006773,0.006792,0.006755,0.006769,3193702.3
2026-03-30 17:00:00+00:00,0.006769,0.006777,0.006707,0.006715,4929239.2
2026-03-30 18:00:00+00:00,0.006716,0.006725,0.006691,0.006692,5736175.8
2026-03-30 19:00:00+00:00,0.006696,0.006707,0.006664,0.006701,6420363.8
2026-03-30 20:00:00+00:00,0.006704,0.006709,0.00669,0.006698,1910692.4
2026-03-30 21:00:00+00:00,0.006698,0.006774,0.006693,0.006762,6291283.0
2026-03-30 22:00:00+00:00,0.00676,0.00677,0.006706,0.006715,5998866.4
2026-03-30 23:00:00+00:00,0.006715,0.006715,0.006658,0.006667,4160747.1
2026-03-31 00:00:00+00:00,0.006668,0.006701,0.006662,0.006683,15751108.9
2026-03-31 01:00:00+00:00,0.006683,0.006789,0.006679,0.006764,13540796.3
2026-03-31 02:00:00+00:00,0.006762,0.006773,0.006747,0.006755,4524108.0
2026-03-31 03:00:00+00:00,0.006754,0.006754,0.006703,0.006704,5247470.6
2026-03-31 04:00:00+00:00,0.006705,0.006714,0.006674,0.006676,6239919.3
2026-03-31 05:00:00+00:00,0.006675,0.006702,0.006669,0.006698,4776551.3
2026-03-31 06:00:00+00:00,0.006697,0.006712,0.006674,0.006709,1780087.1
2026-03-31 07:00:00+00:00,0.006709,0.006715,0.006673,0.0067,3013981.4
2026-03-31 08:00:00+00:00,0.006701,0.006708,0.006638,0.006651,4655843.0
2026-03-31 09:00:00+00:00,0.00665,0.006666,0.006584,0.006601,10042167.2
2026-03-31 10:00:00+00:00,0.0066,0.006626,0.006595,0.006595,3975410.3
2026-03-31 11:00:00+00:00,0.006594,0.006646,0.006589,0.006638,8407098.2
2026-03-31 12:00:00+00:00,0.00664,0.006653,0.006624,0.006639,5131832.0
2026-03-31 13:00:00+00:00,0.006638,0.006712,0.006636,0.006698,8892577.7
2026-03-31 14:00:00+00:00,0.006698,0.006732,0.006629,0.006651,14132401.8
2026-03-31 15:00:00+00:00,0.006652,0.006713,0.006639,0.00664,6712906.8
2026-03-31 16:00:00+00:00,0.00664,0.006748,0.00664,0.00672,12460393.7
2026-03-31 17:00:00+00:00,0.006721,0.006788,0.006689,0.006704,15321044.7
2026-03-31 18:00:00+00:00,0.006705,0.006736,0.006705,0.006734,3502054.0
2026-03-31 19:00:00+00:00,0.006735,0.006769,0.006734,0.006762,56569827.4
2026-03-31 20:00:00+00:00,0.006762,0.006785,0.006757,0.006783,5652987.5
2026-03-31 21:00:00+00:00,0.006783,0.006783,0.006754,0.006764,3970404.1
2026-03-31 22:00:00+00:00,0.006765,0.006771,0.006739,0.006755,4732934.3
2026-03-31 23:00:00+00:00,0.006753,0.006771,0.006748,0.00677,4255413.6
2026-04-01 00:00:00+00:00,0.006771,0.006795,0.006761,0.006792,3145461.4
2026-04-01 01:00:00+00:00,0.006793,0.006808,0.006765,0.006766,6594270.2
2026-04-01 02:00:00+00:00,0.006765,0.006783,0.006747,0.006757,5103182.5
2026-04-01 03:00:00+00:00,0.006758,0.0068,0.006758,0.006784,10642463.9
2026-04-01 04:00:00+00:00,0.006785,0.00682,0.006779,0.006809,7001089.8
2026-04-01 05:00:00+00:00,0.00681,0.00686,0.006788,0.00685,9244683.7
2026-04-01 06:00:00+00:00,0.006851,0.006926,0.006851,0.006914,15687599.0
2026-04-01 07:00:00+00:00,0.006913,0.006928,0.00689,0.006895,6767667.6
2026-04-01 08:00:00+00:00,0.006896,0.006927,0.006875,0.006892,10180503.7
2026-04-01 09:00:00+00:00,0.006891,0.006904,0.006863,0.006895,4743696.5
2026-04-01 10:00:00+00:00,0.006896,0.006909,0.006882,0.006899,3422324.1
2026-04-01 11:00:00+00:00,0.006897,0.006916,0.006881,0.006915,4833508.0
2026-04-01 12:00:00+00:00,0.006916,0.00698,0.006906,0.006923,12652416.2
2026-04-01 13:00:00+00:00,0.006924,0.006949,0.006878,0.006894,8396111.4
2026-04-01 14:00:00+00:00,0.006893,0.006924,0.006888,0.006906,4842052.9
2026-04-01 15:00:00+00:00,0.006905,0.006946,0.006889,0.006946,6378114.0
2026-04-01 16:00:00+00:00,0.006946,0.006972,0.006925,0.006948,12791804.4
2026-04-01 17:00:00+00:00,0.006947,0.006982,0.006922,0.006925,6823458.7
2026-04-01 18:00:00+00:00,0.006925,0.006927,0.006897,0.006901,3285476.4
2026-04-01 19:00:00+00:00,0.006902,0.00693,0.006888,0.006891,4727704.8
2026-04-01 20:00:00+00:00,0.006891,0.006907,0.006874,0.006892,7103077.6
2026-04-01 21:00:00+00:00,0.006891,0.006948,0.006891,0.006945,2499893.7
2026-04-01 22:00:00+00:00,0.006944,0.006946,0.006891,0.006901,6066797.6
2026-04-01 23:00:00+00:00,0.006901,0.006904,0.006872,0.006891,4850580.5
2026-04-02 00:00:00+00:00,0.006892,0.006984,0.00689,0.006984,12923307.7
2026-04-02 01:00:00+00:00,0.006985,0.006987,0.006784,0.006854,19589334.5
2026-04-02 02:00:00+00:00,0.006853,0.006853,0.006747,0.006774,14436877.7
2026-04-02 03:00:00+00:00,0.006775,0.006779,0.00671,0.006725,7885769.8
2026-04-02 04:00:00+00:00,0.006723,0.006736,0.006696,0.006699,7631704.3
2026-04-02 05:00:00+00:00,0.0067,0.006731,0.006676,0.006726,9431220.2
2026-04-02 06:00:00+00:00,0.006725,0.006772,0.00672,0.006743,4425743.5
2026-04-02 07:00:00+00:00,0.006742,0.006768,0.006735,0.006764,3754236.8
2026-04-02 08:00:00+00:00,0.006765,0.00678,0.006717,0.006726,7705678.3
2026-04-02 09:00:00+00:00,0.006727,0.00673,0.006694,0.0067,4983710.9
2026-04-02 10:00:00+00:00,0.006699,0.006704,0.006674,0.006687,4319957.5
2026-04-02 11:00:00+00:00,0.006689,0.006704,0.006647,0.006686,6406764.6
2026-04-02 12:00:00+00:00,0.006685,0.006689,0.006649,0.006658,4418090.1
2026-04-02 13:00:00+00:00,0.006657,0.006658,0.0066,0.006654,11104057.9
2026-04-02 14:00:00+00:00,0.00665,0.006751,0.006639,0.006736,11995433.7
2026-04-02 15:00:00+00:00,0.006736,0.006736,0.006674,0.006695,3312046.3
2026-04-02 16:00:00+00:00,0.006694,0.006756,0.006688,0.006726,9023715.4
2026-04-02 17:00:00+00:00,0.006725,0.006776,0.006695,0.006696,3498483.8
2026-04-02 18:00:00+00:00,0.006697,0.006753,0.006687,0.006739,2077184.4
2026-04-02 19:00:00+00:00,0.006737,0.006743,0.0067,0.006727,1350288.3
2026-04-02 20:00:00+00:00,0.006727,0.006744,0.006708,0.006727,3010178.6
2026-04-02 21:00:00+00:00,0.006727,0.006731,0.006687,0.006708,1968930.5
2026-04-02 22:00:00+00:00,0.006703,0.006743,0.006699,0.006736,2448638.8
2026-04-02 23:00:00+00:00,0.006735,0.006744,0.006715,0.006743,1685742.1
2026-04-03 00:00:00+00:00,0.006743,0.00676,0.006724,0.006758,2884551.2
2026-04-03 01:00:00+00:00,0.006758,0.006783,0.006747,0.006765,4044590.1
2026-04-03 02:00:00+00:00,0.006766,0.006826,0.00673,0.006824,10422883.2
2026-04-03 03:00:00+00:00,0.006826,0.006875,0.006799,0.006858,8526011.2
2026-04-03 04:00:00+00:00,0.006859,0.006936,0.006859,0.006928,10594476.9
2026-04-03 05:00:00+00:00,0.006927,0.007027,0.006926,0.006993,18194423.3
2026-04-03 06:00:00+00:00,0.006995,0.007049,0.006981,0.006992,19178442.9
2026-04-03 07:00:00+00:00,0.006991,0.007017,0.006931,0.006938,15635413.2
2026-04-03 08:00:00+00:00,0.006939,0.007007,0.006939,0.00697,7804218.0
2026-04-03 09:00:00+00:00,0.006971,0.006993,0.006947,0.006981,7139073.1
2026-04-03 10:00:00+00:00,0.006981,0.006993,0.006954,0.006962,5553966.3
2026-04-03 11:00:00+00:00,0.006963,0.007109,0.006962,0.007037,24699981.9
2026-04-03 12:00:00+00:00,0.007038,0.007069,0.006956,0.006982,13927765.7
2026-04-03 13:00:00+00:00,0.006982,0.006993,0.006936,0.006957,4019473.0
2026-04-03 14:00:00+00:00,0.006958,0.006999,0.006945,0.006972,5720509.3
2026-04-03 15:00:00+00:00,0.006971,0.006981,0.006878,0.006895,11096502.3
2026-04-03 16:00:00+00:00,0.006894,0.00693,0.006887,0.006929,5821868.2
2026-04-03 17:00:00+00:00,0.006929,0.006937,0.006916,0.006927,3508181.2
2026-04-03 18:00:00+00:00,0.006928,0.006982,0.006924,0.006969,5671869.0
2026-04-03 19:00:00+00:00,0.006967,0.007008,0.006937,0.006994,7401727.9
2026-04-03 20:00:00+00:00,0.006993,0.007012,0.006974,0.006988,4931059.8
2026-04-03 21:00:00+00:00,0.006989,0.007038,0.006977,0.007009,5655929.2
2026-04-03 22:00:00+00:00,0.007004,0.007023,0.006988,0.007003,7622398.5
2026-04-03 23:00:00+00:00,0.007001,0.007007,0.006986,0.006989,6246614.4
2026-04-04 00:00:00+00:00,0.00699,0.007056,0.00697,0.007035,14704518.7
2026-04-04 01:00:00+00:00,0.007036,0.007145,0.007034,0.007057,20024597.3
2026-04-04 02:00:00+00:00,0.007059,0.007119,0.007049,0.00711,12000517.5
2026-04-04 03:00:00+00:00,0.007112,0.007325,0.007112,0.007238,53310774.4
2026-04-04 04:00:00+00:00,0.007237,0.007405,0.007236,0.007377,36257531.9
2026-04-04 05:00:00+00:00,0.007377,0.007452,0.00735,0.007399,22088893.1
2026-04-04 06:00:00+00:00,0.0074,0.007499,0.007329,0.007467,40743967.5
2026-04-04 07:00:00+00:00,0.007468,0.007648,0.007447,0.007616,96647556.2
2026-04-04 08:00:00+00:00,0.007617,0.007653,0.007548,0.007608,65250660.6
2026-04-04 09:00:00+00:00,0.007608,0.007622,0.007447,0.007471,57531187.0
2026-04-04 10:00:00+00:00,0.007472,0.007664,0.007472,0.007611,73373882.7
2026-04-04 11:00:00+00:00,0.007611,0.007666,0.0076,0.00764,27657790.9
2026-04-04 12:00:00+00:00,0.007638,0.007719,0.00744,0.007446,93039065.3
2026-04-04 13:00:00+00:00,0.007445,0.007465,0.007333,0.007343,34350045.1
2026-04-04 14:00:00+00:00,0.007342,0.007519,0.007341,0.007509,33951477.7
2026-04-04 15:00:00+00:00,0.007509,0.007577,0.007471,0.007489,20627829.8
2026-04-04 16:00:00+00:00,0.007486,0.007506,0.007421,0.007434,15486289.3
2026-04-04 17:00:00+00:00,0.007433,0.007526,0.00743,0.007483,10608697.7
2026-04-04 18:00:00+00:00,0.007482,0.007487,0.007415,0.007429,8889384.6
2026-04-04 19:00:00+00:00,0.007429,0.007482,0.00737,0.007415,14570657.5
2026-04-04 20:00:00+00:00,0.007416,0.00746,0.007405,0.007451,6348510.9
2026-04-04 21:00:00+00:00,0.007452,0.007496,0.007442,0.007452,5061804.3
2026-04-04 22:00:00+00:00,0.007454,0.007473,0.007443,0.007467,4755792.1
2026-04-04 23:00:00+00:00,0.007465,0.007482,0.0074,0.007477,14538586.5
2026-04-05 00:00:00+00:00,0.007479,0.007483,0.007374,0.007408,11769734.8
2026-04-05 01:00:00+00:00,0.007409,0.00746,0.007406,0.00744,7990394.2
2026-04-05 02:00:00+00:00,0.007439,0.007499,0.00743,0.007498,10430268.8
2026-04-05 03:00:00+00:00,0.007494,0.007537,0.007461,0.007517,16408982.2
2026-04-05 04:00:00+00:00,0.007517,0.007555,0.007503,0.007526,9745624.4
2026-04-05 05:00:00+00:00,0.007523,0.007559,0.007489,0.007513,8520573.5
2026-04-05 06:00:00+00:00,0.007514,0.007525,0.007426,0.007458,21742504.1
2026-04-05 07:00:00+00:00,0.007457,0.007461,0.007345,0.007371,19263710.2
2026-04-05 08:00:00+00:00,0.007372,0.007483,0.007364,0.00748,9878207.0
2026-04-05 09:00:00+00:00,0.00748,0.007507,0.007417,0.007476,10039722.4
2026-04-05 10:00:00+00:00,0.007475,0.007519,0.007454,0.007472,8745902.8
2026-04-05 11:00:00+00:00,0.007471,0.00752,0.007457,0.007461,11311271.0
2026-04-05 12:00:00+00:00,0.00746,0.007492,0.007348,0.007371,29003063.6
2026-04-05 13:00:00+00:00,0.00737,0.007415,0.00734,0.00741,11872334.7
2026-04-05 14:00:00+00:00,0.007413,0.007453,0.007389,0.007414,18587731.9
2026-04-05 15:00:00+00:00,0.007414,0.007535,0.007406,0.007521,31232760.4
2026-04-05 16:00:00+00:00,0.007522,0.007543,0.007421,0.007434,30151927.4
2026-04-05 17:00:00+00:00,0.007435,0.00745,0.007348,0.007355,15154273.4
2026-04-05 18:00:00+00:00,0.007356,0.007365,0.007288,0.007312,36556076.6
2026-04-05 19:00:00+00:00,0.007311,0.007334,0.007281,0.007322,6815612.3
2026-04-05 20:00:00+00:00,0.007323,0.007344,0.007302,0.007315,8143712.5
2026-04-05 21:00:00+00:00,0.007315,0.007356,0.007302,0.007329,6714795.3
2026-04-05 22:00:00+00:00,0.00733,0.007418,0.00733,0.007401,13732584.5
2026-04-05 23:00:00+00:00,0.007402,0.007454,0.007379,0.007439,32598184.6
2026-04-06 00:00:00+00:00,0.00744,0.007511,0.007387,0.007443,33242161.3
2026-04-06 01:00:00+00:00,0.007444,0.007495,0.007423,0.007484,9211718.1
2026-04-06 02:00:00+00:00,0.007485,0.007546,0.007463,0.007521,8112323.5
2026-04-06 03:00:00+00:00,0.007521,0.007524,0.007479,0.0075,6494750.8
2026-04-06 04:00:00+00:00,0.007501,0.007509,0.007471,0.007471,4646711.3
2026-04-06 05:00:00+00:00,0.007475,0.007481,0.007447,0.007462,2133934.8
2026-04-06 06:00:00+00:00,0.007462,0.00749,0.007433,0.007471,7221735.9
2026-04-06 07:00:00+00:00,0.007472,0.007501,0.007446,0.00749,5191971.9
2026-04-06 08:00:00+00:00,0.007489,0.00753,0.007455,0.007483,12054385.7
2026-04-06 09:00:00+00:00,0.007482,0.00753,0.007471,0.007529,9171588.9
2026-04-06 10:00:00+00:00,0.007528,0.007539,0.007504,0.007509,14251128.4
2026-04-06 11:00:00+00:00,0.00751,0.007513,0.007482,0.007496,9062971.7
2026-04-06 12:00:00+00:00,0.007495,0.007503,0.007443,0.007448,8454726.8
2026-04-06 13:00:00+00:00,0.007448,0.007453,0.007399,0.007429,5936907.6
2026-04-06 14:00:00+00:00,0.007429,0.007462,0.007393,0.00745,7094139.0
2026-04-06 15:00:00+00:00,0.007449,0.007466,0.007415,0.007436,6131197.6
2026-04-06 16:00:00+00:00,0.007435,0.007442,0.007403,0.007426,6025685.1
2026-04-06 17:00:00+00:00,0.007426,0.007433,0.007379,0.007408,4319358.8
2026-04-06 18:00:00+00:00,0.007407,0.007407,0.007372,0.007385,3452952.7
2026-04-06 19:00:00+00:00,0.007384,0.007384,0.007357,0.007368,2625690.1
2026-04-06 20:00:00+00:00,0.007369,0.00738,0.007349,0.007364,7666049.0
2026-04-06 21:00:00+00:00,0.007364,0.007364,0.007278,0.007282,8802267.0
2026-04-06 22:00:00+00:00,0.007282,0.007282,0.007125,0.007137,35415849.8
2026-04-06 23:00:00+00:00,0.007137,0.007173,0.007108,0.007142,16125705.0
2026-04-07 00:00:00+00:00,0.007142,0.007172,0.007135,0.007166,12489475.1
2026-04-07 01:00:00+00:00,0.007166,0.007167,0.007081,0.007083,7671874.5
2026-04-07 02:00:00+00:00,0.007082,0.007118,0.007065,0.007098,7220010.6
2026-04-07 03:00:00+00:00,0.007098,0.007105,0.007063,0.007095,4678120.8
2026-04-07 04:00:00+00:00,0.007095,0.007143,0.007051,0.00712,10767224.5
2026-04-07 05:00:00+00:00,0.00712,0.007121,0.007077,0.007115,4933240.1
2026-04-07 06:00:00+00:00,0.007115,0.007115,0.007075,0.007093,4160680.4
2026-04-07 07:00:00+00:00,0.007092,0.007129,0.007078,0.007112,6452257.5
2026-04-07 08:00:00+00:00,0.007112,0.007133,0.007086,0.0071,5595729.8
2026-04-07 09:00:00+00:00,0.0071,0.00714,0.007097,0.007119,18325122.8
2026-04-07 10:00:00+00:00,0.007121,0.00713,0.007032,0.007032,10799387.8
2026-04-07 11:00:00+00:00,0.007033,0.007061,0.007016,0.00705,8739115.8
2026-04-07 12:00:00+00:00,0.007049,0.007076,0.006977,0.007055,14770870.8
2026-04-07 13:00:00+00:00,0.007055,0.007066,0.007007,0.007007,6102824.5
2026-04-07 14:00:00+00:00,0.007006,0.007026,0.006978,0.007001,8221395.7
2026-04-07 15:00:00+00:00,0.007001,0.00702,0.006981,0.007004,10866914.1
2026-04-07 16:00:00+00:00,0.007003,0.007023,0.006971,0.007006,4132082.1
2026-04-07 17:00:00+00:00,0.007006,0.007077,0.006981,0.00706,12731218.7
2026-04-07 18:00:00+00:00,0.007059,0.007063,0.007007,0.007043,13440912.2
2026-04-07 19:00:00+00:00,0.007042,0.007087,0.006997,0.007085,15858257.8
2026-04-07 20:00:00+00:00,0.007086,0.007114,0.007051,0.007076,9240784.6
2026-04-07 21:00:00+00:00,0.007077,0.007199,0.007077,0.007189,13849731.3
2026-04-07 22:00:00+00:00,0.007189,0.007403,0.007189,0.007403,24688495.9
2026-04-07 23:00:00+00:00,0.007404,0.007497,0.00734,0.007457,45981625.7
2026-04-08 00:00:00+00:00,0.007458,0.007471,0.007395,0.007421,12857073.2
2026-04-08 01:00:00+00:00,0.007421,0.007586,0.007376,0.007516,37532405.0
2026-04-08 02:00:00+00:00,0.007516,0.007528,0.007429,0.00745,11274223.0
2026-04-08 03:00:00+00:00,0.007449,0.007469,0.007434,0.007441,5604464.1
2026-04-08 04:00:00+00:00,0.007442,0.007487,0.007442,0.007475,5352178.4
2026-04-08 05:00:00+00:00,0.007475,0.007518,0.007459,0.00749,3147556.5
2026-04-08 06:00:00+00:00,0.007489,0.007502,0.007453,0.007457,4852559.0
2026-04-08 07:00:00+00:00,0.007457,0.007485,0.007457,0.007481,9589322.3
2026-04-08 08:00:00+00:00,0.00748,0.007486,0.007463,0.007479,3497494.2
2026-04-08 09:00:00+00:00,0.007479,0.00748,0.007456,0.007471,3744723.4
2026-04-08 10:00:00+00:00,0.007469,0.007487,0.007431,0.007431,3547709.0
2026-04-08 11:00:00+00:00,0.007434,0.007449,0.00738,0.00744,12178679.9
2026-04-08 12:00:00+00:00,0.007441,0.007444,0.007402,0.007422,6037068.2
2026-04-08 13:00:00+00:00,0.007421,0.00746,0.007406,0.007412,9746001.5
2026-04-08 14:00:00+00:00,0.007413,0.007417,0.007288,0.007312,17160299.1
2026-04-08 15:00:00+00:00,0.007312,0.007343,0.007298,0.007328,5419868.8
2026-04-08 16:00:00+00:00,0.007326,0.007352,0.00732,0.007347,4053174.2
2026-04-08 17:00:00+00:00,0.007348,0.007387,0.007332,0.007349,7377662.1
2026-04-08 18:00:00+00:00,0.007347,0.007361,0.00729,0.0073,13611293.0
2026-04-08 19:00:00+00:00,0.007298,0.007319,0.007245,0.007302,26924598.2
2026-04-08 20:00:00+00:00,0.007299,0.007317,0.007274,0.007295,6869093.9
2026-04-08 21:00:00+00:00,0.007295,0.007339,0.007284,0.007311,3653337.9
2026-04-08 22:00:00+00:00,0.007315,0.007315,0.007241,0.007242,4168866.4
2026-04-08 23:00:00+00:00,0.007241,0.007241,0.00718,0.007185,13888048.7
2026-04-09 00:00:00+00:00,0.007184,0.0072,0.007121,0.007147,11616978.4
2026-04-09 01:00:00+00:00,0.007146,0.007149,0.007097,0.007127,9264709.0
2026-04-09 02:00:00+00:00,0.007128,0.007162,0.007117,0.00716,5724338.3
2026-04-09 03:00:00+00:00,0.00716,0.007193,0.007142,0.007159,4907051.1
2026-04-09 04:00:00+00:00,0.007158,0.007166,0.007136,0.007146,2894630.6
2026-04-09 05:00:00+00:00,0.007145,0.007184,0.007136,0.007154,8187876.1
2026-04-09 06:00:00+00:00,0.007154,0.007174,0.007147,0.007168,2976345.5
2026-04-09 07:00:00+00:00,0.007167,0.007191,0.007153,0.007179,11245718.3
2026-04-09 08:00:00+00:00,0.00718,0.007202,0.00716,0.007182,2782152.0
2026-04-09 09:00:00+00:00,0.007183,0.007219,0.007168,0.007212,2502545.6
2026-04-09 10:00:00+00:00,0.007211,0.007211,0.007172,0.007183,3628103.4
2026-04-09 11:00:00+00:00,0.007183,0.007183,0.007153,0.007154,5617115.3
2026-04-09 12:00:00+00:00,0.007155,0.007161,0.007137,0.00716,4376706.4
2026-04-09 13:00:00+00:00,0.007162,0.007163,0.007102,0.007126,8019317.2
2026-04-09 14:00:00+00:00,0.007125,0.007125,0.007045,0.007101,22152650.9
2026-04-09 15:00:00+00:00,0.007102,0.007228,0.007082,0.007203,23966616.6
2026-04-09 16:00:00+00:00,0.007205,0.007241,0.007175,0.007205,5336082.6
2026-04-09 17:00:00+00:00,0.007204,0.007235,0.007188,0.007225,4480610.9
2026-04-09 18:00:00+00:00,0.007226,0.007227,0.007178,0.007208,6825397.9
2026-04-09 19:00:00+00:00,0.007206,0.007231,0.007186,0.007205,6190099.5
2026-04-09 20:00:00+00:00,0.007206,0.007249,0.007202,0.007225,4096080.1
2026-04-09 21:00:00+00:00,0.007226,0.007243,0.007198,0.007213,3203523.9
2026-04-09 22:00:00+00:00,0.007213,0.007302,0.007213,0.007218,8428602.4
2026-04-09 23:00:00+00:00,0.007218,0.00722,0.007114,0.007125,20657402.9
2026-04-10 00:00:00+00:00,0.007126,0.007147,0.007074,0.007133,9215965.1
2026-04-10 01:00:00+00:00,0.007133,0.007145,0.00707,0.007084,9654437.1
2026-04-10 02:00:00+00:00,0.007085,0.007107,0.007078,0.007078,6651852.9
2026-04-10 03:00:00+00:00,0.007078,0.007108,0.007054,0.007056,5918986.9
2026-04-10 04:00:00+00:00,0.007057,0.007101,0.007051,0.007084,4396096.1
2026-04-10 05:00:00+00:00,0.007083,0.007094,0.007053,0.007088,6608135.6
2026-04-10 06:00:00+00:00,0.007086,0.007086,0.00702,0.007032,6455344.9
2026-04-10 07:00:00+00:00,0.007033,0.007037,0.007001,0.007007,4985618.4
2026-04-10 08:00:00+00:00,0.007006,0.007029,0.006982,0.006997,17388375.5
2026-04-10 09:00:00+00:00,0.006999,0.007054,0.006999,0.007046,9185096.3
2026-04-10 10:00:00+00:00,0.007046,0.007055,0.007015,0.007018,13049252.3
2026-04-10 11:00:00+00:00,0.007017,0.007051,0.00701,0.00702,8267538.5
2026-04-10 12:00:00+00:00,0.007019,0.007062,0.007013,0.007033,14553294.3
2026-04-10 13:00:00+00:00,0.007032,0.007102,0.007022,0.007086,14882555.2
2026-04-10 14:00:00+00:00,0.007086,0.007555,0.007082,0.007235,49952752.1
2026-04-10 15:00:00+00:00,0.007236,0.007286,0.007177,0.007198,21302210.6
2026-04-10 16:00:00+00:00,0.007199,0.007249,0.007193,0.007213,16023297.2
2026-04-10 17:00:00+00:00,0.007212,0.007212,0.00715,0.007193,6069347.0
2026-04-10 18:00:00+00:00,0.007194,0.007243,0.007193,0.00724,6879571.3
2026-04-10 19:00:00+00:00,0.00724,0.007286,0.007234,0.007266,12131424.7
2026-04-10 20:00:00+00:00,0.007264,0.007264,0.007163,0.007196,16215289.8
2026-04-10 21:00:00+00:00,0.007195,0.007199,0.007122,0.007143,5194832.1
2026-04-10 22:00:00+00:00,0.007142,0.007156,0.00711,0.007126,10272949.7
2026-04-10 23:00:00+00:00,0.007127,0.007127,0.00706,0.007077,9515842.9
2026-04-11 00:00:00+00:00,0.007078,0.007085,0.007025,0.007028,12541273.2
2026-04-11 01:00:00+00:00,0.007031,0.007066,0.007023,0.007055,21100044.6
2026-04-11 02:00:00+00:00,0.007054,0.007069,0.007049,0.007053,5162432.0
2026-04-11 03:00:00+00:00,0.007053,0.007073,0.00699,0.006998,7670554.6
2026-04-11 04:00:00+00:00,0.006999,0.007044,0.006989,0.006992,10512087.1
2026-04-11 05:00:00+00:00,0.006992,0.007037,0.00699,0.007008,7324873.4
2026-04-11 06:00:00+00:00,0.007007,0.007013,0.006983,0.007007,3794591.5
2026-04-11 07:00:00+00:00,0.007007,0.007009,0.006994,0.007007,4226115.8
2026-04-11 08:00:00+00:00,0.007006,0.007019,0.006983,0.006993,23555712.6
2026-04-11 09:00:00+00:00,0.006991,0.007022,0.006982,0.007018,7129982.9
2026-04-11 10:00:00+00:00,0.007017,0.007044,0.007012,0.007044,4221525.8
2026-04-11 11:00:00+00:00,0.007044,0.007063,0.00703,0.007041,3370857.0
2026-04-11 12:00:00+00:00,0.00704,0.00704,0.007015,0.007031,7233629.7
2026-04-11 13:00:00+00:00,0.00703,0.007032,0.006949,0.00702,16990032.3
2026-04-11 14:00:00+00:00,0.007018,0.007037,0.006986,0.006997,10290059.3
2026-04-11 15:00:00+00:00,0.006996,0.007034,0.006992,0.007004,1731784.6
2026-04-11 16:00:00+00:00,0.007003,0.007058,0.006992,0.007039,4641125.9
2026-04-11 17:00:00+00:00,0.007038,0.007065,0.007019,0.007025,4587034.3
2026-04-11 18:00:00+00:00,0.007026,0.007123,0.007013,0.00709,11615615.3
2026-04-11 19:00:00+00:00,0.007091,0.00715,0.007091,0.007149,11473371.3
2026-04-11 20:00:00+00:00,0.00715,0.007163,0.007026,0.007038,28501928.6
2026-04-11 21:00:00+00:00,0.007038,0.00705,0.007021,0.007031,5355348.9
2026-04-11 22:00:00+00:00,0.007032,0.00708,0.007003,0.007014,7768325.5
2026-04-11 23:00:00+00:00,0.007013,0.007019,0.006982,0.006999,10712100.5
2026-04-12 00:00:00+00:00,0.007002,0.007054,0.006975,0.007022,12367174.2
2026-04-12 01:00:00+00:00,0.007023,0.007038,0.006826,0.006854,28592349.6
2026-04-12 02:00:00+00:00,0.006854,0.006888,0.006805,0.006868,17301954.1
2026-04-12 03:00:00+00:00,0.006866,0.006881,0.006837,0.006861,9200860.7
2026-04-12 04:00:00+00:00,0.00686,0.006866,0.006841,0.006846,4643493.7
2026-04-12 05:00:00+00:00,0.006844,0.006869,0.006835,0.006868,4715123.9
2026-04-12 06:00:00+00:00,0.006866,0.006882,0.006851,0.006856,3310182.5
2026-04-12 07:00:00+00:00,0.006857,0.006857,0.006824,0.006838,3090347.8
2026-04-12 08:00:00+00:00,0.006838,0.006855,0.006833,0.006851,4148381.3
2026-04-12 09:00:00+00:00,0.006851,0.006859,0.006836,0.006839,6362166.6
2026-04-12 10:00:00+00:00,0.00684,0.006847,0.006805,0.00682,5549859.5
2026-04-12 11:00:00+00:00,0.006817,0.006839,0.006791,0.006831,4816537.1
2026-04-12 12:00:00+00:00,0.006828,0.006841,0.006781,0.006803,15179104.1
2026-04-12 13:00:00+00:00,0.006802,0.006834,0.006786,0.006792,8659872.6
2026-04-12 14:00:00+00:00,0.006793,0.006802,0.006774,0.006787,6189273.5
2026-04-12 15:00:00+00:00,0.006788,0.006802,0.006762,0.006791,6037132.5
2026-04-12 16:00:00+00:00,0.00679,0.00681,0.006779,0.006797,1817388.8
2026-04-12 17:00:00+00:00,0.006798,0.006846,0.006785,0.006836,11446725.5
2026-04-12 18:00:00+00:00,0.006837,0.006847,0.006808,0.006808,2490212.2
2026-04-12 19:00:00+00:00,0.006808,0.006816,0.006794,0.0068,1900724.5
2026-04-12 20:00:00+00:00,0.006799,0.006844,0.006791,0.006838,5730259.3
2026-04-12 21:00:00+00:00,0.006838,0.006841,0.006797,0.006811,4509867.7
2026-04-12 22:00:00+00:00,0.006811,0.006811,0.006734,0.006762,9832296.0
2026-04-12 23:00:00+00:00,0.006762,0.006766,0.006703,0.006737,21148463.4
2026-04-13 00:00:00+00:00,0.006737,0.006799,0.006724,0.006777,5754111.7
2026-04-13 01:00:00+00:00,0.006778,0.006785,0.006756,0.00678,3835428.4
2026-04-13 02:00:00+00:00,0.00678,0.006792,0.006738,0.006753,11445218.3
2026-04-13 03:00:00+00:00,0.006754,0.006763,0.006734,0.006761,9849908.0
2026-04-13 04:00:00+00:00,0.006761,0.006766,0.006729,0.006738,11441681.8
2026-04-13 05:00:00+00:00,0.006737,0.006749,0.006703,0.006749,12039868.9
2026-04-13 06:00:00+00:00,0.006749,0.006787,0.006748,0.006761,6721703.6
2026-04-13 07:00:00+00:00,0.006762,0.006766,0.006728,0.00673,12305754.5
2026-04-13 08:00:00+00:00,0.00673,0.006736,0.006703,0.006727,13159405.0
2026-04-13 09:00:00+00:00,0.006728,0.006781,0.006728,0.006768,5649463.5
2026-04-13 10:00:00+00:00,0.006768,0.006775,0.006747,0.006763,3427489.1
2026-04-13 11:00:00+00:00,0.006764,0.006782,0.006753,0.006768,2999841.0
2026-04-13 12:00:00+00:00,0.006767,0.006808,0.006747,0.006793,6725879.9
2026-04-13 13:00:00+00:00,0.006794,0.006841,0.006768,0.006826,8591120.3
2026-04-13 14:00:00+00:00,0.006828,0.006895,0.0068,0.006892,16144019.7
2026-04-13 15:00:00+00:00,0.006892,0.006897,0.006807,0.00682,10076278.2
2026-04-13 16:00:00+00:00,0.006821,0.006824,0.006762,0.006792,18055507.3
2026-04-13 17:00:00+00:00,0.006791,0.006843,0.006781,0.006804,11647355.5
2026-04-13 18:00:00+00:00,0.006803,0.006812,0.006779,0.006808,5352098.0
2026-04-13 19:00:00+00:00,0.006807,0.00692,0.006806,0.006914,8972630.8
2026-04-13 20:00:00+00:00,0.006916,0.006919,0.00684,0.006843,3219710.0
2026-04-13 21:00:00+00:00,0.006844,0.006914,0.006833,0.006908,2586753.6
2026-04-13 22:00:00+00:00,0.006908,0.007054,0.006908,0.007035,19331779.8
2026-04-13 23:00:00+00:00,0.007037,0.007097,0.007019,0.007095,22008069.2
2026-04-14 00:00:00+00:00,0.007096,0.007113,0.007015,0.007018,11921893.7
2026-04-14 01:00:00+00:00,0.007016,0.007061,0.006985,0.007041,5627240.0
2026-04-14 02:00:00+00:00,0.00704,0.007067,0.007009,0.007009,4311444.6
2026-04-14 03:00:00+00:00,0.007008,0.007027,0.006999,0.007002,9585532.3
2026-04-14 04:00:00+00:00,0.007002,0.007011,0.006985,0.006987,4753888.6
2026-04-14 05:00:00+00:00,0.006986,0.006986,0.006925,0.006935,4215616.9
2026-04-14 06:00:00+00:00,0.006936,0.006999,0.006936,0.006988,10144849.7
2026-04-14 07:00:00+00:00,0.006988,0.007007,0.006973,0.00699,5665741.1
2026-04-14 08:00:00+00:00,0.006989,0.007026,0.006986,0.007,23043775.6
2026-04-14 09:00:00+00:00,0.006999,0.007,0.006952,0.006981,8676517.0
2026-04-14 10:00:00+00:00,0.00698,0.006989,0.006955,0.006955,6456014.3
2026-04-14 11:00:00+00:00,0.006954,0.006969,0.006916,0.006926,5274847.9
2026-04-14 12:00:00+00:00,0.006924,0.006938,0.006908,0.006938,7050288.2
2026-04-14 13:00:00+00:00,0.006937,0.007018,0.006922,0.007013,20281128.8
2026-04-14 14:00:00+00:00,0.007014,0.007036,0.006966,0.006968,11325182.8
2026-04-14 15:00:00+00:00,0.006967,0.007013,0.006928,0.006977,13575846.3
2026-04-14 16:00:00+00:00,0.006977,0.007006,0.006954,0.006971,7960913.1
2026-04-14 17:00:00+00:00,0.00697,0.007003,0.006912,0.006949,10234247.5
2026-04-14 18:00:00+00:00,0.00695,0.006959,0.006827,0.00685,19183548.7
2026-04-14 19:00:00+00:00,0.006849,0.006888,0.006832,0.006876,8455410.8
2026-04-14 20:00:00+00:00,0.006877,0.006889,0.006851,0.006861,4121826.3
2026-04-14 21:00:00+00:00,0.006862,0.006896,0.00686,0.00689,4521715.6
2026-04-14 22:00:00+00:00,0.00689,0.006906,0.006849,0.006874,4966970.5
2026-04-14 23:00:00+00:00,0.006874,0.006897,0.006861,0.00689,3136476.9
2026-04-15 00:00:00+00:00,0.006891,0.006933,0.00689,0.006922,12755950.8
2026-04-15 01:00:00+00:00,0.006921,0.006972,0.006911,0.006942,5105827.3
2026-04-15 02:00:00+00:00,0.006943,0.00695,0.006889,0.006908,3536192.3
2026-04-15 03:00:00+00:00,0.006909,0.00694,0.006903,0.006937,2924155.8
2026-04-15 04:00:00+00:00,0.006938,0.006955,0.00693,0.006952,2674949.7
2026-04-15 05:00:00+00:00,0.006954,0.006967,0.006901,0.006915,5016383.0
2026-04-15 06:00:00+00:00,0.006915,0.006921,0.006888,0.006891,2614754.5
2026-04-15 07:00:00+00:00,0.006892,0.006908,0.00687,0.006886,3366504.7
2026-04-15 08:00:00+00:00,0.006887,0.006957,0.006882,0.006922,11113638.4
2026-04-15 09:00:00+00:00,0.006923,0.006998,0.006906,0.006935,8143938.5
2026-04-15 10:00:00+00:00,0.006934,0.006969,0.006928,0.006938,3893712.3
2026-04-15 11:00:00+00:00,0.006939,0.006987,0.006939,0.006974,5669121.6
2026-04-15 12:00:00+00:00,0.006973,0.006986,0.006953,0.006978,5021543.1
2026-04-15 13:00:00+00:00,0.006977,0.00701,0.006968,0.006979,5362725.7
2026-04-15 14:00:00+00:00,0.006979,0.007001,0.006961,0.006993,7280402.7
2026-04-15 15:00:00+00:00,0.006994,0.007017,0.006933,0.006963,11131302.5
2026-04-15 16:00:00+00:00,0.006962,0.007016,0.006946,0.007009,7421882.9
2026-04-15 17:00:00+00:00,0.00701,0.00703,0.006989,0.007014,3703559.9
2026-04-15 18:00:00+00:00,0.007013,0.007034,0.006997,0.00701,8049608.0
2026-04-15 19:00:00+00:00,0.00701,0.007062,0.007005,0.007034,6284304.7
2026-04-15 20:00:00+00:00,0.007036,0.00705,0.007016,0.007035,3292795.8
2026-04-15 21:00:00+00:00,0.007032,0.007039,0.007007,0.007031,7355133.5
2026-04-15 22:00:00+00:00,0.007033,0.007092,0.00703,0.007064,6079282.4
2026-04-15 23:00:00+00:00,0.007063,0.007069,0.007031,0.007069,5798015.4
2026-04-16 00:00:00+00:00,0.00707,0.00708,0.007036,0.007048,5250088.5
2026-04-16 01:00:00+00:00,0.007048,0.007064,0.007007,0.007046,7960498.5
2026-04-16 02:00:00+00:00,0.007047,0.007134,0.007045,0.0071,12113270.3
2026-04-16 03:00:00+00:00,0.0071,0.007187,0.007091,0.007174,15495919.8
2026-04-16 04:00:00+00:00,0.007175,0.007222,0.007163,0.007188,22947657.0
2026-04-16 05:00:00+00:00,0.007187,0.00721,0.007133,0.007137,13647494.6
2026-04-16 06:00:00+00:00,0.007138,0.007154,0.007121,0.007152,6607444.2
2026-04-16 07:00:00+00:00,0.007153,0.007194,0.007143,0.007174,11527417.3
2026-04-16 08:00:00+00:00,0.007175,0.007184,0.007145,0.007166,8075766.5
2026-04-16 09:00:00+00:00,0.007165,0.007182,0.007128,0.007137,6084798.9
2026-04-16 10:00:00+00:00,0.007136,0.007147,0.007099,0.007116,6247477.6
2026-04-16 11:00:00+00:00,0.007116,0.007146,0.007098,0.007136,4308475.3
2026-04-16 12:00:00+00:00,0.007137,0.007184,0.007137,0.007157,5981576.8
2026-04-16 13:00:00+00:00,0.007156,0.00725,0.007079,0.007137,27807292.1
2026-04-16 14:00:00+00:00,0.007139,0.007151,0.007048,0.007097,13620123.0
2026-04-16 15:00:00+00:00,0.007096,0.007209,0.007093,0.007207,8795251.9
2026-04-16 16:00:00+00:00,0.007207,0.007265,0.007149,0.007177,20917809.4
2026-04-16 17:00:00+00:00,0.007176,0.007225,0.007159,0.007209,12104834.0
2026-04-16 18:00:00+00:00,0.00721,0.007333,0.007193,0.007326,21294259.1
2026-04-16 19:00:00+00:00,0.007328,0.0075,0.007328,0.007479,59586956.2
2026-04-16 20:00:00+00:00,0.007481,0.007502,0.007388,0.007403,14524949.3
2026-04-16 21:00:00+00:00,0.007405,0.007429,0.007345,0.007424,9894172.9
2026-04-16 22:00:00+00:00,0.007423,0.007466,0.007417,0.007432,8243576.6
2026-04-16 23:00:00+00:00,0.00743,0.007455,0.007413,0.007421,16024222.1
2026-04-17 00:00:00+00:00,0.007423,0.00744,0.007376,0.007395,12537748.4
2026-04-17 01:00:00+00:00,0.007388,0.007414,0.007303,0.007326,20829128.5
2026-04-17 02:00:00+00:00,0.007326,0.00733,0.007266,0.007318,7518143.8
2026-04-17 03:00:00+00:00,0.007317,0.007323,0.007271,0.007277,3212158.4
2026-04-17 04:00:00+00:00,0.007279,0.007295,0.007235,0.007247,4351770.4
2026-04-17 05:00:00+00:00,0.007241,0.007241,0.007189,0.007189,4697227.5
2026-04-17 06:00:00+00:00,0.007194,0.00729,0.007194,0.007251,29839082.5
2026-04-17 07:00:00+00:00,0.007251,0.007319,0.007251,0.007318,3187260.6
2026-04-17 08:00:00+00:00,0.007317,0.007331,0.007298,0.007314,5514849.4
2026-04-17 09:00:00+00:00,0.007314,0.007354,0.007293,0.007327,5674012.8
2026-04-17 10:00:00+00:00,0.007327,0.007327,0.00724,0.007261,8368456.5
2026-04-17 11:00:00+00:00,0.007264,0.007298,0.007237,0.007286,6766337.4
2026-04-17 12:00:00+00:00,0.007286,0.007353,0.007276,0.007352,10169209.0
2026-04-17 13:00:00+00:00,0.007341,0.007503,0.007341,0.007491,19190770.2
2026-04-17 14:00:00+00:00,0.007492,0.007527,0.007443,0.00747,21569729.2
2026-04-17 15:00:00+00:00,0.007469,0.007469,0.007399,0.007417,15817828.3
2026-04-17 16:00:00+00:00,0.007423,0.007479,0.007403,0.007454,11486814.8
2026-04-17 17:00:00+00:00,0.007449,0.007471,0.00738,0.007387,16521222.2
2026-04-17 18:00:00+00:00,0.007386,0.007419,0.007348,0.007386,12710773.3
2026-04-17 19:00:00+00:00,0.00739,0.007423,0.007365,0.007401,4694380.9
2026-04-17 20:00:00+00:00,0.007408,0.007416,0.00736,0.007383,5913737.7
2026-04-17 21:00:00+00:00,0.007387,0.007418,0.007368,0.007394,5146523.8
2026-04-17 22:00:00+00:00,0.007393,0.007414,0.007373,0.007395,4859482.4
2026-04-17 23:00:00+00:00,0.007395,0.007402,0.007317,0.00734,11050929.1
2026-04-18 00:00:00+00:00,0.00734,0.00734,0.007231,0.007276,23835726.2
2026-04-18 01:00:00+00:00,0.007277,0.007286,0.007227,0.007243,10785124.6
2026-04-18 02:00:00+00:00,0.007242,0.007284,0.007211,0.00728,4646499.6
2026-04-18 03:00:00+00:00,0.00728,0.00728,0.007221,0.007235,6335115.0
2026-04-18 04:00:00+00:00,0.007233,0.007259,0.007216,0.007243,10013734.0
2026-04-18 05:00:00+00:00,0.007242,0.007299,0.007242,0.007298,4655057.7
2026-04-18 06:00:00+00:00,0.007298,0.007346,0.007294,0.007337,13314755.1
2026-04-18 07:00:00+00:00,0.007336,0.007389,0.007323,0.00736,10977140.8
2026-04-18 08:00:00+00:00,0.00736,0.007375,0.00725,0.007279,14560740.6
2026-04-18 09:00:00+00:00,0.007278,0.007297,0.007223,0.007264,7153586.3
2026-04-18 10:00:00+00:00,0.007263,0.007263,0.007164,0.007173,15292915.6
2026-04-18 11:00:00+00:00,0.007174,0.007175,0.007102,0.007155,18226499.1
2026-04-18 12:00:00+00:00,0.007155,0.007175,0.00711,0.007166,11126465.4
2026-04-18 13:00:00+00:00,0.007166,0.007179,0.007107,0.007167,9426092.2
2026-04-18 14:00:00+00:00,0.007166,0.007191,0.007147,0.007169,8533638.7
2026-04-18 15:00:00+00:00,0.007169,0.007198,0.007135,0.007158,6634744.5
2026-04-18 16:00:00+00:00,0.007158,0.007173,0.0071,0.00711,10124302.1
2026-04-18 17:00:00+00:00,0.007109,0.00714,0.007068,0.007118,7823969.1
2026-04-18 18:00:00+00:00,0.007116,0.007127,0.007058,0.007066,13322595.3
2026-04-18 19:00:00+00:00,0.007067,0.007105,0.007067,0.007086,3268638.3
2026-04-18 20:00:00+00:00,0.007086,0.007107,0.007071,0.007088,7283002.4
2026-04-18 21:00:00+00:00,0.007087,0.00711,0.00708,0.007095,4195889.1
2026-04-18 22:00:00+00:00,0.007097,0.007107,0.007074,0.007103,2316287.9
2026-04-18 23:00:00+00:00,0.007104,0.007116,0.007063,0.007068,3441172.6
2026-04-19 00:00:00+00:00,0.007068,0.007072,0.007012,0.007068,9347960.7
2026-04-19 01:00:00+00:00,0.007069,0.007088,0.007027,0.007062,4712086.5
2026-04-19 02:00:00+00:00,0.007062,0.007063,0.007002,0.007032,7190646.0
2026-04-19 03:00:00+00:00,0.007032,0.007089,0.00701,0.00706,6783615.4
2026-04-19 04:00:00+00:00,0.007059,0.007102,0.007048,0.00709,14399694.6
2026-04-19 05:00:00+00:00,0.007089,0.007138,0.007068,0.007089,4874383.3
2026-04-19 06:00:00+00:00,0.007088,0.007105,0.007051,0.007098,6047248.6
2026-04-19 07:00:00+00:00,0.007098,0.0071,0.007017,0.007073,10524267.4
2026-04-19 08:00:00+00:00,0.007072,0.007086,0.007051,0.007081,3751186.5
2026-04-19 09:00:00+00:00,0.007081,0.00709,0.007054,0.007063,5949317.6
2026-04-19 10:00:00+00:00,0.007062,0.007073,0.007039,0.007065,5268209.0
2026-04-19 11:00:00+00:00,0.007064,0.007204,0.007061,0.007161,18803690.9
2026-04-19 12:00:00+00:00,0.007162,0.007325,0.007151,0.007255,20881518.2
2026-04-19 13:00:00+00:00,0.007254,0.007312,0.007187,0.007195,18573668.4
2026-04-19 14:00:00+00:00,0.007195,0.007291,0.007167,0.007251,10609733.5
2026-04-19 15:00:00+00:00,0.007252,0.007275,0.00715,0.007226,17017551.6
2026-04-19 16:00:00+00:00,0.007226,0.007239,0.007155,0.007171,12184321.6
2026-04-19 17:00:00+00:00,0.007169,0.007169,0.007057,0.007067,13143447.9
2026-04-19 18:00:00+00:00,0.007068,0.007111,0.007045,0.007075,11425529.2
2026-04-19 19:00:00+00:00,0.007076,0.007142,0.007076,0.007108,12041041.6
2026-04-19 20:00:00+00:00,0.007107,0.007107,0.007043,0.007059,11559533.3
2026-04-19 21:00:00+00:00,0.007058,0.00707,0.007033,0.007048,7889336.0
2026-04-19 22:00:00+00:00,0.007041,0.007041,0.006924,0.006968,28562129.2
2026-04-19 23:00:00+00:00,0.006967,0.006967,0.006932,0.006945,10290821.5
2026-04-20 00:00:00+00:00,0.006946,0.007024,0.006933,0.006998,6566774.0
2026-04-20 01:00:00+00:00,0.006998,0.007033,0.00698,0.007015,6887014.5
2026-04-20 02:00:00+00:00,0.007014,0.007043,0.006981,0.007036,5761890.0
2026-04-20 03:00:00+00:00,0.007036,0.007048,0.006999,0.007044,7998736.1
2026-04-20 04:00:00+00:00,0.007045,0.007066,0.007029,0.007066,3634553.2
2026-04-20 05:00:00+00:00,0.007066,0.007066,0.006972,0.006982,7890775.5
2026-04-20 06:00:00+00:00,0.006984,0.00705,0.006972,0.007021,2950464.1
2026-04-20 07:00:00+00:00,0.007022,0.007117,0.007019,0.007066,13247885.2
2026-04-20 08:00:00+00:00,0.007067,0.007074,0.007028,0.007034,7116648.4
2026-04-20 09:00:00+00:00,0.007033,0.007098,0.007022,0.007075,5241263.5
2026-04-20 10:00:00+00:00,0.007077,0.007112,0.00707,0.00707,5107271.8
2026-04-20 11:00:00+00:00,0.00707,0.007087,0.007048,0.007058,5180010.3
2026-04-20 12:00:00+00:00,0.007057,0.007094,0.007036,0.007093,8813196.8
2026-04-20 13:00:00+00:00,0.007094,0.007117,0.007052,0.007104,9804815.7
2026-04-20 14:00:00+00:00,0.007105,0.007162,0.007058,0.007075,10325267.5
2026-04-20 15:00:00+00:00,0.007076,0.007127,0.007035,0.007116,8965111.2
2026-04-20 16:00:00+00:00,0.007117,0.007136,0.007097,0.007107,5231082.5
2026-04-20 17:00:00+00:00,0.007107,0.00716,0.007105,0.007155,6603757.7
2026-04-20 18:00:00+00:00,0.007155,0.007205,0.007155,0.00719,10947426.3
2026-04-20 19:00:00+00:00,0.007189,0.007195,0.00714,0.007157,8264382.1
2026-04-20 20:00:00+00:00,0.007156,0.007185,0.007134,0.007183,5188026.0
2026-04-20 21:00:00+00:00,0.007182,0.007199,0.007147,0.007167,3389563.1
2026-04-20 22:00:00+00:00,0.007166,0.00725,0.007135,0.007135,7569093.7
2026-04-20 23:00:00+00:00,0.007134,0.007134,0.007082,0.007091,6513967.2
2026-04-21 00:00:00+00:00,0.007091,0.007107,0.007077,0.0071,5411759.5
2026-04-21 01:00:00+00:00,0.007099,0.007113,0.007084,0.007085,4464837.6
2026-04-21 02:00:00+00:00,0.007086,0.00709,0.007059,0.007064,7252421.4
2026-04-21 03:00:00+00:00,0.007063,0.007074,0.007039,0.00706,5684202.6
2026-04-21 04:00:00+00:00,0.007059,0.007092,0.007044,0.007083,6779939.6
2026-04-21 05:00:00+00:00,0.007084,0.007106,0.007066,0.007079,3796536.0
2026-04-21 06:00:00+00:00,0.007079,0.007106,0.007047,0.00709,9508360.0
2026-04-21 07:00:00+00:00,0.007089,0.007137,0.007078,0.007121,7453362.8
2026-04-21 08:00:00+00:00,0.00712,0.007186,0.007118,0.007166,5484532.3
2026-04-21 09:00:00+00:00,0.007165,0.007179,0.007152,0.007173,4925628.0
2026-04-21 10:00:00+00:00,0.007174,0.007195,0.007164,0.007191,5371360.8
2026-04-21 11:00:00+00:00,0.007192,0.007234,0.007144,0.007206,8838326.1
2026-04-21 12:00:00+00:00,0.007206,0.007214,0.007115,0.007139,9414248.5
2026-04-21 13:00:00+00:00,0.007139,0.007139,0.007099,0.007118,8087315.0
2026-04-21 14:00:00+00:00,0.007119,0.007196,0.007101,0.007119,13533797.0
2026-04-21 15:00:00+00:00,0.007121,0.007172,0.007104,0.00715,4186625.1
2026-04-21 16:00:00+00:00,0.007151,0.007166,0.007108,0.007108,7461949.7
2026-04-21 17:00:00+00:00,0.00711,0.007119,0.007048,0.00708,9878941.6
2026-04-21 18:00:00+00:00,0.007077,0.007084,0.00703,0.007061,7483719.0
2026-04-21 19:00:00+00:00,0.007064,0.007092,0.006981,0.006999,10199809.8
2026-04-21 20:00:00+00:00,0.006998,0.007077,0.006987,0.007049,10894677.0
2026-04-21 21:00:00+00:00,0.00705,0.007247,0.00703,0.007069,13732058.5
2026-04-21 22:00:00+00:00,0.00707,0.007086,0.00705,0.00708,2122009.6
2026-04-21 23:00:00+00:00,0.00708,0.007162,0.00708,0.007161,5851109.9
2026-04-22 00:00:00+00:00,0.007161,0.007183,0.007155,0.007161,4367093.5
2026-04-22 01:00:00+00:00,0.007161,0.007171,0.00711,0.007128,4256128.4
2026-04-22 02:00:00+00:00,0.007128,0.007246,0.007117,0.007242,13229886.3
2026-04-22 03:00:00+00:00,0.007242,0.007247,0.007214,0.007238,14005422.3
2026-04-22 04:00:00+00:00,0.007238,0.007264,0.00723,0.007252,8740944.0
2026-04-22 05:00:00+00:00,0.007253,0.00736,0.007253,0.007316,14870178.3
2026-04-22 06:00:00+00:00,0.007317,0.007325,0.00729,0.007316,18390066.8
2026-04-22 07:00:00+00:00,0.007319,0.007319,0.007278,0.007297,9863834.8
2026-04-22 08:00:00+00:00,0.007298,0.00733,0.007297,0.007312,4412988.7
2026-04-22 09:00:00+00:00,0.007311,0.007333,0.007299,0.007299,11338684.1
2026-04-22 10:00:00+00:00,0.0073,0.007304,0.007272,0.007304,2936891.9
2026-04-22 11:00:00+00:00,0.007304,0.007314,0.007284,0.007309,3640422.9
2026-04-22 12:00:00+00:00,0.007309,0.00731,0.007245,0.00725,6718640.7
2026-04-22 13:00:00+00:00,0.007249,0.007296,0.007228,0.007251,7265156.2
2026-04-22 14:00:00+00:00,0.007252,0.007287,0.007245,0.007278,4255491.5
2026-04-22 15:00:00+00:00,0.007279,0.007314,0.00726,0.007283,6190713.4
2026-04-22 16:00:00+00:00,0.007283,0.007324,0.00726,0.007263,10214400.0
2026-04-22 17:00:00+00:00,0.007263,0.007289,0.00726,0.007283,6471291.0
2026-04-22 18:00:00+00:00,0.007282,0.00731,0.007281,0.007282,2565169.2
2026-04-22 19:00:00+00:00,0.007281,0.007281,0.007194,0.007235,6243932.7
2026-04-22 20:00:00+00:00,0.007235,0.007235,0.007198,0.007207,3462599.7
2026-04-22 21:00:00+00:00,0.007207,0.007266,0.007207,0.007261,2139710.4
2026-04-22 22:00:00+00:00,0.007259,0.007263,0.007182,0.007201,4365131.6
2026-04-22 23:00:00+00:00,0.007202,0.007206,0.007137,0.007143,5664422.1
2026-04-23 00:00:00+00:00,0.007144,0.007159,0.00706,0.007138,10944842.6
2026-04-23 01:00:00+00:00,0.00714,0.007142,0.007091,0.007122,7356500.8
2026-04-23 02:00:00+00:00,0.007123,0.007123,0.007058,0.007077,11699622.3
2026-04-23 03:00:00+00:00,0.007076,0.007093,0.00703,0.00706,8970926.5
2026-04-23 04:00:00+00:00,0.007059,0.007089,0.007048,0.007079,4779872.1
2026-04-23 05:00:00+00:00,0.007079,0.00711,0.007077,0.007095,7111708.5
2026-04-23 06:00:00+00:00,0.007096,0.007131,0.007094,0.00712,5264579.7
2026-04-23 07:00:00+00:00,0.007122,0.007144,0.007112,0.007131,4279128.2
2026-04-23 08:00:00+00:00,0.007131,0.007154,0.007119,0.007137,3122537.5
2026-04-23 09:00:00+00:00,0.007136,0.007136,0.00709,0.007121,4840247.3
2026-04-23 10:00:00+00:00,0.007122,0.007124,0.007071,0.007119,5450787.1
2026-04-23 11:00:00+00:00,0.007121,0.007211,0.007121,0.007205,6742724.0
2026-04-23 12:00:00+00:00,0.007205,0.00724,0.007173,0.007204,17985988.2
2026-04-23 13:00:00+00:00,0.007205,0.007261,0.007194,0.007257,22110789.0
2026-04-23 14:00:00+00:00,0.007255,0.007382,0.007244,0.007355,18182229.1
2026-04-23 15:00:00+00:00,0.007352,0.007433,0.007348,0.007386,26059772.7
2026-04-23 16:00:00+00:00,0.007386,0.007414,0.007261,0.007273,14364040.0
2026-04-23 17:00:00+00:00,0.007274,0.00728,0.007134,0.007185,26815732.1
2026-04-23 18:00:00+00:00,0.007185,0.00722,0.00717,0.00717,12584007.6
2026-04-23 19:00:00+00:00,0.00717,0.007229,0.007162,0.007221,8815521.8
2026-04-23 20:00:00+00:00,0.007222,0.00732,0.007222,0.007272,11853227.6
2026-04-23 21:00:00+00:00,0.007271,0.007271,0.007194,0.007254,8985561.3
2026-04-23 22:00:00+00:00,0.007253,0.00728,0.007229,0.007229,9469646.5
2026-04-23 23:00:00+00:00,0.007229,0.00725,0.007203,0.007248,4140040.0
2026-04-24 00:00:00+00:00,0.007249,0.007286,0.007243,0.007256,11721682.2
2026-04-24 01:00:00+00:00,0.007256,0.007256,0.007196,0.007235,9933613.3
2026-04-24 02:00:00+00:00,0.007234,0.007252,0.007214,0.007225,9345292.2
2026-04-24 03:00:00+00:00,0.007224,0.007233,0.007176,0.007213,3133144.2
2026-04-24 04:00:00+00:00,0.007212,0.007219,0.007187,0.007204,1435485.5
2026-04-24 05:00:00+00:00,0.007202,0.007256,0.007181,0.007243,2667239.7
2026-04-24 06:00:00+00:00,0.007242,0.007276,0.00723,0.007255,5244108.1
2026-04-24 07:00:00+00:00,0.007255,0.007284,0.00725,0.00727,2042956.5
2026-04-24 08:00:00+00:00,0.007268,0.00731,0.00725,0.007302,8804616.9
2026-04-24 09:00:00+00:00,0.007302,0.007307,0.007259,0.007276,3688366.5
2026-04-24 10:00:00+00:00,0.007277,0.007336,0.00726,0.00732,5844623.9
2026-04-24 11:00:00+00:00,0.007319,0.007385,0.007317,0.007369,9431518.0
2026-04-24 12:00:00+00:00,0.007369,0.00738,0.007309,0.007324,10305220.2
2026-04-24 13:00:00+00:00,0.007323,0.007337,0.007277,0.007291,4099836.8
2026-04-24 14:00:00+00:00,0.00729,0.007321,0.007276,0.007309,7257466.2
2026-04-24 15:00:00+00:00,0.007308,0.007372,0.007253,0.007369,9026958.2
2026-04-24 16:00:00+00:00,0.00737,0.007376,0.007313,0.007338,6297617.3
2026-04-24 17:00:00+00:00,0.007337,0.007354,0.007311,0.007331,3616958.2
2026-04-24 18:00:00+00:00,0.007332,0.00734,0.007271,0.007311,25705633.9
2026-04-24 19:00:00+00:00,0.007311,0.007337,0.007297,0.007335,5196551.2
2026-04-24 20:00:00+00:00,0.007335,0.007339,0.007286,0.007336,4410910.0
2026-04-24 21:00:00+00:00,0.007335,0.007358,0.007291,0.007308,7128189.3
2026-04-24 22:00:00+00:00,0.007307,0.007307,0.007248,0.007278,10024013.3
2026-04-24 23:00:00+00:00,0.007277,0.007277,0.007253,0.007267,3387029.1
2026-04-25 00:00:00+00:00,0.007266,0.007275,0.007241,0.007271,3678491.6
2026-04-25 01:00:00+00:00,0.00727,0.007331,0.007269,0.007316,5795804.4
2026-04-25 02:00:00+00:00,0.007318,0.007331,0.007294,0.007315,5786192.5
2026-04-25 03:00:00+00:00,0.007314,0.00742,0.007311,0.007403,13003648.8
2026-04-25 04:00:00+00:00,0.007403,0.007471,0.00736,0.007362,18529299.7
2026-04-25 05:00:00+00:00,0.007362,0.007412,0.007338,0.007391,6945528.5
2026-04-25 06:00:00+00:00,0.00739,0.00744,0.007375,0.007376,8867435.0
2026-04-25 07:00:00+00:00,0.007375,0.007418,0.007364,0.007394,8747728.8
2026-04-25 08:00:00+00:00,0.007393,0.007425,0.007381,0.007409,7356378.7
2026-04-25 09:00:00+00:00,0.007408,0.007456,0.007406,0.007444,4074732.7
2026-04-25 10:00:00+00:00,0.007444,0.007468,0.007412,0.007426,3934688.8
2026-04-25 11:00:00+00:00,0.007424,0.007425,0.007355,0.00738,6303057.4
2026-04-25 12:00:00+00:00,0.007378,0.007403,0.007352,0.007377,5556470.8
2026-04-25 13:00:00+00:00,0.007376,0.00742,0.007374,0.007376,4302089.6
2026-04-25 14:00:00+00:00,0.007377,0.007378,0.007331,0.007356,3634450.5
2026-04-25 15:00:00+00:00,0.007356,0.007382,0.00733,0.007338,5941530.7
2026-04-25 16:00:00+00:00,0.007337,0.00735,0.007291,0.007316,3607435.2
2026-04-25 17:00:00+00:00,0.007316,0.007324,0.007271,0.007287,22823316.7
2026-04-25 18:00:00+00:00,0.007287,0.00733,0.007286,0.007306,4028189.0
2026-04-25 19:00:00+00:00,0.007308,0.007313,0.007286,0.007297,2263183.5
2026-04-25 20:00:00+00:00,0.007297,0.007327,0.007289,0.007326,2449485.9
2026-04-25 21:00:00+00:00,0.007325,0.007346,0.007323,0.007331,2216218.3
2026-04-25 22:00:00+00:00,0.007329,0.007355,0.007324,0.007347,1756119.3
2026-04-25 23:00:00+00:00,0.007345,0.007389,0.00734,0.007365,4070966.4
2026-04-26 00:00:00+00:00,0.007365,0.007365,0.00729,0.007298,4668321.7
2026-04-26 01:00:00+00:00,0.007299,0.007317,0.007285,0.007298,3823028.3
2026-04-26 02:00:00+00:00,0.007297,0.007341,0.007297,0.007332,877620.5
2026-04-26 03:00:00+00:00,0.007333,0.007342,0.007301,0.007331,1404006.5
2026-04-26 04:00:00+00:00,0.00733,0.007379,0.007313,0.007353,5611409.0
2026-04-26 05:00:00+00:00,0.007353,0.007401,0.007346,0.007363,4126750.0
2026-04-26 06:00:00+00:00,0.007364,0.007394,0.007364,0.007382,4671091.1
2026-04-26 07:00:00+00:00,0.007382,0.007424,0.007372,0.007411,15330347.3
2026-04-26 08:00:00+00:00,0.00741,0.00741,0.007377,0.007388,3714464.2
2026-04-26 09:00:00+00:00,0.007387,0.0074,0.007379,0.007396,1422965.7
2026-04-26 10:00:00+00:00,0.007395,0.007413,0.007385,0.007407,2824961.5
2026-04-26 11:00:00+00:00,0.007409,0.007444,0.007402,0.007436,7309240.3
2026-04-26 12:00:00+00:00,0.007438,0.007442,0.007372,0.007379,1496048.6
2026-04-26 13:00:00+00:00,0.007379,0.007389,0.007354,0.007359,3063362.5
2026-04-26 14:00:00+00:00,0.007359,0.007418,0.007351,0.007393,3479473.6
2026-04-26 15:00:00+00:00,0.007394,0.007413,0.007391,0.007403,9841852.4
2026-04-26 16:00:00+00:00,0.007403,0.007403,0.007356,0.007373,6959238.9
2026-04-26 17:00:00+00:00,0.007371,0.007382,0.007337,0.00738,2874824.1
2026-04-26 18:00:00+00:00,0.007379,0.007404,0.007366,0.007392,2981000.3
2026-04-26 19:00:00+00:00,0.007392,0.007418,0.007383,0.007384,2741540.2
2026-04-26 20:00:00+00:00,0.007384,0.007402,0.007372,0.007379,4892670.7
2026-04-26 21:00:00+00:00,0.007379,0.007397,0.007325,0.007392,4881779.1
2026-04-26 22:00:00+00:00,0.007391,0.007414,0.007362,0.007375,6314759.1
2026-04-26 23:00:00+00:00,0.007374,0.007394,0.007357,0.00737,1967102.9
2026-04-27 00:00:00+00:00,0.007371,0.007428,0.007352,0.007416,2955068.7
2026-04-27 01:00:00+00:00,0.007417,0.007448,0.007402,0.007448,7480775.9
2026-04-27 02:00:00+00:00,0.007448,0.007448,0.007405,0.007423,1563372.7
2026-04-27 03:00:00+00:00,0.007422,0.007448,0.007419,0.007429,3539354.0
2026-04-27 04:00:00+00:00,0.007428,0.007437,0.007404,0.007411,3538314.5
2026-04-27 05:00:00+00:00,0.007411,0.007417,0.007254,0.007278,11461811.4
2026-04-27 06:00:00+00:00,0.007277,0.007277,0.0072,0.007232,10736504.3
2026-04-27 07:00:00+00:00,0.007233,0.007249,0.007219,0.007231,4872066.3
2026-04-27 08:00:00+00:00,0.00723,0.007244,0.007211,0.007244,3512273.2
2026-04-27 09:00:00+00:00,0.007245,0.007279,0.007243,0.00727,5013099.1
2026-04-27 10:00:00+00:00,0.00727,0.00728,0.007253,0.007253,6091437.9
2026-04-27 11:00:00+00:00,0.007252,0.007265,0.007229,0.007264,6477709.8
2026-04-27 12:00:00+00:00,0.007264,0.00728,0.00726,0.007268,7272342.3
2026-04-27 13:00:00+00:00,0.00727,0.00729,0.007233,0.007255,13570654.0
2026-04-27 14:00:00+00:00,0.007255,0.007311,0.007255,0.007274,12773563.5
2026-04-27 15:00:00+00:00,0.007275,0.007279,0.00716,0.007183,17802570.9
2026-04-27 16:00:00+00:00,0.007182,0.007197,0.007149,0.007181,7831536.8
2026-04-27 17:00:00+00:00,0.007182,0.007209,0.007178,0.00719,5698083.3
2026-04-27 18:00:00+00:00,0.007189,0.007193,0.007175,0.007188,2104585.1
2026-04-27 19:00:00+00:00,0.007188,0.00719,0.007138,0.007176,4577563.9
2026-04-27 20:00:00+00:00,0.007177,0.007183,0.007163,0.00717,3907159.6
2026-04-27 21:00:00+00:00,0.007168,0.007197,0.007163,0.007174,5534957.2
2026-04-27 22:00:00+00:00,0.007174,0.007208,0.007169,0.007201,2529163.1
2026-04-27 23:00:00+00:00,0.007198,0.007233,0.007195,0.007228,3103222.5
2026-04-28 00:00:00+00:00,0.007226,0.007232,0.007207,0.007215,1464023.7
2026-04-28 01:00:00+00:00,0.007213,0.007222,0.007188,0.007192,1685472.7
2026-04-28 02:00:00+00:00,0.007195,0.007222,0.00715,0.007163,3728524.7
2026-04-28 03:00:00+00:00,0.007166,0.007181,0.007157,0.007176,3164076.4
2026-04-28 04:00:00+00:00,0.007176,0.007206,0.007168,0.007193,2959533.0
2026-04-28 05:00:00+00:00,0.007195,0.007219,0.007192,0.007205,3579189.8
2026-04-28 06:00:00+00:00,0.007212,0.007225,0.007165,0.007188,4887210.3
2026-04-28 07:00:00+00:00,0.007191,0.0072,0.00715,0.007188,5903027.3
2026-04-28 08:00:00+00:00,0.007187,0.007213,0.007176,0.007191,2335720.8
2026-04-28 09:00:00+00:00,0.007195,0.007204,0.007161,0.007175,3714201.7
2026-04-28 10:00:00+00:00,0.00718,0.007187,0.00716,0.007169,2699699.3
2026-04-28 11:00:00+00:00,0.007169,0.007172,0.007126,0.007138,4342132.3
2026-04-28 12:00:00+00:00,0.00714,0.007167,0.007111,0.007156,7754005.5
2026-04-28 13:00:00+00:00,0.007155,0.007167,0.007116,0.007141,3919886.6
2026-04-28 14:00:00+00:00,0.007147,0.007147,0.007095,0.007115,9230496.7
2026-04-28 15:00:00+00:00,0.007118,0.007132,0.007108,0.007122,8336731.4
2026-04-28 16:00:00+00:00,0.007121,0.007142,0.0071,0.00712,3255123.8
2026-04-28 17:00:00+00:00,0.007117,0.007142,0.007085,0.007135,10276293.6
2026-04-28 18:00:00+00:00,0.007137,0.007182,0.007134,0.007182,11785299.8
2026-04-28 19:00:00+00:00,0.007179,0.007206,0.007155,0.007195,2127041.0
2026-04-28 20:00:00+00:00,0.0072,0.007207,0.00717,0.00717,1753138.9
2026-04-28 21:00:00+00:00,0.007172,0.007192,0.007152,0.007176,2554171.5
2026-04-28 22:00:00+00:00,0.007173,0.007184,0.00715,0.007153,1061063.6
2026-04-28 23:00:00+00:00,0.007155,0.007155,0.00713,0.00714,1202357.6
2026-04-29 00:00:00+00:00,0.00714,0.007159,0.007132,0.007149,4181933.2
2026-04-29 01:00:00+00:00,0.007149,0.007161,0.007129,0.007157,1727953.9
2026-04-29 02:00:00+00:00,0.007157,0.007166,0.007133,0.00715,3328888.6
2026-04-29 03:00:00+00:00,0.00715,0.007209,0.00715,0.007207,3257566.5
2026-04-29 04:00:00+00:00,0.007208,0.007229,0.007189,0.00722,6240094.9
2026-04-29 05:00:00+00:00,0.00722,0.007234,0.007216,0.007227,3135893.6
2026-04-29 06:00:00+00:00,0.007222,0.007226,0.007183,0.007195,3672144.4
2026-04-29 07:00:00+00:00,0.007196,0.007199,0.007173,0.007175,5175114.1
2026-04-29 08:00:00+00:00,0.007173,0.007214,0.007153,0.007156,6805411.5
2026-04-29 09:00:00+00:00,0.007156,0.007258,0.007147,0.007249,8461771.6
2026-04-29 10:00:00+00:00,0.007249,0.00728,0.007203,0.007215,8363514.0
2026-04-29 11:00:00+00:00,0.007215,0.007223,0.007187,0.0072,5447971.1
2026-04-29 12:00:00+00:00,0.007199,0.0072,0.007121,0.007158,11186783.7
2026-04-29 13:00:00+00:00,0.007157,0.00716,0.007106,0.00713,9881731.1
2026-04-29 14:00:00+00:00,0.00713,0.007142,0.0071,0.0071,8418765.2
2026-04-29 15:00:00+00:00,0.0071,0.007104,0.007007,0.007026,13921101.6
2026-04-29 16:00:00+00:00,0.007024,0.007057,0.007004,0.007031,8502410.9
2026-04-29 17:00:00+00:00,0.00703,0.007079,0.00703,0.007076,4213659.0
2026-04-29 18:00:00+00:00,0.00708,0.007083,0.006918,0.007003,29845886.2
2026-04-29 19:00:00+00:00,0.007004,0.007007,0.006927,0.006953,15300366.7
2026-04-29 20:00:00+00:00,0.006954,0.007,0.006949,0.006986,5147931.4
2026-04-29 21:00:00+00:00,0.006989,0.007017,0.006982,0.007002,13333070.8
2026-04-29 22:00:00+00:00,0.007004,0.007006,0.006984,0.006997,4661238.2
2026-04-29 23:00:00+00:00,0.006995,0.007004,0.006972,0.006996,7612778.7
2026-04-30 00:00:00+00:00,0.006997,0.007076,0.006993,0.007067,6701024.2
2026-04-30 01:00:00+00:00,0.007068,0.007073,0.007037,0.00704,3634651.3
2026-04-30 02:00:00+00:00,0.007039,0.007058,0.00695,0.006983,5391757.0
2026-04-30 03:00:00+00:00,0.006982,0.007004,0.006973,0.006989,3721654.5
2026-04-30 04:00:00+00:00,0.006989,0.007003,0.006938,0.006953,4634127.9
2026-04-30 05:00:00+00:00,0.006952,0.006988,0.006927,0.00697,5719878.9
2026-04-30 06:00:00+00:00,0.006971,0.007024,0.006954,0.007022,6816633.3
2026-04-30 07:00:00+00:00,0.007022,0.007058,0.007005,0.007058,2877001.8
2026-04-30 08:00:00+00:00,0.007055,0.007063,0.007044,0.007061,4123960.5
2026-04-30 09:00:00+00:00,0.007058,0.007121,0.007055,0.007089,9430540.6
2026-04-30 10:00:00+00:00,0.007091,0.00711,0.007053,0.007067,3765874.9
2026-04-30 11:00:00+00:00,0.007068,0.0071,0.007041,0.00707,7429963.3
2026-04-30 12:00:00+00:00,0.00707,0.007106,0.007058,0.00706,2643891.3
2026-04-30 13:00:00+00:00,0.007062,0.007072,0.007028,0.007043,2545018.5
2026-04-30 14:00:00+00:00,0.007045,0.007058,0.007012,0.00703,2549908.8
2026-04-30 15:00:00+00:00,0.007033,0.007053,0.007017,0.007053,2609538.1
2026-04-30 16:00:00+00:00,0.007049,0.007062,0.007029,0.007037,2264832.0
2026-04-30 17:00:00+00:00,0.007038,0.007043,0.007,0.007008,6003334.6
2026-04-30 18:00:00+00:00,0.007011,0.007023,0.006995,0.007,2013923.2
2026-04-30 19:00:00+00:00,0.006993,0.007018,0.006992,0.006996,2021277.3
2026-04-30 20:00:00+00:00,0.006997,0.007008,0.006986,0.006992,2177716.9
2026-04-30 21:00:00+00:00,0.00699,0.007002,0.00698,0.006983,4013157.8
2026-04-30 22:00:00+00:00,0.006984,0.006997,0.006973,0.006979,2655725.2
2026-04-30 23:00:00+00:00,0.006979,0.007,0.006968,0.006992,6354483.9
2026-05-01 00:00:00+00:00,0.006995,0.007027,0.00699,0.007007,5364104.5
2026-05-01 01:00:00+00:00,0.007011,0.007057,0.007011,0.007051,764250.3
2026-05-01 02:00:00+00:00,0.007051,0.007064,0.007037,0.007061,1220837.6
2026-05-01 03:00:00+00:00,0.007061,0.007126,0.00705,0.007083,8358963.3
2026-05-01 04:00:00+00:00,0.007085,0.007103,0.007057,0.007067,2348002.1
2026-05-01 05:00:00+00:00,0.007067,0.007098,0.007059,0.007075,2869452.5
2026-05-01 06:00:00+00:00,0.007078,0.007084,0.007037,0.007044,3953914.4
2026-05-01 07:00:00+00:00,0.007044,0.00705,0.007003,0.007034,10880357.7
2026-05-01 08:00:00+00:00,0.007033,0.007056,0.007025,0.007053,3246638.9
2026-05-01 09:00:00+00:00,0.007051,0.007052,0.007004,0.007013,2189428.8
2026-05-01 10:00:00+00:00,0.007014,0.007016,0.006988,0.007016,1153853.0
2026-05-01 11:00:00+00:00,0.007015,0.007035,0.006994,0.007011,2681277.5
2026-05-01 12:00:00+00:00,0.007011,0.00707,0.007008,0.007058,4658933.0
2026-05-01 13:00:00+00:00,0.007059,0.007121,0.007059,0.007113,5324350.7
2026-05-01 14:00:00+00:00,0.007112,0.007258,0.007112,0.007185,22628573.7
2026-05-01 15:00:00+00:00,0.007184,0.007255,0.00716,0.007234,9956157.6
2026-05-01 16:00:00+00:00,0.007235,0.007255,0.007176,0.007187,6242666.6
2026-05-01 17:00:00+00:00,0.007185,0.007216,0.007171,0.007213,1929013.7
2026-05-01 18:00:00+00:00,0.007212,0.00723,0.007179,0.007222,9716676.5
2026-05-01 19:00:00+00:00,0.007222,0.007238,0.007211,0.007227,7155988.6
2026-05-01 20:00:00+00:00,0.00723,0.007236,0.007171,0.007187,2258742.0
2026-05-01 21:00:00+00:00,0.007188,0.0072,0.007168,0.00719,1567777.2
2026-05-01 22:00:00+00:00,0.007192,0.007212,0.007173,0.00718,2443182.3
2026-05-01 23:00:00+00:00,0.007179,0.007185,0.00715,0.007166,4934421.8
2026-05-02 00:00:00+00:00,0.007164,0.00719,0.007164,0.007188,1877240.4
2026-05-02 01:00:00+00:00,0.007187,0.007226,0.007181,0.007206,8025702.0
2026-05-02 02:00:00+00:00,0.007205,0.007212,0.00719,0.007199,3462575.7
2026-05-02 03:00:00+00:00,0.0072,0.007204,0.00718,0.007195,1890300.1
2026-05-02 04:00:00+00:00,0.00719,0.00719,0.007152,0.007159,1896307.5
2026-05-02 05:00:00+00:00,0.00716,0.007176,0.007139,0.007157,2608716.9
2026-05-02 06:00:00+00:00,0.007157,0.00725,0.007154,0.007163,6439349.2
2026-05-02 07:00:00+00:00,0.007163,0.007177,0.007149,0.007155,4226810.0
2026-05-02 08:00:00+00:00,0.007154,0.007154,0.007139,0.007145,1781544.9
2026-05-02 09:00:00+00:00,0.007145,0.007182,0.007145,0.007176,2772177.3
2026-05-02 10:00:00+00:00,0.007176,0.00719,0.007174,0.007176,2449158.6
2026-05-02 11:00:00+00:00,0.007176,0.007176,0.007142,0.007152,1448662.8
2026-05-02 12:00:00+00:00,0.007152,0.007162,0.007142,0.007146,1298162.5
2026-05-02 13:00:00+00:00,0.007147,0.007169,0.007145,0.007159,1542504.8
2026-05-02 14:00:00+00:00,0.007161,0.007183,0.007154,0.007179,2158750.7
2026-05-02 15:00:00+00:00,0.00718,0.00718,0.007159,0.007173,9078568.2
2026-05-02 16:00:00+00:00,0.007173,0.007209,0.00717,0.007205,3571692.6
2026-05-02 17:00:00+00:00,0.007204,0.007204,0.007174,0.007181,5388372.1
2026-05-02 18:00:00+00:00,0.007184,0.007207,0.007163,0.007203,1863616.0
2026-05-02 19:00:00+00:00,0.007204,0.007233,0.007202,0.007231,3082460.6
2026-05-02 20:00:00+00:00,0.007231,0.007235,0.007221,0.00723,2198118.0
2026-05-02 21:00:00+00:00,0.007231,0.007271,0.007218,0.007242,5168290.6
2026-05-02 22:00:00+00:00,0.007242,0.007254,0.007216,0.007233,3198044.5
2026-05-02 23:00:00+00:00,0.007236,0.007237,0.007208,0.007218,1870708.4
2026-05-03 00:00:00+00:00,0.007218,0.00723,0.007184,0.007196,2722462.7
2026-05-03 01:00:00+00:00,0.007194,0.007194,0.007157,0.007161,2952027.5
2026-05-03 02:00:00+00:00,0.00716,0.007175,0.007146,0.007164,1680014.6
2026-05-03 03:00:00+00:00,0.007164,0.007178,0.007152,0.00717,1035824.9
2026-05-03 04:00:00+00:00,0.007165,0.007184,0.00716,0.007166,2155645.5
2026-05-03 05:00:00+00:00,0.007171,0.007185,0.007169,0.007179,2733065.4
2026-05-03 06:00:00+00:00,0.007174,0.007195,0.007156,0.007181,2032610.1
2026-05-03 07:00:00+00:00,0.007185,0.007206,0.007184,0.007195,1328971.7
2026-05-03 08:00:00+00:00,0.007199,0.007216,0.007171,0.007175,9629473.4
2026-05-03 09:00:00+00:00,0.007175,0.007195,0.007165,0.007182,3193597.4
2026-05-03 10:00:00+00:00,0.007181,0.007189,0.007158,0.00716,2067396.6
2026-05-03 11:00:00+00:00,0.007154,0.007207,0.00715,0.007187,2457127.3
2026-05-03 12:00:00+00:00,0.007186,0.007213,0.007186,0.007199,1733555.7
2026-05-03 13:00:00+00:00,0.0072,0.0072,0.007167,0.007171,1050080.2
2026-05-03 14:00:00+00:00,0.007171,0.007181,0.007159,0.007174,2250597.9
2026-05-03 15:00:00+00:00,0.007179,0.007227,0.007179,0.007215,9215977.5
2026-05-03 16:00:00+00:00,0.007219,0.007225,0.007195,0.007216,1608168.5
2026-05-03 17:00:00+00:00,0.007216,0.007229,0.007196,0.00721,2856759.9
2026-05-03 18:00:00+00:00,0.007219,0.007229,0.007204,0.007214,1762432.6
2026-05-03 19:00:00+00:00,0.007214,0.007236,0.007213,0.00723,1563144.0
2026-05-03 20:00:00+00:00,0.00723,0.007262,0.007227,0.007232,9792899.3
2026-05-03 21:00:00+00:00,0.007235,0.007252,0.007196,0.007206,2619657.0
2026-05-03 22:00:00+00:00,0.007224,0.007269,0.00722,0.007251,2707291.7
2026-05-03 23:00:00+00:00,0.007251,0.007266,0.007208,0.007211,2237157.9
2026-05-04 00:00:00+00:00,0.007211,0.007224,0.00716,0.007221,2700803.9
2026-05-04 01:00:00+00:00,0.007221,0.007304,0.007189,0.00729,6398140.0
2026-05-04 02:00:00+00:00,0.007292,0.007358,0.007282,0.007343,12146484.0
2026-05-04 03:00:00+00:00,0.00734,0.007366,0.007325,0.007351,4089904.9
2026-05-04 04:00:00+00:00,0.007354,0.007386,0.007353,0.007372,3125172.8
2026-05-04 05:00:00+00:00,0.007373,0.007379,0.007324,0.00735,8110668.7
2026-05-04 06:00:00+00:00,0.00735,0.007435,0.00735,0.007411,21952036.5
2026-05-04 07:00:00+00:00,0.007408,0.007411,0.007348,0.00735,5530882.3
2026-05-04 08:00:00+00:00,0.007351,0.007355,0.00731,0.00731,4077504.4
2026-05-04 09:00:00+00:00,0.007311,0.007347,0.007298,0.007343,10241945.1
2026-05-04 10:00:00+00:00,0.007342,0.007345,0.00717,0.007205,16335400.5
2026-05-04 11:00:00+00:00,0.0072,0.007215,0.007162,0.007184,8200605.3
2026-05-04 12:00:00+00:00,0.007176,0.007198,0.007173,0.007178,1783541.0
2026-05-04 13:00:00+00:00,0.007174,0.007179,0.00707,0.007152,21584064.0
2026-05-04 14:00:00+00:00,0.007148,0.007233,0.00711,0.007214,10010722.3
2026-05-04 15:00:00+00:00,0.007215,0.007221,0.007156,0.007193,10613942.6
2026-05-04 16:00:00+00:00,0.007187,0.007208,0.00715,0.007181,4299867.2
2026-05-04 17:00:00+00:00,0.00718,0.007263,0.007179,0.007243,3653127.6
2026-05-04 18:00:00+00:00,0.007243,0.007254,0.00721,0.007244,5626036.8
2026-05-04 19:00:00+00:00,0.007246,0.007246,0.007188,0.00721,9243561.7
2026-05-04 20:00:00+00:00,0.007209,0.00721,0.007157,0.007166,8152579.5
2026-05-04 21:00:00+00:00,0.007164,0.007219,0.007164,0.007202,4421150.7
2026-05-04 22:00:00+00:00,0.007199,0.007211,0.007146,0.007154,3072462.0
2026-05-04 23:00:00+00:00,0.007155,0.007171,0.007141,0.007164,2991587.4
2026-05-05 00:00:00+00:00,0.007164,0.007203,0.00716,0.007184,10624423.9
2026-05-05 01:00:00+00:00,0.00718,0.007207,0.007175,0.007197,1467597.4
2026-05-05 02:00:00+00:00,0.007194,0.007238,0.007191,0.007225,7734636.6
2026-05-05 03:00:00+00:00,0.007226,0.007247,0.007208,0.007217,17894090.7
2026-05-05 04:00:00+00:00,0.007213,0.007222,0.00719,0.007196,6026516.7
2026-05-05 05:00:00+00:00,0.007195,0.007254,0.007184,0.00724,4577067.2
2026-05-05 06:00:00+00:00,0.007242,0.007254,0.007219,0.007243,5230091.6
2026-05-05 07:00:00+00:00,0.007243,0.007292,0.007239,0.007277,3479506.7
2026-05-05 08:00:00+00:00,0.007282,0.007288,0.007239,0.007247,5033531.3
2026-05-05 09:00:00+00:00,0.007248,0.00726,0.007225,0.007226,2707609.3
2026-05-05 10:00:00+00:00,0.007228,0.007312,0.007218,0.007299,5756291.7
2026-05-05 11:00:00+00:00,0.007303,0.007303,0.007255,0.007279,4179962.1
2026-05-05 12:00:00+00:00,0.007285,0.007308,0.007265,0.007302,3425763.8
2026-05-05 13:00:00+00:00,0.007298,0.007355,0.007295,0.007324,16779955.1
2026-05-05 14:00:00+00:00,0.007318,0.00746,0.007268,0.007312,18735232.4
2026-05-05 15:00:00+00:00,0.007314,0.007337,0.007299,0.007302,3772275.6
2026-05-05 16:00:00+00:00,0.007308,0.007321,0.007274,0.007314,6252749.6
2026-05-05 17:00:00+00:00,0.007312,0.007336,0.007307,0.007332,4195967.7
2026-05-05 18:00:00+00:00,0.007332,0.00735,0.007326,0.00735,4194820.8
2026-05-05 19:00:00+00:00,0.007349,0.007367,0.007343,0.00736,4537127.0
2026-05-05 20:00:00+00:00,0.007361,0.007499,0.007361,0.007478,41243319.6
2026-05-05 21:00:00+00:00,0.00748,0.007656,0.00748,0.007544,40577142.0
2026-05-05 22:00:00+00:00,0.00754,0.007615,0.007524,0.007535,17293024.0
2026-05-05 23:00:00+00:00,0.007535,0.007557,0.007479,0.007508,8043988.6
2026-05-06 00:00:00+00:00,0.007507,0.007586,0.007505,0.007533,14133517.1
2026-05-06 01:00:00+00:00,0.007534,0.007598,0.007506,0.007593,11488497.1
2026-05-06 02:00:00+00:00,0.007593,0.007593,0.007465,0.007511,15490309.5
2026-05-06 03:00:00+00:00,0.007512,0.007677,0.007512,0.00766,13003669.6
2026-05-06 04:00:00+00:00,0.00766,0.007702,0.007619,0.007621,58090577.4
2026-05-06 05:00:00+00:00,0.007623,0.00764,0.007541,0.007605,17909302.6
2026-05-06 06:00:00+00:00,0.007604,0.007629,0.007577,0.007591,6859656.8
2026-05-06 07:00:00+00:00,0.00759,0.007647,0.007586,0.007633,5975243.1
2026-05-06 08:00:00+00:00,0.007633,0.007769,0.007625,0.007742,12594739.0
2026-05-06 09:00:00+00:00,0.007742,0.00777,0.007725,0.007755,16571269.1
2026-05-06 10:00:00+00:00,0.007753,0.007777,0.007716,0.007739,5836117.9
2026-05-06 11:00:00+00:00,0.007738,0.007748,0.007705,0.00772,6179480.9
2026-05-06 12:00:00+00:00,0.007721,0.00776,0.007698,0.00775,8071142.2
2026-05-06 13:00:00+00:00,0.007749,0.007749,0.007574,0.007621,14967998.2
2026-05-06 14:00:00+00:00,0.007621,0.007634,0.007531,0.007612,15348944.7
2026-05-06 15:00:00+00:00,0.007612,0.007665,0.007596,0.007656,9558468.6
2026-05-06 16:00:00+00:00,0.007654,0.007697,0.007618,0.007669,7992835.9
2026-05-06 17:00:00+00:00,0.00767,0.007695,0.007639,0.007651,4235518.0
2026-05-06 18:00:00+00:00,0.007652,0.007678,0.007616,0.007658,11863065.6
2026-05-06 19:00:00+00:00,0.007657,0.007684,0.007643,0.007681,2671926.0
2026-05-06 20:00:00+00:00,0.007681,0.007724,0.007661,0.007689,4750050.0
2026-05-06 21:00:00+00:00,0.007688,0.007748,0.007668,0.007736,4603916.5
2026-05-06 22:00:00+00:00,0.007738,0.007742,0.007669,0.007684,2567243.0
2026-05-06 23:00:00+00:00,0.007683,0.007723,0.007639,0.007718,8569591.9
2026-05-07 00:00:00+00:00,0.007719,0.00772,0.007626,0.007652,3868341.5
2026-05-07 01:00:00+00:00,0.007651,0.007652,0.007572,0.007573,13125725.9
2026-05-07 02:00:00+00:00,0.007573,0.007591,0.007537,0.007586,6851012.4
2026-05-07 03:00:00+00:00,0.007586,0.007603,0.007557,0.007566,8346862.0
2026-05-07 04:00:00+00:00,0.007566,0.007664,0.007564,0.007649,26185457.0
2026-05-07 05:00:00+00:00,0.007652,0.0077,0.007652,0.007679,4880780.5
2026-05-07 06:00:00+00:00,0.007677,0.007733,0.007625,0.007733,6972107.8
2026-05-07 07:00:00+00:00,0.007732,0.007761,0.00771,0.007758,10010206.8
2026-05-07 08:00:00+00:00,0.007757,0.007766,0.007727,0.007736,5182053.5
2026-05-07 09:00:00+00:00,0.007736,0.007736,0.007688,0.007707,8399561.5
2026-05-07 10:00:00+00:00,0.007706,0.007727,0.007657,0.007704,3449140.2
2026-05-07 11:00:00+00:00,0.007704,0.007747,0.007692,0.00772,4342452.0
2026-05-07 12:00:00+00:00,0.007719,0.007823,0.007718,0.007818,10546844.2
2026-05-07 13:00:00+00:00,0.007818,0.007831,0.00771,0.007797,29227335.8
2026-05-07 14:00:00+00:00,0.007794,0.007975,0.007775,0.00786,85390805.1
2026-05-07 15:00:00+00:00,0.007859,0.007859,0.007672,0.00772,34134198.1
2026-05-07 16:00:00+00:00,0.00772,0.00773,0.007589,0.007669,28187213.3
2026-05-07 17:00:00+00:00,0.00767,0.007704,0.007617,0.007675,8170764.9
2026-05-07 18:00:00+00:00,0.007676,0.0077,0.007622,0.007639,6683936.2
2026-05-07 19:00:00+00:00,0.007638,0.00768,0.007604,0.007635,7162997.8
2026-05-07 20:00:00+00:00,0.007635,0.007685,0.0076,0.007605,8502795.1
2026-05-07 21:00:00+00:00,0.007604,0.007636,0.00757,0.007605,12598690.5
2026-05-07 22:00:00+00:00,0.007604,0.007621,0.007553,0.00759,17581842.7
2026-05-07 23:00:00+00:00,0.007589,0.007632,0.007583,0.007619,4485669.4
2026-05-08 00:00:00+00:00,0.007624,0.007638,0.007574,0.007597,5038266.1
2026-05-08 01:00:00+00:00,0.007599,0.007604,0.00754,0.007568,4935838.7
2026-05-08 02:00:00+00:00,0.007569,0.0076,0.007511,0.007576,13034883.9
2026-05-08 03:00:00+00:00,0.007575,0.007607,0.007537,0.007581,6448098.8
2026-05-08 04:00:00+00:00,0.007581,0.007634,0.007581,0.007622,12184674.2
2026-05-08 05:00:00+00:00,0.007623,0.007644,0.007575,0.007575,11544805.9
2026-05-08 06:00:00+00:00,0.007574,0.007591,0.00754,0.007562,7073569.8
2026-05-08 07:00:00+00:00,0.007564,0.00759,0.007531,0.007578,3121371.0
2026-05-08 08:00:00+00:00,0.007578,0.007631,0.007578,0.007616,12388649.9
2026-05-08 09:00:00+00:00,0.007614,0.007676,0.007604,0.007625,4496752.3
2026-05-08 10:00:00+00:00,0.007626,0.007679,0.007598,0.007659,3129411.7
2026-05-08 11:00:00+00:00,0.00766,0.007692,0.007652,0.007689,4178379.9
2026-05-08 12:00:00+00:00,0.007688,0.007704,0.00749,0.007509,172092007.0
2026-05-08 13:00:00+00:00,0.00751,0.007556,0.007489,0.007549,21004513.7
2026-05-08 14:00:00+00:00,0.007549,0.007613,0.007533,0.007584,8030066.5
2026-05-08 15:00:00+00:00,0.007584,0.007667,0.007547,0.00766,6463328.5
2026-05-08 16:00:00+00:00,0.00766,0.007673,0.007635,0.007664,9342345.2
2026-05-08 17:00:00+00:00,0.007664,0.007761,0.007633,0.007747,14075241.7
2026-05-08 18:00:00+00:00,0.007748,0.007848,0.00773,0.007794,14402923.8
2026-05-08 19:00:00+00:00,0.007793,0.007847,0.007744,0.007771,22281207.1
2026-05-08 20:00:00+00:00,0.007772,0.007827,0.007772,0.007827,5579131.0
2026-05-08 21:00:00+00:00,0.007827,0.007933,0.0078,0.007917,11759423.1
2026-05-08 22:00:00+00:00,0.007913,0.008129,0.007911,0.007959,36948226.7
2026-05-08 23:00:00+00:00,0.007958,0.007997,0.007929,0.007964,11921935.4
2026-05-09 00:00:00+00:00,0.00796,0.008034,0.007943,0.008015,19825551.3
2026-05-09 01:00:00+00:00,0.008014,0.008121,0.008011,0.008079,24855753.9
2026-05-09 02:00:00+00:00,0.008078,0.00809,0.008045,0.008055,5202432.2
2026-05-09 03:00:00+00:00,0.008053,0.008077,0.007996,0.008012,10222760.9
2026-05-09 04:00:00+00:00,0.008013,0.008034,0.007961,0.007974,4154505.5
2026-05-09 05:00:00+00:00,0.007972,0.007999,0.00796,0.007994,3764008.1
2026-05-09 06:00:00+00:00,0.007991,0.00802,0.00771,0.007798,126301895.6
2026-05-09 07:00:00+00:00,0.007798,0.007833,0.007622,0.007656,165057258.6
2026-05-09 08:00:00+00:00,0.007657,0.007703,0.007655,0.007686,18908689.9
2026-05-09 09:00:00+00:00,0.007684,0.007697,0.007622,0.007652,23728149.6
2026-05-09 10:00:00+00:00,0.007652,0.007677,0.007614,0.007671,11007201.8
2026-05-09 11:00:00+00:00,0.007671,0.00771,0.007671,0.007702,9425306.8
2026-05-09 12:00:00+00:00,0.007701,0.00771,0.007661,0.007707,11749344.4
2026-05-09 13:00:00+00:00,0.007707,0.007713,0.007637,0.00767,10112184.2
2026-05-09 14:00:00+00:00,0.007669,0.007669,0.007594,0.007626,12434784.4
2026-05-09 15:00:00+00:00,0.007626,0.007628,0.007512,0.007588,43120994.7
2026-05-09 16:00:00+00:00,0.007588,0.0076,0.007422,0.007573,52873493.2
2026-05-09 17:00:00+00:00,0.007572,0.007635,0.007572,0.007626,7723247.0
2026-05-09 18:00:00+00:00,0.007624,0.007658,0.007619,0.007657,13752720.2
2026-05-09 19:00:00+00:00,0.007657,0.00766,0.007616,0.007642,10818725.6
2026-05-09 20:00:00+00:00,0.007644,0.007646,0.00759,0.007602,9349599.4
2026-05-09 21:00:00+00:00,0.007603,0.007614,0.007571,0.007603,10343563.3
2026-05-09 22:00:00+00:00,0.0076,0.007622,0.007592,0.007611,4899256.8
2026-05-09 23:00:00+00:00,0.007612,0.007614,0.00757,0.007584,6048788.2
2026-05-10 00:00:00+00:00,0.007584,0.007588,0.007534,0.007559,14770715.0
2026-05-10 01:00:00+00:00,0.00756,0.00756,0.0075,0.007546,9691663.6
2026-05-10 02:00:00+00:00,0.007547,0.0076,0.007518,0.007588,10492361.6
2026-05-10 03:00:00+00:00,0.007589,0.007624,0.007584,0.007603,3011979.7
2026-05-10 04:00:00+00:00,0.007603,0.007729,0.007598,0.007724,16023370.1
2026-05-10 05:00:00+00:00,0.007724,0.007804,0.007715,0.007738,26190879.4
2026-05-10 06:00:00+00:00,0.007738,0.007832,0.007732,0.007756,27444275.3
2026-05-10 07:00:00+00:00,0.007757,0.007816,0.007726,0.007741,12619803.7
2026-05-10 08:00:00+00:00,0.007741,0.007769,0.007728,0.007764,8619826.9
2026-05-10 09:00:00+00:00,0.007764,0.007769,0.007698,0.007712,12319080.5
2026-05-10 10:00:00+00:00,0.007713,0.007731,0.007668,0.007728,10302616.5
2026-05-10 11:00:00+00:00,0.007727,0.007753,0.007709,0.007753,5804205.6
2026-05-10 12:00:00+00:00,0.00775,0.00791,0.007721,0.007908,23487699.0
2026-05-10 13:00:00+00:00,0.007906,0.007913,0.007813,0.007845,18557779.1
2026-05-10 14:00:00+00:00,0.007845,0.007857,0.007802,0.007819,7658962.2
2026-05-10 15:00:00+00:00,0.007821,0.007909,0.007817,0.007888,10434355.9
2026-05-10 16:00:00+00:00,0.007893,0.007959,0.007872,0.007952,10553722.3
2026-05-10 17:00:00+00:00,0.007952,0.008029,0.007906,0.007989,10829387.5
2026-05-10 18:00:00+00:00,0.00799,0.008053,0.007979,0.00801,16754924.7
2026-05-10 19:00:00+00:00,0.008009,0.008046,0.007981,0.007981,7863374.8
2026-05-10 20:00:00+00:00,0.00798,0.008023,0.007722,0.007791,26283867.1
2026-05-10 21:00:00+00:00,0.007792,0.007849,0.007745,0.007804,10039122.7
2026-05-10 22:00:00+00:00,0.007805,0.007928,0.007789,0.007914,10961473.7
2026-05-10 23:00:00+00:00,0.007916,0.007972,0.007907,0.007918,8840149.8
2026-05-11 00:00:00+00:00,0.007918,0.007956,0.00779,0.007824,8258881.8
2026-05-11 01:00:00+00:00,0.007825,0.00788,0.007797,0.007859,3126166.5
2026-05-11 02:00:00+00:00,0.007858,0.00786,0.007757,0.007781,3763177.4
2026-05-11 03:00:00+00:00,0.007781,0.007781,0.007687,0.007744,10723026.6
2026-05-11 04:00:00+00:00,0.007743,0.007766,0.007696,0.007757,2726186.9
2026-05-11 05:00:00+00:00,0.007758,0.007807,0.007754,0.007781,4033502.8
2026-05-11 06:00:00+00:00,0.00778,0.007822,0.007765,0.007784,4709949.0
2026-05-11 07:00:00+00:00,0.007783,0.007786,0.007746,0.007767,6689990.2
2026-05-11 08:00:00+00:00,0.007768,0.007777,0.00773,0.007758,2920861.2
2026-05-11 09:00:00+00:00,0.007757,0.007803,0.007753,0.007798,2206021.5
2026-05-11 10:00:00+00:00,0.007798,0.007873,0.007795,0.007803,15776291.8
2026-05-11 11:00:00+00:00,0.007804,0.007833,0.007785,0.007807,2765991.8
2026-05-11 12:00:00+00:00,0.007807,0.00783,0.007774,0.007791,7586495.9
2026-05-11 13:00:00+00:00,0.007792,0.007824,0.007642,0.007694,115976079.9
2026-05-11 14:00:00+00:00,0.007694,0.007728,0.007636,0.007691,30659787.0
2026-05-11 15:00:00+00:00,0.00769,0.007753,0.007664,0.007746,16858047.4
2026-05-11 16:00:00+00:00,0.007744,0.00776,0.007701,0.007726,6628551.3
2026-05-11 17:00:00+00:00,0.007725,0.007771,0.007697,0.007757,4947745.8
2026-05-11 18:00:00+00:00,0.007756,0.007784,0.007742,0.00775,7545048.4
2026-05-11 19:00:00+00:00,0.007747,0.00781,0.007733,0.007802,11633999.1
2026-05-11 20:00:00+00:00,0.007803,0.007827,0.00777,0.007788,3364500.2
2026-05-11 21:00:00+00:00,0.007787,0.007799,0.007766,0.007771,4310707.7
2026-05-11 22:00:00+00:00,0.007769,0.00778,0.007744,0.007749,4160725.8
2026-05-11 23:00:00+00:00,0.007753,0.007767,0.007728,0.00776,3810542.5
2026-05-12 00:00:00+00:00,0.00776,0.007841,0.007729,0.007828,18903189.3
2026-05-12 01:00:00+00:00,0.007829,0.007854,0.007652,0.007677,19797788.8
2026-05-12 02:00:00+00:00,0.007677,0.007737,0.007677,0.007715,6365618.8
2026-05-12 03:00:00+00:00,0.007716,0.007729,0.00767,0.007678,5714530.0
2026-05-12 04:00:00+00:00,0.007677,0.007717,0.007666,0.007696,3770417.0
2026-05-12 05:00:00+00:00,0.007696,0.007734,0.007689,0.007718,4487198.1
2026-05-12 06:00:00+00:00,0.007717,0.00773,0.007692,0.007695,2168225.1
2026-05-12 07:00:00+00:00,0.007694,0.007717,0.007647,0.007687,6975037.2
2026-05-12 08:00:00+00:00,0.007687,0.007694,0.007655,0.007672,4400154.5
2026-05-12 09:00:00+00:00,0.007671,0.007671,0.007616,0.007655,12399146.8
2026-05-12 10:00:00+00:00,0.007655,0.007655,0.007589,0.00762,6974473.0
2026-05-12 11:00:00+00:00,0.00762,0.00762,0.007554,0.007593,15028391.2
2026-05-12 12:00:00+00:00,0.007591,0.007613,0.007554,0.00759,7778731.0
2026-05-12 13:00:00+00:00,0.00759,0.007604,0.007493,0.007502,11447059.2
2026-05-12 14:00:00+00:00,0.007502,0.007529,0.007412,0.007442,17625959.9
2026-05-12 15:00:00+00:00,0.007441,0.007479,0.007392,0.007418,21001482.2
2026-05-12 16:00:00+00:00,0.007416,0.007448,0.007382,0.007406,15838808.5
2026-05-12 17:00:00+00:00,0.007406,0.007482,0.007406,0.007477,6394595.5
2026-05-12 18:00:00+00:00,0.007477,0.007516,0.007467,0.007495,5426802.8
2026-05-12 19:00:00+00:00,0.007497,0.00752,0.007483,0.007499,3269657.3
2026-05-12 20:00:00+00:00,0.007499,0.007516,0.007473,0.007505,3774891.5
2026-05-12 21:00:00+00:00,0.007507,0.007514,0.007485,0.007493,6229439.5
2026-05-12 22:00:00+00:00,0.007493,0.007511,0.007484,0.007486,2877570.2
2026-05-12 23:00:00+00:00,0.007488,0.007502,0.007461,0.007482,6280842.9
2026-05-13 00:00:00+00:00,0.007482,0.007538,0.007469,0.007495,11879764.0
2026-05-13 01:00:00+00:00,0.007496,0.007592,0.007496,0.007577,7190605.7
2026-05-13 02:00:00+00:00,0.007576,0.007634,0.007558,0.007618,5300166.4
2026-05-13 03:00:00+00:00,0.007619,0.00765,0.007603,0.007633,4291982.1
2026-05-13 04:00:00+00:00,0.007636,0.007651,0.007613,0.007628,5190527.1
2026-05-13 05:00:00+00:00,0.007629,0.007642,0.007588,0.007603,6321394.6
2026-05-13 06:00:00+00:00,0.007602,0.007649,0.007594,0.007628,5203356.5
2026-05-13 07:00:00+00:00,0.007629,0.007646,0.007614,0.007632,3369748.4
2026-05-13 08:00:00+00:00,0.007633,0.007659,0.007627,0.007649,2416827.8
2026-05-13 09:00:00+00:00,0.007649,0.007734,0.007648,0.007731,9409422.7
2026-05-13 10:00:00+00:00,0.007731,0.007749,0.007618,0.007627,8832084.8
2026-05-13 11:00:00+00:00,0.007626,0.007631,0.00752,0.00754,9000467.9
2026-05-13 12:00:00+00:00,0.007538,0.00755,0.007391,0.007447,15406036.1
2026-05-13 13:00:00+00:00,0.007447,0.007484,0.007309,0.007379,20695700.3
2026-05-13 14:00:00+00:00,0.007378,0.007411,0.007322,0.007361,15380069.7
2026-05-13 15:00:00+00:00,0.00736,0.007383,0.00722,0.007245,19406971.8
2026-05-13 16:00:00+00:00,0.00725,0.007333,0.007236,0.007318,11300606.5
2026-05-13 17:00:00+00:00,0.007314,0.007336,0.0073,0.007318,4492648.9
2026-05-13 18:00:00+00:00,0.007319,0.007351,0.007315,0.007339,2536895.3
2026-05-13 19:00:00+00:00,0.007338,0.007343,0.007271,0.007287,5679807.9
2026-05-13 20:00:00+00:00,0.007286,0.007329,0.007275,0.007326,6595401.4
2026-05-13 21:00:00+00:00,0.007327,0.007329,0.007245,0.007267,12550028.7
2026-05-13 22:00:00+00:00,0.007267,0.007299,0.007245,0.007294,2664940.1
2026-05-13 23:00:00+00:00,0.007295,0.007307,0.007278,0.007296,2226589.9
2026-05-14 00:00:00+00:00,0.007294,0.007378,0.007285,0.007335,22104177.2
2026-05-14 01:00:00+00:00,0.007334,0.007342,0.007315,0.007339,9787734.9
2026-05-14 02:00:00+00:00,0.007339,0.007356,0.007282,0.007285,9423454.9
2026-05-14 03:00:00+00:00,0.007287,0.007305,0.00717,0.007201,14427577.5
2026-05-14 04:00:00+00:00,0.007202,0.007266,0.007196,0.007266,4758746.7
2026-05-14 05:00:00+00:00,0.007265,0.007307,0.007256,0.007298,4515597.1
2026-05-14 06:00:00+00:00,0.007297,0.007315,0.007282,0.007299,6718652.0
2026-05-14 07:00:00+00:00,0.0073,0.007304,0.007206,0.00723,11939594.2
2026-05-14 08:00:00+00:00,0.00723,0.007266,0.007212,0.007242,4296760.4
2026-05-14 09:00:00+00:00,0.007243,0.007246,0.00722,0.007246,2827452.5
2026-05-14 10:00:00+00:00,0.007245,0.007288,0.007228,0.007283,2695911.6
2026-05-14 11:00:00+00:00,0.007283,0.007286,0.007223,0.007223,3206286.1
2026-05-14 12:00:00+00:00,0.007222,0.007311,0.007222,0.007306,6052232.7
2026-05-14 13:00:00+00:00,0.007307,0.00733,0.007276,0.007293,4968407.0
2026-05-14 14:00:00+00:00,0.00729,0.007435,0.007285,0.007434,16691269.8
2026-05-14 15:00:00+00:00,0.007434,0.007458,0.007396,0.007431,28915854.1
2026-05-14 16:00:00+00:00,0.007431,0.007466,0.007375,0.007441,11957298.7
2026-05-14 17:00:00+00:00,0.007442,0.007474,0.007397,0.00745,24712658.9
2026-05-14 18:00:00+00:00,0.00745,0.007515,0.007399,0.007507,13059096.9
2026-05-14 19:00:00+00:00,0.007505,0.007523,0.007434,0.007438,11690898.3
2026-05-14 20:00:00+00:00,0.00744,0.007466,0.007393,0.007428,8035479.7
2026-05-14 21:00:00+00:00,0.007429,0.007442,0.007396,0.007417,3496182.2
2026-05-14 22:00:00+00:00,0.00742,0.007426,0.007395,0.007396,6284169.7
2026-05-14 23:00:00+00:00,0.007394,0.007394,0.007336,0.00735,6766329.8
2026-05-15 00:00:00+00:00,0.007351,0.00741,0.007351,0.007385,4346790.9
2026-05-15 01:00:00+00:00,0.007386,0.007399,0.00734,0.007346,2915870.7
2026-05-15 02:00:00+00:00,0.007346,0.007451,0.007308,0.007373,10220554.9
2026-05-15 03:00:00+00:00,0.007372,0.007378,0.007336,0.007347,4325280.8
2026-05-15 04:00:00+00:00,0.007345,0.00736,0.007289,0.007289,5096394.3
2026-05-15 05:00:00+00:00,0.00729,0.007324,0.007175,0.007178,16623162.4
2026-05-15 06:00:00+00:00,0.007178,0.00723,0.007152,0.007222,18951222.7
2026-05-15 07:00:00+00:00,0.007222,0.007269,0.007205,0.007251,7715628.4
2026-05-15 08:00:00+00:00,0.00725,0.00725,0.007186,0.007232,10673195.1
2026-05-15 09:00:00+00:00,0.007233,0.007237,0.0072,0.007212,5094662.6
2026-05-15 10:00:00+00:00,0.007212,0.00725,0.007193,0.007239,7534950.7
2026-05-15 11:00:00+00:00,0.007238,0.007247,0.007209,0.00721,2331006.5
2026-05-15 12:00:00+00:00,0.007208,0.007219,0.007191,0.007208,4987951.3
2026-05-15 13:00:00+00:00,0.007207,0.007207,0.006934,0.006978,38953184.8
2026-05-15 14:00:00+00:00,0.006975,0.00701,0.006869,0.006986,43204922.7
2026-05-15 15:00:00+00:00,0.006987,0.007002,0.006955,0.006996,23600695.1
2026-05-15 16:00:00+00:00,0.006998,0.007049,0.006988,0.007044,6398034.3
2026-05-15 17:00:00+00:00,0.007043,0.00707,0.00704,0.00706,3271510.2
2026-05-15 18:00:00+00:00,0.007061,0.007069,0.007025,0.007048,3466018.2
2026-05-15 19:00:00+00:00,0.007046,0.007046,0.007023,0.007028,1849905.2
2026-05-15 20:00:00+00:00,0.007029,0.00703,0.006995,0.007013,2513305.8
2026-05-15 21:00:00+00:00,0.007012,0.00702,0.006977,0.007,2372847.7
2026-05-15 22:00:00+00:00,0.007,0.00703,0.007,0.007029,2158092.3
2026-05-15 23:00:00+00:00,0.007029,0.007039,0.007024,0.00703,3243099.0
2026-05-16 00:00:00+00:00,0.00703,0.007066,0.007011,0.007058,7134876.7
2026-05-16 01:00:00+00:00,0.007058,0.007066,0.007028,0.00706,4932442.1
2026-05-16 02:00:00+00:00,0.007061,0.007072,0.007041,0.007057,3458129.8
2026-05-16 03:00:00+00:00,0.007058,0.007062,0.00703,0.007054,4903570.7
2026-05-16 04:00:00+00:00,0.007055,0.007055,0.006997,0.00702,9874257.4
2026-05-16 05:00:00+00:00,0.007019,0.007021,0.006973,0.006982,4536942.0
2026-05-16 06:00:00+00:00,0.006983,0.006985,0.006894,0.006935,12872476.1
2026-05-16 07:00:00+00:00,0.006932,0.006932,0.006806,0.006869,31634521.8
2026-05-16 08:00:00+00:00,0.00687,0.00689,0.006849,0.006849,6208556.8
2026-05-16 09:00:00+00:00,0.006849,0.006875,0.00676,0.006785,26963162.5
2026-05-16 10:00:00+00:00,0.006784,0.006793,0.006745,0.006785,22836333.4
2026-05-16 11:00:00+00:00,0.006786,0.006829,0.006786,0.006819,9367911.5
2026-05-16 12:00:00+00:00,0.006819,0.006819,0.006764,0.006812,13220278.1
2026-05-16 13:00:00+00:00,0.006812,0.006839,0.006798,0.006833,9673285.6
2026-05-16 14:00:00+00:00,0.006834,0.006875,0.006818,0.006846,6251745.6
2026-05-16 15:00:00+00:00,0.006848,0.006893,0.006844,0.00687,12687106.0
2026-05-16 16:00:00+00:00,0.00687,0.00689,0.006852,0.006864,6020356.0
2026-05-16 17:00:00+00:00,0.006865,0.006881,0.006865,0.006872,962446.0
2026-05-16 18:00:00+00:00,0.006872,0.006879,0.00685,0.006871,2909435.0
2026-05-16 19:00:00+00:00,0.006871,0.006872,0.006802,0.006846,11765157.6
2026-05-16 20:00:00+00:00,0.006846,0.00685,0.006829,0.006836,5389165.2
2026-05-16 21:00:00+00:00,0.006835,0.006859,0.006834,0.006845,3416283.2
2026-05-16 22:00:00+00:00,0.006844,0.006847,0.00682,0.006824,4062696.9
2026-05-16 23:00:00+00:00,0.006823,0.006846,0.006822,0.006837,2831637.4
2026-05-17 00:00:00+00:00,0.006838,0.006848,0.006791,0.006808,6272021.2
2026-05-17 01:00:00+00:00,0.006809,0.00682,0.006754,0.006763,5024220.7
2026-05-17 02:00:00+00:00,0.006762,0.006796,0.006762,0.006781,2959484.8
2026-05-17 03:00:00+00:00,0.006783,0.006838,0.006783,0.006825,2149498.6
2026-05-17 04:00:00+00:00,0.006825,0.00686,0.006824,0.006843,3682580.2
2026-05-17 05:00:00+00:00,0.006844,0.006873,0.006836,0.006839,2089183.7
2026-05-17 06:00:00+00:00,0.006841,0.006845,0.006825,0.006842,2532683.8
2026-05-17 07:00:00+00:00,0.006843,0.00686,0.006825,0.006845,4273640.2
2026-05-17 08:00:00+00:00,0.006844,0.00685,0.006819,0.006836,9268229.6
2026-05-17 09:00:00+00:00,0.006836,0.006843,0.00682,0.006837,5658428.8
2026-05-17 10:00:00+00:00,0.006836,0.00686,0.006834,0.006838,8021150.2
2026-05-17 11:00:00+00:00,0.006836,0.00684,0.006816,0.006832,6230148.4
2026-05-17 12:00:00+00:00,0.006832,0.00685,0.006823,0.006827,6641679.0
2026-05-17 13:00:00+00:00,0.006827,0.006829,0.00679,0.006814,11882482.2
2026-05-17 14:00:00+00:00,0.006814,0.006814,0.006769,0.006794,11925461.8
2026-05-17 15:00:00+00:00,0.006794,0.006795,0.006763,0.006789,8169746.4
2026-05-17 16:00:00+00:00,0.006788,0.006807,0.00675,0.006755,9417888.2
2026-05-17 17:00:00+00:00,0.006756,0.006757,0.006722,0.006743,6618585.4
2026-05-17 18:00:00+00:00,0.006742,0.006778,0.006726,0.006778,3199763.3
2026-05-17 19:00:00+00:00,0.006779,0.006808,0.006767,0.006792,8530706.2
2026-05-17 20:00:00+00:00,0.006793,0.006799,0.006773,0.006786,2523273.1
2026-05-17 21:00:00+00:00,0.006785,0.006817,0.006776,0.006804,2054877.6
2026-05-17 22:00:00+00:00,0.006804,0.006805,0.006735,0.006748,7197852.9
2026-05-17 23:00:00+00:00,0.006747,0.00675,0.00649,0.006666,74778609.6
2026-05-18 00:00:00+00:00,0.006669,0.006677,0.00661,0.006675,16015641.1
2026-05-18 01:00:00+00:00,0.006676,0.006687,0.006631,0.006675,7617472.1
2026-05-18 02:00:00+00:00,0.006674,0.006732,0.00667,0.006711,6022603.4
2026-05-18 03:00:00+00:00,0.006712,0.006745,0.006695,0.006703,7291181.0
2026-05-18 04:00:00+00:00,0.006704,0.006739,0.006701,0.006736,3606432.3
2026-05-18 05:00:00+00:00,0.006739,0.006742,0.00669,0.006698,4724044.3
2026-05-18 06:00:00+00:00,0.006699,0.006714,0.006627,0.006658,11014492.9
2026-05-18 07:00:00+00:00,0.006659,0.006674,0.006622,0.006672,5614185.3
2026-05-18 08:00:00+00:00,0.006673,0.006685,0.006641,0.00666,5903836.3
2026-05-18 09:00:00+00:00,0.006661,0.006662,0.00663,0.006634,7945648.3
2026-05-18 10:00:00+00:00,0.006634,0.006648,0.006621,0.006628,9871495.6
2026-05-18 11:00:00+00:00,0.006629,0.006741,0.006626,0.006707,7222882.3
2026-05-18 12:00:00+00:00,0.006706,0.00678,0.006705,0.006763,5816693.6
2026-05-18 13:00:00+00:00,0.006762,0.006772,0.006683,0.006713,6495628.7
2026-05-18 14:00:00+00:00,0.006712,0.006718,0.006638,0.006668,8228401.2
2026-05-18 15:00:00+00:00,0.006669,0.00671,0.006627,0.006691,5087162.1
2026-05-18 16:00:00+00:00,0.006691,0.006704,0.006647,0.006678,18436056.0
2026-05-18 17:00:00+00:00,0.006678,0.006717,0.006669,0.006697,4157193.8
2026-05-18 18:00:00+00:00,0.006694,0.006695,0.006613,0.006616,10907666.8
2026-05-18 19:00:00+00:00,0.006617,0.006765,0.006617,0.006741,10535120.4
2026-05-18 20:00:00+00:00,0.006742,0.006773,0.006711,0.006721,3812770.5
2026-05-18 21:00:00+00:00,0.006721,0.006769,0.006703,0.006767,3482307.4
2026-05-18 22:00:00+00:00,0.006769,0.006802,0.006742,0.006764,4637578.2
2026-05-18 23:00:00+00:00,0.006764,0.006783,0.006754,0.006768,2076969.2
2026-05-19 00:00:00+00:00,0.006768,0.006813,0.006762,0.006769,4351434.7
2026-05-19 01:00:00+00:00,0.00677,0.00677,0.006723,0.006726,2128789.3
2026-05-19 02:00:00+00:00,0.006727,0.006754,0.006709,0.006718,2100849.9
2026-05-19 03:00:00+00:00,0.006716,0.006752,0.006708,0.00674,1633875.9
2026-05-19 04:00:00+00:00,0.006735,0.006762,0.006727,0.006746,3415310.3
2026-05-19 05:00:00+00:00,0.006749,0.006752,0.006706,0.006736,2250756.8
2026-05-19 06:00:00+00:00,0.006735,0.006774,0.006731,0.006769,2596922.5
2026-05-19 07:00:00+00:00,0.006765,0.006791,0.006752,0.00678,2196532.9
2026-05-19 08:00:00+00:00,0.006779,0.006786,0.006746,0.006754,2787878.5
2026-05-19 09:00:00+00:00,0.006755,0.006756,0.006702,0.006721,5859882.7
2026-05-19 10:00:00+00:00,0.006724,0.006726,0.006675,0.006713,6379983.8
2026-05-19 11:00:00+00:00,0.006713,0.006715,0.006659,0.006664,5154793.4
2026-05-19 12:00:00+00:00,0.006659,0.006704,0.006653,0.006701,7834541.4
2026-05-19 13:00:00+00:00,0.006699,0.006748,0.006688,0.006727,7374211.9
2026-05-19 14:00:00+00:00,0.006724,0.006736,0.006642,0.006667,6069971.6
2026-05-19 15:00:00+00:00,0.006662,0.006688,0.006639,0.006644,26294295.6
2026-05-19 16:00:00+00:00,0.006646,0.006672,0.006611,0.006663,43612028.5
2026-05-19 17:00:00+00:00,0.006662,0.006675,0.006636,0.006659,14676996.7
2026-05-19 18:00:00+00:00,0.006654,0.006654,0.006543,0.006546,59020716.6
2026-05-19 19:00:00+00:00,0.006547,0.006559,0.006399,0.006511,124002125.7
2026-05-19 20:00:00+00:00,0.006502,0.006536,0.006498,0.006525,19687180.1
2026-05-19 21:00:00+00:00,0.006527,0.006584,0.006505,0.00657,19877773.2
2026-05-19 22:00:00+00:00,0.00657,0.00657,0.006503,0.006517,9363062.3
2026-05-19 23:00:00+00:00,0.006516,0.006561,0.006513,0.006547,4229727.0
2026-05-20 00:00:00+00:00,0.006546,0.006558,0.006507,0.006527,5797157.0
2026-05-20 01:00:00+00:00,0.006528,0.006553,0.00648,0.006552,8008127.9
2026-05-20 02:00:00+00:00,0.006552,0.006554,0.006512,0.006521,3454994.0
2026-05-20 03:00:00+00:00,0.00652,0.006555,0.006505,0.006523,5284425.3
2026-05-20 04:00:00+00:00,0.006523,0.006548,0.006505,0.006548,2085420.5
2026-05-20 05:00:00+00:00,0.006551,0.006611,0.006549,0.006602,3431931.6
2026-05-20 06:00:00+00:00,0.006602,0.006611,0.006587,0.006605,5318017.2
2026-05-20 07:00:00+00:00,0.006605,0.006625,0.006589,0.006595,4610008.8
2026-05-20 08:00:00+00:00,0.006596,0.006611,0.006578,0.006591,3586503.3
2026-05-20 09:00:00+00:00,0.006589,0.006597,0.006574,0.006577,1100229.1
2026-05-20 10:00:00+00:00,0.006578,0.006624,0.006578,0.006598,4700465.5
2026-05-20 11:00:00+00:00,0.006599,0.006604,0.00656,0.006566,2938001.8
2026-05-20 12:00:00+00:00,0.006565,0.006597,0.006558,0.00659,2767226.1
2026-05-20 13:00:00+00:00,0.00659,0.00659,0.006531,0.006549,5804056.9
2026-05-20 14:00:00+00:00,0.00655,0.006624,0.006541,0.006608,5446881.2
2026-05-20 15:00:00+00:00,0.006607,0.006725,0.006605,0.006671,30284991.8
2026-05-20 16:00:00+00:00,0.006671,0.006712,0.006655,0.006689,7117768.8
2026-05-20 17:00:00+00:00,0.006688,0.006698,0.006669,0.006677,8759657.4
2026-05-20 18:00:00+00:00,0.006676,0.006678,0.00664,0.006644,5958825.9
2026-05-20 19:00:00+00:00,0.006643,0.006672,0.006629,0.006669,6374905.0
2026-05-20 20:00:00+00:00,0.006669,0.006672,0.006639,0.006669,5336274.5
2026-05-20 21:00:00+00:00,0.006669,0.006678,0.006649,0.006653,2580019.0
2026-05-20 22:00:00+00:00,0.006652,0.006652,0.006599,0.006625,5367953.6
2026-05-20 23:00:00+00:00,0.006624,0.006634,0.006606,0.006619,899307.7
2026-05-21 00:00:00+00:00,0.006618,0.006662,0.006609,0.006659,2931754.2
2026-05-21 01:00:00+00:00,0.006659,0.006688,0.006658,0.006675,4568482.5
2026-05-21 02:00:00+00:00,0.006674,0.006692,0.006668,0.006671,5601705.5
2026-05-21 03:00:00+00:00,0.006671,0.006691,0.006663,0.006677,2671315.3
2026-05-21 04:00:00+00:00,0.006677,0.006695,0.00667,0.006682,3620002.0
2026-05-21 05:00:00+00:00,0.006681,0.006682,0.006617,0.006631,1881886.0
2026-05-21 06:00:00+00:00,0.006631,0.006639,0.006615,0.006623,5364654.7
2026-05-21 07:00:00+00:00,0.006622,0.006651,0.006603,0.006642,3001736.5
2026-05-21 08:00:00+00:00,0.006641,0.006661,0.00662,0.006623,5005851.4
2026-05-21 09:00:00+00:00,0.006623,0.006629,0.006588,0.006588,6978565.1
2026-05-21 10:00:00+00:00,0.006588,0.006594,0.006521,0.006541,20124379.8
2026-05-21 11:00:00+00:00,0.006542,0.006608,0.006532,0.00654,15126083.8
2026-05-21 12:00:00+00:00,0.006541,0.006589,0.006531,0.006569,9197811.9
2026-05-21 13:00:00+00:00,0.006569,0.006613,0.006529,0.006583,24285359.1
2026-05-21 14:00:00+00:00,0.006584,0.006595,0.006532,0.006566,9101029.4
2026-05-21 15:00:00+00:00,0.006567,0.006617,0.006547,0.006605,11342300.6
2026-05-21 16:00:00+00:00,0.006607,0.006619,0.006569,0.006584,5109053.2
2026-05-21 17:00:00+00:00,0.006585,0.006728,0.006585,0.006705,21854369.3
2026-05-21 18:00:00+00:00,0.006706,0.006745,0.006645,0.006679,37539744.8
2026-05-21 19:00:00+00:00,0.006679,0.00672,0.006673,0.006705,6244619.6
2026-05-21 20:00:00+00:00,0.006704,0.006727,0.00667,0.006685,11472099.2
2026-05-21 21:00:00+00:00,0.006685,0.006737,0.006685,0.006704,16387477.3
2026-05-21 22:00:00+00:00,0.006707,0.006726,0.006693,0.006698,4269412.4
2026-05-21 23:00:00+00:00,0.006698,0.006712,0.006677,0.006703,2818238.5
2026-05-22 00:00:00+00:00,0.006704,0.006705,0.006663,0.006665,6237997.7
2026-05-22 01:00:00+00:00,0.006666,0.0067,0.006666,0.006691,2454744.1
2026-05-22 02:00:00+00:00,0.006692,0.006736,0.006692,0.006734,4876998.0
2026-05-22 03:00:00+00:00,0.006735,0.006768,0.006734,0.006752,10700862.0
2026-05-22 04:00:00+00:00,0.006752,0.006766,0.006724,0.00674,5222841.5
2026-05-22 05:00:00+00:00,0.00674,0.006766,0.006728,0.006738,7041241.8
2026-05-22 06:00:00+00:00,0.006737,0.006747,0.00671,0.006715,4674266.5
2026-05-22 07:00:00+00:00,0.006714,0.006765,0.006691,0.006751,5845012.8
2026-05-22 08:00:00+00:00,0.00675,0.006795,0.006739,0.00676,8642355.8
2026-05-22 09:00:00+00:00,0.00676,0.006785,0.00673,0.006742,6516950.6
2026-05-22 10:00:00+00:00,0.006741,0.006763,0.006709,0.006714,7413303.2
2026-05-22 11:00:00+00:00,0.006715,0.006761,0.006715,0.006749,6647361.5
2026-05-22 12:00:00+00:00,0.00675,0.006799,0.006745,0.006794,6986034.7
2026-05-22 13:00:00+00:00,0.006797,0.006823,0.006747,0.006772,13699012.7
2026-05-22 14:00:00+00:00,0.006772,0.006772,0.006686,0.006699,9638935.3
2026-05-22 15:00:00+00:00,0.006698,0.00673,0.006665,0.006708,7342073.2
2026-05-22 16:00:00+00:00,0.006707,0.006721,0.006677,0.006708,3770455.7
2026-05-22 17:00:00+00:00,0.006709,0.006734,0.006685,0.006688,7738165.1
2026-05-22 18:00:00+00:00,0.006688,0.006696,0.006533,0.006601,19474577.9
2026-05-22 19:00:00+00:00,0.006601,0.006616,0.006481,0.006535,20302671.0
2026-05-22 20:00:00+00:00,0.006537,0.006575,0.006526,0.006565,6401320.0
2026-05-22 21:00:00+00:00,0.006564,0.006606,0.006564,0.006595,4269008.0
2026-05-22 22:00:00+00:00,0.006594,0.006598,0.006554,0.006564,2636417.4
2026-05-22 23:00:00+00:00,0.006566,0.006585,0.006462,0.006522,11107313.5
2026-05-23 00:00:00+00:00,0.006523,0.006571,0.0065,0.006569,18199169.7
2026-05-23 01:00:00+00:00,0.006569,0.0066,0.006562,0.006596,3202660.4
2026-05-23 02:00:00+00:00,0.006597,0.006651,0.006597,0.00662,19069267.3
2026-05-23 03:00:00+00:00,0.00662,0.006656,0.006615,0.006636,5573903.4
2026-05-23 04:00:00+00:00,0.006634,0.006634,0.006599,0.006614,3667152.3
2026-05-23 05:00:00+00:00,0.006613,0.006623,0.006578,0.006607,3584631.7
2026-05-23 06:00:00+00:00,0.006608,0.006614,0.006576,0.006584,4366144.3
2026-05-23 07:00:00+00:00,0.006585,0.006595,0.006379,0.006459,35868351.2
2026-05-23 08:00:00+00:00,0.006456,0.006466,0.006402,0.006458,15686322.6
2026-05-23 09:00:00+00:00,0.006458,0.006475,0.006439,0.006444,4422960.3
2026-05-23 10:00:00+00:00,0.006443,0.006459,0.006428,0.00643,5099636.4
2026-05-23 11:00:00+00:00,0.00643,0.00644,0.00642,0.006421,5185768.0
2026-05-23 12:00:00+00:00,0.00642,0.006437,0.006393,0.006432,9482768.7
2026-05-23 13:00:00+00:00,0.006435,0.006492,0.006435,0.006484,10132105.3
2026-05-23 14:00:00+00:00,0.006485,0.006545,0.006476,0.006543,9170817.3
2026-05-23 15:00:00+00:00,0.006542,0.006586,0.006541,0.006578,5625133.0
2026-05-23 16:00:00+00:00,0.00658,0.006591,0.006548,0.006581,6120021.8
2026-05-23 17:00:00+00:00,0.006581,0.006613,0.006576,0.006588,4838629.9
2026-05-23 18:00:00+00:00,0.006588,0.006675,0.006588,0.006646,6810065.5
2026-05-23 19:00:00+00:00,0.006647,0.006681,0.006628,0.006676,11753896.0
2026-05-23 20:00:00+00:00,0.006677,0.006973,0.006677,0.006936,50818874.2
2026-05-23 21:00:00+00:00,0.006936,0.006946,0.006793,0.006824,24051830.9
2026-05-23 22:00:00+00:00,0.006824,0.006873,0.006728,0.006757,20359525.5
2026-05-23 23:00:00+00:00,0.006754,0.006787,0.006748,0.006774,9879627.9
2026-05-24 00:00:00+00:00,0.006774,0.006781,0.006745,0.006779,9533423.9
2026-05-24 01:00:00+00:00,0.006779,0.006792,0.006761,0.00678,6026155.5
2026-05-24 02:00:00+00:00,0.00678,0.006804,0.006767,0.006793,3890628.8
2026-05-24 03:00:00+00:00,0.006793,0.006793,0.006721,0.00673,2668251.7
2026-05-24 04:00:00+00:00,0.00673,0.006757,0.006729,0.006744,3865361.0
2026-05-24 05:00:00+00:00,0.006743,0.006743,0.006691,0.006711,3488822.1
2026-05-24 06:00:00+00:00,0.006712,0.006762,0.006695,0.006753,5318733.9
2026-05-24 07:00:00+00:00,0.006752,0.006788,0.006722,0.006723,15008215.4
2026-05-24 08:00:00+00:00,0.006722,0.006746,0.006708,0.006738,5421446.7
2026-05-24 09:00:00+00:00,0.006738,0.006767,0.006731,0.00676,5690957.0
2026-05-24 10:00:00+00:00,0.00676,0.006796,0.006742,0.006774,9712905.1
2026-05-24 11:00:00+00:00,0.006775,0.006802,0.006693,0.006728,9415422.0
2026-05-24 12:00:00+00:00,0.006729,0.00673,0.006691,0.006718,3744342.8
2026-05-24 13:00:00+00:00,0.006719,0.006723,0.006645,0.006664,13167298.1
2026-05-24 14:00:00+00:00,0.006665,0.006674,0.006548,0.00663,17774757.8
2026-05-24 15:00:00+00:00,0.006629,0.006651,0.006619,0.006644,3983965.4
2026-05-24 16:00:00+00:00,0.006643,0.006669,0.006628,0.006647,4737928.7
2026-05-24 17:00:00+00:00,0.006646,0.006662,0.006639,0.006647,2799237.5
2026-05-24 18:00:00+00:00,0.006646,0.006659,0.006638,0.006648,4526357.0
2026-05-24 19:00:00+00:00,0.006646,0.006657,0.006637,0.006656,2074279.7
2026-05-24 20:00:00+00:00,0.006657,0.006658,0.006614,0.006622,6235994.1
2026-05-24 21:00:00+00:00,0.006621,0.006634,0.006526,0.006548,8983668.5
2026-05-24 22:00:00+00:00,0.006546,0.006629,0.006546,0.0066,5513554.0
2026-05-24 23:00:00+00:00,0.006601,0.006641,0.006601,0.00663,3055770.1
2026-05-25 00:00:00+00:00,0.006631,0.006667,0.006631,0.006657,1634941.4
2026-05-25 01:00:00+00:00,0.006658,0.006661,0.006605,0.006605,5253069.1
2026-05-25 02:00:00+00:00,0.006606,0.006668,0.006606,0.006636,3769593.1
2026-05-25 03:00:00+00:00,0.006636,0.006647,0.006613,0.006622,3480260.2
2026-05-25 04:00:00+00:00,0.006623,0.006683,0.006606,0.006675,6688620.1
2026-05-25 05:00:00+00:00,0.006674,0.006712,0.006668,0.0067,3854934.2
2026-05-25 06:00:00+00:00,0.0067,0.006716,0.006673,0.006708,5205688.3
2026-05-25 07:00:00+00:00,0.006709,0.006731,0.006684,0.006705,2073406.0
2026-05-25 08:00:00+00:00,0.006704,0.006717,0.006691,0.006717,2147149.9
2026-05-25 09:00:00+00:00,0.006716,0.006733,0.006701,0.006711,4416190.3
2026-05-25 10:00:00+00:00,0.006712,0.006723,0.006702,0.006708,3542040.0
2026-05-25 11:00:00+00:00,0.006708,0.006711,0.006667,0.006672,5392049.3
2026-05-25 12:00:00+00:00,0.006672,0.006691,0.006658,0.006671,3991129.1
2026-05-25 13:00:00+00:00,0.00667,0.006706,0.00667,0.006705,4565738.2
2026-05-25 14:00:00+00:00,0.006706,0.006758,0.006706,0.006736,9001142.6
2026-05-25 15:00:00+00:00,0.006737,0.006774,0.00671,0.006734,5846627.1
2026-05-25 16:00:00+00:00,0.006735,0.006759,0.006718,0.006739,4296706.7
2026-05-25 17:00:00+00:00,0.00674,0.006743,0.006711,0.006722,7326200.1
2026-05-25 18:00:00+00:00,0.006723,0.006744,0.00671,0.006715,2915446.3
2026-05-25 19:00:00+00:00,0.006713,0.006713,0.006674,0.006699,3940865.2
2026-05-25 20:00:00+00:00,0.006698,0.006705,0.00666,0.006662,7322882.5
2026-05-25 21:00:00+00:00,0.006661,0.006678,0.006658,0.006675,1957805.4
2026-05-25 22:00:00+00:00,0.006674,0.006674,0.006619,0.006632,3187514.7
2026-05-25 23:00:00+00:00,0.006631,0.006663,0.006627,0.00665,1568998.0
2026-05-26 00:00:00+00:00,0.006651,0.006653,0.006563,0.006598,9302630.4
2026-05-26 01:00:00+00:00,0.006597,0.006658,0.006543,0.006639,15941617.0
2026-05-26 02:00:00+00:00,0.006641,0.006679,0.006625,0.006648,11459833.7
2026-05-26 03:00:00+00:00,0.006649,0.006652,0.006603,0.006652,2955587.7
2026-05-26 04:00:00+00:00,0.006652,0.006742,0.00665,0.006705,5220292.5
2026-05-26 05:00:00+00:00,0.006705,0.006706,0.00659,0.00661,108698870.6
2026-05-26 06:00:00+00:00,0.006606,0.006606,0.006545,0.006587,20192481.1
2026-05-26 07:00:00+00:00,0.006588,0.006595,0.006517,0.006548,31577281.8
2026-05-26 08:00:00+00:00,0.006548,0.006568,0.006531,0.00654,31240727.3
2026-05-26 09:00:00+00:00,0.006541,0.006569,0.006536,0.006567,13340278.6
2026-05-26 10:00:00+00:00,0.006567,0.006644,0.006558,0.006637,21787726.3
2026-05-26 11:00:00+00:00,0.006636,0.006642,0.00658,0.006596,17899125.6
2026-05-26 12:00:00+00:00,0.006596,0.006613,0.006562,0.006583,32880405.8
2026-05-26 13:00:00+00:00,0.006583,0.006623,0.006553,0.006615,24588124.2
2026-05-26 14:00:00+00:00,0.006616,0.006657,0.006552,0.006569,20390944.8
2026-05-26 15:00:00+00:00,0.006568,0.006583,0.006488,0.006525,18135325.4
2026-05-26 16:00:00+00:00,0.006524,0.006528,0.006482,0.006502,12928577.8
2026-05-26 17:00:00+00:00,0.006505,0.006516,0.006378,0.006423,76066343.9
2026-05-26 18:00:00+00:00,0.006421,0.006421,0.006278,0.006307,67492497.6
2026-05-26 19:00:00+00:00,0.006307,0.006337,0.006242,0.006326,24736376.3
2026-05-26 20:00:00+00:00,0.006328,0.006339,0.006285,0.006339,10955840.2
2026-05-26 21:00:00+00:00,0.006337,0.006341,0.006307,0.006316,16499115.6
2026-05-26 22:00:00+00:00,0.006316,0.006316,0.006257,0.006296,20055723.7
2026-05-26 23:00:00+00:00,0.006301,0.006333,0.006299,0.006311,16247890.9
2026-05-27 00:00:00+00:00,0.006314,0.006371,0.006313,0.006371,8043787.7
2026-05-27 01:00:00+00:00,0.006367,0.00638,0.006342,0.006356,14572689.0
2026-05-27 02:00:00+00:00,0.006356,0.006365,0.006326,0.006362,3887133.5
2026-05-27 03:00:00+00:00,0.006362,0.006369,0.006311,0.006318,19529917.7
2026-05-27 04:00:00+00:00,0.006325,0.00633,0.006255,0.006311,7761671.6
2026-05-27 05:00:00+00:00,0.00631,0.006322,0.006295,0.006296,26488768.3
2026-05-27 06:00:00+00:00,0.006296,0.006316,0.006272,0.006278,20913099.3
2026-05-27 07:00:00+00:00,0.006278,0.006289,0.006234,0.006287,30555909.5
2026-05-27 08:00:00+00:00,0.00629,0.006298,0.00625,0.006262,9714528.1
2026-05-27 09:00:00+00:00,0.006262,0.006263,0.006083,0.006212,55947109.7
2026-05-27 10:00:00+00:00,0.00621,0.006233,0.006203,0.006203,15466872.9
2026-05-27 11:00:00+00:00,0.006203,0.006227,0.006194,0.006199,7406991.0
2026-05-27 12:00:00+00:00,0.0062,0.006269,0.006155,0.006226,9688220.7
2026-05-27 13:00:00+00:00,0.006225,0.006234,0.006149,0.006205,11127811.3
2026-05-27 14:00:00+00:00,0.006205,0.006242,0.006149,0.006213,15998859.0
2026-05-27 15:00:00+00:00,0.00621,0.006286,0.006206,0.006251,7710288.9
2026-05-27 16:00:00+00:00,0.006257,0.006279,0.006216,0.00625,12091711.3
2026-05-27 17:00:00+00:00,0.006251,0.006253,0.00614,0.006173,22175996.2
2026-05-27 18:00:00+00:00,0.006169,0.006197,0.0061,0.006197,9722588.9
2026-05-27 19:00:00+00:00,0.006198,0.00621,0.006172,0.006186,11371382.8
2026-05-27 20:00:00+00:00,0.006188,0.006193,0.006156,0.006178,3376125.7
2026-05-27 21:00:00+00:00,0.006179,0.006199,0.006067,0.006099,14485619.5
2026-05-27 22:00:00+00:00,0.006098,0.006123,0.006074,0.006091,12964735.0
2026-05-27 23:00:00+00:00,0.006091,0.006117,0.006063,0.006101,28298330.2
2026-05-28 00:00:00+00:00,0.0061,0.006107,0.00606,0.006088,11699713.5
2026-05-28 01:00:00+00:00,0.006089,0.006098,0.006,0.006088,24304706.0
2026-05-28 02:00:00+00:00,0.00609,0.006142,0.00609,0.006101,17647851.6
2026-05-28 03:00:00+00:00,0.006102,0.006106,0.005926,0.005965,41817982.2
2026-05-28 04:00:00+00:00,0.005966,0.006006,0.005924,0.005989,29049740.2
2026-05-28 05:00:00+00:00,0.00599,0.005991,0.005922,0.005957,25451784.8
2026-05-28 06:00:00+00:00,0.005954,0.005966,0.005908,0.005965,16308876.8
2026-05-28 07:00:00+00:00,0.005965,0.006,0.005953,0.005984,12609480.1
2026-05-28 08:00:00+00:00,0.005983,0.005988,0.005929,0.005938,5214309.6
2026-05-28 09:00:00+00:00,0.005935,0.005987,0.005935,0.005975,9594024.6
2026-05-28 10:00:00+00:00,0.005974,0.005985,0.005912,0.005921,14341715.5
2026-05-28 11:00:00+00:00,0.005922,0.005934,0.0059,0.005917,10889969.6
2026-05-28 12:00:00+00:00,0.005917,0.00595,0.005888,0.005942,11351670.2
2026-05-28 13:00:00+00:00,0.005943,0.005965,0.00591,0.005925,19403886.9
2026-05-28 14:00:00+00:00,0.005924,0.005947,0.005838,0.005925,24254993.7
2026-05-28 15:00:00+00:00,0.005925,0.00593,0.005868,0.00591,9313799.4
2026-05-28 16:00:00+00:00,0.00591,0.005983,0.005883,0.005958,11828931.7
2026-05-28 17:00:00+00:00,0.005959,0.006044,0.005949,0.006019,18193995.1
2026-05-28 18:00:00+00:00,0.006017,0.006052,0.006014,0.006026,11866086.6
2026-05-28 19:00:00+00:00,0.006025,0.006025,0.005958,0.005968,10253778.2
2026-05-28 20:00:00+00:00,0.005969,0.006007,0.005933,0.005982,7192108.2
2026-05-28 21:00:00+00:00,0.005982,0.006025,0.005979,0.00598,4843320.4
2026-05-28 22:00:00+00:00,0.005981,0.005994,0.005953,0.005969,2681759.0
2026-05-28 23:00:00+00:00,0.005968,0.005988,0.005966,0.005975,2792092.0
2026-05-29 00:00:00+00:00,0.005975,0.005998,0.005932,0.00598,15244103.3
2026-05-29 01:00:00+00:00,0.00598,0.006,0.005956,0.005965,2327574.3
2026-05-29 02:00:00+00:00,0.005965,0.005972,0.005908,0.005917,5216466.7
2026-05-29 03:00:00+00:00,0.005918,0.00595,0.005898,0.0059,6819868.1
2026-05-29 04:00:00+00:00,0.0059,0.00593,0.005875,0.00593,5723741.5
2026-05-29 05:00:00+00:00,0.00593,0.005945,0.005914,0.00594,3426691.3
2026-05-29 06:00:00+00:00,0.005939,0.005969,0.005923,0.005947,6653164.3
2026-05-29 07:00:00+00:00,0.005946,0.005964,0.005906,0.005925,5075581.3
2026-05-29 08:00:00+00:00,0.005925,0.005968,0.005923,0.005951,5297019.5
2026-05-29 09:00:00+00:00,0.005952,0.005974,0.005938,0.005969,9510033.8
2026-05-29 10:00:00+00:00,0.005968,0.005968,0.00593,0.00594,7514935.1
2026-05-29 11:00:00+00:00,0.00594,0.00594,0.005884,0.005907,5411120.1
2026-05-29 12:00:00+00:00,0.005907,0.005914,0.005867,0.005891,12034278.4
2026-05-29 13:00:00+00:00,0.005889,0.00589,0.005851,0.005877,15511748.3
2026-05-29 14:00:00+00:00,0.005878,0.005888,0.005616,0.005772,68022455.9
2026-05-29 15:00:00+00:00,0.005771,0.005935,0.005756,0.005896,29468481.9
2026-05-29 16:00:00+00:00,0.005896,0.00591,0.005844,0.005883,5970912.2
2026-05-29 17:00:00+00:00,0.005885,0.005945,0.005861,0.005926,16231880.9
2026-05-29 18:00:00+00:00,0.005927,0.005942,0.005828,0.005828,19479318.2
2026-05-29 19:00:00+00:00,0.00583,0.005834,0.005719,0.005811,20804840.8
2026-05-29 20:00:00+00:00,0.005812,0.005876,0.0058,0.005864,9026533.7
2026-05-29 21:00:00+00:00,0.005865,0.005889,0.005819,0.005821,7974386.8
2026-05-29 22:00:00+00:00,0.005821,0.005858,0.00582,0.005835,3821210.8
2026-05-29 23:00:00+00:00,0.005835,0.005864,0.005815,0.005862,4637858.2
2026-05-30 00:00:00+00:00,0.005862,0.006014,0.00584,0.005996,24435822.5
2026-05-30 01:00:00+00:00,0.006002,0.006146,0.006002,0.00612,33802575.9
2026-05-30 02:00:00+00:00,0.00612,0.006134,0.006065,0.006104,11918504.1
2026-05-30 03:00:00+00:00,0.006105,0.006191,0.006098,0.006147,19200260.5
2026-05-30 04:00:00+00:00,0.006145,0.006158,0.006026,0.00607,24845760.1
2026-05-30 05:00:00+00:00,0.006071,0.006216,0.006053,0.006209,44636368.3
2026-05-30 06:00:00+00:00,0.00621,0.00629,0.006184,0.00628,44462390.1
2026-05-30 07:00:00+00:00,0.00628,0.006329,0.00617,0.006321,113116609.9
2026-05-30 08:00:00+00:00,0.006321,0.006442,0.006257,0.006257,108214519.4
2026-05-30 09:00:00+00:00,0.006259,0.006453,0.006257,0.006405,67948958.0
2026-05-30 10:00:00+00:00,0.006407,0.006439,0.006301,0.006344,35514185.6
2026-05-30 11:00:00+00:00,0.006343,0.006361,0.006213,0.006219,40650268.2
2026-05-30 12:00:00+00:00,0.006216,0.0063,0.006215,0.006241,20884223.5
2026-05-30 13:00:00+00:00,0.006242,0.006261,0.00619,0.006229,21217829.0
2026-05-30 14:00:00+00:00,0.006228,0.006233,0.006177,0.006185,14706061.9
2026-05-30 15:00:00+00:00,0.006184,0.006205,0.006133,0.006155,18707876.7
2026-05-30 16:00:00+00:00,0.006155,0.006173,0.006137,0.006149,10674872.6
2026-05-30 17:00:00+00:00,0.00615,0.006163,0.006112,0.006146,7203284.7
2026-05-30 18:00:00+00:00,0.006145,0.006171,0.006135,0.006162,6067372.8
2026-05-30 19:00:00+00:00,0.006157,0.006167,0.00613,0.006144,3519258.6
2026-05-30 20:00:00+00:00,0.006144,0.006151,0.006136,0.006139,5172620.5
2026-05-30 21:00:00+00:00,0.00614,0.006189,0.00614,0.00617,8157646.8
2026-05-30 22:00:00+00:00,0.00617,0.006171,0.006102,0.006125,8485295.6
2026-05-30 23:00:00+00:00,0.006124,0.006136,0.006086,0.006111,7566100.4
2026-05-31 00:00:00+00:00,0.006111,0.006123,0.006067,0.006095,17646618.4
2026-05-31 01:00:00+00:00,0.006094,0.006143,0.006091,0.006133,10834997.2
2026-05-31 02:00:00+00:00,0.006133,0.006166,0.00611,0.006146,13412153.6
2026-05-31 03:00:00+00:00,0.006147,0.00616,0.006096,0.006112,8977109.7
2026-05-31 04:00:00+00:00,0.006115,0.00615,0.006113,0.006149,6456158.5
2026-05-31 05:00:00+00:00,0.00615,0.006159,0.00614,0.006157,5059818.0
2026-05-31 06:00:00+00:00,0.006156,0.006178,0.006141,0.006147,10715127.7
2026-05-31 07:00:00+00:00,0.006146,0.006147,0.006084,0.006109,10873141.8
2026-05-31 08:00:00+00:00,0.006107,0.006147,0.006098,0.006131,17335256.8
2026-05-31 09:00:00+00:00,0.006131,0.006143,0.006094,0.006098,3551757.8
2026-05-31 10:00:00+00:00,0.006098,0.006104,0.006057,0.006084,16204186.6
2026-05-31 11:00:00+00:00,0.006085,0.0061,0.006057,0.006073,7354256.9
2026-05-31 12:00:00+00:00,0.006074,0.006097,0.006061,0.006077,5737899.8
2026-05-31 13:00:00+00:00,0.006079,0.006111,0.006067,0.006071,7154705.8
2026-05-31 14:00:00+00:00,0.006069,0.006071,0.005976,0.006007,18938489.8
2026-05-31 15:00:00+00:00,0.006005,0.006048,0.006,0.006008,6958334.5
2026-05-31 16:00:00+00:00,0.006007,0.006023,0.005952,0.005984,16140248.2
2026-05-31 17:00:00+00:00,0.005982,0.00603,0.005973,0.006023,7187609.4
2026-05-31 18:00:00+00:00,0.006022,0.006022,0.005997,0.006013,3817540.1
2026-05-31 19:00:00+00:00,0.006015,0.006042,0.005994,0.00604,3157232.9
2026-05-31 20:00:00+00:00,0.00604,0.006073,0.005998,0.006033,9903691.0
2026-05-31 21:00:00+00:00,0.006032,0.006086,0.006014,0.006081,6977117.7
2026-05-31 22:00:00+00:00,0.006082,0.006101,0.006055,0.006092,4742918.1
2026-05-31 23:00:00+00:00,0.006093,0.006118,0.006052,0.006088,4143835.5
2026-06-01 00:00:00+00:00,0.006089,0.006138,0.006086,0.006113,6918428.0
2026-06-01 01:00:00+00:00,0.006113,0.006117,0.006028,0.006028,3535527.5
2026-06-01 02:00:00+00:00,0.006027,0.006103,0.006017,0.006092,6020898.1
2026-06-01 03:00:00+00:00,0.006093,0.00612,0.006072,0.006078,5795126.5
2026-06-01 04:00:00+00:00,0.006078,0.006097,0.006009,0.006029,7153929.3
2026-06-01 05:00:00+00:00,0.006028,0.006029,0.005979,0.005991,7732903.7
2026-06-01 06:00:00+00:00,0.005992,0.005996,0.005931,0.005955,7619042.6
2026-06-01 07:00:00+00:00,0.005955,0.005967,0.005904,0.005912,6886894.3
2026-06-01 08:00:00+00:00,0.005912,0.005956,0.005903,0.005947,7471479.5
2026-06-01 09:00:00+00:00,0.005948,0.005982,0.005923,0.005932,8935251.3
2026-06-01 10:00:00+00:00,0.005935,0.005939,0.005907,0.005933,4272008.3
2026-06-01 11:00:00+00:00,0.005934,0.00597,0.005896,0.005925,9767699.8
2026-06-01 12:00:00+00:00,0.005926,0.00594,0.005885,0.00592,9748833.9
2026-06-01 13:00:00+00:00,0.005923,0.005931,0.005832,0.005885,21220271.3
2026-06-01 14:00:00+00:00,0.005886,0.005897,0.005846,0.005863,11540723.2
2026-06-01 15:00:00+00:00,0.005864,0.005892,0.005827,0.005871,16944237.0
2026-06-01 16:00:00+00:00,0.00587,0.005943,0.00585,0.005934,15287597.2
2026-06-01 17:00:00+00:00,0.005933,0.006018,0.005925,0.005991,13408877.5
2026-06-01 18:00:00+00:00,0.00599,0.006002,0.005953,0.005953,4083143.7
2026-06-01 19:00:00+00:00,0.005954,0.005992,0.005954,0.005985,4650869.0
2026-06-01 20:00:00+00:00,0.005985,0.005987,0.005955,0.00596,1679587.2
2026-06-01 21:00:00+00:00,0.005961,0.005961,0.005901,0.005907,10316746.9
2026-06-01 22:00:00+00:00,0.005909,0.00596,0.005886,0.005956,5969749.4
2026-06-01 23:00:00+00:00,0.005956,0.005976,0.005936,0.005964,4003117.1
2026-06-02 00:00:00+00:00,0.005966,0.005973,0.005911,0.00592,7323018.5
2026-06-02 01:00:00+00:00,0.00592,0.005937,0.005879,0.005883,4890083.5
2026-06-02 02:00:00+00:00,0.005884,0.005924,0.005831,0.005921,6765346.7
2026-06-02 03:00:00+00:00,0.005923,0.005945,0.005911,0.005923,6727844.1
2026-06-02 04:00:00+00:00,0.005924,0.005933,0.005881,0.005881,4653002.7
2026-06-02 05:00:00+00:00,0.005881,0.005895,0.005846,0.005853,5249557.1
2026-06-02 06:00:00+00:00,0.005851,0.00586,0.0058,0.005819,8076427.5
2026-06-02 07:00:00+00:00,0.005819,0.005835,0.005771,0.00582,16409946.7
2026-06-02 08:00:00+00:00,0.005819,0.005834,0.005787,0.005815,4990106.3
2026-06-02 09:00:00+00:00,0.005815,0.00582,0.005767,0.005782,11544284.6
2026-06-02 10:00:00+00:00,0.005783,0.005821,0.005772,0.005807,3137936.3
2026-06-02 11:00:00+00:00,0.005807,0.005811,0.005742,0.005784,10241184.8
2026-06-02 12:00:00+00:00,0.005783,0.005815,0.005767,0.005793,10948473.3
2026-06-02 13:00:00+00:00,0.005793,0.00581,0.005769,0.005784,15831123.9
2026-06-02 14:00:00+00:00,0.005785,0.005787,0.005608,0.005677,35521093.2
2026-06-02 15:00:00+00:00,0.005678,0.005685,0.005474,0.005566,37103598.0
2026-06-02 16:00:00+00:00,0.005563,0.005668,0.00554,0.005605,19190863.0
2026-06-02 17:00:00+00:00,0.005606,0.005658,0.005604,0.005642,6857090.3
2026-06-02 18:00:00+00:00,0.005642,0.005667,0.005574,0.005605,6998672.4
2026-06-02 19:00:00+00:00,0.005606,0.005614,0.005487,0.005591,11351987.7
2026-06-02 20:00:00+00:00,0.005592,0.005624,0.005543,0.00562,10644831.3
2026-06-02 21:00:00+00:00,0.00562,0.005657,0.005598,0.005617,8837596.2
2026-06-02 22:00:00+00:00,0.005618,0.00562,0.005472,0.005482,12455995.3
2026-06-02 23:00:00+00:00,0.005483,0.005535,0.005435,0.00553,31516892.6
2026-06-03 00:00:00+00:00,0.005531,0.005587,0.005513,0.005558,10918991.1
2026-06-03 01:00:00+00:00,0.005559,0.005578,0.005517,0.005577,5439246.1
2026-06-03 02:00:00+00:00,0.005576,0.005589,0.00555,0.00558,6245378.8
2026-06-03 03:00:00+00:00,0.005581,0.00559,0.005451,0.005479,11898457.8
2026-06-03 04:00:00+00:00,0.00548,0.005627,0.00548,0.005618,13440626.0
2026-06-03 05:00:00+00:00,0.00562,0.0059,0.005615,0.005716,21602812.9
2026-06-03 06:00:00+00:00,0.005719,0.005767,0.0057,0.005741,15579459.9
2026-06-03 07:00:00+00:00,0.005742,0.005764,0.00568,0.005697,28455720.2
2026-06-03 08:00:00+00:00,0.005697,0.005727,0.005677,0.005702,12373266.8
2026-06-03 09:00:00+00:00,0.005701,0.005715,0.005656,0.00569,5816065.5
2026-06-03 10:00:00+00:00,0.005691,0.005761,0.005689,0.005757,11030270.6
2026-06-03 11:00:00+00:00,0.005757,0.005782,0.005729,0.005754,7791518.1
2026-06-03 12:00:00+00:00,0.005757,0.005794,0.005724,0.005792,16222438.4
2026-06-03 13:00:00+00:00,0.005793,0.005861,0.005728,0.005774,20832088.7
2026-06-03 14:00:00+00:00,0.005774,0.005778,0.005708,0.005755,7893004.2
2026-06-03 15:00:00+00:00,0.005756,0.005772,0.005724,0.005735,10373253.6
2026-06-03 16:00:00+00:00,0.005736,0.005741,0.005623,0.005679,20317279.9
2026-06-03 17:00:00+00:00,0.00568,0.005706,0.005614,0.005699,13216413.1
2026-06-03 18:00:00+00:00,0.005699,0.005713,0.005646,0.005693,5000572.2
2026-06-03 19:00:00+00:00,0.005693,0.005708,0.005617,0.005618,7067127.1
2026-06-03 20:00:00+00:00,0.005617,0.005654,0.005463,0.005532,22653656.0
2026-06-03 21:00:00+00:00,0.005533,0.005693,0.005526,0.005681,9592521.2
2026-06-03 22:00:00+00:00,0.005683,0.005696,0.005605,0.005621,8264936.4
2026-06-03 23:00:00+00:00,0.00562,0.005638,0.005564,0.005596,10076966.1
2026-06-04 00:00:00+00:00,0.005595,0.005646,0.005513,0.005547,14340201.6
2026-06-04 01:00:00+00:00,0.005547,0.005558,0.005365,0.005374,37209812.1
2026-06-04 02:00:00+00:00,0.005377,0.005419,0.005153,0.005388,53155020.6
2026-06-04 03:00:00+00:00,0.005389,0.005548,0.005387,0.005515,15094444.0
2026-06-04 04:00:00+00:00,0.005515,0.005537,0.005443,0.005464,7874852.8
2026-06-04 05:00:00+00:00,0.005462,0.005462,0.005393,0.00542,14588199.3
2026-06-04 06:00:00+00:00,0.005418,0.005472,0.005412,0.005419,6661985.2
2026-06-04 07:00:00+00:00,0.005421,0.005426,0.00534,0.005348,6977898.0
2026-06-04 08:00:00+00:00,0.005349,0.005384,0.005306,0.005354,8804162.0
2026-06-04 09:00:00+00:00,0.005354,0.005358,0.005225,0.005303,16916901.2
2026-06-04 10:00:00+00:00,0.005302,0.00532,0.005236,0.005257,21200872.9
2026-06-04 11:00:00+00:00,0.005258,0.00532,0.005229,0.005313,12114006.7
2026-06-04 12:00:00+00:00,0.005317,0.005399,0.005256,0.00539,25641500.0
2026-06-04 13:00:00+00:00,0.005389,0.0055,0.005332,0.0055,23064282.6
2026-06-04 14:00:00+00:00,0.005501,0.005507,0.00543,0.005459,14439615.7
2026-06-04 15:00:00+00:00,0.005458,0.005509,0.005437,0.005457,6561764.3
2026-06-04 16:00:00+00:00,0.005456,0.005461,0.005388,0.005421,11749792.5
2026-06-04 17:00:00+00:00,0.005419,0.00543,0.005349,0.005387,11211488.0
2026-06-04 18:00:00+00:00,0.005389,0.005446,0.005347,0.005422,10139442.1
2026-06-04 19:00:00+00:00,0.005422,0.005452,0.005391,0.005423,6628516.1
2026-06-04 20:00:00+00:00,0.005423,0.005423,0.005352,0.005374,3641408.8
2026-06-04 21:00:00+00:00,0.005374,0.005402,0.005244,0.005252,12981327.7
2026-06-04 22:00:00+00:00,0.005251,0.005317,0.005239,0.005309,11033151.5
2026-06-04 23:00:00+00:00,0.005308,0.005348,0.005268,0.005346,6663648.0
2026-06-05 00:00:00+00:00,0.005345,0.005345,0.005257,0.005285,14647654.0
2026-06-05 01:00:00+00:00,0.005283,0.005331,0.005239,0.00529,16530488.5
2026-06-05 02:00:00+00:00,0.005289,0.005289,0.005123,0.005142,20293547.7
2026-06-05 03:00:00+00:00,0.005145,0.00519,0.005103,0.005106,20028619.9
2026-06-05 04:00:00+00:00,0.005107,0.005189,0.005082,0.005183,15848931.6
2026-06-05 05:00:00+00:00,0.005184,0.005193,0.005033,0.005039,10420180.3
2026-06-05 06:00:00+00:00,0.00504,0.005057,0.004847,0.004958,49669743.9
2026-06-05 07:00:00+00:00,0.00496,0.005068,0.004884,0.00506,36018115.4
2026-06-05 08:00:00+00:00,0.00506,0.00506,0.004979,0.005011,9709213.5
2026-06-05 09:00:00+00:00,0.005012,0.005099,0.005005,0.005099,20508750.6
2026-06-05 10:00:00+00:00,0.0051,0.005106,0.005041,0.00506,11520196.2
2026-06-05 11:00:00+00:00,0.005059,0.005059,0.004995,0.005001,10173390.0
2026-06-05 12:00:00+00:00,0.005001,0.005021,0.004947,0.005005,18160168.8
2026-06-05 13:00:00+00:00,0.005005,0.005106,0.004924,0.004924,17419700.4
2026-06-05 14:00:00+00:00,0.004926,0.004996,0.004877,0.004966,23244738.0
2026-06-05 15:00:00+00:00,0.004966,0.004979,0.004829,0.004887,20066700.2
2026-06-05 16:00:00+00:00,0.004886,0.004961,0.004801,0.004913,42646818.0
2026-06-05 17:00:00+00:00,0.004911,0.004926,0.004774,0.004806,44335297.9
2026-06-05 18:00:00+00:00,0.004808,0.004835,0.004633,0.00465,33472449.6
2026-06-05 19:00:00+00:00,0.004649,0.004762,0.004587,0.004737,43536391.1
2026-06-05 20:00:00+00:00,0.004735,0.004833,0.004682,0.004819,21685593.6
2026-06-05 21:00:00+00:00,0.004819,0.004873,0.00481,0.004844,14287187.6
2026-06-05 22:00:00+00:00,0.004844,0.004846,0.004765,0.004818,11853067.1
2026-06-05 23:00:00+00:00,0.004818,0.004842,0.004689,0.004767,13104009.5
2026-06-06 00:00:00+00:00,0.004768,0.004838,0.004768,0.004817,9203083.0
2026-06-06 01:00:00+00:00,0.004816,0.004838,0.00477,0.004777,7235259.1
2026-06-06 02:00:00+00:00,0.004772,0.004773,0.004706,0.004707,7374944.6
2026-06-06 03:00:00+00:00,0.004708,0.004711,0.00466,0.004664,9777993.1
2026-06-06 04:00:00+00:00,0.004667,0.004684,0.00447,0.004516,35299479.8
2026-06-06 05:00:00+00:00,0.004516,0.004647,0.004469,0.004641,31362595.4
2026-06-06 06:00:00+00:00,0.004645,0.0047,0.004642,0.004649,10458928.8
2026-06-06 07:00:00+00:00,0.004645,0.004726,0.004636,0.004707,12215109.2
2026-06-06 08:00:00+00:00,0.004707,0.00479,0.004695,0.00477,11424362.6
2026-06-06 09:00:00+00:00,0.00477,0.004811,0.00474,0.004758,6118233.3
2026-06-06 10:00:00+00:00,0.004756,0.004756,0.004642,0.004684,11729885.7
2026-06-06 11:00:00+00:00,0.004684,0.004738,0.004678,0.004719,5951487.0
2026-06-06 12:00:00+00:00,0.00472,0.004759,0.004672,0.004749,10035094.5
2026-06-06 13:00:00+00:00,0.004747,0.004754,0.004696,0.004719,8101709.2
2026-06-06 14:00:00+00:00,0.004722,0.004766,0.004718,0.004736,5548924.3
2026-06-06 15:00:00+00:00,0.00474,0.004749,0.004669,0.00472,10889407.9
2026-06-06 16:00:00+00:00,0.004715,0.004742,0.004691,0.004705,10153708.4
2026-06-06 17:00:00+00:00,0.004716,0.004723,0.004646,0.004662,9588624.9
2026-06-06 18:00:00+00:00,0.004657,0.004721,0.004642,0.004702,14884006.8
2026-06-06 19:00:00+00:00,0.004699,0.00472,0.004668,0.004668,3407113.3
2026-06-06 20:00:00+00:00,0.00467,0.004692,0.004652,0.004688,8683926.9
2026-06-06 21:00:00+00:00,0.004688,0.004738,0.004688,0.004715,8653848.7
2026-06-06 22:00:00+00:00,0.004717,0.004729,0.004686,0.004705,3590410.8
2026-06-06 23:00:00+00:00,0.004708,0.00477,0.004708,0.004754,30821241.1
2026-06-07 00:00:00+00:00,0.004755,0.004774,0.004722,0.004745,10118102.8
2026-06-07 01:00:00+00:00,0.004738,0.004862,0.004738,0.00485,10893301.8
2026-06-07 02:00:00+00:00,0.00485,0.004859,0.004785,0.004809,9236051.3
2026-06-07 03:00:00+00:00,0.004808,0.004825,0.004785,0.004804,3421328.9
2026-06-07 04:00:00+00:00,0.004803,0.004833,0.004773,0.004833,3923777.4
2026-06-07 05:00:00+00:00,0.004832,0.004863,0.004813,0.004841,7041365.7
2026-06-07 06:00:00+00:00,0.00484,0.00489,0.004817,0.004858,7382133.4
2026-06-07 07:00:00+00:00,0.004859,0.004891,0.00485,0.004889,7992190.8
2026-06-07 08:00:00+00:00,0.00489,0.004948,0.004859,0.004947,10111064.2
2026-06-07 09:00:00+00:00,0.004947,0.004959,0.00491,0.004921,5364244.0
2026-06-07 10:00:00+00:00,0.004921,0.004926,0.004864,0.004868,2847618.8
2026-06-07 11:00:00+00:00,0.004869,0.004892,0.004851,0.004881,4790472.7
2026-06-07 12:00:00+00:00,0.00488,0.00488,0.004764,0.004806,6268945.3
2026-06-07 13:00:00+00:00,0.004805,0.004835,0.004796,0.004801,11207714.1
2026-06-07 14:00:00+00:00,0.004804,0.004866,0.004796,0.004835,8240706.2
2026-06-07 15:00:00+00:00,0.00484,0.00485,0.004815,0.004826,4484502.1
2026-06-07 16:00:00+00:00,0.004827,0.004836,0.004806,0.004827,5627645.7
2026-06-07 17:00:00+00:00,0.004825,0.004859,0.004825,0.004841,5387744.7
2026-06-07 18:00:00+00:00,0.004843,0.004862,0.004807,0.004809,6048727.0
2026-06-07 19:00:00+00:00,0.004811,0.004814,0.004733,0.004759,10866708.1
2026-06-07 20:00:00+00:00,0.004758,0.004816,0.004745,0.004811,6310750.7
2026-06-07 21:00:00+00:00,0.004809,0.004822,0.004767,0.004779,4330806.6
2026-06-07 22:00:00+00:00,0.004788,0.005002,0.004788,0.004924,19380513.6
2026-06-07 23:00:00+00:00,0.004923,0.004955,0.004923,0.004943,4328889.2
2026-06-08 00:00:00+00:00,0.004947,0.00499,0.004902,0.004967,20567030.1
2026-06-08 01:00:00+00:00,0.00497,0.004974,0.004857,0.004911,7902705.8
2026-06-08 02:00:00+00:00,0.004916,0.004921,0.00488,0.004888,2789556.0
2026-06-08 03:00:00+00:00,0.004887,0.004904,0.004868,0.004897,1857651.5
2026-06-08 04:00:00+00:00,0.004903,0.004904,0.004838,0.004839,2393026.4
2026-06-08 05:00:00+00:00,0.00484,0.004854,0.004811,0.004835,4208540.4
2026-06-08 06:00:00+00:00,0.004842,0.004881,0.004842,0.004861,3147325.1
2026-06-08 07:00:00+00:00,0.004864,0.004896,0.00484,0.004887,4433352.4
2026-06-08 08:00:00+00:00,0.004885,0.004904,0.00486,0.004868,8495152.2
2026-06-08 09:00:00+00:00,0.004871,0.004952,0.004871,0.004952,6090559.0
2026-06-08 10:00:00+00:00,0.004953,0.004971,0.004915,0.004934,7652724.0
2026-06-08 11:00:00+00:00,0.004937,0.005019,0.004922,0.005001,6483333.5
2026-06-08 12:00:00+00:00,0.005001,0.005017,0.00494,0.005007,8851106.7
2026-06-08 13:00:00+00:00,0.005008,0.005014,0.004963,0.004977,7769228.5
2026-06-08 14:00:00+00:00,0.004976,0.004979,0.004952,0.004969,5870210.6
2026-06-08 15:00:00+00:00,0.004974,0.00502,0.004947,0.004952,9398852.4
2026-06-08 16:00:00+00:00,0.004951,0.005003,0.004944,0.004958,8924082.0
2026-06-08 17:00:00+00:00,0.004961,0.004997,0.004945,0.004992,5705675.7
2026-06-08 18:00:00+00:00,0.004995,0.005,0.00497,0.00498,3105776.8
2026-06-08 19:00:00+00:00,0.004976,0.005003,0.00496,0.004966,4847957.0
2026-06-08 20:00:00+00:00,0.004967,0.004988,0.004948,0.004986,3873619.0
2026-06-08 21:00:00+00:00,0.00499,0.00503,0.004989,0.004994,5511678.6
2026-06-08 22:00:00+00:00,0.004986,0.004991,0.004959,0.004968,2746112.7
2026-06-08 23:00:00+00:00,0.00497,0.004983,0.004924,0.004946,5918485.2
2026-06-09 00:00:00+00:00,0.004945,0.004947,0.004832,0.004844,5018424.4
2026-06-09 01:00:00+00:00,0.004843,0.004879,0.004839,0.004868,3571743.1
2026-06-09 02:00:00+00:00,0.00487,0.004893,0.004824,0.004852,3820251.7
2026-06-09 03:00:00+00:00,0.004854,0.004871,0.004831,0.004847,3561803.8
2026-06-09 04:00:00+00:00,0.004845,0.004922,0.004832,0.004902,3540057.4
2026-06-09 05:00:00+00:00,0.004899,0.004942,0.004895,0.004917,2400371.7
2026-06-09 06:00:00+00:00,0.004912,0.004929,0.004894,0.004896,3022468.2
2026-06-09 07:00:00+00:00,0.004898,0.004919,0.004879,0.004899,3135258.1
2026-06-09 08:00:00+00:00,0.004898,0.004903,0.004865,0.004885,4663915.8
2026-06-09 09:00:00+00:00,0.004885,0.004905,0.004854,0.004865,3365549.4
2026-06-09 10:00:00+00:00,0.004865,0.0049,0.004846,0.0049,4921908.4
2026-06-09 11:00:00+00:00,0.004899,0.00491,0.004872,0.004904,8420523.8
2026-06-09 12:00:00+00:00,0.004902,0.004929,0.00489,0.004911,9011571.5
2026-06-09 13:00:00+00:00,0.004912,0.004924,0.004871,0.004888,6113634.5
2026-06-09 14:00:00+00:00,0.004886,0.004894,0.004781,0.004834,15150911.2
2026-06-09 15:00:00+00:00,0.004837,0.00487,0.004788,0.004793,9907624.1
2026-06-09 16:00:00+00:00,0.004794,0.004807,0.004725,0.004782,11284303.7
2026-06-09 17:00:00+00:00,0.004782,0.004854,0.004782,0.004813,7900584.1
2026-06-09 18:00:00+00:00,0.004815,0.004848,0.004805,0.004831,2857614.3
2026-06-09 19:00:00+00:00,0.004826,0.004855,0.004813,0.004846,3776038.8
2026-06-09 20:00:00+00:00,0.004849,0.004875,0.004844,0.004868,3430610.1
2026-06-09 21:00:00+00:00,0.004869,0.004876,0.004814,0.004824,2608225.6
2026-06-09 22:00:00+00:00,0.004827,0.004857,0.004819,0.00482,3586351.4
2026-06-09 23:00:00+00:00,0.004822,0.004836,0.004814,0.004822,3274800.4
2026-06-10 00:00:00+00:00,0.004822,0.004849,0.004791,0.004824,2594141.0
2026-06-10 01:00:00+00:00,0.004823,0.00483,0.004788,0.004812,2898031.2
2026-06-10 02:00:00+00:00,0.004806,0.004814,0.004734,0.004758,4061705.5
2026-06-10 03:00:00+00:00,0.004756,0.004782,0.004749,0.004757,4788799.3
2026-06-10 04:00:00+00:00,0.004757,0.004766,0.004726,0.004731,5111632.4
2026-06-10 05:00:00+00:00,0.004736,0.004755,0.004721,0.004738,1975397.2
2026-06-10 06:00:00+00:00,0.004735,0.004768,0.00473,0.004756,2356525.2
2026-06-10 07:00:00+00:00,0.004752,0.00479,0.004751,0.004779,2488053.4
2026-06-10 08:00:00+00:00,0.004778,0.004778,0.004715,0.004721,7606025.1
2026-06-10 09:00:00+00:00,0.00472,0.004738,0.004684,0.004727,2720949.9
2026-06-10 10:00:00+00:00,0.004727,0.004734,0.0047,0.004725,1593920.9
2026-06-10 11:00:00+00:00,0.004729,0.004733,0.00467,0.004689,11141952.7
2026-06-10 12:00:00+00:00,0.004691,0.004784,0.004679,0.004764,10896226.2
2026-06-10 13:00:00+00:00,0.004766,0.004847,0.004748,0.004799,7521652.8
2026-06-10 14:00:00+00:00,0.004802,0.004818,0.00476,0.004776,7104421.9
2026-06-10 15:00:00+00:00,0.004779,0.004809,0.004743,0.004788,9952951.5
2026-06-10 16:00:00+00:00,0.004792,0.004811,0.004738,0.004758,6424232.9
2026-06-10 17:00:00+00:00,0.004758,0.004783,0.004701,0.004737,7829951.9
2026-06-10 18:00:00+00:00,0.004737,0.004746,0.004701,0.004744,5445643.0
2026-06-10 19:00:00+00:00,0.004745,0.004745,0.004685,0.004697,11760823.8
2026-06-10 20:00:00+00:00,0.004697,0.004709,0.004658,0.004678,7295813.8
2026-06-10 21:00:00+00:00,0.004679,0.004683,0.00462,0.004626,6221653.7
2026-06-10 22:00:00+00:00,0.004633,0.004691,0.004619,0.004654,12418989.5
2026-06-10 23:00:00+00:00,0.004651,0.004701,0.004634,0.004698,7023321.8
2026-06-11 00:00:00+00:00,0.0047,0.004734,0.004698,0.004716,3115145.7
2026-06-11 01:00:00+00:00,0.004716,0.004774,0.004716,0.004763,4032265.0
2026-06-11 02:00:00+00:00,0.004765,0.004775,0.00473,0.004758,4714286.2
2026-06-11 03:00:00+00:00,0.004755,0.00484,0.00473,0.004823,6796799.3
2026-06-11 04:00:00+00:00,0.004822,0.00486,0.004806,0.004843,5541709.2
2026-06-11 05:00:00+00:00,0.004848,0.004848,0.0048,0.0048,2605657.7
2026-06-11 06:00:00+00:00,0.0048,0.004834,0.004792,0.004809,3410168.4
2026-06-11 07:00:00+00:00,0.004805,0.004816,0.004782,0.004796,9733607.9
2026-06-11 08:00:00+00:00,0.004798,0.004836,0.004795,0.004818,2864274.4
2026-06-11 09:00:00+00:00,0.004816,0.004823,0.004782,0.004797,2618766.0
2026-06-11 10:00:00+00:00,0.004797,0.004805,0.004783,0.004798,3728575.6
2026-06-11 11:00:00+00:00,0.004792,0.004819,0.004781,0.004802,4139254.6
2026-06-11 12:00:00+00:00,0.004804,0.004807,0.004739,0.004786,11205020.1
2026-06-11 13:00:00+00:00,0.004782,0.004823,0.004769,0.004808,5816227.0
2026-06-11 14:00:00+00:00,0.004806,0.004825,0.00478,0.004798,7221429.9
2026-06-11 15:00:00+00:00,0.004798,0.004832,0.004776,0.00482,5961570.5
2026-06-11 16:00:00+00:00,0.004823,0.004841,0.00479,0.004792,6736535.5
2026-06-11 17:00:00+00:00,0.004789,0.00493,0.004765,0.00493,19171146.7
2026-06-11 18:00:00+00:00,0.004924,0.004984,0.004916,0.004937,13193886.1
2026-06-11 19:00:00+00:00,0.00493,0.004943,0.004875,0.004927,8989819.3
2026-06-11 20:00:00+00:00,0.00493,0.004941,0.0049,0.004925,7315014.2
2026-06-11 21:00:00+00:00,0.00493,0.004965,0.004926,0.004944,3282390.5
2026-06-11 22:00:00+00:00,0.004948,0.004958,0.004931,0.004948,2656176.0
2026-06-11 23:00:00+00:00,0.004936,0.00499,0.004934,0.004987,5942992.2
2026-06-12 00:00:00+00:00,0.004991,0.004995,0.004962,0.004962,4654181.3
2026-06-12 01:00:00+00:00,0.004961,0.004985,0.004923,0.004985,5906350.0
2026-06-12 02:00:00+00:00,0.004989,0.00501,0.004968,0.004974,11296149.7
2026-06-12 03:00:00+00:00,0.004973,0.00498,0.004938,0.004948,6157071.4
2026-06-12 04:00:00+00:00,0.004951,0.00499,0.004938,0.004978,3824650.6
2026-06-12 05:00:00+00:00,0.004977,0.004977,0.004934,0.004942,4627608.0
2026-06-12 06:00:00+00:00,0.004942,0.004951,0.004894,0.00491,7243465.5
2026-06-12 07:00:00+00:00,0.004916,0.004952,0.004914,0.004947,4175167.9
2026-06-12 08:00:00+00:00,0.00495,0.004993,0.00495,0.004992,3401130.9
2026-06-12 09:00:00+00:00,0.004991,0.005055,0.004978,0.005033,12822627.7
2026-06-12 10:00:00+00:00,0.005033,0.005056,0.00501,0.005035,4422744.6
2026-06-12 11:00:00+00:00,0.005038,0.005064,0.005033,0.005058,3444601.7
2026-06-12 12:00:00+00:00,0.005061,0.005086,0.005049,0.005082,6525542.7
2026-06-12 13:00:00+00:00,0.005086,0.005102,0.005003,0.00503,21531140.0
2026-06-12 14:00:00+00:00,0.005034,0.005102,0.005012,0.005096,10255734.3
2026-06-12 15:00:00+00:00,0.005099,0.00512,0.004975,0.004978,14796037.2
2026-06-12 16:00:00+00:00,0.00498,0.00503,0.004973,0.00503,8699752.5
2026-06-12 17:00:00+00:00,0.005035,0.005035,0.004965,0.00497,11006550.5
2026-06-12 18:00:00+00:00,0.004966,0.004997,0.004952,0.004981,5697991.4
2026-06-12 19:00:00+00:00,0.004979,0.005041,0.004979,0.005014,10136477.9
2026-06-12 20:00:00+00:00,0.005018,0.005027,0.005004,0.005016,4933258.9
2026-06-12 21:00:00+00:00,0.005017,0.005023,0.004969,0.004981,2085669.6
2026-06-12 22:00:00+00:00,0.004979,0.005022,0.004979,0.004995,4696653.6
2026-06-12 23:00:00+00:00,0.004992,0.005014,0.004979,0.005011,5089154.2
2026-06-13 00:00:00+00:00,0.005011,0.005033,0.005003,0.005021,3910737.4
2026-06-13 01:00:00+00:00,0.00502,0.005082,0.00502,0.005076,5393974.0
2026-06-13 02:00:00+00:00,0.005076,0.005076,0.00504,0.005048,3233988.8
2026-06-13 03:00:00+00:00,0.005048,0.005054,0.005013,0.005023,4757512.8
2026-06-13 04:00:00+00:00,0.005031,0.005064,0.005009,0.005046,8753958.7
2026-06-13 05:00:00+00:00,0.00505,0.00508,0.005039,0.00508,7145304.9
2026-06-13 06:00:00+00:00,0.005082,0.005147,0.005074,0.005138,6443338.1
2026-06-13 07:00:00+00:00,0.005135,0.00517,0.005107,0.005154,8328650.1
2026-06-13 08:00:00+00:00,0.005155,0.005169,0.00514,0.00515,3282942.3
2026-06-13 09:00:00+00:00,0.00515,0.005158,0.005116,0.005117,3362219.4
2026-06-13 10:00:00+00:00,0.005113,0.005128,0.005095,0.005105,2763866.6
2026-06-13 11:00:00+00:00,0.005105,0.005139,0.0051,0.005136,2795498.6
2026-06-13 12:00:00+00:00,0.00513,0.005152,0.005126,0.005134,5102783.9
2026-06-13 13:00:00+00:00,0.005139,0.00515,0.005105,0.005108,3507894.2
2026-06-13 14:00:00+00:00,0.005105,0.005126,0.005103,0.00512,2741140.7
2026-06-13 15:00:00+00:00,0.005121,0.005152,0.005112,0.005131,6568056.1
2026-06-13 16:00:00+00:00,0.00513,0.005131,0.005036,0.00507,16696289.9
2026-06-13 17:00:00+00:00,0.00507,0.005118,0.005048,0.005103,14638910.2
2026-06-13 18:00:00+00:00,0.005104,0.005111,0.005079,0.005087,2172101.5
2026-06-13 19:00:00+00:00,0.005089,0.005126,0.005081,0.005116,2414025.1
2026-06-13 20:00:00+00:00,0.005114,0.005116,0.005095,0.005105,2067711.8
2026-06-13 21:00:00+00:00,0.005108,0.005151,0.005103,0.00514,2287640.0
2026-06-13 22:00:00+00:00,0.00514,0.005141,0.005108,0.005114,2587502.2
2026-06-13 23:00:00+00:00,0.005113,0.005126,0.005101,0.005112,2111930.4
2026-06-14 00:00:00+00:00,0.005112,0.005112,0.005075,0.005084,3963955.5
2026-06-14 01:00:00+00:00,0.005084,0.00512,0.005073,0.005086,3872739.9
2026-06-14 02:00:00+00:00,0.005082,0.005096,0.005077,0.005079,677120.4
2026-06-14 03:00:00+00:00,0.005073,0.00509,0.005067,0.005083,1834752.1
2026-06-14 04:00:00+00:00,0.005077,0.005077,0.005041,0.005042,1734991.7
2026-06-14 05:00:00+00:00,0.005039,0.00505,0.00502,0.005042,2341885.7
2026-06-14 06:00:00+00:00,0.005045,0.005073,0.005028,0.005031,2445866.5
2026-06-14 07:00:00+00:00,0.005029,0.005047,0.005011,0.005035,4471979.5
2026-06-14 08:00:00+00:00,0.005027,0.00505,0.005021,0.00504,1893140.0
2026-06-14 09:00:00+00:00,0.00504,0.005074,0.005017,0.005072,3220827.1
2026-06-14 10:00:00+00:00,0.005071,0.005071,0.005031,0.005032,1847105.6
2026-06-14 11:00:00+00:00,0.005033,0.005039,0.005012,0.005014,6075482.2
2026-06-14 12:00:00+00:00,0.005014,0.005032,0.004994,0.005002,4689560.7
2026-06-14 13:00:00+00:00,0.005,0.005007,0.004975,0.004989,3651536.9
2026-06-14 14:00:00+00:00,0.004988,0.004998,0.004917,0.004954,12703273.3
2026-06-14 15:00:00+00:00,0.004957,0.004965,0.004925,0.004935,4169517.5
2026-06-14 16:00:00+00:00,0.004935,0.004952,0.004925,0.00493,3195239.2
2026-06-14 17:00:00+00:00,0.004928,0.004929,0.004875,0.004876,4868476.3
2026-06-14 18:00:00+00:00,0.004874,0.004908,0.004873,0.004889,3144522.0
2026-06-14 19:00:00+00:00,0.004888,0.00492,0.004879,0.004898,1971341.6
2026-06-14 20:00:00+00:00,0.004897,0.004961,0.004893,0.004935,5428608.4
2026-06-14 21:00:00+00:00,0.004935,0.005115,0.004935,0.005086,6920911.0
2026-06-14 22:00:00+00:00,0.005086,0.005145,0.005059,0.005062,15382272.2
2026-06-14 23:00:00+00:00,0.005064,0.005105,0.005054,0.005091,6905171.1
2026-06-15 00:00:00+00:00,0.005091,0.005102,0.005046,0.005059,5797791.8
2026-06-15 01:00:00+00:00,0.005057,0.005077,0.005032,0.005058,6688927.9
2026-06-15 02:00:00+00:00,0.005055,0.00519,0.005048,0.005092,7748875.1
2026-06-15 03:00:00+00:00,0.005093,0.005124,0.005086,0.005087,5187085.9
2026-06-15 04:00:00+00:00,0.005086,0.005113,0.005068,0.005068,3659085.5
2026-06-15 05:00:00+00:00,0.005068,0.00512,0.005067,0.005109,2082857.8
2026-06-15 06:00:00+00:00,0.005105,0.005135,0.0051,0.005108,4950530.2
2026-06-15 07:00:00+00:00,0.005106,0.005138,0.005098,0.005107,8006127.4
2026-06-15 08:00:00+00:00,0.005112,0.005136,0.005104,0.005115,4596093.7
2026-06-15 09:00:00+00:00,0.005115,0.005131,0.005101,0.005128,2323103.4
2026-06-15 10:00:00+00:00,0.00513,0.005179,0.00512,0.005164,7952889.7
2026-06-15 11:00:00+00:00,0.005168,0.005248,0.005161,0.005244,12353892.9
2026-06-15 12:00:00+00:00,0.005245,0.005298,0.005228,0.005268,8447938.1
2026-06-15 13:00:00+00:00,0.00527,0.005376,0.00526,0.005284,24195400.8
2026-06-15 14:00:00+00:00,0.005291,0.005291,0.005257,0.005265,10115922.9
2026-06-15 15:00:00+00:00,0.005259,0.005341,0.005227,0.005335,17492547.3
2026-06-15 16:00:00+00:00,0.005333,0.005394,0.005322,0.005345,12620225.6
2026-06-15 17:00:00+00:00,0.005343,0.005349,0.005306,0.005316,7691402.9
2026-06-15 18:00:00+00:00,0.005328,0.00553,0.005323,0.005342,38831390.9
2026-06-15 19:00:00+00:00,0.005338,0.005375,0.005265,0.005301,11431884.0
2026-06-15 20:00:00+00:00,0.0053,0.005335,0.005275,0.00529,5752839.1
2026-06-15 21:00:00+00:00,0.005295,0.005312,0.005276,0.005301,3085805.5
2026-06-15 22:00:00+00:00,0.0053,0.005311,0.005236,0.005257,13166771.8
2026-06-15 23:00:00+00:00,0.005256,0.005282,0.005235,0.005273,3384769.4
2026-06-16 00:00:00+00:00,0.005269,0.005307,0.005264,0.005278,3860694.6
2026-06-16 01:00:00+00:00,0.005274,0.005306,0.005274,0.005279,2404054.0
2026-06-16 02:00:00+00:00,0.005279,0.005287,0.005198,0.005223,9314343.5
2026-06-16 03:00:00+00:00,0.005223,0.005281,0.005207,0.00528,3360209.8
2026-06-16 04:00:00+00:00,0.005277,0.00529,0.005186,0.005208,18395353.8
2026-06-16 05:00:00+00:00,0.005208,0.005266,0.005206,0.005254,8289501.7
2026-06-16 06:00:00+00:00,0.005254,0.005306,0.005249,0.005306,6452548.7
2026-06-16 07:00:00+00:00,0.005303,0.005303,0.005263,0.005269,8158321.8
2026-06-16 08:00:00+00:00,0.005265,0.005362,0.00526,0.005361,4337665.4
2026-06-16 09:00:00+00:00,0.005358,0.005358,0.005288,0.005289,3644654.3
2026-06-16 10:00:00+00:00,0.00529,0.005313,0.005276,0.005294,3779584.9
2026-06-16 11:00:00+00:00,0.005294,0.005306,0.005277,0.005296,3682530.2
2026-06-16 12:00:00+00:00,0.005295,0.005337,0.00528,0.005299,10304613.5
2026-06-16 13:00:00+00:00,0.005295,0.005309,0.005206,0.005222,13833645.8
2026-06-16 14:00:00+00:00,0.005222,0.005245,0.005116,0.005144,12617732.9
2026-06-16 15:00:00+00:00,0.005148,0.005205,0.005141,0.00519,4493707.2
2026-06-16 16:00:00+00:00,0.00519,0.005213,0.005181,0.005192,2344212.8
2026-06-16 17:00:00+00:00,0.005192,0.005268,0.005192,0.005254,5969531.7
2026-06-16 18:00:00+00:00,0.005259,0.005295,0.005238,0.005238,3915612.2
2026-06-16 19:00:00+00:00,0.005238,0.005238,0.005192,0.005209,3409010.7
2026-06-16 20:00:00+00:00,0.005206,0.005245,0.005199,0.005231,7609179.7
2026-06-16 21:00:00+00:00,0.005233,0.005237,0.005208,0.005219,3609953.1
2026-06-16 22:00:00+00:00,0.005223,0.005231,0.005199,0.005209,2890924.4
2026-06-16 23:00:00+00:00,0.00521,0.005217,0.005192,0.005214,3782476.2
2026-06-17 00:00:00+00:00,0.005215,0.005221,0.00517,0.005185,13874814.5
2026-06-17 01:00:00+00:00,0.005186,0.005237,0.005168,0.00523,5569883.7
2026-06-17 02:00:00+00:00,0.005229,0.005251,0.005211,0.00523,2731095.4
2026-06-17 03:00:00+00:00,0.00523,0.00523,0.005185,0.005196,2626220.1
2026-06-17 04:00:00+00:00,0.005197,0.005216,0.005181,0.005203,4508134.2
2026-06-17 05:00:00+00:00,0.005203,0.005214,0.005163,0.005177,8376565.7
2026-06-17 06:00:00+00:00,0.005178,0.005189,0.005158,0.005166,9038834.8
2026-06-17 07:00:00+00:00,0.005167,0.005189,0.005126,0.005146,4298516.6
2026-06-17 08:00:00+00:00,0.005148,0.005149,0.00506,0.005078,10994124.1
2026-06-17 09:00:00+00:00,0.005078,0.005078,0.004993,0.005054,21196871.5
2026-06-17 10:00:00+00:00,0.005055,0.005066,0.005035,0.005035,3930490.7
2026-06-17 11:00:00+00:00,0.005036,0.005054,0.004995,0.005026,5719301.5
2026-06-17 12:00:00+00:00,0.005026,0.005086,0.004996,0.005083,8360984.8
2026-06-17 13:00:00+00:00,0.005083,0.005103,0.005058,0.005061,6719409.4
2026-06-17 14:00:00+00:00,0.00506,0.005082,0.005013,0.005055,13041564.0
2026-06-17 15:00:00+00:00,0.005057,0.005128,0.005054,0.005128,4480613.4
2026-06-17 16:00:00+00:00,0.005128,0.005161,0.005109,0.005109,6829660.6
2026-06-17 17:00:00+00:00,0.005112,0.005128,0.00507,0.005128,7401714.1
2026-06-17 18:00:00+00:00,0.005128,0.005129,0.005002,0.005084,14948291.3
2026-06-17 19:00:00+00:00,0.005085,0.005097,0.004957,0.004989,12328438.7
2026-06-17 20:00:00+00:00,0.004989,0.005031,0.00498,0.005027,5550751.6
2026-06-17 21:00:00+00:00,0.005027,0.005041,0.004986,0.005001,2811174.4
2026-06-17 22:00:00+00:00,0.00501,0.00504,0.004959,0.005019,3535599.8
2026-06-17 23:00:00+00:00,0.005021,0.005054,0.00502,0.005044,2487739.7
2026-06-18 00:00:00+00:00,0.005045,0.005072,0.005044,0.005056,2625753.0
2026-06-18 01:00:00+00:00,0.005058,0.005096,0.005053,0.005078,2855672.0
2026-06-18 02:00:00+00:00,0.00508,0.005081,0.005053,0.005057,3341682.9
2026-06-18 03:00:00+00:00,0.005057,0.005058,0.005006,0.005015,4597271.8
2026-06-18 04:00:00+00:00,0.005012,0.005015,0.004963,0.004983,2584207.3
2026-06-18 05:00:00+00:00,0.004983,0.004983,0.00494,0.004966,4400709.4
2026-06-18 06:00:00+00:00,0.004966,0.004991,0.004958,0.004987,2196566.1
2026-06-18 07:00:00+00:00,0.004978,0.005011,0.004967,0.005003,3323838.3
2026-06-18 08:00:00+00:00,0.005001,0.005015,0.004993,0.004997,1606408.4
2026-06-18 09:00:00+00:00,0.004995,0.005015,0.004986,0.005003,1909671.7
2026-06-18 10:00:00+00:00,0.005005,0.005005,0.004967,0.00498,2400716.3
2026-06-18 11:00:00+00:00,0.004984,0.004997,0.004944,0.004955,2015265.0
2026-06-18 12:00:00+00:00,0.004955,0.004993,0.004951,0.004976,3102101.6
2026-06-18 13:00:00+00:00,0.004977,0.005004,0.004904,0.004925,5436786.8
2026-06-18 14:00:00+00:00,0.00492,0.004979,0.00492,0.004962,5924019.5
2026-06-18 15:00:00+00:00,0.004958,0.004958,0.0048,0.004812,25875461.9
2026-06-18 16:00:00+00:00,0.004807,0.004849,0.004785,0.004846,16996914.0
2026-06-18 17:00:00+00:00,0.004844,0.004847,0.004721,0.004763,26167299.3
2026-06-18 18:00:00+00:00,0.004766,0.004799,0.004752,0.004781,9609179.9
2026-06-18 19:00:00+00:00,0.00478,0.004815,0.004776,0.004806,6372368.0
2026-06-18 20:00:00+00:00,0.004812,0.004849,0.004812,0.004834,5393043.9
2026-06-18 21:00:00+00:00,0.004837,0.004837,0.004794,0.004808,4126983.5
2026-06-18 22:00:00+00:00,0.004812,0.004833,0.004807,0.004831,3345708.4
2026-06-18 23:00:00+00:00,0.004828,0.004841,0.004793,0.004838,3746879.9
2026-06-19 00:00:00+00:00,0.004836,0.004888,0.004819,0.004878,8324964.2
2026-06-19 01:00:00+00:00,0.004879,0.004892,0.004858,0.004876,5785687.8
2026-06-19 02:00:00+00:00,0.004878,0.004887,0.004834,0.00486,5527244.0
2026-06-19 03:00:00+00:00,0.004862,0.004863,0.004763,0.00481,7259757.7
2026-06-19 04:00:00+00:00,0.00481,0.004825,0.00476,0.00477,9563362.8
2026-06-19 05:00:00+00:00,0.004771,0.004806,0.00477,0.004803,3043803.0
2026-06-19 06:00:00+00:00,0.004797,0.004811,0.004794,0.004811,4114304.1
2026-06-19 07:00:00+00:00,0.004809,0.004809,0.004771,0.004786,1569923.7
2026-06-19 08:00:00+00:00,0.004789,0.004807,0.004776,0.0048,1827279.7
2026-06-19 09:00:00+00:00,0.004804,0.004804,0.004772,0.004793,1797253.3
2026-06-19 10:00:00+00:00,0.004798,0.004823,0.004789,0.004821,2938430.2
2026-06-19 11:00:00+00:00,0.004822,0.004846,0.004801,0.004825,3554154.7
2026-06-19 12:00:00+00:00,0.004829,0.004856,0.0048,0.004856,2859002.4
2026-06-19 13:00:00+00:00,0.004859,0.004957,0.004843,0.004937,9694664.7
2026-06-19 14:00:00+00:00,0.004933,0.004938,0.004895,0.004904,3106633.8
2026-06-19 15:00:00+00:00,0.004905,0.004925,0.004895,0.004896,3898512.8
2026-06-19 16:00:00+00:00,0.004897,0.004899,0.004869,0.004878,5374953.5
2026-06-19 17:00:00+00:00,0.004878,0.004922,0.004865,0.0049,3531177.7
2026-06-19 18:00:00+00:00,0.004898,0.004903,0.00485,0.004868,3248990.7
2026-06-19 19:00:00+00:00,0.00487,0.00487,0.004829,0.004838,1939703.8
2026-06-19 20:00:00+00:00,0.004845,0.004881,0.004834,0.004881,5257744.5
2026-06-19 21:00:00+00:00,0.004881,0.004919,0.004867,0.004889,6030106.0
2026-06-19 22:00:00+00:00,0.004893,0.004911,0.004866,0.004898,2737847.2
2026-06-19 23:00:00+00:00,0.004899,0.004927,0.004886,0.004923,2715462.0
2026-06-20 00:00:00+00:00,0.004919,0.00493,0.004891,0.004891,2674684.5
2026-06-20 01:00:00+00:00,0.004887,0.004919,0.004867,0.004919,2462003.8
2026-06-20 02:00:00+00:00,0.004923,0.004932,0.004874,0.004876,2275257.9
2026-06-20 03:00:00+00:00,0.004871,0.004915,0.004862,0.004914,1545101.4
2026-06-20 04:00:00+00:00,0.004914,0.004927,0.004891,0.004898,2064799.2
2026-06-20 05:00:00+00:00,0.0049,0.004954,0.004895,0.004902,3244163.7
2026-06-20 06:00:00+00:00,0.004902,0.004921,0.004897,0.004921,1780040.5
2026-06-20 07:00:00+00:00,0.004924,0.004924,0.004889,0.004895,2425672.8
2026-06-20 08:00:00+00:00,0.004896,0.004897,0.004876,0.004891,2860001.2
2026-06-20 09:00:00+00:00,0.004893,0.004928,0.004893,0.004908,3593753.9
2026-06-20 10:00:00+00:00,0.004907,0.004938,0.004894,0.004905,3949115.0
2026-06-20 11:00:00+00:00,0.004906,0.004923,0.004886,0.004891,4310345.0
2026-06-20 12:00:00+00:00,0.004891,0.0049,0.004883,0.004883,1786048.9
2026-06-20 13:00:00+00:00,0.004883,0.004899,0.004868,0.004883,4937683.0
2026-06-20 14:00:00+00:00,0.004877,0.004935,0.004838,0.0049,5261062.4
2026-06-20 15:00:00+00:00,0.004905,0.004941,0.004894,0.00492,5986567.0
2026-06-20 16:00:00+00:00,0.004916,0.004916,0.004874,0.004901,5427591.7
2026-06-20 17:00:00+00:00,0.004899,0.004909,0.004867,0.004905,2158450.8
2026-06-20 18:00:00+00:00,0.004915,0.004938,0.0049,0.004909,3400427.1
2026-06-20 19:00:00+00:00,0.004912,0.004929,0.004887,0.004929,3648668.9
2026-06-20 20:00:00+00:00,0.004929,0.004947,0.004892,0.004944,7475807.4
2026-06-20 21:00:00+00:00,0.004947,0.005026,0.004947,0.005001,7644214.0
2026-06-20 22:00:00+00:00,0.004999,0.005077,0.004995,0.005072,3536338.2
2026-06-20 23:00:00+00:00,0.005069,0.005073,0.00504,0.005071,3134666.2
2026-06-21 00:00:00+00:00,0.005074,0.005079,0.005018,0.005022,8400432.0
2026-06-21 01:00:00+00:00,0.005029,0.005029,0.004999,0.005001,5983711.0
2026-06-21 02:00:00+00:00,0.005002,0.005002,0.004981,0.00499,557061.0
2026-06-21 03:00:00+00:00,0.004984,0.004993,0.004973,0.004984,1246132.6
2026-06-21 04:00:00+00:00,0.00498,0.004985,0.004957,0.004957,1097748.8
2026-06-21 05:00:00+00:00,0.004959,0.004961,0.004936,0.00494,1657138.3
2026-06-21 06:00:00+00:00,0.004941,0.004954,0.004931,0.004939,2790848.3
2026-06-21 07:00:00+00:00,0.004939,0.004949,0.004934,0.004937,883918.6
2026-06-21 08:00:00+00:00,0.004936,0.004943,0.004903,0.004924,2024944.0
2026-06-21 09:00:00+00:00,0.00492,0.004942,0.004913,0.004939,1820425.8
2026-06-21 10:00:00+00:00,0.004939,0.00495,0.004924,0.004924,1911130.4
2026-06-21 11:00:00+00:00,0.004924,0.00494,0.004913,0.004918,1839327.1
2026-06-21 12:00:00+00:00,0.004921,0.00496,0.004901,0.004957,11266034.1
2026-06-21 13:00:00+00:00,0.004955,0.004983,0.004944,0.004945,4721779.3
2026-06-21 14:00:00+00:00,0.004948,0.004957,0.004938,0.004942,1288128.4
2026-06-21 15:00:00+00:00,0.004946,0.004964,0.004941,0.004955,2816029.5
2026-06-21 16:00:00+00:00,0.004954,0.004967,0.004927,0.004936,2379757.8
2026-06-21 17:00:00+00:00,0.004935,0.004953,0.004919,0.004931,2963232.8
2026-06-21 18:00:00+00:00,0.004917,0.004952,0.004914,0.004942,1286888.9
2026-06-21 19:00:00+00:00,0.004945,0.004953,0.004933,0.004936,966167.1
2026-06-21 20:00:00+00:00,0.00494,0.004942,0.004896,0.004897,1491544.0
2026-06-21 21:00:00+00:00,0.004901,0.004901,0.004853,0.004884,5347172.1
2026-06-21 22:00:00+00:00,0.004881,0.004899,0.004873,0.004898,1767939.0
2026-06-21 23:00:00+00:00,0.004897,0.004897,0.00485,0.004853,2626308.5
2026-06-22 00:00:00+00:00,0.004849,0.004928,0.004849,0.004928,4256373.5
2026-06-22 01:00:00+00:00,0.004929,0.004969,0.004903,0.004937,2334287.2
2026-06-22 02:00:00+00:00,0.004937,0.004937,0.004904,0.004904,1258785.3
2026-06-22 03:00:00+00:00,0.004903,0.004912,0.00487,0.004874,2122035.7
2026-06-22 04:00:00+00:00,0.004875,0.004898,0.004871,0.004887,1683473.1
2026-06-22 05:00:00+00:00,0.004889,0.004916,0.004885,0.004902,1499812.4
2026-06-22 06:00:00+00:00,0.004903,0.004903,0.004869,0.004877,1356949.6
2026-06-22 07:00:00+00:00,0.004877,0.004941,0.004871,0.004931,7952392.4
2026-06-22 08:00:00+00:00,0.004932,0.004938,0.004905,0.004913,2660253.3
2026-06-22 09:00:00+00:00,0.004909,0.004918,0.004893,0.004897,1188741.2
2026-06-22 10:00:00+00:00,0.004893,0.004908,0.00489,0.004895,1436491.0
2026-06-22 11:00:00+00:00,0.004893,0.004933,0.004892,0.004922,10907048.5
2026-06-22 12:00:00+00:00,0.004924,0.004942,0.004922,0.004933,3091525.9
2026-06-22 13:00:00+00:00,0.004933,0.004974,0.004923,0.00497,8408781.3
2026-06-22 14:00:00+00:00,0.004969,0.005099,0.004952,0.00497,21789551.9
2026-06-22 15:00:00+00:00,0.004975,0.004986,0.004935,0.004941,5477274.9
2026-06-22 16:00:00+00:00,0.004947,0.004951,0.004923,0.004945,2813714.2
2026-06-22 17:00:00+00:00,0.004951,0.004965,0.004922,0.00495,5225640.9
2026-06-22 18:00:00+00:00,0.004953,0.004967,0.004912,0.004922,3874035.8
2026-06-22 19:00:00+00:00,0.004924,0.00493,0.004899,0.004921,2273763.4
2026-06-22 20:00:00+00:00,0.004916,0.004936,0.004911,0.004926,5375689.2
2026-06-22 21:00:00+00:00,0.004928,0.004929,0.004897,0.004905,1810861.5
2026-06-22 22:00:00+00:00,0.004907,0.004908,0.004816,0.004844,5190128.6
2026-06-22 23:00:00+00:00,0.00484,0.004859,0.004825,0.004859,4544675.7
2026-06-23 00:00:00+00:00,0.004857,0.00489,0.004833,0.00489,6364781.8
2026-06-23 01:00:00+00:00,0.004886,0.004902,0.004843,0.00486,2822856.2
2026-06-23 02:00:00+00:00,0.004861,0.004879,0.004856,0.004879,1881732.7
2026-06-23 03:00:00+00:00,0.004875,0.004887,0.004854,0.004887,1459399.7
2026-06-23 04:00:00+00:00,0.004898,0.004904,0.004815,0.00482,3375680.2
2026-06-23 05:00:00+00:00,0.00482,0.004838,0.004814,0.004832,3353497.8
2026-06-23 06:00:00+00:00,0.004835,0.004835,0.004691,0.00475,10974034.0
2026-06-23 07:00:00+00:00,0.004743,0.004743,0.004657,0.004695,24033960.0
2026-06-23 08:00:00+00:00,0.004697,0.004709,0.004605,0.004657,16346345.5
2026-06-23 09:00:00+00:00,0.004659,0.004695,0.004657,0.004695,9657502.7
2026-06-23 10:00:00+00:00,0.004696,0.004708,0.00468,0.004684,7531543.2
2026-06-23 11:00:00+00:00,0.004692,0.004732,0.004688,0.004729,4794061.0
2026-06-23 12:00:00+00:00,0.004729,0.004729,0.004684,0.004697,3916368.6
2026-06-23 13:00:00+00:00,0.004699,0.004747,0.004674,0.004742,5899566.2
2026-06-23 14:00:00+00:00,0.004739,0.004757,0.004721,0.004725,6155134.0
2026-06-23 15:00:00+00:00,0.004722,0.004724,0.004683,0.00471,3627425.7
2026-06-23 16:00:00+00:00,0.004715,0.004729,0.004682,0.004685,5701042.2
2026-06-23 17:00:00+00:00,0.004682,0.004696,0.004651,0.004651,7143808.2
2026-06-23 18:00:00+00:00,0.004651,0.004659,0.004631,0.00464,4795389.8
2026-06-23 19:00:00+00:00,0.004639,0.00466,0.004619,0.004635,5031503.8
2026-06-23 20:00:00+00:00,0.004632,0.004677,0.004632,0.004672,2485044.4
2026-06-23 21:00:00+00:00,0.004677,0.004701,0.004676,0.004688,3229444.1
2026-06-23 22:00:00+00:00,0.004687,0.004713,0.004683,0.004704,1535552.1
2026-06-23 23:00:00+00:00,0.004705,0.004709,0.004681,0.004709,2075145.4
2026-06-24 00:00:00+00:00,0.004708,0.004723,0.004697,0.004719,1684459.0
2026-06-24 01:00:00+00:00,0.004717,0.004717,0.004688,0.004694,1801272.4
2026-06-24 02:00:00+00:00,0.004695,0.004709,0.004687,0.004699,2673279.9
2026-06-24 03:00:00+00:00,0.004698,0.004698,0.004666,0.004669,2259610.4
2026-06-24 04:00:00+00:00,0.004669,0.004682,0.004636,0.00468,2051569.1
2026-06-24 05:00:00+00:00,0.004689,0.004706,0.004684,0.004684,2865355.4
2026-06-24 06:00:00+00:00,0.004686,0.004695,0.004675,0.00468,4261318.7
2026-06-24 07:00:00+00:00,0.004682,0.004682,0.004652,0.004663,3453162.4
2026-06-24 08:00:00+00:00,0.004663,0.004665,0.004648,0.004658,4036903.4
2026-06-24 09:00:00+00:00,0.004657,0.004664,0.004638,0.004648,5255244.9
2026-06-24 10:00:00+00:00,0.004647,0.004647,0.004616,0.004628,2320777.6
2026-06-24 11:00:00+00:00,0.004634,0.00469,0.004584,0.004659,10140561.5
2026-06-24 12:00:00+00:00,0.00467,0.00469,0.004658,0.004658,4146349.7
2026-06-24 13:00:00+00:00,0.004654,0.004654,0.004541,0.00458,16133146.3
2026-06-24 14:00:00+00:00,0.004583,0.004615,0.004555,0.004604,16516090.5
2026-06-24 15:00:00+00:00,0.004604,0.004604,0.0045,0.00452,15315229.7
2026-06-24 16:00:00+00:00,0.004522,0.004558,0.004434,0.004458,16925657.5
2026-06-24 17:00:00+00:00,0.004459,0.004478,0.004385,0.004417,30193453.4
2026-06-24 18:00:00+00:00,0.00442,0.004526,0.004396,0.004483,20211734.5
2026-06-24 19:00:00+00:00,0.004485,0.004513,0.004461,0.004513,8189874.8
2026-06-24 20:00:00+00:00,0.004509,0.004592,0.004502,0.004569,12459203.9
2026-06-24 21:00:00+00:00,0.004573,0.004593,0.004544,0.004586,7724911.3
2026-06-24 22:00:00+00:00,0.004599,0.004613,0.004569,0.004576,4393348.8
2026-06-24 23:00:00+00:00,0.004573,0.004595,0.004559,0.004588,4593333.2
2026-06-25 00:00:00+00:00,0.00459,0.004599,0.004561,0.004565,3760361.1
2026-06-25 01:00:00+00:00,0.004575,0.004577,0.004561,0.004569,2919696.7
2026-06-25 02:00:00+00:00,0.004567,0.004573,0.004548,0.004557,3160733.2
2026-06-25 03:00:00+00:00,0.004558,0.004561,0.004529,0.004538,4374492.6
2026-06-25 04:00:00+00:00,0.00454,0.004588,0.004528,0.004588,4588511.9
2026-06-25 05:00:00+00:00,0.004581,0.004635,0.004573,0.004613,8489634.0
2026-06-25 06:00:00+00:00,0.004616,0.004631,0.004601,0.004602,3354524.7
2026-06-25 07:00:00+00:00,0.004604,0.004611,0.004584,0.004592,1523067.4
2026-06-25 08:00:00+00:00,0.004591,0.004594,0.004566,0.004566,4035554.4
2026-06-25 09:00:00+00:00,0.00457,0.004573,0.004553,0.004566,2494431.0
2026-06-25 10:00:00+00:00,0.004568,0.004573,0.004538,0.004543,3437058.4
2026-06-25 11:00:00+00:00,0.004544,0.004556,0.004525,0.00454,11794177.1
2026-06-25 12:00:00+00:00,0.00454,0.004571,0.004507,0.004529,5266136.2
2026-06-25 13:00:00+00:00,0.004533,0.004557,0.004256,0.004278,27433985.6
2026-06-25 14:00:00+00:00,0.004282,0.004472,0.004282,0.004412,41892559.6
2026-06-25 15:00:00+00:00,0.00441,0.004435,0.00437,0.004431,9479957.5
2026-06-25 16:00:00+00:00,0.00443,0.004479,0.004396,0.004408,7858231.5
2026-06-25 17:00:00+00:00,0.004412,0.004456,0.004399,0.004454,6374977.6
2026-06-25 18:00:00+00:00,0.004456,0.004462,0.004401,0.004417,8008647.8
2026-06-25 19:00:00+00:00,0.004417,0.004417,0.004383,0.004399,8493002.9
2026-06-25 20:00:00+00:00,0.004402,0.004427,0.004392,0.004395,4947432.7
2026-06-25 21:00:00+00:00,0.004396,0.004467,0.004395,0.004465,4466357.8
2026-06-25 22:00:00+00:00,0.004467,0.004472,0.004445,0.004451,4219106.6
2026-06-25 23:00:00+00:00,0.004452,0.004473,0.004441,0.004453,3636052.6
2026-06-26 00:00:00+00:00,0.004457,0.004467,0.004442,0.004442,3576795.3
2026-06-26 01:00:00+00:00,0.004447,0.004459,0.004416,0.004418,5026121.6
2026-06-26 02:00:00+00:00,0.004422,0.004422,0.004327,0.004343,7933962.3
2026-06-26 03:00:00+00:00,0.004345,0.004453,0.004315,0.004442,9476920.8
2026-06-26 04:00:00+00:00,0.004448,0.004452,0.004413,0.004415,4308170.9
2026-06-26 05:00:00+00:00,0.004417,0.004446,0.004413,0.004435,3925852.9
2026-06-26 06:00:00+00:00,0.004435,0.004502,0.004419,0.004495,6265080.3
2026-06-26 07:00:00+00:00,0.004493,0.004605,0.004493,0.004558,21981288.6
2026-06-26 08:00:00+00:00,0.004557,0.004563,0.004496,0.004504,8064309.7
2026-06-26 09:00:00+00:00,0.004507,0.004523,0.004473,0.004473,5538822.3
2026-06-26 10:00:00+00:00,0.00447,0.004489,0.004455,0.00446,5772249.2
2026-06-26 11:00:00+00:00,0.004461,0.004477,0.004433,0.004449,4832430.5
2026-06-26 12:00:00+00:00,0.004452,0.004485,0.00441,0.004427,8417082.5
2026-06-26 13:00:00+00:00,0.004422,0.004515,0.004387,0.004511,11642689.9
2026-06-26 14:00:00+00:00,0.004508,0.004523,0.00447,0.004481,8326519.1
2026-06-26 15:00:00+00:00,0.004478,0.004545,0.004468,0.004516,8831344.0
2026-06-26 16:00:00+00:00,0.004524,0.004553,0.004506,0.00452,10228827.7
2026-06-26 17:00:00+00:00,0.00452,0.004534,0.004497,0.004499,7186779.0
2026-06-26 18:00:00+00:00,0.0045,0.004509,0.004455,0.004458,3803884.5
2026-06-26 19:00:00+00:00,0.00446,0.004486,0.004439,0.004439,8085137.8
2026-06-26 20:00:00+00:00,0.004443,0.004488,0.004441,0.004443,6435664.9
2026-06-26 21:00:00+00:00,0.004443,0.004476,0.004435,0.004464,5056420.1
2026-06-26 22:00:00+00:00,0.004463,0.004492,0.004448,0.004487,2568159.4
2026-06-26 23:00:00+00:00,0.004485,0.004502,0.004471,0.004495,3978893.1
2026-06-27 00:00:00+00:00,0.004499,0.004512,0.004482,0.004493,2299730.6
2026-06-27 01:00:00+00:00,0.004495,0.004495,0.004467,0.004476,3293374.1
2026-06-27 02:00:00+00:00,0.004474,0.004527,0.004471,0.00452,3870567.7
2026-06-27 03:00:00+00:00,0.004519,0.004524,0.004486,0.004491,3082652.7
2026-06-27 04:00:00+00:00,0.004489,0.004521,0.004481,0.004481,8065404.0
2026-06-27 05:00:00+00:00,0.00448,0.004514,0.004475,0.004512,5392245.9
2026-06-27 06:00:00+00:00,0.004516,0.004516,0.004488,0.004491,4450174.0
2026-06-27 07:00:00+00:00,0.004495,0.004499,0.004481,0.004481,4087449.2
2026-06-27 08:00:00+00:00,0.004479,0.004483,0.004464,0.004471,3574397.7
2026-06-27 09:00:00+00:00,0.004468,0.004484,0.00446,0.004482,3409144.3
2026-06-27 10:00:00+00:00,0.004479,0.004484,0.004467,0.004475,3685969.5
2026-06-27 11:00:00+00:00,0.004474,0.004475,0.004443,0.004471,4161650.5
2026-06-27 12:00:00+00:00,0.004466,0.004475,0.004459,0.004459,4294726.5
2026-06-27 13:00:00+00:00,0.00446,0.004484,0.004456,0.004474,2600171.6
2026-06-27 14:00:00+00:00,0.004473,0.004482,0.004462,0.004462,2964414.4
2026-06-27 15:00:00+00:00,0.004467,0.004485,0.004461,0.004471,11446807.3
2026-06-27 16:00:00+00:00,0.004474,0.00449,0.004452,0.004459,5885624.7
2026-06-27 17:00:00+00:00,0.004454,0.004456,0.004422,0.004436,4380244.5
2026-06-27 18:00:00+00:00,0.004434,0.004446,0.00442,0.004443,5163940.3
2026-06-27 19:00:00+00:00,0.004444,0.004446,0.004373,0.004397,5453620.3
2026-06-27 20:00:00+00:00,0.004398,0.004516,0.004392,0.004486,42008797.9
2026-06-27 21:00:00+00:00,0.004486,0.004512,0.004454,0.004505,9778425.5
2026-06-27 22:00:00+00:00,0.004505,0.004529,0.004442,0.004529,11913093.9
2026-06-27 23:00:00+00:00,0.00453,0.0046,0.004507,0.004509,16530626.3
2026-06-28 00:00:00+00:00,0.004508,0.004538,0.004504,0.004533,3676062.8
2026-06-28 01:00:00+00:00,0.004533,0.004596,0.004523,0.004596,4049950.7
2026-06-28 02:00:00+00:00,0.00459,0.00459,0.004537,0.004565,3715422.9
2026-06-28 03:00:00+00:00,0.00457,0.004595,0.004551,0.004594,4219356.6
2026-06-28 04:00:00+00:00,0.004594,0.004679,0.004565,0.004677,30795822.8
2026-06-28 05:00:00+00:00,0.00468,0.004683,0.00458,0.004636,23075243.6
2026-06-28 06:00:00+00:00,0.004642,0.004684,0.0046,0.004677,14780478.3
2026-06-28 07:00:00+00:00,0.004675,0.004707,0.004632,0.004657,17425787.8
2026-06-28 08:00:00+00:00,0.004668,0.004681,0.00464,0.00466,5489922.6
2026-06-28 09:00:00+00:00,0.004661,0.004682,0.004617,0.004618,3783845.5
2026-06-28 10:00:00+00:00,0.00462,0.004642,0.004609,0.004635,4372749.2
2026-06-28 11:00:00+00:00,0.004634,0.004648,0.004619,0.004626,5601625.0
2026-06-28 12:00:00+00:00,0.004626,0.004631,0.004594,0.004594,5864025.2
2026-06-28 13:00:00+00:00,0.004594,0.004594,0.004554,0.004564,10710340.8
2026-06-28 14:00:00+00:00,0.004564,0.0047,0.004557,0.004621,16742619.4
2026-06-28 15:00:00+00:00,0.004631,0.004635,0.00459,0.00461,6845337.2
2026-06-28 16:00:00+00:00,0.004611,0.004615,0.004574,0.0046,5031785.4
2026-06-28 17:00:00+00:00,0.004592,0.004602,0.00456,0.004579,3118267.5
2026-06-28 18:00:00+00:00,0.004576,0.004578,0.004537,0.004544,6396500.5
2026-06-28 19:00:00+00:00,0.004544,0.00456,0.004505,0.004522,5464193.4
2026-06-28 20:00:00+00:00,0.004521,0.00454,0.004513,0.004522,7847687.5
2026-06-28 21:00:00+00:00,0.004521,0.004528,0.004473,0.004475,7168819.9
2026-06-28 22:00:00+00:00,0.004481,0.004528,0.004465,0.00449,8157431.6
2026-06-28 23:00:00+00:00,0.004484,0.004532,0.004484,0.004522,2262918.4
2026-06-29 00:00:00+00:00,0.004512,0.004536,0.004481,0.004536,6095565.9
2026-06-29 01:00:00+00:00,0.004529,0.004529,0.004494,0.004512,4780965.7
2026-06-29 02:00:00+00:00,0.004508,0.004546,0.004471,0.00454,6705689.7
2026-06-29 03:00:00+00:00,0.004541,0.004582,0.00454,0.004564,5913341.7
2026-06-29 04:00:00+00:00,0.00457,0.004572,0.004499,0.004509,4933055.7
2026-06-29 05:00:00+00:00,0.00451,0.004526,0.004484,0.004526,10746921.7
2026-06-29 06:00:00+00:00,0.004528,0.00455,0.004525,0.004531,4370465.9
2026-06-29 07:00:00+00:00,0.004527,0.00454,0.00452,0.004529,2100672.2
2026-06-29 08:00:00+00:00,0.004527,0.004531,0.004487,0.004497,4006579.7
2026-06-29 09:00:00+00:00,0.004497,0.004522,0.004495,0.004521,8416188.5
2026-06-29 10:00:00+00:00,0.004526,0.004531,0.004496,0.004499,2974650.9
2026-06-29 11:00:00+00:00,0.004503,0.004521,0.004478,0.004495,6311544.3
2026-06-29 12:00:00+00:00,0.004496,0.004547,0.004476,0.004491,9016980.4
2026-06-29 13:00:00+00:00,0.004492,0.004524,0.004462,0.004471,7897244.7
2026-06-29 14:00:00+00:00,0.00447,0.004492,0.004438,0.004473,9060561.4
2026-06-29 15:00:00+00:00,0.00447,0.004482,0.004437,0.004467,6170616.2
2026-06-29 16:00:00+00:00,0.004467,0.004478,0.004447,0.004456,4539896.5
2026-06-29 17:00:00+00:00,0.004454,0.004548,0.004454,0.004541,7551792.2
2026-06-29 18:00:00+00:00,0.004539,0.004555,0.004526,0.004544,3672189.3
2026-06-29 19:00:00+00:00,0.004546,0.004547,0.004523,0.004541,3100909.6
2026-06-29 20:00:00+00:00,0.004543,0.004544,0.004503,0.004503,3833427.1
2026-06-29 21:00:00+00:00,0.004506,0.004521,0.004497,0.004519,4909070.0
2026-06-29 22:00:00+00:00,0.004522,0.004542,0.004485,0.004489,9224704.4
2026-06-29 23:00:00+00:00,0.00449,0.004497,0.004473,0.004488,2138304.2
2026-06-30 00:00:00+00:00,0.004485,0.00449,0.00443,0.00443,3625801.6
2026-06-30 01:00:00+00:00,0.00443,0.004436,0.004418,0.004418,4000279.7
2026-06-30 02:00:00+00:00,0.004418,0.004501,0.004413,0.004458,20079901.7
2026-06-30 03:00:00+00:00,0.004457,0.004478,0.004438,0.004442,4051177.9
2026-06-30 04:00:00+00:00,0.004441,0.004458,0.004427,0.004451,4841829.5
2026-06-30 05:00:00+00:00,0.00445,0.00445,0.00443,0.004443,2284912.5
2026-06-30 06:00:00+00:00,0.004443,0.004446,0.00443,0.004431,3454524.3
2026-06-30 07:00:00+00:00,0.00443,0.004437,0.004413,0.004414,4036795.2
2026-06-30 08:00:00+00:00,0.004414,0.004423,0.004398,0.004407,6314737.6
2026-06-30 09:00:00+00:00,0.004406,0.004425,0.004401,0.004417,3070377.4
2026-06-30 10:00:00+00:00,0.004417,0.004424,0.004401,0.004407,6277092.8
2026-06-30 11:00:00+00:00,0.004405,0.004405,0.004369,0.004373,7010966.9
2026-06-30 12:00:00+00:00,0.004375,0.004377,0.004328,0.004331,9004558.9
2026-06-30 13:00:00+00:00,0.004331,0.0044,0.004327,0.004386,8946440.5
2026-06-30 14:00:00+00:00,0.004388,0.004433,0.004379,0.004387,4500108.7
2026-06-30 15:00:00+00:00,0.004387,0.004405,0.004363,0.004375,5361858.6
2026-06-30 16:00:00+00:00,0.004376,0.004416,0.00436,0.004415,3704293.3
2026-06-30 17:00:00+00:00,0.004415,0.00442,0.004372,0.004374,4378747.5
2026-06-30 18:00:00+00:00,0.004375,0.004388,0.004358,0.004369,7862774.3
2026-06-30 19:00:00+00:00,0.004369,0.004371,0.004344,0.004348,9485306.1
2026-06-30 20:00:00+00:00,0.004347,0.004353,0.00432,0.004322,6863708.9
2026-06-30 21:00:00+00:00,0.004325,0.004329,0.004307,0.004323,4355680.4
2026-06-30 22:00:00+00:00,0.004326,0.004368,0.004314,0.004348,10531745.4
2026-06-30 23:00:00+00:00,0.00435,0.004376,0.004334,0.004376,7080122.5
2026-07-01 00:00:00+00:00,0.004374,0.00439,0.004357,0.004385,11483615.1
2026-07-01 01:00:00+00:00,0.004392,0.004448,0.004286,0.004435,24113775.8
2026-07-01 02:00:00+00:00,0.004436,0.004479,0.004418,0.004478,5096897.2
2026-07-01 03:00:00+00:00,0.004482,0.004488,0.004441,0.004479,7765255.8
2026-07-01 04:00:00+00:00,0.004482,0.004574,0.004473,0.004491,21991149.7
2026-07-01 05:00:00+00:00,0.004492,0.004493,0.004459,0.004463,2586806.4
2026-07-01 06:00:00+00:00,0.004462,0.004485,0.004402,0.004417,6732536.5
2026-07-01 07:00:00+00:00,0.004419,0.00443,0.004406,0.004424,3335515.6
2026-07-01 08:00:00+00:00,0.004421,0.004432,0.004412,0.004432,3643929.0
2026-07-01 09:00:00+00:00,0.00443,0.00446,0.004427,0.004429,5962394.2
2026-07-01 10:00:00+00:00,0.004425,0.004443,0.004418,0.004434,2859018.4
2026-07-01 11:00:00+00:00,0.004425,0.004494,0.004424,0.004477,6829439.2
2026-07-01 12:00:00+00:00,0.004479,0.00449,0.004453,0.004464,7197919.1
2026-07-01 13:00:00+00:00,0.004467,0.00452,0.004423,0.004504,9585756.8
2026-07-01 14:00:00+00:00,0.004505,0.004565,0.004501,0.004525,5799517.8
2026-07-01 15:00:00+00:00,0.004531,0.004594,0.00453,0.00457,11854273.3
2026-07-01 16:00:00+00:00,0.004571,0.004591,0.004534,0.004539,9211182.2
2026-07-01 17:00:00+00:00,0.004543,0.00455,0.004516,0.004528,7869383.7
2026-07-01 18:00:00+00:00,0.004531,0.004537,0.0045,0.004508,6459176.4
2026-07-01 19:00:00+00:00,0.004508,0.004519,0.004471,0.004481,3940445.8
2026-07-01 20:00:00+00:00,0.004475,0.004493,0.004474,0.004489,4199067.3
2026-07-01 21:00:00+00:00,0.004491,0.004557,0.004489,0.00455,2263667.7
2026-07-01 22:00:00+00:00,0.00455,0.004568,0.004503,0.004505,3928615.1
2026-07-01 23:00:00+00:00,0.004502,0.004546,0.004467,0.004467,17513378.9
2026-07-02 00:00:00+00:00,0.004468,0.004471,0.004437,0.004457,3387958.6
2026-07-02 01:00:00+00:00,0.004457,0.004484,0.004457,0.004464,2018062.5
2026-07-02 02:00:00+00:00,0.004464,0.004491,0.004459,0.004488,2068205.9
2026-07-02 03:00:00+00:00,0.004491,0.004515,0.004477,0.004508,2838157.5
2026-07-02 04:00:00+00:00,0.004504,0.004526,0.004494,0.004523,3269640.9
2026-07-02 05:00:00+00:00,0.004523,0.004523,0.004473,0.00448,4449414.1
2026-07-02 06:00:00+00:00,0.004477,0.004482,0.004466,0.004472,2057280.5
2026-07-02 07:00:00+00:00,0.004468,0.004487,0.004465,0.004484,2982239.2
2026-07-02 08:00:00+00:00,0.004483,0.004493,0.004477,0.004482,3564844.2
2026-07-02 09:00:00+00:00,0.004481,0.00456,0.004479,0.004551,5923590.6
2026-07-02 10:00:00+00:00,0.004549,0.004557,0.00454,0.004541,3681724.6
2026-07-02 11:00:00+00:00,0.00454,0.004585,0.00453,0.004585,3870124.7
2026-07-02 12:00:00+00:00,0.004585,0.004613,0.004561,0.004588,10580862.7
2026-07-02 13:00:00+00:00,0.004588,0.004631,0.004573,0.004613,10728049.2
2026-07-02 14:00:00+00:00,0.004613,0.004629,0.00456,0.00456,8464349.2
2026-07-02 15:00:00+00:00,0.004567,0.004584,0.004552,0.004569,6418511.4
2026-07-02 16:00:00+00:00,0.004575,0.004593,0.004555,0.004591,5046258.7
2026-07-02 17:00:00+00:00,0.004584,0.004602,0.004574,0.004599,3469844.8
2026-07-02 18:00:00+00:00,0.004598,0.004629,0.00459,0.004619,3666089.6
2026-07-02 19:00:00+00:00,0.00463,0.004674,0.004609,0.004627,9819919.7
2026-07-02 20:00:00+00:00,0.00463,0.004639,0.004606,0.004635,3694991.3
2026-07-02 21:00:00+00:00,0.004639,0.004656,0.004626,0.004645,2586330.8
2026-07-02 22:00:00+00:00,0.004649,0.004649,0.00461,0.004624,3030332.6
2026-07-02 23:00:00+00:00,0.00462,0.004651,0.004602,0.004651,5815519.3
2026-07-03 00:00:00+00:00,0.004649,0.004654,0.004619,0.004641,2427852.1
2026-07-03 01:00:00+00:00,0.00464,0.004665,0.004636,0.004644,3097636.5
2026-07-03 02:00:00+00:00,0.004646,0.004646,0.004606,0.004629,5856168.0
2026-07-03 03:00:00+00:00,0.004629,0.004643,0.004619,0.004643,2386582.9
2026-07-03 04:00:00+00:00,0.004646,0.004648,0.004608,0.004608,2859504.9
2026-07-03 05:00:00+00:00,0.004608,0.004645,0.004607,0.004631,9715372.2
2026-07-03 06:00:00+00:00,0.004631,0.004671,0.004629,0.004668,3970706.6
2026-07-03 07:00:00+00:00,0.00467,0.004686,0.004653,0.004681,4880188.3
2026-07-03 08:00:00+00:00,0.004684,0.004695,0.004669,0.004682,6293077.3
2026-07-03 09:00:00+00:00,0.004681,0.0047,0.004675,0.004699,5526125.4
2026-07-03 10:00:00+00:00,0.004702,0.004738,0.004696,0.004723,4261309.8
2026-07-03 11:00:00+00:00,0.004723,0.004783,0.004716,0.004743,9070249.7
2026-07-03 12:00:00+00:00,0.004741,0.004759,0.004712,0.004714,6858478.1
2026-07-03 13:00:00+00:00,0.004715,0.004734,0.00471,0.004734,4461190.0
2026-07-03 14:00:00+00:00,0.004722,0.004749,0.004704,0.00474,7350917.7
2026-07-03 15:00:00+00:00,0.004741,0.004753,0.00471,0.004719,8179600.9
2026-07-03 16:00:00+00:00,0.00472,0.004732,0.004707,0.004712,3595349.7
2026-07-03 17:00:00+00:00,0.004711,0.004738,0.004702,0.004703,6322425.6
2026-07-03 18:00:00+00:00,0.0047,0.004703,0.004675,0.004684,4745621.2
2026-07-03 19:00:00+00:00,0.004679,0.004721,0.004678,0.004713,2736601.0
2026-07-03 20:00:00+00:00,0.004708,0.00476,0.004708,0.004747,4307181.3
2026-07-03 21:00:00+00:00,0.004747,0.004779,0.004747,0.004773,4871137.8
2026-07-03 22:00:00+00:00,0.004775,0.004775,0.004754,0.004766,1403460.3
2026-07-03 23:00:00+00:00,0.00477,0.004835,0.004751,0.004762,19177632.2
2026-07-04 00:00:00+00:00,0.004758,0.004837,0.004751,0.004763,11735783.4
2026-07-04 01:00:00+00:00,0.00476,0.004765,0.004714,0.004721,4301207.8
2026-07-04 02:00:00+00:00,0.004723,0.004744,0.004718,0.004737,3259415.1
2026-07-04 03:00:00+00:00,0.004737,0.004762,0.004732,0.004752,3042854.1
2026-07-04 04:00:00+00:00,0.004753,0.004775,0.004749,0.004771,2039157.8
2026-07-04 05:00:00+00:00,0.004771,0.004771,0.004751,0.004757,1742079.5
2026-07-04 06:00:00+00:00,0.004757,0.004773,0.00473,0.004732,1509534.7
2026-07-04 07:00:00+00:00,0.004731,0.004734,0.004706,0.004717,2768091.1
2026-07-04 08:00:00+00:00,0.004709,0.004721,0.004705,0.004707,1673309.7
2026-07-04 09:00:00+00:00,0.004706,0.004713,0.004691,0.004705,1511025.8
2026-07-04 10:00:00+00:00,0.004702,0.004703,0.004688,0.004703,1746250.4
2026-07-04 11:00:00+00:00,0.004695,0.004717,0.004695,0.00471,1773105.5
2026-07-04 12:00:00+00:00,0.004709,0.004786,0.004709,0.004741,8926192.5
2026-07-04 13:00:00+00:00,0.004743,0.004746,0.004727,0.004742,1616933.2
2026-07-04 14:00:00+00:00,0.004742,0.004763,0.004741,0.004763,3044029.2
2026-07-04 15:00:00+00:00,0.004762,0.004822,0.00476,0.004821,5191630.2
2026-07-04 16:00:00+00:00,0.004819,0.004836,0.004815,0.004827,4542128.8
2026-07-04 17:00:00+00:00,0.00483,0.004904,0.00482,0.004883,15035403.2
2026-07-04 18:00:00+00:00,0.004884,0.004888,0.004849,0.004867,5469928.9
2026-07-04 19:00:00+00:00,0.004867,0.004912,0.004851,0.004899,6935455.7
2026-07-04 20:00:00+00:00,0.004899,0.004903,0.004831,0.004845,6572370.6
2026-07-04 21:00:00+00:00,0.004845,0.004863,0.00483,0.004838,4209601.7
2026-07-04 22:00:00+00:00,0.004836,0.00484,0.004805,0.00483,4616251.4
2026-07-04 23:00:00+00:00,0.004826,0.004826,0.004784,0.0048,5666244.1
2026-07-05 00:00:00+00:00,0.0048,0.004802,0.004771,0.004771,3145999.7
2026-07-05 01:00:00+00:00,0.00478,0.004787,0.004749,0.004764,1945568.4
2026-07-05 02:00:00+00:00,0.004761,0.004764,0.004726,0.004738,2319086.4
2026-07-05 03:00:00+00:00,0.004737,0.004755,0.004731,0.004751,2983257.3
2026-07-05 04:00:00+00:00,0.004749,0.004769,0.004737,0.004746,1299116.6
2026-07-05 05:00:00+00:00,0.004744,0.004745,0.004707,0.004723,5785237.7
2026-07-05 06:00:00+00:00,0.004715,0.004735,0.004711,0.004728,1091692.0
2026-07-05 07:00:00+00:00,0.004732,0.004742,0.004714,0.004742,4733989.5
2026-07-05 08:00:00+00:00,0.004742,0.004742,0.004733,0.004738,1698396.7
2026-07-05 09:00:00+00:00,0.004736,0.004742,0.004683,0.004701,4765919.8
2026-07-05 10:00:00+00:00,0.004701,0.004718,0.004682,0.004702,7654257.9
2026-07-05 11:00:00+00:00,0.004706,0.004711,0.004694,0.004706,3250607.2
2026-07-05 12:00:00+00:00,0.004702,0.004731,0.004688,0.004723,2619400.8
2026-07-05 13:00:00+00:00,0.004721,0.004725,0.004707,0.004718,975072.9
2026-07-05 14:00:00+00:00,0.004714,0.004752,0.004701,0.004732,17407945.1
2026-07-05 15:00:00+00:00,0.004741,0.004752,0.004714,0.004722,4418716.3
2026-07-05 16:00:00+00:00,0.004719,0.004727,0.004713,0.004725,2380319.7
2026-07-05 17:00:00+00:00,0.004726,0.004751,0.004725,0.004751,2173793.9
2026-07-05 18:00:00+00:00,0.004751,0.004765,0.00475,0.004761,1131937.3
2026-07-05 19:00:00+00:00,0.004753,0.004771,0.004753,0.004761,1793922.1
2026-07-05 20:00:00+00:00,0.004771,0.004775,0.004753,0.004759,3822164.1
2026-07-05 21:00:00+00:00,0.004757,0.00479,0.004744,0.004781,3588897.0
2026-07-05 22:00:00+00:00,0.004775,0.004824,0.004775,0.004793,6347093.7
2026-07-05 23:00:00+00:00,0.004798,0.004809,0.004776,0.004777,680823.3
2026-07-06 00:00:00+00:00,0.004777,0.004781,0.004752,0.004778,3077445.0
2026-07-06 01:00:00+00:00,0.004783,0.004793,0.004749,0.00475,3237827.3
2026-07-06 02:00:00+00:00,0.004758,0.004767,0.004743,0.004765,1158450.5
2026-07-06 03:00:00+00:00,0.004765,0.004766,0.004716,0.00472,3057047.8
2026-07-06 04:00:00+00:00,0.004722,0.004733,0.004709,0.00471,2565271.8
2026-07-06 05:00:00+00:00,0.004709,0.00471,0.004665,0.004679,4721130.9
2026-07-06 06:00:00+00:00,0.004679,0.004688,0.004664,0.00467,4322690.3
2026-07-06 07:00:00+00:00,0.004668,0.00469,0.004659,0.004684,4040609.0
2026-07-06 08:00:00+00:00,0.004684,0.004693,0.004674,0.004687,4725786.7
2026-07-06 09:00:00+00:00,0.004687,0.004688,0.004669,0.004685,2404632.4
2026-07-06 10:00:00+00:00,0.004685,0.004723,0.004683,0.004716,3237657.7
2026-07-06 11:00:00+00:00,0.004716,0.004751,0.00471,0.004726,4938348.0
2026-07-06 12:00:00+00:00,0.004715,0.004715,0.00463,0.004669,10015720.7
2026-07-06 13:00:00+00:00,0.004675,0.004707,0.004641,0.0047,3315194.0
2026-07-06 14:00:00+00:00,0.004695,0.004757,0.004689,0.004725,8131343.0
2026-07-06 15:00:00+00:00,0.004725,0.004848,0.004725,0.004831,8410901.4
2026-07-06 16:00:00+00:00,0.004827,0.00488,0.004823,0.004848,6350093.4
2026-07-06 17:00:00+00:00,0.004854,0.004939,0.004837,0.004859,11748310.1
2026-07-06 18:00:00+00:00,0.004857,0.004967,0.004854,0.004954,11602146.2
2026-07-06 19:00:00+00:00,0.004957,0.005064,0.004956,0.004984,41657855.9
2026-07-06 20:00:00+00:00,0.004988,0.005011,0.004938,0.004948,6153098.3
2026-07-06 21:00:00+00:00,0.004951,0.005077,0.004947,0.005006,14388670.3
2026-07-06 22:00:00+00:00,0.005006,0.005023,0.004971,0.004984,15671698.1
2026-07-06 23:00:00+00:00,0.004986,0.004989,0.004948,0.004976,8287669.7
2026-07-07 00:00:00+00:00,0.004984,0.005046,0.004976,0.005013,10545852.4
2026-07-07 01:00:00+00:00,0.005009,0.005013,0.004949,0.004994,8799052.6
2026-07-07 02:00:00+00:00,0.004993,0.005005,0.004967,0.004969,6514723.2
2026-07-07 03:00:00+00:00,0.004968,0.004977,0.004923,0.004929,3815048.3
2026-07-07 04:00:00+00:00,0.004933,0.004949,0.004877,0.004877,7190498.2
2026-07-07 05:00:00+00:00,0.004875,0.004917,0.004868,0.004911,6180372.9
2026-07-07 06:00:00+00:00,0.00491,0.004926,0.004888,0.004893,3386867.2
2026-07-07 07:00:00+00:00,0.004889,0.004914,0.004874,0.004878,5761161.2
2026-07-07 08:00:00+00:00,0.004877,0.004889,0.004859,0.004859,2778560.5
2026-07-07 09:00:00+00:00,0.004858,0.00488,0.004856,0.00486,2031198.9
2026-07-07 10:00:00+00:00,0.004852,0.004904,0.004844,0.004846,5020057.1
2026-07-07 11:00:00+00:00,0.004847,0.004852,0.004806,0.00485,4315697.0
2026-07-07 12:00:00+00:00,0.00485,0.004883,0.004849,0.004849,1640873.0
2026-07-07 13:00:00+00:00,0.004843,0.004849,0.004793,0.004801,4475198.3
2026-07-07 14:00:00+00:00,0.00479,0.004809,0.00471,0.004804,14090990.0
2026-07-07 15:00:00+00:00,0.004807,0.004842,0.004791,0.004836,3329135.9
2026-07-07 16:00:00+00:00,0.004835,0.00485,0.00482,0.004837,3990821.5
2026-07-07 17:00:00+00:00,0.004834,0.004847,0.004823,0.004842,1490613.4
2026-07-07 18:00:00+00:00,0.00484,0.00484,0.004782,0.004782,4632365.2
2026-07-07 19:00:00+00:00,0.004774,0.004783,0.004741,0.004775,3643600.9
2026-07-07 20:00:00+00:00,0.004779,0.004785,0.004758,0.004768,4006480.5
2026-07-07 21:00:00+00:00,0.004767,0.004779,0.004735,0.004751,1475736.7
2026-07-07 22:00:00+00:00,0.004751,0.004754,0.004719,0.004749,2653584.5
2026-07-07 23:00:00+00:00,0.004744,0.004761,0.004742,0.004743,828944.0
2026-07-08 00:00:00+00:00,0.004751,0.004774,0.004747,0.004774,2301272.9
2026-07-08 01:00:00+00:00,0.004774,0.004778,0.004671,0.004687,7890541.8
2026-07-08 02:00:00+00:00,0.004685,0.004696,0.004637,0.004683,11366378.5
2026-07-08 03:00:00+00:00,0.004683,0.004709,0.00468,0.004693,3912404.9
2026-07-08 04:00:00+00:00,0.004695,0.004724,0.004683,0.004716,4551726.5
2026-07-08 05:00:00+00:00,0.004726,0.004771,0.004694,0.004694,12308821.6
2026-07-08 06:00:00+00:00,0.004693,0.004708,0.004671,0.004689,3850629.0
2026-07-08 07:00:00+00:00,0.00469,0.004709,0.004671,0.004689,4048613.7
2026-07-08 08:00:00+00:00,0.00469,0.004701,0.004611,0.00463,13486706.5
2026-07-08 09:00:00+00:00,0.004632,0.004661,0.004622,0.004647,5048921.0
2026-07-08 10:00:00+00:00,0.004654,0.004667,0.004622,0.004662,5745909.6
2026-07-08 11:00:00+00:00,0.004657,0.0047,0.004649,0.004698,3299016.9
2026-07-08 12:00:00+00:00,0.004699,0.004726,0.004683,0.004687,6202960.0
2026-07-08 13:00:00+00:00,0.004684,0.004728,0.00467,0.004722,5396718.6
2026-07-08 14:00:00+00:00,0.004722,0.004733,0.004666,0.004687,5001459.9
2026-07-08 15:00:00+00:00,0.004685,0.00469,0.004652,0.004679,4805333.1
2026-07-08 16:00:00+00:00,0.004678,0.004733,0.004666,0.004729,5378669.7
2026-07-08 17:00:00+00:00,0.004732,0.00474,0.004702,0.004702,2792549.7
2026-07-08 18:00:00+00:00,0.004702,0.004713,0.004683,0.004693,3848250.2
2026-07-08 19:00:00+00:00,0.004696,0.004706,0.004674,0.004687,2093565.9
2026-07-08 20:00:00+00:00,0.004684,0.004694,0.00467,0.00467,1600002.6
2026-07-08 21:00:00+00:00,0.004671,0.004682,0.004656,0.004677,1579780.5
2026-07-08 22:00:00+00:00,0.004681,0.004688,0.004672,0.004685,2580040.1
2026-07-08 23:00:00+00:00,0.004687,0.00469,0.004674,0.004688,2115213.9
2026-07-09 00:00:00+00:00,0.004689,0.004696,0.004675,0.004691,3913182.9
2026-07-09 01:00:00+00:00,0.004693,0.004796,0.004689,0.004695,19009043.6
2026-07-09 02:00:00+00:00,0.004699,0.00474,0.004691,0.00472,4980975.9
2026-07-09 03:00:00+00:00,0.004721,0.004723,0.004693,0.004712,2800585.6
2026-07-09 04:00:00+00:00,0.00471,0.004769,0.004705,0.004766,4113410.7
2026-07-09 05:00:00+00:00,0.004767,0.004771,0.004738,0.004748,3593642.0
2026-07-09 06:00:00+00:00,0.004749,0.004775,0.004745,0.004761,3364285.8
2026-07-09 07:00:00+00:00,0.004762,0.004769,0.004732,0.004733,2540375.6
2026-07-09 08:00:00+00:00,0.004732,0.004743,0.004726,0.004727,3109993.2
2026-07-09 09:00:00+00:00,0.004724,0.004735,0.004717,0.00473,3867771.2
2026-07-09 10:00:00+00:00,0.00473,0.004744,0.004709,0.004712,3303870.7
2026-07-09 11:00:00+00:00,0.004712,0.004736,0.004699,0.004727,3856186.3
2026-07-09 12:00:00+00:00,0.004724,0.004735,0.004704,0.004715,4211217.1
2026-07-09 13:00:00+00:00,0.004715,0.004753,0.004715,0.004749,2385163.0
2026-07-09 14:00:00+00:00,0.004745,0.004757,0.004716,0.004757,2198098.5
2026-07-09 15:00:00+00:00,0.004758,0.004761,0.00474,0.004744,3218224.5
2026-07-09 16:00:00+00:00,0.004744,0.00476,0.004713,0.004713,4088139.4
2026-07-09 17:00:00+00:00,0.004722,0.004737,0.004704,0.004727,4380699.9
2026-07-09 18:00:00+00:00,0.004729,0.004759,0.004729,0.004743,2208944.0
2026-07-09 19:00:00+00:00,0.004742,0.004742,0.004721,0.004725,2621648.7
2026-07-09 20:00:00+00:00,0.004727,0.004744,0.004721,0.004733,2308668.5
2026-07-09 21:00:00+00:00,0.004733,0.00474,0.004716,0.004732,1942527.0
2026-07-09 22:00:00+00:00,0.004726,0.004738,0.004719,0.004721,3675278.8
2026-07-09 23:00:00+00:00,0.004722,0.004736,0.004716,0.004728,1765734.9
2026-07-10 00:00:00+00:00,0.004728,0.00473,0.004704,0.004718,2908611.0
2026-07-10 01:00:00+00:00,0.00472,0.00478,0.004701,0.004759,5834007.0
2026-07-10 02:00:00+00:00,0.00476,0.004761,0.004747,0.004756,1859168.5
2026-07-10 03:00:00+00:00,0.004755,0.004758,0.004737,0.004753,1762564.5
2026-07-10 04:00:00+00:00,0.004752,0.004762,0.004742,0.004746,1598482.7
2026-07-10 05:00:00+00:00,0.004745,0.004751,0.004731,0.004745,3449135.4
2026-07-10 06:00:00+00:00,0.004746,0.004746,0.004717,0.00472,1467108.0
2026-07-10 07:00:00+00:00,0.004721,0.004733,0.004717,0.004721,1294054.9
2026-07-10 08:00:00+00:00,0.004719,0.004762,0.004717,0.004756,3219169.4
2026-07-10 09:00:00+00:00,0.004756,0.004777,0.004745,0.004768,2730787.3
2026-07-10 10:00:00+00:00,0.00477,0.004793,0.00475,0.004769,5112846.1
2026-07-10 11:00:00+00:00,0.004767,0.004777,0.004755,0.004766,2834876.5
2026-07-10 12:00:00+00:00,0.004767,0.004781,0.004755,0.004756,4018472.5
2026-07-10 13:00:00+00:00,0.004756,0.004778,0.004742,0.00477,3635872.3
2026-07-10 14:00:00+00:00,0.004768,0.004772,0.004691,0.004718,4754897.8
2026-07-10 15:00:00+00:00,0.004721,0.00474,0.004718,0.004727,2213104.9
2026-07-10 16:00:00+00:00,0.004728,0.004751,0.004719,0.004747,4298937.1
2026-07-10 17:00:00+00:00,0.004748,0.004753,0.004728,0.004728,1607108.5
2026-07-10 18:00:00+00:00,0.004728,0.004742,0.004717,0.004722,2095151.4
2026-07-10 19:00:00+00:00,0.004724,0.004744,0.004716,0.004733,1551948.1
2026-07-10 20:00:00+00:00,0.004733,0.004741,0.00472,0.004726,1824329.1
2026-07-10 21:00:00+00:00,0.004721,0.004759,0.004721,0.004755,2292060.1
2026-07-10 22:00:00+00:00,0.004753,0.004795,0.004753,0.004788,9763332.1
2026-07-10 23:00:00+00:00,0.004789,0.004802,0.004761,0.004761,1894363.2
2026-07-11 00:00:00+00:00,0.004761,0.004776,0.004746,0.004773,1591920.0
2026-07-11 01:00:00+00:00,0.00477,0.004777,0.004758,0.004772,2387198.3
2026-07-11 02:00:00+00:00,0.004771,0.004822,0.004768,0.004813,5124824.1
2026-07-11 03:00:00+00:00,0.004812,0.004824,0.004793,0.004806,3270594.7
2026-07-11 04:00:00+00:00,0.004802,0.004821,0.004774,0.004806,9123687.9
2026-07-11 05:00:00+00:00,0.004805,0.004861,0.004805,0.004839,6134676.9
2026-07-11 06:00:00+00:00,0.004839,0.004844,0.00482,0.004825,3610310.3
2026-07-11 07:00:00+00:00,0.004828,0.004884,0.004828,0.004876,4419390.2
2026-07-11 08:00:00+00:00,0.004878,0.004902,0.004851,0.004864,6945816.9
2026-07-11 09:00:00+00:00,0.004864,0.004901,0.004864,0.004883,5520573.5
2026-07-11 10:00:00+00:00,0.004888,0.004925,0.004876,0.004883,9216350.0
2026-07-11 11:00:00+00:00,0.004883,0.004936,0.004883,0.004936,8263902.8
2026-07-11 12:00:00+00:00,0.004935,0.004985,0.004914,0.004973,21393420.6
2026-07-11 13:00:00+00:00,0.00497,0.005024,0.00496,0.004997,37342106.7
2026-07-11 14:00:00+00:00,0.004998,0.005025,0.004989,0.004989,14024732.2
2026-07-11 15:00:00+00:00,0.00499,0.005076,0.004975,0.004996,24560631.4
2026-07-11 16:00:00+00:00,0.005001,0.005004,0.004959,0.004979,8294511.8
2026-07-11 17:00:00+00:00,0.00498,0.005051,0.00495,0.004991,10996819.4
2026-07-11 18:00:00+00:00,0.004992,0.005021,0.004982,0.005021,3910266.6
2026-07-11 19:00:00+00:00,0.005022,0.005057,0.005014,0.005015,6185625.5
2026-07-11 20:00:00+00:00,0.005015,0.005037,0.005009,0.005017,6672719.7
2026-07-11 21:00:00+00:00,0.005017,0.005017,0.004967,0.004976,7652485.1
2026-07-11 22:00:00+00:00,0.004972,0.004976,0.004932,0.004947,10260031.5
2026-07-11 23:00:00+00:00,0.004947,0.004958,0.004915,0.004933,4310544.8
2026-07-12 00:00:00+00:00,0.004931,0.004943,0.004902,0.004934,6885431.2
2026-07-12 01:00:00+00:00,0.004937,0.004971,0.004929,0.004971,2456093.7
2026-07-12 02:00:00+00:00,0.004967,0.004968,0.004936,0.004948,3080580.6
2026-07-12 03:00:00+00:00,0.004947,0.004992,0.004945,0.004986,3561743.8
2026-07-12 04:00:00+00:00,0.004985,0.005002,0.004955,0.004962,2884424.8
2026-07-12 05:00:00+00:00,0.004962,0.004972,0.004929,0.004929,2327655.5
2026-07-12 06:00:00+00:00,0.004929,0.004932,0.004893,0.004904,7405135.9
2026-07-12 07:00:00+00:00,0.004903,0.004924,0.004902,0.004909,1969321.0
2026-07-12 08:00:00+00:00,0.004911,0.004929,0.004906,0.004924,2507776.3
2026-07-12 09:00:00+00:00,0.004925,0.004933,0.004903,0.004912,1114819.9
2026-07-12 10:00:00+00:00,0.004908,0.004913,0.0049,0.004912,2384746.8
2026-07-12 11:00:00+00:00,0.004911,0.004933,0.004907,0.00492,2015457.4
2026-07-12 12:00:00+00:00,0.004918,0.004937,0.004909,0.004912,2408381.4
2026-07-12 13:00:00+00:00,0.004911,0.004932,0.004905,0.004906,3196126.7
2026-07-12 14:00:00+00:00,0.004906,0.004932,0.004903,0.004915,2632610.8
2026-07-12 15:00:00+00:00,0.004911,0.004922,0.004902,0.004902,1526150.1
2026-07-12 16:00:00+00:00,0.004902,0.004915,0.004896,0.004909,3590342.2
2026-07-12 17:00:00+00:00,0.004908,0.004925,0.0049,0.004914,2079228.1
2026-07-12 18:00:00+00:00,0.004914,0.004926,0.004908,0.004926,1828184.4
2026-07-12 19:00:00+00:00,0.004927,0.004927,0.004908,0.004917,1499619.6
2026-07-12 20:00:00+00:00,0.004914,0.004933,0.004902,0.004913,1947518.4
2026-07-12 21:00:00+00:00,0.004915,0.004921,0.004877,0.004878,2822909.4
2026-07-12 22:00:00+00:00,0.004878,0.004878,0.00484,0.004854,4811479.2
2026-07-12 23:00:00+00:00,0.004854,0.004861,0.004847,0.004854,1570086.9
2026-07-13 00:00:00+00:00,0.004855,0.004913,0.00484,0.004873,3066389.4
2026-07-13 01:00:00+00:00,0.004872,0.004878,0.004828,0.00483,1859859.1
2026-07-13 02:00:00+00:00,0.004829,0.004846,0.004803,0.004832,4287047.7
2026-07-13 03:00:00+00:00,0.004831,0.004831,0.004745,0.004785,11880780.0
2026-07-13 04:00:00+00:00,0.004784,0.004791,0.004771,0.004778,3346535.9
2026-07-13 05:00:00+00:00,0.004778,0.00481,0.004763,0.004802,7065122.1
2026-07-13 06:00:00+00:00,0.004803,0.004815,0.004793,0.004812,1591249.5
2026-07-13 07:00:00+00:00,0.004813,0.004837,0.004805,0.004834,1367963.1
2026-07-13 08:00:00+00:00,0.004835,0.004844,0.00483,0.004839,1942653.4
2026-07-13 09:00:00+00:00,0.00484,0.004843,0.004821,0.004821,1954648.8
2026-07-13 10:00:00+00:00,0.004821,0.00483,0.00481,0.004822,1347341.2
2026-07-13 11:00:00+00:00,0.004822,0.004854,0.004822,0.004825,4019132.0
2026-07-13 12:00:00+00:00,0.004826,0.004836,0.004803,0.004817,4179986.2
2026-07-13 13:00:00+00:00,0.004817,0.004824,0.004791,0.004809,2897740.3
2026-07-13 14:00:00+00:00,0.004809,0.004835,0.004788,0.004832,5731853.0
2026-07-13 15:00:00+00:00,0.004832,0.00484,0.004804,0.004804,1446407.5
2026-07-13 16:00:00+00:00,0.004804,0.004811,0.004779,0.00479,3041511.5
2026-07-13 17:00:00+00:00,0.004789,0.004789,0.004739,0.004739,9656207.9
2026-07-13 18:00:00+00:00,0.004738,0.004767,0.004735,0.004744,2978957.6
2026-07-13 19:00:00+00:00,0.004744,0.004762,0.004733,0.004754,3141688.4
2026-07-13 20:00:00+00:00,0.004754,0.004756,0.004736,0.004747,2538751.8
2026-07-13 21:00:00+00:00,0.004747,0.004748,0.004709,0.004736,5931135.1
2026-07-13 22:00:00+00:00,0.004739,0.004755,0.004733,0.004734,4603883.1
2026-07-13 23:00:00+00:00,0.004734,0.004767,0.004726,0.004767,3619918.4
2026-07-14 00:00:00+00:00,0.004767,0.004793,0.00476,0.004793,2466043.6
2026-07-14 01:00:00+00:00,0.004791,0.004794,0.004771,0.004775,1413744.6
2026-07-14 02:00:00+00:00,0.004775,0.004779,0.004761,0.004774,2202921.7
2026-07-14 03:00:00+00:00,0.004771,0.004774,0.00475,0.004755,962747.6
2026-07-14 04:00:00+00:00,0.004754,0.004772,0.00475,0.004766,4552513.5
2026-07-14 05:00:00+00:00,0.004762,0.004789,0.004762,0.004778,12328976.9
2026-07-14 06:00:00+00:00,0.004779,0.004779,0.004768,0.004772,2969261.1
2026-07-14 07:00:00+00:00,0.004768,0.00477,0.004748,0.004753,4881267.2
2026-07-14 08:00:00+00:00,0.004749,0.004755,0.004742,0.004743,1835991.8
2026-07-14 09:00:00+00:00,0.00474,0.004762,0.004736,0.004741,1373601.1
2026-07-14 10:00:00+00:00,0.004742,0.00475,0.004736,0.004738,2038545.5
2026-07-14 11:00:00+00:00,0.004739,0.00476,0.004733,0.004751,3146119.0
2026-07-14 12:00:00+00:00,0.004751,0.00484,0.004741,0.004836,4420717.7
2026-07-14 13:00:00+00:00,0.004826,0.0049,0.004823,0.004886,5658514.2
2026-07-14 14:00:00+00:00,0.004888,0.004888,0.004851,0.004876,8805488.6
2026-07-14 15:00:00+00:00,0.004878,0.004901,0.004869,0.004869,4137845.5
2026-07-14 16:00:00+00:00,0.004874,0.004888,0.004866,0.004874,2057107.5
2026-07-14 17:00:00+00:00,0.004872,0.004875,0.00483,0.004845,3997647.1
2026-07-14 18:00:00+00:00,0.004848,0.004852,0.004822,0.004837,3949222.2
2026-07-14 19:00:00+00:00,0.004842,0.004847,0.004827,0.004839,1820478.3
2026-07-14 20:00:00+00:00,0.004839,0.004839,0.004826,0.004832,1229687.0
2026-07-14 21:00:00+00:00,0.004832,0.004844,0.004824,0.004836,699458.3
2026-07-14 22:00:00+00:00,0.004839,0.004862,0.004825,0.004837,1659447.1
2026-07-14 23:00:00+00:00,0.004835,0.004845,0.004828,0.004837,1382907.3
2026-07-15 00:00:00+00:00,0.004835,0.004838,0.004823,0.004834,885650.9
2026-07-15 01:00:00+00:00,0.004829,0.004839,0.00482,0.004826,1541361.6
2026-07-15 02:00:00+00:00,0.004823,0.004828,0.004806,0.004813,3489651.3
2026-07-15 03:00:00+00:00,0.004811,0.004824,0.004807,0.004821,1876739.9
2026-07-15 04:00:00+00:00,0.004819,0.004826,0.004805,0.004819,1717531.3
2026-07-15 05:00:00+00:00,0.004819,0.004833,0.004809,0.004833,3109867.1
2026-07-15 06:00:00+00:00,0.004829,0.004848,0.004827,0.004833,1332222.0
2026-07-15 07:00:00+00:00,0.004824,0.004831,0.004791,0.004791,1459984.6
2026-07-15 08:00:00+00:00,0.004789,0.004804,0.004766,0.004787,7685310.9
2026-07-15 09:00:00+00:00,0.004788,0.004833,0.004786,0.004805,6110482.8
2026-07-15 10:00:00+00:00,0.0048,0.004818,0.004797,0.004811,2662785.4
2026-07-15 11:00:00+00:00,0.00481,0.004828,0.004792,0.004809,4383458.8
2026-07-15 12:00:00+00:00,0.004807,0.004886,0.004803,0.004884,3245309.9
2026-07-15 13:00:00+00:00,0.004883,0.004902,0.004843,0.004851,5189080.3
2026-07-15 14:00:00+00:00,0.004856,0.004868,0.004838,0.00486,1279281.4
2026-07-15 15:00:00+00:00,0.004859,0.004907,0.004855,0.004873,5336169.5
2026-07-15 16:00:00+00:00,0.004888,0.004907,0.004809,0.004833,10022799.1
2026-07-15 17:00:00+00:00,0.004834,0.004838,0.004819,0.004828,1756950.7
2026-07-15 18:00:00+00:00,0.004832,0.004866,0.00483,0.004841,3296573.2
2026-07-15 19:00:00+00:00,0.004842,0.004863,0.004815,0.004834,10044537.8
2026-07-15 20:00:00+00:00,0.004832,0.004851,0.004821,0.004847,1496475.5
2026-07-15 21:00:00+00:00,0.004848,0.004857,0.004843,0.004847,2411287.3
2026-07-15 22:00:00+00:00,0.004847,0.00487,0.004846,0.004856,1491431.8
2026-07-15 23:00:00+00:00,0.004856,0.004865,0.004852,0.004861,696171.8
2026-07-16 00:00:00+00:00,0.004863,0.00487,0.00485,0.004859,1050121.1
2026-07-16 01:00:00+00:00,0.004857,0.004902,0.004857,0.004898,1811903.4
2026-07-16 02:00:00+00:00,0.004897,0.004898,0.004876,0.00489,1819250.6
2026-07-16 03:00:00+00:00,0.004891,0.004903,0.004865,0.004868,1958659.6
2026-07-16 04:00:00+00:00,0.004868,0.004871,0.004852,0.004862,1327185.4
2026-07-16 05:00:00+00:00,0.004859,0.004871,0.004858,0.004858,1518139.0
2026-07-16 06:00:00+00:00,0.004856,0.004873,0.004845,0.004852,1655685.1
2026-07-16 07:00:00+00:00,0.00485,0.00485,0.004803,0.004817,4028649.7
2026-07-16 08:00:00+00:00,0.004814,0.004815,0.004767,0.004792,4747636.7
2026-07-16 09:00:00+00:00,0.004795,0.004805,0.004781,0.004784,1553528.0
2026-07-16 10:00:00+00:00,0.004779,0.004802,0.004779,0.004787,1166216.2
2026-07-16 11:00:00+00:00,0.004791,0.004793,0.00477,0.00479,3219268.1
2026-07-16 12:00:00+00:00,0.004788,0.004792,0.004765,0.004765,3063045.5
2026-07-16 13:00:00+00:00,0.004767,0.004819,0.004764,0.004805,5445734.6
2026-07-16 14:00:00+00:00,0.004804,0.004823,0.004793,0.004795,1843014.8
2026-07-16 15:00:00+00:00,0.004801,0.004811,0.004774,0.004792,1889516.3
2026-07-16 16:00:00+00:00,0.004794,0.004802,0.00478,0.004781,4468248.1
2026-07-16 17:00:00+00:00,0.00478,0.004784,0.004752,0.00477,3955334.2
2026-07-16 18:00:00+00:00,0.004771,0.004783,0.004765,0.004773,1042222.9
2026-07-16 19:00:00+00:00,0.004774,0.004774,0.004757,0.004762,4528887.4
2026-07-16 20:00:00+00:00,0.00476,0.004809,0.004757,0.004762,13783098.1
2026-07-16 21:00:00+00:00,0.004762,0.004784,0.004761,0.004774,4685095.1
2026-07-16 22:00:00+00:00,0.004779,0.004786,0.004751,0.004758,2422361.2
2026-07-16 23:00:00+00:00,0.004758,0.00476,0.004719,0.004734,3394805.1
2026-07-17 00:00:00+00:00,0.00473,0.004748,0.004719,0.004748,1219541.2
2026-07-17 01:00:00+00:00,0.004756,0.004757,0.004706,0.00471,2966129.6
2026-07-17 02:00:00+00:00,0.004708,0.004715,0.004692,0.0047,2818045.3
2026-07-17 03:00:00+00:00,0.004702,0.004735,0.004696,0.004715,1826316.1
2026-07-17 04:00:00+00:00,0.004706,0.004713,0.004683,0.004712,1095893.8
2026-07-17 05:00:00+00:00,0.004707,0.004713,0.004679,0.004679,1874369.2
2026-07-17 06:00:00+00:00,0.004681,0.004681,0.004613,0.004668,11374530.5
2026-07-17 07:00:00+00:00,0.004666,0.004668,0.004637,0.004637,4627823.4
2026-07-17 08:00:00+00:00,0.004638,0.004647,0.004622,0.004645,2039338.5
2026-07-17 09:00:00+00:00,0.004643,0.004666,0.00464,0.004666,1999967.1
2026-07-17 10:00:00+00:00,0.004665,0.004686,0.004663,0.004678,2972981.8
2026-07-17 11:00:00+00:00,0.004685,0.004689,0.004672,0.004682,1109618.3
2026-07-17 12:00:00+00:00,0.004684,0.004696,0.004676,0.004685,8997059.1
2026-07-17 13:00:00+00:00,0.004686,0.004692,0.00463,0.004692,7952411.1
2026-07-17 14:00:00+00:00,0.004696,0.004719,0.004687,0.004696,3586103.6
2026-07-17 15:00:00+00:00,0.004696,0.004723,0.004676,0.004712,2772651.8
2026-07-17 16:00:00+00:00,0.004716,0.004783,0.004703,0.004758,4198875.9
2026-07-17 17:00:00+00:00,0.004762,0.004781,0.004746,0.00475,2427947.1
2026-07-17 18:00:00+00:00,0.004749,0.004759,0.004734,0.004751,1831951.7
2026-07-17 19:00:00+00:00,0.004749,0.004757,0.004718,0.004733,3536405.5
2026-07-17 20:00:00+00:00,0.004733,0.004736,0.004724,0.004733,821061.3
2026-07-17 21:00:00+00:00,0.004734,0.004746,0.004725,0.004726,572957.4
2026-07-17 22:00:00+00:00,0.004725,0.004733,0.004722,0.004727,1012156.1
2026-07-17 23:00:00+00:00,0.004722,0.004722,0.004709,0.004721,1431782.7
2026-07-18 00:00:00+00:00,0.004723,0.004735,0.004718,0.004725,1145934.3
2026-07-18 01:00:00+00:00,0.004723,0.004723,0.004712,0.004712,1034370.6
2026-07-18 02:00:00+00:00,0.00471,0.004718,0.004705,0.004712,1021655.9
2026-07-18 03:00:00+00:00,0.004707,0.004707,0.004696,0.004696,813954.1
2026-07-18 04:00:00+00:00,0.004696,0.004699,0.004678,0.004683,1062649.9
2026-07-18 05:00:00+00:00,0.00468,0.004719,0.004674,0.004681,4540324.4
2026-07-18 06:00:00+00:00,0.004685,0.004701,0.004682,0.004689,1538353.3
2026-07-18 07:00:00+00:00,0.004691,0.004691,0.004674,0.004677,914043.9
2026-07-18 08:00:00+00:00,0.004672,0.004689,0.00467,0.004675,871534.5
2026-07-18 09:00:00+00:00,0.004675,0.004677,0.004639,0.004657,3606764.4
2026-07-18 10:00:00+00:00,0.004659,0.004663,0.004651,0.004652,977771.2
2026-07-18 11:00:00+00:00,0.004649,0.004654,0.004645,0.004645,782422.2
2026-07-18 12:00:00+00:00,0.00465,0.004659,0.004622,0.004639,4444283.4
2026-07-18 13:00:00+00:00,0.004637,0.00469,0.004627,0.004666,7558397.3
2026-07-18 14:00:00+00:00,0.004661,0.00468,0.004653,0.004668,3347891.6
2026-07-18 15:00:00+00:00,0.004668,0.004669,0.004648,0.004662,2838132.9
2026-07-18 16:00:00+00:00,0.004662,0.004672,0.004651,0.00467,4258171.2
2026-07-18 17:00:00+00:00,0.00467,0.004691,0.004664,0.00469,1304174.1
2026-07-18 18:00:00+00:00,0.004699,0.004722,0.00469,0.004693,4977429.4
2026-07-18 19:00:00+00:00,0.004699,0.004762,0.004699,0.004717,12844763.2
2026-07-18 20:00:00+00:00,0.004717,0.004742,0.004711,0.004731,2582426.7
2026-07-18 21:00:00+00:00,0.004731,0.004742,0.004728,0.00474,1677757.3
2026-07-18 22:00:00+00:00,0.004742,0.004752,0.004738,0.004751,841734.7
2026-07-18 23:00:00+00:00,0.00475,0.004753,0.004739,0.004748,642805.3
2026-07-19 00:00:00+00:00,0.00475,0.004769,0.004749,0.004769,2284468.7
2026-07-19 01:00:00+00:00,0.004769,0.0048,0.004756,0.004759,7566124.3
2026-07-19 02:00:00+00:00,0.004761,0.004779,0.004751,0.004754,2322175.1
2026-07-19 03:00:00+00:00,0.004755,0.004755,0.004728,0.004729,1172173.7
2026-07-19 04:00:00+00:00,0.004731,0.004736,0.00472,0.004724,998335.4
2026-07-19 05:00:00+00:00,0.004727,0.004734,0.004717,0.004726,1236587.8
2026-07-19 06:00:00+00:00,0.00472,0.004732,0.004703,0.004709,5883483.8
2026-07-19 07:00:00+00:00,0.004707,0.004731,0.004702,0.004711,3839137.8
2026-07-19 08:00:00+00:00,0.00471,0.004722,0.00471,0.004717,1004941.6
2026-07-19 09:00:00+00:00,0.004717,0.004718,0.004699,0.004702,1287059.6
2026-07-19 10:00:00+00:00,0.004696,0.004718,0.004691,0.004716,3465475.4
2026-07-19 11:00:00+00:00,0.004716,0.004721,0.004691,0.004693,1303824.0
2026-07-19 12:00:00+00:00,0.004693,0.004698,0.004681,0.004686,1969754.6
2026-07-19 13:00:00+00:00,0.004688,0.004688,0.004676,0.004679,1463660.2
2026-07-19 14:00:00+00:00,0.004679,0.004693,0.004671,0.004689,729396.3
2026-07-19 15:00:00+00:00,0.004688,0.004691,0.004662,0.00468,2180357.9
2026-07-19 16:00:00+00:00,0.004678,0.004689,0.004673,0.004679,2483864.0
2026-07-19 17:00:00+00:00,0.004676,0.004679,0.004648,0.004667,1325495.8
2026-07-19 18:00:00+00:00,0.004665,0.004665,0.004628,0.004653,2654881.2
2026-07-19 19:00:00+00:00,0.004654,0.004666,0.004649,0.004664,1201562.2
2026-07-19 20:00:00+00:00,0.004664,0.00468,0.004664,0.004674,1254065.3
2026-07-19 21:00:00+00:00,0.004673,0.004679,0.004648,0.004653,1020359.6
2026-07-19 22:00:00+00:00,0.004652,0.004676,0.004646,0.004669,645587.0
2026-07-19 23:00:00+00:00,0.004666,0.004666,0.004648,0.004658,1745484.5
2026-07-20 00:00:00+00:00,0.00465,0.004689,0.004632,0.004635,2161645.3
2026-07-20 01:00:00+00:00,0.004634,0.004668,0.004628,0.004631,543840.2
2026-07-20 02:00:00+00:00,0.004634,0.004667,0.004634,0.004662,797042.1
2026-07-20 03:00:00+00:00,0.004663,0.004671,0.004648,0.004661,211638.0
2026-07-20 04:00:00+00:00,0.004664,0.004665,0.004645,0.004652,486797.3
2026-07-20 05:00:00+00:00,0.004652,0.004653,0.004616,0.004628,2086384.6
2026-07-20 06:00:00+00:00,0.004628,0.004642,0.004605,0.00463,3291108.8
2026-07-20 07:00:00+00:00,0.004631,0.004678,0.004623,0.004677,3333802.7
2026-07-20 08:00:00+00:00,0.004678,0.004697,0.004664,0.004684,7346239.6
2026-07-20 09:00:00+00:00,0.004686,0.004721,0.004682,0.004701,7500171.8
2026-07-20 10:00:00+00:00,0.004705,0.004843,0.0047,0.004705,11202524.1
2026-07-20 11:00:00+00:00,0.004704,0.004759,0.0047,0.004755,3948068.0
2026-07-20 12:00:00+00:00,0.00475,0.00475,0.004722,0.004724,1914809.1
2026-07-20 13:00:00+00:00,0.004727,0.004731,0.004676,0.004681,6224545.7
2026-07-20 14:00:00+00:00,0.00468,0.004691,0.004659,0.004676,3215458.7
2026-07-20 15:00:00+00:00,0.004682,0.004763,0.004682,0.004758,5914305.7
2026-07-20 16:00:00+00:00,0.004761,0.004783,0.004746,0.00475,10715568.8
2026-07-20 17:00:00+00:00,0.004754,0.004768,0.004737,0.004749,5539983.4
2026-07-20 18:00:00+00:00,0.004752,0.004786,0.00474,0.004744,5673989.4
2026-07-20 19:00:00+00:00,0.004747,0.004747,0.004698,0.004703,6678707.9
2026-07-20 20:00:00+00:00,0.004705,0.00473,0.004698,0.004718,5146599.1
2026-07-20 21:00:00+00:00,0.004719,0.004738,0.004716,0.004719,927358.4
2026-07-20 22:00:00+00:00,0.004712,0.004714,0.0047,0.004706,2620799.5
2026-07-20 23:00:00+00:00,0.004708,0.004727,0.004707,0.00472,555855.4
2026-07-21 00:00:00+00:00,0.004719,0.004742,0.00471,0.004733,2067620.6
2026-07-21 01:00:00+00:00,0.004733,0.004762,0.004732,0.004759,3023652.2
2026-07-21 02:00:00+00:00,0.004756,0.00478,0.00475,0.004779,1808713.2
2026-07-21 03:00:00+00:00,0.004785,0.004822,0.004785,0.004822,1799411.9
2026-07-21 04:00:00+00:00,0.004825,0.004889,0.004825,0.004853,8388979.3
2026-07-21 05:00:00+00:00,0.004854,0.004868,0.004835,0.004838,6890736.9
2026-07-21 06:00:00+00:00,0.004839,0.004898,0.004839,0.004875,23317583.9
2026-07-21 07:00:00+00:00,0.004877,0.004899,0.004854,0.004868,26066638.1
2026-07-21 08:00:00+00:00,0.004871,0.004912,0.004855,0.004907,16868814.1
2026-07-21 09:00:00+00:00,0.004907,0.004908,0.004846,0.00485,23992892.6
2026-07-21 10:00:00+00:00,0.004851,0.00487,0.004848,0.004856,6742422.3
2026-07-21 11:00:00+00:00,0.004858,0.004882,0.004845,0.00487,3498128.6
2026-07-21 12:00:00+00:00,0.004869,0.004912,0.004863,0.004906,6435881.1
2026-07-21 13:00:00+00:00,0.004906,0.00492,0.004894,0.004917,3638517.3
2026-07-21 14:00:00+00:00,0.004917,0.004988,0.004917,0.004963,21468617.1
2026-07-21 15:00:00+00:00,0.004959,0.004969,0.004937,0.004969,11630298.7
2026-07-21 16:00:00+00:00,0.004969,0.004993,0.004955,0.004962,11284035.4
2026-07-21 17:00:00+00:00,0.004963,0.004989,0.004942,0.004964,10992857.3
2026-07-21 18:00:00+00:00,0.004963,0.005014,0.004941,0.004961,7885615.9
2026-07-21 19:00:00+00:00,0.00496,0.004971,0.004929,0.004932,3187450.1
2026-07-21 20:00:00+00:00,0.004932,0.004943,0.004922,0.004934,2539422.6
2026-07-21 21:00:00+00:00,0.00493,0.004944,0.004924,0.00493,2602775.7
2026-07-21 22:00:00+00:00,0.00493,0.004937,0.004917,0.004925,1542700.3
2026-07-21 23:00:00+00:00,0.00492,0.004964,0.004919,0.004961,2955728.2
2026-07-22 00:00:00+00:00,0.004959,0.00497,0.004949,0.00495,3899351.4
2026-07-22 01:00:00+00:00,0.004949,0.004962,0.004928,0.004936,4912166.2
2026-07-22 02:00:00+00:00,0.004934,0.004934,0.00491,0.00491,1995795.8
2026-07-22 03:00:00+00:00,0.00491,0.00493,0.004897,0.004899,3638727.1
2026-07-22 04:00:00+00:00,0.004901,0.004924,0.0049,0.004912,1391533.3
2026-07-22 05:00:00+00:00,0.004912,0.004966,0.004868,0.004868,34995147.9
2026-07-22 06:00:00+00:00,0.004868,0.004897,0.004865,0.004874,11157077.4
2026-07-22 07:00:00+00:00,0.004873,0.004881,0.004836,0.004851,7370173.0
2026-07-22 08:00:00+00:00,0.004851,0.004886,0.004849,0.004873,2844023.8
2026-07-22 09:00:00+00:00,0.004874,0.004881,0.004864,0.00487,1401186.2
2026-07-22 10:00:00+00:00,0.004867,0.004885,0.004867,0.004879,1208094.4
2026-07-22 11:00:00+00:00,0.004875,0.004886,0.004863,0.004869,2055898.2
2026-07-22 12:00:00+00:00,0.004871,0.004873,0.00484,0.004847,3369766.8
2026-07-22 13:00:00+00:00,0.004846,0.004884,0.004846,0.004876,1650238.5
2026-07-22 14:00:00+00:00,0.004878,0.004909,0.004861,0.004861,2986036.7
2026-07-22 15:00:00+00:00,0.004863,0.004902,0.004863,0.004886,1482670.0
2026-07-22 16:00:00+00:00,0.004885,0.004941,0.00488,0.00494,4087421.8
2026-07-22 17:00:00+00:00,0.00494,0.004947,0.004903,0.004905,3052007.4
2026-07-22 18:00:00+00:00,0.004905,0.004911,0.004877,0.004884,1990748.1
2026-07-22 19:00:00+00:00,0.004884,0.004891,0.004855,0.004889,4426055.2
2026-07-22 20:00:00+00:00,0.004885,0.004896,0.004878,0.004888,4133807.7
2026-07-22 21:00:00+00:00,0.004889,0.004907,0.004881,0.004902,1364207.4
2026-07-22 22:00:00+00:00,0.0049,0.0049,0.004877,0.004878,1353798.4
2026-07-22 23:00:00+00:00,0.004879,0.004882,0.004854,0.004876,2453064.2
2026-07-23 00:00:00+00:00,0.004877,0.004895,0.004874,0.004885,1446264.1
2026-07-23 01:00:00+00:00,0.004884,0.004891,0.004867,0.004874,1640532.5
2026-07-23 02:00:00+00:00,0.004874,0.004888,0.00487,0.004888,2252221.0
2026-07-23 03:00:00+00:00,0.004889,0.004892,0.004856,0.004865,2137932.2
2026-07-23 04:00:00+00:00,0.004866,0.004867,0.004853,0.004854,1894473.6
2026-07-23 05:00:00+00:00,0.004854,0.004868,0.004824,0.004834,7600518.3
2026-07-23 06:00:00+00:00,0.004833,0.00485,0.004827,0.004846,2330976.8
2026-07-23 07:00:00+00:00,0.004847,0.004848,0.00481,0.004824,1655753.4
2026-07-23 08:00:00+00:00,0.004823,0.004845,0.004819,0.004834,2723505.0
2026-07-23 09:00:00+00:00,0.004834,0.004841,0.004816,0.004817,1208063.1
2026-07-23 10:00:00+00:00,0.004816,0.004837,0.004815,0.004826,2257482.9
2026-07-23 11:00:00+00:00,0.004826,0.004847,0.004818,0.004841,2243091.7
2026-07-23 12:00:00+00:00,0.004841,0.004846,0.004803,0.004837,2411805.5
2026-07-23 13:00:00+00:00,0.004836,0.004848,0.004813,0.004832,3148425.6
2026-07-23 14:00:00+00:00,0.004831,0.004861,0.004824,0.004852,3855707.0
2026-07-23 15:00:00+00:00,0.00485,0.00486,0.004802,0.004858,3483592.7
2026-07-23 16:00:00+00:00,0.004858,0.004858,0.004818,0.004825,3025171.2
2026-07-23 17:00:00+00:00,0.004824,0.004825,0.004774,0.004783,7211806.2
2026-07-23 18:00:00+00:00,0.004784,0.004804,0.004783,0.004792,2429335.4
2026-07-23 19:00:00+00:00,0.004791,0.004807,0.004779,0.004798,1872077.7
2026-07-23 20:00:00+00:00,0.004797,0.004827,0.004797,0.004811,816482.7
2026-07-23 21:00:00+00:00,0.004812,0.004818,0.004785,0.004795,1909823.4
2026-07-23 22:00:00+00:00,0.004795,0.004798,0.004782,0.004785,923870.3
2026-07-23 23:00:00+00:00,0.004787,0.004787,0.004776,0.004781,2965191.9
2026-07-24 00:00:00+00:00,0.004778,0.004783,0.004756,0.004767,4005377.6
2026-07-24 01:00:00+00:00,0.004769,0.004769,0.004718,0.004756,6758578.4
2026-07-24 02:00:00+00:00,0.004756,0.004775,0.004756,0.004768,2151263.2
2026-07-24 03:00:00+00:00,0.004771,0.004798,0.004769,0.004791,2942051.6
2026-07-24 04:00:00+00:00,0.004792,0.004793,0.004773,0.004776,5834670.1
2026-07-24 05:00:00+00:00,0.004776,0.004789,0.004774,0.004782,3568876.1
2026-07-24 06:00:00+00:00,0.004782,0.004827,0.00478,0.004795,14735134.6
2026-07-24 07:00:00+00:00,0.004795,0.004816,0.00479,0.004802,1982924.8
2026-07-24 08:00:00+00:00,0.004805,0.004809,0.004788,0.004797,1444706.3
2026-07-24 09:00:00+00:00,0.004797,0.004805,0.004781,0.004803,1527444.6
2026-07-24 10:00:00+00:00,0.004801,0.004801,0.004764,0.004765,2031719.5
2026-07-24 11:00:00+00:00,0.00476,0.004769,0.004752,0.004763,1333679.6
2026-07-24 12:00:00+00:00,0.004766,0.004766,0.004729,0.004729,1658698.5
2026-07-24 13:00:00+00:00,0.004729,0.004732,0.004692,0.004709,11042374.2
2026-07-24 14:00:00+00:00,0.004709,0.004723,0.004688,0.004717,8800969.5
2026-07-24 15:00:00+00:00,0.004719,0.004739,0.004714,0.004723,1488871.7
2026-07-24 16:00:00+00:00,0.004721,0.004747,0.00471,0.004737,5535640.2
2026-07-24 17:00:00+00:00,0.004736,0.004739,0.004721,0.00473,1647970.3
2026-07-24 18:00:00+00:00,0.004731,0.004733,0.004706,0.004711,3312632.2
2026-07-24 19:00:00+00:00,0.004711,0.004712,0.004703,0.004708,1501363.7
2026-07-24 20:00:00+00:00,0.004708,0.004712,0.004694,0.0047,1526608.6
2026-07-24 21:00:00+00:00,0.0047,0.004701,0.00468,0.004682,3062408.0
2026-07-24 22:00:00+00:00,0.004682,0.004705,0.004648,0.004695,12913759.8
2026-07-24 23:00:00+00:00,0.004701,0.004706,0.004688,0.004703,1862574.7
2026-07-25 00:00:00+00:00,0.004704,0.004704,0.004682,0.004699,2631478.4
2026-07-25 01:00:00+00:00,0.004699,0.004701,0.004674,0.004677,1228247.2
2026-07-25 02:00:00+00:00,0.004678,0.004682,0.004671,0.004674,587821.2
2026-07-25 03:00:00+00:00,0.004677,0.004685,0.004676,0.004682,1670866.1
2026-07-25 04:00:00+00:00,0.004684,0.004722,0.004678,0.004717,10102162.0
2026-07-25 05:00:00+00:00,0.004722,0.00474,0.004709,0.004737,11483863.1
2026-07-25 06:00:00+00:00,0.004736,0.004741,0.004698,0.004699,50531195.0
2026-07-25 07:00:00+00:00,0.004704,0.00472,0.004649,0.004653,39465434.8
2026-07-25 08:00:00+00:00,0.004654,0.004654,0.00455,0.004591,88219314.8
2026-07-25 09:00:00+00:00,0.004591,0.0046,0.004529,0.004596,17435706.2
2026-07-25 10:00:00+00:00,0.004595,0.004609,0.004586,0.004609,5638613.7
2026-07-25 11:00:00+00:00,0.004609,0.004609,0.004591,0.004601,3348686.1
2026-07-25 12:00:00+00:00,0.004602,0.004602,0.004578,0.004599,7383588.5
2026-07-25 13:00:00+00:00,0.004602,0.004614,0.004581,0.004608,5503097.3
2026-07-25 14:00:00+00:00,0.004606,0.004614,0.004595,0.004603,5058374.5
2026-07-25 15:00:00+00:00,0.004604,0.004627,0.004593,0.004618,7445693.7
2026-07-25 16:00:00+00:00,0.004619,0.004689,0.004617,0.004667,10694767.7
2026-07-25 17:00:00+00:00,0.00467,0.004706,0.004656,0.004682,9388988.6
2026-07-25 18:00:00+00:00,0.004684,0.004695,0.004672,0.004679,5257618.4
2026-07-25 19:00:00+00:00,0.004679,0.004686,0.00466,0.00468,2427827.7
2026-07-25 20:00:00+00:00,0.004679,0.004679,0.004663,0.004665,1813268.3
2026-07-25 21:00:00+00:00,0.004662,0.004693,0.004658,0.004692,3655025.8
2026-07-25 22:00:00+00:00,0.004692,0.004701,0.00468,0.004681,4855190.4
2026-07-25 23:00:00+00:00,0.004684,0.004699,0.004674,0.004681,3114284.7
2026-07-26 00:00:00+00:00,0.004683,0.004685,0.004663,0.004663,4141044.3
2026-07-26 01:00:00+00:00,0.004663,0.00468,0.004648,0.004677,2808483.0
2026-07-26 02:00:00+00:00,0.004678,0.004695,0.004674,0.004695,4597340.5
2026-07-26 03:00:00+00:00,0.004695,0.004696,0.004682,0.004688,1573715.5
2026-07-26 04:00:00+00:00,0.004692,0.004693,0.004676,0.004686,546356.2
2026-07-26 05:00:00+00:00,0.004684,0.004701,0.004682,0.004698,1921825.3
2026-07-26 06:00:00+00:00,0.004698,0.0047,0.004668,0.004687,1657777.4
2026-07-26 07:00:00+00:00,0.004694,0.004697,0.004678,0.004684,1524086.0
2026-07-26 08:00:00+00:00,0.004682,0.004713,0.004676,0.004696,6683826.8
2026-07-26 09:00:00+00:00,0.004694,0.004701,0.004677,0.004695,3531653.3
2026-07-26 10:00:00+00:00,0.004693,0.004713,0.004687,0.004696,3831584.7
2026-07-26 11:00:00+00:00,0.004696,0.004733,0.004686,0.004692,4569279.4
2026-07-26 12:00:00+00:00,0.00469,0.004707,0.004681,0.004682,2934181.8
2026-07-26 13:00:00+00:00,0.004682,0.004684,0.004674,0.004678,1561276.1
2026-07-26 14:00:00+00:00,0.004679,0.004696,0.004662,0.004665,3231616.5
2026-07-26 15:00:00+00:00,0.004665,0.004711,0.004658,0.00471,4631874.8
2026-07-26 16:00:00+00:00,0.004711,0.00472,0.004698,0.004699,2758619.4
2026-07-26 17:00:00+00:00,0.004694,0.004701,0.004688,0.004693,1767899.7
2026-07-26 18:00:00+00:00,0.004693,0.004705,0.004676,0.004701,3349358.9
2026-07-26 19:00:00+00:00,0.004692,0.004692,0.00468,0.004681,1258230.0
2026-07-26 20:00:00+00:00,0.004682,0.004688,0.004676,0.004676,609518.0
2026-07-26 21:00:00+00:00,0.004678,0.004696,0.004678,0.004691,923204.2
2026-07-26 22:00:00+00:00,0.004692,0.004733,0.004692,0.004728,4130413.7
2026-07-26 23:00:00+00:00,0.004728,0.004747,0.004722,0.004741,3609580.7
2026-07-27 00:00:00+00:00,0.00474,0.004742,0.004714,0.004716,1976736.9
2026-07-27 01:00:00+00:00,0.004716,0.004724,0.004704,0.004722,1076899.6
2026-07-27 02:00:00+00:00,0.004721,0.004735,0.004714,0.004729,1018562.7
2026-07-27 03:00:00+00:00,0.004728,0.004743,0.004721,0.004741,2242754.1
2026-07-27 04:00:00+00:00,0.004739,0.004756,0.004733,0.00474,2341475.7
2026-07-27 05:00:00+00:00,0.004739,0.004758,0.004737,0.004749,1876474.2
2026-07-27 06:00:00+00:00,0.004748,0.004769,0.004721,0.004723,1903031.1
2026-07-27 07:00:00+00:00,0.004721,0.004727,0.004705,0.004708,3059656.9
2026-07-27 08:00:00+00:00,0.004708,0.004712,0.004689,0.004689,4493447.0
2026-07-27 09:00:00+00:00,0.004688,0.004702,0.004676,0.004692,4926916.6
2026-07-27 10:00:00+00:00,0.004692,0.004696,0.004683,0.004686,1027664.2
2026-07-27 11:00:00+00:00,0.004685,0.004685,0.004664,0.004667,2254105.6
2026-07-27 12:00:00+00:00,0.004668,0.004682,0.004652,0.004681,2565693.0
2026-07-27 13:00:00+00:00,0.004683,0.004708,0.004657,0.004685,2361747.6
2026-07-27 14:00:00+00:00,0.004684,0.004693,0.004572,0.004607,7782500.6
2026-07-27 15:00:00+00:00,0.004606,0.004611,0.004576,0.004586,4183647.8
2026-07-27 16:00:00+00:00,0.004586,0.004624,0.004582,0.00462,3145530.6
2026-07-27 17:00:00+00:00,0.00462,0.00462,0.004594,0.004595,1713889.2
2026-07-27 18:00:00+00:00,0.004596,0.004606,0.004535,0.004591,15513523.7
2026-07-27 19:00:00+00:00,0.004592,0.004646,0.004592,0.004627,8344191.1
2026-07-27 20:00:00+00:00,0.004628,0.004639,0.004615,0.004637,1519153.2
2026-07-27 21:00:00+00:00,0.004638,0.004639,0.00462,0.004625,535552.7
2026-07-27 22:00:00+00:00,0.00463,0.00463,0.004537,0.004542,9616867.8
2026-07-27 23:00:00+00:00,0.004542,0.00455,0.004512,0.004537,9855726.2
2026-07-28 00:00:00+00:00,0.004529,0.00453,0.004484,0.004509,8491580.5
2026-07-28 01:00:00+00:00,0.004513,0.004513,0.004463,0.004504,3298854.4
2026-07-28 02:00:00+00:00,0.004504,0.004528,0.004502,0.004527,2114529.2
2026-07-28 03:00:00+00:00,0.004527,0.004527,0.004511,0.004519,2190417.0
2026-07-28 04:00:00+00:00,0.004519,0.00452,0.004501,0.00451,3719511.8
2026-07-28 05:00:00+00:00,0.004509,0.004525,0.004509,0.00451,3256067.8
2026-07-28 06:00:00+00:00,0.004513,0.004529,0.004506,0.004526,3401531.8
2026-07-28 07:00:00+00:00,0.004527,0.004545,0.004501,0.004509,4548037.6
2026-07-28 08:00:00+00:00,0.004512,0.004521,0.004509,0.004516,2243257.5
2026-07-28 09:00:00+00:00,0.004521,0.004538,0.004515,0.00453,3511115.2
2026-07-28 10:00:00+00:00,0.00453,0.004547,0.004529,0.004544,3120583.7
2026-07-28 11:00:00+00:00,0.004544,0.004563,0.004527,0.004558,8886249.9
2026-07-28 12:00:00+00:00,0.00456,0.004571,0.00454,0.004569,2990398.9
2026-07-28 13:00:00+00:00,0.004572,0.004589,0.004502,0.004533,10722352.8
2026-07-28 14:00:00+00:00,0.004543,0.004552,0.004487,0.004498,81933628.2
2026-07-28 15:00:00+00:00,0.004497,0.004569,0.004471,0.004554,23111399.6
2026-07-28 16:00:00+00:00,0.004554,0.004578,0.004537,0.004577,5110180.8
2026-07-28 17:00:00+00:00,0.004577,0.004577,0.004518,0.004525,3005022.8
2026-07-28 18:00:00+00:00,0.004525,0.004544,0.004523,0.004526,2660852.5
2026-07-28 19:00:00+00:00,0.004529,0.004545,0.004525,0.004543,1972596.4
2026-07-28 20:00:00+00:00,0.004543,0.004549,0.004533,0.004546,2185152.9
2026-07-28 21:00:00+00:00,0.004547,0.004577,0.004544,0.004568,3830232.6
2026-07-28 22:00:00+00:00,0.004562,0.004567,0.004527,0.004533,2575657.5
2026-07-28 23:00:00+00:00,0.004534,0.00458,0.004523,0.00457,3755592.4
2026-07-29 00:00:00+00:00,0.00457,0.004617,0.004557,0.004593,10102728.0
2026-07-29 01:00:00+00:00,0.004592,0.004592,0.00452,0.004525,7078372.4
2026-07-29 02:00:00+00:00,0.00452,0.004555,0.004512,0.004539,1755301.3
2026-07-29 03:00:00+00:00,0.00454,0.00454,0.004474,0.004474,4881476.4
2026-07-29 04:00:00+00:00,0.004479,0.004497,0.004459,0.004488,5672711.6
2026-07-29 05:00:00+00:00,0.004489,0.004512,0.004487,0.0045,3965823.1
2026-07-29 06:00:00+00:00,0.004498,0.004519,0.004488,0.004499,3801641.0
2026-07-29 07:00:00+00:00,0.004496,0.004532,0.004484,0.00453,5837630.4
2026-07-29 08:00:00+00:00,0.004533,0.004539,0.004508,0.004513,3865767.6
2026-07-29 09:00:00+00:00,0.004517,0.004537,0.004517,0.004537,2049358.5
2026-07-29 10:00:00+00:00,0.004541,0.004541,0.004518,0.004525,2508942.5
2026-07-29 11:00:00+00:00,0.004523,0.004547,0.004523,0.004544,2895349.7
2026-07-29 12:00:00+00:00,0.004539,0.004546,0.004516,0.004521,4093109.5
2026-07-29 13:00:00+00:00,0.00452,0.004529,0.004505,0.004525,5816457.6
2026-07-29 14:00:00+00:00,0.004529,0.00453,0.004481,0.004486,3543995.5
2026-07-29 15:00:00+00:00,0.004483,0.004492,0.004472,0.004479,1871505.5
2026-07-29 16:00:00+00:00,0.004481,0.004501,0.00447,0.00448,4649442.2
2026-07-29 17:00:00+00:00,0.00448,0.004542,0.004478,0.004539,4589924.3
2026-07-29 18:00:00+00:00,0.004543,0.004575,0.004511,0.004557,7733022.9
2026-07-29 19:00:00+00:00,0.004557,0.004559,0.004473,0.004485,4591801.9
2026-07-29 20:00:00+00:00,0.004485,0.004489,0.00442,0.004423,8288335.0
2026-07-29 21:00:00+00:00,0.004422,0.004466,0.004408,0.004464,7026282.3
2026-07-29 22:00:00+00:00,0.004468,0.004489,0.004468,0.004484,3162008.5
2026-07-29 23:00:00+00:00,0.004485,0.004498,0.004479,0.004491,1896747.9
2026-07-30 00:00:00+00:00,0.004493,0.004501,0.004472,0.004482,1771133.9
2026-07-30 01:00:00+00:00,0.004487,0.004542,0.004485,0.004539,2198401.9
2026-07-30 02:00:00+00:00,0.004541,0.004542,0.004518,0.004518,1931514.1
2026-07-30 03:00:00+00:00,0.004516,0.00452,0.004504,0.004514,1521062.9
2026-07-30 04:00:00+00:00,0.004513,0.004515,0.004498,0.004507,1676707.8
2026-07-30 05:00:00+00:00,0.004509,0.004536,0.004507,0.004533,3216521.1
2026-07-30 06:00:00+00:00,0.004536,0.004555,0.004531,0.00454,2662346.7
2026-07-30 07:00:00+00:00,0.00454,0.004556,0.004539,0.004543,1528415.7
2026-07-30 08:00:00+00:00,0.004545,0.004587,0.004544,0.004577,5608826.2
2026-07-30 09:00:00+00:00,0.004577,0.00462,0.004577,0.004595,11399590.7
2026-07-30 10:00:00+00:00,0.004596,0.004606,0.00458,0.004581,3826934.6
2026-07-30 11:00:00+00:00,0.004585,0.004607,0.004577,0.004598,4877468.8
2026-07-30 12:00:00+00:00,0.004598,0.004629,0.004591,0.004608,9231105.7
2026-07-30 13:00:00+00:00,0.00461,0.004681,0.004604,0.004674,6570059.1
2026-07-30 14:00:00+00:00,0.004672,0.00486,0.004671,0.004747,53113672.8
2026-07-30 15:00:00+00:00,0.004748,0.00483,0.00474,0.00481,12175549.2
2026-07-30 16:00:00+00:00,0.004815,0.00489,0.004796,0.004796,23574687.4
2026-07-30 17:00:00+00:00,0.004795,0.0048,0.004764,0.004772,12027093.4
2026-07-30 18:00:00+00:00,0.004774,0.004789,0.004755,0.004781,3091613.8
2026-07-30 19:00:00+00:00,0.004782,0.004789,0.004742,0.004743,4575431.0
2026-07-30 20:00:00+00:00,0.004748,0.004756,0.004717,0.004719,6085953.5
2026-07-30 21:00:00+00:00,0.004716,0.004724,0.004704,0.004717,3039021.1
2026-07-30 22:00:00+00:00,0.004715,0.00474,0.004709,0.004732,5717534.9
2026-07-30 23:00:00+00:00,0.004729,0.004742,0.004703,0.00471,2046331.7
2026-07-31 00:00:00+00:00,0.004706,0.004726,0.004706,0.004726,2349444.2
2026-07-31 01:00:00+00:00,0.004733,0.004779,0.004733,0.004749,5088238.4
2026-07-31 02:00:00+00:00,0.004749,0.00476,0.004728,0.004743,2927522.1
2026-07-31 03:00:00+00:00,0.004743,0.004785,0.004724,0.004771,5573034.3
2026-07-31 04:00:00+00:00,0.004772,0.004779,0.004723,0.004737,4529941.3
2026-07-31 05:00:00+00:00,0.004741,0.004791,0.004741,0.004769,4560885.1
2026-07-31 06:00:00+00:00,0.004769,0.00478,0.004756,0.004777,4490945.0
2026-07-31 07:00:00+00:00,0.004778,0.004785,0.004756,0.004765,8809293.7
2026-07-31 08:00:00+00:00,0.004764,0.004769,0.004743,0.004749,3160266.5
2026-07-31 09:00:00+00:00,0.004748,0.004763,0.004718,0.004727,4586442.1
2026-07-31 10:00:00+00:00,0.004725,0.004728,0.004702,0.004718,3686479.4
2026-07-31 11:00:00+00:00,0.004718,0.004737,0.004703,0.004703,4105633.9
2026-07-31 12:00:00+00:00,0.004704,0.004711,0.00468,0.004702,9316379.7
2026-07-31 13:00:00+00:00,0.0047,0.004709,0.00467,0.004673,3927754.4
2026-07-31 14:00:00+00:00,0.004677,0.00468,0.004613,0.004679,7310574.7
2026-07-31 15:00:00+00:00,0.004674,0.004822,0.004663,0.004782,18146694.4
2026-07-31 16:00:00+00:00,0.004783,0.004791,0.004752,0.004779,3586709.3
2026-07-31 17:00:00+00:00,0.004776,0.00482,0.004761,0.004802,7908236.8
2026-07-31 18:00:00+00:00,0.004802,0.004844,0.004775,0.004823,6991377.5
2026-07-31 19:00:00+00:00,0.004825,0.004834,0.004742,0.004775,15681433.0
2026-07-31 20:00:00+00:00,0.004775,0.004775,0.004753,0.004756,3332101.6
2026-07-31 21:00:00+00:00,0.004757,0.004758,0.004737,0.004742,1638919.8
2026-07-31 22:00:00+00:00,0.004742,0.004761,0.004727,0.004732,1500312.8
2026-07-31 23:00:00+00:00,0.004731,0.004754,0.004731,0.004754,1440368.8
2026-08-01 00:00:00+00:00,0.004752,0.004758,0.004735,0.004742,3358010.0
2026-08-01 01:00:00+00:00,0.004745,0.00475,0.004734,0.004738,1156590.0
2026-08-01 02:00:00+00:00,0.004739,0.004753,0.004737,0.00475,1547943.0
2026-08-01 03:00:00+00:00,0.004748,0.004771,0.004745,0.004745,3263439.7
2026-08-01 04:00:00+00:00,0.004749,0.004781,0.004747,0.004766,2256829.3
2026-08-01 05:00:00+00:00,0.004763,0.00477,0.00475,0.004754,1458602.5
2026-08-01 06:00:00+00:00,0.004755,0.004755,0.004744,0.004746,625724.8
2026-08-01 07:00:00+00:00,0.004742,0.004749,0.004722,0.004722,1999923.6
2026-08-01 08:00:00+00:00,0.004724,0.004742,0.004716,0.004734,3082328.4
2026-08-01 09:00:00+00:00,0.004735,0.004773,0.004727,0.004773,4305866.8
2026-08-01 10:00:00+00:00,0.004774,0.004793,0.004728,0.004734,10304978.1
2026-08-01 11:00:00+00:00,0.004732,0.004748,0.004727,0.004745,1977309.8
2026-08-01 12:00:00+00:00,0.004741,0.004748,0.004729,0.004736,2747204.7
2026-08-01 13:00:00+00:00,0.004731,0.004734,0.004711,0.004717,2463274.9
2026-08-01 14:00:00+00:00,0.004714,0.004726,0.004698,0.0047,3611196.5
2026-08-01 15:00:00+00:00,0.004698,0.0047,0.004678,0.004678,3239111.3
2026-08-01 16:00:00+00:00,0.004678,0.004682,0.004657,0.004669,5224476.6
2026-08-01 17:00:00+00:00,0.004665,0.004677,0.004627,0.004655,4913528.5
2026-08-01 18:00:00+00:00,0.004656,0.004662,0.004588,0.004611,5306203.5
2026-08-01 19:00:00+00:00,0.004612,0.004631,0.004607,0.004623,1699248.1
2026-08-01 20:00:00+00:00,0.00462,0.004632,0.004607,0.004621,5292248.5
2026-08-01 21:00:00+00:00,0.004621,0.004641,0.00462,0.004641,1682803.1
2026-08-01 22:00:00+00:00,0.00464,0.004652,0.004636,0.004641,1157056.1
2026-08-01 23:00:00+00:00,0.004639,0.00467,0.004631,0.004652,7610332.9
2026-08-02 00:00:00+00:00,0.004647,0.004666,0.004639,0.004657,3063505.4
2026-08-02 01:00:00+00:00,0.004658,0.004695,0.004655,0.004684,4560291.1
2026-08-02 02:00:00+00:00,0.004681,0.004723,0.004681,0.004712,6095124.5
2026-08-02 03:00:00+00:00,0.004712,0.004713,0.00468,0.004685,2814931.2
2026-08-02 04:00:00+00:00,0.004684,0.004688,0.004675,0.004687,753250.4
2026-08-02 05:00:00+00:00,0.004689,0.004704,0.004675,0.004684,3245875.6
2026-08-02 06:00:00+00:00,0.004685,0.00469,0.004667,0.004672,1647459.8
2026-08-02 07:00:00+00:00,0.00467,0.004695,0.004669,0.004678,4101338.3
2026-08-02 08:00:00+00:00,0.004678,0.0047,0.004652,0.004663,10350943.1
2026-08-02 09:00:00+00:00,0.004666,0.004719,0.004663,0.00467,27915377.4
2026-08-02 10:00:00+00:00,0.004671,0.004681,0.004669,0.004677,1530034.0
2026-08-02 11:00:00+00:00,0.004681,0.004704,0.004681,0.004701,3296628.8
2026-08-02 12:00:00+00:00,0.004701,0.004774,0.004692,0.004724,14634097.3
2026-08-02 13:00:00+00:00,0.004726,0.004727,0.004687,0.004705,6768398.3
2026-08-02 14:00:00+00:00,0.004702,0.004708,0.004682,0.004687,3953118.6
2026-08-02 15:00:00+00:00,0.00469,0.004697,0.004681,0.004685,1223915.2
2026-08-02 16:00:00+00:00,0.004686,0.004692,0.004671,0.004689,1598057.9
2026-08-02 17:00:00+00:00,0.00469,0.004706,0.004689,0.004703,1448920.3
2026-08-02 18:00:00+00:00,0.004706,0.004708,0.004689,0.004692,2299569.4
2026-08-02 19:00:00+00:00,0.00469,0.004694,0.004684,0.004685,235524.2
2026-08-02 20:00:00+00:00,0.004686,0.004699,0.004676,0.004698,1966376.9
2026-08-02 21:00:00+00:00,0.004698,0.004717,0.004688,0.004705,3664624.9
2026-08-02 22:00:00+00:00,0.004719,0.004721,0.004687,0.004688,3428000.5
2026-08-02 23:00:00+00:00,0.004687,0.004717,0.004681,0.004707,3176059.5
2026-08-03 00:00:00+00:00,0.004705,0.004707,0.004681,0.004687,1057528.5
2026-08-03 01:00:00+00:00,0.004682,0.004688,0.004652,0.004663,1257791.3
2026-08-03 02:00:00+00:00,0.004659,0.004668,0.00465,0.004656,2331032.4
2026-08-03 03:00:00+00:00,0.004655,0.004664,0.00464,0.004657,2015958.9
2026-08-03 04:00:00+00:00,0.004662,0.004669,0.004654,0.00466,1782509.5
2026-08-03 05:00:00+00:00,0.004656,0.004672,0.004633,0.004662,4889325.7
2026-08-03 06:00:00+00:00,0.004665,0.004665,0.004631,0.004631,2358045.4
2026-08-03 07:00:00+00:00,0.004633,0.004647,0.00463,0.00464,2556096.6
2026-08-03 08:00:00+00:00,0.004636,0.004655,0.004626,0.004655,5322192.1
2026-08-03 09:00:00+00:00,0.004655,0.004698,0.004652,0.004692,5556939.1
2026-08-03 10:00:00+00:00,0.00469,0.004692,0.004651,0.004657,2986398.4
2026-08-03 11:00:00+00:00,0.004657,0.004666,0.004651,0.004663,1320844.5
2026-08-03 12:00:00+00:00,0.004665,0.004681,0.004655,0.004674,3604519.4
2026-08-03 13:00:00+00:00,0.004676,0.004738,0.004675,0.004737,4722549.1
2026-08-03 14:00:00+00:00,0.004735,0.004749,0.004721,0.004725,3253459.3
2026-08-03 15:00:00+00:00,0.004724,0.004738,0.004714,0.004738,2595179.6
2026-08-03 16:00:00+00:00,0.004744,0.004754,0.004729,0.004738,2887341.7
2026-08-03 17:00:00+00:00,0.004738,0.00476,0.004716,0.00476,4266551.2
2026-08-03 18:00:00+00:00,0.004755,0.004851,0.004754,0.004803,11227101.1
2026-08-03 19:00:00+00:00,0.004799,0.004807,0.004761,0.004766,3869364.7
2026-08-03 20:00:00+00:00,0.004764,0.00478,0.004761,0.004776,1725122.8
2026-08-03 21:00:00+00:00,0.004774,0.00478,0.004765,0.004775,2785143.4
2026-08-03 22:00:00+00:00,0.004778,0.004778,0.004737,0.004743,3167006.7
2026-08-03 23:00:00+00:00,0.004743,0.004744,0.004731,0.004736,1349551.2
2026-08-04 00:00:00+00:00,0.004735,0.004745,0.00472,0.004721,2786245.5
2026-08-04 01:00:00+00:00,0.00472,0.00476,0.00472,0.004751,2045102.4
2026-08-04 02:00:00+00:00,0.004749,0.004764,0.00474,0.004743,2121460.3
2026-08-04 03:00:00+00:00,0.004743,0.004744,0.004722,0.004723,2994843.4
2026-08-04 04:00:00+00:00,0.004721,0.00475,0.004717,0.004733,2999793.6
2026-08-04 05:00:00+00:00,0.004734,0.004734,0.00472,0.004725,1257083.1
2026-08-04 06:00:00+00:00,0.004725,0.004741,0.004713,0.004716,2126024.3
2026-08-04 07:00:00+00:00,0.004717,0.004726,0.004694,0.004719,2493078.6
2026-08-04 08:00:00+00:00,0.004719,0.00472,0.004711,0.004712,648442.8
2026-08-04 09:00:00+00:00,0.004709,0.004713,0.004702,0.004712,1567117.7
2026-08-04 10:00:00+00:00,0.004713,0.004713,0.00469,0.004705,1893254.9
2026-08-04 11:00:00+00:00,0.004706,0.004709,0.004694,0.004707,1872441.9
2026-08-04 12:00:00+00:00,0.004699,0.004714,0.004684,0.004702,4606440.3
2026-08-04 13:00:00+00:00,0.004702,0.004713,0.004682,0.004687,6685889.5
2026-08-04 14:00:00+00:00,0.004683,0.004695,0.00467,0.004689,2455749.1
2026-08-04 15:00:00+00:00,0.004691,0.004698,0.004668,0.004685,3120527.9
2026-08-04 16:00:00+00:00,0.004684,0.004685,0.004659,0.004663,2759097.6
2026-08-04 17:00:00+00:00,0.004663,0.004668,0.004657,0.004658,2659713.3
2026-08-04 18:00:00+00:00,0.004658,0.00468,0.004658,0.004669,2363663.0
2026-08-04 19:00:00+00:00,0.004668,0.004682,0.004668,0.004671,1515868.7
2026-08-04 20:00:00+00:00,0.00467,0.004692,0.004655,0.004682,6674699.1
2026-08-04 21:00:00+00:00,0.004681,0.004682,0.004667,0.004675,1446645.7
2026-08-04 22:00:00+00:00,0.004673,0.004679,0.004667,0.004672,3065436.6
2026-08-04 23:00:00+00:00,0.004669,0.004682,0.004658,0.00466,2643578.1
2026-08-05 00:00:00+00:00,0.004659,0.004666,0.00464,0.004641,4645267.8
2026-08-05 01:00:00+00:00,0.004642,0.004672,0.004637,0.004669,2148164.5
2026-08-05 02:00:00+00:00,0.004669,0.00469,0.004649,0.004678,4734422.6
2026-08-05 03:00:00+00:00,0.00468,0.004682,0.004655,0.004656,1346191.4
2026-08-05 04:00:00+00:00,0.004651,0.00466,0.004651,0.004655,572659.6
2026-08-05 05:00:00+00:00,0.004655,0.004674,0.004655,0.004664,863373.2
2026-08-05 06:00:00+00:00,0.004662,0.004664,0.004651,0.004656,3009615.3
2026-08-05 07:00:00+00:00,0.004657,0.004663,0.004647,0.004663,1017597.9
2026-08-05 08:00:00+00:00,0.004671,0.004671,0.004638,0.004641,1212147.4
2026-08-05 09:00:00+00:00,0.004641,0.004646,0.004636,0.004639,908216.5
2026-08-05 10:00:00+00:00,0.00464,0.004649,0.004633,0.004638,2561248.8
2026-08-05 11:00:00+00:00,0.004636,0.004652,0.00463,0.004637,1335862.2
2026-08-05 12:00:00+00:00,0.004638,0.004667,0.004634,0.004648,1884836.1
2026-08-05 13:00:00+00:00,0.004649,0.004656,0.00462,0.00464,4941413.4
2026-08-05 14:00:00+00:00,0.00464,0.00468,0.004632,0.004677,6679431.6
2026-08-05 15:00:00+00:00,0.004679,0.004683,0.004647,0.004649,4665687.5
2026-08-05 16:00:00+00:00,0.004649,0.004683,0.004646,0.004656,2215717.5
2026-08-05 17:00:00+00:00,0.004659,0.004676,0.004648,0.004672,1419903.7
2026-08-05 18:00:00+00:00,0.004667,0.004676,0.004655,0.004661,1352262.5
2026-08-05 19:00:00+00:00,0.004659,0.004667,0.004657,0.00466,1061576.5
2026-08-05 20:00:00+00:00,0.00466,0.004677,0.004651,0.00466,1778893.1
2026-08-05 21:00:00+00:00,0.004658,0.004658,0.004642,0.004645,1294557.5
2026-08-05 22:00:00+00:00,0.004646,0.004657,0.004642,0.004642,1059661.3
2026-08-05 23:00:00+00:00,0.00464,0.004648,0.004637,0.004641,935708.5
2026-08-06 00:00:00+00:00,0.004636,0.004667,0.004636,0.00466,600034.7
2026-08-06 01:00:00+00:00,0.004665,0.004667,0.00464,0.00464,2595892.1
2026-08-06 02:00:00+00:00,0.004638,0.004639,0.0046,0.004624,3063244.8
2026-08-06 03:00:00+00:00,0.004624,0.004637,0.004617,0.004625,864550.5
2026-08-06 04:00:00+00:00,0.004623,0.004646,0.004619,0.00464,819351.8
2026-08-06 05:00:00+00:00,0.004646,0.004659,0.004646,0.004654,414588.3
2026-08-06 06:00:00+00:00,0.004655,0.004672,0.004647,0.00467,964701.2
2026-08-06 07:00:00+00:00,0.004671,0.004672,0.004652,0.004653,1811111.9
2026-08-06 08:00:00+00:00,0.004652,0.004658,0.004625,0.004656,2734315.8
2026-08-06 09:00:00+00:00,0.004654,0.004667,0.00463,0.004637,1961334.1
2026-08-06 10:00:00+00:00,0.004636,0.004636,0.004621,0.004628,1672137.5
2026-08-06 11:00:00+00:00,0.004626,0.00466,0.004617,0.004649,3288622.1
2026-08-06 12:00:00+00:00,0.00465,0.00465,0.004634,0.004638,1443495.0
2026-08-06 13:00:00+00:00,0.004637,0.004656,0.004628,0.004652,3833698.2
2026-08-06 14:00:00+00:00,0.00465,0.004681,0.00464,0.00468,4282310.0
2026-08-06 15:00:00+00:00,0.004679,0.004699,0.004663,0.004665,7299887.4
2026-08-06 16:00:00+00:00,0.004664,0.004694,0.004662,0.004692,2601388.7
2026-08-06 17:00:00+00:00,0.004694,0.004705,0.004659,0.00466,2204053.0
2026-08-06 18:00:00+00:00,0.004655,0.004659,0.004631,0.004637,3526222.2
2026-08-06 19:00:00+00:00,0.004634,0.004642,0.004628,0.004628,3307047.7
2026-08-06 20:00:00+00:00,0.004627,0.004648,0.004626,0.004639,2815611.6
2026-08-06 21:00:00+00:00,0.00464,0.004649,0.00463,0.004642,2771447.1
2026-08-06 22:00:00+00:00,0.004644,0.004644,0.004631,0.004631,2252499.4
2026-08-06 23:00:00+00:00,0.00463,0.004639,0.004626,0.004638,1694822.2
2026-08-07 00:00:00+00:00,0.004635,0.004644,0.004626,0.004632,2496425.0
2026-08-07 01:00:00+00:00,0.004634,0.004643,0.004618,0.00462,2071435.0
2026-08-07 02:00:00+00:00,0.00462,0.004633,0.004612,0.004616,2203359.5
2026-08-07 03:00:00+00:00,0.004614,0.004623,0.004596,0.004597,3114820.4
2026-08-07 04:00:00+00:00,0.004596,0.004607,0.004588,0.004594,3101327.8
2026-08-07 05:00:00+00:00,0.004594,0.004628,0.004594,0.004628,1286176.2
2026-08-07 06:00:00+00:00,0.00463,0.004635,0.004612,0.004622,3097268.3
2026-08-07 07:00:00+00:00,0.00462,0.004639,0.004614,0.004628,2628372.6
2026-08-07 08:00:00+00:00,0.004627,0.004637,0.004624,0.004626,1453130.0
2026-08-07 09:00:00+00:00,0.004626,0.004635,0.00462,0.00462,1824303.0
2026-08-07 10:00:00+00:00,0.004619,0.004626,0.004616,0.004616,810943.9
2026-08-07 11:00:00+00:00,0.004613,0.004647,0.004613,0.004623,5605464.7
2026-08-07 12:00:00+00:00,0.004622,0.004653,0.00462,0.004632,4340318.5
2026-08-07 13:00:00+00:00,0.004632,0.004645,0.004624,0.004634,3863104.8
2026-08-07 14:00:00+00:00,0.004633,0.004653,0.004625,0.004636,2480700.5
2026-08-07 15:00:00+00:00,0.004636,0.004665,0.004631,0.00465,3198576.4
2026-08-07 16:00:00+00:00,0.004652,0.004664,0.004648,0.004649,2614577.3
2026-08-07 17:00:00+00:00,0.004649,0.004671,0.004634,0.004671,4286962.8
2026-08-07 18:00:00+00:00,0.004671,0.00468,0.004658,0.004661,3599861.7
2026-08-07 19:00:00+00:00,0.004665,0.004695,0.004663,0.004671,3782273.3
2026-08-07 20:00:00+00:00,0.004673,0.004674,0.004663,0.004672,998507.5
2026-08-07 21:00:00+00:00,0.004675,0.004682,0.00466,0.004662,2189571.6
2026-08-07 22:00:00+00:00,0.004665,0.004673,0.004664,0.004667,539189.9
2026-08-07 23:00:00+00:00,0.004671,0.004693,0.004669,0.004688,2558804.8
2026-08-08 00:00:00+00:00,0.004688,0.004713,0.004683,0.00471,2652861.2
2026-08-08 01:00:00+00:00,0.004708,0.004722,0.004689,0.004697,2698299.8
2026-08-08 02:00:00+00:00,0.004696,0.0047,0.004688,0.004695,969905.2
2026-08-08 03:00:00+00:00,0.004695,0.00472,0.004695,0.004708,2218155.5
2026-08-08 04:00:00+00:00,0.004709,0.004726,0.004681,0.004694,4933336.4
2026-08-08 05:00:00+00:00,0.004694,0.004698,0.004688,0.004689,2405900.9
2026-08-08 06:00:00+00:00,0.004692,0.004696,0.004683,0.004687,1414585.7
2026-08-08 07:00:00+00:00,0.004689,0.004693,0.004685,0.00469,729926.3
2026-08-08 08:00:00+00:00,0.00469,0.004702,0.004687,0.004697,2167975.9
2026-08-08 09:00:00+00:00,0.004699,0.004706,0.004695,0.004704,1444525.3
2026-08-08 10:00:00+00:00,0.004704,0.00471,0.004696,0.004701,1506245.3
2026-08-08 11:00:00+00:00,0.004705,0.004711,0.004695,0.004698,905033.5
2026-08-08 12:00:00+00:00,0.004697,0.004716,0.004696,0.004715,946616.4
2026-08-08 13:00:00+00:00,0.004718,0.004741,0.004716,0.004734,5262280.7
2026-08-08 14:00:00+00:00,0.004734,0.004745,0.004726,0.004739,2340646.3
2026-08-08 15:00:00+00:00,0.004739,0.00475,0.004739,0.004745,2349882.9
2026-08-08 16:00:00+00:00,0.004743,0.004746,0.004732,0.00474,1429794.7
2026-08-08 17:00:00+00:00,0.00474,0.004744,0.004735,0.004742,1056630.2
2026-08-08 18:00:00+00:00,0.004741,0.004743,0.004726,0.004726,1447501.4
2026-08-08 19:00:00+00:00,0.004726,0.004732,0.004725,0.00473,804408.4
2026-08-08 20:00:00+00:00,0.004731,0.004746,0.004727,0.004741,1942377.6
2026-08-08 21:00:00+00:00,0.004738,0.00474,0.004728,0.004733,769620.7
2026-08-08 22:00:00+00:00,0.004739,0.004739,0.004723,0.004726,1241539.6
2026-08-08 23:00:00+00:00,0.004726,0.00475,0.004723,0.00474,1586319.6
2026-08-09 00:00:00+00:00,0.00474,0.004755,0.00473,0.00475,4252718.0
2026-08-09 01:00:00+00:00,0.004753,0.004778,0.004742,0.004755,4104646.8
2026-08-09 02:00:00+00:00,0.004753,0.00478,0.004751,0.004779,3335674.0
2026-08-09 03:00:00+00:00,0.004779,0.004799,0.004767,0.004787,4883445.7
2026-08-09 04:00:00+00:00,0.004788,0.004826,0.004788,0.004817,7100065.2
2026-08-09 05:00:00+00:00,0.004817,0.004819,0.004792,0.004804,4705006.0
2026-08-09 06:00:00+00:00,0.004804,0.004839,0.004804,0.004831,4077133.2
2026-08-09 07:00:00+00:00,0.004831,0.004831,0.004778,0.00478,4637705.6
2026-08-09 08:00:00+00:00,0.00478,0.004794,0.004772,0.004772,3915830.7
2026-08-09 09:00:00+00:00,0.00477,0.004795,0.004769,0.004779,2622229.9
2026-08-09 10:00:00+00:00,0.004779,0.004795,0.00477,0.004779,2984179.2
2026-08-09 11:00:00+00:00,0.004778,0.004787,0.004769,0.004772,1023148.6
2026-08-09 12:00:00+00:00,0.004767,0.004815,0.00476,0.004776,10178247.0
2026-08-09 13:00:00+00:00,0.004776,0.00479,0.004764,0.004768,4036229.5
2026-08-09 14:00:00+00:00,0.004767,0.004773,0.00476,0.004767,2044646.0
2026-08-09 15:00:00+00:00,0.00477,0.004781,0.00477,0.004781,601823.2
2026-08-09 16:00:00+00:00,0.004779,0.00479,0.004773,0.004776,2373978.2
2026-08-09 17:00:00+00:00,0.004776,0.00478,0.004768,0.004772,784616.7
2026-08-09 18:00:00+00:00,0.004771,0.004774,0.004753,0.004763,1842597.1
2026-08-09 19:00:00+00:00,0.004762,0.004771,0.004759,0.004762,1041719.7
2026-08-09 20:00:00+00:00,0.004759,0.004777,0.004754,0.004759,2106446.8
2026-08-09 21:00:00+00:00,0.004759,0.004768,0.004755,0.004761,1788417.7
2026-08-09 22:00:00+00:00,0.004766,0.004786,0.004748,0.004754,3852802.9
2026-08-09 23:00:00+00:00,0.004753,0.004753,0.004707,0.00471,3496286.1
2026-08-10 00:00:00+00:00,0.004705,0.004742,0.004705,0.004726,1452824.9
2026-08-10 01:00:00+00:00,0.004717,0.004738,0.004708,0.004729,960104.7
2026-08-10 02:00:00+00:00,0.004727,0.004727,0.004703,0.004715,2077967.0
2026-08-10 03:00:00+00:00,0.004709,0.004722,0.004703,0.004703,1429808.5
2026-08-10 04:00:00+00:00,0.004704,0.004713,0.004701,0.004706,1068278.5
2026-08-10 05:00:00+00:00,0.004707,0.004726,0.004706,0.004722,1818783.5
2026-08-10 06:00:00+00:00,0.004722,0.00473,0.004714,0.004721,1586450.1
2026-08-10 07:00:00+00:00,0.004721,0.004729,0.004714,0.004723,1773264.8
2026-08-10 08:00:00+00:00,0.004725,0.004742,0.004718,0.004728,2390047.7
2026-08-10 09:00:00+00:00,0.004727,0.004727,0.004709,0.004714,1476946.5
2026-08-10 10:00:00+00:00,0.004713,0.004735,0.004711,0.004718,4619492.5
2026-08-10 11:00:00+00:00,0.004718,0.004737,0.004717,0.004727,1517968.0
2026-08-10 12:00:00+00:00,0.004727,0.004739,0.004717,0.00472,2211249.1
2026-08-10 13:00:00+00:00,0.004717,0.004723,0.004691,0.0047,2551000.3
2026-08-10 14:00:00+00:00,0.004711,0.004713,0.004681,0.004686,2309603.3
2026-08-10 15:00:00+00:00,0.004686,0.004698,0.004672,0.004677,3266862.3
2026-08-10 16:00:00+00:00,0.004677,0.004693,0.004651,0.004654,4532435.4
2026-08-10 17:00:00+00:00,0.004656,0.004677,0.00464,0.004671,3534650.3
2026-08-10 18:00:00+00:00,0.004672,0.004677,0.004658,0.004664,1319363.9
2026-08-10 19:00:00+00:00,0.004665,0.004672,0.004658,0.004658,1486693.4
2026-08-10 20:00:00+00:00,0.004658,0.004666,0.004655,0.004656,1470232.1
2026-08-10 21:00:00+00:00,0.004656,0.004663,0.004636,0.004636,4007134.8
2026-08-10 22:00:00+00:00,0.00464,0.004647,0.004622,0.004635,1967489.4
2026-08-10 23:00:00+00:00,0.004632,0.004637,0.004622,0.004637,4647676.6
2026-08-11 00:00:00+00:00,0.004633,0.004648,0.004628,0.004645,1017293.3
2026-08-11 01:00:00+00:00,0.004639,0.004674,0.004638,0.004672,3109664.4
2026-08-11 02:00:00+00:00,0.004672,0.004686,0.004667,0.004669,3301899.2
2026-08-11 03:00:00+00:00,0.004669,0.004683,0.004669,0.004682,2361786.4
2026-08-11 04:00:00+00:00,0.004681,0.004691,0.004674,0.004683,3205436.0
2026-08-11 05:00:00+00:00,0.004682,0.004702,0.004652,0.004678,7716944.0
2026-08-11 06:00:00+00:00,0.004682,0.00469,0.004675,0.004681,2753116.8
2026-08-11 07:00:00+00:00,0.004681,0.004702,0.004673,0.004673,8137700.5
2026-08-11 08:00:00+00:00,0.004673,0.004704,0.004669,0.004688,5523984.9
2026-08-11 09:00:00+00:00,0.004687,0.004724,0.004682,0.004691,8660928.6
2026-08-11 10:00:00+00:00,0.00469,0.004699,0.004676,0.004683,5533867.8
2026-08-11 11:00:00+00:00,0.004684,0.004696,0.004678,0.004685,3697440.5
2026-08-11 12:00:00+00:00,0.004685,0.004693,0.004676,0.004693,2738486.8
2026-08-11 13:00:00+00:00,0.004692,0.004702,0.004671,0.004683,2459933.5
2026-08-11 14:00:00+00:00,0.004682,0.004695,0.004633,0.004642,4707436.8
2026-08-11 15:00:00+00:00,0.004637,0.004647,0.004572,0.004598,9984396.3
2026-08-11 16:00:00+00:00,0.004598,0.004634,0.004586,0.004606,5809622.2
2026-08-11 17:00:00+00:00,0.004606,0.004619,0.004597,0.004603,4564354.3
2026-08-11 18:00:00+00:00,0.004602,0.004609,0.004586,0.004608,4030342.9
2026-08-11 19:00:00+00:00,0.004603,0.004607,0.004589,0.004607,1704694.6
2026-08-11 20:00:00+00:00,0.004608,0.004621,0.004605,0.004611,2178149.0
2026-08-11 21:00:00+00:00,0.004614,0.00463,0.004606,0.004625,4798928.4
2026-08-11 22:00:00+00:00,0.004628,0.004642,0.004622,0.004629,2264512.1
2026-08-11 23:00:00+00:00,0.004621,0.004636,0.004621,0.004627,1300744.8
2026-08-12 00:00:00+00:00,0.004627,0.004636,0.004619,0.004622,4420989.5
2026-08-12 01:00:00+00:00,0.004622,0.004634,0.004618,0.004634,1114943.1
2026-08-12 02:00:00+00:00,0.004632,0.00464,0.004625,0.004637,1899335.8
2026-08-12 03:00:00+00:00,0.004642,0.004655,0.004635,0.004636,1790507.9
2026-08-12 04:00:00+00:00,0.004634,0.004643,0.004629,0.004636,2001468.0
2026-08-12 05:00:00+00:00,0.004634,0.004647,0.004634,0.00464,1407068.3
2026-08-12 06:00:00+00:00,0.004645,0.004653,0.00463,0.00463,6923344.7
2026-08-12 07:00:00+00:00,0.00463,0.004639,0.004625,0.004635,1349552.8
2026-08-12 08:00:00+00:00,0.004633,0.004633,0.004613,0.004613,2407131.0
2026-08-12 09:00:00+00:00,0.004613,0.004644,0.004612,0.004639,1373840.5
2026-08-12 10:00:00+00:00,0.004638,0.004647,0.004628,0.00464,1447036.3
2026-08-12 11:00:00+00:00,0.004644,0.004654,0.004636,0.004654,1577049.9
2026-08-12 12:00:00+00:00,0.00465,0.004662,0.004633,0.00464,3603416.5
2026-08-12 13:00:00+00:00,0.004637,0.004644,0.00463,0.004638,1653212.9
2026-08-12 14:00:00+00:00,0.004635,0.004637,0.0046,0.004605,5018639.1
2026-08-12 15:00:00+00:00,0.004603,0.004626,0.004596,0.004617,3289693.4
2026-08-12 16:00:00+00:00,0.004617,0.004618,0.004578,0.004589,5598291.3
2026-08-12 17:00:00+00:00,0.004589,0.004598,0.004548,0.00455,16756501.8
2026-08-12 18:00:00+00:00,0.00455,0.004552,0.004498,0.004531,33633302.2
2026-08-12 19:00:00+00:00,0.004531,0.004545,0.004519,0.004536,3567084.0
2026-08-12 20:00:00+00:00,0.004537,0.004552,0.004537,0.004543,1946432.6
2026-08-12 21:00:00+00:00,0.00455,0.00455,0.004482,0.00449,4708586.8
2026-08-12 22:00:00+00:00,0.004486,0.004488,0.00434,0.004426,36659570.9
2026-08-12 23:00:00+00:00,0.004425,0.004431,0.00441,0.004415,5119472.9
2026-08-13 00:00:00+00:00,0.004417,0.004419,0.004376,0.004384,8206554.3
2026-08-13 01:00:00+00:00,0.00438,0.004403,0.004369,0.004397,8898471.5
2026-08-13 02:00:00+00:00,0.004399,0.004419,0.004394,0.004418,4615701.8
2026-08-13 03:00:00+00:00,0.004419,0.004466,0.004409,0.00446,12156504.2
2026-08-13 04:00:00+00:00,0.004461,0.004462,0.004436,0.004449,6989839.8
2026-08-13 05:00:00+00:00,0.004448,0.004481,0.004447,0.004468,4034294.1
2026-08-13 06:00:00+00:00,0.004467,0.004475,0.004461,0.004475,1873363.1
2026-08-13 07:00:00+00:00,0.004478,0.00449,0.004474,0.004481,2531487.3
2026-08-13 08:00:00+00:00,0.004481,0.004491,0.004471,0.004489,1926763.4
2026-08-13 09:00:00+00:00,0.004491,0.004511,0.004478,0.004504,4081903.2
2026-08-13 10:00:00+00:00,0.004505,0.004505,0.004476,0.004479,2354939.9
2026-08-13 11:00:00+00:00,0.004479,0.004493,0.004478,0.004484,2427460.3
2026-08-13 12:00:00+00:00,0.004481,0.004499,0.004473,0.004473,2941852.0
2026-08-13 13:00:00+00:00,0.004476,0.004503,0.004458,0.004503,6381756.0
2026-08-13 14:00:00+00:00,0.004498,0.004534,0.004472,0.004533,21684990.9
2026-08-13 15:00:00+00:00,0.004529,0.004532,0.004477,0.004477,6491984.9
2026-08-13 16:00:00+00:00,0.004478,0.004498,0.004446,0.004451,5882533.1
2026-08-13 17:00:00+00:00,0.004453,0.004479,0.004453,0.004476,1834446.8
2026-08-13 18:00:00+00:00,0.004479,0.004564,0.004479,0.004551,17646125.0
2026-08-13 19:00:00+00:00,0.004551,0.00462,0.004543,0.004573,8898449.4
2026-08-13 20:00:00+00:00,0.004574,0.004577,0.004526,0.004527,4838382.3
2026-08-13 21:00:00+00:00,0.004525,0.004548,0.004521,0.004539,2048601.7
2026-08-13 22:00:00+00:00,0.004541,0.004558,0.004526,0.004526,2291806.7
2026-08-13 23:00:00+00:00,0.004526,0.004541,0.004523,0.004535,2220751.4
2026-08-14 00:00:00+00:00,0.004534,0.004547,0.004514,0.004527,4012256.4
2026-08-14 01:00:00+00:00,0.004535,0.004545,0.004522,0.00454,1319232.4
2026-08-14 02:00:00+00:00,0.004543,0.004545,0.00453,0.004533,1512465.6
2026-08-14 03:00:00+00:00,0.004532,0.004536,0.004519,0.004523,2254243.7
2026-08-14 04:00:00+00:00,0.004519,0.004528,0.004515,0.004515,883749.6
2026-08-14 05:00:00+00:00,0.004515,0.004518,0.004503,0.004507,1601116.0
2026-08-14 06:00:00+00:00,0.004508,0.00451,0.004484,0.004484,2622980.9
2026-08-14 07:00:00+00:00,0.004482,0.004489,0.004457,0.004461,2911539.5
2026-08-14 08:00:00+00:00,0.00446,0.004475,0.004454,0.004473,2986193.2
2026-08-14 09:00:00+00:00,0.004471,0.004471,0.004453,0.004456,6027649.5
2026-08-14 10:00:00+00:00,0.004456,0.004468,0.004443,0.004446,9460860.9
2026-08-14 11:00:00+00:00,0.004446,0.004458,0.004445,0.004452,1187083.4
2026-08-14 12:00:00+00:00,0.004452,0.004463,0.004442,0.004458,2172575.7
2026-08-14 13:00:00+00:00,0.004459,0.004472,0.004455,0.004464,2578807.7
2026-08-14 14:00:00+00:00,0.004469,0.004473,0.004457,0.00446,1322994.3
2026-08-14 15:00:00+00:00,0.004455,0.004481,0.00445,0.00448,1747069.3
2026-08-14 16:00:00+00:00,0.00448,0.004526,0.00448,0.004494,4248785.5
2026-08-14 17:00:00+00:00,0.004497,0.004508,0.004493,0.004499,1056361.8
2026-08-14 18:00:00+00:00,0.004499,0.004503,0.004485,0.004493,1175407.3
2026-08-14 19:00:00+00:00,0.004487,0.004492,0.004471,0.004473,2301415.1
2026-08-14 20:00:00+00:00,0.004473,0.004487,0.004468,0.004471,1306517.3
2026-08-14 21:00:00+00:00,0.004469,0.004477,0.004465,0.004466,1312975.5
2026-08-14 22:00:00+00:00,0.004467,0.004476,0.004463,0.004474,1260057.0
2026-08-14 23:00:00+00:00,0.004474,0.004502,0.004474,0.004502,1008948.7
2026-08-15 00:00:00+00:00,0.004502,0.004507,0.004488,0.004494,3370271.3
2026-08-15 01:00:00+00:00,0.004494,0.004498,0.004485,0.004495,1506671.7
2026-08-15 02:00:00+00:00,0.004495,0.004513,0.004493,0.004509,1998382.7
2026-08-15 03:00:00+00:00,0.004507,0.004518,0.004496,0.0045,3148925.7
2026-08-15 04:00:00+00:00,0.004505,0.004514,0.004504,0.004509,888961.4
2026-08-15 05:00:00+00:00,0.004509,0.004511,0.004495,0.004504,2979437.8
2026-08-15 06:00:00+00:00,0.004504,0.004514,0.004494,0.004513,2172585.2
2026-08-15 07:00:00+00:00,0.00451,0.004521,0.004502,0.004518,1014492.1
2026-08-15 08:00:00+00:00,0.004516,0.004525,0.004509,0.004509,1706346.5
2026-08-15 09:00:00+00:00,0.00451,0.004531,0.004506,0.004531,841766.5
2026-08-15 10:00:00+00:00,0.004532,0.004536,0.004524,0.004525,2113934.9
2026-08-15 11:00:00+00:00,0.004523,0.004532,0.004521,0.004531,1392516.6
2026-08-15 12:00:00+00:00,0.004531,0.004542,0.004521,0.004521,1145196.3
2026-08-15 13:00:00+00:00,0.004521,0.004542,0.004516,0.004529,1464343.0
2026-08-15 14:00:00+00:00,0.004529,0.004551,0.004523,0.004543,3587463.0
2026-08-15 15:00:00+00:00,0.004546,0.00455,0.004537,0.004538,2274053.3
2026-08-15 16:00:00+00:00,0.004538,0.004542,0.004524,0.004524,1423570.1
2026-08-15 17:00:00+00:00,0.004524,0.004536,0.0045,0.0045,5055581.0
2026-08-15 18:00:00+00:00,0.004501,0.004516,0.004486,0.004511,2775901.3
2026-08-15 19:00:00+00:00,0.004516,0.00452,0.004508,0.004519,1117477.5
2026-08-15 20:00:00+00:00,0.004517,0.004517,0.0045,0.004512,1306480.5
2026-08-15 21:00:00+00:00,0.004514,0.004519,0.004508,0.004508,1085527.9
2026-08-15 22:00:00+00:00,0.004511,0.004516,0.004505,0.004505,412406.8
2026-08-15 23:00:00+00:00,0.004504,0.004508,0.004491,0.004496,1133227.5
2026-08-16 00:00:00+00:00,0.004494,0.004503,0.004481,0.004486,1931235.5
2026-08-16 01:00:00+00:00,0.004485,0.004495,0.004473,0.004481,2133310.5
2026-08-16 02:00:00+00:00,0.004481,0.004483,0.004465,0.004472,2781506.2
2026-08-16 03:00:00+00:00,0.004473,0.00449,0.004473,0.004482,837124.6
2026-08-16 04:00:00+00:00,0.004481,0.004484,0.00447,0.00447,653707.4
2026-08-16 05:00:00+00:00,0.00447,0.00448,0.004464,0.004465,990419.7
2026-08-16 06:00:00+00:00,0.004467,0.00447,0.004456,0.004458,1701960.5
2026-08-16 07:00:00+00:00,0.004455,0.004477,0.004455,0.004471,1202357.9
2026-08-16 08:00:00+00:00,0.00447,0.004478,0.004467,0.004471,3005832.4
2026-08-16 09:00:00+00:00,0.00447,0.004476,0.004453,0.004454,5819752.2
2026-08-16 10:00:00+00:00,0.004454,0.004458,0.004446,0.004448,825283.9
2026-08-16 11:00:00+00:00,0.004447,0.00445,0.004431,0.004435,4832293.5
2026-08-16 12:00:00+00:00,0.004435,0.004465,0.004431,0.004449,4478756.0
2026-08-16 13:00:00+00:00,0.004451,0.004457,0.004441,0.004447,1746090.7
2026-08-16 14:00:00+00:00,0.004445,0.004448,0.004438,0.00444,3163822.9
2026-08-16 15:00:00+00:00,0.00444,0.00444,0.004422,0.00443,4207469.5
2026-08-16 16:00:00+00:00,0.00443,0.004446,0.004422,0.004432,1955209.6
2026-08-16 17:00:00+00:00,0.004434,0.004435,0.004417,0.004425,1737631.3
2026-08-16 18:00:00+00:00,0.004419,0.004426,0.004391,0.004394,5341021.4
2026-08-16 19:00:00+00:00,0.004395,0.004414,0.004395,0.0044,1394519.0
2026-08-16 20:00:00+00:00,0.004399,0.004407,0.004383,0.004386,3654503.9
2026-08-16 21:00:00+00:00,0.004383,0.004398,0.004343,0.004385,5469565.9
2026-08-16 22:00:00+00:00,0.004384,0.004406,0.004376,0.004402,3220906.9
2026-08-16 23:00:00+00:00,0.004402,0.004417,0.004394,0.004405,3622715.5
2026-08-17 00:00:00+00:00,0.004406,0.004422,0.004395,0.004418,2875039.7
2026-08-17 01:00:00+00:00,0.004423,0.004444,0.004417,0.004439,3143660.9
2026-08-17 02:00:00+00:00,0.004442,0.004462,0.004438,0.004458,1681831.5
2026-08-17 03:00:00+00:00,0.004454,0.004463,0.004446,0.004454,1431582.7
2026-08-17 04:00:00+00:00,0.004454,0.004459,0.004451,0.004454,720404.7
2026-08-17 05:00:00+00:00,0.004452,0.004453,0.004441,0.004443,807809.2
2026-08-17 06:00:00+00:00,0.004443,0.00446,0.004437,0.004457,1516028.2
2026-08-17 07:00:00+00:00,0.004457,0.004457,0.004428,0.004432,3019457.0
2026-08-17 08:00:00+00:00,0.004431,0.004432,0.004414,0.004418,3149977.7
2026-08-17 09:00:00+00:00,0.004419,0.004424,0.00441,0.004412,1232516.1
2026-08-17 10:00:00+00:00,0.00441,0.004428,0.004404,0.004424,1360636.8
2026-08-17 11:00:00+00:00,0.004425,0.004426,0.004413,0.004413,879514.5
2026-08-17 12:00:00+00:00,0.004412,0.004426,0.004402,0.004425,2781000.6
2026-08-17 13:00:00+00:00,0.004422,0.004429,0.004412,0.004416,1995588.9
2026-08-17 14:00:00+00:00,0.004416,0.004422,0.004407,0.00442,2503363.1
2026-08-17 15:00:00+00:00,0.004418,0.004472,0.004416,0.004443,7818065.2
2026-08-17 16:00:00+00:00,0.004447,0.004459,0.004434,0.004434,1811568.8
2026-08-17 17:00:00+00:00,0.004434,0.004449,0.004432,0.004441,1612907.2
2026-08-17 18:00:00+00:00,0.004441,0.004462,0.00444,0.004459,2384834.4
2026-08-17 19:00:00+00:00,0.004455,0.004464,0.004443,0.004448,3814968.3
2026-08-17 20:00:00+00:00,0.004449,0.004451,0.004435,0.00444,1998660.4
2026-08-17 21:00:00+00:00,0.00444,0.004455,0.004438,0.004447,1430945.2
2026-08-17 22:00:00+00:00,0.004451,0.004455,0.004435,0.004435,4052501.8
2026-08-17 23:00:00+00:00,0.004438,0.00445,0.004437,0.004443,3910281.5
2026-08-18 00:00:00+00:00,0.004445,0.004455,0.004431,0.004444,4658639.3
2026-08-18 01:00:00+00:00,0.004441,0.004446,0.004428,0.004433,1124836.2
2026-08-18 02:00:00+00:00,0.004433,0.004439,0.004371,0.004377,4838562.1
2026-08-18 03:00:00+00:00,0.004377,0.00439,0.004365,0.004387,5188094.4
2026-08-18 04:00:00+00:00,0.004387,0.004407,0.00438,0.004407,1682311.1
2026-08-18 05:00:00+00:00,0.0044,0.004404,0.004389,0.004402,1416880.1
2026-08-18 06:00:00+00:00,0.004397,0.00442,0.004394,0.004413,4225218.0
2026-08-18 07:00:00+00:00,0.004413,0.004421,0.004402,0.004403,1807010.1
2026-08-18 08:00:00+00:00,0.004403,0.004413,0.004393,0.004403,2451625.7
2026-08-18 09:00:00+00:00,0.004403,0.004414,0.004391,0.004405,3599104.8
2026-08-18 10:00:00+00:00,0.004407,0.004414,0.004399,0.004403,1623424.8
2026-08-18 11:00:00+00:00,0.004404,0.004413,0.0044,0.004402,971326.6
2026-08-18 12:00:00+00:00,0.0044,0.004407,0.004395,0.004406,3067801.7
2026-08-18 13:00:00+00:00,0.004402,0.004404,0.004391,0.004394,3921380.1
2026-08-18 14:00:00+00:00,0.004398,0.004433,0.004396,0.004423,3865308.8
2026-08-18 15:00:00+00:00,0.004425,0.004535,0.004416,0.004425,7436848.5
2026-08-18 16:00:00+00:00,0.004425,0.004453,0.004424,0.00443,2980233.4
2026-08-18 17:00:00+00:00,0.004429,0.004456,0.004426,0.004439,3671047.4
2026-08-18 18:00:00+00:00,0.004439,0.004444,0.004432,0.004437,1686159.7
2026-08-18 19:00:00+00:00,0.004436,0.004437,0.004424,0.004425,2117155.7
2026-08-18 20:00:00+00:00,0.004425,0.004428,0.004411,0.004412,2388796.8
2026-08-18 21:00:00+00:00,0.004413,0.004432,0.004405,0.004428,2393120.4
2026-08-18 22:00:00+00:00,0.004432,0.004443,0.004416,0.004421,6278887.8
2026-08-18 23:00:00+00:00,0.004422,0.004436,0.004418,0.00443,3055806.8
2026-08-19 00:00:00+00:00,0.004429,0.004429,0.004413,0.004418,3123195.7
2026-08-19 01:00:00+00:00,0.004416,0.00443,0.004416,0.004428,1698499.7
2026-08-19 02:00:00+00:00,0.004426,0.004426,0.004412,0.004419,1148014.7
2026-08-19 03:00:00+00:00,0.00442,0.004445,0.004419,0.004426,3309121.6
2026-08-19 04:00:00+00:00,0.004429,0.004429,0.004412,0.004413,1010626.6
2026-08-19 05:00:00+00:00,0.004412,0.004426,0.004397,0.004399,7448751.6
2026-08-19 06:00:00+00:00,0.004403,0.004409,0.004369,0.004407,33635828.4
2026-08-19 07:00:00+00:00,0.004406,0.004409,0.004398,0.004398,1618664.2
2026-08-19 08:00:00+00:00,0.004398,0.004418,0.004394,0.004411,1660397.4
2026-08-19 09:00:00+00:00,0.004412,0.004419,0.004408,0.004409,1973000.7
2026-08-19 10:00:00+00:00,0.004409,0.004428,0.004403,0.004427,2164737.1
2026-08-19 11:00:00+00:00,0.004427,0.004457,0.004427,0.004444,2573239.9
2026-08-19 12:00:00+00:00,0.004444,0.004465,0.004444,0.004455,2843872.1
2026-08-19 13:00:00+00:00,0.004457,0.004487,0.004446,0.004481,5527070.4
2026-08-19 14:00:00+00:00,0.004485,0.004632,0.004485,0.004602,16292448.3
2026-08-19 15:00:00+00:00,0.004604,0.004787,0.004587,0.00468,34633303.7
2026-08-19 16:00:00+00:00,0.004683,0.004763,0.00468,0.004717,11032361.4
2026-08-19 17:00:00+00:00,0.004718,0.004725,0.00467,0.004688,3492397.8
2026-08-19 18:00:00+00:00,0.004687,0.004707,0.00466,0.004684,5476397.5
2026-08-19 19:00:00+00:00,0.004681,0.004721,0.004681,0.00471,10014805.5
2026-08-19 20:00:00+00:00,0.004712,0.004845,0.004699,0.004794,12306411.3
2026-08-19 21:00:00+00:00,0.004796,0.0049,0.004793,0.004832,18959299.7
2026-08-19 22:00:00+00:00,0.004839,0.004895,0.004807,0.004844,7298237.9
2026-08-19 23:00:00+00:00,0.004843,0.004852,0.004825,0.004839,4498283.6
2026-08-20 00:00:00+00:00,0.004842,0.0049,0.004842,0.004852,8556134.4
2026-08-20 01:00:00+00:00,0.004853,0.00491,0.004836,0.00491,3910838.6
2026-08-20 02:00:00+00:00,0.004909,0.004945,0.004885,0.004911,9327689.3
2026-08-20 03:00:00+00:00,0.004912,0.004913,0.004863,0.00488,7579956.2
2026-08-20 04:00:00+00:00,0.00488,0.004898,0.00483,0.004864,18862474.8
2026-08-20 05:00:00+00:00,0.004865,0.004871,0.00485,0.004854,3913751.0
2026-08-20 06:00:00+00:00,0.004852,0.004871,0.004842,0.004856,6455554.9
2026-08-20 07:00:00+00:00,0.004856,0.004858,0.004817,0.004836,6847476.3
2026-08-20 08:00:00+00:00,0.004836,0.004968,0.004835,0.004957,13410044.2
2026-08-20 09:00:00+00:00,0.004958,0.004978,0.004932,0.00494,8919493.7
2026-08-20 10:00:00+00:00,0.004942,0.004977,0.00494,0.004966,8200324.6
2026-08-20 11:00:00+00:00,0.004965,0.005019,0.004961,0.005005,15826158.8
2026-08-20 12:00:00+00:00,0.005007,0.005022,0.004965,0.005018,8807522.7
2026-08-20 13:00:00+00:00,0.00502,0.00507,0.004957,0.005061,17168800.6
2026-08-20 14:00:00+00:00,0.005061,0.005113,0.005042,0.005075,16099964.7
2026-08-20 15:00:00+00:00,0.005075,0.005119,0.005059,0.005107,6918512.2
2026-08-20 16:00:00+00:00,0.005108,0.005174,0.005102,0.005174,11127034.8
2026-08-20 17:00:00+00:00,0.005176,0.005242,0.005164,0.005235,12822654.5
2026-08-20 18:00:00+00:00,0.005236,0.005239,0.005103,0.005127,12162717.6
2026-08-20 19:00:00+00:00,0.005122,0.005147,0.005105,0.005111,4720140.9
2026-08-20 20:00:00+00:00,0.005115,0.005131,0.005108,0.005119,6879453.0
2026-08-20 21:00:00+00:00,0.005124,0.005142,0.005113,0.005119,2469665.0
2026-08-20 22:00:00+00:00,0.005123,0.005365,0.005094,0.005131,105545792.6
2026-08-20 23:00:00+00:00,0.00513,0.005173,0.005125,0.00517,5815897.0
2026-08-21 00:00:00+00:00,0.00517,0.005226,0.00517,0.005206,15317917.5
2026-08-21 01:00:00+00:00,0.005205,0.005238,0.005186,0.005223,10869267.8
2026-08-21 02:00:00+00:00,0.005222,0.005254,0.0052,0.00524,7817881.9
2026-08-21 03:00:00+00:00,0.005242,0.005282,0.005223,0.005223,10614516.6
2026-08-21 04:00:00+00:00,0.005224,0.005241,0.005214,0.005229,3579330.8
2026-08-21 05:00:00+00:00,0.005228,0.005255,0.005207,0.005254,4979762.1
2026-08-21 06:00:00+00:00,0.005253,0.005274,0.005236,0.005256,5042520.5
2026-08-21 07:00:00+00:00,0.005255,0.00536,0.005239,0.005353,17054994.0
2026-08-21 08:00:00+00:00,0.005355,0.005509,0.00535,0.005499,28667470.4
2026-08-21 09:00:00+00:00,0.0055,0.00551,0.00536,0.005421,20891335.7
2026-08-21 10:00:00+00:00,0.005422,0.005425,0.005365,0.005411,12808259.0
2026-08-21 11:00:00+00:00,0.005413,0.005421,0.005364,0.005377,14012536.3
2026-08-21 12:00:00+00:00,0.005377,0.005478,0.005372,0.00546,9331815.7
2026-08-21 13:00:00+00:00,0.00546,0.00551,0.005373,0.005458,14632319.4
2026-08-21 14:00:00+00:00,0.005458,0.005481,0.005425,0.005447,11764847.3
2026-08-21 15:00:00+00:00,0.005446,0.005475,0.005443,0.005452,7776146.6
2026-08-21 16:00:00+00:00,0.005453,0.0055,0.005428,0.005471,9989674.8
2026-08-21 17:00:00+00:00,0.005471,0.005517,0.005451,0.005507,14505401.7
2026-08-21 18:00:00+00:00,0.005506,0.005528,0.005425,0.005457,10249404.6
2026-08-21 19:00:00+00:00,0.005456,0.005492,0.005409,0.005459,4065453.2
2026-08-21 20:00:00+00:00,0.005457,0.005578,0.005446,0.005578,7514353.2
2026-08-21 21:00:00+00:00,0.005578,0.005675,0.005578,0.005653,10175978.4
2026-08-21 22:00:00+00:00,0.005654,0.00574,0.005642,0.005703,19753502.4
2026-08-21 23:00:00+00:00,0.005703,0.00578,0.005683,0.005717,20099346.0
2026-08-22 00:00:00+00:00,0.005718,0.005878,0.005672,0.005871,25773020.8
2026-08-22 01:00:00+00:00,0.005868,0.005954,0.005851,0.005879,24769509.1
2026-08-22 02:00:00+00:00,0.00588,0.00603,0.00588,0.006016,16091642.1
2026-08-22 03:00:00+00:00,0.006016,0.006068,0.005992,0.006023,18188484.0
2026-08-22 04:00:00+00:00,0.006022,0.006175,0.006018,0.006159,15303502.4
2026-08-22 05:00:00+00:00,0.006159,0.00618,0.005467,0.005961,53718872.1
2026-08-22 06:00:00+00:00,0.005962,0.005983,0.00586,0.005946,15955656.1
2026-08-22 07:00:00+00:00,0.005945,0.006,0.005891,0.005894,10970784.7
2026-08-22 08:00:00+00:00,0.005894,0.0059,0.005742,0.005764,16463237.8
2026-08-22 09:00:00+00:00,0.005765,0.00578,0.005686,0.005704,9625504.4
2026-08-22 10:00:00+00:00,0.005705,0.005705,0.00555,0.005611,14287714.5
2026-08-22 11:00:00+00:00,0.005613,0.005633,0.005565,0.005586,17529617.9
2026-08-22 12:00:00+00:00,0.005587,0.00572,0.005578,0.00564,16429645.7
2026-08-22 13:00:00+00:00,0.00564,0.005688,0.005619,0.005648,10458146.1
2026-08-22 14:00:00+00:00,0.005647,0.005662,0.005591,0.005614,9654508.7
2026-08-22 15:00:00+00:00,0.005617,0.005622,0.00556,0.005592,16898965.8
2026-08-22 16:00:00+00:00,0.005591,0.005681,0.005571,0.005668,5240690.2
2026-08-22 17:00:00+00:00,0.005668,0.00579,0.005664,0.005781,14442261.0
2026-08-22 18:00:00+00:00,0.005782,0.005838,0.005749,0.005779,20227699.1
2026-08-22 19:00:00+00:00,0.00578,0.005797,0.005743,0.005745,8471110.5
2026-08-22 20:00:00+00:00,0.005745,0.00577,0.005721,0.005729,2795335.5
2026-08-22 21:00:00+00:00,0.005726,0.005726,0.005595,0.0056,12175580.2
2026-08-22 22:00:00+00:00,0.0056,0.005678,0.005562,0.005675,4560425.7
2026-08-22 23:00:00+00:00,0.005675,0.005697,0.005656,0.005658,4956816.0
2026-08-23 00:00:00+00:00,0.005657,0.005752,0.005633,0.005713,6897823.4
2026-08-23 01:00:00+00:00,0.005714,0.00579,0.005619,0.005621,12907462.9
2026-08-23 02:00:00+00:00,0.00562,0.00562,0.005531,0.005568,9038975.0
2026-08-23 03:00:00+00:00,0.005567,0.005574,0.005448,0.005479,7786020.2
2026-08-23 04:00:00+00:00,0.005478,0.005489,0.005392,0.005398,8287643.9
2026-08-23 05:00:00+00:00,0.005399,0.005451,0.005355,0.005387,5757041.5
2026-08-23 06:00:00+00:00,0.005386,0.005428,0.005357,0.005397,8477126.3
2026-08-23 07:00:00+00:00,0.005398,0.00544,0.005394,0.005434,4207782.5
2026-08-23 08:00:00+00:00,0.005434,0.005488,0.005429,0.005487,3876259.2
2026-08-23 09:00:00+00:00,0.005486,0.005543,0.005484,0.005542,4610900.3
2026-08-23 10:00:00+00:00,0.005541,0.005668,0.005537,0.005653,8155934.3
2026-08-23 11:00:00+00:00,0.005654,0.005706,0.005645,0.005693,15883152.5
2026-08-23 12:00:00+00:00,0.005693,0.005814,0.005655,0.005775,12137265.6
2026-08-23 13:00:00+00:00,0.005776,0.005858,0.005772,0.005834,14107523.1
2026-08-23 14:00:00+00:00,0.005837,0.005859,0.005663,0.005764,17321614.5
2026-08-23 15:00:00+00:00,0.005764,0.005806,0.005712,0.005769,10654955.5
2026-08-23 16:00:00+00:00,0.00577,0.005804,0.005708,0.005747,13156176.4
2026-08-23 17:00:00+00:00,0.005747,0.005759,0.005716,0.005747,2408350.1
2026-08-23 18:00:00+00:00,0.005744,0.005772,0.005737,0.005762,11856843.7
2026-08-23 19:00:00+00:00,0.005763,0.005772,0.005724,0.005733,5106563.7
2026-08-23 20:00:00+00:00,0.005732,0.005732,0.005702,0.005726,3918727.0
2026-08-23 21:00:00+00:00,0.005727,0.005869,0.005726,0.005803,19262332.1
2026-08-23 22:00:00+00:00,0.005804,0.005825,0.005761,0.005763,6577770.7
2026-08-23 23:00:00+00:00,0.005762,0.005785,0.005736,0.005773,2882131.9
2026-08-24 00:00:00+00:00,0.005774,0.005777,0.005631,0.005717,9706777.2
2026-08-24 01:00:00+00:00,0.005718,0.00572,0.005591,0.005594,6115500.6
2026-08-24 02:00:00+00:00,0.005595,0.005679,0.005551,0.005648,16891599.9
2026-08-24 03:00:00+00:00,0.005645,0.005652,0.005604,0.005607,3357831.2
2026-08-24 04:00:00+00:00,0.005608,0.005699,0.005608,0.005663,3762551.3
2026-08-24 05:00:00+00:00,0.005662,0.005713,0.005647,0.005682,3866609.4
2026-08-24 06:00:00+00:00,0.005681,0.005714,0.005643,0.005675,8424678.2
2026-08-24 07:00:00+00:00,0.005674,0.005763,0.005606,0.005638,22374727.4
2026-08-24 08:00:00+00:00,0.005639,0.005642,0.005573,0.005593,8018024.4
2026-08-24 09:00:00+00:00,0.005592,0.005661,0.005587,0.005648,3984956.1
2026-08-24 10:00:00+00:00,0.005648,0.005694,0.005644,0.005679,3711998.7
2026-08-24 11:00:00+00:00,0.005678,0.005774,0.005644,0.005745,7195708.6
2026-08-24 12:00:00+00:00,0.005746,0.005749,0.005672,0.005731,12952969.9
2026-08-24 13:00:00+00:00,0.00573,0.005736,0.005564,0.005624,22475890.0
2026-08-24 14:00:00+00:00,0.005618,0.00569,0.005617,0.005657,11904384.3
2026-08-24 15:00:00+00:00,0.005657,0.005732,0.005617,0.005639,15940750.6
2026-08-24 16:00:00+00:00,0.00564,0.005706,0.00564,0.005656,5680408.0
2026-08-24 17:00:00+00:00,0.005657,0.005661,0.005561,0.00562,6248761.7
2026-08-24 18:00:00+00:00,0.005622,0.005649,0.005599,0.005607,3115510.6
2026-08-24 19:00:00+00:00,0.005608,0.005627,0.005571,0.005605,2558997.7
2026-08-24 20:00:00+00:00,0.005606,0.005638,0.005571,0.005635,1523318.1
2026-08-24 21:00:00+00:00,0.005636,0.005677,0.005636,0.005671,1480136.2
2026-08-24 22:00:00+00:00,0.005672,0.005675,0.005591,0.005594,4472013.3
2026-08-24 23:00:00+00:00,0.005593,0.005667,0.005564,0.005662,6853928.1
2026-08-25 00:00:00+00:00,0.005664,0.00575,0.005651,0.005742,11450556.5
2026-08-25 01:00:00+00:00,0.005741,0.005749,0.005679,0.005723,9615866.1
2026-08-25 02:00:00+00:00,0.005723,0.005844,0.005696,0.005779,11153962.4
2026-08-25 03:00:00+00:00,0.00578,0.005838,0.005774,0.005815,7844393.2
2026-08-25 04:00:00+00:00,0.005814,0.005887,0.005799,0.005881,13202047.1
2026-08-25 05:00:00+00:00,0.005882,0.005989,0.005882,0.00595,29103156.4
2026-08-25 06:00:00+00:00,0.00595,0.005958,0.005799,0.005809,8742897.7
2026-08-25 07:00:00+00:00,0.005809,0.005943,0.005708,0.005774,17580960.0
2026-08-25 08:00:00+00:00,0.005774,0.005831,0.00576,0.005773,8676790.9
2026-08-25 09:00:00+00:00,0.005774,0.005805,0.005715,0.005742,5114810.0
2026-08-25 10:00:00+00:00,0.005741,0.005778,0.005732,0.005759,4264621.3
2026-08-25 11:00:00+00:00,0.005758,0.005784,0.005741,0.005764,4061946.0
2026-08-25 12:00:00+00:00,0.005765,0.005836,0.005725,0.00581,10389552.5
2026-08-25 13:00:00+00:00,0.00581,0.005825,0.005695,0.005751,13843162.7
2026-08-25 14:00:00+00:00,0.005753,0.00584,0.005742,0.005808,6726160.1
2026-08-25 15:00:00+00:00,0.005809,0.005817,0.005754,0.005816,5527877.6
2026-08-25 16:00:00+00:00,0.005815,0.005835,0.00579,0.005807,8411701.6
2026-08-25 17:00:00+00:00,0.005808,0.005856,0.005754,0.005818,8226535.6
2026-08-25 18:00:00+00:00,0.005818,0.005875,0.005799,0.005846,9233868.5
2026-08-25 19:00:00+00:00,0.005847,0.005902,0.005747,0.005754,11853534.2
2026-08-25 20:00:00+00:00,0.005753,0.00577,0.00566,0.005669,11132090.0
2026-08-25 21:00:00+00:00,0.00567,0.0057,0.005611,0.005689,8462710.4
2026-08-25 22:00:00+00:00,0.005692,0.005751,0.005678,0.005737,6685406.0
2026-08-25 23:00:00+00:00,0.005734,0.005737,0.005668,0.005691,5098146.8
2026-08-26 00:00:00+00:00,0.005691,0.005761,0.005675,0.005756,7176054.8
2026-08-26 01:00:00+00:00,0.005754,0.005768,0.005745,0.005756,3048588.0
2026-08-26 02:00:00+00:00,0.005757,0.005808,0.005741,0.0058,5949407.5
2026-08-26 03:00:00+00:00,0.005802,0.005812,0.005734,0.005734,7570738.4
2026-08-26 04:00:00+00:00,0.005734,0.005744,0.00571,0.005713,3193989.2
2026-08-26 05:00:00+00:00,0.005713,0.005804,0.005685,0.005788,27028885.1
2026-08-26 06:00:00+00:00,0.005788,0.005799,0.005669,0.005675,39044914.5
2026-08-26 07:00:00+00:00,0.005674,0.005715,0.005659,0.00567,4039947.5
2026-08-26 08:00:00+00:00,0.00567,0.0057,0.005664,0.005675,1714779.6
2026-08-26 09:00:00+00:00,0.005672,0.005742,0.005598,0.005612,8001044.0
2026-08-26 10:00:00+00:00,0.005612,0.005671,0.005598,0.005663,3171304.4
2026-08-26 11:00:00+00:00,0.005662,0.005671,0.005615,0.005653,2385554.8
2026-08-26 12:00:00+00:00,0.005642,0.005701,0.005626,0.005672,10511730.6
2026-08-26 13:00:00+00:00,0.005675,0.005686,0.005601,0.005624,4156655.7
2026-08-26 14:00:00+00:00,0.005624,0.005676,0.005566,0.005585,9591526.5
2026-08-26 15:00:00+00:00,0.005587,0.005654,0.005533,0.005636,10876200.8
2026-08-26 16:00:00+00:00,0.005637,0.005856,0.005633,0.005831,20386932.1
2026-08-26 17:00:00+00:00,0.005821,0.005935,0.00577,0.005894,23157328.8
2026-08-26 18:00:00+00:00,0.005893,0.005938,0.005805,0.005815,10150717.5
2026-08-26 19:00:00+00:00,0.005821,0.00583,0.005791,0.005818,2617865.3
2026-08-26 20:00:00+00:00,0.005819,0.005881,0.005754,0.005881,12856712.6
2026-08-26 21:00:00+00:00,0.005885,0.006207,0.005866,0.006141,43404020.0
2026-08-26 22:00:00+00:00,0.006139,0.006494,0.006136,0.006353,115663820.0
2026-08-26 23:00:00+00:00,0.00635,0.006759,0.006327,0.006712,107580208.1
2026-08-27 00:00:00+00:00,0.006717,0.00687,0.006464,0.006504,122065406.0
2026-08-27 01:00:00+00:00,0.006505,0.00666,0.006456,0.006646,48392105.3
2026-08-27 02:00:00+00:00,0.006652,0.006673,0.006398,0.006433,41992146.0
2026-08-27 03:00:00+00:00,0.006437,0.006808,0.006367,0.006437,62794799.0
2026-08-27 04:00:00+00:00,0.006446,0.006695,0.006427,0.006598,57046896.0
2026-08-27 05:00:00+00:00,0.006598,0.0066,0.00648,0.006555,32781274.9
2026-08-27 06:00:00+00:00,0.006558,0.006646,0.006511,0.006609,27485429.3
2026-08-27 07:00:00+00:00,0.006605,0.006824,0.006605,0.0068,77823279.0
2026-08-27 08:00:00+00:00,0.006803,0.006956,0.006759,0.006837,77780012.5
2026-08-27 09:00:00+00:00,0.006837,0.006868,0.006717,0.006836,46277588.5
2026-08-27 10:00:00+00:00,0.006832,0.006884,0.006691,0.006731,37872231.4
2026-08-27 11:00:00+00:00,0.00673,0.007056,0.006715,0.006961,72658061.8
2026-08-27 12:00:00+00:00,0.00696,0.00746,0.006951,0.007238,213276755.3
2026-08-27 13:00:00+00:00,0.007235,0.007322,0.00702,0.007079,154611159.2
2026-08-27 14:00:00+00:00,0.007079,0.007245,0.006966,0.007203,89611579.7
2026-08-27 15:00:00+00:00,0.007205,0.007285,0.007078,0.007259,65904090.7
2026-08-27 16:00:00+00:00,0.007262,0.007504,0.007228,0.007455,146379392.2
2026-08-27 17:00:00+00:00,0.007461,0.007586,0.00728,0.007357,107711747.9
2026-08-27 18:00:00+00:00,0.007357,0.007597,0.007343,0.007534,110766007.8
2026-08-27 19:00:00+00:00,0.007534,0.007628,0.006969,0.007292,143301903.7
2026-08-27 20:00:00+00:00,0.007289,0.00729,0.007053,0.007109,74589908.0
2026-08-27 21:00:00+00:00,0.007111,0.007141,0.006952,0.007096,41902485.7
2026-08-27 22:00:00+00:00,0.007088,0.007166,0.007084,0.007097,19138716.9
2026-08-27 23:00:00+00:00,0.007092,0.007164,0.007069,0.007139,11925776.9
2026-08-28 00:00:00+00:00,0.007139,0.007342,0.007138,0.007221,49454051.1
2026-08-28 01:00:00+00:00,0.007221,0.007382,0.007218,0.007331,40348057.7
2026-08-28 02:00:00+00:00,0.007331,0.007451,0.007177,0.007252,42488619.4
2026-08-28 03:00:00+00:00,0.007254,0.007318,0.007116,0.007207,47900954.0
2026-08-28 04:00:00+00:00,0.007207,0.00725,0.006929,0.007037,38558142.0
2026-08-28 05:00:00+00:00,0.007036,0.007039,0.006941,0.006957,16206102.6
2026-08-28 06:00:00+00:00,0.006952,0.006974,0.006817,0.006891,27179991.4
2026-08-28 07:00:00+00:00,0.006894,0.007002,0.006862,0.006958,20932541.8
2026-08-28 08:00:00+00:00,0.006956,0.006965,0.006807,0.006848,28045825.4
2026-08-28 09:00:00+00:00,0.006847,0.006904,0.006738,0.006757,17997733.8
2026-08-28 10:00:00+00:00,0.006757,0.006813,0.006724,0.006806,25072986.8
2026-08-28 11:00:00+00:00,0.006808,0.00698,0.006804,0.006923,21772583.4
2026-08-28 12:00:00+00:00,0.006919,0.007006,0.006884,0.007004,14510765.6
2026-08-28 13:00:00+00:00,0.006998,0.007038,0.006921,0.007008,26386545.9
2026-08-28 14:00:00+00:00,0.007004,0.007089,0.006837,0.006972,35367692.1
2026-08-28 15:00:00+00:00,0.006984,0.007003,0.006791,0.0068,21721536.2
2026-08-28 16:00:00+00:00,0.006796,0.006823,0.006563,0.006635,52818148.8
2026-08-28 17:00:00+00:00,0.006635,0.006703,0.006617,0.006675,11746328.9
2026-08-28 18:00:00+00:00,0.006677,0.006684,0.006575,0.006614,13856828.2
2026-08-28 19:00:00+00:00,0.006614,0.006744,0.006614,0.00674,14177267.1
2026-08-28 20:00:00+00:00,0.006741,0.006756,0.006696,0.006708,13587264.3
2026-08-28 21:00:00+00:00,0.006709,0.006721,0.006637,0.006649,7134827.7
2026-08-28 22:00:00+00:00,0.00665,0.006745,0.006647,0.006744,10266402.7
2026-08-28 23:00:00+00:00,0.006743,0.006942,0.006728,0.006914,40778888.4
2026-08-29 00:00:00+00:00,0.006914,0.00694,0.006852,0.006871,21403721.6
2026-08-29 01:00:00+00:00,0.006873,0.00688,0.006754,0.006773,8566349.8
2026-08-29 02:00:00+00:00,0.006771,0.006815,0.006748,0.006798,7302417.0
2026-08-29 03:00:00+00:00,0.006795,0.006795,0.006735,0.006739,3293687.0
2026-08-29 04:00:00+00:00,0.006738,0.006759,0.006695,0.006721,3275320.2
2026-08-29 05:00:00+00:00,0.006721,0.006747,0.006712,0.006735,1555899.8
2026-08-29 06:00:00+00:00,0.006736,0.006742,0.006573,0.006628,14269633.9
2026-08-29 07:00:00+00:00,0.00662,0.006747,0.006618,0.006703,8449817.9
2026-08-29 08:00:00+00:00,0.0067,0.006744,0.006675,0.006684,6304509.1
2026-08-29 09:00:00+00:00,0.006686,0.00672,0.006673,0.006686,4051958.1
2026-08-29 10:00:00+00:00,0.006685,0.006769,0.006644,0.006667,7427140.5
2026-08-29 11:00:00+00:00,0.00666,0.006671,0.00663,0.006651,3290275.5
2026-08-29 12:00:00+00:00,0.006647,0.006714,0.006612,0.006703,10417938.5
2026-08-29 13:00:00+00:00,0.006703,0.006763,0.006703,0.006725,8789418.5
2026-08-29 14:00:00+00:00,0.006729,0.006858,0.006729,0.006795,8461171.7
2026-08-29 15:00:00+00:00,0.006792,0.006839,0.006647,0.006675,15282423.6
2026-08-29 16:00:00+00:00,0.006675,0.00678,0.006675,0.006736,10076285.6
2026-08-29 17:00:00+00:00,0.006733,0.006738,0.006662,0.006673,6125936.7
2026-08-29 18:00:00+00:00,0.006678,0.006726,0.006658,0.006711,5028899.9
2026-08-29 19:00:00+00:00,0.006711,0.006758,0.006706,0.006749,8311008.7
2026-08-29 20:00:00+00:00,0.006749,0.006757,0.006698,0.006716,8506047.1
2026-08-29 21:00:00+00:00,0.006717,0.006741,0.006696,0.006709,6535040.3
2026-08-29 22:00:00+00:00,0.006711,0.006844,0.006706,0.006832,7731094.2
2026-08-29 23:00:00+00:00,0.00683,0.007087,0.00683,0.007083,30380747.1
2026-08-30 00:00:00+00:00,0.007082,0.007178,0.006992,0.006994,28003971.6
2026-08-30 01:00:00+00:00,0.006999,0.007069,0.006968,0.007011,13920499.4
2026-08-30 02:00:00+00:00,0.007013,0.007032,0.006993,0.007002,3449700.7
2026-08-30 03:00:00+00:00,0.007007,0.007061,0.006948,0.00705,10192302.3
2026-08-30 04:00:00+00:00,0.00705,0.00727,0.007001,0.007245,30459571.9
2026-08-30 05:00:00+00:00,0.007248,0.007421,0.007211,0.007337,45754903.2
2026-08-30 06:00:00+00:00,0.007329,0.00735,0.007235,0.007252,23361472.5
2026-08-30 07:00:00+00:00,0.007253,0.007255,0.00707,0.007084,24091965.7
2026-08-30 08:00:00+00:00,0.007088,0.007111,0.006988,0.007059,15504315.0
2026-08-30 09:00:00+00:00,0.007051,0.007073,0.006993,0.007018,15717495.3
2026-08-30 10:00:00+00:00,0.007019,0.007077,0.00698,0.00704,13558996.9
2026-08-30 11:00:00+00:00,0.00704,0.007064,0.007,0.007019,9223907.2
2026-08-30 12:00:00+00:00,0.007021,0.007115,0.006974,0.007007,35727845.0
2026-08-30 13:00:00+00:00,0.007006,0.007037,0.006985,0.007019,7470220.4
2026-08-30 14:00:00+00:00,0.007012,0.007074,0.007012,0.007027,9410833.4
2026-08-30 15:00:00+00:00,0.007027,0.007056,0.006985,0.007025,8201536.9
2026-08-30 16:00:00+00:00,0.00702,0.007069,0.007009,0.007069,6959656.6
2026-08-30 17:00:00+00:00,0.007067,0.007161,0.00705,0.007108,30699365.9
2026-08-30 18:00:00+00:00,0.007117,0.007119,0.007,0.007044,16374067.4
2026-08-30 19:00:00+00:00,0.007051,0.007103,0.007026,0.007034,8304025.4
2026-08-30 20:00:00+00:00,0.007038,0.007048,0.006888,0.006924,19240730.9
2026-08-30 21:00:00+00:00,0.006918,0.006919,0.006844,0.006904,11991188.2
2026-08-30 22:00:00+00:00,0.006912,0.006922,0.006789,0.006835,10328850.0
2026-08-30 23:00:00+00:00,0.006835,0.00685,0.006614,0.006719,30177648.4
2026-08-31 00:00:00+00:00,0.006706,0.006906,0.006679,0.006878,17584096.4
2026-08-31 01:00:00+00:00,0.006886,0.006895,0.006802,0.006802,11019339.9
2026-08-31 02:00:00+00:00,0.006804,0.006859,0.006731,0.006798,13733487.4
2026-08-31 03:00:00+00:00,0.0068,0.00684,0.006776,0.006828,7973760.3
2026-08-31 04:00:00+00:00,0.006824,0.006824,0.006766,0.006803,5230269.1
2026-08-31 05:00:00+00:00,0.006797,0.006852,0.006793,0.006813,8538023.2
2026-08-31 06:00:00+00:00,0.006813,0.007,0.006813,0.006883,21825742.5
2026-08-31 07:00:00+00:00,0.006883,0.006947,0.006883,0.006908,4525562.0
2026-08-31 08:00:00+00:00,0.006908,0.006945,0.006877,0.006917,7845348.1
2026-08-31 09:00:00+00:00,0.006919,0.006972,0.006905,0.006918,12599124.8
2026-08-31 10:00:00+00:00,0.006921,0.006989,0.006876,0.00693,6481075.3
2026-08-31 11:00:00+00:00,0.006932,0.006938,0.006853,0.006871,4595043.7
2026-08-31 12:00:00+00:00,0.00687,0.006896,0.006734,0.006755,11895633.8
2026-08-31 13:00:00+00:00,0.00676,0.006836,0.0067,0.006717,12236926.0
2026-08-31 14:00:00+00:00,0.006717,0.006876,0.006716,0.006827,21406159.8
2026-08-31 15:00:00+00:00,0.006829,0.006831,0.006771,0.006774,6185673.8
2026-08-31 16:00:00+00:00,0.006778,0.006808,0.00671,0.006739,6452731.3
2026-08-31 17:00:00+00:00,0.006736,0.006805,0.006729,0.006768,4044146.5
2026-08-31 18:00:00+00:00,0.006769,0.0069,0.006733,0.006798,17910010.6
2026-08-31 19:00:00+00:00,0.006799,0.006835,0.006781,0.006803,6444122.7
2026-08-31 20:00:00+00:00,0.006799,0.006818,0.006771,0.006792,6770671.1
2026-08-31 21:00:00+00:00,0.006792,0.006822,0.006739,0.006787,6354439.1
2026-08-31 22:00:00+00:00,0.006791,0.006794,0.006757,0.006767,1166716.8
2026-08-31 23:00:00+00:00,0.006765,0.006765,0.006703,0.006713,7216171.0
2026-09-01 00:00:00+00:00,0.006712,0.006746,0.006695,0.006729,6104637.7
2026-09-01 01:00:00+00:00,0.006733,0.006762,0.006712,0.006734,6362311.7
2026-09-01 02:00:00+00:00,0.006736,0.006772,0.006723,0.006761,5068778.6
2026-09-01 03:00:00+00:00,0.006762,0.006798,0.006757,0.006757,4132977.8
2026-09-01 04:00:00+00:00,0.006762,0.006801,0.006755,0.006774,6436510.7
2026-09-01 05:00:00+00:00,0.006774,0.0068,0.006744,0.006792,5989951.1
2026-09-01 06:00:00+00:00,0.00679,0.006823,0.006705,0.006721,4312078.0
2026-09-01 07:00:00+00:00,0.00672,0.006767,0.00672,0.006729,7599552.4
2026-09-01 08:00:00+00:00,0.006734,0.006734,0.006636,0.006662,17867368.5
2026-09-01 09:00:00+00:00,0.006665,0.006691,0.00665,0.006679,4216656.3
2026-09-01 10:00:00+00:00,0.006681,0.006699,0.006644,0.006682,5272189.2
2026-09-01 11:00:00+00:00,0.006681,0.006696,0.00665,0.006681,3726182.4
2026-09-01 12:00:00+00:00,0.006682,0.006745,0.006636,0.006657,7945381.5
2026-09-01 13:00:00+00:00,0.006657,0.006659,0.006567,0.006648,17210420.5
2026-09-01 14:00:00+00:00,0.006654,0.006895,0.006648,0.006831,35102460.0
2026-09-01 15:00:00+00:00,0.00683,0.006838,0.006743,0.006813,13445381.5
2026-09-01 16:00:00+00:00,0.006808,0.006813,0.006729,0.006742,8398011.6
2026-09-01 17:00:00+00:00,0.006737,0.006759,0.00671,0.006719,4231998.1
2026-09-01 18:00:00+00:00,0.006725,0.006745,0.006601,0.006684,11964085.0
2026-09-01 19:00:00+00:00,0.00669,0.006733,0.006663,0.006706,6095254.3
2026-09-01 20:00:00+00:00,0.006708,0.006715,0.00666,0.006673,2449561.8
2026-09-01 21:00:00+00:00,0.006675,0.006675,0.006601,0.006639,10700323.1
2026-09-01 22:00:00+00:00,0.006641,0.006644,0.006573,0.006608,7559618.0
2026-09-01 23:00:00+00:00,0.006609,0.006648,0.006586,0.006633,2951600.5
2026-09-02 00:00:00+00:00,0.006633,0.006669,0.006602,0.006604,4838348.0
2026-09-02 01:00:00+00:00,0.006602,0.006624,0.006491,0.006568,17219761.0
2026-09-02 02:00:00+00:00,0.006562,0.006645,0.006545,0.006638,7809211.5
2026-09-02 03:00:00+00:00,0.006638,0.006682,0.006628,0.006648,3483451.7
2026-09-02 04:00:00+00:00,0.006649,0.006651,0.006606,0.006628,2218475.8
2026-09-02 05:00:00+00:00,0.006625,0.006651,0.006608,0.006637,2892515.5
2026-09-02 06:00:00+00:00,0.006635,0.006647,0.006592,0.006617,4624850.7
2026-09-02 07:00:00+00:00,0.006617,0.006639,0.006609,0.006622,1657885.8
2026-09-02 08:00:00+00:00,0.006623,0.006632,0.00656,0.006566,2505831.2
2026-09-02 09:00:00+00:00,0.006568,0.00659,0.006526,0.006579,6105917.0
2026-09-02 10:00:00+00:00,0.006579,0.006581,0.00648,0.006547,3193451.6
2026-09-02 11:00:00+00:00,0.006541,0.006611,0.00652,0.006611,7650454.8
2026-09-02 12:00:00+00:00,0.006611,0.00674,0.006581,0.00662,15177334.5
2026-09-02 13:00:00+00:00,0.006618,0.006659,0.006578,0.006607,3409530.0
2026-09-02 14:00:00+00:00,0.006618,0.006639,0.006584,0.006585,7363636.7
2026-09-02 15:00:00+00:00,0.00658,0.006594,0.00653,0.00657,2633931.3
2026-09-02 16:00:00+00:00,0.006583,0.006585,0.006533,0.006538,6733245.4
2026-09-02 17:00:00+00:00,0.006539,0.00656,0.006512,0.006554,4480846.5
2026-09-02 18:00:00+00:00,0.006551,0.006593,0.006548,0.006577,4351621.0
2026-09-02 19:00:00+00:00,0.006575,0.006583,0.006491,0.00651,7022215.8
2026-09-02 20:00:00+00:00,0.00651,0.006566,0.006497,0.006535,7847026.4
2026-09-02 21:00:00+00:00,0.006538,0.006549,0.006514,0.006523,2406279.0
2026-09-02 22:00:00+00:00,0.00652,0.006531,0.006494,0.006507,1334790.6
2026-09-02 23:00:00+00:00,0.006505,0.006533,0.006481,0.006518,4859120.0
2026-09-03 00:00:00+00:00,0.006517,0.006536,0.006487,0.006492,4654722.8
2026-09-03 01:00:00+00:00,0.006489,0.00655,0.00644,0.006488,7291749.3
2026-09-03 02:00:00+00:00,0.006487,0.006583,0.006487,0.006568,2551041.1
2026-09-03 03:00:00+00:00,0.006567,0.006579,0.006506,0.006572,4517948.1
2026-09-03 04:00:00+00:00,0.006571,0.006613,0.006556,0.0066,3452400.8
2026-09-03 05:00:00+00:00,0.006609,0.006618,0.006528,0.006598,3696245.4
2026-09-03 06:00:00+00:00,0.006601,0.006606,0.006575,0.006593,1748459.2
2026-09-03 07:00:00+00:00,0.006591,0.006635,0.006574,0.006601,12490273.1
2026-09-03 08:00:00+00:00,0.006597,0.006647,0.006595,0.006642,7330024.9
2026-09-03 09:00:00+00:00,0.006641,0.006654,0.006578,0.00658,6368836.2
2026-09-03 10:00:00+00:00,0.006579,0.006612,0.006567,0.006611,9261796.8
2026-09-03 11:00:00+00:00,0.006613,0.006661,0.006598,0.006631,7226968.4
2026-09-03 12:00:00+00:00,0.006625,0.006718,0.00662,0.006709,3593602.9
2026-09-03 13:00:00+00:00,0.00671,0.00671,0.006625,0.006672,6542416.5
2026-09-03 14:00:00+00:00,0.006664,0.006783,0.006638,0.006781,14136973.2
2026-09-03 15:00:00+00:00,0.006783,0.006863,0.006744,0.006851,25319473.9
2026-09-03 16:00:00+00:00,0.006852,0.006857,0.006817,0.006839,13242435.5
2026-09-03 17:00:00+00:00,0.006837,0.00688,0.006833,0.006869,9064561.0
2026-09-03 18:00:00+00:00,0.006866,0.006888,0.006778,0.006836,16135688.7
2026-09-03 19:00:00+00:00,0.006836,0.006856,0.006773,0.006801,5601463.4
2026-09-03 20:00:00+00:00,0.006805,0.006805,0.006755,0.006768,4722081.4
2026-09-03 21:00:00+00:00,0.006768,0.0069,0.006764,0.006781,8404343.2
2026-09-03 22:00:00+00:00,0.006783,0.006797,0.006712,0.006737,6499967.4
2026-09-03 23:00:00+00:00,0.006739,0.006779,0.00673,0.006771,2716150.0
